sic,bone,mean_deg,p50_deg,p90_deg,count
31,foot_l,4.061769485473633,4.061769485473633,4.061769485473633,1
37,foot_l,3.744609832763672,3.744609832763672,3.744609832763672,1
85,calf_r,3.165381908416748,3.165381908416748,3.165381908416748,1
32,foot_l,3.161813259124756,3.161813259124756,3.161813259124756,1
27,calf_l,3.107825517654419,3.107825517654419,3.107825517654419,1
32,calf_l,2.9081125259399414,2.9081125259399414,2.9081125259399414,1
53,ball_r,2.726219654083252,2.726219654083252,2.726219654083252,1
33,foot_l,2.3418548107147217,2.3418548107147217,2.3418548107147217,1
85,foot_r,2.3115267753601074,2.3115267753601074,2.3115267753601074,1
36,foot_l,2.3085896968841553,2.3085896968841553,2.3085896968841553,1
41,foot_l,2.209651231765747,2.209651231765747,2.209651231765747,1
13,ball_l,2.174522638320923,2.174522638320923,2.174522638320923,1
18,foot_l,1.9379912614822388,1.9379912614822388,1.9379912614822388,1
32,thigh_l,1.9361494779586792,1.9361494779586792,1.9361494779586792,1
42,foot_l,1.920625925064087,1.920625925064087,1.920625925064087,1
13,foot_l,1.9110064506530762,1.9110064506530762,1.9110064506530762,1
17,foot_l,1.8231446743011475,1.8231446743011475,1.8231446743011475,1
52,ball_r,1.7975612878799438,1.7975612878799438,1.7975612878799438,1
53,foot_r,1.7828892469406128,1.7828892469406128,1.7828892469406128,1
81,calf_r,1.7826989889144897,1.7826989889144897,1.7826989889144897,1
71,calf_l,1.7670563459396362,1.7670563459396362,1.7670563459396362,1
2,calf_l,1.7142232656478882,1.7142232656478882,1.7142232656478882,1
28,calf_l,1.6884888410568237,1.6884888410568237,1.6884888410568237,1
38,foot_l,1.6730228662490845,1.6730228662490845,1.6730228662490845,1
55,foot_r,1.6683918237686157,1.6683918237686157,1.6683918237686157,1
14,foot_l,1.6598654985427856,1.6598654985427856,1.6598654985427856,1
18,calf_l,1.566101312637329,1.566101312637329,1.566101312637329,1
31,thigh_l,1.5615603923797607,1.5615603923797607,1.5615603923797607,1
37,thigh_l,1.54417884349823,1.54417884349823,1.54417884349823,1
16,calf_l,1.4230268001556396,1.4230268001556396,1.4230268001556396,1
56,foot_r,1.4008678197860718,1.4008678197860718,1.4008678197860718,1
85,upperarm_l,1.3710182905197144,1.3710182905197144,1.3710182905197144,1
36,thigh_l,1.3565144538879395,1.3565144538879395,1.3565144538879395,1
19,foot_l,1.3560643196105957,1.3560643196105957,1.3560643196105957,1
11,foot_l,1.3479458093643188,1.3479458093643188,1.3479458093643188,1
40,foot_l,1.3235341310501099,1.3235341310501099,1.3235341310501099,1
37,calf_l,1.3011986017227173,1.3011986017227173,1.3011986017227173,1
84,calf_r,1.2383506298065186,1.2383506298065186,1.2383506298065186,1
0,calf_r,1.2286062240600586,1.2286062240600586,1.2286062240600586,1
4,hand_r,1.2222083806991577,1.2222083806991577,1.2222083806991577,1
0,thigh_l,1.2193682193756104,1.2193682193756104,1.2193682193756104,1
5,foot_l,1.1983548402786255,1.1983548402786255,1.1983548402786255,1
23,calf_l,1.1931837797164917,1.1931837797164917,1.1931837797164917,1
35,foot_l,1.179447889328003,1.179447889328003,1.179447889328003,1
6,foot_l,1.167742133140564,1.167742133140564,1.167742133140564,1
84,thigh_l,1.1621240377426147,1.1621240377426147,1.1621240377426147,1
34,foot_l,1.1540871858596802,1.1540871858596802,1.1540871858596802,1
80,calf_r,1.1488640308380127,1.1488640308380127,1.1488640308380127,1
83,calf_r,1.1369802951812744,1.1369802951812744,1.1369802951812744,1
0,lowerarm_l,1.130117654800415,1.130117654800415,1.130117654800415,1
62,ball_l,1.1198830604553223,1.1198830604553223,1.1198830604553223,1
13,hand_r,1.1087849140167236,1.1087849140167236,1.1087849140167236,1
1,calf_r,1.0838996171951294,1.0838996171951294,1.0838996171951294,1
36,calf_l,1.0836880207061768,1.0836880207061768,1.0836880207061768,1
71,thigh_l,1.079140305519104,1.079140305519104,1.079140305519104,1
40,ball_l,1.0781644582748413,1.0781644582748413,1.0781644582748413,1
21,calf_l,1.077504277229309,1.077504277229309,1.077504277229309,1
31,hand_l,1.0767822265625,1.0767822265625,1.0767822265625,1
81,thigh_r,1.0733977556228638,1.0733977556228638,1.0733977556228638,1
84,upperarm_l,1.055025339126587,1.055025339126587,1.055025339126587,1
35,thigh_l,1.0501707792282104,1.0501707792282104,1.0501707792282104,1
0,foot_r,1.0484800338745117,1.0484800338745117,1.0484800338745117,1
15,calf_l,1.04294753074646,1.04294753074646,1.04294753074646,1
7,ball_l,1.039964199066162,1.039964199066162,1.039964199066162,1
14,calf_l,1.037692666053772,1.037692666053772,1.037692666053772,1
7,foot_l,1.028535008430481,1.028535008430481,1.028535008430481,1
29,foot_l,1.0181047916412354,1.0181047916412354,1.0181047916412354,1
85,foot_l,1.0170339345932007,1.0170339345932007,1.0170339345932007,1
85,thigh_l,0.9994720220565796,0.9994720220565796,0.9994720220565796,1
57,foot_r,0.997676432132721,0.997676432132721,0.997676432132721,1
84,foot_r,0.9910638928413391,0.9910638928413391,0.9910638928413391,1
17,calf_l,0.9770777821540833,0.9770777821540833,0.9770777821540833,1
49,ball_r,0.9758856892585754,0.9758856892585754,0.9758856892585754,1
38,calf_l,0.9750175476074219,0.9750175476074219,0.9750175476074219,1
6,calf_l,0.9667963981628418,0.9667963981628418,0.9667963981628418,1
27,ball_l,0.9607590436935425,0.9607590436935425,0.9607590436935425,1
10,calf_l,0.9576318264007568,0.9576318264007568,0.9576318264007568,1
1,lowerarm_l,0.9565512537956238,0.9565512537956238,0.9565512537956238,1
26,hand_r,0.9550186395645142,0.9550186395645142,0.9550186395645142,1
22,thigh_l,0.9462146162986755,0.9462146162986755,0.9462146162986755,1
16,foot_l,0.9458133578300476,0.9458133578300476,0.9458133578300476,1
0,upperarm_l,0.94084632396698,0.94084632396698,0.94084632396698,1
39,foot_l,0.9268614649772644,0.9268614649772644,0.9268614649772644,1
30,foot_l,0.9235640168190002,0.9235640168190002,0.9235640168190002,1
84,ball_l,0.917429506778717,0.917429506778717,0.917429506778717,1
26,hand_l,0.9128368496894836,0.9128368496894836,0.9128368496894836,1
30,hand_l,0.9102829098701477,0.9102829098701477,0.9102829098701477,1
6,foot_r,0.9081641435623169,0.9081641435623169,0.9081641435623169,1
11,calf_l,0.9002653956413269,0.9002653956413269,0.9002653956413269,1
26,calf_l,0.8989431858062744,0.8989431858062744,0.8989431858062744,1
25,calf_l,0.8951945304870605,0.8951945304870605,0.8951945304870605,1
24,calf_l,0.8950759172439575,0.8950759172439575,0.8950759172439575,1
5,foot_r,0.8948328495025635,0.8948328495025635,0.8948328495025635,1
59,upperarm_l,0.891081690788269,0.891081690788269,0.891081690788269,1
3,calf_l,0.8854396343231201,0.8854396343231201,0.8854396343231201,1
59,ball_l,0.8786603212356567,0.8786603212356567,0.8786603212356567,1
85,calf_l,0.8698881268501282,0.8698881268501282,0.8698881268501282,1
81,foot_r,0.8695617318153381,0.8695617318153381,0.8695617318153381,1
4,thigh_r,0.8667204976081848,0.8667204976081848,0.8667204976081848,1
13,lowerarm_l,0.8661518692970276,0.8661518692970276,0.8661518692970276,1
54,foot_r,0.8651747107505798,0.8651747107505798,0.8651747107505798,1
2,hand_r,0.8617326021194458,0.8617326021194458,0.8617326021194458,1
19,calf_l,0.8540911078453064,0.8540911078453064,0.8540911078453064,1
43,foot_l,0.8540583252906799,0.8540583252906799,0.8540583252906799,1
50,foot_r,0.8474675416946411,0.8474675416946411,0.8474675416946411,1
84,foot_l,0.8331142067909241,0.8331142067909241,0.8331142067909241,1
33,thigh_l,0.8313505053520203,0.8313505053520203,0.8313505053520203,1
31,calf_l,0.8286159634590149,0.8286159634590149,0.8286159634590149,1
12,calf_l,0.8284739851951599,0.8284739851951599,0.8284739851951599,1
72,calf_l,0.8281417489051819,0.8281417489051819,0.8281417489051819,1
30,calf_l,0.8279287815093994,0.8279287815093994,0.8279287815093994,1
1,ball_l,0.8273535370826721,0.8273535370826721,0.8273535370826721,1
2,foot_r,0.8271611332893372,0.8271611332893372,0.8271611332893372,1
3,foot_r,0.8263669610023499,0.8263669610023499,0.8263669610023499,1
68,calf_l,0.8230463862419128,0.8230463862419128,0.8230463862419128,1
7,calf_l,0.8181470632553101,0.8181470632553101,0.8181470632553101,1
80,thigh_r,0.8152965903282166,0.8152965903282166,0.8152965903282166,1
45,foot_l,0.811273455619812,0.811273455619812,0.811273455619812,1
52,foot_r,0.8109623193740845,0.8109623193740845,0.8109623193740845,1
83,foot_r,0.8096567392349243,0.8096567392349243,0.8096567392349243,1
22,hand_r,0.8088683485984802,0.8088683485984802,0.8088683485984802,1
40,thigh_l,0.8033730387687683,0.8033730387687683,0.8033730387687683,1
0,thigh_r,0.7972031235694885,0.7972031235694885,0.7972031235694885,1
5,thigh_r,0.7970280051231384,0.7970280051231384,0.7970280051231384,1
67,calf_l,0.7950518131256104,0.7950518131256104,0.7950518131256104,1
71,foot_l,0.7949098348617554,0.7949098348617554,0.7949098348617554,1
78,foot_r,0.7941515445709229,0.7941515445709229,0.7941515445709229,1
62,ball_r,0.7915369868278503,0.7915369868278503,0.7915369868278503,1
72,thigh_l,0.7888786792755127,0.7888786792755127,0.7888786792755127,1
41,thigh_l,0.7855535745620728,0.7855535745620728,0.7855535745620728,1
1,upperarm_l,0.7855352759361267,0.7855352759361267,0.7855352759361267,1
23,upperarm_l,0.7848145365715027,0.7848145365715027,0.7848145365715027,1
24,hand_r,0.7825829386711121,0.7825829386711121,0.7825829386711121,1
31,hand_r,0.7822107076644897,0.7822107076644897,0.7822107076644897,1
42,thigh_l,0.778761625289917,0.778761625289917,0.778761625289917,1
6,ball_l,0.7774037718772888,0.7774037718772888,0.7774037718772888,1
45,ball_l,0.7745674848556519,0.7745674848556519,0.7745674848556519,1
39,upperarm_r,0.7735093832015991,0.7735093832015991,0.7735093832015991,1
26,upperarm_l,0.768753707408905,0.768753707408905,0.768753707408905,1
66,lowerarm_l,0.759658932685852,0.759658932685852,0.759658932685852,1
69,calf_l,0.7592251300811768,0.7592251300811768,0.7592251300811768,1
41,ball_r,0.7561521530151367,0.7561521530151367,0.7561521530151367,1
43,thigh_l,0.7524492144584656,0.7524492144584656,0.7524492144584656,1
84,lowerarm_l,0.7512571811676025,0.7512571811676025,0.7512571811676025,1
22,foot_l,0.7505911588668823,0.7505911588668823,0.7505911588668823,1
5,lowerarm_l,0.7501429319381714,0.7501429319381714,0.7501429319381714,1
72,foot_r,0.7492844462394714,0.7492844462394714,0.7492844462394714,1
48,foot_l,0.7481861114501953,0.7481861114501953,0.7481861114501953,1
34,calf_l,0.7459260821342468,0.7459260821342468,0.7459260821342468,1
51,foot_r,0.7455337643623352,0.7455337643623352,0.7455337643623352,1
1,upperarm_r,0.7443548440933228,0.7443548440933228,0.7443548440933228,1
35,calf_l,0.7435386180877686,0.7435386180877686,0.7435386180877686,1
68,lowerarm_l,0.7422747015953064,0.7422747015953064,0.7422747015953064,1
25,lowerarm_l,0.7404590845108032,0.7404590845108032,0.7404590845108032,1
24,lowerarm_l,0.7367058396339417,0.7367058396339417,0.7367058396339417,1
33,calf_l,0.7363350987434387,0.7363350987434387,0.7363350987434387,1
85,hand_r,0.736024022102356,0.736024022102356,0.736024022102356,1
70,lowerarm_l,0.7289122343063354,0.7289122343063354,0.7289122343063354,1
57,upperarm_l,0.7279123067855835,0.7279123067855835,0.7279123067855835,1
82,thigh_r,0.7277166247367859,0.7277166247367859,0.7277166247367859,1
4,RUpArmTwist_r_01,0.7263878583908081,0.7263878583908081,0.7263878583908081,1
47,foot_l,0.7248715162277222,0.7248715162277222,0.7248715162277222,1
59,thigh_l,0.7227368950843811,0.7227368950843811,0.7227368950843811,1
23,lowerarm_l,0.7221428155899048,0.7221428155899048,0.7221428155899048,1
23,foot_l,0.7207760214805603,0.7207760214805603,0.7207760214805603,1
7,lowerarm_l,0.7200296521186829,0.7200296521186829,0.7200296521186829,1
82,calf_r,0.7197585105895996,0.7197585105895996,0.7197585105895996,1
6,thigh_l,0.7155803442001343,0.7155803442001343,0.7155803442001343,1
23,ball_l,0.713880181312561,0.713880181312561,0.713880181312561,1
20,foot_l,0.7135336399078369,0.7135336399078369,0.7135336399078369,1
25,upperarm_l,0.7111793160438538,0.7111793160438538,0.7111793160438538,1
81,upperarm_l,0.70957350730896,0.70957350730896,0.70957350730896,1
79,lowerarm_l,0.7093920707702637,0.7093920707702637,0.7093920707702637,1
74,thigh_r,0.7049957513809204,0.7049957513809204,0.7049957513809204,1
78,lowerarm_l,0.7029118537902832,0.7029118537902832,0.7029118537902832,1
47,thigh_l,0.7017208933830261,0.7017208933830261,0.7017208933830261,1
38,thigh_l,0.7008805871009827,0.7008805871009827,0.7008805871009827,1
47,foot_r,0.7008499503135681,0.7008499503135681,0.7008499503135681,1
30,hand_r,0.6999805569648743,0.6999805569648743,0.6999805569648743,1
69,lowerarm_l,0.6980142593383789,0.6980142593383789,0.6980142593383789,1
24,upperarm_l,0.6973568201065063,0.6973568201065063,0.6973568201065063,1
4,upperarm_r,0.6965351104736328,0.6965351104736328,0.6965351104736328,1
56,thigh_l,0.6957718729972839,0.6957718729972839,0.6957718729972839,1
64,thigh_r,0.6956434845924377,0.6956434845924377,0.6956434845924377,1
34,thigh_r,0.6935957074165344,0.6935957074165344,0.6935957074165344,1
58,foot_r,0.6934564709663391,0.6934564709663391,0.6934564709663391,1
22,upperarm_l,0.693353533744812,0.693353533744812,0.693353533744812,1
39,calf_l,0.6921356916427612,0.6921356916427612,0.6921356916427612,1
64,lowerarm_l,0.6894136071205139,0.6894136071205139,0.6894136071205139,1
61,ball_l,0.6886944770812988,0.6886944770812988,0.6886944770812988,1
1,foot_l,0.6860138773918152,0.6860138773918152,0.6860138773918152,1
13,thigh_r,0.6853364109992981,0.6853364109992981,0.6853364109992981,1
79,thigh_r,0.6848219633102417,0.6848219633102417,0.6848219633102417,1
63,ball_l,0.684758722782135,0.684758722782135,0.684758722782135,1
55,ball_r,0.682522714138031,0.682522714138031,0.682522714138031,1
55,lowerarm_l,0.6822935342788696,0.6822935342788696,0.6822935342788696,1
23,RUpArmTwist_l_01,0.6748669743537903,0.6748669743537903,0.6748669743537903,1
1,spine_02,0.6746858954429626,0.6746858954429626,0.6746858954429626,1
61,thigh_r,0.6744623780250549,0.6744623780250549,0.6744623780250549,1
2,thigh_l,0.6729151010513306,0.6729151010513306,0.6729151010513306,1
58,ball_l,0.6726588010787964,0.6726588010787964,0.6726588010787964,1
34,hand_r,0.6725373864173889,0.6725373864173889,0.6725373864173889,1
62,foot_l,0.6701129078865051,0.6701129078865051,0.6701129078865051,1
42,ball_l,0.6685544848442078,0.6685544848442078,0.6685544848442078,1
58,upperarm_l,0.6646035313606262,0.6646035313606262,0.6646035313606262,1
71,calf_r,0.6592270135879517,0.6592270135879517,0.6592270135879517,1
15,foot_l,0.657333493232727,0.657333493232727,0.657333493232727,1
17,lowerarm_r,0.6564710736274719,0.6564710736274719,0.6564710736274719,1
65,lowerarm_l,0.6538041830062866,0.6538041830062866,0.6538041830062866,1
10,thigh_l,0.653765082359314,0.653765082359314,0.653765082359314,1
68,foot_r,0.6536851525306702,0.6536851525306702,0.6536851525306702,1
79,foot_r,0.6513638496398926,0.6513638496398926,0.6513638496398926,1
82,lowerarm_l,0.651154637336731,0.651154637336731,0.651154637336731,1
79,calf_r,0.6504133939743042,0.6504133939743042,0.6504133939743042,1
51,thigh_l,0.6494730114936829,0.6494730114936829,0.6494730114936829,1
2,upperarm_l,0.6488162875175476,0.6488162875175476,0.6488162875175476,1
70,calf_r,0.6480311751365662,0.6480311751365662,0.6480311751365662,1
57,ball_r,0.646725058555603,0.646725058555603,0.646725058555603,1
14,upperarm_l,0.6466443538665771,0.6466443538665771,0.6466443538665771,1
39,middle_01_r,0.6455645561218262,0.6455645561218262,0.6455645561218262,1
64,foot_r,0.6437937617301941,0.6437937617301941,0.6437937617301941,1
13,upperarm_r,0.6436906456947327,0.6436906456947327,0.6436906456947327,1
22,ball_l,0.6432836055755615,0.6432836055755615,0.6432836055755615,1
67,lowerarm_l,0.6432448625564575,0.6432448625564575,0.6432448625564575,1
54,ball_r,0.639148473739624,0.639148473739624,0.639148473739624,1
33,hand_r,0.6388493180274963,0.6388493180274963,0.6388493180274963,1
61,thigh_l,0.6374015808105469,0.6374015808105469,0.6374015808105469,1
85,upperarm_r,0.6363783478736877,0.6363783478736877,0.6363783478736877,1
5,thigh_l,0.636145830154419,0.636145830154419,0.636145830154419,1
1,thigh_l,0.6350383162498474,0.6350383162498474,0.6350383162498474,1
4,foot_r,0.6326280236244202,0.6326280236244202,0.6326280236244202,1
18,hand_l,0.6305792927742004,0.6305792927742004,0.6305792927742004,1
61,lowerarm_l,0.6283622980117798,0.6283622980117798,0.6283622980117798,1
80,lowerarm_l,0.6268625259399414,0.6268625259399414,0.6268625259399414,1
80,foot_r,0.6266624331474304,0.6266624331474304,0.6266624331474304,1
27,lowerarm_r,0.6260260343551636,0.6260260343551636,0.6260260343551636,1
0,ball_r,0.6245318055152893,0.6245318055152893,0.6245318055152893,1
12,foot_l,0.6231458783149719,0.6231458783149719,0.6231458783149719,1
67,foot_r,0.6212261915206909,0.6212261915206909,0.6212261915206909,1
45,calf_l,0.6200422048568726,0.6200422048568726,0.6200422048568726,1
60,lowerarm_l,0.6193025708198547,0.6193025708198547,0.6193025708198547,1
24,RUpArmTwist_l_01,0.6118263006210327,0.6118263006210327,0.6118263006210327,1
12,ring_01_r,0.610515832901001,0.610515832901001,0.610515832901001,1
11,thigh_l,0.6101037859916687,0.6101037859916687,0.6101037859916687,1
4,lowerarm_l,0.6080379486083984,0.6080379486083984,0.6080379486083984,1
2,lowerarm_r,0.6066615581512451,0.6066615581512451,0.6066615581512451,1
66,foot_r,0.6053239107131958,0.6053239107131958,0.6053239107131958,1
63,foot_r,0.6048868298530579,0.6048868298530579,0.6048868298530579,1
36,foot_r,0.604724645614624,0.604724645614624,0.604724645614624,1
37,middle_01_r,0.6046268343925476,0.6046268343925476,0.6046268343925476,1
84,hand_r,0.6043733954429626,0.6043733954429626,0.6043733954429626,1
8,ball_l,0.6041231751441956,0.6041231751441956,0.6041231751441956,1
38,middle_01_r,0.602313756942749,0.602313756942749,0.602313756942749,1
47,upperarm_l,0.6003685593605042,0.6003685593605042,0.6003685593605042,1
7,middle_01_r,0.5996218919754028,0.5996218919754028,0.5996218919754028,1
44,ball_l,0.5985392928123474,0.5985392928123474,0.5985392928123474,1
21,hand_l,0.5967369079589844,0.5967369079589844,0.5967369079589844,1
32,ball_l,0.596329927444458,0.596329927444458,0.596329927444458,1
69,upperarm_l,0.5937833189964294,0.5937833189964294,0.5937833189964294,1
6,calf_r,0.5934126377105713,0.5934126377105713,0.5934126377105713,1
47,lowerarm_r,0.5903273224830627,0.5903273224830627,0.5903273224830627,1
82,foot_r,0.5902645587921143,0.5902645587921143,0.5902645587921143,1
26,foot_l,0.5901811122894287,0.5901811122894287,0.5901811122894287,1
0,hand_l,0.588994026184082,0.588994026184082,0.588994026184082,1
59,RUpArmTwist_l_01,0.5874963402748108,0.5874963402748108,0.5874963402748108,1
8,middle_01_r,0.5872346758842468,0.5872346758842468,0.5872346758842468,1
78,thigh_r,0.5868434309959412,0.5868434309959412,0.5868434309959412,1
19,hand_l,0.5862716436386108,0.5862716436386108,0.5862716436386108,1
77,lowerarm_l,0.5860729217529297,0.5860729217529297,0.5860729217529297,1
36,middle_01_r,0.5854535698890686,0.5854535698890686,0.5854535698890686,1
74,calf_r,0.584990382194519,0.584990382194519,0.584990382194519,1
23,middle_01_r,0.5848034620285034,0.5848034620285034,0.5848034620285034,1
70,upperarm_l,0.5837792158126831,0.5837792158126831,0.5837792158126831,1
3,lowerarm_r,0.5836765170097351,0.5836765170097351,0.5836765170097351,1
24,upperarm_r,0.5832832455635071,0.5832832455635071,0.5832832455635071,1
21,thigh_l,0.5820594429969788,0.5820594429969788,0.5820594429969788,1
24,RUpArmTwist_r_01,0.5815539956092834,0.5815539956092834,0.5815539956092834,1
21,middle_01_r,0.5815219879150391,0.5815219879150391,0.5815219879150391,1
85,thigh_r,0.5813003778457642,0.5813003778457642,0.5813003778457642,1
44,calf_l,0.5812357068061829,0.5812357068061829,0.5812357068061829,1
34,middle_01_r,0.5802929401397705,0.5802929401397705,0.5802929401397705,1
2,hand_l,0.5800766348838806,0.5800766348838806,0.5800766348838806,1
9,spine_02,0.5789127945899963,0.5789127945899963,0.5789127945899963,1
15,middle_01_r,0.5761681199073792,0.5761681199073792,0.5761681199073792,1
46,middle_01_r,0.5755537152290344,0.5755537152290344,0.5755537152290344,1
74,lowerarm_l,0.5750913619995117,0.5750913619995117,0.5750913619995117,1
59,lowerarm_l,0.5740728974342346,0.5740728974342346,0.5740728974342346,1
23,hand_r,0.5740697383880615,0.5740697383880615,0.5740697383880615,1
57,thigh_l,0.5736029148101807,0.5736029148101807,0.5736029148101807,1
77,foot_r,0.5733682513237,0.5733682513237,0.5733682513237,1
13,pinky_01_r,0.5730776190757751,0.5730776190757751,0.5730776190757751,1
22,middle_01_r,0.5721730589866638,0.5721730589866638,0.5721730589866638,1
53,thigh_r,0.5721592903137207,0.5721592903137207,0.5721592903137207,1
35,middle_01_r,0.5698538422584534,0.5698538422584534,0.5698538422584534,1
25,thigh_r,0.5695101618766785,0.5695101618766785,0.5695101618766785,1
24,RUpArmTwist_r_02,0.5686585903167725,0.5686585903167725,0.5686585903167725,1
7,hand_l,0.5679528117179871,0.5679528117179871,0.5679528117179871,1
21,ring_01_l,0.5678172707557678,0.5678172707557678,0.5678172707557678,1
20,middle_01_r,0.5675139427185059,0.5675139427185059,0.5675139427185059,1
72,foot_l,0.5669657588005066,0.5669657588005066,0.5669657588005066,1
16,middle_01_r,0.566781759262085,0.566781759262085,0.566781759262085,1
71,lowerarm_l,0.5632963180541992,0.5632963180541992,0.5632963180541992,1
5,ball_l,0.5624969005584717,0.5624969005584717,0.5624969005584717,1
56,upperarm_l,0.5618016123771667,0.5618016123771667,0.5618016123771667,1
24,middle_01_r,0.5616781115531921,0.5616781115531921,0.5616781115531921,1
26,thigh_l,0.5605378746986389,0.5605378746986389,0.5605378746986389,1
69,foot_r,0.5604987144470215,0.5604987144470215,0.5604987144470215,1
43,calf_l,0.5594397187232971,0.5594397187232971,0.5594397187232971,1
2,middle_01_r,0.5589897036552429,0.5589897036552429,0.5589897036552429,1
53,middle_01_r,0.5589251518249512,0.5589251518249512,0.5589251518249512,1
6,middle_01_r,0.5580416917800903,0.5580416917800903,0.5580416917800903,1
4,calf_l,0.5578145980834961,0.5578145980834961,0.5578145980834961,1
66,thigh_r,0.5576041340827942,0.5576041340827942,0.5576041340827942,1
56,ball_r,0.5569490194320679,0.5569490194320679,0.5569490194320679,1
79,upperarm_l,0.5550082921981812,0.5550082921981812,0.5550082921981812,1
11,ball_l,0.5542557239532471,0.5542557239532471,0.5542557239532471,1
19,middle_01_r,0.5531277060508728,0.5531277060508728,0.5531277060508728,1
3,upperarm_r,0.5525955557823181,0.5525955557823181,0.5525955557823181,1
33,middle_01_r,0.5518600344657898,0.5518600344657898,0.5518600344657898,1
38,ring_01_l,0.5513161420822144,0.5513161420822144,0.5513161420822144,1
40,ring_01_r,0.5503364205360413,0.5503364205360413,0.5503364205360413,1
54,calf_r,0.5497454404830933,0.5497454404830933,0.5497454404830933,1
28,thigh_l,0.5492518544197083,0.5492518544197083,0.5492518544197083,1
22,upperarm_r,0.5490821599960327,0.5490821599960327,0.5490821599960327,1
33,thigh_r,0.5482460260391235,0.5482460260391235,0.5482460260391235,1
85,middle_01_r,0.5479722023010254,0.5479722023010254,0.5479722023010254,1
83,middle_01_r,0.5477568507194519,0.5477568507194519,0.5477568507194519,1
14,thigh_l,0.5474939346313477,0.5474939346313477,0.5474939346313477,1
36,ring_01_l,0.5474534034729004,0.5474534034729004,0.5474534034729004,1
26,lowerarm_l,0.547294020652771,0.547294020652771,0.547294020652771,1
82,middle_01_r,0.5470515489578247,0.5470515489578247,0.5470515489578247,1
44,ring_01_l,0.5469022989273071,0.5469022989273071,0.5469022989273071,1
52,middle_01_r,0.5468990802764893,0.5468990802764893,0.5468990802764893,1
25,RUpArmTwist_l_01,0.546850323677063,0.546850323677063,0.546850323677063,1
47,calf_r,0.5467844009399414,0.5467844009399414,0.5467844009399414,1
46,ball_r,0.5467042326927185,0.5467042326927185,0.5467042326927185,1
63,thigh_l,0.5466778874397278,0.5466778874397278,0.5466778874397278,1
53,lowerarm_l,0.5451279878616333,0.5451279878616333,0.5451279878616333,1
55,upperarm_r,0.5447359085083008,0.5447359085083008,0.5447359085083008,1
81,hand_l,0.5446638464927673,0.5446638464927673,0.5446638464927673,1
60,ball_l,0.54440838098526,0.54440838098526,0.54440838098526,1
46,foot_r,0.5442737340927124,0.5442737340927124,0.5442737340927124,1
79,middle_01_r,0.5441576838493347,0.5441576838493347,0.5441576838493347,1
85,lowerarm_l,0.5433014035224915,0.5433014035224915,0.5433014035224915,1
6,lowerarm_r,0.54325932264328,0.54325932264328,0.54325932264328,1
19,lowerarm_r,0.5427807569503784,0.5427807569503784,0.5427807569503784,1
76,lowerarm_l,0.5418210029602051,0.5418210029602051,0.5418210029602051,1
82,foot_l,0.5415113568305969,0.5415113568305969,0.5415113568305969,1
60,hand_l,0.5411496758460999,0.5411496758460999,0.5411496758460999,1
48,middle_01_r,0.5407401323318481,0.5407401323318481,0.5407401323318481,1
40,middle_01_r,0.5403448939323425,0.5403448939323425,0.5403448939323425,1
66,upperarm_l,0.5403063893318176,0.5403063893318176,0.5403063893318176,1
9,calf_l,0.5401265621185303,0.5401265621185303,0.5401265621185303,1
14,thigh_r,0.5400018095970154,0.5400018095970154,0.5400018095970154,1
52,thigh_l,0.538837730884552,0.538837730884552,0.538837730884552,1
19,RUpArmTwist_l_02,0.5381059050559998,0.5381059050559998,0.5381059050559998,1
69,middle_01_r,0.5379891991615295,0.5379891991615295,0.5379891991615295,1
68,middle_01_r,0.5374913811683655,0.5374913811683655,0.5374913811683655,1
18,middle_01_r,0.5363290309906006,0.5363290309906006,0.5363290309906006,1
13,upperarm_l,0.5362339019775391,0.5362339019775391,0.5362339019775391,1
17,middle_01_r,0.5362028479576111,0.5362028479576111,0.5362028479576111,1
62,hand_l,0.535587728023529,0.535587728023529,0.535587728023529,1
31,lowerarm_r,0.5354234576225281,0.5354234576225281,0.5354234576225281,1
9,ring_01_l,0.5353314876556396,0.5353314876556396,0.5353314876556396,1
4,middle_01_r,0.534958004951477,0.534958004951477,0.534958004951477,1
80,middle_01_r,0.534674346446991,0.534674346446991,0.534674346446991,1
69,thigh_l,0.5329352021217346,0.5329352021217346,0.5329352021217346,1
47,middle_01_r,0.5326005816459656,0.5326005816459656,0.5326005816459656,1
81,middle_01_r,0.5320775508880615,0.5320775508880615,0.5320775508880615,1
3,thigh_r,0.5320519804954529,0.5320519804954529,0.5320519804954529,1
46,ring_01_l,0.5316430330276489,0.5316430330276489,0.5316430330276489,1
35,lowerarm_l,0.5315136313438416,0.5315136313438416,0.5315136313438416,1
65,middle_01_r,0.5314025282859802,0.5314025282859802,0.5314025282859802,1
2,RUpArmTwist_l_01,0.5310619473457336,0.5310619473457336,0.5310619473457336,1
23,thigh_l,0.5301861763000488,0.5301861763000488,0.5301861763000488,1
70,middle_01_r,0.5301136374473572,0.5301136374473572,0.5301136374473572,1
13,clavicle_r,0.529506504535675,0.529506504535675,0.529506504535675,1
12,thigh_l,0.5291880369186401,0.5291880369186401,0.5291880369186401,1
14,RUpArmTwist_r_01,0.5283101201057434,0.5283101201057434,0.5283101201057434,1
51,ring_01_l,0.5277395248413086,0.5277395248413086,0.5277395248413086,1
5,calf_l,0.5277394652366638,0.5277394652366638,0.5277394652366638,1
49,ring_01_l,0.5268165469169617,0.5268165469169617,0.5268165469169617,1
28,ball_l,0.5253998637199402,0.5253998637199402,0.5253998637199402,1
25,middle_01_r,0.5250906348228455,0.5250906348228455,0.5250906348228455,1
0,head,0.5249519348144531,0.5249519348144531,0.5249519348144531,1
48,ring_01_r,0.5239706635475159,0.5239706635475159,0.5239706635475159,1
54,middle_01_r,0.5237258076667786,0.5237258076667786,0.5237258076667786,1
9,neck_01,0.5227406024932861,0.5227406024932861,0.5227406024932861,1
78,middle_01_r,0.5226540565490723,0.5226540565490723,0.5226540565490723,1
79,upperarm_r,0.5223730206489563,0.5223730206489563,0.5223730206489563,1
30,upperarm_l,0.5215499401092529,0.5215499401092529,0.5215499401092529,1
7,ring_01_l,0.5207953453063965,0.5207953453063965,0.5207953453063965,1
6,ring_01_l,0.5207387208938599,0.5207387208938599,0.5207387208938599,1
61,upperarm_l,0.5204346776008606,0.5204346776008606,0.5204346776008606,1
71,middle_01_r,0.5201463103294373,0.5201463103294373,0.5201463103294373,1
29,calf_l,0.5201101303100586,0.5201101303100586,0.5201101303100586,1
14,middle_01_r,0.5200607776641846,0.5200607776641846,0.5200607776641846,1
37,ring_01_l,0.5194982290267944,0.5194982290267944,0.5194982290267944,1
72,middle_01_r,0.5194132328033447,0.5194132328033447,0.5194132328033447,1
59,middle_01_r,0.5188953280448914,0.5188953280448914,0.5188953280448914,1
45,ring_01_l,0.5183098912239075,0.5183098912239075,0.5183098912239075,1
67,middle_01_r,0.5182062387466431,0.5182062387466431,0.5182062387466431,1
41,RUpArmTwist_r_02,0.5178533792495728,0.5178533792495728,0.5178533792495728,1
24,thigh_r,0.5172896385192871,0.5172896385192871,0.5172896385192871,1
17,thigh_l,0.51675945520401,0.51675945520401,0.51675945520401,1
9,lowerarm_l,0.516680896282196,0.516680896282196,0.516680896282196,1
22,RUpArmTwist_l_01,0.5160849094390869,0.5160849094390869,0.5160849094390869,1
2,spine_02,0.5155102014541626,0.5155102014541626,0.5155102014541626,1
59,foot_l,0.5154590010643005,0.5154590010643005,0.5154590010643005,1
67,ring_01_l,0.5154270529747009,0.5154270529747009,0.5154270529747009,1
4,upperarm_l,0.5152624845504761,0.5152624845504761,0.5152624845504761,1
7,pinky_01_r,0.5150021910667419,0.5150021910667419,0.5150021910667419,1
55,thigh_r,0.5145120024681091,0.5145120024681091,0.5145120024681091,1
44,foot_l,0.5139871835708618,0.5139871835708618,0.5139871835708618,1
18,ring_01_l,0.51388019323349,0.51388019323349,0.51388019323349,1
14,hand_r,0.5127715468406677,0.5127715468406677,0.5127715468406677,1
24,ring_01_r,0.5126694440841675,0.5126694440841675,0.5126694440841675,1
65,neck_01,0.5118767023086548,0.5118767023086548,0.5118767023086548,1
0,upperarm_r,0.5117447376251221,0.5117447376251221,0.5117447376251221,1
25,hand_r,0.510617196559906,0.510617196559906,0.510617196559906,1
77,middle_01_r,0.5106154680252075,0.5106154680252075,0.5106154680252075,1
44,hand_l,0.5097801685333252,0.5097801685333252,0.5097801685333252,1
27,hand_r,0.5094278454780579,0.5094278454780579,0.5094278454780579,1
66,middle_01_r,0.5092025995254517,0.5092025995254517,0.5092025995254517,1
35,ring_01_l,0.508297860622406,0.508297860622406,0.508297860622406,1
12,ring_01_l,0.5073280930519104,0.5073280930519104,0.5073280930519104,1
51,upperarm_l,0.5071386098861694,0.5071386098861694,0.5071386098861694,1
20,ring_01_l,0.5069645047187805,0.5069645047187805,0.5069645047187805,1
68,ring_01_l,0.5067817568778992,0.5067817568778992,0.5067817568778992,1
61,foot_l,0.5064712762832642,0.5064712762832642,0.5064712762832642,1
64,upperarm_l,0.5063455104827881,0.5063455104827881,0.5063455104827881,1
31,ring_01_l,0.505890429019928,0.505890429019928,0.505890429019928,1
32,middle_01_r,0.5048497319221497,0.5048497319221497,0.5048497319221497,1
80,upperarm_l,0.504705548286438,0.504705548286438,0.504705548286438,1
30,upperarm_r,0.5040468573570251,0.5040468573570251,0.5040468573570251,1
20,thigh_l,0.5038365125656128,0.5038365125656128,0.5038365125656128,1
9,middle_01_r,0.5032919645309448,0.5032919645309448,0.5032919645309448,1
10,foot_l,0.5024710297584534,0.5024710297584534,0.5024710297584534,1
55,ring_01_l,0.5018225908279419,0.5018225908279419,0.5018225908279419,1
19,ring_01_l,0.5008653402328491,0.5008653402328491,0.5008653402328491,1
75,lowerarm_l,0.5005085468292236,0.5005085468292236,0.5005085468292236,1
66,neck_01,0.5000856518745422,0.5000856518745422,0.5000856518745422,1
33,ring_01_l,0.49961042404174805,0.49961042404174805,0.49961042404174805,1
83,lowerarm_l,0.4996042251586914,0.4996042251586914,0.4996042251586914,1
35,hand_r,0.4995426535606384,0.4995426535606384,0.4995426535606384,1
34,ring_01_l,0.499532014131546,0.499532014131546,0.499532014131546,1
58,lowerarm_l,0.49942561984062195,0.49942561984062195,0.49942561984062195,1
84,ring_01_l,0.4992620348930359,0.4992620348930359,0.4992620348930359,1
63,thigh_r,0.4992455244064331,0.4992455244064331,0.4992455244064331,1
65,thigh_r,0.49899232387542725,0.49899232387542725,0.49899232387542725,1
22,ring_01_l,0.4988226592540741,0.4988226592540741,0.4988226592540741,1
85,hand_l,0.4979090094566345,0.4979090094566345,0.4979090094566345,1
65,upperarm_l,0.4972355365753174,0.4972355365753174,0.4972355365753174,1
1,pinky_01_l,0.49688565731048584,0.49688565731048584,0.49688565731048584,1
64,neck_01,0.4966190457344055,0.4966190457344055,0.4966190457344055,1
55,middle_01_r,0.4959224760532379,0.4959224760532379,0.4959224760532379,1
12,ball_l,0.4958175718784332,0.4958175718784332,0.4958175718784332,1
12,middle_01_l,0.49495020508766174,0.49495020508766174,0.49495020508766174,1
39,upperarm_l,0.49480387568473816,0.49480387568473816,0.49480387568473816,1
73,thigh_l,0.4947304427623749,0.4947304427623749,0.4947304427623749,1
2,ball_l,0.49455931782722473,0.49455931782722473,0.49455931782722473,1
74,middle_01_r,0.4943925738334656,0.4943925738334656,0.4943925738334656,1
36,lowerarm_l,0.4938236474990845,0.4938236474990845,0.4938236474990845,1
43,calf_r,0.49291276931762695,0.49291276931762695,0.49291276931762695,1
38,upperarm_l,0.4922854006290436,0.4922854006290436,0.4922854006290436,1
27,ring_01_r,0.4921366274356842,0.4921366274356842,0.4921366274356842,1
26,middle_01_r,0.4917108714580536,0.4917108714580536,0.4917108714580536,1
76,middle_01_r,0.491342693567276,0.491342693567276,0.491342693567276,1
20,neck_01,0.49131929874420166,0.49131929874420166,0.49131929874420166,1
54,ring_01_l,0.4908375144004822,0.4908375144004822,0.4908375144004822,1
18,pinky_01_r,0.4904630184173584,0.4904630184173584,0.4904630184173584,1
5,pinky_01_r,0.4903309643268585,0.4903309643268585,0.4903309643268585,1
31,middle_01_r,0.4902949333190918,0.4902949333190918,0.4902949333190918,1
20,RUpArmTwist_l_02,0.48961448669433594,0.48961448669433594,0.48961448669433594,1
48,foot_r,0.4894653558731079,0.4894653558731079,0.4894653558731079,1
22,calf_l,0.48859038949012756,0.48859038949012756,0.48859038949012756,1
17,thigh_r,0.4881252944469452,0.4881252944469452,0.4881252944469452,1
57,ball_l,0.48789674043655396,0.48789674043655396,0.48789674043655396,1
13,lowerarm_r,0.48787540197372437,0.48787540197372437,0.48787540197372437,1
75,middle_01_r,0.48786771297454834,0.48786771297454834,0.48786771297454834,1
14,pinky_01_r,0.48743000626564026,0.48743000626564026,0.48743000626564026,1
56,ring_01_l,0.48705846071243286,0.48705846071243286,0.48705846071243286,1
73,middle_01_r,0.48700210452079773,0.48700210452079773,0.48700210452079773,1
29,ball_l,0.48695337772369385,0.48695337772369385,0.48695337772369385,1
67,thigh_r,0.48573023080825806,0.48573023080825806,0.48573023080825806,1
66,ring_01_l,0.4856893718242645,0.4856893718242645,0.4856893718242645,1
83,thigh_l,0.48532170057296753,0.48532170057296753,0.48532170057296753,1
4,neck_01,0.4851803183555603,0.4851803183555603,0.4851803183555603,1
34,upperarm_r,0.48509860038757324,0.48509860038757324,0.48509860038757324,1
27,upperarm_l,0.48466095328330994,0.48466095328330994,0.48466095328330994,1
2,foot_l,0.48438799381256104,0.48438799381256104,0.48438799381256104,1
53,neck_01,0.484257310628891,0.484257310628891,0.484257310628891,1
38,foot_r,0.48403170704841614,0.48403170704841614,0.48403170704841614,1
41,middle_01_r,0.4839089810848236,0.4839089810848236,0.4839089810848236,1
26,RUpArmTwist_r_01,0.48355844616889954,0.48355844616889954,0.48355844616889954,1
19,upperarm_r,0.48321694135665894,0.48321694135665894,0.48321694135665894,1
50,ring_01_l,0.48312437534332275,0.48312437534332275,0.48312437534332275,1
58,middle_01_r,0.48241856694221497,0.48241856694221497,0.48241856694221497,1
53,foot_l,0.48210766911506653,0.48210766911506653,0.48210766911506653,1
74,pinky_01_l,0.48180100321769714,0.48180100321769714,0.48180100321769714,1
45,middle_01_r,0.4811703562736511,0.4811703562736511,0.4811703562736511,1
22,pinky_01_r,0.4810262620449066,0.4810262620449066,0.4810262620449066,1
61,foot_r,0.4808746576309204,0.4808746576309204,0.4808746576309204,1
63,middle_01_r,0.47935447096824646,0.47935447096824646,0.47935447096824646,1
46,ring_01_r,0.4790025055408478,0.4790025055408478,0.4790025055408478,1
35,upperarm_l,0.4787521958351135,0.4787521958351135,0.4787521958351135,1
73,hand_r,0.4786186218261719,0.4786186218261719,0.4786186218261719,1
12,middle_01_r,0.47815924882888794,0.47815924882888794,0.47815924882888794,1
80,upperarm_r,0.4778084456920624,0.4778084456920624,0.4778084456920624,1
39,ring_01_r,0.47763925790786743,0.47763925790786743,0.47763925790786743,1
41,hand_r,0.47745025157928467,0.47745025157928467,0.47745025157928467,1
1,middle_01_r,0.47724345326423645,0.47724345326423645,0.47724345326423645,1
0,pinky_01_l,0.4770921766757965,0.4770921766757965,0.4770921766757965,1
21,ball_l,0.4759783446788788,0.4759783446788788,0.4759783446788788,1
6,thigh_r,0.4759669601917267,0.4759669601917267,0.4759669601917267,1
48,ball_l,0.4756929576396942,0.4756929576396942,0.4756929576396942,1
34,LCalfTwist_01,0.475591242313385,0.475591242313385,0.475591242313385,1
34,pinky_01_l,0.47534045577049255,0.47534045577049255,0.47534045577049255,1
39,ring_01_l,0.4747568368911743,0.4747568368911743,0.4747568368911743,1
64,middle_01_r,0.4742770791053772,0.4742770791053772,0.4742770791053772,1
4,RUpArmTwist_r_02,0.4733407497406006,0.4733407497406006,0.4733407497406006,1
57,middle_01_r,0.4724971354007721,0.4724971354007721,0.4724971354007721,1
62,middle_01_r,0.4721570611000061,0.4721570611000061,0.4721570611000061,1
84,middle_01_r,0.4720371961593628,0.4720371961593628,0.4720371961593628,1
26,thigh_r,0.4720117449760437,0.4720117449760437,0.4720117449760437,1
40,ring_01_l,0.47193241119384766,0.47193241119384766,0.47193241119384766,1
35,LCalfTwist_01,0.47145503759384155,0.47145503759384155,0.47145503759384155,1
64,ring_01_l,0.47135478258132935,0.47135478258132935,0.47135478258132935,1
5,ring_01_l,0.47130364179611206,0.47130364179611206,0.47130364179611206,1
33,lowerarm_l,0.4711053669452667,0.4711053669452667,0.4711053669452667,1
66,upperarm_r,0.4709760844707489,0.4709760844707489,0.4709760844707489,1
21,hand_r,0.4706372320652008,0.4706372320652008,0.4706372320652008,1
29,RUpArmTwist_l_02,0.4701586365699768,0.4701586365699768,0.4701586365699768,1
47,ring_01_l,0.4701572060585022,0.4701572060585022,0.4701572060585022,1
15,pinky_01_r,0.46995288133621216,0.46995288133621216,0.46995288133621216,1
19,pinky_01_r,0.46975448727607727,0.46975448727607727,0.46975448727607727,1
58,pinky_01_l,0.46948152780532837,0.46948152780532837,0.46948152780532837,1
85,neck_01,0.469369113445282,0.469369113445282,0.469369113445282,1
12,lowerarm_l,0.46930214762687683,0.46930214762687683,0.46930214762687683,1
35,foot_r,0.4691736102104187,0.4691736102104187,0.4691736102104187,1
60,hand_r,0.46893826127052307,0.46893826127052307,0.46893826127052307,1
81,thigh_l,0.46864792704582214,0.46864792704582214,0.46864792704582214,1
4,ring_01_r,0.46858423948287964,0.46858423948287964,0.46858423948287964,1
59,foot_r,0.4684063196182251,0.4684063196182251,0.4684063196182251,1
11,foot_r,0.4683663547039032,0.4683663547039032,0.4683663547039032,1
41,lowerarm_r,0.4681030809879303,0.4681030809879303,0.4681030809879303,1
58,ball_r,0.4680325388908386,0.4680325388908386,0.4680325388908386,1
30,middle_01_r,0.46772870421409607,0.46772870421409607,0.46772870421409607,1
30,pinky_01_r,0.46770960092544556,0.46770960092544556,0.46770960092544556,1
3,ring_01_r,0.4676955044269562,0.4676955044269562,0.4676955044269562,1
52,lowerarm_l,0.4674338102340698,0.4674338102340698,0.4674338102340698,1
51,calf_r,0.46675795316696167,0.46675795316696167,0.46675795316696167,1
18,hand_r,0.46657124161720276,0.46657124161720276,0.46657124161720276,1
71,foot_r,0.46637600660324097,0.46637600660324097,0.46637600660324097,1
78,upperarm_l,0.466030478477478,0.466030478477478,0.466030478477478,1
61,middle_01_r,0.4656190574169159,0.4656190574169159,0.4656190574169159,1
8,clavicle_r,0.46559569239616394,0.46559569239616394,0.46559569239616394,1
44,middle_01_r,0.46545353531837463,0.46545353531837463,0.46545353531837463,1
30,ring_01_l,0.4651188552379608,0.4651188552379608,0.4651188552379608,1
60,middle_01_r,0.4650358259677887,0.4650358259677887,0.4650358259677887,1
8,upperarm_r,0.4649648070335388,0.4649648070335388,0.4649648070335388,1
10,ring_01_l,0.4644719064235687,0.4644719064235687,0.4644719064235687,1
62,ring_01_l,0.4642558693885803,0.4642558693885803,0.4642558693885803,1
29,middle_01_r,0.46409595012664795,0.46409595012664795,0.46409595012664795,1
31,neck_01,0.4633171856403351,0.4633171856403351,0.4633171856403351,1
28,middle_01_r,0.4632154405117035,0.4632154405117035,0.4632154405117035,1
17,ball_l,0.46310219168663025,0.46310219168663025,0.46310219168663025,1
66,calf_l,0.46270689368247986,0.46270689368247986,0.46270689368247986,1
22,foot_r,0.4626721143722534,0.4626721143722534,0.4626721143722534,1
10,middle_01_r,0.4624992311000824,0.4624992311000824,0.4624992311000824,1
20,hand_l,0.46236085891723633,0.46236085891723633,0.46236085891723633,1
85,spine_02,0.46228349208831787,0.46228349208831787,0.46228349208831787,1
73,foot_r,0.4619879126548767,0.4619879126548767,0.4619879126548767,1
50,ball_r,0.4619068503379822,0.4619068503379822,0.4619068503379822,1
60,spine_01,0.46171823143959045,0.46171823143959045,0.46171823143959045,1
37,upperarm_l,0.4614970088005066,0.4614970088005066,0.4614970088005066,1
63,foot_l,0.46136102080345154,0.46136102080345154,0.46136102080345154,1
41,RUpArmTwist_r_01,0.461180180311203,0.461180180311203,0.461180180311203,1
68,foot_l,0.46085426211357117,0.46085426211357117,0.46085426211357117,1
20,pinky_01_r,0.4608229398727417,0.4608229398727417,0.4608229398727417,1
81,lowerarm_l,0.4603038430213928,0.4603038430213928,0.4603038430213928,1
27,thigh_l,0.4602777659893036,0.4602777659893036,0.4602777659893036,1
77,upperarm_r,0.4598866105079651,0.4598866105079651,0.4598866105079651,1
81,ring_01_l,0.45950669050216675,0.45950669050216675,0.45950669050216675,1
80,calf_l,0.45928236842155457,0.45928236842155457,0.45928236842155457,1
38,ring_01_r,0.45845964550971985,0.45845964550971985,0.45845964550971985,1
1,clavicle_r,0.4584371745586395,0.4584371745586395,0.4584371745586395,1
20,pinky_01_l,0.458318829536438,0.458318829536438,0.458318829536438,1
21,lowerarm_r,0.45780912041664124,0.45780912041664124,0.45780912041664124,1
51,lowerarm_l,0.4577527344226837,0.4577527344226837,0.4577527344226837,1
27,middle_01_r,0.45759493112564087,0.45759493112564087,0.45759493112564087,1
17,pinky_01_r,0.4572482407093048,0.4572482407093048,0.4572482407093048,1
52,thigh_r,0.4569544494152069,0.4569544494152069,0.4569544494152069,1
57,lowerarm_l,0.45678213238716125,0.45678213238716125,0.45678213238716125,1
9,pinky_01_l,0.45652979612350464,0.45652979612350464,0.45652979612350464,1
68,lowerarm_r,0.4565078020095825,0.4565078020095825,0.4565078020095825,1
83,hand_r,0.4565047025680542,0.4565047025680542,0.4565047025680542,1
29,hand_l,0.45642954111099243,0.45642954111099243,0.45642954111099243,1
69,lowerarm_r,0.4562321603298187,0.4562321603298187,0.4562321603298187,1
5,middle_01_r,0.4559767246246338,0.4559767246246338,0.4559767246246338,1
63,lowerarm_l,0.4557535648345947,0.4557535648345947,0.4557535648345947,1
80,lowerarm_r,0.45521435141563416,0.45521435141563416,0.45521435141563416,1
35,pinky_01_l,0.4549006223678589,0.4549006223678589,0.4549006223678589,1
58,ring_01_r,0.45459887385368347,0.45459887385368347,0.45459887385368347,1
52,pinky_01_r,0.4545570909976959,0.4545570909976959,0.4545570909976959,1
73,thigh_r,0.4539678394794464,0.4539678394794464,0.4539678394794464,1
69,ring_01_l,0.4538485109806061,0.4538485109806061,0.4538485109806061,1
80,RUpArmTwist_r_02,0.4536018967628479,0.4536018967628479,0.4536018967628479,1
52,ring_01_r,0.4530736207962036,0.4530736207962036,0.4530736207962036,1
61,hand_l,0.4528903663158417,0.4528903663158417,0.4528903663158417,1
21,middle_01_l,0.4527513086795807,0.4527513086795807,0.4527513086795807,1
48,ring_01_l,0.45258721709251404,0.45258721709251404,0.45258721709251404,1
0,middle_01_r,0.4525411128997803,0.4525411128997803,0.4525411128997803,1
63,neck_01,0.45230424404144287,0.45230424404144287,0.45230424404144287,1
81,upperarm_r,0.4523025453090668,0.4523025453090668,0.4523025453090668,1
41,ring_01_r,0.4521333873271942,0.4521333873271942,0.4521333873271942,1
62,thigh_l,0.4514426290988922,0.4514426290988922,0.4514426290988922,1
25,ring_01_r,0.45134174823760986,0.45134174823760986,0.45134174823760986,1
54,RUpArmTwist_r_02,0.45078161358833313,0.45078161358833313,0.45078161358833313,1
81,ring_01_r,0.45023834705352783,0.45023834705352783,0.45023834705352783,1
65,ring_01_l,0.44998374581336975,0.44998374581336975,0.44998374581336975,1
45,ball_r,0.4495532810688019,0.4495532810688019,0.4495532810688019,1
85,ball_r,0.44950324296951294,0.44950324296951294,0.44950324296951294,1
14,LCalfTwist_02,0.44927334785461426,0.44927334785461426,0.44927334785461426,1
23,ring_01_l,0.4491603970527649,0.4491603970527649,0.4491603970527649,1
78,upperarm_r,0.44909822940826416,0.44909822940826416,0.44909822940826416,1
60,ball_r,0.448541522026062,0.448541522026062,0.448541522026062,1
23,ring_01_r,0.4483596682548523,0.4483596682548523,0.4483596682548523,1
26,ring_01_r,0.4480709731578827,0.4480709731578827,0.4480709731578827,1
46,thigh_r,0.44765347242355347,0.44765347242355347,0.44765347242355347,1
37,thigh_r,0.447203665971756,0.447203665971756,0.447203665971756,1
58,RUpArmTwist_l_01,0.4466542899608612,0.4466542899608612,0.4466542899608612,1
3,upperarm_l,0.4465883672237396,0.4465883672237396,0.4465883672237396,1
9,middle_01_l,0.4463454484939575,0.4463454484939575,0.4463454484939575,1
10,pinky_01_l,0.44623783230781555,0.44623783230781555,0.44623783230781555,1
43,ring_01_l,0.44603314995765686,0.44603314995765686,0.44603314995765686,1
74,upperarm_r,0.4451766014099121,0.4451766014099121,0.4451766014099121,1
53,pinky_01_r,0.444872111082077,0.444872111082077,0.444872111082077,1
22,ring_01_r,0.44477540254592896,0.44477540254592896,0.44477540254592896,1
32,ring_01_l,0.4442795515060425,0.4442795515060425,0.4442795515060425,1
64,thigh_l,0.444052129983902,0.444052129983902,0.444052129983902,1
33,ball_l,0.4437364339828491,0.4437364339828491,0.4437364339828491,1
17,ring_01_l,0.44336840510368347,0.44336840510368347,0.44336840510368347,1
48,pinky_01_l,0.442777544260025,0.442777544260025,0.442777544260025,1
14,upperarm_r,0.4425210654735565,0.4425210654735565,0.4425210654735565,1
18,thigh_l,0.4424070715904236,0.4424070715904236,0.4424070715904236,1
59,pinky_01_l,0.44219526648521423,0.44219526648521423,0.44219526648521423,1
6,pinky_01_r,0.44200393557548523,0.44200393557548523,0.44200393557548523,1
18,RUpArmTwist_l_01,0.4419662058353424,0.4419662058353424,0.4419662058353424,1
28,ring_01_r,0.44195473194122314,0.44195473194122314,0.44195473194122314,1
29,foot_r,0.4417831599712372,0.4417831599712372,0.4417831599712372,1
34,lowerarm_l,0.44165995717048645,0.44165995717048645,0.44165995717048645,1
50,ring_01_r,0.4416549801826477,0.4416549801826477,0.4416549801826477,1
3,middle_01_r,0.4415818154811859,0.4415818154811859,0.4415818154811859,1
76,calf_l,0.44147932529449463,0.44147932529449463,0.44147932529449463,1
40,thigh_r,0.4410132169723511,0.4410132169723511,0.4410132169723511,1
36,upperarm_l,0.44087234139442444,0.44087234139442444,0.44087234139442444,1
8,ring_01_l,0.44084587693214417,0.44084587693214417,0.44084587693214417,1
77,thigh_r,0.44081586599349976,0.44081586599349976,0.44081586599349976,1
81,pinky_01_r,0.44069039821624756,0.44069039821624756,0.44069039821624756,1
65,upperarm_r,0.4404781758785248,0.4404781758785248,0.4404781758785248,1
51,middle_01_r,0.44034871459007263,0.44034871459007263,0.44034871459007263,1
57,lowerarm_r,0.44014105200767517,0.44014105200767517,0.44014105200767517,1
50,lowerarm_l,0.4401260018348694,0.4401260018348694,0.4401260018348694,1
76,pinky_01_l,0.44009554386138916,0.44009554386138916,0.44009554386138916,1
3,spine_02,0.43993109464645386,0.43993109464645386,0.43993109464645386,1
60,pinky_01_r,0.4394506812095642,0.4394506812095642,0.4394506812095642,1
82,ring_01_r,0.43910595774650574,0.43910595774650574,0.43910595774650574,1
4,thigh_l,0.43907028436660767,0.43907028436660767,0.43907028436660767,1
49,lowerarm_l,0.4389747977256775,0.4389747977256775,0.4389747977256775,1
54,neck_01,0.4389069974422455,0.4389069974422455,0.4389069974422455,1
13,middle_01_r,0.43853896856307983,0.43853896856307983,0.43853896856307983,1
21,pinky_01_r,0.4383358061313629,0.4383358061313629,0.4383358061313629,1
37,pinky_01_l,0.43758898973464966,0.43758898973464966,0.43758898973464966,1
81,foot_l,0.43717700242996216,0.43717700242996216,0.43717700242996216,1
32,hand_r,0.4368177056312561,0.4368177056312561,0.4368177056312561,1
63,ring_01_r,0.4366568326950073,0.4366568326950073,0.4366568326950073,1
63,ball_r,0.43659156560897827,0.43659156560897827,0.43659156560897827,1
39,thigh_r,0.4364994168281555,0.4364994168281555,0.4364994168281555,1
66,hand_l,0.43648654222488403,0.43648654222488403,0.43648654222488403,1
56,lowerarm_r,0.43634894490242004,0.43634894490242004,0.43634894490242004,1
43,middle_01_r,0.43625614047050476,0.43625614047050476,0.43625614047050476,1
70,ring_01_l,0.43589234352111816,0.43589234352111816,0.43589234352111816,1
8,pinky_01_l,0.4358242154121399,0.4358242154121399,0.4358242154121399,1
54,thigh_r,0.43559354543685913,0.43559354543685913,0.43559354543685913,1
18,LCalfTwist_01,0.4354737102985382,0.4354737102985382,0.4354737102985382,1
1,middle_01_l,0.4353199899196625,0.4353199899196625,0.4353199899196625,1
14,ring_01_r,0.4349813461303711,0.4349813461303711,0.4349813461303711,1
16,pinky_01_r,0.4347895085811615,0.4347895085811615,0.4347895085811615,1
84,ring_01_r,0.4347262978553772,0.4347262978553772,0.4347262978553772,1
19,pinky_01_l,0.4346799850463867,0.4346799850463867,0.4346799850463867,1
57,ring_01_l,0.43409934639930725,0.43409934639930725,0.43409934639930725,1
8,middle_01_l,0.43401333689689636,0.43401333689689636,0.43401333689689636,1
68,thigh_l,0.43398773670196533,0.43398773670196533,0.43398773670196533,1
5,upperarm_l,0.433796226978302,0.433796226978302,0.433796226978302,1
29,ring_01_r,0.43343213200569153,0.43343213200569153,0.43343213200569153,1
47,ring_01_r,0.4330097734928131,0.4330097734928131,0.4330097734928131,1
13,spine_02,0.4329946041107178,0.4329946041107178,0.4329946041107178,1
77,calf_r,0.4329686164855957,0.4329686164855957,0.4329686164855957,1
33,neck_01,0.4323876202106476,0.4323876202106476,0.4323876202106476,1
27,thigh_r,0.4323219656944275,0.4323219656944275,0.4323219656944275,1
27,ring_01_l,0.4323097765445709,0.4323097765445709,0.4323097765445709,1
26,foot_r,0.4321526288986206,0.4321526288986206,0.4321526288986206,1
67,neck_01,0.43205076456069946,0.43205076456069946,0.43205076456069946,1
33,pinky_01_l,0.4314190447330475,0.4314190447330475,0.4314190447330475,1
26,upperarm_r,0.43128910660743713,0.43128910660743713,0.43128910660743713,1
37,foot_r,0.43121448159217834,0.43121448159217834,0.43121448159217834,1
58,foot_l,0.4311177432537079,0.4311177432537079,0.4311177432537079,1
4,hand_l,0.43067771196365356,0.43067771196365356,0.43067771196365356,1
75,upperarm_l,0.43067529797554016,0.43067529797554016,0.43067529797554016,1
42,pinky_01_r,0.43061044812202454,0.43061044812202454,0.43061044812202454,1
11,hand_r,0.4302120506763458,0.4302120506763458,0.4302120506763458,1
46,pinky_01_l,0.43006566166877747,0.43006566166877747,0.43006566166877747,1
46,calf_l,0.4300527274608612,0.4300527274608612,0.4300527274608612,1
14,ring_01_l,0.42922326922416687,0.42922326922416687,0.42922326922416687,1
11,upperarm_l,0.4290609061717987,0.4290609061717987,0.4290609061717987,1
5,ring_01_r,0.42903247475624084,0.42903247475624084,0.42903247475624084,1
3,hand_l,0.42891809344291687,0.42891809344291687,0.42891809344291687,1
62,thigh_r,0.4286569356918335,0.4286569356918335,0.4286569356918335,1
19,neck_01,0.4281715452671051,0.4281715452671051,0.4281715452671051,1
8,calf_l,0.4280816614627838,0.4280816614627838,0.4280816614627838,1
64,RUpArmTwist_l_02,0.4279407858848572,0.4279407858848572,0.4279407858848572,1
46,thigh_l,0.42790699005126953,0.42790699005126953,0.42790699005126953,1
82,ring_01_l,0.4278160333633423,0.4278160333633423,0.4278160333633423,1
76,calf_r,0.42779749631881714,0.42779749631881714,0.42779749631881714,1
42,middle_01_r,0.42773115634918213,0.42773115634918213,0.42773115634918213,1
53,ring_01_l,0.4276500642299652,0.4276500642299652,0.4276500642299652,1
11,ring_01_l,0.4269402325153351,0.4269402325153351,0.4269402325153351,1
48,upperarm_l,0.4269230365753174,0.4269230365753174,0.4269230365753174,1
30,ball_l,0.42691516876220703,0.42691516876220703,0.42691516876220703,1
50,middle_01_r,0.42686378955841064,0.42686378955841064,0.42686378955841064,1
72,thigh_r,0.42645183205604553,0.42645183205604553,0.42645183205604553,1
16,hand_r,0.4264441132545471,0.4264441132545471,0.4264441132545471,1
2,middle_01_l,0.42603886127471924,0.42603886127471924,0.42603886127471924,1
34,pinky_01_r,0.425989031791687,0.425989031791687,0.425989031791687,1
28,lowerarm_r,0.4254400432109833,0.4254400432109833,0.4254400432109833,1
79,calf_l,0.42521247267723083,0.42521247267723083,0.42521247267723083,1
57,calf_l,0.42498692870140076,0.42498692870140076,0.42498692870140076,1
8,lowerarm_l,0.42498061060905457,0.42498061060905457,0.42498061060905457,1
80,pinky_01_r,0.42494088411331177,0.42494088411331177,0.42494088411331177,1
56,middle_01_r,0.42482632398605347,0.42482632398605347,0.42482632398605347,1
8,hand_r,0.4245968163013458,0.4245968163013458,0.4245968163013458,1
79,pinky_01_r,0.42450380325317383,0.42450380325317383,0.42450380325317383,1
53,thigh_l,0.424040824174881,0.424040824174881,0.424040824174881,1
55,spine_01,0.4239417016506195,0.4239417016506195,0.4239417016506195,1
24,thigh_l,0.4239219129085541,0.4239219129085541,0.4239219129085541,1
64,ball_l,0.42373180389404297,0.42373180389404297,0.42373180389404297,1
28,upperarm_r,0.4236956536769867,0.4236956536769867,0.4236956536769867,1
64,upperarm_r,0.4234057366847992,0.4234057366847992,0.4234057366847992,1
51,ring_01_r,0.42285236716270447,0.42285236716270447,0.42285236716270447,1
54,ring_01_r,0.4226329028606415,0.4226329028606415,0.4226329028606415,1
71,pinky_01_l,0.42232266068458557,0.42232266068458557,0.42232266068458557,1
32,pinky_01_r,0.4222863018512726,0.4222863018512726,0.4222863018512726,1
64,ring_01_r,0.4222715198993683,0.4222715198993683,0.4222715198993683,1
29,thigh_l,0.42201825976371765,0.42201825976371765,0.42201825976371765,1
62,pinky_01_r,0.42180338501930237,0.42180338501930237,0.42180338501930237,1
11,middle_01_r,0.42150112986564636,0.42150112986564636,0.42150112986564636,1
61,hand_r,0.42112812399864197,0.42112812399864197,0.42112812399864197,1
36,pinky_01_l,0.4210669696331024,0.4210669696331024,0.4210669696331024,1
2,calf_r,0.4207368791103363,0.4207368791103363,0.4207368791103363,1
49,middle_01_r,0.42072200775146484,0.42072200775146484,0.42072200775146484,1
4,lowerarm_r,0.420274555683136,0.420274555683136,0.420274555683136,1
83,ring_01_r,0.4202258586883545,0.4202258586883545,0.4202258586883545,1
85,ring_01_l,0.420221745967865,0.420221745967865,0.420221745967865,1
52,ring_01_l,0.42016732692718506,0.42016732692718506,0.42016732692718506,1
77,ring_01_r,0.4200189411640167,0.4200189411640167,0.4200189411640167,1
47,calf_l,0.41972967982292175,0.41972967982292175,0.41972967982292175,1
45,lowerarm_l,0.41959235072135925,0.41959235072135925,0.41959235072135925,1
68,pinky_01_r,0.41954541206359863,0.41954541206359863,0.41954541206359863,1
79,ring_01_l,0.4192512035369873,0.4192512035369873,0.4192512035369873,1
22,neck_01,0.41920965909957886,0.41920965909957886,0.41920965909957886,1
55,calf_l,0.41883397102355957,0.41883397102355957,0.41883397102355957,1
84,spine_01,0.41836443543434143,0.41836443543434143,0.41836443543434143,1
55,upperarm_l,0.4183058440685272,0.4183058440685272,0.4183058440685272,1
76,neck_01,0.4182148575782776,0.4182148575782776,0.4182148575782776,1
18,neck_01,0.41818907856941223,0.41818907856941223,0.41818907856941223,1
30,middle_01_l,0.4178275465965271,0.4178275465965271,0.4178275465965271,1
57,pinky_01_l,0.41777700185775757,0.41777700185775757,0.41777700185775757,1
18,head,0.41763365268707275,0.41763365268707275,0.41763365268707275,1
23,middle_01_l,0.41758185625076294,0.41758185625076294,0.41758185625076294,1
58,calf_l,0.4175148010253906,0.4175148010253906,0.4175148010253906,1
45,neck_01,0.4168664216995239,0.4168664216995239,0.4168664216995239,1
20,middle_01_l,0.41678211092948914,0.41678211092948914,0.41678211092948914,1
78,ring_01_l,0.41614747047424316,0.41614747047424316,0.41614747047424316,1
19,hand_r,0.4158354103565216,0.4158354103565216,0.4158354103565216,1
32,lowerarm_l,0.4157697856426239,0.4157697856426239,0.4157697856426239,1
13,thigh_l,0.4155578911304474,0.4155578911304474,0.4155578911304474,1
81,hand_r,0.4152815341949463,0.4152815341949463,0.4152815341949463,1
11,ring_01_r,0.41521063446998596,0.41521063446998596,0.41521063446998596,1
54,pinky_01_r,0.4148657023906708,0.4148657023906708,0.4148657023906708,1
47,lowerarm_l,0.41475722193717957,0.41475722193717957,0.41475722193717957,1
35,ball_l,0.41453829407691956,0.41453829407691956,0.41453829407691956,1
30,neck_01,0.41431742906570435,0.41431742906570435,0.41431742906570435,1
40,upperarm_l,0.4141201972961426,0.4141201972961426,0.4141201972961426,1
59,ring_01_l,0.41374319791793823,0.41374319791793823,0.41374319791793823,1
82,pinky_01_r,0.41352346539497375,0.41352346539497375,0.41352346539497375,1
16,ring_01_l,0.41297677159309387,0.41297677159309387,0.41297677159309387,1
63,ring_01_l,0.4129594564437866,0.4129594564437866,0.4129594564437866,1
40,middle_01_l,0.4129052460193634,0.4129052460193634,0.4129052460193634,1
16,thigh_l,0.41255834698677063,0.41255834698677063,0.41255834698677063,1
31,ball_r,0.4123776853084564,0.4123776853084564,0.4123776853084564,1
18,lowerarm_r,0.4121209681034088,0.4121209681034088,0.4121209681034088,1
84,RUpArmTwist_r_02,0.41209498047828674,0.41209498047828674,0.41209498047828674,1
78,ring_01_r,0.4118154048919678,0.4118154048919678,0.4118154048919678,1
47,pinky_01_l,0.41174763441085815,0.41174763441085815,0.41174763441085815,1
74,upperarm_l,0.41174012422561646,0.41174012422561646,0.41174012422561646,1
60,foot_r,0.41152164340019226,0.41152164340019226,0.41152164340019226,1
34,upperarm_l,0.4111974835395813,0.4111974835395813,0.4111974835395813,1
7,foot_r,0.41113337874412537,0.41113337874412537,0.41113337874412537,1
36,LCalfTwist_01,0.4110710322856903,0.4110710322856903,0.4110710322856903,1
53,upperarm_l,0.41097450256347656,0.41097450256347656,0.41097450256347656,1
33,pinky_01_r,0.4105188250541687,0.4105188250541687,0.4105188250541687,1
61,ring_01_r,0.4097747504711151,0.4097747504711151,0.4097747504711151,1
27,calf_r,0.4093954563140869,0.4093954563140869,0.4093954563140869,1
40,hand_r,0.4092477560043335,0.4092477560043335,0.4092477560043335,1
2,head,0.4090432822704315,0.4090432822704315,0.4090432822704315,1
79,ring_01_r,0.40890559554100037,0.40890559554100037,0.40890559554100037,1
38,hand_r,0.4088551700115204,0.4088551700115204,0.4088551700115204,1
80,ring_01_l,0.4087385833263397,0.4087385833263397,0.4087385833263397,1
85,pinky_01_l,0.40859586000442505,0.40859586000442505,0.40859586000442505,1
83,ring_01_l,0.40838709473609924,0.40838709473609924,0.40838709473609924,1
49,thigh_l,0.4083588421344757,0.4083588421344757,0.4083588421344757,1
20,foot_r,0.4077814817428589,0.4077814817428589,0.4077814817428589,1
50,RUpArmTwist_l_02,0.407738596200943,0.407738596200943,0.407738596200943,1
17,LCalfTwist_01,0.40766409039497375,0.40766409039497375,0.40766409039497375,1
34,thigh_l,0.40754473209381104,0.40754473209381104,0.40754473209381104,1
83,thigh_r,0.4073318839073181,0.4073318839073181,0.4073318839073181,1
32,pinky_01_l,0.40727171301841736,0.40727171301841736,0.40727171301841736,1
11,lowerarm_l,0.4071445167064667,0.4071445167064667,0.4071445167064667,1
40,head,0.4064887762069702,0.4064887762069702,0.4064887762069702,1
65,ring_01_r,0.4064154624938965,0.4064154624938965,0.4064154624938965,1
15,upperarm_r,0.4063855707645416,0.4063855707645416,0.4063855707645416,1
10,head,0.4062431752681732,0.4062431752681732,0.4062431752681732,1
42,lowerarm_r,0.40617379546165466,0.40617379546165466,0.40617379546165466,1
53,RUpArmTwist_l_02,0.4058780074119568,0.4058780074119568,0.4058780074119568,1
67,lowerarm_r,0.40581923723220825,0.40581923723220825,0.40581923723220825,1
21,ring_01_r,0.4054645895957947,0.4054645895957947,0.4054645895957947,1
27,clavicle_r,0.40543487668037415,0.40543487668037415,0.40543487668037415,1
61,RUpArmTwist_r_02,0.4050491154193878,0.4050491154193878,0.4050491154193878,1
47,pinky_01_r,0.40482160449028015,0.40482160449028015,0.40482160449028015,1
39,thigh_l,0.4044063687324524,0.4044063687324524,0.4044063687324524,1
10,neck_01,0.40439215302467346,0.40439215302467346,0.40439215302467346,1
19,middle_01_l,0.4043300151824951,0.4043300151824951,0.4043300151824951,1
14,middle_01_l,0.40323343873023987,0.40323343873023987,0.40323343873023987,1
46,pinky_01_r,0.4031622111797333,0.4031622111797333,0.4031622111797333,1
83,lowerarm_r,0.40315884351730347,0.40315884351730347,0.40315884351730347,1
58,ring_01_l,0.4028901755809784,0.4028901755809784,0.4028901755809784,1
26,RUpArmTwist_r_02,0.40257498621940613,0.40257498621940613,0.40257498621940613,1
47,ball_l,0.40251463651657104,0.40251463651657104,0.40251463651657104,1
60,thigh_r,0.40247732400894165,0.40247732400894165,0.40247732400894165,1
9,lowerarm_r,0.4023495614528656,0.4023495614528656,0.4023495614528656,1
55,ring_01_r,0.40210363268852234,0.40210363268852234,0.40210363268852234,1
19,ball_l,0.4018487334251404,0.4018487334251404,0.4018487334251404,1
85,middle_01_l,0.4017429053783417,0.4017429053783417,0.4017429053783417,1
0,middle_01_l,0.4016742706298828,0.4016742706298828,0.4016742706298828,1
63,hand_l,0.4015013873577118,0.4015013873577118,0.4015013873577118,1
29,ring_01_l,0.40122178196907043,0.40122178196907043,0.40122178196907043,1
24,pinky_01_r,0.40078049898147583,0.40078049898147583,0.40078049898147583,1
41,pinky_01_r,0.4005908668041229,0.4005908668041229,0.4005908668041229,1
20,upperarm_r,0.4005708396434784,0.4005708396434784,0.4005708396434784,1
25,upperarm_r,0.40050777792930603,0.40050777792930603,0.40050777792930603,1
52,neck_01,0.400230348110199,0.400230348110199,0.400230348110199,1
68,ball_l,0.4002249836921692,0.4002249836921692,0.4002249836921692,1
28,ring_01_l,0.3998833894729614,0.3998833894729614,0.3998833894729614,1
23,pinky_01_r,0.399625688791275,0.399625688791275,0.399625688791275,1
44,ring_01_r,0.3996151089668274,0.3996151089668274,0.3996151089668274,1
83,upperarm_l,0.39958077669143677,0.39958077669143677,0.39958077669143677,1
22,pinky_01_l,0.39922264218330383,0.39922264218330383,0.39922264218330383,1
54,lowerarm_l,0.3991886377334595,0.3991886377334595,0.3991886377334595,1
78,neck_01,0.39910387992858887,0.39910387992858887,0.39910387992858887,1
8,pinky_01_r,0.39907631278038025,0.39907631278038025,0.39907631278038025,1
28,RUpArmTwist_l_02,0.39893674850463867,0.39893674850463867,0.39893674850463867,1
24,ring_01_l,0.39891737699508667,0.39891737699508667,0.39891737699508667,1
83,neck_01,0.3988761007785797,0.3988761007785797,0.3988761007785797,1
82,lowerarm_r,0.39873674511909485,0.39873674511909485,0.39873674511909485,1
51,neck_01,0.39859023690223694,0.39859023690223694,0.39859023690223694,1
66,ring_01_r,0.398563951253891,0.398563951253891,0.398563951253891,1
14,foot_r,0.3985210061073303,0.3985210061073303,0.3985210061073303,1
48,thigh_l,0.3984610140323639,0.3984610140323639,0.3984610140323639,1
29,RUpArmTwist_l_01,0.3982715308666229,0.3982715308666229,0.3982715308666229,1
49,upperarm_r,0.3980899155139923,0.3980899155139923,0.3980899155139923,1
42,ball_r,0.397890567779541,0.397890567779541,0.397890567779541,1
44,pinky_01_l,0.3978406488895416,0.3978406488895416,0.3978406488895416,1
49,ball_l,0.3973385989665985,0.3973385989665985,0.3973385989665985,1
61,RUpArmTwist_r_01,0.39723047614097595,0.39723047614097595,0.39723047614097595,1
42,foot_r,0.3968004882335663,0.3968004882335663,0.3968004882335663,1
31,middle_01_l,0.39659950137138367,0.39659950137138367,0.39659950137138367,1
72,pinky_01_l,0.39587411284446716,0.39587411284446716,0.39587411284446716,1
24,middle_01_l,0.3954990804195404,0.3954990804195404,0.3954990804195404,1
27,middle_01_l,0.39511898159980774,0.39511898159980774,0.39511898159980774,1
37,LCalfTwist_01,0.3950023651123047,0.3950023651123047,0.3950023651123047,1
17,neck_01,0.3949432969093323,0.3949432969093323,0.3949432969093323,1
60,thumb_01_r,0.3949196934700012,0.3949196934700012,0.3949196934700012,1
67,pinky_01_r,0.39487990736961365,0.39487990736961365,0.39487990736961365,1
64,foot_l,0.3947833180427551,0.3947833180427551,0.3947833180427551,1
75,RUpArmTwist_r_01,0.39446771144866943,0.39446771144866943,0.39446771144866943,1
22,middle_01_l,0.39421898126602173,0.39421898126602173,0.39421898126602173,1
83,foot_l,0.39419734477996826,0.39419734477996826,0.39419734477996826,1
10,hand_r,0.39385631680488586,0.39385631680488586,0.39385631680488586,1
68,ring_01_r,0.3937082886695862,0.3937082886695862,0.3937082886695862,1
56,lowerarm_l,0.39363569021224976,0.39363569021224976,0.39363569021224976,1
71,thigh_r,0.39344337582588196,0.39344337582588196,0.39344337582588196,1
1,neck_01,0.39332953095436096,0.39332953095436096,0.39332953095436096,1
56,pinky_01_l,0.39307716488838196,0.39307716488838196,0.39307716488838196,1
50,ball_l,0.3927249312400818,0.3927249312400818,0.3927249312400818,1
62,ring_01_r,0.39264145493507385,0.39264145493507385,0.39264145493507385,1
13,ring_01_r,0.39246073365211487,0.39246073365211487,0.39246073365211487,1
12,thigh_r,0.3922433853149414,0.3922433853149414,0.3922433853149414,1
43,ring_01_r,0.39213529229164124,0.39213529229164124,0.39213529229164124,1
40,lowerarm_r,0.3919432461261749,0.3919432461261749,0.3919432461261749,1
59,pinky_01_r,0.3918229937553406,0.3918229937553406,0.3918229937553406,1
37,neck_01,0.3915784955024719,0.3915784955024719,0.3915784955024719,1
78,pinky_01_r,0.39150094985961914,0.39150094985961914,0.39150094985961914,1
60,ring_01_r,0.391484797000885,0.391484797000885,0.391484797000885,1
53,middle_01_l,0.3914790451526642,0.3914790451526642,0.3914790451526642,1
52,foot_l,0.39048418402671814,0.39048418402671814,0.39048418402671814,1
27,hand_l,0.3902341425418854,0.3902341425418854,0.3902341425418854,1
73,lowerarm_l,0.3900623023509979,0.3900623023509979,0.3900623023509979,1
34,RUpArmTwist_l_01,0.38907381892204285,0.38907381892204285,0.38907381892204285,1
47,thigh_r,0.3889216482639313,0.3889216482639313,0.3889216482639313,1
31,head,0.38889196515083313,0.38889196515083313,0.38889196515083313,1
53,ring_01_r,0.3887876570224762,0.3887876570224762,0.3887876570224762,1
80,neck_01,0.3886919915676117,0.3886919915676117,0.3886919915676117,1
83,pinky_01_r,0.38804078102111816,0.38804078102111816,0.38804078102111816,1
85,pinky_01_r,0.38803741335868835,0.38803741335868835,0.38803741335868835,1
10,middle_01_l,0.3877171576023102,0.3877171576023102,0.3877171576023102,1
41,ball_l,0.3876101076602936,0.3876101076602936,0.3876101076602936,1
13,LCalfTwist_02,0.3874763250350952,0.3874763250350952,0.3874763250350952,1
53,calf_l,0.38741305470466614,0.38741305470466614,0.38741305470466614,1
44,upperarm_l,0.3871343433856964,0.3871343433856964,0.3871343433856964,1
67,ring_01_r,0.3869897425174713,0.3869897425174713,0.3869897425174713,1
73,upperarm_l,0.386980801820755,0.386980801820755,0.386980801820755,1
25,RUpArmTwist_r_01,0.38693344593048096,0.38693344593048096,0.38693344593048096,1
12,pinky_01_r,0.3868274390697479,0.3868274390697479,0.3868274390697479,1
52,upperarm_l,0.3867090344429016,0.3867090344429016,0.3867090344429016,1
31,ring_01_r,0.3866293430328369,0.3866293430328369,0.3866293430328369,1
20,ring_01_r,0.386502206325531,0.386502206325531,0.386502206325531,1
26,RUpArmTwist_l_01,0.3861978054046631,0.3861978054046631,0.3861978054046631,1
69,ring_01_r,0.38504794239997864,0.38504794239997864,0.38504794239997864,1
66,pinky_01_r,0.38491955399513245,0.38491955399513245,0.38491955399513245,1
68,upperarm_l,0.38485419750213623,0.38485419750213623,0.38485419750213623,1
0,ring_01_l,0.3847973942756653,0.3847973942756653,0.3847973942756653,1
10,ring_01_r,0.3844599723815918,0.3844599723815918,0.3844599723815918,1
30,ring_01_r,0.3840827941894531,0.3840827941894531,0.3840827941894531,1
17,middle_01_l,0.3840319812297821,0.3840319812297821,0.3840319812297821,1
18,pinky_01_l,0.38394397497177124,0.38394397497177124,0.38394397497177124,1
28,foot_r,0.38371485471725464,0.38371485471725464,0.38371485471725464,1
77,foot_l,0.3836134672164917,0.3836134672164917,0.3836134672164917,1
14,ball_l,0.38355326652526855,0.38355326652526855,0.38355326652526855,1
32,neck_01,0.3832329213619232,0.3832329213619232,0.3832329213619232,1
70,pinky_01_r,0.3826848864555359,0.3826848864555359,0.3826848864555359,1
19,RUpArmTwist_l_01,0.3823518753051758,0.3823518753051758,0.3823518753051758,1
82,neck_01,0.38215553760528564,0.38215553760528564,0.38215553760528564,1
61,ring_01_l,0.3820374608039856,0.3820374608039856,0.3820374608039856,1
17,RUpArmTwist_r_02,0.3819463849067688,0.3819463849067688,0.3819463849067688,1
26,ring_01_l,0.3817901313304901,0.3817901313304901,0.3817901313304901,1
64,RUpArmTwist_r_02,0.3817853331565857,0.3817853331565857,0.3817853331565857,1
51,lowerarm_r,0.38172632455825806,0.38172632455825806,0.38172632455825806,1
50,lowerarm_r,0.38168632984161377,0.38168632984161377,0.38168632984161377,1
77,ring_01_l,0.3812570869922638,0.3812570869922638,0.3812570869922638,1
57,ring_01_r,0.3807045519351959,0.3807045519351959,0.3807045519351959,1
71,ring_01_l,0.3804604411125183,0.3804604411125183,0.3804604411125183,1
45,thigh_r,0.38044336438179016,0.38044336438179016,0.38044336438179016,1
70,thigh_l,0.380269855260849,0.380269855260849,0.380269855260849,1
30,lowerarm_r,0.3801459074020386,0.3801459074020386,0.3801459074020386,1
30,thigh_l,0.3800441026687622,0.3800441026687622,0.3800441026687622,1
85,spine_01,0.3799893260002136,0.3799893260002136,0.3799893260002136,1
67,RUpArmTwist_l_02,0.3799760341644287,0.3799760341644287,0.3799760341644287,1
74,hand_l,0.37984001636505127,0.37984001636505127,0.37984001636505127,1
43,pinky_01_r,0.37979257106781006,0.37979257106781006,0.37979257106781006,1
29,middle_01_l,0.37977445125579834,0.37977445125579834,0.37977445125579834,1
17,pinky_01_l,0.378862202167511,0.378862202167511,0.378862202167511,1
25,thumb_01_l,0.3788474202156067,0.3788474202156067,0.3788474202156067,1
84,middle_01_l,0.3785233497619629,0.3785233497619629,0.3785233497619629,1
14,LCalfTwist_03,0.37847521901130676,0.37847521901130676,0.37847521901130676,1
23,thigh_r,0.3784741759300232,0.3784741759300232,0.3784741759300232,1
10,ball_l,0.37846747040748596,0.37846747040748596,0.37846747040748596,1
80,ring_01_r,0.3781522214412689,0.3781522214412689,0.3781522214412689,1
44,neck_01,0.378124862909317,0.378124862909317,0.378124862909317,1
26,clavicle_r,0.37806984782218933,0.37806984782218933,0.37806984782218933,1
59,ring_01_r,0.37796318531036377,0.37796318531036377,0.37796318531036377,1
22,thigh_r,0.3778243660926819,0.3778243660926819,0.3778243660926819,1
45,pinky_01_r,0.37780171632766724,0.37780171632766724,0.37780171632766724,1
1,ring_01_l,0.37763798236846924,0.37763798236846924,0.37763798236846924,1
37,ring_01_r,0.37740448117256165,0.37740448117256165,0.37740448117256165,1
69,pinky_01_r,0.37739670276641846,0.37739670276641846,0.37739670276641846,1
34,neck_01,0.3773707449436188,0.3773707449436188,0.3773707449436188,1
3,middle_01_l,0.3765370845794678,0.3765370845794678,0.3765370845794678,1
31,pinky_01_l,0.37636053562164307,0.37636053562164307,0.37636053562164307,1
64,hand_l,0.3761873245239258,0.3761873245239258,0.3761873245239258,1
21,pinky_01_l,0.3761540353298187,0.3761540353298187,0.3761540353298187,1
37,lowerarm_l,0.3758005201816559,0.3758005201816559,0.3758005201816559,1
20,calf_l,0.3756684958934784,0.3756684958934784,0.3756684958934784,1
5,hand_r,0.3755801320075989,0.3755801320075989,0.3755801320075989,1
18,RUpArmTwist_l_02,0.3755583167076111,0.3755583167076111,0.3755583167076111,1
11,pinky_01_r,0.37450912594795227,0.37450912594795227,0.37450912594795227,1
85,LCalfTwist_01,0.3744829297065735,0.3744829297065735,0.3744829297065735,1
72,lowerarm_l,0.37405380606651306,0.37405380606651306,0.37405380606651306,1
30,head,0.37388893961906433,0.37388893961906433,0.37388893961906433,1
13,ring_01_l,0.37388062477111816,0.37388062477111816,0.37388062477111816,1
41,thigh_r,0.37387531995773315,0.37387531995773315,0.37387531995773315,1
60,pinky_01_l,0.37385767698287964,0.37385767698287964,0.37385767698287964,1
45,ring_01_r,0.37379249930381775,0.37379249930381775,0.37379249930381775,1
73,pinky_01_l,0.3737649917602539,0.3737649917602539,0.3737649917602539,1
15,ring_01_l,0.3736376464366913,0.3736376464366913,0.3736376464366913,1
45,middle_01_l,0.3734499216079712,0.3734499216079712,0.3734499216079712,1
49,ring_01_r,0.37344855070114136,0.37344855070114136,0.37344855070114136,1
29,thigh_r,0.37310826778411865,0.37310826778411865,0.37310826778411865,1
23,upperarm_r,0.372885525226593,0.372885525226593,0.372885525226593,1
84,pinky_01_r,0.372803658246994,0.372803658246994,0.372803658246994,1
63,middle_01_l,0.3727540075778961,0.3727540075778961,0.3727540075778961,1
8,foot_l,0.37250226736068726,0.37250226736068726,0.37250226736068726,1
11,pinky_01_l,0.3724671006202698,0.3724671006202698,0.3724671006202698,1
43,lowerarm_l,0.3723728060722351,0.3723728060722351,0.3723728060722351,1
61,pinky_01_l,0.37236952781677246,0.37236952781677246,0.37236952781677246,1
28,foot_l,0.3722537159919739,0.3722537159919739,0.3722537159919739,1
65,RUpArmTwist_l_01,0.37219277024269104,0.37219277024269104,0.37219277024269104,1
72,ring_01_l,0.37214335799217224,0.37214335799217224,0.37214335799217224,1
25,pinky_01_r,0.3721008598804474,0.3721008598804474,0.3721008598804474,1
2,ring_01_r,0.3716398775577545,0.3716398775577545,0.3716398775577545,1
48,ball_r,0.37162068486213684,0.37162068486213684,0.37162068486213684,1
17,RUpArmTwist_l_02,0.3710272014141083,0.3710272014141083,0.3710272014141083,1
73,ring_01_l,0.37094661593437195,0.37094661593437195,0.37094661593437195,1
39,lowerarm_r,0.3707292973995209,0.3707292973995209,0.3707292973995209,1
71,ring_01_r,0.3707174062728882,0.3707174062728882,0.3707174062728882,1
43,pinky_01_l,0.3700680434703827,0.3700680434703827,0.3700680434703827,1
8,thigh_l,0.37002673745155334,0.37002673745155334,0.37002673745155334,1
75,ring_01_l,0.3700260519981384,0.3700260519981384,0.3700260519981384,1
67,upperarm_r,0.36994558572769165,0.36994558572769165,0.36994558572769165,1
23,pinky_01_l,0.3698621094226837,0.3698621094226837,0.3698621094226837,1
50,calf_l,0.3698165714740753,0.3698165714740753,0.3698165714740753,1
9,ball_l,0.36981645226478577,0.36981645226478577,0.36981645226478577,1
70,ring_01_r,0.3697570562362671,0.3697570562362671,0.3697570562362671,1
30,pinky_01_l,0.3697492778301239,0.3697492778301239,0.3697492778301239,1
28,middle_01_l,0.36958715319633484,0.36958715319633484,0.36958715319633484,1
61,pinky_01_r,0.36948102712631226,0.36948102712631226,0.36948102712631226,1
32,upperarm_l,0.36937105655670166,0.36937105655670166,0.36937105655670166,1
76,ring_01_r,0.3688240051269531,0.3688240051269531,0.3688240051269531,1
10,thigh_r,0.36875903606414795,0.36875903606414795,0.36875903606414795,1
38,lowerarm_r,0.3687296211719513,0.3687296211719513,0.3687296211719513,1
14,RUpArmTwist_r_02,0.36869755387306213,0.36869755387306213,0.36869755387306213,1
52,ball_l,0.3686678111553192,0.3686678111553192,0.3686678111553192,1
73,pinky_01_r,0.36862751841545105,0.36862751841545105,0.36862751841545105,1
72,ring_01_r,0.3685646057128906,0.3685646057128906,0.3685646057128906,1
75,foot_r,0.36847493052482605,0.36847493052482605,0.36847493052482605,1
29,lowerarm_r,0.36842840909957886,0.36842840909957886,0.36842840909957886,1
48,lowerarm_l,0.36840584874153137,0.36840584874153137,0.36840584874153137,1
3,clavicle_l,0.3683895766735077,0.3683895766735077,0.3683895766735077,1
51,pinky_01_r,0.36825016140937805,0.36825016140937805,0.36825016140937805,1
54,middle_01_l,0.36821526288986206,0.36821526288986206,0.36821526288986206,1
43,ball_r,0.3681611120700836,0.3681611120700836,0.3681611120700836,1
71,upperarm_l,0.36815598607063293,0.36815598607063293,0.36815598607063293,1
15,lowerarm_l,0.3681481182575226,0.3681481182575226,0.3681481182575226,1
15,middle_01_l,0.3679642975330353,0.3679642975330353,0.3679642975330353,1
85,ring_01_r,0.36768046021461487,0.36768046021461487,0.36768046021461487,1
43,lowerarm_r,0.3674916625022888,0.3674916625022888,0.3674916625022888,1
85,RUpArmTwist_l_02,0.36748024821281433,0.36748024821281433,0.36748024821281433,1
85,RUpArmTwist_r_02,0.3673981726169586,0.3673981726169586,0.3673981726169586,1
43,ball_l,0.3673391044139862,0.3673391044139862,0.3673391044139862,1
1,foot_r,0.367271363735199,0.367271363735199,0.367271363735199,1
77,neck_01,0.3672686815261841,0.3672686815261841,0.3672686815261841,1
27,upperarm_r,0.3670498728752136,0.3670498728752136,0.3670498728752136,1
3,pinky_01_r,0.36688828468322754,0.36688828468322754,0.36688828468322754,1
16,neck_01,0.3668382465839386,0.3668382465839386,0.3668382465839386,1
71,upperarm_r,0.366587370634079,0.366587370634079,0.366587370634079,1
64,ball_r,0.3665483593940735,0.3665483593940735,0.3665483593940735,1
26,thumb_01_l,0.36578598618507385,0.36578598618507385,0.36578598618507385,1
5,neck_01,0.3656591475009918,0.3656591475009918,0.3656591475009918,1
45,pinky_01_l,0.36466360092163086,0.36466360092163086,0.36466360092163086,1
26,middle_01_l,0.36433812975883484,0.36433812975883484,0.36433812975883484,1
60,middle_01_l,0.3641851544380188,0.3641851544380188,0.3641851544380188,1
75,hand_r,0.36375075578689575,0.36375075578689575,0.36375075578689575,1
31,pinky_01_r,0.36359718441963196,0.36359718441963196,0.36359718441963196,1
49,foot_r,0.3635474145412445,0.3635474145412445,0.3635474145412445,1
56,ring_01_r,0.3634417653083801,0.3634417653083801,0.3634417653083801,1
82,thigh_l,0.3631933331489563,0.3631933331489563,0.3631933331489563,1
28,thigh_r,0.36296430230140686,0.36296430230140686,0.36296430230140686,1
41,middle_01_l,0.3628164827823639,0.3628164827823639,0.3628164827823639,1
65,calf_r,0.3628135025501251,0.3628135025501251,0.3628135025501251,1
3,RUpArmTwist_l_01,0.3627353012561798,0.3627353012561798,0.3627353012561798,1
63,pinky_01_r,0.3626542091369629,0.3626542091369629,0.3626542091369629,1
25,clavicle_r,0.36253511905670166,0.36253511905670166,0.36253511905670166,1
50,thigh_l,0.36252307891845703,0.36252307891845703,0.36252307891845703,1
15,upperarm_l,0.36246457695961,0.36246457695961,0.36246457695961,1
77,pinky_01_r,0.36243966221809387,0.36243966221809387,0.36243966221809387,1
66,calf_r,0.36184194684028625,0.36184194684028625,0.36184194684028625,1
75,pinky_01_r,0.3613423705101013,0.3613423705101013,0.3613423705101013,1
64,pinky_01_r,0.36120912432670593,0.36120912432670593,0.36120912432670593,1
73,foot_l,0.3611682951450348,0.3611682951450348,0.3611682951450348,1
42,pinky_01_l,0.3607429563999176,0.3607429563999176,0.3607429563999176,1
15,thigh_l,0.36053168773651123,0.36053168773651123,0.36053168773651123,1
27,RUpArmTwist_l_02,0.3601444959640503,0.3601444959640503,0.3601444959640503,1
72,upperarm_l,0.35991713404655457,0.35991713404655457,0.35991713404655457,1
38,ball_l,0.35898175835609436,0.35898175835609436,0.35898175835609436,1
66,ball_l,0.3589358627796173,0.3589358627796173,0.3589358627796173,1
37,pinky_01_r,0.35873910784721375,0.35873910784721375,0.35873910784721375,1
69,neck_01,0.3586362600326538,0.3586362600326538,0.3586362600326538,1
11,middle_01_l,0.3584725856781006,0.3584725856781006,0.3584725856781006,1
24,pinky_01_l,0.35839298367500305,0.35839298367500305,0.35839298367500305,1
38,pinky_01_l,0.3582483232021332,0.3582483232021332,0.3582483232021332,1
83,spine_01,0.35799503326416016,0.35799503326416016,0.35799503326416016,1
44,upperarm_r,0.35778459906578064,0.35778459906578064,0.35778459906578064,1
50,hand_r,0.35759103298187256,0.35759103298187256,0.35759103298187256,1
6,lowerarm_l,0.35757556557655334,0.35757556557655334,0.35757556557655334,1
4,thumb_01_l,0.35752496123313904,0.35752496123313904,0.35752496123313904,1
28,pinky_01_r,0.3571811318397522,0.3571811318397522,0.3571811318397522,1
8,thumb_01_r,0.35700470209121704,0.35700470209121704,0.35700470209121704,1
77,thigh_l,0.35673031210899353,0.35673031210899353,0.35673031210899353,1
52,middle_01_l,0.35668492317199707,0.35668492317199707,0.35668492317199707,1
16,thigh_r,0.35633090138435364,0.35633090138435364,0.35633090138435364,1
60,thigh_l,0.35626891255378723,0.35626891255378723,0.35626891255378723,1
74,thigh_l,0.3558565080165863,0.3558565080165863,0.3558565080165863,1
48,thigh_r,0.3557332754135132,0.3557332754135132,0.3557332754135132,1
1,calf_l,0.3557281196117401,0.3557281196117401,0.3557281196117401,1
72,hand_r,0.35569116473197937,0.35569116473197937,0.35569116473197937,1
54,upperarm_l,0.35564351081848145,0.35564351081848145,0.35564351081848145,1
15,hand_r,0.3555293083190918,0.3555293083190918,0.3555293083190918,1
13,middle_01_l,0.35535290837287903,0.35535290837287903,0.35535290837287903,1
54,thigh_l,0.3550090491771698,0.3550090491771698,0.3550090491771698,1
38,RUpArmTwist_r_02,0.3544360101222992,0.3544360101222992,0.3544360101222992,1
2,pinky_01_l,0.3544178307056427,0.3544178307056427,0.3544178307056427,1
75,ring_01_r,0.35439932346343994,0.35439932346343994,0.35439932346343994,1
5,lowerarm_r,0.3542911112308502,0.3542911112308502,0.3542911112308502,1
82,middle_01_l,0.3538350462913513,0.3538350462913513,0.3538350462913513,1
33,middle_01_l,0.35365912318229675,0.35365912318229675,0.35365912318229675,1
63,calf_r,0.3536341190338135,0.3536341190338135,0.3536341190338135,1
81,neck_01,0.3536309599876404,0.3536309599876404,0.3536309599876404,1
33,upperarm_l,0.35359427332878113,0.35359427332878113,0.35359427332878113,1
18,middle_01_l,0.35284659266471863,0.35284659266471863,0.35284659266471863,1
25,ring_01_l,0.3527472913265228,0.3527472913265228,0.3527472913265228,1
20,hand_r,0.3526119589805603,0.3526119589805603,0.3526119589805603,1
75,pinky_01_l,0.35255753993988037,0.35255753993988037,0.35255753993988037,1
15,ring_01_r,0.3521713316440582,0.3521713316440582,0.3521713316440582,1
78,RCalfTwist_01,0.3519100546836853,0.3519100546836853,0.3519100546836853,1
67,upperarm_l,0.3515527546405792,0.3515527546405792,0.3515527546405792,1
1,head,0.351334810256958,0.351334810256958,0.351334810256958,1
5,RUpArmTwist_l_02,0.3512883484363556,0.3512883484363556,0.3512883484363556,1
5,RCalfTwist_01,0.351269006729126,0.351269006729126,0.351269006729126,1
1,hand_l,0.35126250982284546,0.35126250982284546,0.35126250982284546,1
56,calf_l,0.35094350576400757,0.35094350576400757,0.35094350576400757,1
37,thumb_01_l,0.3508702218532562,0.3508702218532562,0.3508702218532562,1
83,middle_01_l,0.3507212996482849,0.3507212996482849,0.3507212996482849,1
42,upperarm_l,0.35070350766181946,0.35070350766181946,0.35070350766181946,1
65,pinky_01_r,0.3506109416484833,0.3506109416484833,0.3506109416484833,1
68,thigh_r,0.35038208961486816,0.35038208961486816,0.35038208961486816,1
28,upperarm_l,0.3502199351787567,0.3502199351787567,0.3502199351787567,1
20,RUpArmTwist_l_01,0.35019275546073914,0.35019275546073914,0.35019275546073914,1
8,spine_02,0.3501296937465668,0.3501296937465668,0.3501296937465668,1
41,lowerarm_l,0.3497874140739441,0.3497874140739441,0.3497874140739441,1
58,thumb_01_r,0.34973251819610596,0.34973251819610596,0.34973251819610596,1
84,calf_l,0.3494434356689453,0.3494434356689453,0.3494434356689453,1
10,thumb_01_r,0.3491499423980713,0.3491499423980713,0.3491499423980713,1
16,spine_01,0.34911876916885376,0.34911876916885376,0.34911876916885376,1
44,lowerarm_l,0.3488733768463135,0.3488733768463135,0.3488733768463135,1
8,neck_01,0.3487986624240875,0.3487986624240875,0.3487986624240875,1
34,ball_r,0.3486631512641907,0.3486631512641907,0.3486631512641907,1
64,middle_01_l,0.3486059010028839,0.3486059010028839,0.3486059010028839,1
43,upperarm_l,0.3485163152217865,0.3485163152217865,0.3485163152217865,1
8,Bip001,0.3484254777431488,0.3484254777431488,0.3484254777431488,1
58,spine_02,0.34836554527282715,0.34836554527282715,0.34836554527282715,1
80,pinky_01_l,0.348120778799057,0.348120778799057,0.348120778799057,1
58,lowerarm_r,0.34806114435195923,0.34806114435195923,0.34806114435195923,1
14,RUpArmTwist_l_01,0.3479035198688507,0.3479035198688507,0.3479035198688507,1
3,ring_01_l,0.3475731909275055,0.3475731909275055,0.3475731909275055,1
5,index_01_r,0.34729433059692383,0.34729433059692383,0.34729433059692383,1
16,middle_01_l,0.34710144996643066,0.34710144996643066,0.34710144996643066,1
83,upperarm_r,0.3469913899898529,0.3469913899898529,0.3469913899898529,1
9,thumb_01_r,0.34668129682540894,0.34668129682540894,0.34668129682540894,1
60,clavicle_r,0.3465788960456848,0.3465788960456848,0.3465788960456848,1
18,ball_l,0.34651079773902893,0.34651079773902893,0.34651079773902893,1
41,pinky_01_l,0.3460131287574768,0.3460131287574768,0.3460131287574768,1
77,pinky_01_l,0.3459945023059845,0.3459945023059845,0.3459945023059845,1
32,middle_01_l,0.34597423672676086,0.34597423672676086,0.34597423672676086,1
9,RUpArmTwist_r_02,0.3458896279335022,0.3458896279335022,0.3458896279335022,1
36,ring_01_r,0.3458404839038849,0.3458404839038849,0.3458404839038849,1
25,middle_01_l,0.34579551219940186,0.34579551219940186,0.34579551219940186,1
35,pinky_01_r,0.34574094414711,0.34574094414711,0.34574094414711,1
24,thumb_01_l,0.34562960267066956,0.34562960267066956,0.34562960267066956,1
67,thigh_l,0.3456009328365326,0.3456009328365326,0.3456009328365326,1
34,ball_l,0.34544870257377625,0.34544870257377625,0.34544870257377625,1
2,neck_01,0.34516289830207825,0.34516289830207825,0.34516289830207825,1
46,middle_01_l,0.345141738653183,0.345141738653183,0.345141738653183,1
12,lowerarm_r,0.3448486924171448,0.3448486924171448,0.3448486924171448,1
13,foot_r,0.344847708940506,0.344847708940506,0.344847708940506,1
29,pinky_01_r,0.3448021709918976,0.3448021709918976,0.3448021709918976,1
73,hand_l,0.34476104378700256,0.34476104378700256,0.34476104378700256,1
26,pinky_01_r,0.3447013199329376,0.3447013199329376,0.3447013199329376,1
51,ball_l,0.3446592688560486,0.3446592688560486,0.3446592688560486,1
15,foot_r,0.3444954454898834,0.3444954454898834,0.3444954454898834,1
25,spine_02,0.34427082538604736,0.34427082538604736,0.34427082538604736,1
23,thumb_01_l,0.34424862265586853,0.34424862265586853,0.34424862265586853,1
80,clavicle_r,0.34419021010398865,0.34419021010398865,0.34419021010398865,1
63,spine_01,0.3437906801700592,0.3437906801700592,0.3437906801700592,1
41,upperarm_r,0.34358757734298706,0.34358757734298706,0.34358757734298706,1
41,calf_l,0.3431544899940491,0.3431544899940491,0.3431544899940491,1
20,ball_l,0.34304848313331604,0.34304848313331604,0.34304848313331604,1
68,upperarm_r,0.3428773581981659,0.3428773581981659,0.3428773581981659,1
21,neck_01,0.34257471561431885,0.34257471561431885,0.34257471561431885,1
3,hand_r,0.34245920181274414,0.34245920181274414,0.34245920181274414,1
42,calf_l,0.34204167127609253,0.34204167127609253,0.34204167127609253,1
73,ring_01_r,0.342039555311203,0.342039555311203,0.342039555311203,1
84,upperarm_r,0.3416970670223236,0.3416970670223236,0.3416970670223236,1
43,middle_01_l,0.3414195775985718,0.3414195775985718,0.3414195775985718,1
9,RUpArmTwist_l_02,0.34131017327308655,0.34131017327308655,0.34131017327308655,1
52,lowerarm_r,0.34107065200805664,0.34107065200805664,0.34107065200805664,1
70,upperarm_r,0.340862900018692,0.340862900018692,0.340862900018692,1
47,middle_01_l,0.34056925773620605,0.34056925773620605,0.34056925773620605,1
62,thumb_01_l,0.34033918380737305,0.34033918380737305,0.34033918380737305,1
7,middle_01_l,0.34030717611312866,0.34030717611312866,0.34030717611312866,1
60,upperarm_r,0.3402905762195587,0.3402905762195587,0.3402905762195587,1
54,spine_01,0.3402283191680908,0.3402283191680908,0.3402283191680908,1
42,hand_r,0.3400745689868927,0.3400745689868927,0.3400745689868927,1
23,lowerarm_r,0.3398576080799103,0.3398576080799103,0.3398576080799103,1
57,upperarm_r,0.33972084522247314,0.33972084522247314,0.33972084522247314,1
42,ring_01_r,0.3396793603897095,0.3396793603897095,0.3396793603897095,1
85,ball_l,0.3394947946071625,0.3394947946071625,0.3394947946071625,1
35,upperarm_r,0.33935806155204773,0.33935806155204773,0.33935806155204773,1
34,ring_01_r,0.33930131793022156,0.33930131793022156,0.33930131793022156,1
78,pinky_01_l,0.3392018973827362,0.3392018973827362,0.3392018973827362,1
73,RUpArmTwist_r_01,0.33919838070869446,0.33919838070869446,0.33919838070869446,1
25,hand_l,0.33899232745170593,0.33899232745170593,0.33899232745170593,1
58,thigh_l,0.33897948265075684,0.33897948265075684,0.33897948265075684,1
7,RUpArmTwist_r_02,0.33874422311782837,0.33874422311782837,0.33874422311782837,1
34,thumb_01_l,0.33874309062957764,0.33874309062957764,0.33874309062957764,1
16,pinky_01_l,0.3382227420806885,0.3382227420806885,0.3382227420806885,1
75,RUpArmTwist_r_02,0.33819928765296936,0.33819928765296936,0.33819928765296936,1
68,neck_01,0.338192880153656,0.338192880153656,0.338192880153656,1
60,RUpArmTwist_l_02,0.33813732862472534,0.33813732862472534,0.33813732862472534,1
70,hand_l,0.33808162808418274,0.33808162808418274,0.33808162808418274,1
8,ring_01_r,0.33795779943466187,0.33795779943466187,0.33795779943466187,1
46,neck_01,0.33762210607528687,0.33762210607528687,0.33762210607528687,1
36,lowerarm_r,0.33752623200416565,0.33752623200416565,0.33752623200416565,1
30,index_01_r,0.3374688923358917,0.3374688923358917,0.3374688923358917,1
62,calf_l,0.33746060729026794,0.33746060729026794,0.33746060729026794,1
37,clavicle_r,0.3373776376247406,0.3373776376247406,0.3373776376247406,1
63,RUpArmTwist_l_02,0.33732542395591736,0.33732542395591736,0.33732542395591736,1
64,spine_01,0.33730074763298035,0.33730074763298035,0.33730074763298035,1
11,thigh_r,0.33708876371383667,0.33708876371383667,0.33708876371383667,1
19,thigh_l,0.3369235098361969,0.3369235098361969,0.3369235098361969,1
26,ball_l,0.3367363512516022,0.3367363512516022,0.3367363512516022,1
55,neck_01,0.3366850018501282,0.3366850018501282,0.3366850018501282,1
72,pinky_01_r,0.3363599181175232,0.3363599181175232,0.3363599181175232,1
35,LCalfTwist_03,0.33630362153053284,0.33630362153053284,0.33630362153053284,1
18,foot_r,0.33629125356674194,0.33629125356674194,0.33629125356674194,1
3,head,0.336148738861084,0.336148738861084,0.336148738861084,1
25,ball_l,0.3360691964626312,0.3360691964626312,0.3360691964626312,1
41,ring_01_l,0.33598214387893677,0.33598214387893677,0.33598214387893677,1
75,calf_l,0.3359575867652893,0.3359575867652893,0.3359575867652893,1
55,middle_01_l,0.3358292281627655,0.3358292281627655,0.3358292281627655,1
4,calf_r,0.33579644560813904,0.33579644560813904,0.33579644560813904,1
15,ball_l,0.3356568217277527,0.3356568217277527,0.3356568217277527,1
36,clavicle_r,0.3356505334377289,0.3356505334377289,0.3356505334377289,1
61,neck_01,0.3353580832481384,0.3353580832481384,0.3353580832481384,1
72,hand_l,0.3353551924228668,0.3353551924228668,0.3353551924228668,1
76,ring_01_l,0.3353317379951477,0.3353317379951477,0.3353317379951477,1
74,neck_01,0.33526498079299927,0.33526498079299927,0.33526498079299927,1
74,ring_01_r,0.33525803685188293,0.33525803685188293,0.33525803685188293,1
12,neck_01,0.33494558930397034,0.33494558930397034,0.33494558930397034,1
63,pinky_01_l,0.3348107635974884,0.3348107635974884,0.3348107635974884,1
61,spine_01,0.33475327491760254,0.33475327491760254,0.33475327491760254,1
51,pinky_01_l,0.3345335125923157,0.3345335125923157,0.3345335125923157,1
42,thigh_r,0.33447015285491943,0.33447015285491943,0.33447015285491943,1
50,calf_r,0.33418864011764526,0.33418864011764526,0.33418864011764526,1
6,upperarm_r,0.3341563045978546,0.3341563045978546,0.3341563045978546,1
22,index_01_r,0.33407843112945557,0.33407843112945557,0.33407843112945557,1
9,hand_l,0.3337806165218353,0.3337806165218353,0.3337806165218353,1
70,lowerarm_r,0.33372339606285095,0.33372339606285095,0.33372339606285095,1
7,lowerarm_r,0.33340537548065186,0.33340537548065186,0.33340537548065186,1
18,ring_01_r,0.33328041434288025,0.33328041434288025,0.33328041434288025,1
76,foot_l,0.33327800035476685,0.33327800035476685,0.33327800035476685,1
69,hand_l,0.3332687318325043,0.3332687318325043,0.3332687318325043,1
10,LCalfTwist_01,0.33323535323143005,0.33323535323143005,0.33323535323143005,1
27,pinky_01_r,0.33319756388664246,0.33319756388664246,0.33319756388664246,1
84,thumb_01_r,0.3331705629825592,0.3331705629825592,0.3331705629825592,1
69,foot_l,0.33312273025512695,0.33312273025512695,0.33312273025512695,1
84,hand_l,0.3330843448638916,0.3330843448638916,0.3330843448638916,1
84,pinky_01_l,0.333065390586853,0.333065390586853,0.333065390586853,1
61,upperarm_r,0.3329903185367584,0.3329903185367584,0.3329903185367584,1
79,ball_l,0.33295074105262756,0.33295074105262756,0.33295074105262756,1
16,thumb_01_r,0.3329329788684845,0.3329329788684845,0.3329329788684845,1
42,LCalfTwist_03,0.33279499411582947,0.33279499411582947,0.33279499411582947,1
5,middle_01_l,0.332474946975708,0.332474946975708,0.332474946975708,1
11,calf_r,0.33229973912239075,0.33229973912239075,0.33229973912239075,1
75,thigh_l,0.3321928083896637,0.3321928083896637,0.3321928083896637,1
21,lowerarm_l,0.33196520805358887,0.33196520805358887,0.33196520805358887,1
9,ring_01_r,0.3319116532802582,0.3319116532802582,0.3319116532802582,1
25,pinky_01_l,0.33184587955474854,0.33184587955474854,0.33184587955474854,1
36,pinky_01_r,0.33181023597717285,0.33181023597717285,0.33181023597717285,1
7,thigh_l,0.33163881301879883,0.33163881301879883,0.33163881301879883,1
79,lowerarm_r,0.331626832485199,0.331626832485199,0.331626832485199,1
85,LCalfTwist_03,0.33159586787223816,0.33159586787223816,0.33159586787223816,1
5,calf_r,0.33159202337265015,0.33159202337265015,0.33159202337265015,1
40,calf_l,0.3315650522708893,0.3315650522708893,0.3315650522708893,1
10,thumb_01_l,0.33153900504112244,0.33153900504112244,0.33153900504112244,1
71,thumb_01_r,0.3311724066734314,0.3311724066734314,0.3311724066734314,1
46,foot_l,0.3310282826423645,0.3310282826423645,0.3310282826423645,1
43,hand_r,0.3309027850627899,0.3309027850627899,0.3309027850627899,1
15,lowerarm_r,0.3308473229408264,0.3308473229408264,0.3308473229408264,1
41,RUpArmTwist_l_02,0.33080923557281494,0.33080923557281494,0.33080923557281494,1
29,hand_r,0.33062341809272766,0.33062341809272766,0.33062341809272766,1
20,upperarm_l,0.3306126296520233,0.3306126296520233,0.3306126296520233,1
74,ring_01_l,0.33054834604263306,0.33054834604263306,0.33054834604263306,1
28,thumb_01_l,0.3304891586303711,0.3304891586303711,0.3304891586303711,1
44,thigh_r,0.33010151982307434,0.33010151982307434,0.33010151982307434,1
21,RUpArmTwist_r_02,0.33010077476501465,0.33010077476501465,0.33010077476501465,1
1,ring_01_r,0.32930609583854675,0.32930609583854675,0.32930609583854675,1
74,spine_01,0.32910600304603577,0.32910600304603577,0.32910600304603577,1
29,upperarm_r,0.32892340421676636,0.32892340421676636,0.32892340421676636,1
42,ring_01_l,0.3283731937408447,0.3283731937408447,0.3283731937408447,1
16,ring_01_r,0.32818305492401123,0.32818305492401123,0.32818305492401123,1
62,pinky_01_l,0.32812026143074036,0.32812026143074036,0.32812026143074036,1
34,foot_r,0.32810065150260925,0.32810065150260925,0.32810065150260925,1
45,clavicle_r,0.32807841897010803,0.32807841897010803,0.32807841897010803,1
25,RUpArmTwist_r_02,0.3279995620250702,0.3279995620250702,0.3279995620250702,1
83,pinky_01_l,0.32766881585121155,0.32766881585121155,0.32766881585121155,1
23,neck_01,0.3276054263114929,0.3276054263114929,0.3276054263114929,1
84,RUpArmTwist_r_01,0.32757166028022766,0.32757166028022766,0.32757166028022766,1
12,index_01_r,0.3275580406188965,0.3275580406188965,0.3275580406188965,1
8,foot_r,0.3275342881679535,0.3275342881679535,0.3275342881679535,1
24,ball_l,0.32744377851486206,0.32744377851486206,0.32744377851486206,1
33,RUpArmTwist_l_01,0.3274122178554535,0.3274122178554535,0.3274122178554535,1
81,middle_01_l,0.32738471031188965,0.32738471031188965,0.32738471031188965,1
48,thumb_01_l,0.3271586000919342,0.3271586000919342,0.3271586000919342,1
19,head,0.3271491825580597,0.3271491825580597,0.3271491825580597,1
6,ring_01_r,0.3267543315887451,0.3267543315887451,0.3267543315887451,1
14,pinky_01_l,0.32660749554634094,0.32660749554634094,0.32660749554634094,1
13,pinky_01_l,0.3265209197998047,0.3265209197998047,0.3265209197998047,1
76,lowerarm_r,0.326494425535202,0.326494425535202,0.326494425535202,1
75,thigh_r,0.3263886868953705,0.3263886868953705,0.3263886868953705,1
0,RCalfTwist_03,0.32635873556137085,0.32635873556137085,0.32635873556137085,1
3,thigh_l,0.32622265815734863,0.32622265815734863,0.32622265815734863,1
61,lowerarm_r,0.32616645097732544,0.32616645097732544,0.32616645097732544,1
60,thumb_01_l,0.32611173391342163,0.32611173391342163,0.32611173391342163,1
4,RCalfTwist_03,0.3260803520679474,0.3260803520679474,0.3260803520679474,1
37,ball_r,0.3258250653743744,0.3258250653743744,0.3258250653743744,1
73,RUpArmTwist_r_02,0.32571643590927124,0.32571643590927124,0.32571643590927124,1
42,upperarm_r,0.3257119059562683,0.3257119059562683,0.3257119059562683,1
70,RUpArmTwist_l_01,0.32564496994018555,0.32564496994018555,0.32564496994018555,1
40,foot_r,0.3256185054779053,0.3256185054779053,0.3256185054779053,1
0,spine_01,0.3255555033683777,0.3255555033683777,0.3255555033683777,1
39,hand_r,0.3251144587993622,0.3251144587993622,0.3251144587993622,1
22,thumb_01_l,0.32503318786621094,0.32503318786621094,0.32503318786621094,1
6,middle_01_l,0.32501158118247986,0.32501158118247986,0.32501158118247986,1
74,thumb_01_l,0.3249862790107727,0.3249862790107727,0.3249862790107727,1
85,thumb_01_r,0.32475546002388,0.32475546002388,0.32475546002388,1
48,pinky_01_r,0.32461607456207275,0.32461607456207275,0.32461607456207275,1
65,hand_r,0.3245164752006531,0.3245164752006531,0.3245164752006531,1
74,LCalfTwist_03,0.3244659900665283,0.3244659900665283,0.3244659900665283,1
63,upperarm_r,0.3243626654148102,0.3243626654148102,0.3243626654148102,1
35,lowerarm_r,0.32426124811172485,0.32426124811172485,0.32426124811172485,1
32,ball_r,0.3242487609386444,0.3242487609386444,0.3242487609386444,1
59,head,0.32383501529693604,0.32383501529693604,0.32383501529693604,1
15,thigh_r,0.323345810174942,0.323345810174942,0.323345810174942,1
1,hand_r,0.32310011982917786,0.32310011982917786,0.32310011982917786,1
27,thumb_01_l,0.3230859339237213,0.3230859339237213,0.3230859339237213,1
42,thumb_01_l,0.3228033483028412,0.3228033483028412,0.3228033483028412,1
79,neck_01,0.32279840111732483,0.32279840111732483,0.32279840111732483,1
2,clavicle_r,0.3226747214794159,0.3226747214794159,0.3226747214794159,1
27,lowerarm_l,0.322367399930954,0.322367399930954,0.322367399930954,1
54,upperarm_r,0.32235342264175415,0.32235342264175415,0.32235342264175415,1
49,calf_l,0.32229217886924744,0.32229217886924744,0.32229217886924744,1
65,ball_r,0.3221791684627533,0.3221791684627533,0.3221791684627533,1
49,pinky_01_r,0.322121262550354,0.322121262550354,0.322121262550354,1
0,ball_l,0.32192227244377136,0.32192227244377136,0.32192227244377136,1
2,RUpArmTwist_r_02,0.32178476452827454,0.32178476452827454,0.32178476452827454,1
30,thumb_01_l,0.3216245472431183,0.3216245472431183,0.3216245472431183,1
30,spine_01,0.3214419186115265,0.3214419186115265,0.3214419186115265,1
53,head,0.32138174772262573,0.32138174772262573,0.32138174772262573,1
56,upperarm_r,0.32121944427490234,0.32121944427490234,0.32121944427490234,1
11,LCalfTwist_03,0.321212500333786,0.321212500333786,0.321212500333786,1
71,clavicle_r,0.3211534321308136,0.3211534321308136,0.3211534321308136,1
78,lowerarm_r,0.3211478292942047,0.3211478292942047,0.3211478292942047,1
44,middle_01_l,0.32110005617141724,0.32110005617141724,0.32110005617141724,1
72,ball_l,0.32079970836639404,0.32079970836639404,0.32079970836639404,1
26,pinky_01_l,0.32075968384742737,0.32075968384742737,0.32075968384742737,1
10,lowerarm_r,0.32053548097610474,0.32053548097610474,0.32053548097610474,1
31,ball_l,0.32050755620002747,0.32050755620002747,0.32050755620002747,1
58,thumb_01_l,0.32048505544662476,0.32048505544662476,0.32048505544662476,1
4,clavicle_l,0.3204532563686371,0.3204532563686371,0.3204532563686371,1
72,middle_01_l,0.3203614354133606,0.3203614354133606,0.3203614354133606,1
41,thumb_01_l,0.32027071714401245,0.32027071714401245,0.32027071714401245,1
40,pinky_01_l,0.3200189173221588,0.3200189173221588,0.3200189173221588,1
12,foot_r,0.3199872672557831,0.3199872672557831,0.3199872672557831,1
19,ring_01_r,0.31997382640838623,0.31997382640838623,0.31997382640838623,1
39,middle_01_l,0.3197348713874817,0.3197348713874817,0.3197348713874817,1
51,RUpArmTwist_l_01,0.31957748532295227,0.31957748532295227,0.31957748532295227,1
43,hand_l,0.31950095295906067,0.31950095295906067,0.31950095295906067,1
17,lowerarm_l,0.3191866874694824,0.3191866874694824,0.3191866874694824,1
67,hand_l,0.3191835880279541,0.3191835880279541,0.3191835880279541,1
26,R_ForeTwist_01,0.31890520453453064,0.31890520453453064,0.31890520453453064,1
31,calf_r,0.31876039505004883,0.31876039505004883,0.31876039505004883,1
32,RUpArmTwist_l_01,0.3186572194099426,0.3186572194099426,0.3186572194099426,1
44,pinky_01_r,0.31859254837036133,0.31859254837036133,0.31859254837036133,1
42,RCalfTwist_03,0.3184632658958435,0.3184632658958435,0.3184632658958435,1
59,thumb_01_l,0.31812888383865356,0.31812888383865356,0.31812888383865356,1
2,LCalfTwist_03,0.3180299997329712,0.3180299997329712,0.3180299997329712,1
45,hand_l,0.3178982734680176,0.3178982734680176,0.3178982734680176,1
24,index_01_r,0.31763944029808044,0.31763944029808044,0.31763944029808044,1
51,middle_01_l,0.317629337310791,0.317629337310791,0.317629337310791,1
13,thumb_01_l,0.317466676235199,0.317466676235199,0.317466676235199,1
59,hand_l,0.3174245357513428,0.3174245357513428,0.3174245357513428,1
32,ring_01_r,0.3172912001609802,0.3172912001609802,0.3172912001609802,1
27,thumb_01_r,0.317264199256897,0.317264199256897,0.317264199256897,1
9,foot_r,0.31720489263534546,0.31720489263534546,0.31720489263534546,1
31,RUpArmTwist_l_02,0.3170625567436218,0.3170625567436218,0.3170625567436218,1
17,thumb_01_r,0.3170053958892822,0.3170053958892822,0.3170053958892822,1
25,foot_r,0.3168754577636719,0.3168754577636719,0.3168754577636719,1
19,thumb_01_r,0.31674832105636597,0.31674832105636597,0.31674832105636597,1
39,pinky_01_l,0.3165382742881775,0.3165382742881775,0.3165382742881775,1
38,R_ForeTwist_01,0.3165000379085541,0.3165000379085541,0.3165000379085541,1
60,neck_01,0.3163754343986511,0.3163754343986511,0.3163754343986511,1
39,thumb_01_l,0.3163283169269562,0.3163283169269562,0.3163283169269562,1
24,spine_02,0.31628331542015076,0.31628331542015076,0.31628331542015076,1
5,hand_l,0.3159515857696533,0.3159515857696533,0.3159515857696533,1
60,ring_01_l,0.31588685512542725,0.31588685512542725,0.31588685512542725,1
70,middle_01_l,0.31585341691970825,0.31585341691970825,0.31585341691970825,1
10,upperarm_l,0.3157725930213928,0.3157725930213928,0.3157725930213928,1
46,RCalfTwist_01,0.31556591391563416,0.31556591391563416,0.31556591391563416,1
25,R_ForeTwist_01,0.31554946303367615,0.31554946303367615,0.31554946303367615,1
21,index_01_r,0.3155401647090912,0.3155401647090912,0.3155401647090912,1
69,middle_01_l,0.31534507870674133,0.31534507870674133,0.31534507870674133,1
21,thumb_01_r,0.31513699889183044,0.31513699889183044,0.31513699889183044,1
76,pinky_01_r,0.31510335206985474,0.31510335206985474,0.31510335206985474,1
75,ball_r,0.31505465507507324,0.31505465507507324,0.31505465507507324,1
43,thumb_01_l,0.3150418996810913,0.3150418996810913,0.3150418996810913,1
21,foot_r,0.3148830533027649,0.3148830533027649,0.3148830533027649,1
29,pinky_01_l,0.3147694766521454,0.3147694766521454,0.3147694766521454,1
16,RUpArmTwist_r_02,0.31467774510383606,0.31467774510383606,0.31467774510383606,1
37,index_01_r,0.3144993484020233,0.3144993484020233,0.3144993484020233,1
6,pinky_01_l,0.3143250346183777,0.3143250346183777,0.3143250346183777,1
7,clavicle_r,0.31423866748809814,0.31423866748809814,0.31423866748809814,1
74,middle_01_l,0.314226359128952,0.314226359128952,0.314226359128952,1
32,hand_l,0.31415799260139465,0.31415799260139465,0.31415799260139465,1
18,thumb_01_r,0.31399592757225037,0.31399592757225037,0.31399592757225037,1
50,thigh_r,0.31389445066452026,0.31389445066452026,0.31389445066452026,1
50,pinky_01_l,0.31388381123542786,0.31388381123542786,0.31388381123542786,1
35,ring_01_r,0.31385183334350586,0.31385183334350586,0.31385183334350586,1
20,thumb_01_r,0.31384220719337463,0.31384220719337463,0.31384220719337463,1
11,thumb_01_r,0.31342703104019165,0.31342703104019165,0.31342703104019165,1
16,head,0.31336626410484314,0.31336626410484314,0.31336626410484314,1
65,thigh_l,0.3127584755420685,0.3127584755420685,0.3127584755420685,1
79,pinky_01_l,0.3116086721420288,0.3116086721420288,0.3116086721420288,1
6,head,0.3115841746330261,0.3115841746330261,0.3115841746330261,1
77,lowerarm_r,0.31138601899147034,0.31138601899147034,0.31138601899147034,1
54,ball_l,0.31131479144096375,0.31131479144096375,0.31131479144096375,1
9,thumb_01_l,0.31116366386413574,0.31116366386413574,0.31116366386413574,1
49,lowerarm_r,0.3107134997844696,0.3107134997844696,0.3107134997844696,1
4,spine_01,0.31066760420799255,0.31066760420799255,0.31066760420799255,1
74,head,0.31052684783935547,0.31052684783935547,0.31052684783935547,1
44,foot_r,0.31048744916915894,0.31048744916915894,0.31048744916915894,1
18,LCalfTwist_03,0.3103775084018707,0.3103775084018707,0.3103775084018707,1
50,thumb_01_l,0.3100995421409607,0.3100995421409607,0.3100995421409607,1
43,neck_01,0.30999261140823364,0.30999261140823364,0.30999261140823364,1
65,RCalfTwist_03,0.30970558524131775,0.30970558524131775,0.30970558524131775,1
76,spine_01,0.3096887171268463,0.3096887171268463,0.3096887171268463,1
42,middle_01_l,0.30968499183654785,0.30968499183654785,0.30968499183654785,1
11,neck_01,0.3096747398376465,0.3096747398376465,0.3096747398376465,1
62,middle_01_l,0.3096235692501068,0.3096235692501068,0.3096235692501068,1
52,thumb_01_r,0.3095131814479828,0.3095131814479828,0.3095131814479828,1
70,pinky_01_l,0.30943563580513,0.30943563580513,0.30943563580513,1
9,Bip001,0.3093968331813812,0.3093968331813812,0.3093968331813812,1
38,middle_01_l,0.3093455135822296,0.3093455135822296,0.3093455135822296,1
6,hand_r,0.30932536721229553,0.30932536721229553,0.30932536721229553,1
34,LCalfTwist_03,0.30901020765304565,0.30901020765304565,0.30901020765304565,1
67,middle_01_l,0.3089977204799652,0.3089977204799652,0.3089977204799652,1
76,LCalfTwist_03,0.3089231848716736,0.3089231848716736,0.3089231848716736,1
52,RCalfTwist_01,0.3087700307369232,0.3087700307369232,0.3087700307369232,1
29,RUpArmTwist_r_02,0.308713436126709,0.308713436126709,0.308713436126709,1
7,neck_01,0.3086707293987274,0.3086707293987274,0.3086707293987274,1
48,lowerarm_r,0.30861347913742065,0.30861347913742065,0.30861347913742065,1
76,thigh_r,0.30850714445114136,0.30850714445114136,0.30850714445114136,1
73,thumb_01_l,0.308252215385437,0.308252215385437,0.308252215385437,1
14,thumb_01_l,0.308210551738739,0.308210551738739,0.308210551738739,1
3,neck_01,0.30820968747138977,0.30820968747138977,0.30820968747138977,1
16,thumb_01_l,0.3080786168575287,0.3080786168575287,0.3080786168575287,1
49,thumb_01_l,0.30799251794815063,0.30799251794815063,0.30799251794815063,1
4,middle_01_l,0.307955801486969,0.307955801486969,0.307955801486969,1
83,thumb_01_l,0.30794259905815125,0.30794259905815125,0.30794259905815125,1
63,RUpArmTwist_r_02,0.3075903356075287,0.3075903356075287,0.3075903356075287,1
46,hand_r,0.30755287408828735,0.30755287408828735,0.30755287408828735,1
77,RUpArmTwist_r_02,0.30751463770866394,0.30751463770866394,0.30751463770866394,1
71,middle_01_l,0.3074936866760254,0.3074936866760254,0.3074936866760254,1
78,calf_l,0.3074363172054291,0.3074363172054291,0.3074363172054291,1
23,index_01_r,0.30710554122924805,0.30710554122924805,0.30710554122924805,1
14,hand_l,0.3068733215332031,0.3068733215332031,0.3068733215332031,1
78,foot_l,0.3068580627441406,0.3068580627441406,0.3068580627441406,1
1,pinky_01_r,0.30677416920661926,0.30677416920661926,0.30677416920661926,1
36,thumb_01_l,0.3067091405391693,0.3067091405391693,0.3067091405391693,1
34,index_01_r,0.3066895008087158,0.3066895008087158,0.3066895008087158,1
45,RUpArmTwist_l_02,0.30665963888168335,0.30665963888168335,0.30665963888168335,1
45,RUpArmTwist_r_02,0.3064497411251068,0.3064497411251068,0.3064497411251068,1
50,RUpArmTwist_r_02,0.30636653304100037,0.30636653304100037,0.30636653304100037,1
4,ring_01_l,0.30635955929756165,0.30635955929756165,0.30635955929756165,1
48,middle_01_l,0.3062129020690918,0.3062129020690918,0.3062129020690918,1
66,lowerarm_r,0.3061758279800415,0.3061758279800415,0.3061758279800415,1
42,calf_r,0.3060804307460785,0.3060804307460785,0.3060804307460785,1
17,LCalfTwist_03,0.3060356080532074,0.3060356080532074,0.3060356080532074,1
55,pinky_01_r,0.3059450685977936,0.3059450685977936,0.3059450685977936,1
46,ball_l,0.30576929450035095,0.30576929450035095,0.30576929450035095,1
39,ball_l,0.3056546747684479,0.3056546747684479,0.3056546747684479,1
60,lowerarm_r,0.3056509792804718,0.3056509792804718,0.3056509792804718,1
20,lowerarm_l,0.3055572807788849,0.3055572807788849,0.3055572807788849,1
51,ball_r,0.3054606020450592,0.3054606020450592,0.3054606020450592,1
82,pinky_01_l,0.3051395118236542,0.3051395118236542,0.3051395118236542,1
21,head,0.3051208257675171,0.3051208257675171,0.3051208257675171,1
79,RCalfTwist_01,0.3050665259361267,0.3050665259361267,0.3050665259361267,1
11,RUpArmTwist_r_02,0.3049796521663666,0.3049796521663666,0.3049796521663666,1
15,RUpArmTwist_l_01,0.3047947585582733,0.3047947585582733,0.3047947585582733,1
47,thumb_01_l,0.3047429621219635,0.3047429621219635,0.3047429621219635,1
20,index_01_r,0.3041805326938629,0.3041805326938629,0.3041805326938629,1
46,index_01_l,0.3037894666194916,0.3037894666194916,0.3037894666194916,1
38,neck_01,0.30365365743637085,0.30365365743637085,0.30365365743637085,1
84,R_ForeTwist_01,0.3035913109779358,0.3035913109779358,0.3035913109779358,1
1,thumb_01_r,0.30346205830574036,0.30346205830574036,0.30346205830574036,1
49,middle_01_l,0.30341848731040955,0.30341848731040955,0.30341848731040955,1
31,thumb_01_r,0.30316802859306335,0.30316802859306335,0.30316802859306335,1
21,spine_01,0.3031423091888428,0.3031423091888428,0.3031423091888428,1
44,ball_r,0.30304738879203796,0.30304738879203796,0.30304738879203796,1
44,hand_r,0.30301138758659363,0.30301138758659363,0.30301138758659363,1
14,lowerarm_l,0.3029341399669647,0.3029341399669647,0.3029341399669647,1
35,thumb_01_r,0.3028867840766907,0.3028867840766907,0.3028867840766907,1
40,pinky_01_r,0.3028203547000885,0.3028203547000885,0.3028203547000885,1
71,thumb_01_l,0.3027116358280182,0.3027116358280182,0.3027116358280182,1
11,thumb_01_l,0.30262449383735657,0.30262449383735657,0.30262449383735657,1
56,RUpArmTwist_l_02,0.3023737967014313,0.3023737967014313,0.3023737967014313,1
35,ball_r,0.3019917607307434,0.3019917607307434,0.3019917607307434,1
54,hand_l,0.30195966362953186,0.30195966362953186,0.30195966362953186,1
66,middle_01_l,0.3017646074295044,0.3017646074295044,0.3017646074295044,1
85,RUpArmTwist_r_01,0.30163493752479553,0.30163493752479553,0.30163493752479553,1
70,thigh_r,0.30128130316734314,0.30128130316734314,0.30128130316734314,1
22,thumb_01_r,0.30122822523117065,0.30122822523117065,0.30122822523117065,1
84,head,0.30096372961997986,0.30096372961997986,0.30096372961997986,1
75,foot_l,0.30087339878082275,0.30087339878082275,0.30087339878082275,1
85,head,0.3008549213409424,0.3008549213409424,0.3008549213409424,1
39,foot_r,0.3005629777908325,0.3005629777908325,0.3005629777908325,1
4,ball_l,0.30043619871139526,0.30043619871139526,0.30043619871139526,1
16,lowerarm_r,0.30034950375556946,0.30034950375556946,0.30034950375556946,1
15,pinky_01_l,0.30032384395599365,0.30032384395599365,0.30032384395599365,1
38,clavicle_r,0.3002803921699524,0.3002803921699524,0.3002803921699524,1
0,RUpArmTwist_r_01,0.3001340925693512,0.3001340925693512,0.3001340925693512,1
13,calf_l,0.29986169934272766,0.29986169934272766,0.29986169934272766,1
69,pinky_01_l,0.2997562885284424,0.2997562885284424,0.2997562885284424,1
72,thumb_01_r,0.29967057704925537,0.29967057704925537,0.29967057704925537,1
2,ball_r,0.29965949058532715,0.29965949058532715,0.29965949058532715,1
69,hand_r,0.2995504140853882,0.2995504140853882,0.2995504140853882,1
55,RUpArmTwist_r_02,0.2994283437728882,0.2994283437728882,0.2994283437728882,1
53,RCalfTwist_01,0.2993484139442444,0.2993484139442444,0.2993484139442444,1
0,RUpArmTwist_l_02,0.29933902621269226,0.29933902621269226,0.29933902621269226,1
58,pinky_01_r,0.2989305555820465,0.2989305555820465,0.2989305555820465,1
9,LCalfTwist_01,0.2988213002681732,0.2988213002681732,0.2988213002681732,1
25,thigh_l,0.29855018854141235,0.29855018854141235,0.29855018854141235,1
24,R_ForeTwist_01,0.29852890968322754,0.29852890968322754,0.29852890968322754,1
16,LCalfTwist_01,0.29850953817367554,0.29850953817367554,0.29850953817367554,1
78,head,0.29825782775878906,0.29825782775878906,0.29825782775878906,1
51,hand_l,0.2980044484138489,0.2980044484138489,0.2980044484138489,1
35,head,0.29791703820228577,0.29791703820228577,0.29791703820228577,1
0,ring_01_r,0.29784631729125977,0.29784631729125977,0.29784631729125977,1
74,ball_r,0.297809898853302,0.297809898853302,0.297809898853302,1
57,thumb_01_l,0.2977249324321747,0.2977249324321747,0.2977249324321747,1
26,ball_r,0.2976943850517273,0.2976943850517273,0.2976943850517273,1
19,ball_r,0.29766684770584106,0.29766684770584106,0.29766684770584106,1
54,calf_l,0.29755496978759766,0.29755496978759766,0.29755496978759766,1
23,spine_02,0.29753902554512024,0.29753902554512024,0.29753902554512024,1
70,foot_r,0.297427773475647,0.297427773475647,0.297427773475647,1
7,thigh_r,0.29730603098869324,0.29730603098869324,0.29730603098869324,1
7,pinky_01_l,0.2972116470336914,0.2972116470336914,0.2972116470336914,1
66,RUpArmTwist_r_02,0.2969013452529907,0.2969013452529907,0.2969013452529907,1
13,LCalfTwist_03,0.2966696619987488,0.2966696619987488,0.2966696619987488,1
53,calf_r,0.2966196835041046,0.2966196835041046,0.2966196835041046,1
35,thumb_01_l,0.296610563993454,0.296610563993454,0.296610563993454,1
38,pinky_01_r,0.2960522472858429,0.2960522472858429,0.2960522472858429,1
72,upperarm_r,0.29594409465789795,0.29594409465789795,0.29594409465789795,1
82,LCalfTwist_02,0.2958735227584839,0.2958735227584839,0.2958735227584839,1
74,foot_l,0.2958264946937561,0.2958264946937561,0.2958264946937561,1
79,thigh_l,0.2957151234149933,0.2957151234149933,0.2957151234149933,1
83,thumb_01_r,0.29562288522720337,0.29562288522720337,0.29562288522720337,1
15,thumb_01_l,0.29556480050086975,0.29556480050086975,0.29556480050086975,1
63,upperarm_l,0.2955314815044403,0.2955314815044403,0.2955314815044403,1
21,thumb_01_l,0.2954513132572174,0.2954513132572174,0.2954513132572174,1
17,upperarm_l,0.29542768001556396,0.29542768001556396,0.29542768001556396,1
29,upperarm_l,0.29529455304145813,0.29529455304145813,0.29529455304145813,1
26,index_01_r,0.2951773405075073,0.2951773405075073,0.2951773405075073,1
50,middle_01_l,0.29502934217453003,0.29502934217453003,0.29502934217453003,1
50,pinky_01_r,0.2949938178062439,0.2949938178062439,0.2949938178062439,1
82,upperarm_l,0.29497039318084717,0.29497039318084717,0.29497039318084717,1
27,R_ForeTwist_01,0.29494529962539673,0.29494529962539673,0.29494529962539673,1
2,RCalfTwist_02,0.2949037551879883,0.2949037551879883,0.2949037551879883,1
20,head,0.2945605218410492,0.2945605218410492,0.2945605218410492,1
0,hand_r,0.29450225830078125,0.29450225830078125,0.29450225830078125,1
68,middle_01_l,0.2944008708000183,0.2944008708000183,0.2944008708000183,1
49,pinky_01_l,0.29434913396835327,0.29434913396835327,0.29434913396835327,1
13,neck_01,0.29428237676620483,0.29428237676620483,0.29428237676620483,1
49,thigh_r,0.2942163348197937,0.2942163348197937,0.2942163348197937,1
15,thumb_01_r,0.29406440258026123,0.29406440258026123,0.29406440258026123,1
77,RCalfTwist_01,0.2937731146812439,0.2937731146812439,0.2937731146812439,1
13,hand_l,0.29376891255378723,0.29376891255378723,0.29376891255378723,1
24,neck_01,0.29361987113952637,0.29361987113952637,0.29361987113952637,1
36,index_01_r,0.29357653856277466,0.29357653856277466,0.29357653856277466,1
13,RUpArmTwist_r_02,0.2935357093811035,0.2935357093811035,0.2935357093811035,1
77,hand_l,0.29315614700317383,0.29315614700317383,0.29315614700317383,1
83,RUpArmTwist_l_02,0.2930316627025604,0.2930316627025604,0.2930316627025604,1
6,upperarm_l,0.2924739718437195,0.2924739718437195,0.2924739718437195,1
49,head,0.29247191548347473,0.29247191548347473,0.29247191548347473,1
71,LCalfTwist_03,0.2922119200229645,0.2922119200229645,0.2922119200229645,1
45,RCalfTwist_01,0.2922027111053467,0.2922027111053467,0.2922027111053467,1
17,head,0.2920885682106018,0.2920885682106018,0.2920885682106018,1
12,hand_l,0.29205870628356934,0.29205870628356934,0.29205870628356934,1
20,spine_01,0.2918446958065033,0.2918446958065033,0.2918446958065033,1
73,middle_01_l,0.291827917098999,0.291827917098999,0.291827917098999,1
0,thumb_01_r,0.29150623083114624,0.29150623083114624,0.29150623083114624,1
7,ring_01_r,0.29149481654167175,0.29149481654167175,0.29149481654167175,1
34,thumb_01_r,0.29143261909484863,0.29143261909484863,0.29143261909484863,1
11,LCalfTwist_01,0.29130786657333374,0.29130786657333374,0.29130786657333374,1
66,head,0.29121512174606323,0.29121512174606323,0.29121512174606323,1
5,thumb_01_r,0.2911795973777771,0.2911795973777771,0.2911795973777771,1
7,spine_02,0.2911284267902374,0.2911284267902374,0.2911284267902374,1
65,middle_01_l,0.29112690687179565,0.29112690687179565,0.29112690687179565,1
65,head,0.2910797595977783,0.2910797595977783,0.2910797595977783,1
42,lowerarm_l,0.2910187244415283,0.2910187244415283,0.2910187244415283,1
59,clavicle_r,0.2904397249221802,0.2904397249221802,0.2904397249221802,1
72,head,0.2903551459312439,0.2903551459312439,0.2903551459312439,1
46,lowerarm_r,0.2903297245502472,0.2903297245502472,0.2903297245502472,1
62,lowerarm_l,0.28999143838882446,0.28999143838882446,0.28999143838882446,1
76,thumb_01_l,0.2899142801761627,0.2899142801761627,0.2899142801761627,1
7,thumb_01_l,0.2898573875427246,0.2898573875427246,0.2898573875427246,1
34,lowerarm_r,0.28981778025627136,0.28981778025627136,0.28981778025627136,1
15,spine_02,0.28951847553253174,0.28951847553253174,0.28951847553253174,1
4,RCalfTwist_01,0.2893783450126648,0.2893783450126648,0.2893783450126648,1
59,thigh_r,0.28932255506515503,0.28932255506515503,0.28932255506515503,1
30,Bip001,0.28931981325149536,0.28931981325149536,0.28931981325149536,1
29,thumb_01_r,0.2891286015510559,0.2891286015510559,0.2891286015510559,1
33,thumb_01_l,0.2889820635318756,0.2889820635318756,0.2889820635318756,1
45,upperarm_r,0.2889622449874878,0.2889622449874878,0.2889622449874878,1
28,pinky_01_l,0.2889132499694824,0.2889132499694824,0.2889132499694824,1
63,index_01_r,0.288836807012558,0.288836807012558,0.288836807012558,1
19,thumb_01_l,0.28883206844329834,0.28883206844329834,0.28883206844329834,1
10,calf_r,0.288688987493515,0.288688987493515,0.288688987493515,1
26,thumb_01_r,0.2886238098144531,0.2886238098144531,0.2886238098144531,1
7,thumb_01_r,0.2885242700576782,0.2885242700576782,0.2885242700576782,1
2,thumb_01_l,0.2884659767150879,0.2884659767150879,0.2884659767150879,1
11,upperarm_r,0.28843891620635986,0.28843891620635986,0.28843891620635986,1
60,R_ForeTwist_01,0.2884329855442047,0.2884329855442047,0.2884329855442047,1
78,calf_r,0.28832897543907166,0.28832897543907166,0.28832897543907166,1
29,thumb_01_l,0.28800278902053833,0.28800278902053833,0.28800278902053833,1
5,pinky_01_l,0.2879539132118225,0.2879539132118225,0.2879539132118225,1
49,index_01_r,0.287953644990921,0.287953644990921,0.287953644990921,1
36,calf_r,0.28791457414627075,0.28791457414627075,0.28791457414627075,1
66,RUpArmTwist_l_02,0.28780701756477356,0.28780701756477356,0.28780701756477356,1
46,thumb_01_l,0.28780004382133484,0.28780004382133484,0.28780004382133484,1
32,thigh_r,0.28779760003089905,0.28779760003089905,0.28779760003089905,1
84,neck_01,0.28777387738227844,0.28777387738227844,0.28777387738227844,1
40,hand_l,0.28733566403388977,0.28733566403388977,0.28733566403388977,1
62,neck_01,0.2872878909111023,0.2872878909111023,0.2872878909111023,1
71,hand_r,0.28723445534706116,0.28723445534706116,0.28723445534706116,1
27,pinky_01_l,0.2872117757797241,0.2872117757797241,0.2872117757797241,1
59,lowerarm_r,0.2871748208999634,0.2871748208999634,0.2871748208999634,1
33,ring_01_r,0.28711941838264465,0.28711941838264465,0.28711941838264465,1
59,hand_r,0.28704890608787537,0.28704890608787537,0.28704890608787537,1
44,thumb_01_r,0.2870372533798218,0.2870372533798218,0.2870372533798218,1
58,head,0.28686296939849854,0.28686296939849854,0.28686296939849854,1
18,upperarm_l,0.2868114709854126,0.2868114709854126,0.2868114709854126,1
84,ball_r,0.28666478395462036,0.28666478395462036,0.28666478395462036,1
78,LCalfTwist_03,0.2865663766860962,0.2865663766860962,0.2865663766860962,1
64,index_01_r,0.2865237891674042,0.2865237891674042,0.2865237891674042,1
36,thumb_01_r,0.2864064872264862,0.2864064872264862,0.2864064872264862,1
71,pinky_01_r,0.2861471176147461,0.2861471176147461,0.2861471176147461,1
75,middle_01_l,0.2860993444919586,0.2860993444919586,0.2860993444919586,1
47,RUpArmTwist_r_02,0.28605908155441284,0.28605908155441284,0.28605908155441284,1
52,RCalfTwist_03,0.28567537665367126,0.28567537665367126,0.28567537665367126,1
48,hand_l,0.2852812111377716,0.2852812111377716,0.2852812111377716,1
4,L_ForeTwist_02,0.2852664589881897,0.2852664589881897,0.2852664589881897,1
69,upperarm_r,0.2852028012275696,0.2852028012275696,0.2852028012275696,1
40,thumb_01_l,0.28512445092201233,0.28512445092201233,0.28512445092201233,1
3,spine_01,0.28511449694633484,0.28511449694633484,0.28511449694633484,1
37,RUpArmTwist_l_01,0.2850351631641388,0.2850351631641388,0.2850351631641388,1
51,thigh_r,0.2849997580051422,0.2849997580051422,0.2849997580051422,1
40,RUpArmTwist_l_01,0.2848815321922302,0.2848815321922302,0.2848815321922302,1
58,middle_01_l,0.28457021713256836,0.28457021713256836,0.28457021713256836,1
58,hand_r,0.28445297479629517,0.28445297479629517,0.28445297479629517,1
36,RUpArmTwist_r_02,0.2843846082687378,0.2843846082687378,0.2843846082687378,1
45,upperarm_l,0.28433874249458313,0.28433874249458313,0.28433874249458313,1
70,neck_01,0.2843273878097534,0.2843273878097534,0.2843273878097534,1
28,thumb_01_r,0.2841566205024719,0.2841566205024719,0.2841566205024719,1
53,upperarm_r,0.28391438722610474,0.28391438722610474,0.28391438722610474,1
48,index_01_r,0.2838838994503021,0.2838838994503021,0.2838838994503021,1
14,neck_01,0.2835600972175598,0.2835600972175598,0.2835600972175598,1
2,RUpArmTwist_r_01,0.2835107147693634,0.2835107147693634,0.2835107147693634,1
25,ball_r,0.28331995010375977,0.28331995010375977,0.28331995010375977,1
42,RUpArmTwist_l_02,0.2832295000553131,0.2832295000553131,0.2832295000553131,1
77,calf_l,0.28303107619285583,0.28303107619285583,0.28303107619285583,1
17,thumb_01_l,0.28295984864234924,0.28295984864234924,0.28295984864234924,1
3,ball_l,0.28295373916625977,0.28295373916625977,0.28295373916625977,1
25,calf_r,0.2828906178474426,0.2828906178474426,0.2828906178474426,1
15,clavicle_r,0.2828056812286377,0.2828056812286377,0.2828056812286377,1
4,pinky_01_r,0.2827947735786438,0.2827947735786438,0.2827947735786438,1
76,RUpArmTwist_l_02,0.28258025646209717,0.28258025646209717,0.28258025646209717,1
85,thumb_01_l,0.2825189232826233,0.2825189232826233,0.2825189232826233,1
57,thumb_01_r,0.28237420320510864,0.28237420320510864,0.28237420320510864,1
61,LCalfTwist_03,0.2823730409145355,0.2823730409145355,0.2823730409145355,1
74,RUpArmTwist_r_02,0.28236475586891174,0.28236475586891174,0.28236475586891174,1
10,index_01_r,0.28200289607048035,0.28200289607048035,0.28200289607048035,1
40,neck_01,0.2819499373435974,0.2819499373435974,0.2819499373435974,1
3,pinky_01_l,0.2818683683872223,0.2818683683872223,0.2818683683872223,1
43,thumb_01_r,0.2816561758518219,0.2816561758518219,0.2816561758518219,1
29,lowerarm_l,0.2816259264945984,0.2816259264945984,0.2816259264945984,1
79,clavicle_r,0.2815655469894409,0.2815655469894409,0.2815655469894409,1
78,clavicle_r,0.28149092197418213,0.28149092197418213,0.28149092197418213,1
32,upperarm_r,0.28142622113227844,0.28142622113227844,0.28142622113227844,1
80,middle_01_l,0.281383216381073,0.281383216381073,0.281383216381073,1
38,index_01_r,0.2813180685043335,0.2813180685043335,0.2813180685043335,1
14,index_01_r,0.2812016010284424,0.2812016010284424,0.2812016010284424,1
38,RCalfTwist_01,0.2811627686023712,0.2811627686023712,0.2811627686023712,1
6,RCalfTwist_03,0.2810109853744507,0.2810109853744507,0.2810109853744507,1
26,clavicle_l,0.2810015380382538,0.2810015380382538,0.2810015380382538,1
55,pinky_01_l,0.28097739815711975,0.28097739815711975,0.28097739815711975,1
74,thumb_01_r,0.280906081199646,0.280906081199646,0.280906081199646,1
70,thumb_01_r,0.2807759940624237,0.2807759940624237,0.2807759940624237,1
72,thumb_01_l,0.28076961636543274,0.28076961636543274,0.28076961636543274,1
32,lowerarm_r,0.280746191740036,0.280746191740036,0.280746191740036,1
18,index_01_r,0.28073275089263916,0.28073275089263916,0.28073275089263916,1
37,hand_r,0.2807009816169739,0.2807009816169739,0.2807009816169739,1
40,RUpArmTwist_r_01,0.2806786894798279,0.2806786894798279,0.2806786894798279,1
78,index_01_r,0.2806755602359772,0.2806755602359772,0.2806755602359772,1
53,LCalfTwist_01,0.2806280851364136,0.2806280851364136,0.2806280851364136,1
72,clavicle_r,0.2806241810321808,0.2806241810321808,0.2806241810321808,1
79,hand_l,0.2806239426136017,0.2806239426136017,0.2806239426136017,1
46,index_01_r,0.2806071639060974,0.2806071639060974,0.2806071639060974,1
82,spine_01,0.2805083394050598,0.2805083394050598,0.2805083394050598,1
66,RCalfTwist_03,0.2802726924419403,0.2802726924419403,0.2802726924419403,1
41,spine_01,0.2802068591117859,0.2802068591117859,0.2802068591117859,1
65,hand_l,0.2800173759460449,0.2800173759460449,0.2800173759460449,1
76,RCalfTwist_01,0.2799891531467438,0.2799891531467438,0.2799891531467438,1
59,thumb_01_r,0.27982592582702637,0.27982592582702637,0.27982592582702637,1
35,calf_r,0.2797014117240906,0.2797014117240906,0.2797014117240906,1
37,thumb_01_r,0.2796459197998047,0.2796459197998047,0.2796459197998047,1
66,RUpArmTwist_l_01,0.27960067987442017,0.27960067987442017,0.27960067987442017,1
52,R_ForeTwist_01,0.2795347273349762,0.2795347273349762,0.2795347273349762,1
81,lowerarm_r,0.2794952392578125,0.2794952392578125,0.2794952392578125,1
44,lowerarm_r,0.27937591075897217,0.27937591075897217,0.27937591075897217,1
46,L_ForeTwist_01,0.2789909243583679,0.2789909243583679,0.2789909243583679,1
60,upperarm_l,0.2785552144050598,0.2785552144050598,0.2785552144050598,1
49,hand_r,0.27848440408706665,0.27848440408706665,0.27848440408706665,1
47,RUpArmTwist_l_01,0.27836403250694275,0.27836403250694275,0.27836403250694275,1
36,middle_01_l,0.278363972902298,0.278363972902298,0.278363972902298,1
67,foot_l,0.27832886576652527,0.27832886576652527,0.27832886576652527,1
74,pinky_01_r,0.278198778629303,0.278198778629303,0.278198778629303,1
19,index_01_r,0.27810153365135193,0.27810153365135193,0.27810153365135193,1
55,hand_r,0.2780977189540863,0.2780977189540863,0.2780977189540863,1
62,RUpArmTwist_l_02,0.27798494696617126,0.27798494696617126,0.27798494696617126,1
37,spine_01,0.2776757478713989,0.2776757478713989,0.2776757478713989,1
25,thumb_01_r,0.277598112821579,0.277598112821579,0.277598112821579,1
17,clavicle_r,0.27749550342559814,0.27749550342559814,0.27749550342559814,1
82,upperarm_r,0.27748188376426697,0.27748188376426697,0.27748188376426697,1
85,Bip001,0.2774003744125366,0.2774003744125366,0.2774003744125366,1
52,calf_l,0.2773669362068176,0.2773669362068176,0.2773669362068176,1
42,thumb_01_r,0.2773239016532898,0.2773239016532898,0.2773239016532898,1
33,index_01_r,0.27730342745780945,0.27730342745780945,0.27730342745780945,1
82,thumb_01_r,0.2772456705570221,0.2772456705570221,0.2772456705570221,1
52,pinky_01_l,0.2771713137626648,0.2771713137626648,0.2771713137626648,1
2,R_ForeTwist_01,0.2770288586616516,0.2770288586616516,0.2770288586616516,1
56,thumb_01_l,0.27676770091056824,0.27676770091056824,0.27676770091056824,1
4,pinky_01_l,0.2767590284347534,0.2767590284347534,0.2767590284347534,1
47,spine_01,0.27653297781944275,0.27653297781944275,0.27653297781944275,1
47,index_01_r,0.27651193737983704,0.27651193737983704,0.27651193737983704,1
43,LCalfTwist_01,0.2764389216899872,0.2764389216899872,0.2764389216899872,1
76,ball_r,0.27635887265205383,0.27635887265205383,0.27635887265205383,1
66,ball_r,0.27609309554100037,0.27609309554100037,0.27609309554100037,1
73,thumb_01_r,0.2757812738418579,0.2757812738418579,0.2757812738418579,1
39,RCalfTwist_01,0.27572712302207947,0.27572712302207947,0.27572712302207947,1
25,index_01_r,0.2752857506275177,0.2752857506275177,0.2752857506275177,1
75,neck_01,0.2751624882221222,0.2751624882221222,0.2751624882221222,1
81,R_ForeTwist_01,0.27513518929481506,0.27513518929481506,0.27513518929481506,1
31,lowerarm_l,0.2750474810600281,0.2750474810600281,0.2750474810600281,1
78,spine_01,0.2750031352043152,0.2750031352043152,0.2750031352043152,1
70,spine_02,0.2749409079551697,0.2749409079551697,0.2749409079551697,1
32,thumb_01_l,0.27485644817352295,0.27485644817352295,0.27485644817352295,1
21,upperarm_l,0.27484485507011414,0.27484485507011414,0.27484485507011414,1
20,RUpArmTwist_r_02,0.27478155493736267,0.27478155493736267,0.27478155493736267,1
39,lowerarm_l,0.2744816243648529,0.2744816243648529,0.2744816243648529,1
17,ring_01_r,0.2744254767894745,0.2744254767894745,0.2744254767894745,1
32,RUpArmTwist_r_02,0.2744094729423523,0.2744094729423523,0.2744094729423523,1
75,spine_01,0.274373322725296,0.274373322725296,0.274373322725296,1
56,middle_01_l,0.27436432242393494,0.27436432242393494,0.27436432242393494,1
51,thumb_01_l,0.2743372619152069,0.2743372619152069,0.2743372619152069,1
4,ball_r,0.27426138520240784,0.27426138520240784,0.27426138520240784,1
38,thumb_01_l,0.2741464674472809,0.2741464674472809,0.2741464674472809,1
6,thumb_01_l,0.2741209864616394,0.2741209864616394,0.2741209864616394,1
41,upperarm_l,0.27407169342041016,0.27407169342041016,0.27407169342041016,1
71,ball_r,0.2739925980567932,0.2739925980567932,0.2739925980567932,1
65,calf_l,0.273896187543869,0.273896187543869,0.273896187543869,1
39,R_ForeTwist_01,0.2737244963645935,0.2737244963645935,0.2737244963645935,1
31,RUpArmTwist_r_02,0.27370670437812805,0.27370670437812805,0.27370670437812805,1
27,clavicle_l,0.2735739052295685,0.2735739052295685,0.2735739052295685,1
65,foot_l,0.2734491527080536,0.2734491527080536,0.2734491527080536,1
8,RUpArmTwist_r_01,0.2733250856399536,0.2733250856399536,0.2733250856399536,1
30,ball_r,0.2728721797466278,0.2728721797466278,0.2728721797466278,1
30,foot_r,0.27285364270210266,0.27285364270210266,0.27285364270210266,1
80,RCalfTwist_01,0.272836297750473,0.272836297750473,0.272836297750473,1
3,foot_l,0.27272534370422363,0.27272534370422363,0.27272534370422363,1
23,thumb_01_r,0.27268457412719727,0.27268457412719727,0.27268457412719727,1
38,calf_r,0.2726776897907257,0.2726776897907257,0.2726776897907257,1
35,RCalfTwist_03,0.2723870277404785,0.2723870277404785,0.2723870277404785,1
71,head,0.2723197042942047,0.2723197042942047,0.2723197042942047,1
14,clavicle_r,0.27225252985954285,0.27225252985954285,0.27225252985954285,1
55,ball_l,0.27224916219711304,0.27224916219711304,0.27224916219711304,1
27,foot_l,0.27210086584091187,0.27210086584091187,0.27210086584091187,1
3,RUpArmTwist_r_02,0.2720663547515869,0.2720663547515869,0.2720663547515869,1
58,LCalfTwist_03,0.27200329303741455,0.27200329303741455,0.27200329303741455,1
7,upperarm_r,0.27198848128318787,0.27198848128318787,0.27198848128318787,1
19,LCalfTwist_01,0.27181971073150635,0.27181971073150635,0.27181971073150635,1
12,spine_01,0.2717951238155365,0.2717951238155365,0.2717951238155365,1
84,thumb_01_l,0.2717300057411194,0.2717300057411194,0.2717300057411194,1
19,upperarm_l,0.2717280387878418,0.2717280387878418,0.2717280387878418,1
17,hand_l,0.2716980278491974,0.2716980278491974,0.2716980278491974,1
30,thigh_r,0.27169308066368103,0.27169308066368103,0.27169308066368103,1
33,thumb_01_r,0.27121299505233765,0.27121299505233765,0.27121299505233765,1
49,RUpArmTwist_l_02,0.271176278591156,0.271176278591156,0.271176278591156,1
62,spine_01,0.27098390460014343,0.27098390460014343,0.27098390460014343,1
18,thumb_01_l,0.2709559500217438,0.2709559500217438,0.2709559500217438,1
80,R_ForeTwist_01,0.27085408568382263,0.27085408568382263,0.27085408568382263,1
44,RCalfTwist_01,0.27069684863090515,0.27069684863090515,0.27069684863090515,1
73,neck_01,0.2706352174282074,0.2706352174282074,0.2706352174282074,1
71,neck_01,0.2704879641532898,0.2704879641532898,0.2704879641532898,1
42,LCalfTwist_01,0.2704507112503052,0.2704507112503052,0.2704507112503052,1
31,LCalfTwist_02,0.2701708674430847,0.2701708674430847,0.2701708674430847,1
81,pinky_01_l,0.2701672911643982,0.2701672911643982,0.2701672911643982,1
35,clavicle_r,0.2700822651386261,0.2700822651386261,0.2700822651386261,1
33,RUpArmTwist_r_02,0.270029753446579,0.270029753446579,0.270029753446579,1
19,lowerarm_l,0.270006388425827,0.270006388425827,0.270006388425827,1
77,head,0.26987704634666443,0.26987704634666443,0.26987704634666443,1
43,upperarm_r,0.2697734832763672,0.2697734832763672,0.2697734832763672,1
26,RCalfTwist_01,0.2696644067764282,0.2696644067764282,0.2696644067764282,1
48,RUpArmTwist_l_01,0.2696274518966675,0.2696274518966675,0.2696274518966675,1
77,RCalfTwist_03,0.2695809602737427,0.2695809602737427,0.2695809602737427,1
67,head,0.2695097029209137,0.2695097029209137,0.2695097029209137,1
21,ball_r,0.2693771421909332,0.2693771421909332,0.2693771421909332,1
55,thumb_01_l,0.2693270742893219,0.2693270742893219,0.2693270742893219,1
12,spine_02,0.2692173421382904,0.2692173421382904,0.2692173421382904,1
55,spine_02,0.26918652653694153,0.26918652653694153,0.26918652653694153,1
74,ball_l,0.26914501190185547,0.26914501190185547,0.26914501190185547,1
61,spine_02,0.2691359221935272,0.2691359221935272,0.2691359221935272,1
8,thumb_01_l,0.2689952552318573,0.2689952552318573,0.2689952552318573,1
75,head,0.26898738741874695,0.26898738741874695,0.26898738741874695,1
85,lowerarm_r,0.26886433362960815,0.26886433362960815,0.26886433362960815,1
78,hand_l,0.2686946988105774,0.2686946988105774,0.2686946988105774,1
56,pinky_01_r,0.2685708999633789,0.2685708999633789,0.2685708999633789,1
37,ball_l,0.2685525417327881,0.2685525417327881,0.2685525417327881,1
32,Bip001,0.26848867535591125,0.26848867535591125,0.26848867535591125,1
68,hand_l,0.2684430778026581,0.2684430778026581,0.2684430778026581,1
71,ball_l,0.2682688236236572,0.2682688236236572,0.2682688236236572,1
54,hand_r,0.2681659758090973,0.2681659758090973,0.2681659758090973,1
70,foot_l,0.26811137795448303,0.26811137795448303,0.26811137795448303,1
49,hand_l,0.2678073048591614,0.2678073048591614,0.2678073048591614,1
77,thumb_01_l,0.2677184045314789,0.2677184045314789,0.2677184045314789,1
26,LCalfTwist_03,0.26770469546318054,0.26770469546318054,0.26770469546318054,1
3,LCalfTwist_03,0.26761993765830994,0.26761993765830994,0.26761993765830994,1
10,Bip001,0.2676190733909607,0.2676190733909607,0.2676190733909607,1
27,RCalfTwist_01,0.26760920882225037,0.26760920882225037,0.26760920882225037,1
25,RCalfTwist_01,0.2675064206123352,0.2675064206123352,0.2675064206123352,1
9,thigh_r,0.2674442529678345,0.2674442529678345,0.2674442529678345,1
10,foot_r,0.26725515723228455,0.26725515723228455,0.26725515723228455,1
57,middle_01_l,0.26721328496932983,0.26721328496932983,0.26721328496932983,1
78,middle_01_l,0.2672079801559448,0.2672079801559448,0.2672079801559448,1
45,R_ForeTwist_01,0.2668148875236511,0.2668148875236511,0.2668148875236511,1
82,thumb_01_l,0.26677441596984863,0.26677441596984863,0.26677441596984863,1
35,RUpArmTwist_l_01,0.266713410615921,0.266713410615921,0.266713410615921,1
40,R_ForeTwist_01,0.26670145988464355,0.26670145988464355,0.26670145988464355,1
37,middle_01_l,0.26658058166503906,0.26658058166503906,0.26658058166503906,1
39,Bip001,0.2664613723754883,0.2664613723754883,0.2664613723754883,1
17,ball_r,0.26641103625297546,0.26641103625297546,0.26641103625297546,1
71,Bip001,0.26636675000190735,0.26636675000190735,0.26636675000190735,1
2,RCalfTwist_03,0.2662583887577057,0.2662583887577057,0.2662583887577057,1
75,lowerarm_r,0.2661462128162384,0.2661462128162384,0.2661462128162384,1
27,foot_r,0.2661280035972595,0.2661280035972595,0.2661280035972595,1
40,RUpArmTwist_r_02,0.2660581171512604,0.2660581171512604,0.2660581171512604,1
40,index_01_r,0.26603472232818604,0.26603472232818604,0.26603472232818604,1
68,head,0.2659516930580139,0.2659516930580139,0.2659516930580139,1
17,RCalfTwist_03,0.2657797634601593,0.2657797634601593,0.2657797634601593,1
29,RCalfTwist_03,0.26576560735702515,0.26576560735702515,0.26576560735702515,1
69,thigh_r,0.26571571826934814,0.26571571826934814,0.26571571826934814,1
64,pinky_01_l,0.26570314168930054,0.26570314168930054,0.26570314168930054,1
14,RCalfTwist_01,0.2655546963214874,0.2655546963214874,0.2655546963214874,1
54,R_ForeTwist_01,0.26554787158966064,0.26554787158966064,0.26554787158966064,1
47,R_ForeTwist_01,0.2653726637363434,0.2653726637363434,0.2653726637363434,1
61,middle_01_l,0.26528531312942505,0.26528531312942505,0.26528531312942505,1
71,RUpArmTwist_l_01,0.2652716338634491,0.2652716338634491,0.2652716338634491,1
32,index_01_r,0.26499560475349426,0.26499560475349426,0.26499560475349426,1
1,index_01_l,0.26496702432632446,0.26496702432632446,0.26496702432632446,1
61,thumb_01_l,0.2649543285369873,0.2649543285369873,0.2649543285369873,1
82,R_ForeTwist_01,0.264917254447937,0.264917254447937,0.264917254447937,1
27,LCalfTwist_01,0.2648490071296692,0.2648490071296692,0.2648490071296692,1
10,R_ForeTwist_01,0.26462969183921814,0.26462969183921814,0.26462969183921814,1
9,upperarm_r,0.2646174728870392,0.2646174728870392,0.2646174728870392,1
11,spine_01,0.26456525921821594,0.26456525921821594,0.26456525921821594,1
5,RUpArmTwist_l_01,0.2644878029823303,0.2644878029823303,0.2644878029823303,1
57,spine_02,0.2642262578010559,0.2642262578010559,0.2642262578010559,1
36,hand_l,0.2641117572784424,0.2641117572784424,0.2641117572784424,1
13,RCalfTwist_01,0.26408591866493225,0.26408591866493225,0.26408591866493225,1
62,hand_r,0.2639019787311554,0.2639019787311554,0.2639019787311554,1
39,index_01_r,0.2638595402240753,0.2638595402240753,0.2638595402240753,1
85,R_ForeTwist_01,0.2638275623321533,0.2638275623321533,0.2638275623321533,1
17,RUpArmTwist_l_01,0.2638259530067444,0.2638259530067444,0.2638259530067444,1
44,thumb_01_l,0.2636745274066925,0.2636745274066925,0.2636745274066925,1
38,hand_l,0.26345932483673096,0.26345932483673096,0.26345932483673096,1
79,middle_01_l,0.263454794883728,0.263454794883728,0.263454794883728,1
82,hand_r,0.26338422298431396,0.26338422298431396,0.26338422298431396,1
20,thumb_01_l,0.2632195055484772,0.2632195055484772,0.2632195055484772,1
43,thigh_r,0.26321321725845337,0.26321321725845337,0.26321321725845337,1
50,RCalfTwist_03,0.26320135593414307,0.26320135593414307,0.26320135593414307,1
75,thumb_01_l,0.26318424940109253,0.26318424940109253,0.26318424940109253,1
5,RCalfTwist_02,0.2629997730255127,0.2629997730255127,0.2629997730255127,1
57,pinky_01_r,0.2628278136253357,0.2628278136253357,0.2628278136253357,1
45,index_01_r,0.2624008357524872,0.2624008357524872,0.2624008357524872,1
3,ball_r,0.26237252354621887,0.26237252354621887,0.26237252354621887,1
46,clavicle_r,0.2623389959335327,0.2623389959335327,0.2623389959335327,1
6,thumb_01_r,0.26232731342315674,0.26232731342315674,0.26232731342315674,1
6,index_01_r,0.2622841000556946,0.2622841000556946,0.2622841000556946,1
15,index_01_r,0.2622625231742859,0.2622625231742859,0.2622625231742859,1
1,index_01_r,0.2621753513813019,0.2621753513813019,0.2621753513813019,1
65,pinky_01_l,0.2621487081050873,0.2621487081050873,0.2621487081050873,1
70,head,0.26200681924819946,0.26200681924819946,0.26200681924819946,1
5,RUpArmTwist_r_02,0.26199930906295776,0.26199930906295776,0.26199930906295776,1
51,hand_r,0.2619965076446533,0.2619965076446533,0.2619965076446533,1
36,ball_l,0.26178014278411865,0.26178014278411865,0.26178014278411865,1
11,lowerarm_r,0.2616121172904968,0.2616121172904968,0.2616121172904968,1
45,hand_r,0.2615891098976135,0.2615891098976135,0.2615891098976135,1
51,upperarm_r,0.2614095211029053,0.2614095211029053,0.2614095211029053,1
39,hand_l,0.261391282081604,0.261391282081604,0.261391282081604,1
37,hand_l,0.26123133301734924,0.26123133301734924,0.26123133301734924,1
41,RCalfTwist_03,0.26089176535606384,0.26089176535606384,0.26089176535606384,1
41,calf_r,0.2607800364494324,0.2607800364494324,0.2607800364494324,1
44,index_01_r,0.26068636775016785,0.26068636775016785,0.26068636775016785,1
47,LCalfTwist_03,0.26058873534202576,0.26058873534202576,0.26058873534202576,1
81,thumb_01_l,0.26049456000328064,0.26049456000328064,0.26049456000328064,1
35,middle_01_l,0.26023370027542114,0.26023370027542114,0.26023370027542114,1
58,RCalfTwist_01,0.26011162996292114,0.26011162996292114,0.26011162996292114,1
7,head,0.2598487436771393,0.2598487436771393,0.2598487436771393,1
52,index_01_l,0.25982892513275146,0.25982892513275146,0.25982892513275146,1
45,L_ForeTwist_01,0.2597850561141968,0.2597850561141968,0.2597850561141968,1
80,thumb_01_l,0.2595076262950897,0.2595076262950897,0.2595076262950897,1
68,R_ForeTwist_01,0.2594182789325714,0.2594182789325714,0.2594182789325714,1
24,foot_l,0.25928980112075806,0.25928980112075806,0.25928980112075806,1
79,RUpArmTwist_r_02,0.2592433989048004,0.2592433989048004,0.2592433989048004,1
74,LCalfTwist_01,0.25920456647872925,0.25920456647872925,0.25920456647872925,1
56,thigh_r,0.25907576084136963,0.25907576084136963,0.25907576084136963,1
44,RUpArmTwist_l_02,0.25906288623809814,0.25906288623809814,0.25906288623809814,1
53,spine_01,0.2588941156864166,0.2588941156864166,0.2588941156864166,1
11,hand_l,0.2586754560470581,0.2586754560470581,0.2586754560470581,1
24,clavicle_r,0.25862500071525574,0.25862500071525574,0.25862500071525574,1
38,lowerarm_l,0.25848087668418884,0.25848087668418884,0.25848087668418884,1
78,R_ForeTwist_01,0.2583853304386139,0.2583853304386139,0.2583853304386139,1
83,ball_r,0.2583669424057007,0.2583669424057007,0.2583669424057007,1
31,thigh_r,0.2582821547985077,0.2582821547985077,0.2582821547985077,1
79,thumb_01_l,0.25815969705581665,0.25815969705581665,0.25815969705581665,1
6,hand_l,0.25796863436698914,0.25796863436698914,0.25796863436698914,1
34,middle_01_l,0.25781500339508057,0.25781500339508057,0.25781500339508057,1
43,RUpArmTwist_r_02,0.2577710747718811,0.2577710747718811,0.2577710747718811,1
15,LCalfTwist_02,0.2575976550579071,0.2575976550579071,0.2575976550579071,1
13,thumb_01_r,0.25740087032318115,0.25740087032318115,0.25740087032318115,1
13,R_ForeTwist_01,0.25737106800079346,0.25737106800079346,0.25737106800079346,1
65,index_01_l,0.25736597180366516,0.25736597180366516,0.25736597180366516,1
76,upperarm_l,0.2573532164096832,0.2573532164096832,0.2573532164096832,1
7,RUpArmTwist_l_02,0.2573266923427582,0.2573266923427582,0.2573266923427582,1
49,calf_r,0.2572334408760071,0.2572334408760071,0.2572334408760071,1
44,clavicle_r,0.2571375370025635,0.2571375370025635,0.2571375370025635,1
45,thumb_01_r,0.257050484418869,0.257050484418869,0.257050484418869,1
83,R_ForeTwist_01,0.25697827339172363,0.25697827339172363,0.25697827339172363,1
48,calf_r,0.2568108141422272,0.2568108141422272,0.2568108141422272,1
3,L_ForeTwist_02,0.25678831338882446,0.25678831338882446,0.25678831338882446,1
56,ball_l,0.2566869258880615,0.2566869258880615,0.2566869258880615,1
36,ball_r,0.25658681988716125,0.25658681988716125,0.25658681988716125,1
53,pinky_01_l,0.2565107047557831,0.2565107047557831,0.2565107047557831,1
80,hand_r,0.25635793805122375,0.25635793805122375,0.25635793805122375,1
35,index_01_r,0.2562790513038635,0.2562790513038635,0.2562790513038635,1
12,RUpArmTwist_r_02,0.25611957907676697,0.25611957907676697,0.25611957907676697,1
65,LCalfTwist_01,0.25599977374076843,0.25599977374076843,0.25599977374076843,1
78,thigh_l,0.2559869885444641,0.2559869885444641,0.2559869885444641,1
22,RUpArmTwist_r_01,0.255753755569458,0.255753755569458,0.255753755569458,1
20,clavicle_r,0.25568023324012756,0.25568023324012756,0.25568023324012756,1
58,RCalfTwist_03,0.25559672713279724,0.25559672713279724,0.25559672713279724,1
78,thumb_01_l,0.255545437335968,0.255545437335968,0.255545437335968,1
79,index_01_r,0.2555106580257416,0.2555106580257416,0.2555106580257416,1
46,R_ForeTwist_01,0.2554111182689667,0.2554111182689667,0.2554111182689667,1
76,head,0.2553270161151886,0.2553270161151886,0.2553270161151886,1
16,index_01_r,0.2552753984928131,0.2552753984928131,0.2552753984928131,1
67,ball_l,0.25513046979904175,0.25513046979904175,0.25513046979904175,1
78,ball_l,0.2550654709339142,0.2550654709339142,0.2550654709339142,1
9,hand_r,0.25503087043762207,0.25503087043762207,0.25503087043762207,1
83,hand_l,0.2549791634082794,0.2549791634082794,0.2549791634082794,1
48,thumb_01_r,0.25474509596824646,0.25474509596824646,0.25474509596824646,1
41,head,0.25453272461891174,0.25453272461891174,0.25453272461891174,1
76,hand_r,0.254507839679718,0.254507839679718,0.254507839679718,1
80,LCalfTwist_03,0.25444310903549194,0.25444310903549194,0.25444310903549194,1
79,ball_r,0.2544419765472412,0.2544419765472412,0.2544419765472412,1
77,spine_02,0.2543993592262268,0.2543993592262268,0.2543993592262268,1
48,hand_r,0.254303514957428,0.254303514957428,0.254303514957428,1
64,RCalfTwist_01,0.2541409134864807,0.2541409134864807,0.2541409134864807,1
76,middle_01_l,0.25405752658843994,0.25405752658843994,0.25405752658843994,1
59,middle_01_l,0.25401028990745544,0.25401028990745544,0.25401028990745544,1
2,Bip001,0.25392189621925354,0.25392189621925354,0.25392189621925354,1
42,hand_l,0.25390538573265076,0.25390538573265076,0.25390538573265076,1
78,hand_r,0.2538914978504181,0.2538914978504181,0.2538914978504181,1
14,thumb_01_r,0.25384727120399475,0.25384727120399475,0.25384727120399475,1
54,index_01_r,0.2537401020526886,0.2537401020526886,0.2537401020526886,1
79,foot_l,0.2536233067512512,0.2536233067512512,0.2536233067512512,1
83,clavicle_r,0.2536143660545349,0.2536143660545349,0.2536143660545349,1
45,lowerarm_r,0.2534686326980591,0.2534686326980591,0.2534686326980591,1
33,LCalfTwist_01,0.25344768166542053,0.25344768166542053,0.25344768166542053,1
14,R_ForeTwist_01,0.25330057740211487,0.25330057740211487,0.25330057740211487,1
61,RUpArmTwist_l_01,0.25306567549705505,0.25306567549705505,0.25306567549705505,1
53,RCalfTwist_03,0.2530485987663269,0.2530485987663269,0.2530485987663269,1
62,foot_r,0.2528581917285919,0.2528581917285919,0.2528581917285919,1
52,LCalfTwist_01,0.2528122067451477,0.2528122067451477,0.2528122067451477,1
52,RUpArmTwist_l_02,0.25281038880348206,0.25281038880348206,0.25281038880348206,1
10,pinky_01_r,0.2528092563152313,0.2528092563152313,0.2528092563152313,1
0,calf_l,0.25276386737823486,0.25276386737823486,0.25276386737823486,1
30,thumb_01_r,0.2527187168598175,0.2527187168598175,0.2527187168598175,1
39,clavicle_r,0.25253039598464966,0.25253039598464966,0.25253039598464966,1
11,index_01_r,0.25243958830833435,0.25243958830833435,0.25243958830833435,1
82,RUpArmTwist_r_02,0.2524276375770569,0.2524276375770569,0.2524276375770569,1
47,LCalfTwist_01,0.25226646661758423,0.25226646661758423,0.25226646661758423,1
54,foot_l,0.25223231315612793,0.25223231315612793,0.25223231315612793,1
28,R_ForeTwist_01,0.25175774097442627,0.25175774097442627,0.25175774097442627,1
28,hand_r,0.2515949010848999,0.2515949010848999,0.2515949010848999,1
22,lowerarm_l,0.2515721321105957,0.2515721321105957,0.2515721321105957,1
24,thumb_01_r,0.2515448033809662,0.2515448033809662,0.2515448033809662,1
34,spine_01,0.25147637724876404,0.25147637724876404,0.25147637724876404,1
38,thumb_01_r,0.2512809634208679,0.2512809634208679,0.2512809634208679,1
68,pinky_01_l,0.25127363204956055,0.25127363204956055,0.25127363204956055,1
57,RUpArmTwist_l_01,0.2512384057044983,0.2512384057044983,0.2512384057044983,1
48,clavicle_r,0.25113633275032043,0.25113633275032043,0.25113633275032043,1
11,R_ForeTwist_01,0.2510593831539154,0.2510593831539154,0.2510593831539154,1
71,spine_02,0.25105172395706177,0.25105172395706177,0.25105172395706177,1
75,calf_r,0.25103676319122314,0.25103676319122314,0.25103676319122314,1
81,LCalfTwist_02,0.25099870562553406,0.25099870562553406,0.25099870562553406,1
47,upperarm_r,0.25094595551490784,0.25094595551490784,0.25094595551490784,1
2,ring_01_l,0.25084376335144043,0.25084376335144043,0.25084376335144043,1
47,clavicle_r,0.25083187222480774,0.25083187222480774,0.25083187222480774,1
50,hand_l,0.250669002532959,0.250669002532959,0.250669002532959,1
39,spine_02,0.2506534159183502,0.2506534159183502,0.2506534159183502,1
23,R_ForeTwist_01,0.25053730607032776,0.25053730607032776,0.25053730607032776,1
9,upperarm_l,0.25051677227020264,0.25051677227020264,0.25051677227020264,1
30,lowerarm_l,0.250443696975708,0.250443696975708,0.250443696975708,1
19,calf_r,0.2501225173473358,0.2501225173473358,0.2501225173473358,1
54,RUpArmTwist_l_01,0.2499275654554367,0.2499275654554367,0.2499275654554367,1
6,clavicle_r,0.2498556524515152,0.2498556524515152,0.2498556524515152,1
0,RCalfTwist_01,0.2498156726360321,0.2498156726360321,0.2498156726360321,1
9,pinky_01_r,0.2496269792318344,0.2496269792318344,0.2496269792318344,1
82,Bip001,0.24957536160945892,0.24957536160945892,0.24957536160945892,1
69,RUpArmTwist_r_02,0.24950803816318512,0.24950803816318512,0.24950803816318512,1
53,R_ForeTwist_01,0.24939654767513275,0.24939654767513275,0.24939654767513275,1
8,head,0.24937914311885834,0.24937914311885834,0.24937914311885834,1
81,thumb_01_r,0.24903056025505066,0.24903056025505066,0.24903056025505066,1
4,spine_02,0.24896065890789032,0.24896065890789032,0.24896065890789032,1
5,RCalfTwist_03,0.2488378882408142,0.2488378882408142,0.2488378882408142,1
77,ball_l,0.2488175481557846,0.2488175481557846,0.2488175481557846,1
69,thumb_01_r,0.2488097846508026,0.2488097846508026,0.2488097846508026,1
76,ball_l,0.2486933469772339,0.2486933469772339,0.2486933469772339,1
63,lowerarm_r,0.2485039234161377,0.2485039234161377,0.2485039234161377,1
3,index_01_r,0.24848374724388123,0.24848374724388123,0.24848374724388123,1
46,thumb_01_r,0.24841763079166412,0.24841763079166412,0.24841763079166412,1
67,RCalfTwist_03,0.24838785827159882,0.24838785827159882,0.24838785827159882,1
85,clavicle_l,0.24817025661468506,0.24817025661468506,0.24817025661468506,1
18,RCalfTwist_03,0.24814264476299286,0.24814264476299286,0.24814264476299286,1
31,thumb_01_l,0.24806906282901764,0.24806906282901764,0.24806906282901764,1
41,thumb_01_r,0.24771012365818024,0.24771012365818024,0.24771012365818024,1
71,lowerarm_r,0.24751237034797668,0.24751237034797668,0.24751237034797668,1
40,spine_01,0.24738790094852448,0.24738790094852448,0.24738790094852448,1
1,RUpArmTwist_r_02,0.24738334119319916,0.24738334119319916,0.24738334119319916,1
80,hand_l,0.24735063314437866,0.24735063314437866,0.24735063314437866,1
12,pinky_01_l,0.24733534455299377,0.24733534455299377,0.24733534455299377,1
65,foot_r,0.24727755784988403,0.24727755784988403,0.24727755784988403,1
54,clavicle_r,0.2471439093351364,0.2471439093351364,0.2471439093351364,1
5,thumb_01_l,0.2469882071018219,0.2469882071018219,0.2469882071018219,1
51,thumb_01_r,0.24696603417396545,0.24696603417396545,0.24696603417396545,1
80,index_01_r,0.2468852549791336,0.2468852549791336,0.2468852549791336,1
79,spine_02,0.2465360015630722,0.2465360015630722,0.2465360015630722,1
38,Bip001,0.24644851684570312,0.24644851684570312,0.24644851684570312,1
40,ball_r,0.24640753865242004,0.24640753865242004,0.24640753865242004,1
66,RCalfTwist_01,0.24630150198936462,0.24630150198936462,0.24630150198936462,1
18,lowerarm_l,0.24617066979408264,0.24617066979408264,0.24617066979408264,1
21,index_01_l,0.2460903823375702,0.2460903823375702,0.2460903823375702,1
17,spine_01,0.24603846669197083,0.24603846669197083,0.24603846669197083,1
79,R_ForeTwist_01,0.24598339200019836,0.24598339200019836,0.24598339200019836,1
55,index_01_r,0.24578742682933807,0.24578742682933807,0.24578742682933807,1
21,Bip001,0.2457597553730011,0.2457597553730011,0.2457597553730011,1
24,hand_l,0.2456684112548828,0.2456684112548828,0.2456684112548828,1
36,neck_01,0.2456137090921402,0.2456137090921402,0.2456137090921402,1
52,RUpArmTwist_r_01,0.24559076130390167,0.24559076130390167,0.24559076130390167,1
8,hand_l,0.24558895826339722,0.24558895826339722,0.24558895826339722,1
32,thumb_01_r,0.24553422629833221,0.24553422629833221,0.24553422629833221,1
8,index_01_l,0.24532867968082428,0.24532867968082428,0.24532867968082428,1
52,RUpArmTwist_r_02,0.2452828735113144,0.2452828735113144,0.2452828735113144,1
23,hand_l,0.2452278882265091,0.2452278882265091,0.2452278882265091,1
15,calf_r,0.24482931196689606,0.24482931196689606,0.24482931196689606,1
74,hand_r,0.2446535974740982,0.2446535974740982,0.2446535974740982,1
1,RUpArmTwist_l_02,0.2445896863937378,0.2445896863937378,0.2445896863937378,1
84,thigh_r,0.24444836378097534,0.24444836378097534,0.24444836378097534,1
70,clavicle_r,0.24431295692920685,0.24431295692920685,0.24431295692920685,1
15,neck_01,0.24430562555789948,0.24430562555789948,0.24430562555789948,1
25,clavicle_l,0.2442985475063324,0.2442985475063324,0.2442985475063324,1
15,RUpArmTwist_l_02,0.24415931105613708,0.24415931105613708,0.24415931105613708,1
4,R_ForeTwist_01,0.24406015872955322,0.24406015872955322,0.24406015872955322,1
27,LCalfTwist_03,0.24389848113059998,0.24389848113059998,0.24389848113059998,1
37,R_ForeTwist_01,0.24386104941368103,0.24386104941368103,0.24386104941368103,1
45,index_01_l,0.24385696649551392,0.24385696649551392,0.24385696649551392,1
20,lowerarm_r,0.24383407831192017,0.24383407831192017,0.24383407831192017,1
51,RCalfTwist_01,0.2437538504600525,0.2437538504600525,0.2437538504600525,1
70,hand_r,0.2437034249305725,0.2437034249305725,0.2437034249305725,1
80,foot_l,0.24365851283073425,0.24365851283073425,0.24365851283073425,1
33,Bip001,0.24357140064239502,0.24357140064239502,0.24357140064239502,1
78,index_01_l,0.24338647723197937,0.24338647723197937,0.24338647723197937,1
35,hand_l,0.24314558506011963,0.24314558506011963,0.24314558506011963,1
40,lowerarm_l,0.24294894933700562,0.24294894933700562,0.24294894933700562,1
83,Bip001,0.24291887879371643,0.24291887879371643,0.24291887879371643,1
36,RUpArmTwist_r_01,0.2428586184978485,0.2428586184978485,0.2428586184978485,1
15,RCalfTwist_01,0.24275068938732147,0.24275068938732147,0.24275068938732147,1
55,lowerarm_r,0.24272075295448303,0.24272075295448303,0.24272075295448303,1
3,thumb_01_l,0.24270856380462646,0.24270856380462646,0.24270856380462646,1
70,ball_l,0.2424534410238266,0.2424534410238266,0.2424534410238266,1
76,thumb_01_r,0.2424040287733078,0.2424040287733078,0.2424040287733078,1
62,calf_r,0.24231182038784027,0.24231182038784027,0.24231182038784027,1
19,thigh_r,0.24226273596286774,0.24226273596286774,0.24226273596286774,1
28,clavicle_r,0.24224424362182617,0.24224424362182617,0.24224424362182617,1
29,R_ForeTwist_01,0.24221548438072205,0.24221548438072205,0.24221548438072205,1
52,hand_l,0.24189195036888123,0.24189195036888123,0.24189195036888123,1
53,thumb_01_r,0.24185849726200104,0.24185849726200104,0.24185849726200104,1
81,RUpArmTwist_l_01,0.24172528088092804,0.24172528088092804,0.24172528088092804,1
52,thumb_01_l,0.24169281125068665,0.24169281125068665,0.24169281125068665,1
44,RCalfTwist_03,0.2415258139371872,0.2415258139371872,0.2415258139371872,1
70,thumb_01_l,0.2413053810596466,0.2413053810596466,0.2413053810596466,1
45,thumb_01_l,0.2407936006784439,0.2407936006784439,0.2407936006784439,1
73,ball_l,0.24068711698055267,0.24068711698055267,0.24068711698055267,1
50,thumb_01_r,0.24058647453784943,0.24058647453784943,0.24058647453784943,1
5,spine_01,0.24053317308425903,0.24053317308425903,0.24053317308425903,1
47,neck_01,0.24052901566028595,0.24052901566028595,0.24052901566028595,1
10,RUpArmTwist_r_02,0.24051110446453094,0.24051110446453094,0.24051110446453094,1
6,RCalfTwist_01,0.2404813915491104,0.2404813915491104,0.2404813915491104,1
56,RCalfTwist_02,0.24043428897857666,0.24043428897857666,0.24043428897857666,1
0,Bip001,0.24023990333080292,0.24023990333080292,0.24023990333080292,1
69,R_ForeTwist_01,0.2401283234357834,0.2401283234357834,0.2401283234357834,1
62,spine_02,0.2400141805410385,0.2400141805410385,0.2400141805410385,1
43,foot_r,0.23990119993686676,0.23990119993686676,0.23990119993686676,1
12,ball_r,0.239337757229805,0.239337757229805,0.239337757229805,1
39,pinky_01_r,0.2390034794807434,0.2390034794807434,0.2390034794807434,1
69,RUpArmTwist_l_01,0.2388533502817154,0.2388533502817154,0.2388533502817154,1
36,R_ForeTwist_01,0.23875479400157928,0.23875479400157928,0.23875479400157928,1
47,hand_r,0.23872050642967224,0.23872050642967224,0.23872050642967224,1
0,thumb_01_l,0.23864169418811798,0.23864169418811798,0.23864169418811798,1
80,thumb_01_r,0.23859275877475739,0.23859275877475739,0.23859275877475739,1
52,upperarm_r,0.23852784931659698,0.23852784931659698,0.23852784931659698,1
12,thumb_01_l,0.23836557567119598,0.23836557567119598,0.23836557567119598,1
14,calf_r,0.23835287988185883,0.23835287988185883,0.23835287988185883,1
58,RUpArmTwist_r_02,0.23833931982517242,0.23833931982517242,0.23833931982517242,1
47,ball_r,0.23820465803146362,0.23820465803146362,0.23820465803146362,1
32,head,0.2381468415260315,0.2381468415260315,0.2381468415260315,1
57,head,0.23812296986579895,0.23812296986579895,0.23812296986579895,1
72,RUpArmTwist_l_01,0.2381085604429245,0.2381085604429245,0.2381085604429245,1
25,neck_01,0.23805324733257294,0.23805324733257294,0.23805324733257294,1
62,RUpArmTwist_l_01,0.237984761595726,0.237984761595726,0.237984761595726,1
36,spine_01,0.23795002698898315,0.23795002698898315,0.23795002698898315,1
4,thumb_01_r,0.23787152767181396,0.23787152767181396,0.23787152767181396,1
59,RCalfTwist_01,0.23786568641662598,0.23786568641662598,0.23786568641662598,1
27,index_01_r,0.237775057554245,0.237775057554245,0.237775057554245,1
67,RCalfTwist_01,0.23777273297309875,0.23777273297309875,0.23777273297309875,1
53,thumb_01_l,0.23762162029743195,0.23762162029743195,0.23762162029743195,1
61,RUpArmTwist_l_02,0.23759159445762634,0.23759159445762634,0.23759159445762634,1
11,Bip001,0.23745769262313843,0.23745769262313843,0.23745769262313843,1
55,R_ForeTwist_01,0.23740540444850922,0.23740540444850922,0.23740540444850922,1
40,Bip001,0.23739512264728546,0.23739512264728546,0.23739512264728546,1
34,L_ForeTwist_01,0.23733125627040863,0.23733125627040863,0.23733125627040863,1
39,thumb_01_r,0.23728862404823303,0.23728862404823303,0.23728862404823303,1
0,foot_l,0.23721762001514435,0.23721762001514435,0.23721762001514435,1
63,RCalfTwist_01,0.23721687495708466,0.23721687495708466,0.23721687495708466,1
72,Bip001,0.2372022569179535,0.2372022569179535,0.2372022569179535,1
37,upperarm_r,0.23711250722408295,0.23711250722408295,0.23711250722408295,1
54,pinky_01_l,0.23704633116722107,0.23704633116722107,0.23704633116722107,1
52,head,0.23688694834709167,0.23688694834709167,0.23688694834709167,1
31,RCalfTwist_03,0.23681317269802094,0.23681317269802094,0.23681317269802094,1
0,LCalfTwist_01,0.23672635853290558,0.23672635853290558,0.23672635853290558,1
70,Bip001,0.23659631609916687,0.23659631609916687,0.23659631609916687,1
8,index_01_r,0.23645706474781036,0.23645706474781036,0.23645706474781036,1
66,index_01_r,0.23639391362667084,0.23639391362667084,0.23639391362667084,1
36,RCalfTwist_01,0.23632603883743286,0.23632603883743286,0.23632603883743286,1
84,spine_02,0.2362765222787857,0.2362765222787857,0.2362765222787857,1
76,RUpArmTwist_r_02,0.23621006309986115,0.23621006309986115,0.23621006309986115,1
21,foot_l,0.23619598150253296,0.23619598150253296,0.23619598150253296,1
26,LCalfTwist_01,0.23612770438194275,0.23612770438194275,0.23612770438194275,1
74,clavicle_r,0.2360190898180008,0.2360190898180008,0.2360190898180008,1
80,index_01_l,0.235982745885849,0.235982745885849,0.235982745885849,1
11,ball_r,0.23598237335681915,0.23598237335681915,0.23598237335681915,1
19,RUpArmTwist_r_01,0.23590721189975739,0.23590721189975739,0.23590721189975739,1
61,clavicle_r,0.23579636216163635,0.23579636216163635,0.23579636216163635,1
67,R_ForeTwist_01,0.23575975000858307,0.23575975000858307,0.23575975000858307,1
83,ball_l,0.23564749956130981,0.23564749956130981,0.23564749956130981,1
32,spine_01,0.23560556769371033,0.23560556769371033,0.23560556769371033,1
50,index_01_r,0.23560044169425964,0.23560044169425964,0.23560044169425964,1
28,RUpArmTwist_l_01,0.2355080246925354,0.2355080246925354,0.2355080246925354,1
66,pinky_01_l,0.23542867600917816,0.23542867600917816,0.23542867600917816,1
34,Bip001,0.2353702187538147,0.2353702187538147,0.2353702187538147,1
78,RUpArmTwist_l_02,0.23531652987003326,0.23531652987003326,0.23531652987003326,1
39,head,0.23524068295955658,0.23524068295955658,0.23524068295955658,1
17,index_01_r,0.23513364791870117,0.23513364791870117,0.23513364791870117,1
58,thigh_r,0.23511236906051636,0.23511236906051636,0.23511236906051636,1
72,neck_01,0.23507782816886902,0.23507782816886902,0.23507782816886902,1
65,thumb_01_l,0.23504212498664856,0.23504212498664856,0.23504212498664856,1
73,clavicle_r,0.23498836159706116,0.23498836159706116,0.23498836159706116,1
35,RUpArmTwist_r_02,0.23497559130191803,0.23497559130191803,0.23497559130191803,1
77,clavicle_r,0.23486296832561493,0.23486296832561493,0.23486296832561493,1
28,head,0.23484815657138824,0.23484815657138824,0.23484815657138824,1
34,hand_l,0.23482102155685425,0.23482102155685425,0.23482102155685425,1
36,LCalfTwist_03,0.23476870357990265,0.23476870357990265,0.23476870357990265,1
64,calf_r,0.23476216197013855,0.23476216197013855,0.23476216197013855,1
37,lowerarm_r,0.23470787703990936,0.23470787703990936,0.23470787703990936,1
16,ball_l,0.23465897142887115,0.23465897142887115,0.23465897142887115,1
49,clavicle_r,0.23462791740894318,0.23462791740894318,0.23462791740894318,1
55,hand_l,0.23461593687534332,0.23461593687534332,0.23461593687534332,1
10,spine_01,0.23459355533123016,0.23459355533123016,0.23459355533123016,1
51,head,0.2343970537185669,0.2343970537185669,0.2343970537185669,1
56,index_01_r,0.23420973122119904,0.23420973122119904,0.23420973122119904,1
75,ball_l,0.23420777916908264,0.23420777916908264,0.23420777916908264,1
33,ball_r,0.2340785562992096,0.2340785562992096,0.2340785562992096,1
81,index_01_r,0.2338859885931015,0.2338859885931015,0.2338859885931015,1
13,index_01_r,0.23386330902576447,0.23386330902576447,0.23386330902576447,1
24,ball_r,0.233848437666893,0.233848437666893,0.233848437666893,1
54,lowerarm_r,0.23379486799240112,0.23379486799240112,0.23379486799240112,1
24,L_ForeTwist_01,0.2337290197610855,0.2337290197610855,0.2337290197610855,1
81,RCalfTwist_01,0.23362073302268982,0.23362073302268982,0.23362073302268982,1
36,thigh_r,0.23361384868621826,0.23361384868621826,0.23361384868621826,1
77,index_01_r,0.23350293934345245,0.23350293934345245,0.23350293934345245,1
77,middle_01_l,0.2334512323141098,0.2334512323141098,0.2334512323141098,1
64,calf_l,0.23341532051563263,0.23341532051563263,0.23341532051563263,1
18,thigh_r,0.23327752947807312,0.23327752947807312,0.23327752947807312,1
26,calf_r,0.23325170576572418,0.23325170576572418,0.23325170576572418,1
22,spine_01,0.23321838676929474,0.23321838676929474,0.23321838676929474,1
4,head,0.23304499685764313,0.23304499685764313,0.23304499685764313,1
40,LCalfTwist_02,0.23294870555400848,0.23294870555400848,0.23294870555400848,1
60,RCalfTwist_01,0.23288904130458832,0.23288904130458832,0.23288904130458832,1
17,hand_r,0.2328130304813385,0.2328130304813385,0.2328130304813385,1
34,RUpArmTwist_r_02,0.23270127177238464,0.23270127177238464,0.23270127177238464,1
41,R_ForeTwist_01,0.23268575966358185,0.23268575966358185,0.23268575966358185,1
53,hand_l,0.23266397416591644,0.23266397416591644,0.23266397416591644,1
17,calf_r,0.2324923276901245,0.2324923276901245,0.2324923276901245,1
66,spine_01,0.2324531376361847,0.2324531376361847,0.2324531376361847,1
47,spine_02,0.23244062066078186,0.23244062066078186,0.23244062066078186,1
16,ball_r,0.2323785126209259,0.2323785126209259,0.2323785126209259,1
54,thumb_01_l,0.2322891801595688,0.2322891801595688,0.2322891801595688,1
62,index_01_r,0.23225095868110657,0.23225095868110657,0.23225095868110657,1
33,head,0.23221701383590698,0.23221701383590698,0.23221701383590698,1
60,Bip001,0.23212537169456482,0.23212537169456482,0.23212537169456482,1
17,clavicle_l,0.23202203214168549,0.23202203214168549,0.23202203214168549,1
13,calf_r,0.2319943904876709,0.2319943904876709,0.2319943904876709,1
68,thumb_01_l,0.23193183541297913,0.23193183541297913,0.23193183541297913,1
7,RUpArmTwist_r_01,0.23178690671920776,0.23178690671920776,0.23178690671920776,1
14,LCalfTwist_01,0.2317775934934616,0.2317775934934616,0.2317775934934616,1
48,upperarm_r,0.23176422715187073,0.23176422715187073,0.23176422715187073,1
72,R_ForeTwist_01,0.2317560613155365,0.2317560613155365,0.2317560613155365,1
26,neck_01,0.2317480742931366,0.2317480742931366,0.2317480742931366,1
27,spine_02,0.23170024156570435,0.23170024156570435,0.23170024156570435,1
3,thumb_01_r,0.23167793452739716,0.23167793452739716,0.23167793452739716,1
2,thumb_01_r,0.23159027099609375,0.23159027099609375,0.23159027099609375,1
78,R_ForeTwist_02,0.23157067596912384,0.23157067596912384,0.23157067596912384,1
55,RCalfTwist_02,0.23156499862670898,0.23156499862670898,0.23156499862670898,1
70,R_ForeTwist_01,0.2315593659877777,0.2315593659877777,0.2315593659877777,1
9,thigh_l,0.23142269253730774,0.23142269253730774,0.23142269253730774,1
43,LCalfTwist_03,0.23141436278820038,0.23141436278820038,0.23141436278820038,1
51,index_01_r,0.2313082069158554,0.2313082069158554,0.2313082069158554,1
4,foot_l,0.2312561422586441,0.2312561422586441,0.2312561422586441,1
19,index_01_l,0.23119862377643585,0.23119862377643585,0.23119862377643585,1
19,LCalfTwist_03,0.2311263233423233,0.2311263233423233,0.2311263233423233,1
68,RCalfTwist_01,0.2310672551393509,0.2310672551393509,0.2310672551393509,1
77,RUpArmTwist_l_02,0.23084969818592072,0.23084969818592072,0.23084969818592072,1
65,RUpArmTwist_r_02,0.23084503412246704,0.23084503412246704,0.23084503412246704,1
63,thumb_01_l,0.2308163195848465,0.2308163195848465,0.2308163195848465,1
17,RUpArmTwist_r_01,0.23081178963184357,0.23081178963184357,0.23081178963184357,1
41,index_01_r,0.2307669073343277,0.2307669073343277,0.2307669073343277,1
56,hand_r,0.23074382543563843,0.23074382543563843,0.23074382543563843,1
42,index_01_l,0.2305370271205902,0.2305370271205902,0.2305370271205902,1
54,RUpArmTwist_r_01,0.23036684095859528,0.23036684095859528,0.23036684095859528,1
85,RCalfTwist_03,0.23027710616588593,0.23027710616588593,0.23027710616588593,1
48,LCalfTwist_01,0.23023340106010437,0.23023340106010437,0.23023340106010437,1
46,Bip001,0.2300870716571808,0.2300870716571808,0.2300870716571808,1
65,R_ForeTwist_01,0.23006489872932434,0.23006489872932434,0.23006489872932434,1
11,RUpArmTwist_l_01,0.23005032539367676,0.23005032539367676,0.23005032539367676,1
43,index_01_r,0.22994069755077362,0.22994069755077362,0.22994069755077362,1
62,RUpArmTwist_r_02,0.2298387736082077,0.2298387736082077,0.2298387736082077,1
9,RCalfTwist_02,0.22965089976787567,0.22965089976787567,0.22965089976787567,1
20,calf_r,0.22938616573810577,0.22938616573810577,0.22938616573810577,1
27,spine_01,0.22923924028873444,0.22923924028873444,0.22923924028873444,1
23,ball_r,0.22920797765254974,0.22920797765254974,0.22920797765254974,1
18,Bip001,0.22910653054714203,0.22910653054714203,0.22910653054714203,1
58,Bip001,0.2290273755788803,0.2290273755788803,0.2290273755788803,1
34,R_ForeTwist_01,0.22879551351070404,0.22879551351070404,0.22879551351070404,1
9,index_01_r,0.22874659299850464,0.22874659299850464,0.22874659299850464,1
73,RUpArmTwist_l_01,0.2287396490573883,0.2287396490573883,0.2287396490573883,1
63,thumb_01_r,0.22870875895023346,0.22870875895023346,0.22870875895023346,1
76,thigh_l,0.2287062704563141,0.2287062704563141,0.2287062704563141,1
53,Bip001,0.228663370013237,0.228663370013237,0.228663370013237,1
83,RUpArmTwist_r_01,0.22862350940704346,0.22862350940704346,0.22862350940704346,1
80,spine_02,0.22819843888282776,0.22819843888282776,0.22819843888282776,1
34,RUpArmTwist_l_02,0.22798947989940643,0.22798947989940643,0.22798947989940643,1
50,head,0.22776024043560028,0.22776024043560028,0.22776024043560028,1
47,RUpArmTwist_l_02,0.22772742807865143,0.22772742807865143,0.22772742807865143,1
56,thumb_01_r,0.22768014669418335,0.22768014669418335,0.22768014669418335,1
56,clavicle_r,0.22764423489570618,0.22764423489570618,0.22764423489570618,1
60,index_01_r,0.22757133841514587,0.22757133841514587,0.22757133841514587,1
76,spine_02,0.22751982510089874,0.22751982510089874,0.22751982510089874,1
3,R_ForeTwist_01,0.22748726606369019,0.22748726606369019,0.22748726606369019,1
54,RCalfTwist_01,0.22744405269622803,0.22744405269622803,0.22744405269622803,1
31,spine_01,0.22741597890853882,0.22741597890853882,0.22741597890853882,1
74,R_ForeTwist_01,0.2273305505514145,0.2273305505514145,0.2273305505514145,1
71,hand_l,0.2273114174604416,0.2273114174604416,0.2273114174604416,1
46,hand_l,0.22730565071105957,0.22730565071105957,0.22730565071105957,1
9,R_ForeTwist_01,0.22723257541656494,0.22723257541656494,0.22723257541656494,1
9,index_01_l,0.22718369960784912,0.22718369960784912,0.22718369960784912,1
70,RUpArmTwist_r_02,0.22713223099708557,0.22713223099708557,0.22713223099708557,1
56,Bip001,0.2271067053079605,0.2271067053079605,0.2271067053079605,1
33,spine_01,0.22673048079013824,0.22673048079013824,0.22673048079013824,1
72,RCalfTwist_02,0.22670353949069977,0.22670353949069977,0.22670353949069977,1
20,index_01_l,0.22654137015342712,0.22654137015342712,0.22654137015342712,1
47,index_01_l,0.22650586068630219,0.22650586068630219,0.22650586068630219,1
31,Bip001,0.22637200355529785,0.22637200355529785,0.22637200355529785,1
50,neck_01,0.22632887959480286,0.22632887959480286,0.22632887959480286,1
7,index_01_r,0.22608910501003265,0.22608910501003265,0.22608910501003265,1
67,pinky_01_l,0.22589576244354248,0.22589576244354248,0.22589576244354248,1
84,lowerarm_r,0.2258511781692505,0.2258511781692505,0.2258511781692505,1
33,upperarm_r,0.22580312192440033,0.22580312192440033,0.22580312192440033,1
21,RUpArmTwist_l_02,0.22574932873249054,0.22574932873249054,0.22574932873249054,1
76,R_ForeTwist_01,0.22570909559726715,0.22570909559726715,0.22570909559726715,1
82,hand_l,0.2255808264017105,0.2255808264017105,0.2255808264017105,1
49,RUpArmTwist_l_01,0.22548508644104004,0.22548508644104004,0.22548508644104004,1
20,Bip001,0.22548367083072662,0.22548367083072662,0.22548367083072662,1
61,head,0.22539260983467102,0.22539260983467102,0.22539260983467102,1
81,head,0.225381538271904,0.225381538271904,0.225381538271904,1
53,L_ForeTwist_01,0.22528381645679474,0.22528381645679474,0.22528381645679474,1
0,LCalfTwist_03,0.22510136663913727,0.22510136663913727,0.22510136663913727,1
71,RUpArmTwist_r_02,0.22496773302555084,0.22496773302555084,0.22496773302555084,1
2,LCalfTwist_01,0.22496722638607025,0.22496722638607025,0.22496722638607025,1
63,RUpArmTwist_r_01,0.224876269698143,0.224876269698143,0.224876269698143,1
57,Bip001,0.2247394472360611,0.2247394472360611,0.2247394472360611,1
84,index_01_r,0.22469016909599304,0.22469016909599304,0.22469016909599304,1
29,neck_01,0.22458715736865997,0.22458715736865997,0.22458715736865997,1
75,RUpArmTwist_l_02,0.22457745671272278,0.22457745671272278,0.22457745671272278,1
84,RUpArmTwist_l_02,0.22436222434043884,0.22436222434043884,0.22436222434043884,1
26,RCalfTwist_03,0.2242223620414734,0.2242223620414734,0.2242223620414734,1
63,calf_l,0.22418905794620514,0.22418905794620514,0.22418905794620514,1
74,Bip001,0.22416448593139648,0.22416448593139648,0.22416448593139648,1
50,RUpArmTwist_l_01,0.22406934201717377,0.22406934201717377,0.22406934201717377,1
26,lowerarm_r,0.22402438521385193,0.22402438521385193,0.22402438521385193,1
62,R_ForeTwist_01,0.22375796735286713,0.22375796735286713,0.22375796735286713,1
9,spine_01,0.22375354170799255,0.22375354170799255,0.22375354170799255,1
25,foot_l,0.2237452119588852,0.2237452119588852,0.2237452119588852,1
75,upperarm_r,0.22365745902061462,0.22365745902061462,0.22365745902061462,1
49,foot_l,0.22360458970069885,0.22360458970069885,0.22360458970069885,1
53,ball_l,0.22355777025222778,0.22355777025222778,0.22355777025222778,1
77,hand_r,0.2234947681427002,0.2234947681427002,0.2234947681427002,1
8,spine_01,0.22348164021968842,0.22348164021968842,0.22348164021968842,1
60,head,0.22319896519184113,0.22319896519184113,0.22319896519184113,1
57,hand_r,0.22319015860557556,0.22319015860557556,0.22319015860557556,1
36,hand_r,0.2231387048959732,0.2231387048959732,0.2231387048959732,1
28,lowerarm_l,0.22307409346103668,0.22307409346103668,0.22307409346103668,1
0,L_ForeTwist_01,0.22307103872299194,0.22307103872299194,0.22307103872299194,1
59,R_ForeTwist_01,0.22299423813819885,0.22299423813819885,0.22299423813819885,1
32,LCalfTwist_02,0.2229175865650177,0.2229175865650177,0.2229175865650177,1
10,LCalfTwist_03,0.22276172041893005,0.22276172041893005,0.22276172041893005,1
47,Bip001,0.2225203663110733,0.2225203663110733,0.2225203663110733,1
9,RUpArmTwist_r_01,0.2224038988351822,0.2224038988351822,0.2224038988351822,1
62,RUpArmTwist_r_01,0.22229444980621338,0.22229444980621338,0.22229444980621338,1
21,R_ForeTwist_02,0.22200368344783783,0.22200368344783783,0.22200368344783783,1
47,RCalfTwist_01,0.22198891639709473,0.22198891639709473,0.22198891639709473,1
69,Bip001,0.2219601720571518,0.2219601720571518,0.2219601720571518,1
69,thumb_01_l,0.22187744081020355,0.22187744081020355,0.22187744081020355,1
73,R_ForeTwist_01,0.2218216359615326,0.2218216359615326,0.2218216359615326,1
81,calf_l,0.22180265188217163,0.22180265188217163,0.22180265188217163,1
68,calf_r,0.2217334806919098,0.2217334806919098,0.2217334806919098,1
77,index_01_l,0.2216922640800476,0.2216922640800476,0.2216922640800476,1
76,index_01_l,0.2216239869594574,0.2216239869594574,0.2216239869594574,1
23,L_ForeTwist_01,0.2215873748064041,0.2215873748064041,0.2215873748064041,1
48,calf_l,0.22143509984016418,0.22143509984016418,0.22143509984016418,1
42,head,0.22142228484153748,0.22142228484153748,0.22142228484153748,1
31,index_01_r,0.2213726043701172,0.2213726043701172,0.2213726043701172,1
55,RCalfTwist_03,0.22136077284812927,0.22136077284812927,0.22136077284812927,1
52,RUpArmTwist_l_01,0.2213209569454193,0.2213209569454193,0.2213209569454193,1
40,thumb_01_r,0.2212786078453064,0.2212786078453064,0.2212786078453064,1
12,thumb_01_r,0.22122591733932495,0.22122591733932495,0.22122591733932495,1
14,spine_02,0.22122377157211304,0.22122377157211304,0.22122377157211304,1
79,index_01_l,0.22119852900505066,0.22119852900505066,0.22119852900505066,1
44,R_ForeTwist_01,0.2210395783185959,0.2210395783185959,0.2210395783185959,1
4,L_ForeTwist_01,0.2208734005689621,0.2208734005689621,0.2208734005689621,1
27,ball_r,0.22085122764110565,0.22085122764110565,0.22085122764110565,1
21,LCalfTwist_01,0.22064539790153503,0.22064539790153503,0.22064539790153503,1
30,index_01_l,0.22053778171539307,0.22053778171539307,0.22053778171539307,1
21,thigh_r,0.22041812539100647,0.22041812539100647,0.22041812539100647,1
67,index_01_r,0.22036775946617126,0.22036775946617126,0.22036775946617126,1
73,spine_01,0.22034944593906403,0.22034944593906403,0.22034944593906403,1
4,RUpArmTwist_l_01,0.22024966776371002,0.22024966776371002,0.22024966776371002,1
1,ball_r,0.22020363807678223,0.22020363807678223,0.22020363807678223,1
48,Bip001,0.22017058730125427,0.22017058730125427,0.22017058730125427,1
79,head,0.22016426920890808,0.22016426920890808,0.22016426920890808,1
65,RCalfTwist_01,0.22014443576335907,0.22014443576335907,0.22014443576335907,1
19,RCalfTwist_03,0.22005444765090942,0.22005444765090942,0.22005444765090942,1
28,LCalfTwist_01,0.22003726661205292,0.22003726661205292,0.22003726661205292,1
72,LCalfTwist_01,0.2200281023979187,0.2200281023979187,0.2200281023979187,1
5,R_ForeTwist_01,0.22002190351486206,0.22002190351486206,0.22002190351486206,1
39,LCalfTwist_02,0.21994419395923615,0.21994419395923615,0.21994419395923615,1
64,lowerarm_r,0.2198551893234253,0.2198551893234253,0.2198551893234253,1
53,index_01_l,0.21972143650054932,0.21972143650054932,0.21972143650054932,1
79,RCalfTwist_03,0.21969184279441833,0.21969184279441833,0.21969184279441833,1
23,RUpArmTwist_r_02,0.2195841372013092,0.2195841372013092,0.2195841372013092,1
65,spine_01,0.2195696085691452,0.2195696085691452,0.2195696085691452,1
61,index_01_r,0.21950416266918182,0.21950416266918182,0.21950416266918182,1
63,LCalfTwist_01,0.21947845816612244,0.21947845816612244,0.21947845816612244,1
35,thigh_r,0.21943219006061554,0.21943219006061554,0.21943219006061554,1
64,hand_r,0.2193562090396881,0.2193562090396881,0.2193562090396881,1
39,neck_01,0.21930955350399017,0.21930955350399017,0.21930955350399017,1
68,hand_r,0.21923935413360596,0.21923935413360596,0.21923935413360596,1
80,RCalfTwist_03,0.2190970629453659,0.2190970629453659,0.2190970629453659,1
0,index_01_l,0.21905045211315155,0.21905045211315155,0.21905045211315155,1
54,LCalfTwist_01,0.2190018892288208,0.2190018892288208,0.2190018892288208,1
36,L_ForeTwist_01,0.21877045929431915,0.21877045929431915,0.21877045929431915,1
37,Bip001,0.2186441570520401,0.2186441570520401,0.2186441570520401,1
21,R_ForeTwist_01,0.21838518977165222,0.21838518977165222,0.21838518977165222,1
76,LCalfTwist_01,0.21832746267318726,0.21832746267318726,0.21832746267318726,1
35,index_01_l,0.21826998889446259,0.21826998889446259,0.21826998889446259,1
22,RUpArmTwist_r_02,0.21819421648979187,0.21819421648979187,0.21819421648979187,1
10,spine_02,0.21800869703292847,0.21800869703292847,0.21800869703292847,1
72,ball_r,0.21798157691955566,0.21798157691955566,0.21798157691955566,1
68,index_01_r,0.21791574358940125,0.21791574358940125,0.21791574358940125,1
66,index_01_l,0.2177635282278061,0.2177635282278061,0.2177635282278061,1
16,RUpArmTwist_l_01,0.2177458554506302,0.2177458554506302,0.2177458554506302,1
22,Bip001,0.21765151619911194,0.21765151619911194,0.21765151619911194,1
45,spine_02,0.21764379739761353,0.21764379739761353,0.21764379739761353,1
37,LCalfTwist_03,0.21762652695178986,0.21762652695178986,0.21762652695178986,1
0,pinky_01_r,0.21761161088943481,0.21761161088943481,0.21761161088943481,1
22,index_01_l,0.21748267114162445,0.21748267114162445,0.21748267114162445,1
16,hand_l,0.21742765605449677,0.21742765605449677,0.21742765605449677,1
51,RUpArmTwist_l_02,0.217305526137352,0.217305526137352,0.217305526137352,1
52,spine_01,0.21726489067077637,0.21726489067077637,0.21726489067077637,1
46,LCalfTwist_01,0.21715126931667328,0.21715126931667328,0.21715126931667328,1
8,LCalfTwist_01,0.2171512395143509,0.2171512395143509,0.2171512395143509,1
51,RUpArmTwist_r_02,0.21699200570583344,0.21699200570583344,0.21699200570583344,1
6,neck_01,0.2169664353132248,0.2169664353132248,0.2169664353132248,1
14,lowerarm_r,0.21675428748130798,0.21675428748130798,0.21675428748130798,1
38,upperarm_r,0.2167322337627411,0.2167322337627411,0.2167322337627411,1
39,RUpArmTwist_l_02,0.21645307540893555,0.21645307540893555,0.21645307540893555,1
32,calf_r,0.21643823385238647,0.21643823385238647,0.21643823385238647,1
84,Bip001,0.21643607318401337,0.21643607318401337,0.21643607318401337,1
9,head,0.21633078157901764,0.21633078157901764,0.21633078157901764,1
69,calf_r,0.2162284106016159,0.2162284106016159,0.2162284106016159,1
33,RUpArmTwist_r_01,0.2161472886800766,0.2161472886800766,0.2161472886800766,1
11,head,0.2161267101764679,0.2161267101764679,0.2161267101764679,1
73,calf_l,0.21594767272472382,0.21594767272472382,0.21594767272472382,1
37,RUpArmTwist_l_02,0.2157755047082901,0.2157755047082901,0.2157755047082901,1
59,RCalfTwist_03,0.21567575633525848,0.21567575633525848,0.21567575633525848,1
83,index_01_l,0.21565936505794525,0.21565936505794525,0.21565936505794525,1
70,calf_l,0.21564622223377228,0.21564622223377228,0.21564622223377228,1
12,index_01_l,0.21557088196277618,0.21557088196277618,0.21557088196277618,1
20,thigh_r,0.21555162966251373,0.21555162966251373,0.21555162966251373,1
47,thumb_01_r,0.21554040908813477,0.21554040908813477,0.21554040908813477,1
6,R_ForeTwist_01,0.2155061513185501,0.2155061513185501,0.2155061513185501,1
73,spine_02,0.21549813449382782,0.21549813449382782,0.21549813449382782,1
57,clavicle_r,0.2154427468776703,0.2154427468776703,0.2154427468776703,1
69,clavicle_r,0.21536274254322052,0.21536274254322052,0.21536274254322052,1
44,index_01_l,0.21535669267177582,0.21535669267177582,0.21535669267177582,1
41,clavicle_r,0.21527162194252014,0.21527162194252014,0.21527162194252014,1
55,RCalfTwist_01,0.21526570618152618,0.21526570618152618,0.21526570618152618,1
58,upperarm_r,0.21518447995185852,0.21518447995185852,0.21518447995185852,1
42,spine_01,0.21517668664455414,0.21517668664455414,0.21517668664455414,1
41,RUpArmTwist_l_01,0.21515190601348877,0.21515190601348877,0.21515190601348877,1
43,RUpArmTwist_l_02,0.21513114869594574,0.21513114869594574,0.21513114869594574,1
13,RCalfTwist_03,0.2149871438741684,0.2149871438741684,0.2149871438741684,1
80,thigh_l,0.21480385959148407,0.21480385959148407,0.21480385959148407,1
65,RUpArmTwist_l_02,0.21475224196910858,0.21475224196910858,0.21475224196910858,1
68,RCalfTwist_03,0.21463200449943542,0.21463200449943542,0.21463200449943542,1
38,L_ForeTwist_01,0.21462635695934296,0.21462635695934296,0.21462635695934296,1
59,LCalfTwist_03,0.21436429023742676,0.21436429023742676,0.21436429023742676,1
19,Bip001,0.21435680985450745,0.21435680985450745,0.21435680985450745,1
64,LCalfTwist_01,0.21431086957454681,0.21431086957454681,0.21431086957454681,1
57,hand_l,0.21421080827713013,0.21421080827713013,0.21421080827713013,1
28,index_01_r,0.21420782804489136,0.21420782804489136,0.21420782804489136,1
34,head,0.2141818255186081,0.2141818255186081,0.2141818255186081,1
18,spine_01,0.21417884528636932,0.21417884528636932,0.21417884528636932,1
48,R_ForeTwist_01,0.21415308117866516,0.21415308117866516,0.21415308117866516,1
82,head,0.2140614241361618,0.2140614241361618,0.2140614241361618,1
33,L_ForeTwist_01,0.21372710168361664,0.21372710168361664,0.21372710168361664,1
61,calf_l,0.21370621025562286,0.21370621025562286,0.21370621025562286,1
63,hand_r,0.21363016963005066,0.21363016963005066,0.21363016963005066,1
35,neck_01,0.21358336508274078,0.21358336508274078,0.21358336508274078,1
77,upperarm_l,0.21355272829532623,0.21355272829532623,0.21355272829532623,1
75,thumb_01_r,0.21351531147956848,0.21351531147956848,0.21351531147956848,1
40,clavicle_r,0.2135041058063507,0.2135041058063507,0.2135041058063507,1
49,upperarm_l,0.21347761154174805,0.21347761154174805,0.21347761154174805,1
19,spine_01,0.21327760815620422,0.21327760815620422,0.21327760815620422,1
58,hand_l,0.21306538581848145,0.21306538581848145,0.21306538581848145,1
7,spine_01,0.21304142475128174,0.21304142475128174,0.21304142475128174,1
32,index_01_l,0.21292062103748322,0.21292062103748322,0.21292062103748322,1
57,RCalfTwist_01,0.21289891004562378,0.21289891004562378,0.21289891004562378,1
66,thumb_01_l,0.21281303465366364,0.21281303465366364,0.21281303465366364,1
67,hand_r,0.21276119351387024,0.21276119351387024,0.21276119351387024,1
29,Bip001,0.2126312255859375,0.2126312255859375,0.2126312255859375,1
39,ball_r,0.21255993843078613,0.21255993843078613,0.21255993843078613,1
29,head,0.21237948536872864,0.21237948536872864,0.21237948536872864,1
1,RCalfTwist_01,0.21207185089588165,0.21207185089588165,0.21207185089588165,1
52,hand_r,0.21193274855613708,0.21193274855613708,0.21193274855613708,1
35,L_ForeTwist_01,0.21189972758293152,0.21189972758293152,0.21189972758293152,1
19,clavicle_l,0.21184898912906647,0.21184898912906647,0.21184898912906647,1
13,head,0.2118474245071411,0.2118474245071411,0.2118474245071411,1
78,RCalfTwist_03,0.21159999072551727,0.21159999072551727,0.21159999072551727,1
32,RUpArmTwist_l_02,0.21158431470394135,0.21158431470394135,0.21158431470394135,1
7,Bip001,0.21150638163089752,0.21150638163089752,0.21150638163089752,1
72,LCalfTwist_03,0.2115003615617752,0.2115003615617752,0.2115003615617752,1
1,Bip001,0.21147885918617249,0.21147885918617249,0.21147885918617249,1
67,thumb_01_l,0.21147745847702026,0.21147745847702026,0.21147745847702026,1
77,thumb_01_r,0.2114279866218567,0.2114279866218567,0.2114279866218567,1
61,RCalfTwist_01,0.21140030026435852,0.21140030026435852,0.21140030026435852,1
69,head,0.21130242943763733,0.21130242943763733,0.21130242943763733,1
77,R_ForeTwist_01,0.21121767163276672,0.21121767163276672,0.21121767163276672,1
18,LCalfTwist_02,0.21097373962402344,0.21097373962402344,0.21097373962402344,1
59,ball_r,0.21092452108860016,0.21092452108860016,0.21092452108860016,1
18,ball_r,0.21081940829753876,0.21081940829753876,0.21081940829753876,1
6,spine_01,0.21074868738651276,0.21074868738651276,0.21074868738651276,1
56,head,0.21070392429828644,0.21070392429828644,0.21070392429828644,1
35,spine_01,0.2104630470275879,0.2104630470275879,0.2104630470275879,1
49,RUpArmTwist_r_02,0.21040725708007812,0.21040725708007812,0.21040725708007812,1
12,RUpArmTwist_l_01,0.2101193070411682,0.2101193070411682,0.2101193070411682,1
60,foot_l,0.2099699079990387,0.2099699079990387,0.2099699079990387,1
22,ball_r,0.20996609330177307,0.20996609330177307,0.20996609330177307,1
26,spine_01,0.20994611084461212,0.20994611084461212,0.20994611084461212,1
33,index_01_l,0.20986542105674744,0.20986542105674744,0.20986542105674744,1
24,RCalfTwist_01,0.20984816551208496,0.20984816551208496,0.20984816551208496,1
64,spine_02,0.2098449021577835,0.2098449021577835,0.2098449021577835,1
1,thumb_01_l,0.20973816514015198,0.20973816514015198,0.20973816514015198,1
85,index_01_r,0.20970074832439423,0.20970074832439423,0.20970074832439423,1
76,upperarm_r,0.20943792164325714,0.20943792164325714,0.20943792164325714,1
46,upperarm_r,0.20935818552970886,0.20935818552970886,0.20935818552970886,1
45,LCalfTwist_02,0.2093576341867447,0.2093576341867447,0.2093576341867447,1
33,lowerarm_r,0.20930662751197815,0.20930662751197815,0.20930662751197815,1
68,thumb_01_r,0.20916706323623657,0.20916706323623657,0.20916706323623657,1
62,clavicle_r,0.20908603072166443,0.20908603072166443,0.20908603072166443,1
10,R_ForeTwist_02,0.2090790569782257,0.2090790569782257,0.2090790569782257,1
0,clavicle_r,0.20893661677837372,0.20893661677837372,0.20893661677837372,1
44,RUpArmTwist_l_01,0.20867381989955902,0.20867381989955902,0.20867381989955902,1
12,head,0.20858193933963776,0.20858193933963776,0.20858193933963776,1
3,LCalfTwist_01,0.2084495723247528,0.2084495723247528,0.2084495723247528,1
73,L_ForeTwist_01,0.20839986205101013,0.20839986205101013,0.20839986205101013,1
12,R_ForeTwist_02,0.20838627219200134,0.20838627219200134,0.20838627219200134,1
74,RUpArmTwist_l_02,0.2083532065153122,0.2083532065153122,0.2083532065153122,1
2,R_ForeTwist_02,0.20830820500850677,0.20830820500850677,0.20830820500850677,1
79,thumb_01_r,0.2082521617412567,0.2082521617412567,0.2082521617412567,1
42,RUpArmTwist_r_02,0.20822450518608093,0.20822450518608093,0.20822450518608093,1
12,LCalfTwist_03,0.20822113752365112,0.20822113752365112,0.20822113752365112,1
23,clavicle_r,0.2081541270017624,0.2081541270017624,0.2081541270017624,1
9,R_ForeTwist_02,0.20811522006988525,0.20811522006988525,0.20811522006988525,1
10,RUpArmTwist_l_01,0.2080407738685608,0.2080407738685608,0.2080407738685608,1
36,upperarm_r,0.207950621843338,0.207950621843338,0.207950621843338,1
0,index_01_r,0.20778270065784454,0.20778270065784454,0.20778270065784454,1
41,index_01_l,0.2077527940273285,0.2077527940273285,0.2077527940273285,1
61,calf_r,0.20726194977760315,0.20726194977760315,0.20726194977760315,1
28,hand_l,0.20683863759040833,0.20683863759040833,0.20683863759040833,1
37,spine_02,0.20682229101657867,0.20682229101657867,0.20682229101657867,1
49,thumb_01_r,0.20679032802581787,0.20679032802581787,0.20679032802581787,1
53,RUpArmTwist_r_02,0.20669931173324585,0.20669931173324585,0.20669931173324585,1
75,R_ForeTwist_01,0.20661543309688568,0.20661543309688568,0.20661543309688568,1
36,head,0.2065972536802292,0.2065972536802292,0.2065972536802292,1
52,Bip001,0.2065754383802414,0.2065754383802414,0.2065754383802414,1
49,neck_01,0.20656684041023254,0.20656684041023254,0.20656684041023254,1
11,RCalfTwist_02,0.20655936002731323,0.20655936002731323,0.20655936002731323,1
52,LCalfTwist_03,0.20649555325508118,0.20649555325508118,0.20649555325508118,1
53,index_01_r,0.20645533502101898,0.20645533502101898,0.20645533502101898,1
25,LCalfTwist_01,0.2064467817544937,0.2064467817544937,0.2064467817544937,1
73,ball_r,0.20642106235027313,0.20642106235027313,0.20642106235027313,1
6,spine_02,0.2063221037387848,0.2063221037387848,0.2063221037387848,1
75,hand_l,0.2062433660030365,0.2062433660030365,0.2062433660030365,1
74,index_01_l,0.2062389850616455,0.2062389850616455,0.2062389850616455,1
2,thigh_r,0.20615851879119873,0.20615851879119873,0.20615851879119873,1
67,index_01_l,0.20603780448436737,0.20603780448436737,0.20603780448436737,1
37,index_01_l,0.20598876476287842,0.20598876476287842,0.20598876476287842,1
39,index_01_l,0.20585863292217255,0.20585863292217255,0.20585863292217255,1
15,R_ForeTwist_01,0.20582959055900574,0.20582959055900574,0.20582959055900574,1
55,clavicle_r,0.20582111179828644,0.20582111179828644,0.20582111179828644,1
35,clavicle_l,0.2057158648967743,0.2057158648967743,0.2057158648967743,1
48,spine_01,0.2055606245994568,0.2055606245994568,0.2055606245994568,1
82,index_01_r,0.20554977655410767,0.20554977655410767,0.20554977655410767,1
71,R_ForeTwist_01,0.20546898245811462,0.20546898245811462,0.20546898245811462,1
76,index_01_r,0.2054518461227417,0.2054518461227417,0.2054518461227417,1
59,L_ForeTwist_02,0.20535369217395782,0.20535369217395782,0.20535369217395782,1
16,lowerarm_l,0.20525437593460083,0.20525437593460083,0.20525437593460083,1
61,L_ForeTwist_02,0.20524172484874725,0.20524172484874725,0.20524172484874725,1
18,index_01_l,0.20516140758991241,0.20516140758991241,0.20516140758991241,1
17,Bip001,0.20503512024879456,0.20503512024879456,0.20503512024879456,1
7,R_ForeTwist_01,0.20502349734306335,0.20502349734306335,0.20502349734306335,1
27,RUpArmTwist_r_02,0.2049337923526764,0.2049337923526764,0.2049337923526764,1
64,R_ForeTwist_01,0.2048463076353073,0.2048463076353073,0.2048463076353073,1
51,calf_l,0.20477540791034698,0.20477540791034698,0.20477540791034698,1
60,LCalfTwist_01,0.20445671677589417,0.20445671677589417,0.20445671677589417,1
15,Bip001,0.2043946236371994,0.2043946236371994,0.2043946236371994,1
21,RCalfTwist_02,0.20438915491104126,0.20438915491104126,0.20438915491104126,1
5,index_01_l,0.20437651872634888,0.20437651872634888,0.20437651872634888,1
9,LCalfTwist_03,0.20428596436977386,0.20428596436977386,0.20428596436977386,1
29,RCalfTwist_01,0.20422402024269104,0.20422402024269104,0.20422402024269104,1
51,index_01_l,0.20419146120548248,0.20419146120548248,0.20419146120548248,1
8,RCalfTwist_02,0.203871950507164,0.203871950507164,0.203871950507164,1
52,index_01_r,0.20377469062805176,0.20377469062805176,0.20377469062805176,1
40,RCalfTwist_02,0.203773632645607,0.203773632645607,0.203773632645607,1
11,LCalfTwist_02,0.2032245248556137,0.2032245248556137,0.2032245248556137,1
35,RCalfTwist_01,0.2031501829624176,0.2031501829624176,0.2031501829624176,1
40,LCalfTwist_01,0.203057199716568,0.203057199716568,0.203057199716568,1
84,RCalfTwist_03,0.20302288234233856,0.20302288234233856,0.20302288234233856,1
46,lowerarm_l,0.20297297835350037,0.20297297835350037,0.20297297835350037,1
39,spine_01,0.20295527577400208,0.20295527577400208,0.20295527577400208,1
44,RUpArmTwist_r_02,0.20290310680866241,0.20290310680866241,0.20290310680866241,1
8,lowerarm_r,0.20286230742931366,0.20286230742931366,0.20286230742931366,1
61,thumb_01_r,0.20273278653621674,0.20273278653621674,0.20273278653621674,1
69,RCalfTwist_01,0.20272476971149445,0.20272476971149445,0.20272476971149445,1
80,spine_01,0.20271159708499908,0.20271159708499908,0.20271159708499908,1
57,index_01_r,0.2026660293340683,0.2026660293340683,0.2026660293340683,1
41,foot_r,0.20261149108409882,0.20261149108409882,0.20261149108409882,1
74,RCalfTwist_01,0.20259739458560944,0.20259739458560944,0.20259739458560944,1
48,spine_02,0.2025972604751587,0.2025972604751587,0.2025972604751587,1
2,RCalfTwist_01,0.20258527994155884,0.20258527994155884,0.20258527994155884,1
17,foot_r,0.20257247984409332,0.20257247984409332,0.20257247984409332,1
71,LCalfTwist_01,0.2025168389081955,0.2025168389081955,0.2025168389081955,1
65,lowerarm_r,0.20251059532165527,0.20251059532165527,0.20251059532165527,1
34,index_01_l,0.20220544934272766,0.20220544934272766,0.20220544934272766,1
31,RCalfTwist_01,0.2021481990814209,0.2021481990814209,0.2021481990814209,1
16,RUpArmTwist_r_01,0.20211496949195862,0.20211496949195862,0.20211496949195862,1
19,clavicle_r,0.20210608839988708,0.20210608839988708,0.20210608839988708,1
48,RUpArmTwist_r_01,0.2021012008190155,0.2021012008190155,0.2021012008190155,1
15,hand_l,0.20201601088047028,0.20201601088047028,0.20201601088047028,1
54,RCalfTwist_02,0.20198947191238403,0.20198947191238403,0.20198947191238403,1
83,head,0.2018846720457077,0.2018846720457077,0.2018846720457077,1
43,clavicle_r,0.20181287825107574,0.20181287825107574,0.20181287825107574,1
78,LCalfTwist_01,0.2017662227153778,0.2017662227153778,0.2017662227153778,1
6,index_01_l,0.20174472033977509,0.20174472033977509,0.20174472033977509,1
28,Bip001,0.20145781338214874,0.20145781338214874,0.20145781338214874,1
33,calf_r,0.2014450579881668,0.2014450579881668,0.2014450579881668,1
76,hand_l,0.20122557878494263,0.20122557878494263,0.20122557878494263,1
64,head,0.20092852413654327,0.20092852413654327,0.20092852413654327,1
73,RCalfTwist_02,0.2008872777223587,0.2008872777223587,0.2008872777223587,1
17,RCalfTwist_01,0.20088575780391693,0.20088575780391693,0.20088575780391693,1
72,index_01_l,0.20076967775821686,0.20076967775821686,0.20076967775821686,1
36,Bip001,0.20074644684791565,0.20074644684791565,0.20074644684791565,1
12,clavicle_r,0.20063121616840363,0.20063121616840363,0.20063121616840363,1
51,clavicle_r,0.20059679448604584,0.20059679448604584,0.20059679448604584,1
30,R_ForeTwist_01,0.20050384104251862,0.20050384104251862,0.20050384104251862,1
66,R_ForeTwist_01,0.20049290359020233,0.20049290359020233,0.20049290359020233,1
51,R_ForeTwist_01,0.20046843588352203,0.20046843588352203,0.20046843588352203,1
52,spine_02,0.20044301450252533,0.20044301450252533,0.20044301450252533,1
65,thumb_01_r,0.20037679374217987,0.20037679374217987,0.20037679374217987,1
33,hand_l,0.20032161474227905,0.20032161474227905,0.20032161474227905,1
11,RCalfTwist_01,0.20031625032424927,0.20031625032424927,0.20031625032424927,1
17,upperarm_r,0.20007742941379547,0.20007742941379547,0.20007742941379547,1
85,index_01_l,0.1999814659357071,0.1999814659357071,0.1999814659357071,1
5,head,0.19993233680725098,0.19993233680725098,0.19993233680725098,1
2,spine_01,0.19988508522510529,0.19988508522510529,0.19988508522510529,1
60,RCalfTwist_03,0.19958460330963135,0.19958460330963135,0.19958460330963135,1
84,clavicle_r,0.19952765107154846,0.19952765107154846,0.19952765107154846,1
22,head,0.19950762391090393,0.19950762391090393,0.19950762391090393,1
67,spine_01,0.19944898784160614,0.19944898784160614,0.19944898784160614,1
85,clavicle_r,0.19927820563316345,0.19927820563316345,0.19927820563316345,1
10,RCalfTwist_02,0.19920140504837036,0.19920140504837036,0.19920140504837036,1
59,spine_01,0.1989474892616272,0.1989474892616272,0.1989474892616272,1
62,head,0.1988392025232315,0.1988392025232315,0.1988392025232315,1
12,Bip001,0.19877348840236664,0.19877348840236664,0.19877348840236664,1
82,ball_l,0.19864994287490845,0.19864994287490845,0.19864994287490845,1
54,RUpArmTwist_l_02,0.19856558740139008,0.19856558740139008,0.19856558740139008,1
53,lowerarm_r,0.19852715730667114,0.19852715730667114,0.19852715730667114,1
80,L_ForeTwist_02,0.19847995042800903,0.19847995042800903,0.19847995042800903,1
1,L_ForeTwist_01,0.198308065533638,0.198308065533638,0.198308065533638,1
43,RCalfTwist_03,0.19819626212120056,0.19819626212120056,0.19819626212120056,1
37,RCalfTwist_03,0.19813501834869385,0.19813501834869385,0.19813501834869385,1
47,hand_l,0.1980772614479065,0.1980772614479065,0.1980772614479065,1
58,R_ForeTwist_02,0.1980685442686081,0.1980685442686081,0.1980685442686081,1
80,RUpArmTwist_l_02,0.19805218279361725,0.19805218279361725,0.19805218279361725,1
6,RUpArmTwist_l_02,0.1979140341281891,0.1979140341281891,0.1979140341281891,1
37,L_ForeTwist_01,0.19773969054222107,0.19773969054222107,0.19773969054222107,1
10,RCalfTwist_01,0.19770142436027527,0.19770142436027527,0.19770142436027527,1
10,L_ForeTwist_01,0.19746291637420654,0.19746291637420654,0.19746291637420654,1
63,index_01_l,0.1971382051706314,0.1971382051706314,0.1971382051706314,1
74,L_ForeTwist_01,0.19702091813087463,0.19702091813087463,0.19702091813087463,1
76,clavicle_r,0.19627411663532257,0.19627411663532257,0.19627411663532257,1
47,L_ForeTwist_01,0.19622278213500977,0.19622278213500977,0.19622278213500977,1
49,LCalfTwist_01,0.1961396038532257,0.1961396038532257,0.1961396038532257,1
57,thigh_r,0.19604915380477905,0.19604915380477905,0.19604915380477905,1
3,RCalfTwist_01,0.1958923637866974,0.1958923637866974,0.1958923637866974,1
24,RUpArmTwist_l_02,0.195809006690979,0.195809006690979,0.195809006690979,1
4,LCalfTwist_01,0.19580037891864777,0.19580037891864777,0.19580037891864777,1
75,RCalfTwist_01,0.19577446579933167,0.19577446579933167,0.19577446579933167,1
3,clavicle_r,0.19573834538459778,0.19573834538459778,0.19573834538459778,1
7,hand_r,0.19554519653320312,0.19554519653320312,0.19554519653320312,1
39,LCalfTwist_01,0.19524633884429932,0.19524633884429932,0.19524633884429932,1
79,LCalfTwist_01,0.1951793134212494,0.1951793134212494,0.1951793134212494,1
58,R_ForeTwist_01,0.1951322853565216,0.1951322853565216,0.1951322853565216,1
11,index_01_l,0.19508607685565948,0.19508607685565948,0.19508607685565948,1
59,neck_01,0.19503730535507202,0.19503730535507202,0.19503730535507202,1
10,ball_r,0.19479982554912567,0.19479982554912567,0.19479982554912567,1
27,RCalfTwist_03,0.19479815661907196,0.19479815661907196,0.19479815661907196,1
73,LCalfTwist_01,0.1947338581085205,0.1947338581085205,0.1947338581085205,1
12,RUpArmTwist_r_01,0.19472217559814453,0.19472217559814453,0.19472217559814453,1
43,RCalfTwist_01,0.19471623003482819,0.19471623003482819,0.19471623003482819,1
58,L_ForeTwist_02,0.19462695717811584,0.19462695717811584,0.19462695717811584,1
78,spine_02,0.19461894035339355,0.19461894035339355,0.19461894035339355,1
78,ball_r,0.19441752135753632,0.19441752135753632,0.19441752135753632,1
42,clavicle_r,0.1943841576576233,0.1943841576576233,0.1943841576576233,1
69,index_01_l,0.19430546462535858,0.19430546462535858,0.19430546462535858,1
38,index_01_l,0.19420769810676575,0.19420769810676575,0.19420769810676575,1
74,index_01_r,0.19417664408683777,0.19417664408683777,0.19417664408683777,1
29,clavicle_r,0.19412490725517273,0.19412490725517273,0.19412490725517273,1
53,RUpArmTwist_l_01,0.19404076039791107,0.19404076039791107,0.19404076039791107,1
6,RUpArmTwist_l_01,0.1939040720462799,0.1939040720462799,0.1939040720462799,1
15,RUpArmTwist_r_02,0.1937793642282486,0.1937793642282486,0.1937793642282486,1
14,spine_01,0.1936466097831726,0.1936466097831726,0.1936466097831726,1
79,hand_r,0.19364048540592194,0.19364048540592194,0.19364048540592194,1
8,RUpArmTwist_l_02,0.1932874470949173,0.1932874470949173,0.1932874470949173,1
1,spine_01,0.19312405586242676,0.19312405586242676,0.19312405586242676,1
59,Bip001,0.19311054050922394,0.19311054050922394,0.19311054050922394,1
37,RCalfTwist_01,0.19303597509860992,0.19303597509860992,0.19303597509860992,1
80,ball_r,0.19295090436935425,0.19295090436935425,0.19295090436935425,1
32,L_ForeTwist_01,0.19282908737659454,0.19282908737659454,0.19282908737659454,1
55,LCalfTwist_01,0.19268980622291565,0.19268980622291565,0.19268980622291565,1
69,ball_l,0.19267845153808594,0.19267845153808594,0.19267845153808594,1
21,RUpArmTwist_r_01,0.19266341626644135,0.19266341626644135,0.19266341626644135,1
26,L_ForeTwist_01,0.19257473945617676,0.19257473945617676,0.19257473945617676,1
69,ball_r,0.19256025552749634,0.19256025552749634,0.19256025552749634,1
68,RUpArmTwist_l_02,0.1924971342086792,0.1924971342086792,0.1924971342086792,1
18,clavicle_l,0.19236955046653748,0.19236955046653748,0.19236955046653748,1
64,index_01_l,0.19217409193515778,0.19217409193515778,0.19217409193515778,1
43,head,0.1920771598815918,0.1920771598815918,0.1920771598815918,1
28,ball_r,0.1920459121465683,0.1920459121465683,0.1920459121465683,1
58,index_01_r,0.19202855229377747,0.19202855229377747,0.19202855229377747,1
85,RCalfTwist_01,0.19177329540252686,0.19177329540252686,0.19177329540252686,1
82,index_01_l,0.19172747433185577,0.19172747433185577,0.19172747433185577,1
62,thumb_01_r,0.19170524179935455,0.19170524179935455,0.19170524179935455,1
46,RCalfTwist_03,0.1915884017944336,0.1915884017944336,0.1915884017944336,1
54,L_ForeTwist_01,0.191557839512825,0.191557839512825,0.191557839512825,1
56,RUpArmTwist_r_01,0.19150486588478088,0.19150486588478088,0.19150486588478088,1
36,RUpArmTwist_l_02,0.19146959483623505,0.19146959483623505,0.19146959483623505,1
48,RCalfTwist_02,0.19139625132083893,0.19139625132083893,0.19139625132083893,1
13,spine_01,0.19137586653232574,0.19137586653232574,0.19137586653232574,1
9,L_ForeTwist_01,0.19136835634708405,0.19136835634708405,0.19136835634708405,1
13,L_ForeTwist_01,0.1913299858570099,0.1913299858570099,0.1913299858570099,1
36,index_01_l,0.19132836163043976,0.19132836163043976,0.19132836163043976,1
71,index_01_l,0.19128701090812683,0.19128701090812683,0.19128701090812683,1
38,spine_02,0.19128113985061646,0.19128113985061646,0.19128113985061646,1
36,spine_02,0.19118817150592804,0.19118817150592804,0.19118817150592804,1
42,index_01_r,0.19116227328777313,0.19116227328777313,0.19116227328777313,1
23,calf_r,0.19112169742584229,0.19112169742584229,0.19112169742584229,1
35,Bip001,0.190885528922081,0.190885528922081,0.190885528922081,1
37,RUpArmTwist_r_01,0.1908576786518097,0.1908576786518097,0.1908576786518097,1
45,RCalfTwist_03,0.19085238873958588,0.19085238873958588,0.19085238873958588,1
66,hand_r,0.1908014863729477,0.1908014863729477,0.1908014863729477,1
77,spine_01,0.1907627433538437,0.1907627433538437,0.1907627433538437,1
71,RUpArmTwist_l_02,0.1907510608434677,0.1907510608434677,0.1907510608434677,1
11,L_ForeTwist_01,0.1907169669866562,0.1907169669866562,0.1907169669866562,1
13,R_ForeTwist_02,0.19070225954055786,0.19070225954055786,0.19070225954055786,1
12,RCalfTwist_01,0.1903735250234604,0.1903735250234604,0.1903735250234604,1
28,RCalfTwist_01,0.19026914238929749,0.19026914238929749,0.19026914238929749,1
12,RCalfTwist_02,0.19019383192062378,0.19019383192062378,0.19019383192062378,1
43,RUpArmTwist_l_01,0.19017484784126282,0.19017484784126282,0.19017484784126282,1
11,L_ForeTwist_02,0.19004559516906738,0.19004559516906738,0.19004559516906738,1
16,Bip001,0.190037339925766,0.190037339925766,0.190037339925766,1
61,ball_r,0.18995261192321777,0.18995261192321777,0.18995261192321777,1
24,LCalfTwist_01,0.18991528451442719,0.18991528451442719,0.18991528451442719,1
31,R_ForeTwist_01,0.18989866971969604,0.18989866971969604,0.18989866971969604,1
73,Bip001,0.18977457284927368,0.18977457284927368,0.18977457284927368,1
5,RUpArmTwist_r_01,0.18976019322872162,0.18976019322872162,0.18976019322872162,1
60,R_ForeTwist_02,0.18973901867866516,0.18973901867866516,0.18973901867866516,1
84,LCalfTwist_01,0.18959546089172363,0.18959546089172363,0.18959546089172363,1
55,thumb_01_r,0.18948015570640564,0.18948015570640564,0.18948015570640564,1
12,RCalfTwist_03,0.18943363428115845,0.18943363428115845,0.18943363428115845,1
30,LCalfTwist_02,0.1893499493598938,0.1893499493598938,0.1893499493598938,1
25,spine_01,0.1892901062965393,0.1892901062965393,0.1892901062965393,1
20,L_ForeTwist_01,0.18924427032470703,0.18924427032470703,0.18924427032470703,1
56,index_01_l,0.18910202383995056,0.18910202383995056,0.18910202383995056,1
13,Bip001,0.1890205442905426,0.1890205442905426,0.1890205442905426,1
68,LCalfTwist_02,0.18898479640483856,0.18898479640483856,0.18898479640483856,1
14,index_01_l,0.18894416093826294,0.18894416093826294,0.18894416093826294,1
0,R_ForeTwist_01,0.18892985582351685,0.18892985582351685,0.18892985582351685,1
41,clavicle_l,0.18876022100448608,0.18876022100448608,0.18876022100448608,1
56,neck_01,0.18859699368476868,0.18859699368476868,0.18859699368476868,1
75,index_01_r,0.1885480135679245,0.1885480135679245,0.1885480135679245,1
41,hand_l,0.1884680986404419,0.1884680986404419,0.1884680986404419,1
50,upperarm_l,0.18841657042503357,0.18841657042503357,0.18841657042503357,1
20,LCalfTwist_01,0.18832500278949738,0.18832500278949738,0.18832500278949738,1
57,RCalfTwist_02,0.18823570013046265,0.18823570013046265,0.18823570013046265,1
28,RCalfTwist_03,0.1880532205104828,0.1880532205104828,0.1880532205104828,1
38,L_ForeTwist_02,0.18803726136684418,0.18803726136684418,0.18803726136684418,1
81,index_01_l,0.18803396821022034,0.18803396821022034,0.18803396821022034,1
23,index_01_l,0.18789519369602203,0.18789519369602203,0.18789519369602203,1
55,Bip001,0.1877281367778778,0.1877281367778778,0.1877281367778778,1
77,ball_r,0.1875055432319641,0.1875055432319641,0.1875055432319641,1
30,RUpArmTwist_l_02,0.187472403049469,0.187472403049469,0.187472403049469,1
34,RCalfTwist_01,0.18746314942836761,0.18746314942836761,0.18746314942836761,1
28,LCalfTwist_03,0.18741187453269958,0.18741187453269958,0.18741187453269958,1
84,index_01_l,0.18732203543186188,0.18732203543186188,0.18732203543186188,1
16,clavicle_l,0.1873205453157425,0.1873205453157425,0.1873205453157425,1
38,LCalfTwist_01,0.18730954825878143,0.18730954825878143,0.18730954825878143,1
32,clavicle_r,0.1872929036617279,0.1872929036617279,0.1872929036617279,1
57,foot_l,0.1872698813676834,0.1872698813676834,0.1872698813676834,1
46,calf_r,0.18719230592250824,0.18719230592250824,0.18719230592250824,1
56,spine_02,0.18718673288822174,0.18718673288822174,0.18718673288822174,1
48,head,0.18712058663368225,0.18712058663368225,0.18712058663368225,1
76,L_ForeTwist_02,0.1871122568845749,0.1871122568845749,0.1871122568845749,1
62,LCalfTwist_03,0.1869986355304718,0.1869986355304718,0.1869986355304718,1
78,L_ForeTwist_02,0.18666085600852966,0.18666085600852966,0.18666085600852966,1
42,R_ForeTwist_02,0.18651215732097626,0.18651215732097626,0.18651215732097626,1
58,clavicle_r,0.18649519979953766,0.18649519979953766,0.18649519979953766,1
15,head,0.1862736940383911,0.1862736940383911,0.1862736940383911,1
65,clavicle_r,0.18621638417243958,0.18621638417243958,0.18621638417243958,1
35,spine_02,0.1861017495393753,0.1861017495393753,0.1861017495393753,1
63,R_ForeTwist_01,0.18609660863876343,0.18609660863876343,0.18609660863876343,1
15,index_01_l,0.1860806792974472,0.1860806792974472,0.1860806792974472,1
27,Bip001,0.18607722222805023,0.18607722222805023,0.18607722222805023,1
48,LCalfTwist_03,0.18601888418197632,0.18601888418197632,0.18601888418197632,1
18,upperarm_r,0.1860038787126541,0.1860038787126541,0.1860038787126541,1
46,spine_02,0.18595506250858307,0.18595506250858307,0.18595506250858307,1
13,index_01_l,0.18592144548892975,0.18592144548892975,0.18592144548892975,1
2,pinky_01_r,0.18587110936641693,0.18587110936641693,0.18587110936641693,1
36,clavicle_l,0.18575242161750793,0.18575242161750793,0.18575242161750793,1
23,LCalfTwist_03,0.1855696737766266,0.1855696737766266,0.1855696737766266,1
68,Bip001,0.1852281093597412,0.1852281093597412,0.1852281093597412,1
1,R_ForeTwist_02,0.1851627677679062,0.1851627677679062,0.1851627677679062,1
56,R_ForeTwist_01,0.1848086714744568,0.1848086714744568,0.1848086714744568,1
16,R_ForeTwist_01,0.18478989601135254,0.18478989601135254,0.18478989601135254,1
71,RUpArmTwist_r_01,0.18474996089935303,0.18474996089935303,0.18474996089935303,1
9,RCalfTwist_01,0.18472473323345184,0.18472473323345184,0.18472473323345184,1
76,foot_r,0.1847163289785385,0.1847163289785385,0.1847163289785385,1
68,index_01_l,0.18465663492679596,0.18465663492679596,0.18465663492679596,1
62,RCalfTwist_01,0.18458333611488342,0.18458333611488342,0.18458333611488342,1
80,ball_l,0.18456856906414032,0.18456856906414032,0.18456856906414032,1
53,clavicle_r,0.18454183638095856,0.18454183638095856,0.18454183638095856,1
42,spine_02,0.1844782829284668,0.1844782829284668,0.1844782829284668,1
16,RCalfTwist_01,0.18444478511810303,0.18444478511810303,0.18444478511810303,1
28,spine_01,0.1844342201948166,0.1844342201948166,0.1844342201948166,1
34,RCalfTwist_03,0.18430645763874054,0.18430645763874054,0.18430645763874054,1
66,thigh_l,0.184291273355484,0.184291273355484,0.184291273355484,1
12,R_ForeTwist_01,0.18414832651615143,0.18414832651615143,0.18414832651615143,1
27,L_ForeTwist_01,0.18407757580280304,0.18407757580280304,0.18407757580280304,1
83,clavicle_l,0.18391938507556915,0.18391938507556915,0.18391938507556915,1
25,L_ForeTwist_01,0.18384914100170135,0.18384914100170135,0.18384914100170135,1
51,RCalfTwist_03,0.18366630375385284,0.18366630375385284,0.18366630375385284,1
2,clavicle_l,0.18342354893684387,0.18342354893684387,0.18342354893684387,1
75,clavicle_l,0.18333639204502106,0.18333639204502106,0.18333639204502106,1
7,index_01_l,0.18332915008068085,0.18332915008068085,0.18332915008068085,1
30,RUpArmTwist_l_01,0.18331818282604218,0.18331818282604218,0.18331818282604218,1
44,head,0.18330194056034088,0.18330194056034088,0.18330194056034088,1
16,index_01_l,0.18324057757854462,0.18324057757854462,0.18324057757854462,1
16,upperarm_l,0.18302059173583984,0.18302059173583984,0.18302059173583984,1
42,RUpArmTwist_l_01,0.18300241231918335,0.18300241231918335,0.18300241231918335,1
70,index_01_l,0.1829761415719986,0.1829761415719986,0.1829761415719986,1
52,L_ForeTwist_02,0.18289494514465332,0.18289494514465332,0.18289494514465332,1
48,RUpArmTwist_r_02,0.18285220861434937,0.18285220861434937,0.18285220861434937,1
79,L_ForeTwist_02,0.18279901146888733,0.18279901146888733,0.18279901146888733,1
39,R_ForeTwist_02,0.18266217410564423,0.18266217410564423,0.18266217410564423,1
61,R_ForeTwist_01,0.18261587619781494,0.18261587619781494,0.18261587619781494,1
39,RUpArmTwist_r_01,0.18258719146251678,0.18258719146251678,0.18258719146251678,1
3,RCalfTwist_03,0.18256492912769318,0.18256492912769318,0.18256492912769318,1
4,index_01_r,0.182538241147995,0.182538241147995,0.182538241147995,1
75,index_01_l,0.18232692778110504,0.18232692778110504,0.18232692778110504,1
20,ball_r,0.1822880655527115,0.1822880655527115,0.1822880655527115,1
31,upperarm_r,0.18213683366775513,0.18213683366775513,0.18213683366775513,1
0,R_ForeTwist_02,0.18182262778282166,0.18182262778282166,0.18182262778282166,1
79,RUpArmTwist_l_02,0.18182098865509033,0.18182098865509033,0.18182098865509033,1
5,LCalfTwist_02,0.18176241219043732,0.18176241219043732,0.18176241219043732,1
24,spine_01,0.18175986409187317,0.18175986409187317,0.18175986409187317,1
20,R_ForeTwist_01,0.1816711723804474,0.1816711723804474,0.1816711723804474,1
57,R_ForeTwist_02,0.18154245615005493,0.18154245615005493,0.18154245615005493,1
83,LCalfTwist_01,0.18150445818901062,0.18150445818901062,0.18150445818901062,1
61,LCalfTwist_01,0.18150277435779572,0.18150277435779572,0.18150277435779572,1
59,upperarm_r,0.1814291775226593,0.1814291775226593,0.1814291775226593,1
20,R_ForeTwist_02,0.1813666820526123,0.1813666820526123,0.1813666820526123,1
38,R_ForeTwist_02,0.1812863051891327,0.1812863051891327,0.1812863051891327,1
14,Bip001,0.1811927855014801,0.1811927855014801,0.1811927855014801,1
24,L_ForeTwist_02,0.18093618750572205,0.18093618750572205,0.18093618750572205,1
38,RCalfTwist_03,0.18087325990200043,0.18087325990200043,0.18087325990200043,1
81,Bip001,0.1807365119457245,0.1807365119457245,0.1807365119457245,1
60,LCalfTwist_03,0.18072296679019928,0.18072296679019928,0.18072296679019928,1
58,RCalfTwist_02,0.18070638179779053,0.18070638179779053,0.18070638179779053,1
71,R_ForeTwist_02,0.1806100457906723,0.1806100457906723,0.1806100457906723,1
16,upperarm_r,0.18056227266788483,0.18056227266788483,0.18056227266788483,1
68,RUpArmTwist_r_01,0.1804370880126953,0.1804370880126953,0.1804370880126953,1
49,LCalfTwist_03,0.1804075837135315,0.1804075837135315,0.1804075837135315,1
36,RUpArmTwist_l_01,0.18039754033088684,0.18039754033088684,0.18039754033088684,1
2,RUpArmTwist_l_02,0.18001869320869446,0.18001869320869446,0.18001869320869446,1
85,L_ForeTwist_02,0.1799239069223404,0.1799239069223404,0.1799239069223404,1
76,Bip001,0.17991995811462402,0.17991995811462402,0.17991995811462402,1
56,LCalfTwist_01,0.17991501092910767,0.17991501092910767,0.17991501092910767,1
7,LCalfTwist_01,0.17989258468151093,0.17989258468151093,0.17989258468151093,1
2,index_01_l,0.17986705899238586,0.17986705899238586,0.17986705899238586,1
55,RUpArmTwist_l_01,0.17976057529449463,0.17976057529449463,0.17976057529449463,1
31,LCalfTwist_03,0.17974771559238434,0.17974771559238434,0.17974771559238434,1
38,head,0.1796945482492447,0.1796945482492447,0.1796945482492447,1
62,LCalfTwist_01,0.1795080006122589,0.1795080006122589,0.1795080006122589,1
50,spine_01,0.179380401968956,0.179380401968956,0.179380401968956,1
49,R_ForeTwist_01,0.17929887771606445,0.17929887771606445,0.17929887771606445,1
0,RCalfTwist_02,0.17918935418128967,0.17918935418128967,0.17918935418128967,1
19,L_ForeTwist_01,0.17896558344364166,0.17896558344364166,0.17896558344364166,1
48,L_ForeTwist_02,0.17884188890457153,0.17884188890457153,0.17884188890457153,1
6,LCalfTwist_01,0.1786770224571228,0.1786770224571228,0.1786770224571228,1
27,index_01_l,0.17865587770938873,0.17865587770938873,0.17865587770938873,1
23,RUpArmTwist_l_02,0.17863303422927856,0.17863303422927856,0.17863303422927856,1
74,L_ForeTwist_02,0.17851360142230988,0.17851360142230988,0.17851360142230988,1
44,RUpArmTwist_r_01,0.1784410923719406,0.1784410923719406,0.1784410923719406,1
12,L_ForeTwist_02,0.17841149866580963,0.17841149866580963,0.17841149866580963,1
2,upperarm_r,0.1782243251800537,0.1782243251800537,0.1782243251800537,1
46,RUpArmTwist_r_02,0.17817920446395874,0.17817920446395874,0.17817920446395874,1
18,R_ForeTwist_01,0.1779632419347763,0.1779632419347763,0.1779632419347763,1
39,L_ForeTwist_02,0.17790286242961884,0.17790286242961884,0.17790286242961884,1
22,RCalfTwist_01,0.17783793807029724,0.17783793807029724,0.17783793807029724,1
65,index_01_r,0.17772176861763,0.17772176861763,0.17772176861763,1
41,neck_01,0.17751269042491913,0.17751269042491913,0.17751269042491913,1
67,calf_r,0.17751000821590424,0.17751000821590424,0.17751000821590424,1
39,clavicle_l,0.17750294506549835,0.17750294506549835,0.17750294506549835,1
8,thigh_r,0.17747808992862701,0.17747808992862701,0.17747808992862701,1
3,lowerarm_l,0.1773861050605774,0.1773861050605774,0.1773861050605774,1
62,upperarm_r,0.17733004689216614,0.17733004689216614,0.17733004689216614,1
71,RCalfTwist_02,0.17719437181949615,0.17719437181949615,0.17719437181949615,1
73,index_01_l,0.1771155744791031,0.1771155744791031,0.1771155744791031,1
34,spine_02,0.17703063786029816,0.17703063786029816,0.17703063786029816,1
14,clavicle_l,0.177003875374794,0.177003875374794,0.177003875374794,1
23,spine_01,0.17693500220775604,0.17693500220775604,0.17693500220775604,1
78,thumb_01_r,0.17690332233905792,0.17690332233905792,0.17690332233905792,1
0,spine_02,0.1768777221441269,0.1768777221441269,0.1768777221441269,1
16,RUpArmTwist_l_02,0.176744744181633,0.176744744181633,0.176744744181633,1
10,RUpArmTwist_r_01,0.1766991913318634,0.1766991913318634,0.1766991913318634,1
60,index_01_l,0.1766977161169052,0.1766977161169052,0.1766977161169052,1
28,spine_02,0.17653968930244446,0.17653968930244446,0.17653968930244446,1
81,ball_l,0.17619000375270844,0.17619000375270844,0.17619000375270844,1
26,R_ForeTwist_02,0.17607618868350983,0.17607618868350983,0.17607618868350983,1
35,R_ForeTwist_01,0.17607295513153076,0.17607295513153076,0.17607295513153076,1
84,RCalfTwist_01,0.17577320337295532,0.17577320337295532,0.17577320337295532,1
17,spine_02,0.1757408231496811,0.1757408231496811,0.1757408231496811,1
17,index_01_l,0.17574018239974976,0.17574018239974976,0.17574018239974976,1
18,RCalfTwist_01,0.1755671501159668,0.1755671501159668,0.1755671501159668,1
22,R_ForeTwist_01,0.1754952222108841,0.1754952222108841,0.1754952222108841,1
38,RUpArmTwist_r_01,0.17545345425605774,0.17545345425605774,0.17545345425605774,1
69,spine_02,0.17540408670902252,0.17540408670902252,0.17540408670902252,1
74,clavicle_l,0.17535747587680817,0.17535747587680817,0.17535747587680817,1
48,RUpArmTwist_l_02,0.17531131207942963,0.17531131207942963,0.17531131207942963,1
6,RUpArmTwist_r_01,0.1753072589635849,0.1753072589635849,0.1753072589635849,1
26,spine_02,0.17519430816173553,0.17519430816173553,0.17519430816173553,1
3,index_01_l,0.17498308420181274,0.17498308420181274,0.17498308420181274,1
46,upperarm_l,0.17494963109493256,0.17494963109493256,0.17494963109493256,1
70,index_01_r,0.17489442229270935,0.17489442229270935,0.17489442229270935,1
63,L_ForeTwist_01,0.17482832074165344,0.17482832074165344,0.17482832074165344,1
25,R_ForeTwist_02,0.17468978464603424,0.17468978464603424,0.17468978464603424,1
82,clavicle_l,0.17434142529964447,0.17434142529964447,0.17434142529964447,1
67,thumb_01_r,0.17426706850528717,0.17426706850528717,0.17426706850528717,1
37,R_ForeTwist_02,0.1742219179868698,0.1742219179868698,0.1742219179868698,1
57,L_ForeTwist_01,0.174216166138649,0.174216166138649,0.174216166138649,1
41,spine_02,0.1740509569644928,0.1740509569644928,0.1740509569644928,1
10,L_ForeTwist_02,0.17404727637767792,0.17404727637767792,0.17404727637767792,1
6,L_ForeTwist_02,0.17400766909122467,0.17400766909122467,0.17400766909122467,1
16,foot_r,0.17395099997520447,0.17395099997520447,0.17395099997520447,1
24,RCalfTwist_02,0.1739262342453003,0.1739262342453003,0.1739262342453003,1
63,RCalfTwist_03,0.1738661378622055,0.1738661378622055,0.1738661378622055,1
24,index_01_l,0.17385774850845337,0.17385774850845337,0.17385774850845337,1
42,Bip001,0.1735680252313614,0.1735680252313614,0.1735680252313614,1
1,RCalfTwist_02,0.17340636253356934,0.17340636253356934,0.17340636253356934,1
83,RUpArmTwist_l_01,0.17330175638198853,0.17330175638198853,0.17330175638198853,1
9,clavicle_r,0.17327316105365753,0.17327316105365753,0.17327316105365753,1
80,LCalfTwist_01,0.17318835854530334,0.17318835854530334,0.17318835854530334,1
31,index_01_l,0.17304223775863647,0.17304223775863647,0.17304223775863647,1
75,RCalfTwist_03,0.1729695051908493,0.1729695051908493,0.1729695051908493,1
83,RCalfTwist_02,0.17296387255191803,0.17296387255191803,0.17296387255191803,1
23,RCalfTwist_01,0.17295639216899872,0.17295639216899872,0.17295639216899872,1
66,LCalfTwist_01,0.1729009598493576,0.1729009598493576,0.1729009598493576,1
79,L_ForeTwist_01,0.17273996770381927,0.17273996770381927,0.17273996770381927,1
35,RUpArmTwist_l_02,0.1726885735988617,0.1726885735988617,0.1726885735988617,1
56,hand_l,0.17267343401908875,0.17267343401908875,0.17267343401908875,1
62,RCalfTwist_03,0.17251692712306976,0.17251692712306976,0.17251692712306976,1
75,L_ForeTwist_01,0.1724817007780075,0.1724817007780075,0.1724817007780075,1
54,Bip001,0.1724792718887329,0.1724792718887329,0.1724792718887329,1
74,spine_02,0.17239826917648315,0.17239826917648315,0.17239826917648315,1
23,RCalfTwist_02,0.17233401536941528,0.17233401536941528,0.17233401536941528,1
45,Bip001,0.17230212688446045,0.17230212688446045,0.17230212688446045,1
32,RCalfTwist_03,0.1722872406244278,0.1722872406244278,0.1722872406244278,1
10,index_01_l,0.1722719371318817,0.1722719371318817,0.1722719371318817,1
66,thumb_01_r,0.17215754091739655,0.17215754091739655,0.17215754091739655,1
29,index_01_l,0.17210902273654938,0.17210902273654938,0.17210902273654938,1
77,LCalfTwist_01,0.1720685362815857,0.1720685362815857,0.1720685362815857,1
60,RUpArmTwist_r_02,0.17184050381183624,0.17184050381183624,0.17184050381183624,1
33,L_ForeTwist_02,0.17178376019001007,0.17178376019001007,0.17178376019001007,1
82,RUpArmTwist_l_01,0.1716810017824173,0.1716810017824173,0.1716810017824173,1
82,RUpArmTwist_r_01,0.17135559022426605,0.17135559022426605,0.17135559022426605,1
30,spine_02,0.17126154899597168,0.17126154899597168,0.17126154899597168,1
23,Bip001,0.1712314784526825,0.1712314784526825,0.1712314784526825,1
31,L_ForeTwist_02,0.1707727462053299,0.1707727462053299,0.1707727462053299,1
53,clavicle_l,0.1707267016172409,0.1707267016172409,0.1707267016172409,1
3,RCalfTwist_02,0.17069537937641144,0.17069537937641144,0.17069537937641144,1
74,R_ForeTwist_02,0.17063230276107788,0.17063230276107788,0.17063230276107788,1
8,RCalfTwist_01,0.17059393227100372,0.17059393227100372,0.17059393227100372,1
28,index_01_l,0.1702491044998169,0.1702491044998169,0.1702491044998169,1
67,LCalfTwist_02,0.17022070288658142,0.17022070288658142,0.17022070288658142,1
33,RCalfTwist_03,0.17020897567272186,0.17020897567272186,0.17020897567272186,1
81,RUpArmTwist_l_02,0.17017267644405365,0.17017267644405365,0.17017267644405365,1
59,L_ForeTwist_01,0.1698874682188034,0.1698874682188034,0.1698874682188034,1
56,foot_l,0.16987912356853485,0.16987912356853485,0.16987912356853485,1
69,index_01_r,0.16986535489559174,0.16986535489559174,0.16986535489559174,1
43,index_01_l,0.16964732110500336,0.16964732110500336,0.16964732110500336,1
22,LCalfTwist_01,0.16956716775894165,0.16956716775894165,0.16956716775894165,1
19,RCalfTwist_01,0.16945305466651917,0.16945305466651917,0.16945305466651917,1
8,RUpArmTwist_r_02,0.16940529644489288,0.16940529644489288,0.16940529644489288,1
73,index_01_r,0.1689828634262085,0.1689828634262085,0.1689828634262085,1
74,calf_l,0.1689809411764145,0.1689809411764145,0.1689809411764145,1
23,L_ForeTwist_02,0.16890965402126312,0.16890965402126312,0.16890965402126312,1
65,ball_l,0.1688884198665619,0.1688884198665619,0.1688884198665619,1
13,LCalfTwist_01,0.16885429620742798,0.16885429620742798,0.16885429620742798,1
33,foot_r,0.16880285739898682,0.16880285739898682,0.16880285739898682,1
23,LCalfTwist_01,0.1687869131565094,0.1687869131565094,0.1687869131565094,1
29,index_01_r,0.1687585562467575,0.1687585562467575,0.1687585562467575,1
23,R_ForeTwist_02,0.16873863339424133,0.16873863339424133,0.16873863339424133,1
22,RCalfTwist_03,0.1686818152666092,0.1686818152666092,0.1686818152666092,1
51,LCalfTwist_01,0.16863594949245453,0.16863594949245453,0.16863594949245453,1
59,calf_l,0.16836507618427277,0.16836507618427277,0.16836507618427277,1
1,lowerarm_r,0.16835558414459229,0.16835558414459229,0.16835558414459229,1
71,RCalfTwist_01,0.1683393269777298,0.1683393269777298,0.1683393269777298,1
23,head,0.16831636428833008,0.16831636428833008,0.16831636428833008,1
64,RCalfTwist_03,0.168300062417984,0.168300062417984,0.168300062417984,1
35,LCalfTwist_02,0.16809284687042236,0.16809284687042236,0.16809284687042236,1
25,RCalfTwist_03,0.16795258224010468,0.16795258224010468,0.16795258224010468,1
80,clavicle_l,0.1677047312259674,0.1677047312259674,0.1677047312259674,1
41,R_ForeTwist_02,0.16766604781150818,0.16766604781150818,0.16766604781150818,1
42,neck_01,0.1675805002450943,0.1675805002450943,0.1675805002450943,1
7,RUpArmTwist_l_01,0.1675395965576172,0.1675395965576172,0.1675395965576172,1
77,L_ForeTwist_02,0.16751950979232788,0.16751950979232788,0.16751950979232788,1
5,ball_r,0.16749639809131622,0.16749639809131622,0.16749639809131622,1
15,LCalfTwist_01,0.1674845814704895,0.1674845814704895,0.1674845814704895,1
68,RUpArmTwist_l_01,0.16745513677597046,0.16745513677597046,0.16745513677597046,1
10,lowerarm_l,0.1674523949623108,0.1674523949623108,0.1674523949623108,1
84,clavicle_l,0.16737912595272064,0.16737912595272064,0.16737912595272064,1
76,L_ForeTwist_01,0.1673463135957718,0.1673463135957718,0.1673463135957718,1
7,RCalfTwist_01,0.16733351349830627,0.16733351349830627,0.16733351349830627,1
54,thumb_01_r,0.16717419028282166,0.16717419028282166,0.16717419028282166,1
54,head,0.16707074642181396,0.16707074642181396,0.16707074642181396,1
21,L_ForeTwist_02,0.16688819229602814,0.16688819229602814,0.16688819229602814,1
16,clavicle_r,0.16681672632694244,0.16681672632694244,0.16681672632694244,1
58,neck_01,0.16676190495491028,0.16676190495491028,0.16676190495491028,1
17,R_ForeTwist_01,0.16669490933418274,0.16669490933418274,0.16669490933418274,1
13,RUpArmTwist_r_01,0.1666332483291626,0.1666332483291626,0.1666332483291626,1
1,R_ForeTwist_01,0.1665678173303604,0.1665678173303604,0.1665678173303604,1
25,RCalfTwist_02,0.16637493669986725,0.16637493669986725,0.16637493669986725,1
72,L_ForeTwist_01,0.1663256138563156,0.1663256138563156,0.1663256138563156,1
30,RCalfTwist_03,0.16626673936843872,0.16626673936843872,0.16626673936843872,1
71,spine_01,0.1662174016237259,0.1662174016237259,0.1662174016237259,1
28,neck_01,0.1661037653684616,0.1661037653684616,0.1661037653684616,1
64,thumb_01_l,0.16573168337345123,0.16573168337345123,0.16573168337345123,1
0,neck_01,0.1657148003578186,0.1657148003578186,0.1657148003578186,1
38,thigh_r,0.16571316123008728,0.16571316123008728,0.16571316123008728,1
15,clavicle_l,0.16569532454013824,0.16569532454013824,0.16569532454013824,1
63,clavicle_r,0.1656166911125183,0.1656166911125183,0.1656166911125183,1
40,L_ForeTwist_02,0.16560561954975128,0.16560561954975128,0.16560561954975128,1
1,RCalfTwist_03,0.16551148891448975,0.16551148891448975,0.16551148891448975,1
10,LCalfTwist_02,0.1654944121837616,0.1654944121837616,0.1654944121837616,1
72,spine_02,0.1654452532529831,0.1654452532529831,0.1654452532529831,1
72,index_01_r,0.16543617844581604,0.16543617844581604,0.16543617844581604,1
52,L_ForeTwist_01,0.16543087363243103,0.16543087363243103,0.16543087363243103,1
9,foot_l,0.16537438333034515,0.16537438333034515,0.16537438333034515,1
20,RCalfTwist_01,0.16531915962696075,0.16531915962696075,0.16531915962696075,1
71,index_01_r,0.16508349776268005,0.16508349776268005,0.16508349776268005,1
76,RUpArmTwist_r_01,0.1650731861591339,0.1650731861591339,0.1650731861591339,1
83,RCalfTwist_03,0.16498050093650818,0.16498050093650818,0.16498050093650818,1
69,L_ForeTwist_02,0.1649302840232849,0.1649302840232849,0.1649302840232849,1
8,clavicle_l,0.16483376920223236,0.16483376920223236,0.16483376920223236,1
72,R_ForeTwist_02,0.16469453275203705,0.16469453275203705,0.16469453275203705,1
75,Bip001,0.16455791890621185,0.16455791890621185,0.16455791890621185,1
19,R_ForeTwist_01,0.16444215178489685,0.16444215178489685,0.16444215178489685,1
64,thumb_01_r,0.16442599892616272,0.16442599892616272,0.16442599892616272,1
32,L_ForeTwist_02,0.1643727421760559,0.1643727421760559,0.1643727421760559,1
22,hand_l,0.1641274094581604,0.1641274094581604,0.1641274094581604,1
65,LCalfTwist_03,0.16409842669963837,0.16409842669963837,0.16409842669963837,1
44,Bip001,0.16404172778129578,0.16404172778129578,0.16404172778129578,1
68,spine_01,0.16391310095787048,0.16391310095787048,0.16391310095787048,1
55,L_ForeTwist_01,0.16376741230487823,0.16376741230487823,0.16376741230487823,1
46,R_ForeTwist_02,0.16367454826831818,0.16367454826831818,0.16367454826831818,1
35,R_ForeTwist_02,0.16344401240348816,0.16344401240348816,0.16344401240348816,1
16,LCalfTwist_03,0.16339915990829468,0.16339915990829468,0.16339915990829468,1
35,RUpArmTwist_r_01,0.16336816549301147,0.16336816549301147,0.16336816549301147,1
24,Bip001,0.16328024864196777,0.16328024864196777,0.16328024864196777,1
9,RUpArmTwist_l_01,0.1629982590675354,0.1629982590675354,0.1629982590675354,1
85,RUpArmTwist_l_01,0.1629120260477066,0.1629120260477066,0.1629120260477066,1
67,Bip001,0.1628069132566452,0.1628069132566452,0.1628069132566452,1
54,index_01_l,0.16279613971710205,0.16279613971710205,0.16279613971710205,1
25,index_01_l,0.16278989613056183,0.16278989613056183,0.16278989613056183,1
51,spine_01,0.1627894937992096,0.1627894937992096,0.1627894937992096,1
40,spine_02,0.16277067363262177,0.16277067363262177,0.16277067363262177,1
70,LCalfTwist_02,0.1625656932592392,0.1625656932592392,0.1625656932592392,1
56,RCalfTwist_01,0.16250596940517426,0.16250596940517426,0.16250596940517426,1
83,index_01_r,0.1624525487422943,0.1624525487422943,0.1624525487422943,1
8,LCalfTwist_02,0.16242772340774536,0.16242772340774536,0.16242772340774536,1
10,RCalfTwist_03,0.16240619122982025,0.16240619122982025,0.16240619122982025,1
55,RUpArmTwist_l_02,0.16239100694656372,0.16239100694656372,0.16239100694656372,1
42,R_ForeTwist_01,0.16238170862197876,0.16238170862197876,0.16238170862197876,1
47,head,0.1622232049703598,0.1622232049703598,0.1622232049703598,1
79,R_ForeTwist_02,0.16212044656276703,0.16212044656276703,0.16212044656276703,1
11,clavicle_r,0.16208428144454956,0.16208428144454956,0.16208428144454956,1
11,R_ForeTwist_02,0.1620626151561737,0.1620626151561737,0.1620626151561737,1
24,R_ForeTwist_02,0.16203996539115906,0.16203996539115906,0.16203996539115906,1
46,RUpArmTwist_l_01,0.16189643740653992,0.16189643740653992,0.16189643740653992,1
84,L_ForeTwist_02,0.16186165809631348,0.16186165809631348,0.16186165809631348,1
69,LCalfTwist_01,0.16183799505233765,0.16183799505233765,0.16183799505233765,1
12,RUpArmTwist_l_02,0.16179445385932922,0.16179445385932922,0.16179445385932922,1
71,L_ForeTwist_01,0.16177265346050262,0.16177265346050262,0.16177265346050262,1
17,L_ForeTwist_01,0.16177256405353546,0.16177256405353546,0.16177256405353546,1
51,foot_l,0.1616336554288864,0.1616336554288864,0.1616336554288864,1
82,L_ForeTwist_02,0.16142810881137848,0.16142810881137848,0.16142810881137848,1
7,LCalfTwist_02,0.16141332685947418,0.16141332685947418,0.16141332685947418,1
74,lowerarm_r,0.16134651005268097,0.16134651005268097,0.16134651005268097,1
27,RUpArmTwist_r_01,0.1612405776977539,0.1612405776977539,0.1612405776977539,1
37,L_ForeTwist_02,0.16123473644256592,0.16123473644256592,0.16123473644256592,1
2,index_01_r,0.16118043661117554,0.16118043661117554,0.16118043661117554,1
18,spine_02,0.16108426451683044,0.16108426451683044,0.16108426451683044,1
40,RCalfTwist_01,0.16096700727939606,0.16096700727939606,0.16096700727939606,1
49,RCalfTwist_03,0.1608019918203354,0.1608019918203354,0.1608019918203354,1
60,L_ForeTwist_01,0.1607753336429596,0.1607753336429596,0.1607753336429596,1
59,R_ForeTwist_02,0.16058409214019775,0.16058409214019775,0.16058409214019775,1
56,R_ForeTwist_02,0.1603797972202301,0.1603797972202301,0.1603797972202301,1
25,LCalfTwist_03,0.16029268503189087,0.16029268503189087,0.16029268503189087,1
45,foot_r,0.16025838255882263,0.16025838255882263,0.16025838255882263,1
32,foot_r,0.1601807326078415,0.1601807326078415,0.1601807326078415,1
62,index_01_l,0.16014890372753143,0.16014890372753143,0.16014890372753143,1
41,Bip001,0.16011829674243927,0.16011829674243927,0.16011829674243927,1
13,clavicle_l,0.16004031896591187,0.16004031896591187,0.16004031896591187,1
72,spine_01,0.15996675193309784,0.15996675193309784,0.15996675193309784,1
75,L_ForeTwist_02,0.15987655520439148,0.15987655520439148,0.15987655520439148,1
55,index_01_l,0.15986894071102142,0.15986894071102142,0.15986894071102142,1
82,RCalfTwist_01,0.1598452627658844,0.1598452627658844,0.1598452627658844,1
61,R_ForeTwist_02,0.1598401963710785,0.1598401963710785,0.1598401963710785,1
50,clavicle_r,0.15981966257095337,0.15981966257095337,0.15981966257095337,1
15,RCalfTwist_03,0.15966184437274933,0.15966184437274933,0.15966184437274933,1
50,RCalfTwist_01,0.15960372984409332,0.15960372984409332,0.15960372984409332,1
6,RUpArmTwist_r_02,0.15954311192035675,0.15954311192035675,0.15954311192035675,1
45,LCalfTwist_01,0.1594979614019394,0.1594979614019394,0.1594979614019394,1
72,lowerarm_r,0.15945953130722046,0.15945953130722046,0.15945953130722046,1
26,Bip001,0.1593652367591858,0.1593652367591858,0.1593652367591858,1
77,L_ForeTwist_01,0.1593642234802246,0.1593642234802246,0.1593642234802246,1
27,R_ForeTwist_02,0.15923777222633362,0.15923777222633362,0.15923777222633362,1
61,L_ForeTwist_01,0.15906371176242828,0.15906371176242828,0.15906371176242828,1
81,spine_01,0.15903283655643463,0.15903283655643463,0.15903283655643463,1
83,RCalfTwist_01,0.15902967751026154,0.15902967751026154,0.15902967751026154,1
21,RUpArmTwist_l_01,0.15902505815029144,0.15902505815029144,0.15902505815029144,1
25,Bip001,0.1590200513601303,0.1590200513601303,0.1590200513601303,1
8,upperarm_l,0.15901951491832733,0.15901951491832733,0.15901951491832733,1
10,hand_l,0.15896561741828918,0.15896561741828918,0.15896561741828918,1
68,clavicle_r,0.1589634269475937,0.1589634269475937,0.1589634269475937,1
73,R_ForeTwist_02,0.15892741084098816,0.15892741084098816,0.15892741084098816,1
48,neck_01,0.1588723361492157,0.1588723361492157,0.1588723361492157,1
14,L_ForeTwist_01,0.15886083245277405,0.15886083245277405,0.15886083245277405,1
70,RUpArmTwist_r_01,0.15885882079601288,0.15885882079601288,0.15885882079601288,1
28,clavicle_l,0.158807635307312,0.158807635307312,0.158807635307312,1
33,LCalfTwist_02,0.15879850089550018,0.15879850089550018,0.15879850089550018,1
45,head,0.1587640345096588,0.1587640345096588,0.1587640345096588,1
7,clavicle_l,0.15876178443431854,0.15876178443431854,0.15876178443431854,1
59,index_01_r,0.1587267369031906,0.1587267369031906,0.1587267369031906,1
75,spine_02,0.15872076153755188,0.15872076153755188,0.15872076153755188,1
72,RUpArmTwist_r_01,0.15858043730258942,0.15858043730258942,0.15858043730258942,1
76,RCalfTwist_02,0.15857332944869995,0.15857332944869995,0.15857332944869995,1
46,L_ForeTwist_02,0.158451646566391,0.158451646566391,0.158451646566391,1
81,RCalfTwist_03,0.15824677050113678,0.15824677050113678,0.15824677050113678,1
58,calf_r,0.15818069875240326,0.15818069875240326,0.15818069875240326,1
45,L_ForeTwist_02,0.15813352167606354,0.15813352167606354,0.15813352167606354,1
72,RCalfTwist_03,0.15805566310882568,0.15805566310882568,0.15805566310882568,1
34,LCalfTwist_02,0.1579093635082245,0.1579093635082245,0.1579093635082245,1
50,Bip001,0.15788137912750244,0.15788137912750244,0.15788137912750244,1
44,LCalfTwist_01,0.15786825120449066,0.15786825120449066,0.15786825120449066,1
29,spine_01,0.1578017771244049,0.1578017771244049,0.1578017771244049,1
85,LCalfTwist_02,0.1576986014842987,0.1576986014842987,0.1576986014842987,1
82,calf_l,0.15768268704414368,0.15768268704414368,0.15768268704414368,1
55,thigh_l,0.1576608419418335,0.1576608419418335,0.1576608419418335,1
59,calf_r,0.15763290226459503,0.15763290226459503,0.15763290226459503,1
65,L_ForeTwist_02,0.15745240449905396,0.15745240449905396,0.15745240449905396,1
52,clavicle_r,0.1573570817708969,0.1573570817708969,0.1573570817708969,1
53,hand_r,0.15727928280830383,0.15727928280830383,0.15727928280830383,1
20,clavicle_l,0.1572708636522293,0.1572708636522293,0.1572708636522293,1
72,RCalfTwist_01,0.15722250938415527,0.15722250938415527,0.15722250938415527,1
25,L_ForeTwist_02,0.15720796585083008,0.15720796585083008,0.15720796585083008,1
8,R_ForeTwist_01,0.1571953445672989,0.1571953445672989,0.1571953445672989,1
59,index_01_l,0.15717142820358276,0.15717142820358276,0.15717142820358276,1
51,spine_02,0.1570817530155182,0.1570817530155182,0.1570817530155182,1
42,clavicle_l,0.1570732146501541,0.1570732146501541,0.1570732146501541,1
79,spine_01,0.1568874567747116,0.1568874567747116,0.1568874567747116,1
48,R_ForeTwist_02,0.15679802000522614,0.15679802000522614,0.15679802000522614,1
25,lowerarm_r,0.15673524141311646,0.15673524141311646,0.15673524141311646,1
51,L_ForeTwist_01,0.1566469371318817,0.1566469371318817,0.1566469371318817,1
75,RCalfTwist_02,0.15660594403743744,0.15660594403743744,0.15660594403743744,1
82,ball_r,0.15657766163349152,0.15657766163349152,0.15657766163349152,1
51,Bip001,0.15613797307014465,0.15613797307014465,0.15613797307014465,1
43,spine_02,0.15612080693244934,0.15612080693244934,0.15612080693244934,1
63,head,0.1560216248035431,0.1560216248035431,0.1560216248035431,1
5,R_ForeTwist_02,0.15598224103450775,0.15598224103450775,0.15598224103450775,1
68,RUpArmTwist_r_02,0.1559530645608902,0.1559530645608902,0.1559530645608902,1
83,LCalfTwist_03,0.1557668298482895,0.1557668298482895,0.1557668298482895,1
74,RCalfTwist_02,0.15554426610469818,0.15554426610469818,0.15554426610469818,1
72,calf_r,0.15549248456954956,0.15549248456954956,0.15549248456954956,1
70,RCalfTwist_01,0.15540297329425812,0.15540297329425812,0.15540297329425812,1
44,L_ForeTwist_01,0.155361145734787,0.155361145734787,0.155361145734787,1
38,LCalfTwist_02,0.15530335903167725,0.15530335903167725,0.15530335903167725,1
66,Bip001,0.1551944464445114,0.1551944464445114,0.1551944464445114,1
70,spine_01,0.15519239008426666,0.15519239008426666,0.15519239008426666,1
16,RCalfTwist_03,0.15494026243686676,0.15494026243686676,0.15494026243686676,1
14,head,0.15485887229442596,0.15485887229442596,0.15485887229442596,1
53,LCalfTwist_02,0.15477988123893738,0.15477988123893738,0.15477988123893738,1
56,RCalfTwist_03,0.15471653640270233,0.15471653640270233,0.15471653640270233,1
83,LCalfTwist_02,0.15470054745674133,0.15470054745674133,0.15470054745674133,1
58,L_ForeTwist_01,0.1546795517206192,0.1546795517206192,0.1546795517206192,1
58,RUpArmTwist_l_02,0.15464241802692413,0.15464241802692413,0.15464241802692413,1
59,RCalfTwist_02,0.1545928418636322,0.1545928418636322,0.1545928418636322,1
4,LCalfTwist_03,0.15454526245594025,0.15454526245594025,0.15454526245594025,1
22,clavicle_r,0.1543283462524414,0.1543283462524414,0.1543283462524414,1
68,spine_02,0.1541128307580948,0.1541128307580948,0.1541128307580948,1
80,RUpArmTwist_l_01,0.1539345532655716,0.1539345532655716,0.1539345532655716,1
50,R_ForeTwist_01,0.1538456231355667,0.1538456231355667,0.1538456231355667,1
57,R_ForeTwist_01,0.15366418659687042,0.15366418659687042,0.15366418659687042,1
61,RCalfTwist_03,0.1536502242088318,0.1536502242088318,0.1536502242088318,1
24,calf_r,0.15361399948596954,0.15361399948596954,0.15361399948596954,1
61,RCalfTwist_02,0.15357130765914917,0.15357130765914917,0.15357130765914917,1
70,LCalfTwist_01,0.1535044014453888,0.1535044014453888,0.1535044014453888,1
80,LCalfTwist_02,0.15342403948307037,0.15342403948307037,0.15342403948307037,1
82,RCalfTwist_03,0.15322405099868774,0.15322405099868774,0.15322405099868774,1
6,LCalfTwist_03,0.15320393443107605,0.15320393443107605,0.15320393443107605,1
2,L_ForeTwist_01,0.15320086479187012,0.15320086479187012,0.15320086479187012,1
69,LCalfTwist_02,0.1531996726989746,0.1531996726989746,0.1531996726989746,1
21,L_ForeTwist_01,0.15313008427619934,0.15313008427619934,0.15313008427619934,1
80,Bip001,0.15310709178447723,0.15310709178447723,0.15310709178447723,1
22,RCalfTwist_02,0.1530567705631256,0.1530567705631256,0.1530567705631256,1
67,RUpArmTwist_l_01,0.15298570692539215,0.15298570692539215,0.15298570692539215,1
26,L_ForeTwist_02,0.1529131382703781,0.1529131382703781,0.1529131382703781,1
47,L_ForeTwist_02,0.1526751071214676,0.1526751071214676,0.1526751071214676,1
61,Bip001,0.15266595780849457,0.15266595780849457,0.15266595780849457,1
46,LCalfTwist_02,0.15262500941753387,0.15262500941753387,0.15262500941753387,1
26,RCalfTwist_02,0.15261104702949524,0.15261104702949524,0.15261104702949524,1
6,clavicle_l,0.15260116755962372,0.15260116755962372,0.15260116755962372,1
36,L_ForeTwist_02,0.1525687277317047,0.1525687277317047,0.1525687277317047,1
44,thigh_l,0.15255774557590485,0.15255774557590485,0.15255774557590485,1
20,RCalfTwist_03,0.15241609513759613,0.15241609513759613,0.15241609513759613,1
78,RUpArmTwist_r_02,0.1523015946149826,0.1523015946149826,0.1523015946149826,1
65,Bip001,0.15226414799690247,0.15226414799690247,0.15226414799690247,1
2,lowerarm_l,0.1522071808576584,0.1522071808576584,0.1522071808576584,1
15,spine_01,0.15220509469509125,0.15220509469509125,0.15220509469509125,1
55,head,0.15210826694965363,0.15210826694965363,0.15210826694965363,1
81,clavicle_r,0.15209975838661194,0.15209975838661194,0.15209975838661194,1
47,RCalfTwist_03,0.15191775560379028,0.15191775560379028,0.15191775560379028,1
50,index_01_l,0.15189436078071594,0.15189436078071594,0.15189436078071594,1
20,L_ForeTwist_02,0.15182337164878845,0.15182337164878845,0.15182337164878845,1
30,clavicle_r,0.15157200396060944,0.15157200396060944,0.15157200396060944,1
52,RCalfTwist_02,0.15147234499454498,0.15147234499454498,0.15147234499454498,1
43,Bip001,0.15137659013271332,0.15137659013271332,0.15137659013271332,1
13,L_ForeTwist_02,0.15124571323394775,0.15124571323394775,0.15124571323394775,1
29,LCalfTwist_01,0.15113919973373413,0.15113919973373413,0.15113919973373413,1
5,clavicle_r,0.1511063426733017,0.1511063426733017,0.1511063426733017,1
10,RUpArmTwist_l_02,0.15103231370449066,0.15103231370449066,0.15103231370449066,1
82,clavicle_r,0.151024729013443,0.151024729013443,0.151024729013443,1
49,index_01_l,0.1509362906217575,0.1509362906217575,0.1509362906217575,1
73,RCalfTwist_03,0.15092343091964722,0.15092343091964722,0.15092343091964722,1
29,ball_r,0.1508927047252655,0.1508927047252655,0.1508927047252655,1
5,LCalfTwist_03,0.15088321268558502,0.15088321268558502,0.15088321268558502,1
78,L_ForeTwist_01,0.150549054145813,0.150549054145813,0.150549054145813,1
22,L_ForeTwist_02,0.15041038393974304,0.15041038393974304,0.15041038393974304,1
36,R_ForeTwist_02,0.15034765005111694,0.15034765005111694,0.15034765005111694,1
80,head,0.15034541487693787,0.15034541487693787,0.15034541487693787,1
50,LCalfTwist_01,0.15028820931911469,0.15028820931911469,0.15028820931911469,1
71,L_ForeTwist_02,0.15019087493419647,0.15019087493419647,0.15019087493419647,1
79,Bip001,0.15016913414001465,0.15016913414001465,0.15016913414001465,1
21,LCalfTwist_03,0.15000002086162567,0.15000002086162567,0.15000002086162567,1
76,RCalfTwist_03,0.1499965786933899,0.1499965786933899,0.1499965786933899,1
67,LCalfTwist_01,0.14976656436920166,0.14976656436920166,0.14976656436920166,1
4,Bip001,0.14975321292877197,0.14975321292877197,0.14975321292877197,1
72,L_ForeTwist_02,0.14969399571418762,0.14969399571418762,0.14969399571418762,1
46,head,0.14938275516033173,0.14938275516033173,0.14938275516033173,1
19,L_ForeTwist_02,0.14935719966888428,0.14935719966888428,0.14935719966888428,1
13,RCalfTwist_02,0.1488076150417328,0.1488076150417328,0.1488076150417328,1
1,LCalfTwist_01,0.14872604608535767,0.14872604608535767,0.14872604608535767,1
59,clavicle_l,0.14872249960899353,0.14872249960899353,0.14872249960899353,1
48,index_01_l,0.14845789968967438,0.14845789968967438,0.14845789968967438,1
49,RUpArmTwist_r_01,0.14817379415035248,0.14817379415035248,0.14817379415035248,1
60,RUpArmTwist_l_01,0.14792586863040924,0.14792586863040924,0.14792586863040924,1
3,calf_r,0.14786893129348755,0.14786893129348755,0.14786893129348755,1
31,L_ForeTwist_01,0.1478291153907776,0.1478291153907776,0.1478291153907776,1
9,RCalfTwist_03,0.14765821397304535,0.14765821397304535,0.14765821397304535,1
45,RUpArmTwist_r_01,0.1476551741361618,0.1476551741361618,0.1476551741361618,1
32,RCalfTwist_01,0.14750878512859344,0.14750878512859344,0.14750878512859344,1
58,index_01_l,0.14747221767902374,0.14747221767902374,0.14747221767902374,1
13,RUpArmTwist_l_01,0.14746856689453125,0.14746856689453125,0.14746856689453125,1
79,RUpArmTwist_l_01,0.14732639491558075,0.14732639491558075,0.14732639491558075,1
11,RCalfTwist_03,0.1471467912197113,0.1471467912197113,0.1471467912197113,1
46,RUpArmTwist_r_01,0.1469692885875702,0.1469692885875702,0.1469692885875702,1
64,RUpArmTwist_l_01,0.14686249196529388,0.14686249196529388,0.14686249196529388,1
66,clavicle_r,0.1468491554260254,0.1468491554260254,0.1468491554260254,1
34,RUpArmTwist_r_01,0.1466987133026123,0.1466987133026123,0.1466987133026123,1
70,RCalfTwist_03,0.14665496349334717,0.14665496349334717,0.14665496349334717,1
12,L_ForeTwist_01,0.1466161161661148,0.1466161161661148,0.1466161161661148,1
38,ball_r,0.14647309482097626,0.14647309482097626,0.14647309482097626,1
55,R_ForeTwist_02,0.14624181389808655,0.14624181389808655,0.14624181389808655,1
42,RCalfTwist_01,0.14622758328914642,0.14622758328914642,0.14622758328914642,1
25,RUpArmTwist_l_02,0.14606121182441711,0.14606121182441711,0.14606121182441711,1
48,RCalfTwist_03,0.14605475962162018,0.14605475962162018,0.14605475962162018,1
58,LCalfTwist_01,0.14592452347278595,0.14592452347278595,0.14592452347278595,1
52,clavicle_l,0.14589671790599823,0.14589671790599823,0.14589671790599823,1
51,LCalfTwist_03,0.14541661739349365,0.14541661739349365,0.14541661739349365,1
81,ball_r,0.14538978040218353,0.14538978040218353,0.14538978040218353,1
44,spine_02,0.14537329971790314,0.14537329971790314,0.14537329971790314,1
59,LCalfTwist_01,0.145184725522995,0.145184725522995,0.145184725522995,1
19,R_ForeTwist_02,0.14516620337963104,0.14516620337963104,0.14516620337963104,1
56,calf_r,0.14514712989330292,0.14514712989330292,0.14514712989330292,1
71,RCalfTwist_03,0.14509831368923187,0.14509831368923187,0.14509831368923187,1
85,L_ForeTwist_01,0.14500616490840912,0.14500616490840912,0.14500616490840912,1
16,calf_r,0.14494526386260986,0.14494526386260986,0.14494526386260986,1
37,LCalfTwist_02,0.14464861154556274,0.14464861154556274,0.14464861154556274,1
28,R_ForeTwist_02,0.14443783462047577,0.14443783462047577,0.14443783462047577,1
33,RCalfTwist_01,0.14438369870185852,0.14438369870185852,0.14438369870185852,1
19,RCalfTwist_02,0.14432504773139954,0.14432504773139954,0.14432504773139954,1
41,RCalfTwist_01,0.14431895315647125,0.14431895315647125,0.14431895315647125,1
57,index_01_l,0.14431554079055786,0.14431554079055786,0.14431554079055786,1
63,Bip001,0.1443122774362564,0.1443122774362564,0.1443122774362564,1
80,R_ForeTwist_02,0.14428623020648956,0.14428623020648956,0.14428623020648956,1
20,spine_02,0.1441653072834015,0.1441653072834015,0.1441653072834015,1
6,Bip001,0.14414860308170319,0.14414860308170319,0.14414860308170319,1
46,spine_01,0.14411301910877228,0.14411301910877228,0.14411301910877228,1
26,index_01_l,0.14377303421497345,0.14377303421497345,0.14377303421497345,1
53,spine_02,0.1435205638408661,0.1435205638408661,0.1435205638408661,1
62,L_ForeTwist_01,0.14351508021354675,0.14351508021354675,0.14351508021354675,1
12,upperarm_r,0.1435115784406662,0.1435115784406662,0.1435115784406662,1
60,spine_02,0.1434832066297531,0.1434832066297531,0.1434832066297531,1
64,RUpArmTwist_r_01,0.14343054592609406,0.14343054592609406,0.14343054592609406,1
29,LCalfTwist_03,0.14328905940055847,0.14328905940055847,0.14328905940055847,1
69,clavicle_l,0.14327852427959442,0.14327852427959442,0.14327852427959442,1
57,LCalfTwist_01,0.1432444155216217,0.1432444155216217,0.1432444155216217,1
5,upperarm_r,0.14319345355033875,0.14319345355033875,0.14319345355033875,1
8,R_ForeTwist_02,0.14314375817775726,0.14314375817775726,0.14314375817775726,1
3,Bip001,0.14306703209877014,0.14306703209877014,0.14306703209877014,1
12,LCalfTwist_01,0.14299380779266357,0.14299380779266357,0.14299380779266357,1
83,L_ForeTwist_02,0.14286759495735168,0.14286759495735168,0.14286759495735168,1
43,R_ForeTwist_01,0.14280086755752563,0.14280086755752563,0.14280086755752563,1
52,LCalfTwist_02,0.14250747859477997,0.14250747859477997,0.14250747859477997,1
66,foot_l,0.1424759477376938,0.1424759477376938,0.1424759477376938,1
67,clavicle_r,0.1424613893032074,0.1424613893032074,0.1424613893032074,1
69,L_ForeTwist_01,0.14244647324085236,0.14244647324085236,0.14244647324085236,1
70,R_ForeTwist_02,0.14242684841156006,0.14242684841156006,0.14242684841156006,1
39,L_ForeTwist_01,0.14230279624462128,0.14230279624462128,0.14230279624462128,1
72,RUpArmTwist_l_02,0.14215625822544098,0.14215625822544098,0.14215625822544098,1
50,upperarm_r,0.14207808673381805,0.14207808673381805,0.14207808673381805,1
4,index_01_l,0.14201754331588745,0.14201754331588745,0.14201754331588745,1
44,LCalfTwist_02,0.1419002264738083,0.1419002264738083,0.1419002264738083,1
66,L_ForeTwist_01,0.14157769083976746,0.14157769083976746,0.14157769083976746,1
81,L_ForeTwist_02,0.14149004220962524,0.14149004220962524,0.14149004220962524,1
4,R_ForeTwist_02,0.14148905873298645,0.14148905873298645,0.14148905873298645,1
49,spine_02,0.14142069220542908,0.14142069220542908,0.14142069220542908,1
16,L_ForeTwist_01,0.14124619960784912,0.14124619960784912,0.14124619960784912,1
62,upperarm_l,0.14117194712162018,0.14117194712162018,0.14117194712162018,1
20,RCalfTwist_02,0.141156867146492,0.141156867146492,0.141156867146492,1
64,L_ForeTwist_01,0.14115522801876068,0.14115522801876068,0.14115522801876068,1
18,L_ForeTwist_01,0.14094246923923492,0.14094246923923492,0.14094246923923492,1
30,RCalfTwist_01,0.14087219536304474,0.14087219536304474,0.14087219536304474,1
83,calf_l,0.1406266689300537,0.1406266689300537,0.1406266689300537,1
67,RUpArmTwist_r_01,0.14055782556533813,0.14055782556533813,0.14055782556533813,1
40,calf_r,0.14052046835422516,0.14052046835422516,0.14052046835422516,1
2,L_ForeTwist_02,0.1404751092195511,0.1404751092195511,0.1404751092195511,1
49,clavicle_l,0.1404498666524887,0.1404498666524887,0.1404498666524887,1
34,calf_r,0.14033770561218262,0.14033770561218262,0.14033770561218262,1
45,spine_01,0.14032740890979767,0.14032740890979767,0.14032740890979767,1
6,LCalfTwist_02,0.14020265638828278,0.14020265638828278,0.14020265638828278,1
18,L_ForeTwist_02,0.13992151618003845,0.13992151618003845,0.13992151618003845,1
37,head,0.13989844918251038,0.13989844918251038,0.13989844918251038,1
36,RCalfTwist_03,0.13978078961372375,0.13978078961372375,0.13978078961372375,1
70,ball_r,0.1397390365600586,0.1397390365600586,0.1397390365600586,1
30,L_ForeTwist_01,0.13965550065040588,0.13965550065040588,0.13965550065040588,1
75,LCalfTwist_01,0.13952505588531494,0.13952505588531494,0.13952505588531494,1
33,RUpArmTwist_l_02,0.13949905335903168,0.13949905335903168,0.13949905335903168,1
58,RUpArmTwist_r_01,0.13924144208431244,0.13924144208431244,0.13924144208431244,1
38,clavicle_l,0.1390799582004547,0.1390799582004547,0.1390799582004547,1
3,RUpArmTwist_r_01,0.13905015587806702,0.13905015587806702,0.13905015587806702,1
75,R_ForeTwist_02,0.1389733850955963,0.1389733850955963,0.1389733850955963,1
57,RUpArmTwist_r_01,0.13868576288223267,0.13868576288223267,0.13868576288223267,1
47,R_ForeTwist_02,0.13857394456863403,0.13857394456863403,0.13857394456863403,1
28,RUpArmTwist_r_02,0.1385307013988495,0.1385307013988495,0.1385307013988495,1
38,RUpArmTwist_l_02,0.13850751519203186,0.13850751519203186,0.13850751519203186,1
73,calf_r,0.13839924335479736,0.13839924335479736,0.13839924335479736,1
80,L_ForeTwist_01,0.13836976885795593,0.13836976885795593,0.13836976885795593,1
63,RCalfTwist_02,0.1382918655872345,0.1382918655872345,0.1382918655872345,1
59,RUpArmTwist_r_01,0.13797880709171295,0.13797880709171295,0.13797880709171295,1
34,R_ForeTwist_02,0.1379583179950714,0.1379583179950714,0.1379583179950714,1
17,LCalfTwist_02,0.13790418207645416,0.13790418207645416,0.13790418207645416,1
65,L_ForeTwist_01,0.13779382407665253,0.13779382407665253,0.13779382407665253,1
49,R_ForeTwist_02,0.13776400685310364,0.13776400685310364,0.13776400685310364,1
27,RCalfTwist_02,0.13763251900672913,0.13763251900672913,0.13763251900672913,1
43,spine_01,0.13762500882148743,0.13762500882148743,0.13762500882148743,1
57,L_ForeTwist_02,0.13743822276592255,0.13743822276592255,0.13743822276592255,1
27,L_ForeTwist_02,0.13737978041172028,0.13737978041172028,0.13737978041172028,1
4,LCalfTwist_02,0.1373445689678192,0.1373445689678192,0.1373445689678192,1
28,RCalfTwist_02,0.13732054829597473,0.13732054829597473,0.13732054829597473,1
81,RUpArmTwist_r_01,0.1373131424188614,0.1373131424188614,0.1373131424188614,1
67,RUpArmTwist_r_02,0.13715842366218567,0.13715842366218567,0.13715842366218567,1
68,LCalfTwist_01,0.13713222742080688,0.13713222742080688,0.13713222742080688,1
68,L_ForeTwist_02,0.1371178925037384,0.1371178925037384,0.1371178925037384,1
40,index_01_l,0.13696682453155518,0.13696682453155518,0.13696682453155518,1
55,RUpArmTwist_r_01,0.1368861198425293,0.1368861198425293,0.1368861198425293,1
13,RUpArmTwist_l_02,0.13688170909881592,0.13688170909881592,0.13688170909881592,1
21,clavicle_r,0.13687030971050262,0.13687030971050262,0.13687030971050262,1
82,RUpArmTwist_l_02,0.13670819997787476,0.13670819997787476,0.13670819997787476,1
18,clavicle_r,0.13669316470623016,0.13669316470623016,0.13669316470623016,1
29,RCalfTwist_02,0.1363520473241806,0.1363520473241806,0.1363520473241806,1
53,RUpArmTwist_r_01,0.13634774088859558,0.13634774088859558,0.13634774088859558,1
0,RUpArmTwist_l_01,0.13632985949516296,0.13632985949516296,0.13632985949516296,1
38,LCalfTwist_03,0.1361757218837738,0.1361757218837738,0.1361757218837738,1
22,LCalfTwist_03,0.13605503737926483,0.13605503737926483,0.13605503737926483,1
12,hand_r,0.13597054779529572,0.13597054779529572,0.13597054779529572,1
73,RUpArmTwist_l_02,0.13595929741859436,0.13595929741859436,0.13595929741859436,1
39,RCalfTwist_02,0.13592594861984253,0.13592594861984253,0.13592594861984253,1
70,L_ForeTwist_02,0.13585129380226135,0.13585129380226135,0.13585129380226135,1
27,head,0.135716050863266,0.135716050863266,0.135716050863266,1
55,calf_r,0.1356021761894226,0.1356021761894226,0.1356021761894226,1
83,RUpArmTwist_r_02,0.135551318526268,0.135551318526268,0.135551318526268,1
20,LCalfTwist_02,0.1355377733707428,0.1355377733707428,0.1355377733707428,1
64,clavicle_r,0.13552670180797577,0.13552670180797577,0.13552670180797577,1
44,L_ForeTwist_02,0.13535137474536896,0.13535137474536896,0.13535137474536896,1
58,spine_01,0.1353183537721634,0.1353183537721634,0.1353183537721634,1
22,L_ForeTwist_01,0.13531480729579926,0.13531480729579926,0.13531480729579926,1
3,L_ForeTwist_01,0.1353062093257904,0.1353062093257904,0.1353062093257904,1
0,L_ForeTwist_02,0.13529229164123535,0.13529229164123535,0.13529229164123535,1
8,RUpArmTwist_l_01,0.13515280187129974,0.13515280187129974,0.13515280187129974,1
85,RCalfTwist_02,0.1351369321346283,0.1351369321346283,0.1351369321346283,1
62,RCalfTwist_02,0.1350310891866684,0.1350310891866684,0.1350310891866684,1
7,L_ForeTwist_01,0.13497376441955566,0.13497376441955566,0.13497376441955566,1
50,R_ForeTwist_02,0.13496050238609314,0.13496050238609314,0.13496050238609314,1
7,calf_r,0.13488095998764038,0.13488095998764038,0.13488095998764038,1
49,L_ForeTwist_02,0.13487109541893005,0.13487109541893005,0.13487109541893005,1
82,LCalfTwist_03,0.13456356525421143,0.13456356525421143,0.13456356525421143,1
49,Bip001,0.13455983996391296,0.13455983996391296,0.13455983996391296,1
84,LCalfTwist_02,0.1343681961297989,0.1343681961297989,0.1343681961297989,1
14,RCalfTwist_03,0.13424499332904816,0.13424499332904816,0.13424499332904816,1
77,Bip001,0.1341470628976822,0.1341470628976822,0.1341470628976822,1
77,RUpArmTwist_r_01,0.13397368788719177,0.13397368788719177,0.13397368788719177,1
30,LCalfTwist_01,0.13385343551635742,0.13385343551635742,0.13385343551635742,1
76,R_ForeTwist_02,0.13368460536003113,0.13368460536003113,0.13368460536003113,1
18,RCalfTwist_02,0.13364668190479279,0.13364668190479279,0.13364668190479279,1
55,LCalfTwist_03,0.13337144255638123,0.13337144255638123,0.13337144255638123,1
6,L_ForeTwist_01,0.13322769105434418,0.13322769105434418,0.13322769105434418,1
60,calf_l,0.13320669531822205,0.13320669531822205,0.13320669531822205,1
62,Bip001,0.1330706924200058,0.1330706924200058,0.1330706924200058,1
60,L_ForeTwist_02,0.13299760222434998,0.13299760222434998,0.13299760222434998,1
12,calf_r,0.13293346762657166,0.13293346762657166,0.13293346762657166,1
22,RUpArmTwist_l_02,0.13292470574378967,0.13292470574378967,0.13292470574378967,1
33,LCalfTwist_03,0.1327860951423645,0.1327860951423645,0.1327860951423645,1
29,L_ForeTwist_02,0.13266675174236298,0.13266675174236298,0.13266675174236298,1
83,L_ForeTwist_01,0.13225708901882172,0.13225708901882172,0.13225708901882172,1
61,index_01_l,0.13216108083724976,0.13216108083724976,0.13216108083724976,1
50,L_ForeTwist_01,0.13182146847248077,0.13182146847248077,0.13182146847248077,1
12,LCalfTwist_02,0.1318010538816452,0.1318010538816452,0.1318010538816452,1
64,Bip001,0.13169525563716888,0.13169525563716888,0.13169525563716888,1
53,L_ForeTwist_02,0.13163824379444122,0.13163824379444122,0.13163824379444122,1
30,RUpArmTwist_r_01,0.1315654069185257,0.1315654069185257,0.1315654069185257,1
66,RUpArmTwist_r_01,0.13153371214866638,0.13153371214866638,0.13153371214866638,1
50,L_ForeTwist_02,0.13141337037086487,0.13141337037086487,0.13141337037086487,1
70,clavicle_l,0.13133199512958527,0.13133199512958527,0.13133199512958527,1
19,foot_r,0.1313115954399109,0.1313115954399109,0.1313115954399109,1
70,RCalfTwist_02,0.13118475675582886,0.13118475675582886,0.13118475675582886,1
36,LCalfTwist_02,0.1310690939426422,0.1310690939426422,0.1310690939426422,1
67,L_ForeTwist_01,0.13071796298027039,0.13071796298027039,0.13071796298027039,1
69,spine_01,0.13015152513980865,0.13015152513980865,0.13015152513980865,1
49,RCalfTwist_02,0.13010306656360626,0.13010306656360626,0.13010306656360626,1
24,clavicle_l,0.13006150722503662,0.13006150722503662,0.13006150722503662,1
11,RUpArmTwist_r_01,0.12997864186763763,0.12997864186763763,0.12997864186763763,1
16,L_ForeTwist_02,0.12992797791957855,0.12992797791957855,0.12992797791957855,1
5,L_ForeTwist_02,0.12978732585906982,0.12978732585906982,0.12978732585906982,1
73,head,0.12976112961769104,0.12976112961769104,0.12976112961769104,1
84,L_ForeTwist_01,0.1297442615032196,0.1297442615032196,0.1297442615032196,1
27,neck_01,0.12968139350414276,0.12968139350414276,0.12968139350414276,1
67,L_ForeTwist_02,0.1296336054801941,0.1296336054801941,0.1296336054801941,1
15,RUpArmTwist_r_01,0.1296049952507019,0.1296049952507019,0.1296049952507019,1
66,LCalfTwist_02,0.1294795572757721,0.1294795572757721,0.1294795572757721,1
64,R_ForeTwist_02,0.12923139333724976,0.12923139333724976,0.12923139333724976,1
66,L_ForeTwist_02,0.1290603131055832,0.1290603131055832,0.1290603131055832,1
76,clavicle_l,0.12896132469177246,0.12896132469177246,0.12896132469177246,1
28,L_ForeTwist_02,0.1288190484046936,0.1288190484046936,0.1288190484046936,1
39,RUpArmTwist_l_01,0.12877820432186127,0.12877820432186127,0.12877820432186127,1
62,R_ForeTwist_02,0.12865827977657318,0.12865827977657318,0.12865827977657318,1
66,LCalfTwist_03,0.12856163084506989,0.12856163084506989,0.12856163084506989,1
9,L_ForeTwist_02,0.12850289046764374,0.12850289046764374,0.12850289046764374,1
11,RUpArmTwist_l_02,0.12848377227783203,0.12848377227783203,0.12848377227783203,1
48,L_ForeTwist_01,0.1281958371400833,0.1281958371400833,0.1281958371400833,1
17,L_ForeTwist_02,0.1281217783689499,0.1281217783689499,0.1281217783689499,1
31,LCalfTwist_01,0.12804844975471497,0.12804844975471497,0.12804844975471497,1
54,RCalfTwist_03,0.12802140414714813,0.12802140414714813,0.12802140414714813,1
9,ball_r,0.12799687683582306,0.12799687683582306,0.12799687683582306,1
50,RCalfTwist_02,0.12793433666229248,0.12793433666229248,0.12793433666229248,1
55,LCalfTwist_02,0.12786321341991425,0.12786321341991425,0.12786321341991425,1
51,RCalfTwist_02,0.12764394283294678,0.12764394283294678,0.12764394283294678,1
7,ball_r,0.12759071588516235,0.12759071588516235,0.12759071588516235,1
84,R_ForeTwist_02,0.1275251805782318,0.1275251805782318,0.1275251805782318,1
31,clavicle_r,0.12746509909629822,0.12746509909629822,0.12746509909629822,1
14,ball_r,0.12714257836341858,0.12714257836341858,0.12714257836341858,1
29,R_ForeTwist_02,0.1267233043909073,0.1267233043909073,0.1267233043909073,1
54,LCalfTwist_02,0.12656311690807343,0.12656311690807343,0.12656311690807343,1
42,L_ForeTwist_01,0.1265059858560562,0.1265059858560562,0.1265059858560562,1
70,RUpArmTwist_l_02,0.1261690855026245,0.1261690855026245,0.1261690855026245,1
51,RUpArmTwist_r_01,0.1259489506483078,0.1259489506483078,0.1259489506483078,1
69,RCalfTwist_03,0.12588565051555634,0.12588565051555634,0.12588565051555634,1
77,LCalfTwist_03,0.1257164031267166,0.1257164031267166,0.1257164031267166,1
40,upperarm_r,0.12553799152374268,0.12553799152374268,0.12553799152374268,1
82,L_ForeTwist_01,0.1253262162208557,0.1253262162208557,0.1253262162208557,1
78,Bip001,0.1252196580171585,0.1252196580171585,0.1252196580171585,1
9,clavicle_l,0.12521551549434662,0.12521551549434662,0.12521551549434662,1
6,ball_r,0.12505172193050385,0.12505172193050385,0.12505172193050385,1
40,clavicle_l,0.125005841255188,0.125005841255188,0.125005841255188,1
4,clavicle_r,0.12487386912107468,0.12487386912107468,0.12487386912107468,1
15,RCalfTwist_02,0.12474480271339417,0.12474480271339417,0.12474480271339417,1
74,foot_r,0.12471944093704224,0.12471944093704224,0.12471944093704224,1
16,RCalfTwist_02,0.12461455166339874,0.12461455166339874,0.12461455166339874,1
49,RCalfTwist_01,0.12379111349582672,0.12379111349582672,0.12379111349582672,1
40,R_ForeTwist_02,0.12377598136663437,0.12377598136663437,0.12377598136663437,1
85,R_ForeTwist_02,0.12377432733774185,0.12377432733774185,0.12377432733774185,1
46,clavicle_l,0.12373856455087662,0.12373856455087662,0.12373856455087662,1
54,R_ForeTwist_02,0.12344765663146973,0.12344765663146973,0.12344765663146973,1
44,calf_r,0.12344151735305786,0.12344151735305786,0.12344151735305786,1
5,Bip001,0.12326638400554657,0.12326638400554657,0.12326638400554657,1
73,lowerarm_r,0.12324150651693344,0.12324150651693344,0.12324150651693344,1
24,RCalfTwist_03,0.12304092198610306,0.12304092198610306,0.12304092198610306,1
32,R_ForeTwist_01,0.12284239381551743,0.12284239381551743,0.12284239381551743,1
68,L_ForeTwist_01,0.12241940200328827,0.12241940200328827,0.12241940200328827,1
33,R_ForeTwist_01,0.12234999239444733,0.12234999239444733,0.12234999239444733,1
43,clavicle_l,0.12225493043661118,0.12225493043661118,0.12225493043661118,1
22,R_ForeTwist_02,0.12215898931026459,0.12215898931026459,0.12215898931026459,1
29,LCalfTwist_02,0.12215345352888107,0.12215345352888107,0.12215345352888107,1
47,RUpArmTwist_r_01,0.12195997685194016,0.12195997685194016,0.12195997685194016,1
50,foot_l,0.12172296643257141,0.12172296643257141,0.12172296643257141,1
32,LCalfTwist_01,0.12171731889247894,0.12171731889247894,0.12171731889247894,1
59,LCalfTwist_02,0.1215922012925148,0.1215922012925148,0.1215922012925148,1
77,R_ForeTwist_02,0.12153880298137665,0.12153880298137665,0.12153880298137665,1
37,RUpArmTwist_r_02,0.12150510400533676,0.12150510400533676,0.12150510400533676,1
15,L_ForeTwist_02,0.12149720638990402,0.12149720638990402,0.12149720638990402,1
21,spine_02,0.121302530169487,0.121302530169487,0.121302530169487,1
18,RUpArmTwist_r_02,0.12115409970283508,0.12115409970283508,0.12115409970283508,1
73,RCalfTwist_01,0.1209494024515152,0.1209494024515152,0.1209494024515152,1
14,R_ForeTwist_02,0.12092322111129761,0.12092322111129761,0.12092322111129761,1
26,RUpArmTwist_l_02,0.12079763412475586,0.12079763412475586,0.12079763412475586,1
75,clavicle_r,0.12078853696584702,0.12078853696584702,0.12078853696584702,1
63,spine_02,0.12067530304193497,0.12067530304193497,0.12067530304193497,1
75,LCalfTwist_03,0.12055369466543198,0.12055369466543198,0.12055369466543198,1
1,RUpArmTwist_r_01,0.1204904243350029,0.1204904243350029,0.1204904243350029,1
73,LCalfTwist_03,0.12031999975442886,0.12031999975442886,0.12031999975442886,1
31,clavicle_l,0.1199268102645874,0.1199268102645874,0.1199268102645874,1
46,LCalfTwist_03,0.11933131515979767,0.11933131515979767,0.11933131515979767,1
81,spine_02,0.11929591000080109,0.11929591000080109,0.11929591000080109,1
74,RUpArmTwist_r_01,0.11924656480550766,0.11924656480550766,0.11924656480550766,1
35,L_ForeTwist_02,0.11896559596061707,0.11896559596061707,0.11896559596061707,1
5,L_ForeTwist_01,0.11896210163831711,0.11896210163831711,0.11896210163831711,1
65,RCalfTwist_02,0.1188066229224205,0.1188066229224205,0.1188066229224205,1
59,RUpArmTwist_l_02,0.11859601736068726,0.11859601736068726,0.11859601736068726,1
24,head,0.11848927289247513,0.11848927289247513,0.11848927289247513,1
34,clavicle_l,0.11832595616579056,0.11832595616579056,0.11832595616579056,1
20,RUpArmTwist_r_01,0.11821728944778442,0.11821728944778442,0.11821728944778442,1
29,L_ForeTwist_01,0.11814320832490921,0.11814320832490921,0.11814320832490921,1
47,LCalfTwist_02,0.11791560053825378,0.11791560053825378,0.11791560053825378,1
71,LCalfTwist_02,0.11776648461818695,0.11776648461818695,0.11776648461818695,1
1,LCalfTwist_02,0.11760731786489487,0.11760731786489487,0.11760731786489487,1
16,LCalfTwist_02,0.11748091131448746,0.11748091131448746,0.11748091131448746,1
37,RCalfTwist_02,0.1172521635890007,0.1172521635890007,0.1172521635890007,1
63,RUpArmTwist_l_01,0.11720234900712967,0.11720234900712967,0.11720234900712967,1
60,calf_r,0.11717923730611801,0.11717923730611801,0.11717923730611801,1
28,L_ForeTwist_01,0.11704523116350174,0.11704523116350174,0.11704523116350174,1
14,L_ForeTwist_02,0.11677432060241699,0.11677432060241699,0.11677432060241699,1
73,L_ForeTwist_02,0.11675547063350677,0.11675547063350677,0.11675547063350677,1
68,ball_r,0.11619463562965393,0.11619463562965393,0.11619463562965393,1
54,L_ForeTwist_02,0.11606933921575546,0.11606933921575546,0.11606933921575546,1
55,L_ForeTwist_02,0.11593621969223022,0.11593621969223022,0.11593621969223022,1
7,RCalfTwist_02,0.11577267199754715,0.11577267199754715,0.11577267199754715,1
76,RUpArmTwist_l_01,0.11574869602918625,0.11574869602918625,0.11574869602918625,1
40,L_ForeTwist_01,0.1156284362077713,0.1156284362077713,0.1156284362077713,1
7,L_ForeTwist_02,0.11547339707612991,0.11547339707612991,0.11547339707612991,1
60,LCalfTwist_02,0.1154419481754303,0.1154419481754303,0.1154419481754303,1
57,calf_r,0.11514145135879517,0.11514145135879517,0.11514145135879517,1
23,foot_r,0.11509548872709274,0.11509548872709274,0.11509548872709274,1
84,RUpArmTwist_l_01,0.11505867540836334,0.11505867540836334,0.11505867540836334,1
7,RCalfTwist_03,0.1148308739066124,0.1148308739066124,0.1148308739066124,1
45,RCalfTwist_02,0.11460613459348679,0.11460613459348679,0.11460613459348679,1
0,LCalfTwist_02,0.11450866609811783,0.11450866609811783,0.11450866609811783,1
57,LCalfTwist_03,0.11410009860992432,0.11410009860992432,0.11410009860992432,1
61,LCalfTwist_02,0.11384527385234833,0.11384527385234833,0.11384527385234833,1
70,L_ForeTwist_01,0.11353599280118942,0.11353599280118942,0.11353599280118942,1
41,LCalfTwist_01,0.11330486088991165,0.11330486088991165,0.11330486088991165,1
39,RCalfTwist_03,0.1131816953420639,0.1131816953420639,0.1131816953420639,1
19,LCalfTwist_02,0.11313579976558685,0.11313579976558685,0.11313579976558685,1
48,LCalfTwist_02,0.1129164770245552,0.1129164770245552,0.1129164770245552,1
12,clavicle_l,0.11287790536880493,0.11287790536880493,0.11287790536880493,1
83,spine_02,0.11276254057884216,0.11276254057884216,0.11276254057884216,1
39,LCalfTwist_03,0.11269287019968033,0.11269287019968033,0.11269287019968033,1
44,clavicle_l,0.11236245930194855,0.11236245930194855,0.11236245930194855,1
84,LCalfTwist_03,0.11224158108234406,0.11224158108234406,0.11224158108234406,1
29,clavicle_l,0.11223795264959335,0.11223795264959335,0.11223795264959335,1
36,RCalfTwist_02,0.11220832169055939,0.11220832169055939,0.11220832169055939,1
46,RCalfTwist_02,0.1121063381433487,0.1121063381433487,0.1121063381433487,1
74,RCalfTwist_03,0.11209128797054291,0.11209128797054291,0.11209128797054291,1
9,LCalfTwist_02,0.11189965903759003,0.11189965903759003,0.11189965903759003,1
47,RCalfTwist_02,0.11178254336118698,0.11178254336118698,0.11178254336118698,1
31,foot_r,0.11170767992734909,0.11170767992734909,0.11170767992734909,1
18,calf_r,0.11165931075811386,0.11165931075811386,0.11165931075811386,1
43,R_ForeTwist_02,0.11154930293560028,0.11154930293560028,0.11154930293560028,1
3,R_ForeTwist_02,0.11148901283740997,0.11148901283740997,0.11148901283740997,1
69,RUpArmTwist_r_01,0.11147941648960114,0.11147941648960114,0.11147941648960114,1
63,R_ForeTwist_02,0.11137767136096954,0.11137767136096954,0.11137767136096954,1
22,LCalfTwist_02,0.1111324355006218,0.1111324355006218,0.1111324355006218,1
12,upperarm_l,0.11087358742952347,0.11087358742952347,0.11087358742952347,1
82,LCalfTwist_01,0.11083994060754776,0.11083994060754776,0.11083994060754776,1
23,clavicle_l,0.11074969172477722,0.11074969172477722,0.11074969172477722,1
69,R_ForeTwist_02,0.1105194091796875,0.1105194091796875,0.1105194091796875,1
77,clavicle_l,0.1104535385966301,0.1104535385966301,0.1104535385966301,1
64,RCalfTwist_02,0.11044414341449738,0.11044414341449738,0.11044414341449738,1
25,LCalfTwist_02,0.11034766584634781,0.11034766584634781,0.11034766584634781,1
60,clavicle_l,0.11020179837942123,0.11020179837942123,0.11020179837942123,1
77,RCalfTwist_02,0.10997607558965683,0.10997607558965683,0.10997607558965683,1
29,spine_02,0.10990431159734726,0.10990431159734726,0.10990431159734726,1
54,LCalfTwist_03,0.10988771915435791,0.10988771915435791,0.10988771915435791,1
31,upperarm_l,0.10987827926874161,0.10987827926874161,0.10987827926874161,1
5,clavicle_l,0.10979770123958588,0.10979770123958588,0.10979770123958588,1
23,RUpArmTwist_r_01,0.10976538807153702,0.10976538807153702,0.10976538807153702,1
57,RUpArmTwist_r_02,0.10976538062095642,0.10976538062095642,0.10976538062095642,1
41,LCalfTwist_02,0.1094907745718956,0.1094907745718956,0.1094907745718956,1
79,LCalfTwist_02,0.10935752838850021,0.10935752838850021,0.10935752838850021,1
48,RCalfTwist_01,0.10923188179731369,0.10923188179731369,0.10923188179731369,1
63,LCalfTwist_03,0.10918627679347992,0.10918627679347992,0.10918627679347992,1
55,foot_l,0.10893741995096207,0.10893741995096207,0.10893741995096207,1
10,clavicle_r,0.10873047262430191,0.10873047262430191,0.10873047262430191,1
4,RUpArmTwist_l_02,0.10864132642745972,0.10864132642745972,0.10864132642745972,1
75,RUpArmTwist_l_01,0.1082305982708931,0.1082305982708931,0.1082305982708931,1
69,RUpArmTwist_l_02,0.10819514095783234,0.10819514095783234,0.10819514095783234,1
83,R_ForeTwist_02,0.107962965965271,0.107962965965271,0.107962965965271,1
81,clavicle_l,0.10777344554662704,0.10777344554662704,0.10777344554662704,1
23,LCalfTwist_02,0.1074756532907486,0.1074756532907486,0.1074756532907486,1
38,RCalfTwist_02,0.10712165385484695,0.10712165385484695,0.10712165385484695,1
79,RUpArmTwist_r_01,0.10661483556032181,0.10661483556032181,0.10661483556032181,1
31,RUpArmTwist_r_01,0.106582872569561,0.106582872569561,0.106582872569561,1
56,LCalfTwist_03,0.10646964609622955,0.10646964609622955,0.10646964609622955,1
56,L_ForeTwist_02,0.10608997941017151,0.10608997941017151,0.10608997941017151,1
18,R_ForeTwist_02,0.10608971118927002,0.10608971118927002,0.10608971118927002,1
31,RCalfTwist_02,0.10600979626178741,0.10600979626178741,0.10600979626178741,1
33,R_ForeTwist_02,0.10597344487905502,0.10597344487905502,0.10597344487905502,1
56,RUpArmTwist_l_01,0.10584796220064163,0.10584796220064163,0.10584796220064163,1
7,R_ForeTwist_02,0.10580487549304962,0.10580487549304962,0.10580487549304962,1
10,upperarm_r,0.10576959699392319,0.10576959699392319,0.10576959699392319,1
45,RUpArmTwist_l_01,0.10568054020404816,0.10568054020404816,0.10568054020404816,1
30,L_ForeTwist_02,0.1056288555264473,0.1056288555264473,0.1056288555264473,1
34,L_ForeTwist_02,0.10545963048934937,0.10545963048934937,0.10545963048934937,1
24,foot_r,0.10541144758462906,0.10541144758462906,0.10541144758462906,1
57,RCalfTwist_03,0.10496910661458969,0.10496910661458969,0.10496910661458969,1
64,L_ForeTwist_02,0.10490921884775162,0.10490921884775162,0.10490921884775162,1
45,R_ForeTwist_02,0.1041075810790062,0.1041075810790062,0.1041075810790062,1
78,RUpArmTwist_r_01,0.10409078747034073,0.10409078747034073,0.10409078747034073,1
15,ball_r,0.10404149442911148,0.10404149442911148,0.10404149442911148,1
35,RCalfTwist_02,0.10403265804052353,0.10403265804052353,0.10403265804052353,1
41,RCalfTwist_02,0.10373058915138245,0.10373058915138245,0.10373058915138245,1
60,RCalfTwist_02,0.10339994728565216,0.10339994728565216,0.10339994728565216,1
6,RCalfTwist_02,0.1032981127500534,0.1032981127500534,0.1032981127500534,1
50,RUpArmTwist_r_01,0.10320474952459335,0.10320474952459335,0.10320474952459335,1
51,L_ForeTwist_02,0.10294435173273087,0.10294435173273087,0.10294435173273087,1
40,RCalfTwist_03,0.10291915386915207,0.10291915386915207,0.10291915386915207,1
30,RCalfTwist_02,0.10291355103254318,0.10291355103254318,0.10291355103254318,1
1,LCalfTwist_03,0.10281596332788467,0.10281596332788467,0.10281596332788467,1
1,thigh_r,0.10276692360639572,0.10276692360639572,0.10276692360639572,1
56,L_ForeTwist_01,0.10257565230131149,0.10257565230131149,0.10257565230131149,1
15,R_ForeTwist_02,0.10256730020046234,0.10256730020046234,0.10256730020046234,1
65,LCalfTwist_02,0.10230261087417603,0.10230261087417603,0.10230261087417603,1
13,ball_r,0.10213334113359451,0.10213334113359451,0.10213334113359451,1
1,L_ForeTwist_02,0.10202006995677948,0.10202006995677948,0.10202006995677948,1
19,spine_02,0.10165172815322876,0.10165172815322876,0.10165172815322876,1
34,RCalfTwist_02,0.10150999575853348,0.10150999575853348,0.10150999575853348,1
43,L_ForeTwist_01,0.10146009922027588,0.10146009922027588,0.10146009922027588,1
50,LCalfTwist_02,0.10123772919178009,0.10123772919178009,0.10123772919178009,1
23,RCalfTwist_03,0.10122562944889069,0.10122562944889069,0.10122562944889069,1
16,spine_02,0.1011449545621872,0.1011449545621872,0.1011449545621872,1
53,RCalfTwist_02,0.10112810134887695,0.10112810134887695,0.10112810134887695,1
48,clavicle_l,0.10067233443260193,0.10067233443260193,0.10067233443260193,1
66,RCalfTwist_02,0.1002507358789444,0.1002507358789444,0.1002507358789444,1
62,L_ForeTwist_02,0.10000546276569366,0.10000546276569366,0.10000546276569366,1
43,L_ForeTwist_02,0.09998348355293274,0.09998348355293274,0.09998348355293274,1
30,clavicle_l,0.09998340159654617,0.09998340159654617,0.09998340159654617,1
21,RCalfTwist_01,0.09967462718486786,0.09967462718486786,0.09967462718486786,1
32,LCalfTwist_03,0.09962233901023865,0.09962233901023865,0.09962233901023865,1
17,RCalfTwist_02,0.09939689934253693,0.09939689934253693,0.09939689934253693,1
15,L_ForeTwist_01,0.09936365485191345,0.09936365485191345,0.09936365485191345,1
27,RUpArmTwist_l_01,0.09901338815689087,0.09901338815689087,0.09901338815689087,1
21,LCalfTwist_02,0.09900557994842529,0.09900557994842529,0.09900557994842529,1
67,R_ForeTwist_02,0.09891382604837418,0.09891382604837418,0.09891382604837418,1
28,LCalfTwist_02,0.09884806722402573,0.09884806722402573,0.09884806722402573,1
39,calf_r,0.09871890395879745,0.09871890395879745,0.09871890395879745,1
58,clavicle_l,0.0985400453209877,0.0985400453209877,0.0985400453209877,1
54,spine_02,0.09853090345859528,0.09853090345859528,0.09853090345859528,1
71,clavicle_l,0.09836778789758682,0.09836778789758682,0.09836778789758682,1
62,LCalfTwist_02,0.09817956387996674,0.09817956387996674,0.09817956387996674,1
14,RCalfTwist_02,0.09811688214540482,0.09811688214540482,0.09811688214540482,1
22,clavicle_l,0.09749722480773926,0.09749722480773926,0.09749722480773926,1
17,R_ForeTwist_02,0.09749564528465271,0.09749564528465271,0.09749564528465271,1
22,lowerarm_r,0.09744871407747269,0.09744871407747269,0.09744871407747269,1
33,clavicle_l,0.09740493446588516,0.09740493446588516,0.09740493446588516,1
60,RUpArmTwist_r_01,0.09720564633607864,0.09720564633607864,0.09720564633607864,1
25,head,0.09708952903747559,0.09708952903747559,0.09708952903747559,1
32,RCalfTwist_02,0.09708354622125626,0.09708354622125626,0.09708354622125626,1
42,LCalfTwist_02,0.09705973416566849,0.09705973416566849,0.09705973416566849,1
24,lowerarm_r,0.09651888161897659,0.09651888161897659,0.09651888161897659,1
8,L_ForeTwist_01,0.09637714177370071,0.09637714177370071,0.09637714177370071,1
49,spine_01,0.09611402451992035,0.09611402451992035,0.09611402451992035,1
50,LCalfTwist_03,0.09592539072036743,0.09592539072036743,0.09592539072036743,1
73,clavicle_l,0.09574826061725616,0.09574826061725616,0.09574826061725616,1
80,RCalfTwist_02,0.09574103355407715,0.09574103355407715,0.09574103355407715,1
18,RUpArmTwist_r_01,0.09568511694669724,0.09568511694669724,0.09568511694669724,1
43,LCalfTwist_02,0.09561017155647278,0.09561017155647278,0.09561017155647278,1
52,calf_r,0.09528811275959015,0.09528811275959015,0.09528811275959015,1
3,RUpArmTwist_l_02,0.095212422311306,0.095212422311306,0.095212422311306,1
72,RUpArmTwist_r_02,0.09496680647134781,0.09496680647134781,0.09496680647134781,1
30,calf_r,0.09491699934005737,0.09491699934005737,0.09491699934005737,1
64,clavicle_l,0.0948917344212532,0.0948917344212532,0.0948917344212532,1
0,lowerarm_r,0.09430341422557831,0.09430341422557831,0.09430341422557831,1
84,RCalfTwist_02,0.0942947119474411,0.0942947119474411,0.0942947119474411,1
68,R_ForeTwist_02,0.09381400048732758,0.09381400048732758,0.09381400048732758,1
10,clavicle_l,0.09358716756105423,0.09358716756105423,0.09358716756105423,1
1,clavicle_l,0.0934702455997467,0.0934702455997467,0.0934702455997467,1
11,spine_02,0.09343717247247696,0.09343717247247696,0.09343717247247696,1
69,RCalfTwist_02,0.09318456798791885,0.09318456798791885,0.09318456798791885,1
0,clavicle_l,0.09291321039199829,0.09291321039199829,0.09291321039199829,1
75,LCalfTwist_02,0.09263391047716141,0.09263391047716141,0.09263391047716141,1
44,R_ForeTwist_02,0.09231898933649063,0.09231898933649063,0.09231898933649063,1
63,L_ForeTwist_02,0.092158243060112,0.092158243060112,0.092158243060112,1
19,RUpArmTwist_r_02,0.09134861826896667,0.09134861826896667,0.09134861826896667,1
82,RCalfTwist_02,0.09087473899126053,0.09087473899126053,0.09087473899126053,1
43,RUpArmTwist_r_01,0.09082372486591339,0.09082372486591339,0.09082372486591339,1
26,LCalfTwist_02,0.09076806157827377,0.09076806157827377,0.09076806157827377,1
51,LCalfTwist_02,0.08983512222766876,0.08983512222766876,0.08983512222766876,1
21,clavicle_l,0.08935128897428513,0.08935128897428513,0.08935128897428513,1
73,LCalfTwist_02,0.0891934260725975,0.0891934260725975,0.0891934260725975,1
30,RUpArmTwist_r_02,0.08845268189907074,0.08845268189907074,0.08845268189907074,1
33,RCalfTwist_02,0.08814778923988342,0.08814778923988342,0.08814778923988342,1
66,R_ForeTwist_02,0.08791416883468628,0.08791416883468628,0.08791416883468628,1
7,LCalfTwist_03,0.08787566423416138,0.08787566423416138,0.08787566423416138,1
65,R_ForeTwist_02,0.0876721441745758,0.0876721441745758,0.0876721441745758,1
41,L_ForeTwist_02,0.08765299618244171,0.08765299618244171,0.08765299618244171,1
53,R_ForeTwist_02,0.08764923363924026,0.08764923363924026,0.08764923363924026,1
82,R_ForeTwist_02,0.08756417036056519,0.08756417036056519,0.08756417036056519,1
40,RUpArmTwist_l_02,0.08750376105308533,0.08750376105308533,0.08750376105308533,1
81,L_ForeTwist_01,0.08725420385599136,0.08725420385599136,0.08725420385599136,1
40,LCalfTwist_03,0.08680587261915207,0.08680587261915207,0.08680587261915207,1
2,LCalfTwist_02,0.08671598136425018,0.08671598136425018,0.08671598136425018,1
77,RUpArmTwist_l_01,0.08670215308666229,0.08670215308666229,0.08670215308666229,1
67,ball_r,0.08652558922767639,0.08652558922767639,0.08652558922767639,1
79,LCalfTwist_03,0.08650675415992737,0.08650675415992737,0.08650675415992737,1
21,upperarm_r,0.0864093005657196,0.0864093005657196,0.0864093005657196,1
57,RUpArmTwist_l_02,0.08635953813791275,0.08635953813791275,0.08635953813791275,1
72,LCalfTwist_02,0.08633677661418915,0.08633677661418915,0.08633677661418915,1
16,R_ForeTwist_02,0.08631762117147446,0.08631762117147446,0.08631762117147446,1
65,spine_02,0.08582868427038193,0.08582868427038193,0.08582868427038193,1
65,clavicle_l,0.08568999916315079,0.08568999916315079,0.08568999916315079,1
57,neck_01,0.08561500906944275,0.08561500906944275,0.08561500906944275,1
81,LCalfTwist_01,0.08535675704479218,0.08535675704479218,0.08535675704479218,1
44,spine_01,0.0848514661192894,0.0848514661192894,0.0848514661192894,1
44,RCalfTwist_02,0.08434253931045532,0.08434253931045532,0.08434253931045532,1
64,LCalfTwist_02,0.08425790816545486,0.08425790816545486,0.08425790816545486,1
58,LCalfTwist_02,0.08405695855617523,0.08405695855617523,0.08405695855617523,1
21,RCalfTwist_03,0.08399410545825958,0.08399410545825958,0.08399410545825958,1
27,LCalfTwist_02,0.0839603841304779,0.0839603841304779,0.0839603841304779,1
4,RCalfTwist_02,0.08375737816095352,0.08375737816095352,0.08375737816095352,1
41,L_ForeTwist_01,0.0837075263261795,0.0837075263261795,0.0837075263261795,1
77,LCalfTwist_02,0.08311904966831207,0.08311904966831207,0.08311904966831207,1
57,LCalfTwist_02,0.08310052752494812,0.08310052752494812,0.08310052752494812,1
0,RUpArmTwist_r_02,0.08291039615869522,0.08291039615869522,0.08291039615869522,1
51,R_ForeTwist_02,0.08289282768964767,0.08289282768964767,0.08289282768964767,1
6,R_ForeTwist_02,0.08270964026451111,0.08270964026451111,0.08270964026451111,1
79,clavicle_l,0.08233177661895752,0.08233177661895752,0.08233177661895752,1
42,RCalfTwist_02,0.08225932717323303,0.08225932717323303,0.08225932717323303,1
30,R_ForeTwist_02,0.08189058303833008,0.08189058303833008,0.08189058303833008,1
56,RUpArmTwist_r_02,0.08166255801916122,0.08166255801916122,0.08166255801916122,1
52,R_ForeTwist_02,0.08159764111042023,0.08159764111042023,0.08159764111042023,1
8,calf_r,0.08126377314329147,0.08126377314329147,0.08126377314329147,1
50,clavicle_l,0.08112305402755737,0.08112305402755737,0.08112305402755737,1
32,clavicle_l,0.0810386911034584,0.0810386911034584,0.0810386911034584,1
81,RCalfTwist_02,0.08094248920679092,0.08094248920679092,0.08094248920679092,1
78,LCalfTwist_02,0.08075037598609924,0.08075037598609924,0.08075037598609924,1
57,clavicle_l,0.08065828680992126,0.08065828680992126,0.08065828680992126,1
67,RCalfTwist_02,0.08041056245565414,0.08041056245565414,0.08041056245565414,1
81,R_ForeTwist_02,0.07984208315610886,0.07984208315610886,0.07984208315610886,1
42,L_ForeTwist_02,0.0794217512011528,0.0794217512011528,0.0794217512011528,1
31,RUpArmTwist_l_01,0.07898259162902832,0.07898259162902832,0.07898259162902832,1
62,clavicle_l,0.07894804328680038,0.07894804328680038,0.07894804328680038,1
8,L_ForeTwist_02,0.07890685647726059,0.07890685647726059,0.07890685647726059,1
68,clavicle_l,0.07864312082529068,0.07864312082529068,0.07864312082529068,1
79,RCalfTwist_02,0.07793134450912476,0.07793134450912476,0.07793134450912476,1
37,clavicle_l,0.07776414602994919,0.07776414602994919,0.07776414602994919,1
61,clavicle_l,0.0775424987077713,0.0775424987077713,0.0775424987077713,1
29,RUpArmTwist_r_01,0.07698861509561539,0.07698861509561539,0.07698861509561539,1
68,RCalfTwist_02,0.076958067715168,0.076958067715168,0.076958067715168,1
45,clavicle_l,0.07681448757648468,0.07681448757648468,0.07681448757648468,1
59,RUpArmTwist_r_02,0.07654982060194016,0.07654982060194016,0.07654982060194016,1
28,RUpArmTwist_r_01,0.07639900594949722,0.07639900594949722,0.07639900594949722,1
38,RUpArmTwist_l_01,0.07622827589511871,0.07622827589511871,0.07622827589511871,1
7,upperarm_l,0.07612798362970352,0.07612798362970352,0.07612798362970352,1
3,LCalfTwist_02,0.07548512518405914,0.07548512518405914,0.07548512518405914,1
50,spine_02,0.0753571167588234,0.0753571167588234,0.0753571167588234,1
74,RUpArmTwist_l_01,0.07522312551736832,0.07522312551736832,0.07522312551736832,1
22,spine_02,0.07468075305223465,0.07468075305223465,0.07468075305223465,1
37,calf_r,0.0744815468788147,0.0744815468788147,0.0744815468788147,1
49,LCalfTwist_02,0.07435391843318939,0.07435391843318939,0.07435391843318939,1
56,clavicle_l,0.07418213039636612,0.07418213039636612,0.07418213039636612,1
22,calf_r,0.07398559898138046,0.07398559898138046,0.07398559898138046,1
1,RUpArmTwist_l_01,0.07395698875188828,0.07395698875188828,0.07395698875188828,1
78,RCalfTwist_02,0.07373335212469101,0.07373335212469101,0.07373335212469101,1
14,RUpArmTwist_l_02,0.0736977681517601,0.0736977681517601,0.0736977681517601,1
21,calf_r,0.0733361691236496,0.0733361691236496,0.0733361691236496,1
62,lowerarm_r,0.07317278534173965,0.07317278534173965,0.07317278534173965,1
8,ball_r,0.07317112386226654,0.07317112386226654,0.07317112386226654,1
31,R_ForeTwist_02,0.07292888313531876,0.07292888313531876,0.07292888313531876,1
67,spine_02,0.07264866679906845,0.07264866679906845,0.07264866679906845,1
5,LCalfTwist_01,0.0725860446691513,0.0725860446691513,0.0725860446691513,1
49,L_ForeTwist_01,0.07258263975381851,0.07258263975381851,0.07258263975381851,1
78,clavicle_l,0.07239985466003418,0.07239985466003418,0.07239985466003418,1
42,RUpArmTwist_r_01,0.07219800353050232,0.07219800353050232,0.07219800353050232,1
63,clavicle_l,0.07206257432699203,0.07206257432699203,0.07206257432699203,1
28,calf_r,0.07154092937707901,0.07154092937707901,0.07154092937707901,1
15,LCalfTwist_03,0.07118027657270432,0.07118027657270432,0.07118027657270432,1
72,clavicle_l,0.07107514888048172,0.07107514888048172,0.07107514888048172,1
65,RUpArmTwist_r_01,0.0703226774930954,0.0703226774930954,0.0703226774930954,1
56,LCalfTwist_02,0.07006082683801651,0.07006082683801651,0.07006082683801651,1
67,LCalfTwist_03,0.06928789615631104,0.06928789615631104,0.06928789615631104,1
24,LCalfTwist_02,0.06900379806756973,0.06900379806756973,0.06900379806756973,1
78,RUpArmTwist_l_01,0.06868353486061096,0.06868353486061096,0.06868353486061096,1
39,RUpArmTwist_r_02,0.06820441037416458,0.06820441037416458,0.06820441037416458,1
24,LCalfTwist_03,0.06793948262929916,0.06793948262929916,0.06793948262929916,1
32,R_ForeTwist_02,0.06767231971025467,0.06767231971025467,0.06767231971025467,1
63,LCalfTwist_02,0.06755363941192627,0.06755363941192627,0.06755363941192627,1
45,calf_r,0.06738156825304031,0.06738156825304031,0.06738156825304031,1
51,clavicle_l,0.06694166362285614,0.06694166362285614,0.06694166362285614,1
9,calf_r,0.06678838282823563,0.06678838282823563,0.06678838282823563,1
38,spine_01,0.06644006073474884,0.06644006073474884,0.06644006073474884,1
70,LCalfTwist_03,0.0662238821387291,0.0662238821387291,0.0662238821387291,1
29,calf_r,0.06501137465238571,0.06501137465238571,0.06501137465238571,1
59,spine_02,0.06477460265159607,0.06477460265159607,0.06477460265159607,1
8,RCalfTwist_03,0.06475601345300674,0.06475601345300674,0.06475601345300674,1
34,clavicle_r,0.06425097584724426,0.06425097584724426,0.06425097584724426,1
46,RUpArmTwist_l_02,0.06403860449790955,0.06403860449790955,0.06403860449790955,1
69,LCalfTwist_03,0.06373285502195358,0.06373285502195358,0.06373285502195358,1
33,clavicle_r,0.062465768307447433,0.062465768307447433,0.062465768307447433,1
45,LCalfTwist_03,0.06181423366069794,0.06181423366069794,0.06181423366069794,1
26,head,0.061773885041475296,0.061773885041475296,0.061773885041475296,1
66,clavicle_l,0.06119285896420479,0.06119285896420479,0.06119285896420479,1
67,clavicle_l,0.06014077737927437,0.06014077737927437,0.06014077737927437,1
73,upperarm_r,0.05972268804907799,0.05972268804907799,0.05972268804907799,1
43,RCalfTwist_02,0.05898783728480339,0.05898783728480339,0.05898783728480339,1
81,RUpArmTwist_r_02,0.058421336114406586,0.058421336114406586,0.058421336114406586,1
31,spine_02,0.058031704276800156,0.058031704276800156,0.058031704276800156,1
80,RUpArmTwist_r_01,0.056921616196632385,0.056921616196632385,0.056921616196632385,1
44,LCalfTwist_03,0.056136030703783035,0.056136030703783035,0.056136030703783035,1
47,clavicle_l,0.05594942346215248,0.05594942346215248,0.05594942346215248,1
32,RUpArmTwist_r_01,0.05174786224961281,0.05174786224961281,0.05174786224961281,1
74,LCalfTwist_02,0.05135050788521767,0.05135050788521767,0.05135050788521767,1
76,LCalfTwist_02,0.051169320940971375,0.051169320940971375,0.051169320940971375,1
41,LCalfTwist_03,0.050919611006975174,0.050919611006975174,0.050919611006975174,1
5,spine_02,0.0509033128619194,0.0509033128619194,0.0509033128619194,1
64,LCalfTwist_03,0.050799284130334854,0.050799284130334854,0.050799284130334854,1
8,LCalfTwist_03,0.05067488178610802,0.05067488178610802,0.05067488178610802,1
33,spine_02,0.049849577248096466,0.049849577248096466,0.049849577248096466,1
53,LCalfTwist_03,0.04967249929904938,0.04967249929904938,0.04967249929904938,1
11,clavicle_l,0.048187319189310074,0.048187319189310074,0.048187319189310074,1
66,spine_02,0.04738592728972435,0.04738592728972435,0.04738592728972435,1
54,clavicle_l,0.04670827463269234,0.04670827463269234,0.04670827463269234,1
56,spine_01,0.043960608541965485,0.043960608541965485,0.043960608541965485,1
57,spine_01,0.04242941364645958,0.04242941364645958,0.04242941364645958,1
55,clavicle_l,0.03818342462182045,0.03818342462182045,0.03818342462182045,1
81,LCalfTwist_03,0.03240475058555603,0.03240475058555603,0.03240475058555603,1
20,LCalfTwist_03,0.031249376013875008,0.031249376013875008,0.031249376013875008,1
68,LCalfTwist_03,0.03103124350309372,0.03103124350309372,0.03103124350309372,1
82,spine_02,0.021931204944849014,0.021931204944849014,0.021931204944849014,1
45,thigh_l,0.02187042310833931,0.02187042310833931,0.02187042310833931,1
32,spine_02,0.01793530210852623,0.01793530210852623,0.01793530210852623,1
30,LCalfTwist_03,0.017728570848703384,0.017728570848703384,0.017728570848703384,1
