{
  "epoch": 1,
  "tag": "valfree",
  "timestamp": "2025-11-10T01:42:49",
  "metrics": {
    "YawAbsDeg": 19.089640617370605,
    "FreeRun/YawAbsDeg": 19.089640617370605,
    "RootVelMAE": 0.017679803539067507,
    "FreeRun/RootVelMAE": 0.017679803539067507,
    "RootVelMAE_std": 0.022215007804334164,
    "InputRotGeoDeg": 7.696719646453857,
    "FreeRun/InputRotGeoDeg": 7.696719646453857,
    "InputRotGeoDeg_max": 74.78996658325195,
    "InputRotGeoDeg_std": 9.90322494506836,
    "InputRotGeoDegCurve": [
      [
        1.8315657377243042,
        2.7819907665252686,
        4.0796661376953125,
        5.458579063415527,
        6.881002426147461,
        8.323592185974121,
        9.705913543701172,
        11.162357330322266,
        12.518481254577637,
        13.76693058013916
      ],
      [
        1.821972131729126,
        2.918025016784668,
        4.229179382324219,
        5.603151321411133,
        6.94559383392334,
        8.427063941955566,
        9.862391471862793,
        11.170661926269531,
        12.554204940795898,
        13.892083168029785
      ]
    ],
    "InputRotGeoDegCurveMax": [
      [
        13.541543960571289,
        16.327970504760742,
        31.603302001953125,
        36.999027252197266,
        47.01939392089844,
        53.17262268066406,
        55.4428596496582,
        66.80333709716797,
        74.6933822631836,
        79.14938354492188
      ],
      [
        10.916123390197754,
        23.523958206176758,
        27.275205612182617,
        33.356292724609375,
        36.47429275512695,
        40.10649871826172,
        47.30031204223633,
        53.21581268310547,
        63.81161117553711,
        70.43054962158203
      ]
    ],
    "CondYawVsPredDeg": 3.0308966643133317e-06,
    "FreeRun/CondYawVsPredDeg": 3.0308966643133317e-06,
    "CondYawVsPredCurveDeg": [
      [
        2.5613210254959995e-06,
        1.7075473124350538e-06,
        3.4150946248701075e-06,
        2.5613210254959995e-06,
        2.5613210254959995e-06,
        2.5613210254959995e-06,
        1.7075473124350538e-06,
        1.7075473124350538e-06,
        1.7075473124350538e-06,
        1.7075473124350538e-06
      ],
      [
        3.4150946248701075e-06,
        4.268868451617891e-06,
        2.5613210254959995e-06,
        5.122642050991999e-06,
        5.122642050991999e-06,
        3.4150946248701075e-06,
        2.5613210254959995e-06,
        3.4150946248701075e-06,
        5.122642050991999e-06,
        3.4150946248701075e-06
      ]
    ],
    "CondVelVsPredMAE": 5.218549574692588e-07,
    "FreeRun/CondVelVsPredMAE": 5.218549574692588e-07,
    "period_abs_mean": 0.7310865521430969,
    "period_abs_std": 0.2771960198879242,
    "GeoDeg": 8.200540542602539,
    "FreeRun/GeoDeg": 8.200540542602539,
    "SingleStep/GeoDeg": 8.200540542602539,
    "GeoDegCurve": [
      [
        2.2640202045440674,
        3.380833625793457,
        4.728394508361816,
        6.114724636077881,
        7.50919246673584,
        8.937020301818848,
        10.27660846710205,
        11.695093154907227,
        13.006772994995117,
        14.231260299682617
      ],
      [
        2.056638479232788,
        3.3185555934906006,
        4.704094409942627,
        6.072487831115723,
        7.441965103149414,
        8.891838073730469,
        10.318510055541992,
        11.647262573242188,
        13.033960342407227,
        14.38157844543457
      ]
    ],
    "GeoDegCurveMax": [
      [
        10.748655319213867,
        21.723594665527344,
        37.60602569580078,
        43.41394805908203,
        53.387939453125,
        59.35097122192383,
        61.013301849365234,
        72.41341400146484,
        79.74578857421875,
        83.56090545654297
      ],
      [
        10.545029640197754,
        23.88241195678711,
        32.30295181274414,
        36.31490707397461,
        37.57643127441406,
        44.657405853271484,
        52.29813766479492,
        58.92982864379883,
        69.82144927978516,
        76.61071014404297
      ]
    ],
    "GeoLocalDeg": 8.04692268371582,
    "FreeRun/GeoLocalDeg": 8.04692268371582,
    "SingleStep/GeoLocalDeg": 8.04692268371582,
    "GeoLocalDegCurve": [
      [
        1.9873745441436768,
        3.138178586959839,
        4.52297830581665,
        5.812851428985596,
        7.289678573608398,
        8.808972358703613,
        10.400575637817383,
        12.254825592041016,
        13.941478729248047,
        15.598138809204102
      ],
      [
        1.8109712600708008,
        3.1596877574920654,
        4.311961650848389,
        5.678595542907715,
        6.902013301849365,
        8.261058807373047,
        9.576926231384277,
        11.016389846801758,
        12.506452560424805,
        13.959346771240234
      ]
    ],
    "GeoLocalDegCurveMax": [
      [
        10.748580932617188,
        22.37417984008789,
        37.03322982788086,
        41.41732406616211,
        50.36371994018555,
        55.01715850830078,
        59.11749267578125,
        68.05241394042969,
        74.52716827392578,
        75.87690734863281
      ],
      [
        10.544992446899414,
        24.35800552368164,
        32.35728454589844,
        35.525611877441406,
        36.815006256103516,
        41.730308532714844,
        48.241878509521484,
        52.7760009765625,
        61.80654525756836,
        67.50495147705078
      ]
    ],
    "AngVelMAE": 0.7191306352615356,
    "FreeRun/AngVelMAE": 0.7191306352615356,
    "AngVelMagRel": 0.6921668946743011,
    "FreeRun/AngVelMagRel": 0.6921668946743011,
    "AngVelDirDegCurve": [
      [
        77.37831115722656,
        80.08901977539062,
        74.98451232910156,
        78.84697723388672,
        79.35441589355469,
        82.55352020263672,
        81.09696960449219,
        86.33045196533203,
        84.187255859375
      ],
      [
        80.16529083251953,
        80.3458023071289,
        77.38175201416016,
        82.52144622802734,
        80.6226806640625,
        82.05580139160156,
        82.506103515625,
        84.9926986694336,
        87.76283264160156
      ]
    ],
    "AngVelDirDegCurveMax": [
      [
        180.0,
        180.0,
        180.0,
        180.0,
        180.0,
        180.0,
        180.0,
        180.0,
        180.0
      ],
      [
        180.0,
        180.0,
        180.0,
        180.0,
        180.0,
        180.0,
        180.0,
        180.0,
        180.0
      ]
    ],
    "AngVelDirDegRaw": 86.20414352416992,
    "FreeRun/AngVelDirDegRaw": 86.20414352416992,
    "AngVelDirDegWeighted": 86.17462593440737,
    "FreeRun/AngVelDirDegWeighted": 86.17462593440737,
    "AngVelDirDegSmooth": 86.53599946829704,
    "FreeRun/AngVelDirDegSmooth": 86.53599946829704,
    "AngVelDirDegTorso": 61.66371350672246,
    "FreeRun/AngVelDirDegTorso": 61.66371350672246,
    "AngVelDirDegProximal": 84.85053721070588,
    "FreeRun/AngVelDirDegProximal": 84.85053721070588,
    "AngVelDirDegDistal": 88.94469954224164,
    "FreeRun/AngVelDirDegDistal": 88.94469954224164,
    "Bone/pelvis/AngVelMagMAE": 3.861302181045346e-14,
    "Bone/pelvis/AngVelMAE": 1.997218308704557e-14,
    "Bone/Bip001/AngVelMagMAE": 0.37737713754177094,
    "Bone/Bip001/AngVelMAE": 0.31019289791584015,
    "Bone/spine_01/AngVelMagMAE": 0.42040035128593445,
    "Bone/spine_01/AngVelMAE": 0.28620167076587677,
    "Bone/spine_02/AngVelMagMAE": 1.3635139465332031,
    "Bone/spine_02/AngVelMAE": 0.6978086531162262,
    "Bone/clavicle_l/AngVelMagMAE": 1.5815852284431458,
    "Bone/clavicle_l/AngVelMAE": 0.9189864695072174,
    "Bone/upperarm_l/AngVelMagMAE": 0.7125216126441956,
    "Bone/upperarm_l/AngVelMAE": 0.7470097243785858,
    "Bone/RUpArmTwist_l_01/AngVelMagMAE": 0.7866396009922028,
    "Bone/RUpArmTwist_l_01/AngVelMAE": 0.7798731625080109,
    "Bone/RUpArmTwist_l_02/AngVelMagMAE": 0.21852263063192368,
    "Bone/RUpArmTwist_l_02/AngVelMAE": 0.11450917646288872,
    "Bone/lowerarm_l/AngVelMagMAE": 1.2743472754955292,