{
  "epoch": 26,
  "tag": "valfree",
  "timestamp": "2025-11-10T07:11:08",
  "metrics": {
    "YawAbsDeg": 15.14453935623169,
    "FreeRun/YawAbsDeg": 15.14453935623169,
    "RootVelMAE": 0.02406332455575466,
    "FreeRun/RootVelMAE": 0.02406332455575466,
    "RootVelMAE_std": 0.020267278887331486,
    "InputRotGeoDeg": 2.3367115259170532,
    "FreeRun/InputRotGeoDeg": 2.3367115259170532,
    "InputRotGeoDeg_max": 48.63481330871582,
    "InputRotGeoDeg_std": 4.026018500328064,
    "InputRotGeoDegCurve": [
      [
        0.7823662757873535,
        0.3112385869026184,
        0.7876497507095337,
        1.3818919658660889,
        1.9774484634399414,
        2.4844207763671875,
        2.9946069717407227,
        3.460402011871338,
        3.8558928966522217,
        4.214019775390625
      ],
      [
        0.8215752243995667,
        0.3242515027523041,
        0.8370243310928345,
        1.5028483867645264,
        2.1176528930664062,
        2.697197198867798,
        3.2123589515686035,
        3.7501580715179443,
        4.322842597961426,
        4.898386001586914
      ]
    ],
    "InputRotGeoDegCurveMax": [
      [
        8.312952041625977,
        2.1011476516723633,
        6.508370399475098,
        12.911972999572754,
        18.951175689697266,
        22.53234100341797,
        27.61546516418457,
        41.96133041381836,
        45.360897064208984,
        45.237762451171875
      ],
      [
        7.100311279296875,
        2.318662166595459,
        5.916853904724121,
        12.311418533325195,
        18.875404357910156,
        25.87188148498535,
        32.884742736816406,
        39.802616119384766,
        46.5637321472168,
        51.908729553222656
      ]
    ],
    "CondYawVsPredDeg": 1.8356134603436658e-06,
    "FreeRun/CondYawVsPredDeg": 1.8356134603436658e-06,
    "CondYawVsPredCurveDeg": [
      [
        2.5613210254959995e-06,
        4.268868451617891e-06,
        2.5613210254959995e-06,
        3.4150946248701075e-06,
        2.5613210254959995e-06,
        2.5613210254959995e-06,
        2.5613210254959995e-06,
        2.5613210254959995e-06,
        2.5613210254959995e-06,
        3.4150946248701075e-06
      ],
      [
        8.537736562175269e-07,
        0.0,
        1.7075473124350538e-06,
        0.0,
        1.7075473124350538e-06,
        0.0,
        8.537736562175269e-07,
        8.537736562175269e-07,
        8.537736562175269e-07,
        8.537736562175269e-07
      ]
    ],
    "CondVelVsPredMAE": 5.272624719054875e-07,
    "FreeRun/CondVelVsPredMAE": 5.272624719054875e-07,
    "period_abs_mean": 0.7829583287239075,
    "period_abs_std": 0.2767283320426941,
    "GeoDeg": 2.7387630939483643,
    "FreeRun/GeoDeg": 2.7387630939483643,
    "SingleStep/GeoDeg": 2.7387630939483643,
    "GeoDegCurve": [
      [
        0.23974496126174927,
        0.7474758625030518,
        1.3648107051849365,
        1.9520063400268555,
        2.4818027019500732,
        2.9631881713867188,
        3.4490017890930176,
        3.832573175430298,
        4.202475070953369,
        4.56201171875
      ],
      [
        0.2380516529083252,
        0.8018237352371216,
        1.498271107673645,
        2.1166138648986816,
        2.704108238220215,
        3.2181921005249023,
        3.756399631500244,
        4.3260722160339355,
        4.899020195007324,
        5.421618938446045
      ]
    ],
    "GeoDegCurveMax": [
      [
        1.7601418495178223,
        6.456401824951172,
        13.049747467041016,
        19.203638076782227,
        22.913427352905273,
        27.625808715820312,
        42.2296142578125,
        45.59420394897461,
        45.31781768798828,
        45.194679260253906
      ],
      [
        1.3910013437271118,
        6.14497184753418,
        12.34219741821289,
        19.24205780029297,
        26.063947677612305,
        33.08808898925781,
        39.91928482055664,
        46.503543853759766,
        52.56493377685547,
        57.242671966552734
      ]
    ],
    "GeoLocalDeg": 3.4233052730560303,
    "FreeRun/GeoLocalDeg": 3.4233052730560303,
    "SingleStep/GeoLocalDeg": 3.4233052730560303,
    "GeoLocalDegCurve": [
      [
        0.19349730014801025,
        0.9552856087684631,
        1.8319759368896484,
        2.678636074066162,
        3.4376673698425293,
        4.123621940612793,
        4.820328235626221,
        5.435253620147705,
        6.037941932678223,
        6.575784206390381
      ],
      [
        0.195220947265625,
        0.8737273216247559,
        1.6189641952514648,
        2.3554751873016357,
        3.0229811668395996,
        3.6431262493133545,
        4.2554802894592285,
        4.8682990074157715,
        5.505499839782715,
        6.03733491897583
      ]
    ],
    "GeoLocalDegCurveMax": [
      [
        1.7601418495178223,
        7.560524940490723,
        15.397078514099121,
        22.62796974182129,
        25.086593627929688,
        30.27469825744629,
        45.50445556640625,
        49.554779052734375,
        49.967002868652344,
        50.579345703125
      ],
      [
        1.3904385566711426,
        7.208677291870117,
        14.345861434936523,
        18.951723098754883,
        25.62113380432129,
        32.30552291870117,
        38.787906646728516,
        45.09015655517578,
        54.817138671875,
        59.05630111694336
      ]
    ],
    "AngVelMAE": 0.26483361423015594,
    "FreeRun/AngVelMAE": 0.26483361423015594,
    "AngVelMagRel": 0.5438150763511658,
    "FreeRun/AngVelMagRel": 0.5438150763511658,
    "AngVelDirDegCurve": [
      [
        75.59748840332031,
        78.57068634033203,
        72.39002227783203,
        77.06776428222656,
        76.92426300048828,
        76.2402114868164,
        75.27959442138672,
        77.64579772949219,
        70.79701232910156
      ],
      [
        74.33465576171875,
        76.93608856201172,
        75.62078094482422,
        75.2492446899414,
        75.45140075683594,
        73.17716979980469,
        70.14248657226562,
        65.8149185180664,
        72.45259857177734
      ]
    ],
    "AngVelDirDegCurveMax": [
      [
        180.0,
        180.0,
        180.0,
        180.0,
        180.0,
        180.0,
        180.0,
        180.0,
        180.0
      ],
      [
        180.0,
        180.0,
        180.0,
        180.0,
        180.0,
        180.0,
        180.0,
        180.0,
        180.0
      ]
    ],
    "AngVelDirDegRaw": 79.14357376098633,
    "FreeRun/AngVelDirDegRaw": 79.14357376098633,
    "AngVelDirDegWeighted": 76.85010651494923,
    "FreeRun/AngVelDirDegWeighted": 76.85010651494923,
    "AngVelDirDegSmooth": 75.46217682719112,
    "FreeRun/AngVelDirDegSmooth": 75.46217682719112,
    "AngVelDirDegTorso": 74.83103504782991,
    "FreeRun/AngVelDirDegTorso": 74.83103504782991,
    "AngVelDirDegProximal": 88.40872286119229,
    "FreeRun/AngVelDirDegProximal": 88.40872286119229,
    "AngVelDirDegDistal": 74.67785832112278,
    "FreeRun/AngVelDirDegDistal": 74.67785832112278,
    "Bone/pelvis/AngVelMagMAE": 2.722540752954708e-14,
    "Bone/pelvis/AngVelMAE": 1.4495604322179324e-14,
    "Bone/Bip001/AngVelMagMAE": 0.23956046253442764,
    "Bone/Bip001/AngVelMAE": 0.13851170614361763,
    "Bone/spine_01/AngVelMagMAE": 0.15047351270914078,
    "Bone/spine_01/AngVelMAE": 0.11584781110286713,
    "Bone/spine_02/AngVelMagMAE": 0.2922254651784897,
    "Bone/spine_02/AngVelMAE": 0.2010001614689827,
    "Bone/clavicle_l/AngVelMagMAE": 0.2874423712491989,
    "Bone/clavicle_l/AngVelMAE": 0.18424325436353683,
    "Bone/upperarm_l/AngVelMagMAE": 0.40475866198539734,
    "Bone/upperarm_l/AngVelMAE": 0.2820267379283905,
    "Bone/RUpArmTwist_l_01/AngVelMagMAE": 0.3982521742582321,
    "Bone/RUpArmTwist_l_01/AngVelMAE": 0.32118457555770874,
    "Bone/RUpArmTwist_l_02/AngVelMagMAE": 0.14728514850139618,
    "Bone/RUpArmTwist_l_02/AngVelMAE": 0.05565672740340233,
    "Bone/lowerarm_l/AngVelMagMAE": 0.625694751739502,