{
  "epoch": 2,
  "tag": "valfree",
  "timestamp": "2025-11-10T01:55:06",
  "metrics": {
    "YawAbsDeg": 16.160815238952637,
    "FreeRun/YawAbsDeg": 16.160815238952637,
    "RootVelMAE": 0.019019787199795246,
    "FreeRun/RootVelMAE": 0.019019787199795246,
    "RootVelMAE_std": 0.02449239045381546,
    "InputRotGeoDeg": 6.703933954238892,
    "FreeRun/InputRotGeoDeg": 6.703933954238892,
    "InputRotGeoDeg_max": 74.20822525024414,
    "InputRotGeoDeg_std": 8.70684814453125,
    "InputRotGeoDegCurve": [
      [
        1.6977293491363525,
        2.5045700073242188,
        3.642792224884033,
        4.8583984375,
        6.0633416175842285,
        7.205937385559082,
        8.394279479980469,
        9.487770080566406,
        10.559329986572266,
        11.653023719787598
      ],
      [
        1.717928409576416,
        2.5269172191619873,
        3.7227256298065186,
        4.947955131530762,
        6.164114475250244,
        7.3770012855529785,
        8.54406452178955,
        9.77187728881836,
        11.012309074401855,
        12.226617813110352
      ]
    ],
    "InputRotGeoDegCurveMax": [
      [
        11.454833984375,
        16.68743133544922,
        24.600086212158203,
        28.78058624267578,
        35.59394836425781,
        41.35613250732422,
        52.56852340698242,
        59.37698745727539,
        64.8122329711914,
        73.02383422851562
      ],
      [
        11.596085548400879,
        15.622848510742188,
        31.478580474853516,
        37.50764083862305,
        40.859275817871094,
        43.30669021606445,
        52.43172073364258,
        58.89772033691406,
        66.5115737915039,
        75.39261627197266
      ]
    ],
    "CondYawVsPredDeg": 3.287028789600299e-06,
    "FreeRun/CondYawVsPredDeg": 3.287028789600299e-06,
    "CondYawVsPredCurveDeg": [
      [
        3.4150946248701075e-06,
        5.122642050991999e-06,
        3.4150946248701075e-06,
        5.122642050991999e-06,
        4.268868451617891e-06,
        3.4150946248701075e-06,
        3.4150946248701075e-06,
        3.4150946248701075e-06,
        4.268868451617891e-06,
        3.4150946248701075e-06
      ],
      [
        3.4150946248701075e-06,
        3.4150946248701075e-06,
        2.5613210254959995e-06,
        2.5613210254959995e-06,
        2.5613210254959995e-06,
        2.5613210254959995e-06,
        2.5613210254959995e-06,
        2.5613210254959995e-06,
        1.7075473124350538e-06,
        2.5613210254959995e-06
      ]
    ],
    "CondVelVsPredMAE": 4.244444511414258e-07,
    "FreeRun/CondVelVsPredMAE": 4.244444511414258e-07,
    "period_abs_mean": 0.7607375681400299,
    "period_abs_std": 0.27627259492874146,
    "GeoDeg": 7.085530996322632,
    "FreeRun/GeoDeg": 7.085530996322632,
    "SingleStep/GeoDeg": 7.085530996322632,
    "GeoDegCurve": [
      [
        1.8331025838851929,
        2.9120984077453613,
        4.109108924865723,
        5.297130584716797,
        6.496190547943115,
        7.605865955352783,
        8.737459182739258,
        9.815254211425781,
        10.855607032775879,
        11.995298385620117
      ],
      [
        1.7642862796783447,
        2.906276226043701,
        4.139856338500977,
        5.417851448059082,
        6.600701332092285,
        7.825061798095703,
        9.001279830932617,
        10.272916793823242,
        11.470695495605469,
        12.65458869934082
      ]
    ],
    "GeoDegCurveMax": [
      [
        9.269636154174805,
        18.24336051940918,
        26.19062042236328,
        30.504201889038086,
        42.198326110839844,
        47.957130432128906,
        58.7873649597168,
        65.60558319091797,
        71.40771484375,
        79.79618072509766
      ],
      [
        10.259079933166504,
        17.224597930908203,
        34.97514343261719,
        41.95210647583008,
        46.18803405761719,
        48.78047561645508,
        58.601890563964844,
        65.14875793457031,
        72.55371856689453,
        81.11348724365234
      ]
    ],
    "GeoLocalDeg": 7.257501840591431,
    "FreeRun/GeoLocalDeg": 7.257501840591431,
    "SingleStep/GeoLocalDeg": 7.257501840591431,
    "GeoLocalDegCurve": [
      [
        1.7024216651916504,
        2.8625199794769287,
        4.04746150970459,
        5.174218654632568,
        6.279159069061279,
        7.461732864379883,
        8.641973495483398,
        10.071781158447266,
        11.283561706542969,
        12.612099647521973
      ],
      [
        1.5844757556915283,
        2.9684128761291504,
        4.20037841796875,
        5.569210052490234,
        6.8190226554870605,
        8.008465766906738,
        9.26829719543457,
        10.768719673156738,
        12.179449081420898,
        13.6466646194458
      ]
    ],
    "GeoLocalDegCurveMax": [
      [
        9.269509315490723,
        18.531259536743164,
        25.647640228271484,
        30.475675582885742,
        41.93598556518555,
        46.8041877746582,
        56.84967803955078,
        62.39644241333008,
        67.12943267822266,
        74.36357879638672
      ],
      [
        10.259003639221191,
        17.442684173583984,
        35.47105407714844,
        42.669795989990234,
        46.10166549682617,
        46.41948699951172,
        55.945640563964844,
        60.6927604675293,
        66.75360107421875,
        73.51229858398438
      ]
    ],
    "AngVelMAE": 0.637090653181076,
    "FreeRun/AngVelMAE": 0.637090653181076,
    "AngVelMagRel": 0.6798955202102661,
    "FreeRun/AngVelMagRel": 0.6798955202102661,
    "AngVelDirDegCurve": [
      [
        80.7573013305664,
        83.91836547851562,
        77.01681518554688,
        80.71773529052734,
        81.16812133789062,
        70.26509094238281,
        81.07245635986328,
        81.41999816894531,
        84.5162353515625
      ],
      [
        82.71965026855469,
        77.5044937133789,
        81.35576629638672,
        79.34166717529297,
        79.03258514404297,
        87.13886260986328,
        86.82331848144531,
        83.23917388916016,
        84.18717193603516
      ]
    ],
    "AngVelDirDegCurveMax": [
      [
        180.0,
        180.0,
        180.0,
        180.0,
        180.0,
        180.0,
        180.0,
        180.0,
        180.0
      ],
      [
        180.0,
        180.0,
        180.0,
        180.0,
        180.0,
        180.0,
        180.0,
        180.0,
        180.0
      ]
    ],
    "AngVelDirDegRaw": 86.31692504882812,
    "FreeRun/AngVelDirDegRaw": 86.31692504882812,
    "AngVelDirDegWeighted": 85.32105911267227,
    "FreeRun/AngVelDirDegWeighted": 85.32105911267227,
    "AngVelDirDegSmooth": 85.07182305352447,
    "FreeRun/AngVelDirDegSmooth": 85.07182305352447,
    "AngVelDirDegTorso": 57.544806843973234,
    "FreeRun/AngVelDirDegTorso": 57.544806843973234,
    "AngVelDirDegProximal": 77.69419139596472,
    "FreeRun/AngVelDirDegProximal": 77.69419139596472,
    "AngVelDirDegDistal": 89.74020600088288,
    "FreeRun/AngVelDirDegDistal": 89.74020600088288,
    "Bone/pelvis/AngVelMagMAE": 3.486079799125668e-14,
    "Bone/pelvis/AngVelMAE": 1.7958201318688492e-14,
    "Bone/Bip001/AngVelMagMAE": 0.2799549400806427,
    "Bone/Bip001/AngVelMAE": 0.29035617411136627,
    "Bone/spine_01/AngVelMagMAE": 0.3915460854768753,
    "Bone/spine_01/AngVelMAE": 0.2721598595380783,
    "Bone/spine_02/AngVelMagMAE": 1.1317225098609924,
    "Bone/spine_02/AngVelMAE": 0.5944189429283142,
    "Bone/clavicle_l/AngVelMagMAE": 1.3670463562011719,
    "Bone/clavicle_l/AngVelMAE": 0.7689280211925507,
    "Bone/upperarm_l/AngVelMagMAE": 0.6178870797157288,
    "Bone/upperarm_l/AngVelMAE": 0.6447210907936096,
    "Bone/RUpArmTwist_l_01/AngVelMagMAE": 0.6872745454311371,
    "Bone/RUpArmTwist_l_01/AngVelMAE": 0.7055955529212952,
    "Bone/RUpArmTwist_l_02/AngVelMagMAE": 0.19734589010477066,
    "Bone/RUpArmTwist_l_02/AngVelMAE": 0.10660664737224579,
    "Bone/lowerarm_l/AngVelMagMAE": 0.9763952791690826,