sic,bone,mean_deg,p50_deg,p90_deg,count
37,foot_l,4.681718826293945,4.681718826293945,4.681718826293945,1
31,foot_l,3.746851921081543,3.746851921081543,3.746851921081543,1
85,foot_r,3.417436361312866,3.417436361312866,3.417436361312866,1
36,foot_l,3.14233136177063,3.14233136177063,3.14233136177063,1
53,foot_r,2.9302661418914795,2.9302661418914795,2.9302661418914795,1
32,calf_l,2.909466505050659,2.909466505050659,2.909466505050659,1
60,foot_r,2.8968162536621094,2.8968162536621094,2.8968162536621094,1
41,foot_l,2.7269670963287354,2.7269670963287354,2.7269670963287354,1
32,foot_l,2.7182812690734863,2.7182812690734863,2.7182812690734863,1
53,ball_r,2.655329465866089,2.655329465866089,2.655329465866089,1
14,foot_l,2.6340413093566895,2.6340413093566895,2.6340413093566895,1
2,calf_l,2.5690994262695312,2.5690994262695312,2.5690994262695312,1
13,foot_l,2.566786766052246,2.566786766052246,2.566786766052246,1
27,calf_l,2.4364945888519287,2.4364945888519287,2.4364945888519287,1
5,calf_l,2.3682353496551514,2.3682353496551514,2.3682353496551514,1
71,calf_l,2.336055040359497,2.336055040359497,2.336055040359497,1
85,calf_r,2.2901129722595215,2.2901129722595215,2.2901129722595215,1
22,calf_l,2.2714221477508545,2.2714221477508545,2.2714221477508545,1
37,thigh_l,2.2137699127197266,2.2137699127197266,2.2137699127197266,1
32,thigh_l,2.209080219268799,2.209080219268799,2.209080219268799,1
81,calf_r,2.182591676712036,2.182591676712036,2.182591676712036,1
7,foot_l,1.9724645614624023,1.9724645614624023,1.9724645614624023,1
0,calf_r,1.971570372581482,1.971570372581482,1.971570372581482,1
13,ball_l,1.9608137607574463,1.9608137607574463,1.9608137607574463,1
52,ball_r,1.946017861366272,1.946017861366272,1.946017861366272,1
35,foot_l,1.9175758361816406,1.9175758361816406,1.9175758361816406,1
36,thigh_l,1.91265869140625,1.91265869140625,1.91265869140625,1
18,foot_l,1.903219223022461,1.903219223022461,1.903219223022461,1
42,foot_l,1.9002453088760376,1.9002453088760376,1.9002453088760376,1
31,thigh_l,1.8969510793685913,1.8969510793685913,1.8969510793685913,1
1,calf_r,1.8660681247711182,1.8660681247711182,1.8660681247711182,1
40,foot_l,1.8089096546173096,1.8089096546173096,1.8089096546173096,1
74,foot_r,1.7420200109481812,1.7420200109481812,1.7420200109481812,1
34,foot_l,1.7083152532577515,1.7083152532577515,1.7083152532577515,1
49,ball_r,1.6764131784439087,1.6764131784439087,1.6764131784439087,1
6,foot_l,1.6741129159927368,1.6741129159927368,1.6741129159927368,1
71,foot_r,1.6732230186462402,1.6732230186462402,1.6732230186462402,1
38,foot_l,1.6662189960479736,1.6662189960479736,1.6662189960479736,1
35,thigh_l,1.5528699159622192,1.5528699159622192,1.5528699159622192,1
58,foot_r,1.5426766872406006,1.5426766872406006,1.5426766872406006,1
16,foot_l,1.5401276350021362,1.5401276350021362,1.5401276350021362,1
17,foot_l,1.5367165803909302,1.5367165803909302,1.5367165803909302,1
33,foot_l,1.4698843955993652,1.4698843955993652,1.4698843955993652,1
4,hand_r,1.4686976671218872,1.4686976671218872,1.4686976671218872,1
2,upperarm_l,1.467840552330017,1.467840552330017,1.467840552330017,1
13,calf_l,1.4231021404266357,1.4231021404266357,1.4231021404266357,1
72,calf_l,1.4007035493850708,1.4007035493850708,1.4007035493850708,1
54,foot_r,1.388214349746704,1.388214349746704,1.388214349746704,1
31,calf_l,1.3582048416137695,1.3582048416137695,1.3582048416137695,1
5,thigh_l,1.3581334352493286,1.3581334352493286,1.3581334352493286,1
26,hand_r,1.3538264036178589,1.3538264036178589,1.3538264036178589,1
2,foot_r,1.349703311920166,1.349703311920166,1.349703311920166,1
40,thigh_l,1.3433681726455688,1.3433681726455688,1.3433681726455688,1
82,calf_r,1.3242661952972412,1.3242661952972412,1.3242661952972412,1
52,foot_r,1.3119834661483765,1.3119834661483765,1.3119834661483765,1
85,upperarm_l,1.294756293296814,1.294756293296814,1.294756293296814,1
47,foot_r,1.2905762195587158,1.2905762195587158,1.2905762195587158,1
5,ball_l,1.2872885465621948,1.2872885465621948,1.2872885465621948,1
16,calf_l,1.2820427417755127,1.2820427417755127,1.2820427417755127,1
80,calf_r,1.2697921991348267,1.2697921991348267,1.2697921991348267,1
5,lowerarm_l,1.2543145418167114,1.2543145418167114,1.2543145418167114,1
71,thigh_l,1.225269079208374,1.225269079208374,1.225269079208374,1
85,foot_l,1.2209817171096802,1.2209817171096802,1.2209817171096802,1
1,lowerarm_l,1.2209584712982178,1.2209584712982178,1.2209584712982178,1
15,foot_l,1.1859368085861206,1.1859368085861206,1.1859368085861206,1
58,thigh_r,1.1829776763916016,1.1829776763916016,1.1829776763916016,1
41,thigh_l,1.1757935285568237,1.1757935285568237,1.1757935285568237,1
48,foot_r,1.1724146604537964,1.1724146604537964,1.1724146604537964,1
76,foot_r,1.1607688665390015,1.1607688665390015,1.1607688665390015,1
30,hand_r,1.1563189029693604,1.1563189029693604,1.1563189029693604,1
59,thigh_l,1.1370036602020264,1.1370036602020264,1.1370036602020264,1
29,foot_l,1.135358214378357,1.135358214378357,1.135358214378357,1
75,foot_r,1.1250231266021729,1.1250231266021729,1.1250231266021729,1
55,foot_r,1.1193729639053345,1.1193729639053345,1.1193729639053345,1
31,hand_l,1.1040763854980469,1.1040763854980469,1.1040763854980469,1
0,thigh_l,1.0990628004074097,1.0990628004074097,1.0990628004074097,1
2,hand_r,1.0903382301330566,1.0903382301330566,1.0903382301330566,1
0,foot_r,1.086877465248108,1.086877465248108,1.086877465248108,1
5,foot_r,1.0783252716064453,1.0783252716064453,1.0783252716064453,1
22,thigh_l,1.0772942304611206,1.0772942304611206,1.0772942304611206,1
45,foot_l,1.0751903057098389,1.0751903057098389,1.0751903057098389,1
59,foot_r,1.0718616247177124,1.0718616247177124,1.0718616247177124,1
2,lowerarm_l,1.058931827545166,1.058931827545166,1.058931827545166,1
0,thigh_r,1.0535615682601929,1.0535615682601929,1.0535615682601929,1
2,thigh_l,1.048617959022522,1.048617959022522,1.048617959022522,1
1,foot_l,1.0461140871047974,1.0461140871047974,1.0461140871047974,1
84,thigh_l,1.0436673164367676,1.0436673164367676,1.0436673164367676,1
81,thigh_r,1.0394502878189087,1.0394502878189087,1.0394502878189087,1
9,foot_l,1.0331000089645386,1.0331000089645386,1.0331000089645386,1
4,upperarm_r,1.0303696393966675,1.0303696393966675,1.0303696393966675,1
0,lowerarm_l,1.0286409854888916,1.0286409854888916,1.0286409854888916,1
58,upperarm_l,1.0245126485824585,1.0245126485824585,1.0245126485824585,1
72,foot_r,1.0235346555709839,1.0235346555709839,1.0235346555709839,1
26,calf_l,1.001623511314392,1.001623511314392,1.001623511314392,1
72,thigh_l,1.0012948513031006,1.0012948513031006,1.0012948513031006,1
84,foot_r,0.9930440187454224,0.9930440187454224,0.9930440187454224,1
37,calf_l,0.9810357689857483,0.9810357689857483,0.9810357689857483,1
38,thigh_l,0.9779825806617737,0.9779825806617737,0.9779825806617737,1
71,foot_l,0.975215494632721,0.975215494632721,0.975215494632721,1
40,ball_l,0.9666759371757507,0.9666759371757507,0.9666759371757507,1
63,ball_l,0.9658793807029724,0.9658793807029724,0.9658793807029724,1
30,thigh_l,0.9638476967811584,0.9638476967811584,0.9638476967811584,1
44,ball_l,0.9632543325424194,0.9632543325424194,0.9632543325424194,1
34,hand_r,0.9556712508201599,0.9556712508201599,0.9556712508201599,1
14,hand_r,0.9469821453094482,0.9469821453094482,0.9469821453094482,1
65,foot_r,0.9463280439376831,0.9463280439376831,0.9463280439376831,1
61,calf_l,0.9436101913452148,0.9436101913452148,0.9436101913452148,1
26,hand_l,0.9408698678016663,0.9408698678016663,0.9408698678016663,1
85,calf_l,0.9408165216445923,0.9408165216445923,0.9408165216445923,1
24,hand_r,0.9359684586524963,0.9359684586524963,0.9359684586524963,1
4,RUpArmTwist_r_01,0.9258543252944946,0.9258543252944946,0.9258543252944946,1
2,calf_r,0.9192811250686646,0.9192811250686646,0.9192811250686646,1
84,foot_l,0.9144890308380127,0.9144890308380127,0.9144890308380127,1
33,calf_l,0.9136992692947388,0.9136992692947388,0.9136992692947388,1
56,ball_r,0.912100076675415,0.912100076675415,0.912100076675415,1
39,foot_l,0.9062358140945435,0.9062358140945435,0.9062358140945435,1
5,foot_l,0.9018190503120422,0.9018190503120422,0.9018190503120422,1
25,lowerarm_l,0.8996403217315674,0.8996403217315674,0.8996403217315674,1
40,calf_l,0.8994632363319397,0.8994632363319397,0.8994632363319397,1
57,ball_r,0.8881608843803406,0.8881608843803406,0.8881608843803406,1
2,ball_l,0.877791702747345,0.877791702747345,0.877791702747345,1
77,calf_r,0.8763166666030884,0.8763166666030884,0.8763166666030884,1
11,hand_r,0.8752977252006531,0.8752977252006531,0.8752977252006531,1
84,ball_l,0.8749994039535522,0.8749994039535522,0.8749994039535522,1
84,upperarm_l,0.870602011680603,0.870602011680603,0.870602011680603,1
62,ball_l,0.8700791001319885,0.8700791001319885,0.8700791001319885,1
44,foot_l,0.8687779307365417,0.8687779307365417,0.8687779307365417,1
36,calf_l,0.8668556213378906,0.8668556213378906,0.8668556213378906,1
27,ball_l,0.8625786900520325,0.8625786900520325,0.8625786900520325,1
40,foot_r,0.8603010773658752,0.8603010773658752,0.8603010773658752,1
58,ball_l,0.8584171533584595,0.8584171533584595,0.8584171533584595,1
42,thigh_l,0.8566244840621948,0.8566244840621948,0.8566244840621948,1
70,calf_r,0.8503841757774353,0.8503841757774353,0.8503841757774353,1
46,ball_r,0.8263891935348511,0.8263891935348511,0.8263891935348511,1
24,lowerarm_l,0.825770914554596,0.825770914554596,0.825770914554596,1
20,upperarm_l,0.8180549144744873,0.8180549144744873,0.8180549144744873,1
56,thigh_l,0.8161773681640625,0.8161773681640625,0.8161773681640625,1
58,RUpArmTwist_l_01,0.8095947504043579,0.8095947504043579,0.8095947504043579,1
4,foot_r,0.8095894455909729,0.8095894455909729,0.8095894455909729,1
19,upperarm_l,0.8085362911224365,0.8085362911224365,0.8085362911224365,1
1,upperarm_r,0.8070319294929504,0.8070319294929504,0.8070319294929504,1
2,RUpArmTwist_l_01,0.8050398230552673,0.8050398230552673,0.8050398230552673,1
28,calf_l,0.8032495975494385,0.8032495975494385,0.8032495975494385,1
17,thigh_l,0.7987419962882996,0.7987419962882996,0.7987419962882996,1
55,ball_r,0.7970167398452759,0.7970167398452759,0.7970167398452759,1
11,foot_l,0.7926565408706665,0.7926565408706665,0.7926565408706665,1
80,foot_r,0.7921955585479736,0.7921955585479736,0.7921955585479736,1
18,upperarm_l,0.7894162535667419,0.7894162535667419,0.7894162535667419,1
56,foot_r,0.788414478302002,0.788414478302002,0.788414478302002,1
61,thigh_l,0.7834511399269104,0.7834511399269104,0.7834511399269104,1
41,ball_r,0.7827138900756836,0.7827138900756836,0.7827138900756836,1
49,thigh_l,0.7820977568626404,0.7820977568626404,0.7820977568626404,1
83,foot_r,0.7797924876213074,0.7797924876213074,0.7797924876213074,1
22,foot_l,0.7775082588195801,0.7775082588195801,0.7775082588195801,1
70,foot_r,0.7747154831886292,0.7747154831886292,0.7747154831886292,1
1,thigh_l,0.7739406824111938,0.7739406824111938,0.7739406824111938,1
18,hand_r,0.7728382349014282,0.7728382349014282,0.7728382349014282,1
63,hand_l,0.7727948427200317,0.7727948427200317,0.7727948427200317,1
43,foot_l,0.7662932276725769,0.7662932276725769,0.7662932276725769,1
8,ball_l,0.7636277675628662,0.7636277675628662,0.7636277675628662,1
10,foot_l,0.7635489106178284,0.7635489106178284,0.7635489106178284,1
72,thigh_r,0.7628918886184692,0.7628918886184692,0.7628918886184692,1
73,thigh_r,0.762420117855072,0.762420117855072,0.762420117855072,1
24,RUpArmTwist_r_01,0.7598646283149719,0.7598646283149719,0.7598646283149719,1
13,hand_l,0.7562029361724854,0.7562029361724854,0.7562029361724854,1
7,ball_l,0.7552888989448547,0.7552888989448547,0.7552888989448547,1
72,foot_l,0.7534162998199463,0.7534162998199463,0.7534162998199463,1
26,foot_l,0.7472649812698364,0.7472649812698364,0.7472649812698364,1
35,calf_l,0.7395078539848328,0.7395078539848328,0.7395078539848328,1
11,ball_l,0.7394760847091675,0.7394760847091675,0.7394760847091675,1
6,foot_r,0.7394376993179321,0.7394376993179321,0.7394376993179321,1
41,hand_r,0.7358179092407227,0.7358179092407227,0.7358179092407227,1
69,thigh_l,0.7321206331253052,0.7321206331253052,0.7321206331253052,1
24,RUpArmTwist_l_01,0.730073869228363,0.730073869228363,0.730073869228363,1
17,upperarm_l,0.7299829721450806,0.7299829721450806,0.7299829721450806,1
54,ball_r,0.727008044719696,0.727008044719696,0.727008044719696,1
10,hand_r,0.7262126803398132,0.7262126803398132,0.7262126803398132,1
51,thigh_l,0.7237327694892883,0.7237327694892883,0.7237327694892883,1
34,calf_l,0.7230873703956604,0.7230873703956604,0.7230873703956604,1
73,foot_r,0.7210606336593628,0.7210606336593628,0.7210606336593628,1
1,ball_l,0.7209837436676025,0.7209837436676025,0.7209837436676025,1
29,upperarm_l,0.7207395434379578,0.7207395434379578,0.7207395434379578,1
34,foot_r,0.7200477719306946,0.7200477719306946,0.7200477719306946,1
5,upperarm_l,0.718884289264679,0.718884289264679,0.718884289264679,1
47,thigh_l,0.7184272408485413,0.7184272408485413,0.7184272408485413,1
46,thigh_l,0.7178118228912354,0.7178118228912354,0.7178118228912354,1
6,thigh_l,0.7169617414474487,0.7169617414474487,0.7169617414474487,1
14,LCalfTwist_03,0.7141313552856445,0.7141313552856445,0.7141313552856445,1
0,hand_l,0.7129995226860046,0.7129995226860046,0.7129995226860046,1
23,RUpArmTwist_l_01,0.7124550938606262,0.7124550938606262,0.7124550938606262,1
74,thigh_r,0.7103477120399475,0.7103477120399475,0.7103477120399475,1
23,lowerarm_l,0.7098381519317627,0.7098381519317627,0.7098381519317627,1
57,foot_r,0.709833025932312,0.709833025932312,0.709833025932312,1
53,calf_r,0.7086296081542969,0.7086296081542969,0.7086296081542969,1
10,thigh_r,0.7070179581642151,0.7070179581642151,0.7070179581642151,1
14,LCalfTwist_02,0.7055498957633972,0.7055498957633972,0.7055498957633972,1
5,thigh_r,0.7019809484481812,0.7019809484481812,0.7019809484481812,1
53,upperarm_l,0.7006946206092834,0.7006946206092834,0.7006946206092834,1
13,hand_r,0.700102686882019,0.700102686882019,0.700102686882019,1
30,upperarm_l,0.6994624137878418,0.6994624137878418,0.6994624137878418,1
31,foot_r,0.696831226348877,0.696831226348877,0.696831226348877,1
9,foot_r,0.6961604356765747,0.6961604356765747,0.6961604356765747,1
58,ball_r,0.6955199241638184,0.6955199241638184,0.6955199241638184,1
75,calf_r,0.6921441555023193,0.6921441555023193,0.6921441555023193,1
25,foot_l,0.6919546127319336,0.6919546127319336,0.6919546127319336,1
81,foot_r,0.6917955279350281,0.6917955279350281,0.6917955279350281,1
33,thigh_l,0.6917715668678284,0.6917715668678284,0.6917715668678284,1
26,lowerarm_l,0.6911640763282776,0.6911640763282776,0.6911640763282776,1
73,calf_l,0.6908154487609863,0.6908154487609863,0.6908154487609863,1
14,upperarm_r,0.686788022518158,0.686788022518158,0.686788022518158,1
77,thigh_r,0.6865200400352478,0.6865200400352478,0.6865200400352478,1
61,hand_r,0.6856262683868408,0.6856262683868408,0.6856262683868408,1
82,thigh_r,0.6852731704711914,0.6852731704711914,0.6852731704711914,1
34,thigh_l,0.6846019625663757,0.6846019625663757,0.6846019625663757,1
14,RUpArmTwist_r_01,0.6822956204414368,0.6822956204414368,0.6822956204414368,1
59,calf_l,0.6807335019111633,0.6807335019111633,0.6807335019111633,1
31,hand_r,0.6799510717391968,0.6799510717391968,0.6799510717391968,1
64,foot_r,0.6789132356643677,0.6789132356643677,0.6789132356643677,1
29,ball_l,0.6785533428192139,0.6785533428192139,0.6785533428192139,1
59,RUpArmTwist_l_01,0.6781570911407471,0.6781570911407471,0.6781570911407471,1
58,lowerarm_l,0.6760339140892029,0.6760339140892029,0.6760339140892029,1
74,hand_l,0.6723772883415222,0.6723772883415222,0.6723772883415222,1
1,upperarm_l,0.6698304414749146,0.6698304414749146,0.6698304414749146,1
50,foot_r,0.6685566306114197,0.6685566306114197,0.6685566306114197,1
43,thigh_l,0.6675735116004944,0.6675735116004944,0.6675735116004944,1
22,thigh_r,0.6668614149093628,0.6668614149093628,0.6668614149093628,1
61,RUpArmTwist_r_01,0.665350079536438,0.665350079536438,0.665350079536438,1
57,thigh_l,0.6638486385345459,0.6638486385345459,0.6638486385345459,1
85,thigh_l,0.6614503264427185,0.6614503264427185,0.6614503264427185,1
21,thigh_l,0.6570992469787598,0.6570992469787598,0.6570992469787598,1
19,foot_l,0.6563869118690491,0.6563869118690491,0.6563869118690491,1
58,foot_l,0.65627521276474,0.65627521276474,0.65627521276474,1
3,upperarm_r,0.6529275178909302,0.6529275178909302,0.6529275178909302,1
26,RUpArmTwist_r_01,0.6527204513549805,0.6527204513549805,0.6527204513549805,1
19,hand_l,0.6521091461181641,0.6521091461181641,0.6521091461181641,1
30,foot_l,0.6501466035842896,0.6501466035842896,0.6501466035842896,1
25,hand_r,0.6487472653388977,0.6487472653388977,0.6487472653388977,1
47,foot_l,0.6443168520927429,0.6443168520927429,0.6443168520927429,1
71,thigh_r,0.6433520913124084,0.6433520913124084,0.6433520913124084,1
76,calf_r,0.6412891745567322,0.6412891745567322,0.6412891745567322,1
4,thigh_r,0.6407842040061951,0.6407842040061951,0.6407842040061951,1
1,hand_l,0.6351340413093567,0.6351340413093567,0.6351340413093567,1
68,calf_l,0.6338553428649902,0.6338553428649902,0.6338553428649902,1
81,hand_r,0.6330699324607849,0.6330699324607849,0.6330699324607849,1
17,ball_l,0.6311390995979309,0.6311390995979309,0.6311390995979309,1
30,hand_l,0.6304662227630615,0.6304662227630615,0.6304662227630615,1
84,calf_r,0.6301565766334534,0.6301565766334534,0.6301565766334534,1
64,hand_l,0.6292661428451538,0.6292661428451538,0.6292661428451538,1
13,LCalfTwist_03,0.6283987760543823,0.6283987760543823,0.6283987760543823,1
62,foot_r,0.6275579333305359,0.6275579333305359,0.6275579333305359,1
50,ball_r,0.6272769570350647,0.6272769570350647,0.6272769570350647,1
85,ball_r,0.6264275908470154,0.6264275908470154,0.6264275908470154,1
64,ball_l,0.6259639263153076,0.6259639263153076,0.6259639263153076,1
75,upperarm_l,0.6242297887802124,0.6242297887802124,0.6242297887802124,1
8,foot_r,0.6242271065711975,0.6242271065711975,0.6242271065711975,1
11,thigh_l,0.620993971824646,0.620993971824646,0.620993971824646,1
24,upperarm_r,0.6202940940856934,0.6202940940856934,0.6202940940856934,1
49,hand_l,0.6200537085533142,0.6200537085533142,0.6200537085533142,1
22,hand_r,0.6176237463951111,0.6176237463951111,0.6176237463951111,1
65,thigh_l,0.6174957752227783,0.6174957752227783,0.6174957752227783,1
37,thigh_r,0.6170912981033325,0.6170912981033325,0.6170912981033325,1
38,hand_r,0.6169934868812561,0.6169934868812561,0.6169934868812561,1
73,thigh_l,0.6163874268531799,0.6163874268531799,0.6163874268531799,1
41,RUpArmTwist_r_01,0.6158347129821777,0.6158347129821777,0.6158347129821777,1
33,hand_r,0.609950840473175,0.609950840473175,0.609950840473175,1
26,thigh_l,0.6093327403068542,0.6093327403068542,0.6093327403068542,1
56,thigh_r,0.6091605424880981,0.6091605424880981,0.6091605424880981,1
10,thigh_l,0.606223464012146,0.606223464012146,0.606223464012146,1
48,ball_l,0.6046180725097656,0.6046180725097656,0.6046180725097656,1
59,hand_r,0.6045097708702087,0.6045097708702087,0.6045097708702087,1
68,thigh_l,0.6029898524284363,0.6029898524284363,0.6029898524284363,1
12,foot_l,0.6025494933128357,0.6025494933128357,0.6025494933128357,1
67,calf_l,0.6018350720405579,0.6018350720405579,0.6018350720405579,1
1,foot_r,0.6006128787994385,0.6006128787994385,0.6006128787994385,1
75,upperarm_r,0.6004837155342102,0.6004837155342102,0.6004837155342102,1
16,foot_r,0.5979768633842468,0.5979768633842468,0.5979768633842468,1
62,ball_r,0.597364604473114,0.597364604473114,0.597364604473114,1
54,RUpArmTwist_r_01,0.5971526503562927,0.5971526503562927,0.5971526503562927,1
6,thigh_r,0.5958586931228638,0.5958586931228638,0.5958586931228638,1
63,foot_l,0.5955143570899963,0.5955143570899963,0.5955143570899963,1
32,foot_r,0.5938440561294556,0.5938440561294556,0.5938440561294556,1
21,hand_r,0.5934971570968628,0.5934971570968628,0.5934971570968628,1
58,calf_r,0.590396523475647,0.590396523475647,0.590396523475647,1
19,thigh_l,0.5902326703071594,0.5902326703071594,0.5902326703071594,1
25,RUpArmTwist_r_01,0.5891300439834595,0.5891300439834595,0.5891300439834595,1
83,foot_l,0.5884464979171753,0.5884464979171753,0.5884464979171753,1
65,upperarm_l,0.5878738164901733,0.5878738164901733,0.5878738164901733,1
78,thigh_r,0.587772011756897,0.587772011756897,0.587772011756897,1
31,ball_l,0.5872648358345032,0.5872648358345032,0.5872648358345032,1
54,upperarm_r,0.5871580839157104,0.5871580839157104,0.5871580839157104,1
73,calf_r,0.5870930552482605,0.5870930552482605,0.5870930552482605,1
6,upperarm_l,0.5865684747695923,0.5865684747695923,0.5865684747695923,1
25,RUpArmTwist_l_01,0.5849536061286926,0.5849536061286926,0.5849536061286926,1
51,ball_r,0.5821172595024109,0.5821172595024109,0.5821172595024109,1
67,thigh_l,0.5810548067092896,0.5810548067092896,0.5810548067092896,1
29,thigh_l,0.580731213092804,0.580731213092804,0.580731213092804,1
79,calf_r,0.5805073380470276,0.5805073380470276,0.5805073380470276,1
81,thigh_l,0.5788969993591309,0.5788969993591309,0.5788969993591309,1
4,foot_l,0.5788595676422119,0.5788595676422119,0.5788595676422119,1
75,RUpArmTwist_r_01,0.5785815715789795,0.5785815715789795,0.5785815715789795,1
33,foot_r,0.5773283839225769,0.5773283839225769,0.5773283839225769,1
58,hand_l,0.576790988445282,0.576790988445282,0.576790988445282,1
59,ball_l,0.5766032934188843,0.5766032934188843,0.5766032934188843,1
14,hand_l,0.5751110315322876,0.5751110315322876,0.5751110315322876,1
83,thigh_l,0.5730036497116089,0.5730036497116089,0.5730036497116089,1
40,hand_r,0.5721423625946045,0.5721423625946045,0.5721423625946045,1
74,thigh_l,0.5717292428016663,0.5717292428016663,0.5717292428016663,1
7,hand_l,0.5716868042945862,0.5716868042945862,0.5716868042945862,1
81,hand_l,0.5697566270828247,0.5697566270828247,0.5697566270828247,1
13,LCalfTwist_02,0.569299578666687,0.569299578666687,0.569299578666687,1
27,thigh_l,0.5673871636390686,0.5673871636390686,0.5673871636390686,1
17,calf_l,0.5673494935035706,0.5673494935035706,0.5673494935035706,1
62,thigh_l,0.5668484568595886,0.5668484568595886,0.5668484568595886,1
83,thigh_r,0.5658121705055237,0.5658121705055237,0.5658121705055237,1
29,thigh_r,0.5653174519538879,0.5653174519538879,0.5653174519538879,1
66,upperarm_l,0.5638004541397095,0.5638004541397095,0.5638004541397095,1
1,spine_02,0.5592682957649231,0.5592682957649231,0.5592682957649231,1
76,upperarm_l,0.5585184693336487,0.5585184693336487,0.5585184693336487,1
76,thigh_r,0.5565045475959778,0.5565045475959778,0.5565045475959778,1
19,foot_r,0.5563081502914429,0.5563081502914429,0.5563081502914429,1
84,hand_r,0.5562561750411987,0.5562561750411987,0.5562561750411987,1
72,calf_r,0.5554816722869873,0.5554816722869873,0.5554816722869873,1
31,ball_r,0.5544942021369934,0.5544942021369934,0.5544942021369934,1
84,calf_l,0.55240797996521,0.55240797996521,0.55240797996521,1
46,thigh_r,0.5520943999290466,0.5520943999290466,0.5520943999290466,1
21,hand_l,0.549860417842865,0.549860417842865,0.549860417842865,1
82,thigh_l,0.5492381453514099,0.5492381453514099,0.5492381453514099,1
20,thigh_l,0.5491440892219543,0.5491440892219543,0.5491440892219543,1
31,upperarm_l,0.5486118793487549,0.5486118793487549,0.5486118793487549,1
33,upperarm_r,0.5480446815490723,0.5480446815490723,0.5480446815490723,1
23,thigh_l,0.5471249222755432,0.5471249222755432,0.5471249222755432,1
49,ring_01_r,0.5468844771385193,0.5468844771385193,0.5468844771385193,1
85,neck_01,0.5457115173339844,0.5457115173339844,0.5457115173339844,1
41,foot_r,0.5445988774299622,0.5445988774299622,0.5445988774299622,1
14,RUpArmTwist_l_01,0.5439854264259338,0.5439854264259338,0.5439854264259338,1
66,ball_l,0.5438633561134338,0.5438633561134338,0.5438633561134338,1
13,thigh_l,0.542985200881958,0.542985200881958,0.542985200881958,1
33,RUpArmTwist_r_01,0.5426319241523743,0.5426319241523743,0.5426319241523743,1
63,foot_r,0.5425729751586914,0.5425729751586914,0.5425729751586914,1
50,ring_01_r,0.541804850101471,0.541804850101471,0.541804850101471,1
2,spine_02,0.5409391522407532,0.5409391522407532,0.5409391522407532,1
73,hand_r,0.5405861139297485,0.5405861139297485,0.5405861139297485,1
63,RUpArmTwist_r_01,0.5401369333267212,0.5401369333267212,0.5401369333267212,1
46,upperarm_l,0.5398740172386169,0.5398740172386169,0.5398740172386169,1
11,thigh_r,0.5396427512168884,0.5396427512168884,0.5396427512168884,1
69,hand_r,0.5388185381889343,0.5388185381889343,0.5388185381889343,1
20,hand_l,0.5376683473587036,0.5376683473587036,0.5376683473587036,1
56,upperarm_l,0.5373619198799133,0.5373619198799133,0.5373619198799133,1
39,upperarm_r,0.5367956161499023,0.5367956161499023,0.5367956161499023,1
5,hand_l,0.5362180471420288,0.5362180471420288,0.5362180471420288,1
0,upperarm_r,0.5357862114906311,0.5357862114906311,0.5357862114906311,1
69,calf_l,0.5346283316612244,0.5346283316612244,0.5346283316612244,1
7,foot_r,0.5345234870910645,0.5345234870910645,0.5345234870910645,1
74,upperarm_l,0.5330565571784973,0.5330565571784973,0.5330565571784973,1
32,ball_l,0.5329628586769104,0.5329628586769104,0.5329628586769104,1
22,lowerarm_r,0.5329163670539856,0.5329163670539856,0.5329163670539856,1
85,hand_r,0.5325194597244263,0.5325194597244263,0.5325194597244263,1
48,foot_l,0.532263994216919,0.532263994216919,0.532263994216919,1
53,thigh_l,0.5311940908432007,0.5311940908432007,0.5311940908432007,1
12,ball_l,0.5308689475059509,0.5308689475059509,0.5308689475059509,1
23,hand_r,0.5308288335800171,0.5308288335800171,0.5308288335800171,1
45,upperarm_l,0.5307989716529846,0.5307989716529846,0.5307989716529846,1
82,hand_r,0.5307440161705017,0.5307440161705017,0.5307440161705017,1
47,hand_r,0.530373752117157,0.530373752117157,0.530373752117157,1
42,ball_r,0.5303298830986023,0.5303298830986023,0.5303298830986023,1
21,upperarm_l,0.529478907585144,0.529478907585144,0.529478907585144,1
84,lowerarm_l,0.5274417996406555,0.5274417996406555,0.5274417996406555,1
63,ball_r,0.5255241394042969,0.5255241394042969,0.5255241394042969,1
84,RUpArmTwist_r_01,0.5249349474906921,0.5249349474906921,0.5249349474906921,1
2,clavicle_l,0.5242714285850525,0.5242714285850525,0.5242714285850525,1
83,upperarm_l,0.5238229036331177,0.5238229036331177,0.5238229036331177,1
20,foot_l,0.5215233564376831,0.5215233564376831,0.5215233564376831,1
83,spine_01,0.5194754004478455,0.5194754004478455,0.5194754004478455,1
43,foot_r,0.5174612998962402,0.5174612998962402,0.5174612998962402,1
39,foot_r,0.5172949433326721,0.5172949433326721,0.5172949433326721,1
15,calf_l,0.5148934721946716,0.5148934721946716,0.5148934721946716,1
21,thigh_r,0.5148122906684875,0.5148122906684875,0.5148122906684875,1
59,thigh_r,0.5147789716720581,0.5147789716720581,0.5147789716720581,1
39,thigh_l,0.5147178769111633,0.5147178769111633,0.5147178769111633,1
28,thigh_l,0.5140805840492249,0.5140805840492249,0.5140805840492249,1
28,hand_r,0.5136181712150574,0.5136181712150574,0.5136181712150574,1
68,hand_r,0.5133768320083618,0.5133768320083618,0.5133768320083618,1
37,hand_r,0.5129092931747437,0.5129092931747437,0.5129092931747437,1
11,calf_l,0.5126700401306152,0.5126700401306152,0.5126700401306152,1
29,lowerarm_l,0.5124503970146179,0.5124503970146179,0.5124503970146179,1
17,foot_r,0.511905312538147,0.511905312538147,0.511905312538147,1
41,calf_l,0.5113329887390137,0.5113329887390137,0.5113329887390137,1
54,thigh_l,0.5109418630599976,0.5109418630599976,0.5109418630599976,1
34,thigh_r,0.5107169151306152,0.5107169151306152,0.5107169151306152,1
70,calf_l,0.5103980302810669,0.5103980302810669,0.5103980302810669,1
46,foot_l,0.5102916359901428,0.5102916359901428,0.5102916359901428,1
64,neck_01,0.5099545121192932,0.5099545121192932,0.5099545121192932,1
54,calf_r,0.5087180733680725,0.5087180733680725,0.5087180733680725,1
28,foot_l,0.5078516602516174,0.5078516602516174,0.5078516602516174,1
62,hand_l,0.5077803134918213,0.5077803134918213,0.5077803134918213,1
2,hand_l,0.5074588060379028,0.5074588060379028,0.5074588060379028,1
41,thigh_r,0.5062045454978943,0.5062045454978943,0.5062045454978943,1
18,thigh_l,0.5054677128791809,0.5054677128791809,0.5054677128791809,1
74,calf_r,0.50492924451828,0.50492924451828,0.50492924451828,1
71,calf_r,0.5030944347381592,0.5030944347381592,0.5030944347381592,1
65,thigh_r,0.5014322996139526,0.5014322996139526,0.5014322996139526,1
64,upperarm_l,0.4997706115245819,0.4997706115245819,0.4997706115245819,1
34,ball_r,0.4993589222431183,0.4993589222431183,0.4993589222431183,1
0,head,0.4990920126438141,0.4990920126438141,0.4990920126438141,1
65,hand_l,0.49641138315200806,0.49641138315200806,0.49641138315200806,1
40,RUpArmTwist_r_01,0.4960670471191406,0.4960670471191406,0.4960670471191406,1
57,hand_r,0.4956413209438324,0.4956413209438324,0.4956413209438324,1
44,ball_r,0.4955175817012787,0.4955175817012787,0.4955175817012787,1
69,thigh_r,0.49533700942993164,0.49533700942993164,0.49533700942993164,1
63,ring_01_r,0.4951193630695343,0.4951193630695343,0.4951193630695343,1
4,ball_r,0.49482062458992004,0.49482062458992004,0.49482062458992004,1
56,hand_r,0.49434006214141846,0.49434006214141846,0.49434006214141846,1
28,upperarm_l,0.49337413907051086,0.49337413907051086,0.49337413907051086,1
70,thigh_l,0.4929620921611786,0.4929620921611786,0.4929620921611786,1
41,upperarm_r,0.49202603101730347,0.49202603101730347,0.49202603101730347,1
26,upperarm_r,0.49143174290657043,0.49143174290657043,0.49143174290657043,1
61,upperarm_r,0.49090853333473206,0.49090853333473206,0.49090853333473206,1
62,ring_01_r,0.49033623933792114,0.49033623933792114,0.49033623933792114,1
5,neck_01,0.4903215765953064,0.4903215765953064,0.4903215765953064,1
12,thigh_l,0.4893474280834198,0.4893474280834198,0.4893474280834198,1
26,clavicle_l,0.489158570766449,0.489158570766449,0.489158570766449,1
36,RUpArmTwist_r_01,0.48843830823898315,0.48843830823898315,0.48843830823898315,1
75,hand_r,0.4880320727825165,0.4880320727825165,0.4880320727825165,1
17,hand_r,0.48741576075553894,0.48741576075553894,0.48741576075553894,1
6,calf_r,0.48710039258003235,0.48710039258003235,0.48710039258003235,1
14,LCalfTwist_01,0.4868426024913788,0.4868426024913788,0.4868426024913788,1
22,upperarm_l,0.48663198947906494,0.48663198947906494,0.48663198947906494,1
57,thigh_r,0.48593947291374207,0.48593947291374207,0.48593947291374207,1
64,RUpArmTwist_r_01,0.48580610752105713,0.48580610752105713,0.48580610752105713,1
3,RUpArmTwist_r_01,0.48564907908439636,0.48564907908439636,0.48564907908439636,1
47,ball_r,0.48498302698135376,0.48498302698135376,0.48498302698135376,1
51,ring_01_r,0.4849244952201843,0.4849244952201843,0.4849244952201843,1
52,thumb_01_r,0.4832749366760254,0.4832749366760254,0.4832749366760254,1
31,neck_01,0.48297277092933655,0.48297277092933655,0.48297277092933655,1
9,hand_r,0.4822799265384674,0.4822799265384674,0.4822799265384674,1
13,calf_r,0.4818272590637207,0.4818272590637207,0.4818272590637207,1
64,ring_01_r,0.48059260845184326,0.48059260845184326,0.48059260845184326,1
64,foot_l,0.4804217517375946,0.4804217517375946,0.4804217517375946,1
35,ball_r,0.48038429021835327,0.48038429021835327,0.48038429021835327,1
0,upperarm_l,0.47968941926956177,0.47968941926956177,0.47968941926956177,1
13,lowerarm_l,0.4793921411037445,0.4793921411037445,0.4793921411037445,1
53,neck_01,0.47882080078125,0.47882080078125,0.47882080078125,1
53,thigh_r,0.47785183787345886,0.47785183787345886,0.47785183787345886,1
82,foot_l,0.4756969213485718,0.4756969213485718,0.4756969213485718,1
45,ball_r,0.47484803199768066,0.47484803199768066,0.47484803199768066,1
28,foot_r,0.4745886027812958,0.4745886027812958,0.4745886027812958,1
19,hand_r,0.47348669171333313,0.47348669171333313,0.47348669171333313,1
78,lowerarm_l,0.4733434319496155,0.4733434319496155,0.4733434319496155,1
60,upperarm_l,0.47323042154312134,0.47323042154312134,0.47323042154312134,1
22,hand_l,0.47238609194755554,0.47238609194755554,0.47238609194755554,1
18,RUpArmTwist_l_01,0.4719025790691376,0.4719025790691376,0.4719025790691376,1
50,thigh_r,0.47172215580940247,0.47172215580940247,0.47172215580940247,1
26,ball_l,0.47028782963752747,0.47028782963752747,0.47028782963752747,1
85,clavicle_l,0.46966680884361267,0.46966680884361267,0.46966680884361267,1
10,spine_02,0.469606876373291,0.469606876373291,0.469606876373291,1
37,ball_r,0.46959957480430603,0.46959957480430603,0.46959957480430603,1
30,foot_r,0.4695151150226593,0.4695151150226593,0.4695151150226593,1
53,foot_l,0.46942657232284546,0.46942657232284546,0.46942657232284546,1
79,hand_r,0.46940138936042786,0.46940138936042786,0.46940138936042786,1
12,ring_01_r,0.4680081307888031,0.4680081307888031,0.4680081307888031,1
12,upperarm_l,0.46797603368759155,0.46797603368759155,0.46797603368759155,1
23,foot_r,0.46762964129447937,0.46762964129447937,0.46762964129447937,1
26,RUpArmTwist_l_01,0.4658910036087036,0.4658910036087036,0.4658910036087036,1
8,thumb_01_r,0.4656669795513153,0.4656669795513153,0.4656669795513153,1
36,ball_r,0.46562692523002625,0.46562692523002625,0.46562692523002625,1
59,upperarm_l,0.46561500430107117,0.46561500430107117,0.46561500430107117,1
8,thigh_r,0.4654277265071869,0.4654277265071869,0.4654277265071869,1
37,ball_l,0.46529480814933777,0.46529480814933777,0.46529480814933777,1
22,RUpArmTwist_l_01,0.4644973576068878,0.4644973576068878,0.4644973576068878,1
19,RUpArmTwist_l_01,0.46436798572540283,0.46436798572540283,0.46436798572540283,1
65,neck_01,0.46361979842185974,0.46361979842185974,0.46361979842185974,1
35,RUpArmTwist_r_01,0.4635761082172394,0.4635761082172394,0.4635761082172394,1
39,ball_r,0.46324244141578674,0.46324244141578674,0.46324244141578674,1
55,thigh_r,0.4630846381187439,0.4630846381187439,0.4630846381187439,1
29,foot_r,0.46270039677619934,0.46270039677619934,0.46270039677619934,1
54,ring_01_l,0.4625919759273529,0.4625919759273529,0.4625919759273529,1
77,foot_r,0.46208104491233826,0.46208104491233826,0.46208104491233826,1
61,neck_01,0.46058472990989685,0.46058472990989685,0.46058472990989685,1
78,hand_r,0.4604869782924652,0.4604869782924652,0.4604869782924652,1
13,thumb_01_r,0.4595898687839508,0.4595898687839508,0.4595898687839508,1
51,thumb_01_r,0.45869213342666626,0.45869213342666626,0.45869213342666626,1
41,ring_01_r,0.4582292437553406,0.4582292437553406,0.4582292437553406,1
50,thumb_01_r,0.45785847306251526,0.45785847306251526,0.45785847306251526,1
34,LCalfTwist_01,0.4576306939125061,0.4576306939125061,0.4576306939125061,1
12,pinky_01_l,0.4575779139995575,0.4575779139995575,0.4575779139995575,1
63,neck_01,0.45757433772087097,0.45757433772087097,0.45757433772087097,1
81,foot_l,0.457264244556427,0.457264244556427,0.457264244556427,1
70,thigh_r,0.45678308606147766,0.45678308606147766,0.45678308606147766,1
66,neck_01,0.45639902353286743,0.45639902353286743,0.45639902353286743,1
58,hand_r,0.45580095052719116,0.45580095052719116,0.45580095052719116,1
85,upperarm_r,0.45484253764152527,0.45484253764152527,0.45484253764152527,1
67,hand_r,0.45420950651168823,0.45420950651168823,0.45420950651168823,1
62,neck_01,0.45375028252601624,0.45375028252601624,0.45375028252601624,1
27,hand_l,0.45324474573135376,0.45324474573135376,0.45324474573135376,1
20,neck_01,0.4531112313270569,0.4531112313270569,0.4531112313270569,1
62,hand_r,0.452761709690094,0.452761709690094,0.452761709690094,1
2,foot_l,0.45269060134887695,0.45269060134887695,0.45269060134887695,1
5,RUpArmTwist_r_01,0.4518733620643616,0.4518733620643616,0.4518733620643616,1
35,hand_r,0.4517730474472046,0.4517730474472046,0.4517730474472046,1
25,thigh_l,0.4512278735637665,0.4512278735637665,0.4512278735637665,1
13,thigh_r,0.45106372237205505,0.45106372237205505,0.45106372237205505,1
81,upperarm_l,0.4509456753730774,0.4509456753730774,0.4509456753730774,1
29,hand_l,0.4508945047855377,0.4508945047855377,0.4508945047855377,1
40,LCalfTwist_03,0.45086580514907837,0.45086580514907837,0.45086580514907837,1
73,hand_l,0.4503383934497833,0.4503383934497833,0.4503383934497833,1
53,ring_01_l,0.4502815008163452,0.4502815008163452,0.4502815008163452,1
48,thigh_r,0.4501732885837555,0.4501732885837555,0.4501732885837555,1
20,thigh_r,0.45015856623649597,0.45015856623649597,0.45015856623649597,1
12,hand_r,0.44969847798347473,0.44969847798347473,0.44969847798347473,1
65,ring_01_r,0.4495636820793152,0.4495636820793152,0.4495636820793152,1
8,clavicle_r,0.44936707615852356,0.44936707615852356,0.44936707615852356,1
62,RUpArmTwist_r_01,0.4489052891731262,0.4489052891731262,0.4489052891731262,1
48,ball_r,0.4480513334274292,0.4480513334274292,0.4480513334274292,1
60,thigh_l,0.44729897379875183,0.44729897379875183,0.44729897379875183,1
30,ring_01_r,0.4472711384296417,0.4472711384296417,0.4472711384296417,1
80,hand_r,0.4460577368736267,0.4460577368736267,0.4460577368736267,1
73,RUpArmTwist_r_01,0.4452006220817566,0.4452006220817566,0.4452006220817566,1
64,lowerarm_l,0.4450632333755493,0.4450632333755493,0.4450632333755493,1
79,foot_r,0.4446210265159607,0.4446210265159607,0.4446210265159607,1
4,RUpArmTwist_r_02,0.44429272413253784,0.44429272413253784,0.44429272413253784,1
23,upperarm_l,0.44421231746673584,0.44421231746673584,0.44421231746673584,1
18,ball_l,0.4440383017063141,0.4440383017063141,0.4440383017063141,1
85,ball_l,0.44339293241500854,0.44339293241500854,0.44339293241500854,1
39,thumb_01_r,0.442914754152298,0.442914754152298,0.442914754152298,1
3,neck_01,0.4425162076950073,0.4425162076950073,0.4425162076950073,1
80,neck_01,0.4419105350971222,0.4419105350971222,0.4419105350971222,1
27,foot_r,0.4417601525783539,0.4417601525783539,0.4417601525783539,1
85,RUpArmTwist_r_01,0.4415135383605957,0.4415135383605957,0.4415135383605957,1
32,ball_r,0.4409232437610626,0.4409232437610626,0.4409232437610626,1
66,ring_01_r,0.4398952126502991,0.4398952126502991,0.4398952126502991,1
74,spine_01,0.4398123621940613,0.4398123621940613,0.4398123621940613,1
70,RUpArmTwist_l_01,0.43942028284072876,0.43942028284072876,0.43942028284072876,1
50,thigh_l,0.43903324007987976,0.43903324007987976,0.43903324007987976,1
42,ring_01_r,0.4389714300632477,0.4389714300632477,0.4389714300632477,1
62,foot_l,0.4389493763446808,0.4389493763446808,0.4389493763446808,1
70,hand_r,0.4380776286125183,0.4380776286125183,0.4380776286125183,1
63,ring_01_l,0.43751004338264465,0.43751004338264465,0.43751004338264465,1
40,thumb_01_r,0.43739843368530273,0.43739843368530273,0.43739843368530273,1
63,thigh_l,0.43675369024276733,0.43675369024276733,0.43675369024276733,1
3,spine_02,0.43669766187667847,0.43669766187667847,0.43669766187667847,1
67,thumb_01_r,0.4366788864135742,0.4366788864135742,0.4366788864135742,1
69,calf_r,0.4366547167301178,0.4366547167301178,0.4366547167301178,1
48,hand_r,0.43663638830184937,0.43663638830184937,0.43663638830184937,1
49,thumb_01_r,0.43605345487594604,0.43605345487594604,0.43605345487594604,1
63,thigh_r,0.43593811988830566,0.43593811988830566,0.43593811988830566,1
50,hand_l,0.43452340364456177,0.43452340364456177,0.43452340364456177,1
54,hand_r,0.4340536892414093,0.4340536892414093,0.4340536892414093,1
48,ring_01_r,0.4339160621166229,0.4339160621166229,0.4339160621166229,1
82,lowerarm_l,0.43390876054763794,0.43390876054763794,0.43390876054763794,1
2,RUpArmTwist_r_01,0.43341994285583496,0.43341994285583496,0.43341994285583496,1
1,ball_r,0.4331337809562683,0.4331337809562683,0.4331337809562683,1
49,calf_r,0.4324335753917694,0.4324335753917694,0.4324335753917694,1
77,foot_l,0.4318431317806244,0.4318431317806244,0.4318431317806244,1
65,thumb_01_r,0.4315999746322632,0.4315999746322632,0.4315999746322632,1
78,neck_01,0.4314972758293152,0.4314972758293152,0.4314972758293152,1
66,thumb_01_r,0.4314819574356079,0.4314819574356079,0.4314819574356079,1
6,ring_01_r,0.4312913119792938,0.4312913119792938,0.4312913119792938,1
35,head,0.4299587905406952,0.4299587905406952,0.4299587905406952,1
15,ring_01_r,0.429260790348053,0.429260790348053,0.429260790348053,1
62,ring_01_l,0.42921292781829834,0.42921292781829834,0.42921292781829834,1
58,thigh_l,0.4292064607143402,0.4292064607143402,0.4292064607143402,1
70,lowerarm_l,0.42920371890068054,0.42920371890068054,0.42920371890068054,1
45,hand_r,0.4287828803062439,0.4287828803062439,0.4287828803062439,1
64,thigh_l,0.42816486954689026,0.42816486954689026,0.42816486954689026,1
44,thumb_01_r,0.4277137219905853,0.4277137219905853,0.4277137219905853,1
51,neck_01,0.4277034103870392,0.4277034103870392,0.4277034103870392,1
20,hand_r,0.4273638427257538,0.4273638427257538,0.4273638427257538,1
71,RUpArmTwist_l_01,0.42680636048316956,0.42680636048316956,0.42680636048316956,1
55,ring_01_l,0.4266090989112854,0.4266090989112854,0.4266090989112854,1
59,ball_r,0.4261696934700012,0.4261696934700012,0.4261696934700012,1
6,spine_02,0.42588159441947937,0.42588159441947937,0.42588159441947937,1
61,calf_r,0.42580392956733704,0.42580392956733704,0.42580392956733704,1
4,spine_01,0.42505142092704773,0.42505142092704773,0.42505142092704773,1
64,thumb_01_r,0.4245086908340454,0.4245086908340454,0.4245086908340454,1
40,ring_01_r,0.4244743883609772,0.4244743883609772,0.4244743883609772,1
64,upperarm_r,0.42446786165237427,0.42446786165237427,0.42446786165237427,1
47,thumb_01_r,0.424381822347641,0.424381822347641,0.424381822347641,1
38,RUpArmTwist_r_01,0.42414534091949463,0.42414534091949463,0.42414534091949463,1
34,ball_l,0.4241408407688141,0.4241408407688141,0.4241408407688141,1
20,RUpArmTwist_l_01,0.4239066243171692,0.4239066243171692,0.4239066243171692,1
43,thumb_01_r,0.4238166809082031,0.4238166809082031,0.4238166809082031,1
40,LCalfTwist_02,0.4238106906414032,0.4238106906414032,0.4238106906414032,1
48,thumb_01_r,0.4236527383327484,0.4236527383327484,0.4236527383327484,1
42,foot_r,0.42354482412338257,0.42354482412338257,0.42354482412338257,1
28,ring_01_r,0.42314425110816956,0.42314425110816956,0.42314425110816956,1
54,neck_01,0.4226398766040802,0.4226398766040802,0.4226398766040802,1
30,lowerarm_l,0.4222889244556427,0.4222889244556427,0.4222889244556427,1
48,thigh_l,0.4220775067806244,0.4220775067806244,0.4220775067806244,1
27,hand_r,0.4219410717487335,0.4219410717487335,0.4219410717487335,1
64,hand_r,0.42137598991394043,0.42137598991394043,0.42137598991394043,1
16,ring_01_r,0.42101672291755676,0.42101672291755676,0.42101672291755676,1
52,thigh_l,0.41966986656188965,0.41966986656188965,0.41966986656188965,1
18,thigh_r,0.41959142684936523,0.41959142684936523,0.41959142684936523,1
33,ring_01_r,0.41950568556785583,0.41950568556785583,0.41950568556785583,1
24,thumb_01_r,0.41928839683532715,0.41928839683532715,0.41928839683532715,1
66,ball_r,0.4186258614063263,0.4186258614063263,0.4186258614063263,1
22,ring_01_r,0.4185076951980591,0.4185076951980591,0.4185076951980591,1
9,neck_01,0.4181116223335266,0.4181116223335266,0.4181116223335266,1
48,RUpArmTwist_r_01,0.41804081201553345,0.41804081201553345,0.41804081201553345,1
19,neck_01,0.41801559925079346,0.41801559925079346,0.41801559925079346,1
52,RUpArmTwist_r_01,0.41793274879455566,0.41793274879455566,0.41793274879455566,1
80,ring_01_r,0.4178555905818939,0.4178555905818939,0.4178555905818939,1
24,RUpArmTwist_r_02,0.4171987771987915,0.4171987771987915,0.4171987771987915,1
63,hand_r,0.41710415482521057,0.41710415482521057,0.41710415482521057,1
39,LCalfTwist_02,0.4170299768447876,0.4170299768447876,0.4170299768447876,1
9,thumb_01_r,0.41686198115348816,0.41686198115348816,0.41686198115348816,1
37,ring_01_r,0.416836142539978,0.416836142539978,0.416836142539978,1
28,thumb_01_r,0.4164874255657196,0.4164874255657196,0.4164874255657196,1
3,foot_r,0.41640105843544006,0.41640105843544006,0.41640105843544006,1
68,thumb_01_r,0.4161313474178314,0.4161313474178314,0.4161313474178314,1
17,hand_l,0.4161239564418793,0.4161239564418793,0.4161239564418793,1
18,calf_l,0.4160888195037842,0.4160888195037842,0.4160888195037842,1
9,upperarm_l,0.41605570912361145,0.41605570912361145,0.41605570912361145,1
65,ring_01_l,0.41576793789863586,0.41576793789863586,0.41576793789863586,1
2,thumb_01_r,0.4157315492630005,0.4157315492630005,0.4157315492630005,1
63,calf_l,0.4152332544326782,0.4152332544326782,0.4152332544326782,1
59,ring_01_r,0.4150902330875397,0.4150902330875397,0.4150902330875397,1
21,ring_01_r,0.415054053068161,0.415054053068161,0.415054053068161,1
76,hand_r,0.41440004110336304,0.41440004110336304,0.41440004110336304,1
39,LCalfTwist_03,0.41411036252975464,0.41411036252975464,0.41411036252975464,1
66,hand_r,0.4137116074562073,0.4137116074562073,0.4137116074562073,1
29,RUpArmTwist_l_01,0.41343486309051514,0.41343486309051514,0.41343486309051514,1
61,thumb_01_r,0.4130017161369324,0.4130017161369324,0.4130017161369324,1
9,calf_l,0.4126896560192108,0.4126896560192108,0.4126896560192108,1
21,foot_r,0.41241830587387085,0.41241830587387085,0.41241830587387085,1
61,foot_r,0.41212013363838196,0.41212013363838196,0.41212013363838196,1
69,RUpArmTwist_l_01,0.41169533133506775,0.41169533133506775,0.41169533133506775,1
29,thumb_01_r,0.4116131663322449,0.4116131663322449,0.4116131663322449,1
31,ring_01_r,0.41133829951286316,0.41133829951286316,0.41133829951286316,1
51,foot_r,0.411057710647583,0.411057710647583,0.411057710647583,1
39,thigh_r,0.4109753966331482,0.4109753966331482,0.4109753966331482,1
79,neck_01,0.4103848338127136,0.4103848338127136,0.4103848338127136,1
50,hand_r,0.4097249507904053,0.4097249507904053,0.4097249507904053,1
69,thumb_01_r,0.4096135199069977,0.4096135199069977,0.4096135199069977,1
59,hand_l,0.40890493988990784,0.40890493988990784,0.40890493988990784,1
24,RUpArmTwist_l_02,0.40887942910194397,0.40887942910194397,0.40887942910194397,1
7,upperarm_l,0.4088602364063263,0.4088602364063263,0.4088602364063263,1
80,clavicle_l,0.4087357223033905,0.4087357223033905,0.4087357223033905,1
36,hand_r,0.4081585109233856,0.4081585109233856,0.4081585109233856,1
38,thumb_01_r,0.4075806438922882,0.4075806438922882,0.4075806438922882,1
39,clavicle_l,0.407576322555542,0.407576322555542,0.407576322555542,1
23,ring_01_r,0.40742766857147217,0.40742766857147217,0.40742766857147217,1
24,foot_r,0.40711814165115356,0.40711814165115356,0.40711814165115356,1
60,foot_l,0.40633219480514526,0.40633219480514526,0.40633219480514526,1
72,hand_r,0.4060245454311371,0.4060245454311371,0.4060245454311371,1
61,ring_01_r,0.40568649768829346,0.40568649768829346,0.40568649768829346,1
41,RUpArmTwist_r_02,0.4053998291492462,0.4053998291492462,0.4053998291492462,1
64,ring_01_l,0.405391663312912,0.405391663312912,0.405391663312912,1
57,upperarm_l,0.4051167368888855,0.4051167368888855,0.4051167368888855,1
21,thumb_01_r,0.4051011800765991,0.4051011800765991,0.4051011800765991,1
23,neck_01,0.4048932194709778,0.4048932194709778,0.4048932194709778,1
1,thigh_r,0.40480127930641174,0.40480127930641174,0.40480127930641174,1
67,neck_01,0.4044683873653412,0.4044683873653412,0.4044683873653412,1
65,calf_r,0.40430697798728943,0.40430697798728943,0.40430697798728943,1
25,thumb_01_r,0.4041079580783844,0.4041079580783844,0.4041079580783844,1
45,thumb_01_r,0.40402185916900635,0.40402185916900635,0.40402185916900635,1
34,lowerarm_l,0.4038637578487396,0.4038637578487396,0.4038637578487396,1
77,hand_r,0.4038090407848358,0.4038090407848358,0.4038090407848358,1
29,ring_01_r,0.40373533964157104,0.40373533964157104,0.40373533964157104,1
4,ring_01_r,0.4034464359283447,0.4034464359283447,0.4034464359283447,1
34,ring_01_r,0.40333300828933716,0.40333300828933716,0.40333300828933716,1
84,thumb_01_r,0.40329766273498535,0.40329766273498535,0.40329766273498535,1
18,thumb_01_r,0.4029703438282013,0.4029703438282013,0.4029703438282013,1
4,neck_01,0.4022888243198395,0.4022888243198395,0.4022888243198395,1
66,lowerarm_l,0.4020029604434967,0.4020029604434967,0.4020029604434967,1
42,thigh_r,0.40188562870025635,0.40188562870025635,0.40188562870025635,1
67,ball_l,0.40178048610687256,0.40178048610687256,0.40178048610687256,1
17,ring_01_r,0.40098652243614197,0.40098652243614197,0.40098652243614197,1
63,upperarm_r,0.40091389417648315,0.40091389417648315,0.40091389417648315,1
43,thigh_r,0.4008674621582031,0.4008674621582031,0.4008674621582031,1
45,neck_01,0.4008573591709137,0.4008573591709137,0.4008573591709137,1
27,thumb_01_r,0.40083760023117065,0.40083760023117065,0.40083760023117065,1
58,upperarm_r,0.4008108079433441,0.4008108079433441,0.4008108079433441,1
67,ring_01_r,0.4007623493671417,0.4007623493671417,0.4007623493671417,1
18,hand_l,0.4007590711116791,0.4007590711116791,0.4007590711116791,1
66,thigh_l,0.4005250930786133,0.4005250930786133,0.4005250930786133,1
68,neck_01,0.39980006217956543,0.39980006217956543,0.39980006217956543,1
39,ring_01_r,0.3994779586791992,0.3994779586791992,0.3994779586791992,1
66,ring_01_l,0.39944255352020264,0.39944255352020264,0.39944255352020264,1
18,lowerarm_l,0.39913374185562134,0.39913374185562134,0.39913374185562134,1
58,ring_01_r,0.3987763822078705,0.3987763822078705,0.3987763822078705,1
53,thumb_01_r,0.3987576365470886,0.3987576365470886,0.3987576365470886,1
61,lowerarm_l,0.39822855591773987,0.39822855591773987,0.39822855591773987,1
60,ring_01_r,0.39811259508132935,0.39811259508132935,0.39811259508132935,1
7,ring_01_r,0.3978631794452667,0.3978631794452667,0.3978631794452667,1
29,LCalfTwist_03,0.397481769323349,0.397481769323349,0.397481769323349,1
26,ring_01_r,0.39731961488723755,0.39731961488723755,0.39731961488723755,1
7,lowerarm_l,0.3970116674900055,0.3970116674900055,0.3970116674900055,1
37,hand_l,0.39680176973342896,0.39680176973342896,0.39680176973342896,1
69,foot_r,0.3967350721359253,0.3967350721359253,0.3967350721359253,1
32,neck_01,0.39570242166519165,0.39570242166519165,0.39570242166519165,1
52,neck_01,0.3955715298652649,0.3955715298652649,0.3955715298652649,1
31,LCalfTwist_02,0.39534109830856323,0.39534109830856323,0.39534109830856323,1
28,ball_l,0.39529386162757874,0.39529386162757874,0.39529386162757874,1
36,head,0.39511755108833313,0.39511755108833313,0.39511755108833313,1
4,RUpArmTwist_l_01,0.3950399160385132,0.3950399160385132,0.3950399160385132,1
70,thumb_01_r,0.39483025670051575,0.39483025670051575,0.39483025670051575,1
28,hand_l,0.3945842385292053,0.3945842385292053,0.3945842385292053,1
45,foot_r,0.39435669779777527,0.39435669779777527,0.39435669779777527,1
0,ball_r,0.39404284954071045,0.39404284954071045,0.39404284954071045,1
21,foot_l,0.39392849802970886,0.39392849802970886,0.39392849802970886,1
82,thumb_01_r,0.3936990797519684,0.3936990797519684,0.3936990797519684,1
81,ring_01_r,0.3936680853366852,0.3936680853366852,0.3936680853366852,1
60,hand_r,0.39291951060295105,0.39291951060295105,0.39291951060295105,1
72,hand_l,0.3925535976886749,0.3925535976886749,0.3925535976886749,1
43,ring_01_r,0.3923534154891968,0.3923534154891968,0.3923534154891968,1
5,ring_01_r,0.39206820726394653,0.39206820726394653,0.39206820726394653,1
18,ring_01_r,0.3919641375541687,0.3919641375541687,0.3919641375541687,1
3,foot_l,0.3919386863708496,0.3919386863708496,0.3919386863708496,1
46,hand_l,0.39174148440361023,0.39174148440361023,0.39174148440361023,1
32,thigh_r,0.39170485734939575,0.39170485734939575,0.39170485734939575,1
35,ring_01_r,0.3913780748844147,0.3913780748844147,0.3913780748844147,1
85,thumb_01_r,0.3912063539028168,0.3912063539028168,0.3912063539028168,1
31,ring_01_l,0.3910117745399475,0.3910117745399475,0.3910117745399475,1
7,thumb_01_r,0.3906446695327759,0.3906446695327759,0.3906446695327759,1
80,thigh_r,0.3904869854450226,0.3904869854450226,0.3904869854450226,1
62,thumb_01_r,0.390082448720932,0.390082448720932,0.390082448720932,1
36,ring_01_r,0.3897864818572998,0.3897864818572998,0.3897864818572998,1
79,ring_01_r,0.38977038860321045,0.38977038860321045,0.38977038860321045,1
79,thigh_l,0.3895423710346222,0.3895423710346222,0.3895423710346222,1
41,thumb_01_r,0.38921576738357544,0.38921576738357544,0.38921576738357544,1
40,ball_r,0.38911986351013184,0.38911986351013184,0.38911986351013184,1
52,ring_01_r,0.3888769745826721,0.3888769745826721,0.3888769745826721,1
35,LCalfTwist_01,0.3888172507286072,0.3888172507286072,0.3888172507286072,1
10,thumb_01_r,0.3887885808944702,0.3887885808944702,0.3887885808944702,1
19,thumb_01_r,0.3887418508529663,0.3887418508529663,0.3887418508529663,1
55,thigh_l,0.3885166347026825,0.3885166347026825,0.3885166347026825,1
24,ring_01_r,0.3883950114250183,0.3883950114250183,0.3883950114250183,1
11,thumb_01_r,0.38806599378585815,0.38806599378585815,0.38806599378585815,1
22,upperarm_r,0.38804319500923157,0.38804319500923157,0.38804319500923157,1
15,LCalfTwist_02,0.3876706659793854,0.3876706659793854,0.3876706659793854,1
32,ring_01_r,0.3876177966594696,0.3876177966594696,0.3876177966594696,1
82,ring_01_r,0.38753795623779297,0.38753795623779297,0.38753795623779297,1
75,foot_l,0.3874775171279907,0.3874775171279907,0.3874775171279907,1
76,neck_01,0.38729748129844666,0.38729748129844666,0.38729748129844666,1
71,thumb_01_r,0.38703763484954834,0.38703763484954834,0.38703763484954834,1
23,thumb_01_r,0.38682180643081665,0.38682180643081665,0.38682180643081665,1
13,LCalfTwist_01,0.3863678276538849,0.3863678276538849,0.3863678276538849,1
11,RUpArmTwist_r_01,0.3863184452056885,0.3863184452056885,0.3863184452056885,1
80,ring_01_l,0.386154443025589,0.386154443025589,0.386154443025589,1
27,ring_01_r,0.3860936462879181,0.3860936462879181,0.3860936462879181,1
13,foot_r,0.3855762779712677,0.3855762779712677,0.3855762779712677,1
28,thigh_r,0.38536688685417175,0.38536688685417175,0.38536688685417175,1
77,thigh_l,0.38536185026168823,0.38536185026168823,0.38536185026168823,1
50,RUpArmTwist_r_01,0.3852503299713135,0.3852503299713135,0.3852503299713135,1
25,ring_01_r,0.38520869612693787,0.38520869612693787,0.38520869612693787,1
35,thumb_01_r,0.38519731163978577,0.38519731163978577,0.38519731163978577,1
36,LCalfTwist_01,0.385160356760025,0.385160356760025,0.385160356760025,1
65,ball_r,0.3850868344306946,0.3850868344306946,0.3850868344306946,1
77,ring_01_r,0.38485056161880493,0.38485056161880493,0.38485056161880493,1
63,thumb_01_r,0.3847593665122986,0.3847593665122986,0.3847593665122986,1
26,thumb_01_r,0.3843599855899811,0.3843599855899811,0.3843599855899811,1
34,upperarm_l,0.38405993580818176,0.38405993580818176,0.38405993580818176,1
33,hand_l,0.3840331733226776,0.3840331733226776,0.3840331733226776,1
25,clavicle_l,0.3839862644672394,0.3839862644672394,0.3839862644672394,1
74,calf_l,0.38388437032699585,0.38388437032699585,0.38388437032699585,1
61,spine_01,0.3836997151374817,0.3836997151374817,0.3836997151374817,1
0,thumb_01_r,0.383622944355011,0.383622944355011,0.383622944355011,1
35,lowerarm_l,0.38353103399276733,0.38353103399276733,0.38353103399276733,1
57,ring_01_r,0.3831368088722229,0.3831368088722229,0.3831368088722229,1
15,hand_l,0.38309913873672485,0.38309913873672485,0.38309913873672485,1
22,thumb_01_r,0.38294005393981934,0.38294005393981934,0.38294005393981934,1
44,thigh_l,0.3821119964122772,0.3821119964122772,0.3821119964122772,1
19,ring_01_r,0.3820543587207794,0.3820543587207794,0.3820543587207794,1
33,RUpArmTwist_l_01,0.38203707337379456,0.38203707337379456,0.38203707337379456,1
3,hand_r,0.38199731707572937,0.38199731707572937,0.38199731707572937,1
81,thumb_01_r,0.3811356723308563,0.3811356723308563,0.3811356723308563,1
20,thumb_01_r,0.3809145987033844,0.3809145987033844,0.3809145987033844,1
20,ring_01_r,0.3809107840061188,0.3809107840061188,0.3809107840061188,1
79,lowerarm_l,0.380869060754776,0.380869060754776,0.380869060754776,1
54,thumb_01_r,0.38066357374191284,0.38066357374191284,0.38066357374191284,1
34,neck_01,0.3805557191371918,0.3805557191371918,0.3805557191371918,1
38,ring_01_r,0.3805480897426605,0.3805480897426605,0.3805480897426605,1
6,calf_l,0.38027435541152954,0.38027435541152954,0.38027435541152954,1
18,LCalfTwist_01,0.3801857829093933,0.3801857829093933,0.3801857829093933,1
83,thumb_01_r,0.3801330327987671,0.3801330327987671,0.3801330327987671,1
68,ring_01_r,0.37993112206459045,0.37993112206459045,0.37993112206459045,1
31,LCalfTwist_03,0.37982040643692017,0.37982040643692017,0.37982040643692017,1
69,upperarm_r,0.3795052170753479,0.3795052170753479,0.3795052170753479,1
82,RUpArmTwist_r_01,0.37932607531547546,0.37932607531547546,0.37932607531547546,1
78,thumb_01_r,0.37896087765693665,0.37896087765693665,0.37896087765693665,1
55,hand_r,0.37887462973594666,0.37887462973594666,0.37887462973594666,1
29,RUpArmTwist_l_02,0.37883296608924866,0.37883296608924866,0.37883296608924866,1
65,foot_l,0.3787614703178406,0.3787614703178406,0.3787614703178406,1
77,neck_01,0.37844225764274597,0.37844225764274597,0.37844225764274597,1
79,thumb_01_r,0.37831565737724304,0.37831565737724304,0.37831565737724304,1
6,lowerarm_l,0.37732234597206116,0.37732234597206116,0.37732234597206116,1
5,index_01_r,0.37731173634529114,0.37731173634529114,0.37731173634529114,1
1,thumb_01_r,0.37720823287963867,0.37720823287963867,0.37720823287963867,1
32,hand_r,0.37683960795402527,0.37683960795402527,0.37683960795402527,1
14,ring_01_r,0.3768313527107239,0.3768313527107239,0.3768313527107239,1
61,ring_01_l,0.37657734751701355,0.37657734751701355,0.37657734751701355,1
36,ring_01_l,0.3764817416667938,0.3764817416667938,0.3764817416667938,1
84,neck_01,0.37617823481559753,0.37617823481559753,0.37617823481559753,1
36,thumb_01_r,0.37612488865852356,0.37612488865852356,0.37612488865852356,1
32,ring_01_l,0.3760780394077301,0.3760780394077301,0.3760780394077301,1
3,ring_01_r,0.3760331869125366,0.3760331869125366,0.3760331869125366,1
37,RUpArmTwist_r_01,0.3760140538215637,0.3760140538215637,0.3760140538215637,1
47,neck_01,0.3758077621459961,0.3758077621459961,0.3758077621459961,1
46,hand_r,0.3757919669151306,0.3757919669151306,0.3757919669151306,1
60,ball_r,0.3757815957069397,0.3757815957069397,0.3757815957069397,1
38,ball_r,0.37574654817581177,0.37574654817581177,0.37574654817581177,1
82,LCalfTwist_02,0.3756594955921173,0.3756594955921173,0.3756594955921173,1
14,lowerarm_l,0.3755629360675812,0.3755629360675812,0.3755629360675812,1
12,ball_r,0.37553709745407104,0.37553709745407104,0.37553709745407104,1
52,hand_r,0.37509799003601074,0.37509799003601074,0.37509799003601074,1
18,foot_r,0.37508001923561096,0.37508001923561096,0.37508001923561096,1
21,calf_r,0.3748558461666107,0.3748558461666107,0.3748558461666107,1
8,neck_01,0.37293916940689087,0.37293916940689087,0.37293916940689087,1
13,ring_01_r,0.3725241720676422,0.3725241720676422,0.3725241720676422,1
68,lowerarm_l,0.3724963665008545,0.3724963665008545,0.3724963665008545,1
39,spine_01,0.37229275703430176,0.37229275703430176,0.37229275703430176,1
30,calf_l,0.37177467346191406,0.37177467346191406,0.37177467346191406,1
34,RUpArmTwist_l_01,0.3717041611671448,0.3717041611671448,0.3717041611671448,1
11,lowerarm_l,0.37167689204216003,0.37167689204216003,0.37167689204216003,1
49,foot_r,0.3715158998966217,0.3715158998966217,0.3715158998966217,1
8,ring_01_r,0.3713238537311554,0.3713238537311554,0.3713238537311554,1
34,ring_01_l,0.3712506592273712,0.3712506592273712,0.3712506592273712,1
27,foot_l,0.371107280254364,0.371107280254364,0.371107280254364,1
22,neck_01,0.37095898389816284,0.37095898389816284,0.37095898389816284,1
1,head,0.37093591690063477,0.37093591690063477,0.37093591690063477,1
37,thumb_01_r,0.37083661556243896,0.37083661556243896,0.37083661556243896,1
11,hand_l,0.3707144260406494,0.3707144260406494,0.3707144260406494,1
33,ring_01_l,0.37052690982818604,0.37052690982818604,0.37052690982818604,1
79,clavicle_l,0.37051519751548767,0.37051519751548767,0.37051519751548767,1
37,head,0.3703751266002655,0.3703751266002655,0.3703751266002655,1
7,RUpArmTwist_r_01,0.37000057101249695,0.37000057101249695,0.37000057101249695,1
83,ring_01_l,0.36995944380760193,0.36995944380760193,0.36995944380760193,1
82,neck_01,0.3698304295539856,0.3698304295539856,0.3698304295539856,1
23,ring_01_l,0.3697721064090729,0.3697721064090729,0.3697721064090729,1
4,thumb_01_r,0.3694969415664673,0.3694969415664673,0.3694969415664673,1
74,lowerarm_l,0.3694557249546051,0.3694557249546051,0.3694557249546051,1
56,ring_01_l,0.3692958652973175,0.3692958652973175,0.3692958652973175,1
25,ball_r,0.3691309094429016,0.3691309094429016,0.3691309094429016,1
59,lowerarm_l,0.3689446449279785,0.3689446449279785,0.3689446449279785,1
60,ring_01_l,0.3689412772655487,0.3689412772655487,0.3689412772655487,1
77,ring_01_l,0.3688943088054657,0.3688943088054657,0.3688943088054657,1
59,thumb_01_r,0.36867836117744446,0.36867836117744446,0.36867836117744446,1
46,thumb_01_r,0.3685205280780792,0.3685205280780792,0.3685205280780792,1
84,thigh_r,0.36849698424339294,0.36849698424339294,0.36849698424339294,1
1,clavicle_r,0.3684644401073456,0.3684644401073456,0.3684644401073456,1
25,upperarm_r,0.36841723322868347,0.36841723322868347,0.36841723322868347,1
56,ring_01_r,0.3680150806903839,0.3680150806903839,0.3680150806903839,1
78,ring_01_r,0.3679259717464447,0.3679259717464447,0.3679259717464447,1
29,hand_r,0.3673015832901001,0.3673015832901001,0.3673015832901001,1
21,ring_01_l,0.3672938346862793,0.3672938346862793,0.3672938346862793,1
53,lowerarm_l,0.3664867877960205,0.3664867877960205,0.3664867877960205,1
56,thumb_01_r,0.3661537766456604,0.3661537766456604,0.3661537766456604,1
83,hand_r,0.36603277921676636,0.36603277921676636,0.36603277921676636,1
14,calf_l,0.36591261625289917,0.36591261625289917,0.36591261625289917,1
11,spine_01,0.36583244800567627,0.36583244800567627,0.36583244800567627,1
34,calf_r,0.3650141954421997,0.3650141954421997,0.3650141954421997,1
52,thigh_r,0.36501267552375793,0.36501267552375793,0.36501267552375793,1
14,thigh_l,0.36488980054855347,0.36488980054855347,0.36488980054855347,1
3,ball_r,0.3648264706134796,0.3648264706134796,0.3648264706134796,1
8,hand_r,0.36475837230682373,0.36475837230682373,0.36475837230682373,1
83,ring_01_r,0.36463892459869385,0.36463892459869385,0.36463892459869385,1
72,thumb_01_r,0.3641063868999481,0.3641063868999481,0.3641063868999481,1
72,RUpArmTwist_l_01,0.363813191652298,0.363813191652298,0.363813191652298,1
75,thigh_r,0.36363717913627625,0.36363717913627625,0.36363717913627625,1
36,spine_01,0.36353257298469543,0.36353257298469543,0.36353257298469543,1
32,hand_l,0.3634123206138611,0.3634123206138611,0.3634123206138611,1
59,neck_01,0.3631620407104492,0.3631620407104492,0.3631620407104492,1
58,thumb_01_r,0.36305293440818787,0.36305293440818787,0.36305293440818787,1
77,clavicle_l,0.3628651201725006,0.3628651201725006,0.3628651201725006,1
37,LCalfTwist_01,0.36268892884254456,0.36268892884254456,0.36268892884254456,1
14,thumb_01_r,0.36254677176475525,0.36254677176475525,0.36254677176475525,1
17,thumb_01_r,0.3625394403934479,0.3625394403934479,0.3625394403934479,1
7,ring_01_l,0.3624905049800873,0.3624905049800873,0.3624905049800873,1
32,upperarm_l,0.36233407258987427,0.36233407258987427,0.36233407258987427,1
47,RUpArmTwist_r_01,0.3622758388519287,0.3622758388519287,0.3622758388519287,1
31,head,0.36220890283584595,0.36220890283584595,0.36220890283584595,1
35,ring_01_l,0.3618972897529602,0.3618972897529602,0.3618972897529602,1
47,ring_01_r,0.3617176115512848,0.3617176115512848,0.3617176115512848,1
15,thumb_01_r,0.3614189922809601,0.3614189922809601,0.3614189922809601,1
83,RUpArmTwist_r_01,0.3611937463283539,0.3611937463283539,0.3611937463283539,1
45,hand_l,0.3611745238304138,0.3611745238304138,0.3611745238304138,1
69,neck_01,0.36101019382476807,0.36101019382476807,0.36101019382476807,1
80,ball_r,0.3606216609477997,0.3606216609477997,0.3606216609477997,1
35,RUpArmTwist_l_01,0.36056360602378845,0.36056360602378845,0.36056360602378845,1
55,neck_01,0.36042314767837524,0.36042314767837524,0.36042314767837524,1
12,thumb_01_r,0.3601762652397156,0.3601762652397156,0.3601762652397156,1
74,thumb_01_r,0.360142320394516,0.360142320394516,0.360142320394516,1
76,thumb_01_r,0.36008092761039734,0.36008092761039734,0.36008092761039734,1
34,LCalfTwist_03,0.3600471019744873,0.3600471019744873,0.3600471019744873,1
81,LCalfTwist_02,0.360008180141449,0.360008180141449,0.360008180141449,1
80,thumb_01_r,0.3598751127719879,0.3598751127719879,0.3598751127719879,1
67,ring_01_l,0.35979121923446655,0.35979121923446655,0.35979121923446655,1
29,spine_01,0.35973799228668213,0.35973799228668213,0.35973799228668213,1
77,thumb_01_r,0.3593296706676483,0.3593296706676483,0.3593296706676483,1
33,upperarm_l,0.35918402671813965,0.35918402671813965,0.35918402671813965,1
46,neck_01,0.3591765761375427,0.3591765761375427,0.3591765761375427,1
21,ball_r,0.3591506779193878,0.3591506779193878,0.3591506779193878,1
52,ring_01_l,0.35909491777420044,0.35909491777420044,0.35909491777420044,1
81,ring_01_l,0.35893014073371887,0.35893014073371887,0.35893014073371887,1
79,ball_r,0.35806241631507874,0.35806241631507874,0.35806241631507874,1
37,calf_r,0.3576173782348633,0.3576173782348633,0.3576173782348633,1
24,thigh_l,0.3575267493724823,0.3575267493724823,0.3575267493724823,1
11,foot_r,0.3574013411998749,0.3574013411998749,0.3574013411998749,1
69,clavicle_l,0.35737839341163635,0.35737839341163635,0.35737839341163635,1
48,neck_01,0.35720178484916687,0.35720178484916687,0.35720178484916687,1
3,index_01_r,0.35715845227241516,0.35715845227241516,0.35715845227241516,1
6,thumb_01_r,0.356652170419693,0.356652170419693,0.356652170419693,1
33,thumb_01_r,0.3566499352455139,0.3566499352455139,0.3566499352455139,1
52,upperarm_l,0.3565967381000519,0.3565967381000519,0.3565967381000519,1
58,calf_l,0.3565290570259094,0.3565290570259094,0.3565290570259094,1
24,neck_01,0.35618147253990173,0.35618147253990173,0.35618147253990173,1
41,clavicle_l,0.35596296191215515,0.35596296191215515,0.35596296191215515,1
59,foot_l,0.3558441400527954,0.3558441400527954,0.3558441400527954,1
79,ring_01_l,0.3557598888874054,0.3557598888874054,0.3557598888874054,1
65,hand_r,0.35573941469192505,0.35573941469192505,0.35573941469192505,1
54,RUpArmTwist_r_02,0.35573694109916687,0.35573694109916687,0.35573694109916687,1
55,thumb_01_r,0.35567206144332886,0.35567206144332886,0.35567206144332886,1
71,hand_r,0.3554801940917969,0.3554801940917969,0.3554801940917969,1
31,thumb_01_r,0.35545721650123596,0.35545721650123596,0.35545721650123596,1
5,LCalfTwist_02,0.3553982079029083,0.3553982079029083,0.3553982079029083,1
75,neck_01,0.35535919666290283,0.35535919666290283,0.35535919666290283,1
30,ball_l,0.35532987117767334,0.35532987117767334,0.35532987117767334,1
76,thigh_l,0.3551327586174011,0.3551327586174011,0.3551327586174011,1
85,LCalfTwist_01,0.35512906312942505,0.35512906312942505,0.35512906312942505,1
43,ball_r,0.35498106479644775,0.35498106479644775,0.35498106479644775,1
66,foot_r,0.35471564531326294,0.35471564531326294,0.35471564531326294,1
53,ring_01_r,0.35467395186424255,0.35467395186424255,0.35467395186424255,1
82,ring_01_l,0.3543168008327484,0.3543168008327484,0.3543168008327484,1
22,ring_01_l,0.3543078899383545,0.3543078899383545,0.3543078899383545,1
23,ball_l,0.35430386662483215,0.35430386662483215,0.35430386662483215,1
80,thigh_l,0.35392120480537415,0.35392120480537415,0.35392120480537415,1
76,RUpArmTwist_r_01,0.35375258326530457,0.35375258326530457,0.35375258326530457,1
54,ring_01_r,0.3535839319229126,0.3535839319229126,0.3535839319229126,1
7,calf_r,0.35348042845726013,0.35348042845726013,0.35348042845726013,1
20,ring_01_l,0.35342830419540405,0.35342830419540405,0.35342830419540405,1
61,RUpArmTwist_r_02,0.35330361127853394,0.35330361127853394,0.35330361127853394,1
75,thumb_01_r,0.3531832695007324,0.3531832695007324,0.3531832695007324,1
82,spine_01,0.35305196046829224,0.35305196046829224,0.35305196046829224,1
78,RUpArmTwist_r_01,0.35280802845954895,0.35280802845954895,0.35280802845954895,1
40,clavicle_l,0.3524314761161804,0.3524314761161804,0.3524314761161804,1
23,RUpArmTwist_l_02,0.3523101210594177,0.3523101210594177,0.3523101210594177,1
38,ring_01_l,0.3521784245967865,0.3521784245967865,0.3521784245967865,1
12,calf_l,0.35204368829727173,0.35204368829727173,0.35204368829727173,1
45,lowerarm_l,0.3520321846008301,0.3520321846008301,0.3520321846008301,1
75,ring_01_r,0.35195478796958923,0.35195478796958923,0.35195478796958923,1
19,ball_r,0.35191449522972107,0.35191449522972107,0.35191449522972107,1
15,spine_02,0.351603239774704,0.351603239774704,0.351603239774704,1
30,clavicle_l,0.3512372374534607,0.3512372374534607,0.3512372374534607,1
37,ring_01_l,0.35119929909706116,0.35119929909706116,0.35119929909706116,1
78,thigh_l,0.35117000341415405,0.35117000341415405,0.35117000341415405,1
7,hand_r,0.3505515456199646,0.3505515456199646,0.3505515456199646,1
74,hand_r,0.35050031542778015,0.35050031542778015,0.35050031542778015,1
46,ring_01_l,0.3498101830482483,0.3498101830482483,0.3498101830482483,1
34,RUpArmTwist_r_01,0.34927570819854736,0.34927570819854736,0.34927570819854736,1
55,RCalfTwist_03,0.34897875785827637,0.34897875785827637,0.34897875785827637,1
16,hand_l,0.34885090589523315,0.34885090589523315,0.34885090589523315,1
34,thumb_01_r,0.3488343358039856,0.3488343358039856,0.3488343358039856,1
52,calf_r,0.3488101363182068,0.3488101363182068,0.3488101363182068,1
85,ring_01_l,0.348792165517807,0.348792165517807,0.348792165517807,1
63,lowerarm_r,0.34866583347320557,0.34866583347320557,0.34866583347320557,1
30,ring_01_l,0.3482935428619385,0.3482935428619385,0.3482935428619385,1
24,ring_01_l,0.3481883108615875,0.3481883108615875,0.3481883108615875,1
53,hand_l,0.34811916947364807,0.34811916947364807,0.34811916947364807,1
9,ring_01_r,0.34809452295303345,0.34809452295303345,0.34809452295303345,1
25,hand_l,0.34793537855148315,0.34793537855148315,0.34793537855148315,1
49,neck_01,0.347829669713974,0.347829669713974,0.347829669713974,1
55,ring_01_r,0.34777751564979553,0.34777751564979553,0.34777751564979553,1
40,thigh_r,0.3473280072212219,0.3473280072212219,0.3473280072212219,1
76,ring_01_l,0.34724122285842896,0.34724122285842896,0.34724122285842896,1
34,pinky_01_l,0.3467003405094147,0.3467003405094147,0.3467003405094147,1
12,foot_r,0.346585214138031,0.346585214138031,0.346585214138031,1
78,ring_01_l,0.3465711176395416,0.3465711176395416,0.3465711176395416,1
31,upperarm_r,0.346266508102417,0.346266508102417,0.346266508102417,1
2,thigh_r,0.3461712896823883,0.3461712896823883,0.3461712896823883,1
73,ring_01_r,0.34612730145454407,0.34612730145454407,0.34612730145454407,1
43,upperarm_l,0.3458794355392456,0.3458794355392456,0.3458794355392456,1
9,lowerarm_l,0.3458646833896637,0.3458646833896637,0.3458646833896637,1
6,ring_01_l,0.3455207645893097,0.3455207645893097,0.3455207645893097,1
47,calf_r,0.34540924429893494,0.34540924429893494,0.34540924429893494,1
76,ring_01_r,0.3453911244869232,0.3453911244869232,0.3453911244869232,1
16,thumb_01_r,0.3452304005622864,0.3452304005622864,0.3452304005622864,1
83,neck_01,0.3439144194126129,0.3439144194126129,0.3439144194126129,1
63,calf_r,0.3433368504047394,0.3433368504047394,0.3433368504047394,1
10,LCalfTwist_01,0.34323665499687195,0.34323665499687195,0.34323665499687195,1
53,ball_l,0.3428870737552643,0.3428870737552643,0.3428870737552643,1
35,neck_01,0.3428342342376709,0.3428342342376709,0.3428342342376709,1
53,RUpArmTwist_r_01,0.3427680730819702,0.3427680730819702,0.3427680730819702,1
17,neck_01,0.34275731444358826,0.34275731444358826,0.34275731444358826,1
42,thumb_01_r,0.34243452548980713,0.34243452548980713,0.34243452548980713,1
53,lowerarm_r,0.3423324227333069,0.3423324227333069,0.3423324227333069,1
75,ring_01_l,0.3423134684562683,0.3423134684562683,0.3423134684562683,1
10,neck_01,0.34209129214286804,0.34209129214286804,0.34209129214286804,1
7,calf_l,0.34195876121520996,0.34195876121520996,0.34195876121520996,1
47,pinky_01_l,0.341851145029068,0.341851145029068,0.341851145029068,1
19,thigh_r,0.34143343567848206,0.34143343567848206,0.34143343567848206,1
26,foot_r,0.3412992060184479,0.3412992060184479,0.3412992060184479,1
27,clavicle_l,0.3410152196884155,0.3410152196884155,0.3410152196884155,1
33,pinky_01_l,0.3409903943538666,0.3409903943538666,0.3409903943538666,1
57,thumb_01_r,0.34088000655174255,0.34088000655174255,0.34088000655174255,1
20,lowerarm_l,0.3407130837440491,0.3407130837440491,0.3407130837440491,1
21,calf_l,0.3406289517879486,0.3406289517879486,0.3406289517879486,1
70,neck_01,0.34061500430107117,0.34061500430107117,0.34061500430107117,1
57,RUpArmTwist_l_01,0.34060999751091003,0.34060999751091003,0.34060999751091003,1
14,clavicle_l,0.3400387167930603,0.3400387167930603,0.3400387167930603,1
36,thigh_r,0.3399120271205902,0.3399120271205902,0.3399120271205902,1
33,neck_01,0.33985644578933716,0.33985644578933716,0.33985644578933716,1
67,upperarm_l,0.339792937040329,0.339792937040329,0.339792937040329,1
49,hand_r,0.33974355459213257,0.33974355459213257,0.33974355459213257,1
82,foot_r,0.3394717276096344,0.3394717276096344,0.3394717276096344,1
62,upperarm_l,0.3394675850868225,0.3394675850868225,0.3394675850868225,1
15,foot_r,0.3394433856010437,0.3394433856010437,0.3394433856010437,1
32,thumb_01_r,0.33929428458213806,0.33929428458213806,0.33929428458213806,1
37,neck_01,0.3392539322376251,0.3392539322376251,0.3392539322376251,1
19,ring_01_l,0.3392386734485626,0.3392386734485626,0.3392386734485626,1
31,thigh_r,0.33871331810951233,0.33871331810951233,0.33871331810951233,1
68,ring_01_l,0.3386625349521637,0.3386625349521637,0.3386625349521637,1
65,lowerarm_r,0.3381965458393097,0.3381965458393097,0.3381965458393097,1
73,thumb_01_r,0.338149756193161,0.338149756193161,0.338149756193161,1
68,foot_l,0.3380283713340759,0.3380283713340759,0.3380283713340759,1
3,clavicle_l,0.3379369378089905,0.3379369378089905,0.3379369378089905,1
55,lowerarm_l,0.33792349696159363,0.33792349696159363,0.33792349696159363,1
35,pinky_01_l,0.3378436863422394,0.3378436863422394,0.3378436863422394,1
40,RCalfTwist_03,0.33690741658210754,0.33690741658210754,0.33690741658210754,1
13,pinky_01_l,0.33684253692626953,0.33684253692626953,0.33684253692626953,1
55,spine_01,0.336629718542099,0.336629718542099,0.336629718542099,1
58,RUpArmTwist_r_01,0.3365727961063385,0.3365727961063385,0.3365727961063385,1
8,ring_01_l,0.3365224599838257,0.3365224599838257,0.3365224599838257,1
43,pinky_01_l,0.336246520280838,0.336246520280838,0.336246520280838,1
68,foot_r,0.33594033122062683,0.33594033122062683,0.33594033122062683,1
84,upperarm_r,0.33535653352737427,0.33535653352737427,0.33535653352737427,1
67,foot_r,0.3352609872817993,0.3352609872817993,0.3352609872817993,1
84,index_01_r,0.335237979888916,0.335237979888916,0.335237979888916,1
30,thumb_01_r,0.33520615100860596,0.33520615100860596,0.33520615100860596,1
24,pinky_01_l,0.33503657579421997,0.33503657579421997,0.33503657579421997,1
14,foot_r,0.33480656147003174,0.33480656147003174,0.33480656147003174,1
7,thigh_r,0.33441781997680664,0.33441781997680664,0.33441781997680664,1
48,pinky_01_l,0.33424100279808044,0.33424100279808044,0.33424100279808044,1
3,upperarm_l,0.334154337644577,0.334154337644577,0.334154337644577,1
61,thigh_r,0.3340016305446625,0.3340016305446625,0.3340016305446625,1
0,spine_01,0.3338717520236969,0.3338717520236969,0.3338717520236969,1
49,foot_l,0.3338577449321747,0.3338577449321747,0.3338577449321747,1
17,RUpArmTwist_l_01,0.33381110429763794,0.33381110429763794,0.33381110429763794,1
67,calf_r,0.33365416526794434,0.33365416526794434,0.33365416526794434,1
70,ring_01_r,0.33337777853012085,0.33337777853012085,0.33337777853012085,1
73,upperarm_l,0.333138644695282,0.333138644695282,0.333138644695282,1
49,lowerarm_l,0.3330117464065552,0.3330117464065552,0.3330117464065552,1
51,ring_01_l,0.33276286721229553,0.33276286721229553,0.33276286721229553,1
57,ring_01_l,0.3326495289802551,0.3326495289802551,0.3326495289802551,1
5,hand_r,0.332405686378479,0.332405686378479,0.332405686378479,1
11,RUpArmTwist_l_01,0.3321216106414795,0.3321216106414795,0.3321216106414795,1
69,ring_01_r,0.3319586515426636,0.3319586515426636,0.3319586515426636,1
38,foot_r,0.331918329000473,0.331918329000473,0.331918329000473,1
19,RUpArmTwist_l_02,0.3318053185939789,0.3318053185939789,0.3318053185939789,1
35,spine_01,0.3316366672515869,0.3316366672515869,0.3316366672515869,1
70,clavicle_l,0.33159905672073364,0.33159905672073364,0.33159905672073364,1
17,lowerarm_l,0.3313393294811249,0.3313393294811249,0.3313393294811249,1
3,ring_01_l,0.3311258554458618,0.3311258554458618,0.3311258554458618,1
47,lowerarm_l,0.33096691966056824,0.33096691966056824,0.33096691966056824,1
81,upperarm_r,0.33048272132873535,0.33048272132873535,0.33048272132873535,1
51,head,0.3303305506706238,0.3303305506706238,0.3303305506706238,1
81,calf_l,0.3302914500236511,0.3302914500236511,0.3302914500236511,1
1,neck_01,0.3299463987350464,0.3299463987350464,0.3299463987350464,1
42,ball_l,0.32981517910957336,0.32981517910957336,0.32981517910957336,1
31,lowerarm_l,0.3296554684638977,0.3296554684638977,0.3296554684638977,1
46,calf_r,0.3293813169002533,0.3293813169002533,0.3293813169002533,1
60,index_01_r,0.3290998637676239,0.3290998637676239,0.3290998637676239,1
23,pinky_01_l,0.32900723814964294,0.32900723814964294,0.32900723814964294,1
29,ball_r,0.3288189768791199,0.3288189768791199,0.3288189768791199,1
1,pinky_01_l,0.32863369584083557,0.32863369584083557,0.32863369584083557,1
3,middle_01_r,0.3286212682723999,0.3286212682723999,0.3286212682723999,1
49,spine_01,0.32840585708618164,0.32840585708618164,0.32840585708618164,1
84,RUpArmTwist_r_02,0.32783523201942444,0.32783523201942444,0.32783523201942444,1
38,ball_l,0.32762446999549866,0.32762446999549866,0.32762446999549866,1
7,neck_01,0.3274475932121277,0.3274475932121277,0.3274475932121277,1
17,RUpArmTwist_r_01,0.32739099860191345,0.32739099860191345,0.32739099860191345,1
12,ring_01_l,0.3273199796676636,0.3273199796676636,0.3273199796676636,1
26,ball_r,0.32718130946159363,0.32718130946159363,0.32718130946159363,1
81,neck_01,0.3267305791378021,0.3267305791378021,0.3267305791378021,1
44,neck_01,0.3260050415992737,0.3260050415992737,0.3260050415992737,1
2,pinky_01_l,0.3258807361125946,0.3258807361125946,0.3258807361125946,1
29,calf_l,0.3257451057434082,0.3257451057434082,0.3257451057434082,1
60,clavicle_l,0.32556867599487305,0.32556867599487305,0.32556867599487305,1
21,pinky_01_l,0.32554271817207336,0.32554271817207336,0.32554271817207336,1
84,ring_01_r,0.3254927694797516,0.3254927694797516,0.3254927694797516,1
84,spine_01,0.3253314793109894,0.3253314793109894,0.3253314793109894,1
64,calf_l,0.324601948261261,0.324601948261261,0.324601948261261,1
82,LCalfTwist_03,0.3244795501232147,0.3244795501232147,0.3244795501232147,1
48,RCalfTwist_03,0.3240828216075897,0.3240828216075897,0.3240828216075897,1
36,lowerarm_l,0.3239589333534241,0.3239589333534241,0.3239589333534241,1
44,calf_r,0.3238391876220703,0.3238391876220703,0.3238391876220703,1
13,head,0.3236510455608368,0.3236510455608368,0.3236510455608368,1
7,upperarm_r,0.3236226439476013,0.3236226439476013,0.3236226439476013,1
71,ring_01_r,0.32361987233161926,0.32361987233161926,0.32361987233161926,1
73,ring_01_l,0.3234741687774658,0.3234741687774658,0.3234741687774658,1
42,pinky_01_l,0.32342439889907837,0.32342439889907837,0.32342439889907837,1
26,RUpArmTwist_r_02,0.3231898844242096,0.3231898844242096,0.3231898844242096,1
8,calf_r,0.32300126552581787,0.32300126552581787,0.32300126552581787,1
43,neck_01,0.32280415296554565,0.32280415296554565,0.32280415296554565,1
14,upperarm_l,0.32276424765586853,0.32276424765586853,0.32276424765586853,1
25,foot_r,0.3227289319038391,0.3227289319038391,0.3227289319038391,1
30,LCalfTwist_02,0.32258811593055725,0.32258811593055725,0.32258811593055725,1
53,hand_r,0.32255977392196655,0.32255977392196655,0.32255977392196655,1
0,lowerarm_r,0.3223938047885895,0.3223938047885895,0.3223938047885895,1
7,head,0.32197174429893494,0.32197174429893494,0.32197174429893494,1
20,pinky_01_l,0.3217352032661438,0.3217352032661438,0.3217352032661438,1
2,head,0.32161250710487366,0.32161250710487366,0.32161250710487366,1
41,pinky_01_l,0.32149529457092285,0.32149529457092285,0.32149529457092285,1
57,hand_l,0.32065728306770325,0.32065728306770325,0.32065728306770325,1
78,clavicle_l,0.3205738663673401,0.3205738663673401,0.3205738663673401,1
10,ball_r,0.319888174533844,0.319888174533844,0.319888174533844,1
23,hand_l,0.31988662481307983,0.31988662481307983,0.31988662481307983,1
0,spine_02,0.31960758566856384,0.31960758566856384,0.31960758566856384,1
44,foot_r,0.31955137848854065,0.31955137848854065,0.31955137848854065,1
11,ball_r,0.3194991648197174,0.3194991648197174,0.3194991648197174,1
40,hand_l,0.3194960653781891,0.3194960653781891,0.3194960653781891,1
85,spine_02,0.31931188702583313,0.31931188702583313,0.31931188702583313,1
16,ball_r,0.3189927935600281,0.3189927935600281,0.3189927935600281,1
10,upperarm_r,0.3188014030456543,0.3188014030456543,0.3188014030456543,1
2,ring_01_r,0.31866806745529175,0.31866806745529175,0.31866806745529175,1
45,ball_l,0.3184492886066437,0.3184492886066437,0.3184492886066437,1
16,thigh_l,0.3184184432029724,0.3184184432029724,0.3184184432029724,1
17,upperarm_r,0.3180975914001465,0.3180975914001465,0.3180975914001465,1
4,upperarm_l,0.3180760145187378,0.3180760145187378,0.3180760145187378,1
49,thigh_r,0.31799691915512085,0.31799691915512085,0.31799691915512085,1
1,hand_r,0.31799638271331787,0.31799638271331787,0.31799638271331787,1
12,clavicle_l,0.31788715720176697,0.31788715720176697,0.31788715720176697,1
18,ring_01_l,0.3178344666957855,0.3178344666957855,0.3178344666957855,1
4,hand_l,0.3176668584346771,0.3176668584346771,0.3176668584346771,1
60,lowerarm_l,0.3176579773426056,0.3176579773426056,0.3176579773426056,1
20,calf_l,0.3175189793109894,0.3175189793109894,0.3175189793109894,1
39,upperarm_l,0.3171374201774597,0.3171374201774597,0.3171374201774597,1
21,RUpArmTwist_r_01,0.317102313041687,0.317102313041687,0.317102313041687,1
82,ball_r,0.3170841932296753,0.3170841932296753,0.3170841932296753,1
14,index_01_r,0.31699272990226746,0.31699272990226746,0.31699272990226746,1
61,middle_01_l,0.31692588329315186,0.31692588329315186,0.31692588329315186,1
22,calf_r,0.31681957840919495,0.31681957840919495,0.31681957840919495,1
15,LCalfTwist_03,0.31671470403671265,0.31671470403671265,0.31671470403671265,1
23,index_01_r,0.316392719745636,0.316392719745636,0.316392719745636,1
73,foot_l,0.3163616955280304,0.3163616955280304,0.3163616955280304,1
64,RUpArmTwist_r_02,0.3163209557533264,0.3163209557533264,0.3163209557533264,1
85,hand_l,0.31630513072013855,0.31630513072013855,0.31630513072013855,1
30,pinky_01_l,0.3161226511001587,0.3161226511001587,0.3161226511001587,1
19,lowerarm_l,0.31609687209129333,0.31609687209129333,0.31609687209129333,1
74,neck_01,0.31605398654937744,0.31605398654937744,0.31605398654937744,1
59,clavicle_l,0.31603527069091797,0.31603527069091797,0.31603527069091797,1
84,ring_01_l,0.3158309757709503,0.3158309757709503,0.3158309757709503,1
68,LCalfTwist_02,0.3156759440898895,0.3156759440898895,0.3156759440898895,1
30,neck_01,0.3155607283115387,0.3155607283115387,0.3155607283115387,1
32,pinky_01_l,0.3155122697353363,0.3155122697353363,0.3155122697353363,1
50,RUpArmTwist_l_01,0.31522125005722046,0.31522125005722046,0.31522125005722046,1
22,spine_01,0.3151427209377289,0.3151427209377289,0.3151427209377289,1
8,lowerarm_l,0.31501469016075134,0.31501469016075134,0.31501469016075134,1
58,ring_01_l,0.3149983286857605,0.3149983286857605,0.3149983286857605,1
17,LCalfTwist_01,0.3149227499961853,0.3149227499961853,0.3149227499961853,1
47,ring_01_l,0.3148762881755829,0.3148762881755829,0.3148762881755829,1
56,neck_01,0.3145230710506439,0.3145230710506439,0.3145230710506439,1
6,index_01_r,0.3143537938594818,0.3143537938594818,0.3143537938594818,1
16,hand_r,0.3143264949321747,0.3143264949321747,0.3143264949321747,1
28,spine_01,0.31360459327697754,0.31360459327697754,0.31360459327697754,1
22,pinky_01_l,0.31351783871650696,0.31351783871650696,0.31351783871650696,1
83,hand_l,0.3134607970714569,0.3134607970714569,0.3134607970714569,1
83,calf_r,0.3130384087562561,0.3130384087562561,0.3130384087562561,1
35,LCalfTwist_03,0.3129773736000061,0.3129773736000061,0.3129773736000061,1
41,spine_01,0.3127705156803131,0.3127705156803131,0.3127705156803131,1
64,ball_r,0.3127163052558899,0.3127163052558899,0.3127163052558899,1
51,RUpArmTwist_l_01,0.3125689625740051,0.3125689625740051,0.3125689625740051,1
74,ring_01_r,0.31254786252975464,0.31254786252975464,0.31254786252975464,1
54,clavicle_l,0.3124261498451233,0.3124261498451233,0.3124261498451233,1
39,pinky_01_l,0.3120398223400116,0.3120398223400116,0.3120398223400116,1
80,RUpArmTwist_r_02,0.3120238482952118,0.3120238482952118,0.3120238482952118,1
13,lowerarm_r,0.3119646906852722,0.3119646906852722,0.3119646906852722,1
42,hand_r,0.31160664558410645,0.31160664558410645,0.31160664558410645,1
65,ball_l,0.3115789294242859,0.3115789294242859,0.3115789294242859,1
11,ring_01_r,0.31151527166366577,0.31151527166366577,0.31151527166366577,1
25,pinky_01_l,0.3113018870353699,0.3113018870353699,0.3113018870353699,1
46,RUpArmTwist_r_01,0.3108750879764557,0.3108750879764557,0.3108750879764557,1
51,calf_r,0.31084173917770386,0.31084173917770386,0.31084173917770386,1
75,thigh_l,0.3106502890586853,0.3106502890586853,0.3106502890586853,1
1,ring_01_r,0.3106149137020111,0.3106149137020111,0.3106149137020111,1
17,ring_01_l,0.3102470338344574,0.3102470338344574,0.3102470338344574,1
71,thumb_01_l,0.31000056862831116,0.31000056862831116,0.31000056862831116,1
75,lowerarm_l,0.30993062257766724,0.30993062257766724,0.30993062257766724,1
40,calf_r,0.30953601002693176,0.30953601002693176,0.30953601002693176,1
25,RUpArmTwist_l_02,0.30937597155570984,0.30937597155570984,0.30937597155570984,1
5,spine_01,0.3093131482601166,0.3093131482601166,0.3093131482601166,1
45,RUpArmTwist_r_01,0.30915895104408264,0.30915895104408264,0.30915895104408264,1
24,index_01_r,0.30905017256736755,0.30905017256736755,0.30905017256736755,1
66,calf_r,0.3090292811393738,0.3090292811393738,0.3090292811393738,1
13,RUpArmTwist_l_01,0.3089877963066101,0.3089877963066101,0.3089877963066101,1
56,middle_01_r,0.30898338556289673,0.30898338556289673,0.30898338556289673,1
14,spine_02,0.3087421655654907,0.3087421655654907,0.3087421655654907,1
15,index_01_r,0.3085971772670746,0.3085971772670746,0.3085971772670746,1
74,ring_01_l,0.3085779845714569,0.3085779845714569,0.3085779845714569,1
0,index_01_r,0.3085193932056427,0.3085193932056427,0.3085193932056427,1
71,clavicle_l,0.3082141578197479,0.3082141578197479,0.3082141578197479,1
65,index_01_r,0.3081780672073364,0.3081780672073364,0.3081780672073364,1
44,ring_01_r,0.308006227016449,0.308006227016449,0.308006227016449,1
33,thigh_r,0.3077562153339386,0.3077562153339386,0.3077562153339386,1
26,upperarm_l,0.3074425160884857,0.3074425160884857,0.3074425160884857,1
2,neck_01,0.3073825240135193,0.3073825240135193,0.3073825240135193,1
37,pinky_01_l,0.30729347467422485,0.30729347467422485,0.30729347467422485,1
4,pinky_01_l,0.30712926387786865,0.30712926387786865,0.30712926387786865,1
38,neck_01,0.30709707736968994,0.30709707736968994,0.30709707736968994,1
21,neck_01,0.30709245800971985,0.30709245800971985,0.30709245800971985,1
24,ball_r,0.3069688081741333,0.3069688081741333,0.3069688081741333,1
16,ring_01_l,0.3069671094417572,0.3069671094417572,0.3069671094417572,1
40,upperarm_l,0.3068331778049469,0.3068331778049469,0.3068331778049469,1
78,ball_r,0.30682164430618286,0.30682164430618286,0.30682164430618286,1
33,lowerarm_r,0.3067604601383209,0.3067604601383209,0.3067604601383209,1
9,pinky_01_l,0.3065073788166046,0.3065073788166046,0.3065073788166046,1
10,foot_r,0.3063301146030426,0.3063301146030426,0.3063301146030426,1
3,ball_l,0.30625617504119873,0.30625617504119873,0.30625617504119873,1
9,thigh_l,0.30605897307395935,0.30605897307395935,0.30605897307395935,1
5,ring_01_l,0.3059849143028259,0.3059849143028259,0.3059849143028259,1
59,ring_01_l,0.30586713552474976,0.30586713552474976,0.30586713552474976,1
41,hand_l,0.3057219982147217,0.3057219982147217,0.3057219982147217,1
38,calf_l,0.3056187927722931,0.3056187927722931,0.3056187927722931,1
39,neck_01,0.3055897057056427,0.3055897057056427,0.3055897057056427,1
12,index_01_r,0.30558034777641296,0.30558034777641296,0.30558034777641296,1
30,thigh_r,0.3055433928966522,0.3055433928966522,0.3055433928966522,1
4,ring_01_l,0.30541616678237915,0.30541616678237915,0.30541616678237915,1
68,calf_r,0.30538976192474365,0.30538976192474365,0.30538976192474365,1
9,LCalfTwist_01,0.30538561940193176,0.30538561940193176,0.30538561940193176,1
45,ring_01_r,0.30536022782325745,0.30536022782325745,0.30536022782325745,1
6,clavicle_l,0.30506378412246704,0.30506378412246704,0.30506378412246704,1
77,upperarm_l,0.30499324202537537,0.30499324202537537,0.30499324202537537,1
43,hand_l,0.3045344054698944,0.3045344054698944,0.3045344054698944,1
68,clavicle_l,0.3045218586921692,0.3045218586921692,0.3045218586921692,1
61,RUpArmTwist_l_01,0.3039867877960205,0.3039867877960205,0.3039867877960205,1
16,lowerarm_l,0.3039301931858063,0.3039301931858063,0.3039301931858063,1
76,lowerarm_l,0.3038908839225769,0.3038908839225769,0.3038908839225769,1
60,calf_l,0.3038325011730194,0.3038325011730194,0.3038325011730194,1
10,ball_l,0.3037809729576111,0.3037809729576111,0.3037809729576111,1
5,RCalfTwist_01,0.303629070520401,0.303629070520401,0.303629070520401,1
0,pinky_01_l,0.30333757400512695,0.30333757400512695,0.30333757400512695,1
18,neck_01,0.3031472861766815,0.3031472861766815,0.3031472861766815,1
16,index_01_r,0.30309122800827026,0.30309122800827026,0.30309122800827026,1
19,pinky_01_l,0.3030502498149872,0.3030502498149872,0.3030502498149872,1
15,ring_01_l,0.30304890871047974,0.30304890871047974,0.30304890871047974,1
64,RCalfTwist_03,0.30294349789619446,0.30294349789619446,0.30294349789619446,1
29,ring_01_l,0.30264657735824585,0.30264657735824585,0.30264657735824585,1
21,index_01_r,0.3024981617927551,0.3024981617927551,0.3024981617927551,1
76,hand_l,0.3023170232772827,0.3023170232772827,0.3023170232772827,1
29,LCalfTwist_02,0.30222710967063904,0.30222710967063904,0.30222710967063904,1
83,RUpArmTwist_l_01,0.30189186334609985,0.30189186334609985,0.30189186334609985,1
8,upperarm_r,0.3017403781414032,0.3017403781414032,0.3017403781414032,1
25,spine_02,0.3017282783985138,0.3017282783985138,0.3017282783985138,1
13,neck_01,0.3014232814311981,0.3014232814311981,0.3014232814311981,1
46,pinky_01_l,0.3013644814491272,0.3013644814491272,0.3013644814491272,1
85,index_01_r,0.3011931777000427,0.3011931777000427,0.3011931777000427,1
8,upperarm_l,0.30110663175582886,0.30110663175582886,0.30110663175582886,1
78,middle_01_l,0.3010850250720978,0.3010850250720978,0.3010850250720978,1
60,ball_l,0.30097058415412903,0.30097058415412903,0.30097058415412903,1
58,pinky_01_l,0.3009694814682007,0.3009694814682007,0.3009694814682007,1
67,LCalfTwist_02,0.3009185194969177,0.3009185194969177,0.3009185194969177,1
52,index_01_r,0.3004095256328583,0.3004095256328583,0.3004095256328583,1
60,calf_r,0.3001592457294464,0.3001592457294464,0.3001592457294464,1
14,pinky_01_l,0.30010727047920227,0.30010727047920227,0.30010727047920227,1
8,middle_01_l,0.3001008629798889,0.3001008629798889,0.3001008629798889,1
15,RUpArmTwist_l_01,0.3000602722167969,0.3000602722167969,0.3000602722167969,1
13,ball_r,0.29983052611351013,0.29983052611351013,0.29983052611351013,1
18,calf_r,0.2996971905231476,0.2996971905231476,0.2996971905231476,1
71,index_01_r,0.2996355891227722,0.2996355891227722,0.2996355891227722,1
60,thumb_01_l,0.29961296916007996,0.29961296916007996,0.29961296916007996,1
16,RUpArmTwist_r_01,0.299604207277298,0.299604207277298,0.299604207277298,1
70,LCalfTwist_02,0.299442857503891,0.299442857503891,0.299442857503891,1
22,head,0.299314945936203,0.299314945936203,0.299314945936203,1
60,LCalfTwist_02,0.29931336641311646,0.29931336641311646,0.29931336641311646,1
81,ball_r,0.2991369664669037,0.2991369664669037,0.2991369664669037,1
63,RCalfTwist_03,0.2990483343601227,0.2990483343601227,0.2990483343601227,1
85,ring_01_r,0.2990214228630066,0.2990214228630066,0.2990214228630066,1
74,pinky_01_l,0.2988274395465851,0.2988274395465851,0.2988274395465851,1
76,pinky_01_l,0.29882556200027466,0.29882556200027466,0.29882556200027466,1
25,ring_01_l,0.2986348271369934,0.2986348271369934,0.2986348271369934,1
74,thumb_01_l,0.29858073592185974,0.29858073592185974,0.29858073592185974,1
56,pinky_01_l,0.29846349358558655,0.29846349358558655,0.29846349358558655,1
39,middle_01_l,0.29802677035331726,0.29802677035331726,0.29802677035331726,1
16,clavicle_l,0.29797375202178955,0.29797375202178955,0.29797375202178955,1
39,ring_01_l,0.2978861927986145,0.2978861927986145,0.2978861927986145,1
36,pinky_01_l,0.2976900041103363,0.2976900041103363,0.2976900041103363,1
5,thumb_01_r,0.2975751757621765,0.2975751757621765,0.2975751757621765,1
15,hand_r,0.2975236475467682,0.2975236475467682,0.2975236475467682,1
72,ring_01_r,0.2973996698856354,0.2973996698856354,0.2973996698856354,1
76,spine_01,0.29734915494918823,0.29734915494918823,0.29734915494918823,1
66,hand_l,0.2972998023033142,0.2972998023033142,0.2972998023033142,1
62,lowerarm_r,0.29680728912353516,0.29680728912353516,0.29680728912353516,1
44,spine_01,0.2968030273914337,0.2968030273914337,0.2968030273914337,1
20,RUpArmTwist_l_02,0.2967195212841034,0.2967195212841034,0.2967195212841034,1
24,upperarm_l,0.2966361343860626,0.2966361343860626,0.2966361343860626,1
76,thumb_01_l,0.29656118154525757,0.29656118154525757,0.29656118154525757,1
51,hand_r,0.29616016149520874,0.29616016149520874,0.29616016149520874,1
78,foot_r,0.2961069941520691,0.2961069941520691,0.2961069941520691,1
70,ring_01_l,0.29603418707847595,0.29603418707847595,0.29603418707847595,1
59,pinky_01_l,0.29589158296585083,0.29589158296585083,0.29589158296585083,1
50,neck_01,0.29585087299346924,0.29585087299346924,0.29585087299346924,1
8,pinky_01_l,0.2957647144794464,0.2957647144794464,0.2957647144794464,1
59,spine_01,0.29576435685157776,0.29576435685157776,0.29576435685157776,1
13,index_01_r,0.2957580089569092,0.2957580089569092,0.2957580089569092,1
26,pinky_01_l,0.2955937087535858,0.2955937087535858,0.2955937087535858,1
45,calf_r,0.29550930857658386,0.29550930857658386,0.29550930857658386,1
45,ring_01_l,0.2953779697418213,0.2953779697418213,0.2953779697418213,1
10,ring_01_r,0.29534679651260376,0.29534679651260376,0.29534679651260376,1
47,head,0.29513803124427795,0.29513803124427795,0.29513803124427795,1
28,head,0.2949575185775757,0.2949575185775757,0.2949575185775757,1
71,pinky_01_l,0.2946820855140686,0.2946820855140686,0.2946820855140686,1
13,RUpArmTwist_r_01,0.29449015855789185,0.29449015855789185,0.29449015855789185,1
54,R_ForeTwist_02,0.2942018508911133,0.2942018508911133,0.2942018508911133,1
22,RUpArmTwist_l_02,0.294087678194046,0.294087678194046,0.294087678194046,1
2,ring_01_l,0.29404929280281067,0.29404929280281067,0.29404929280281067,1
16,spine_01,0.2937876880168915,0.2937876880168915,0.2937876880168915,1
43,head,0.2936614155769348,0.2936614155769348,0.2936614155769348,1
11,pinky_01_l,0.2933499813079834,0.2933499813079834,0.2933499813079834,1
61,pinky_01_l,0.29333314299583435,0.29333314299583435,0.29333314299583435,1
60,thumb_01_r,0.2932380139827728,0.2932380139827728,0.2932380139827728,1
72,neck_01,0.293146014213562,0.293146014213562,0.293146014213562,1
55,upperarm_l,0.29303228855133057,0.29303228855133057,0.29303228855133057,1
3,lowerarm_r,0.2927124798297882,0.2927124798297882,0.2927124798297882,1
2,ball_r,0.2926058769226074,0.2926058769226074,0.2926058769226074,1
7,ball_r,0.2925509512424469,0.2925509512424469,0.2925509512424469,1
14,RUpArmTwist_r_02,0.29245540499687195,0.29245540499687195,0.29245540499687195,1
41,lowerarm_l,0.29232582449913025,0.29232582449913025,0.29232582449913025,1
79,calf_l,0.2922031879425049,0.2922031879425049,0.2922031879425049,1
43,spine_01,0.2921552360057831,0.2921552360057831,0.2921552360057831,1
81,lowerarm_l,0.29211485385894775,0.29211485385894775,0.29211485385894775,1
74,upperarm_r,0.2918839454650879,0.2918839454650879,0.2918839454650879,1
12,neck_01,0.2916950583457947,0.2916950583457947,0.2916950583457947,1
33,ball_r,0.2914493680000305,0.2914493680000305,0.2914493680000305,1
78,R_ForeTwist_02,0.29136937856674194,0.29136937856674194,0.29136937856674194,1
38,RUpArmTwist_r_02,0.291321337223053,0.291321337223053,0.291321337223053,1
13,ring_01_l,0.29123279452323914,0.29123279452323914,0.29123279452323914,1
80,RUpArmTwist_r_01,0.2912119925022125,0.2912119925022125,0.2912119925022125,1
38,clavicle_l,0.2911052107810974,0.2911052107810974,0.2911052107810974,1
16,upperarm_r,0.29098257422447205,0.29098257422447205,0.29098257422447205,1
11,index_01_r,0.2908506691455841,0.2908506691455841,0.2908506691455841,1
42,LCalfTwist_01,0.29077741503715515,0.29077741503715515,0.29077741503715515,1
28,ball_r,0.29069310426712036,0.29069310426712036,0.29069310426712036,1
27,spine_01,0.2906719148159027,0.2906719148159027,0.2906719148159027,1
28,pinky_01_l,0.2906617522239685,0.2906617522239685,0.2906617522239685,1
33,index_01_r,0.2905484735965729,0.2905484735965729,0.2905484735965729,1
25,RUpArmTwist_r_02,0.2904926836490631,0.2904926836490631,0.2904926836490631,1
31,pinky_01_l,0.2902352213859558,0.2902352213859558,0.2902352213859558,1
46,foot_r,0.28994831442832947,0.28994831442832947,0.28994831442832947,1
38,thigh_r,0.2898414731025696,0.2898414731025696,0.2898414731025696,1
14,ball_r,0.2897436320781708,0.2897436320781708,0.2897436320781708,1
71,ring_01_l,0.28968870639801025,0.28968870639801025,0.28968870639801025,1
58,lowerarm_r,0.28960344195365906,0.28960344195365906,0.28960344195365906,1
58,neck_01,0.2895704507827759,0.2895704507827759,0.2895704507827759,1
81,head,0.28953853249549866,0.28953853249549866,0.28953853249549866,1
82,hand_l,0.2895312011241913,0.2895312011241913,0.2895312011241913,1
6,pinky_01_l,0.28942906856536865,0.28942906856536865,0.28942906856536865,1
35,index_01_r,0.28942254185676575,0.28942254185676575,0.28942254185676575,1
60,RUpArmTwist_l_01,0.2893959581851959,0.2893959581851959,0.2893959581851959,1
12,RUpArmTwist_l_01,0.28901320695877075,0.28901320695877075,0.28901320695877075,1
51,thigh_r,0.28893324732780457,0.28893324732780457,0.28893324732780457,1
25,neck_01,0.28886887431144714,0.28886887431144714,0.28886887431144714,1
48,upperarm_l,0.2887424826622009,0.2887424826622009,0.2887424826622009,1
4,calf_l,0.2885522246360779,0.2885522246360779,0.2885522246360779,1
66,index_01_r,0.2884645462036133,0.2884645462036133,0.2884645462036133,1
9,ring_01_l,0.28792667388916016,0.28792667388916016,0.28792667388916016,1
82,head,0.28767478466033936,0.28767478466033936,0.28767478466033936,1
44,pinky_01_l,0.28746816515922546,0.28746816515922546,0.28746816515922546,1
27,pinky_01_l,0.28733277320861816,0.28733277320861816,0.28733277320861816,1
73,lowerarm_l,0.28732654452323914,0.28732654452323914,0.28732654452323914,1
78,middle_01_r,0.2872692942619324,0.2872692942619324,0.2872692942619324,1
1,spine_01,0.28725868463516235,0.28725868463516235,0.28725868463516235,1
38,index_01_r,0.2872471213340759,0.2872471213340759,0.2872471213340759,1
37,index_01_r,0.28704383969306946,0.28704383969306946,0.28704383969306946,1
67,lowerarm_l,0.2870193123817444,0.2870193123817444,0.2870193123817444,1
41,LCalfTwist_03,0.28701505064964294,0.28701505064964294,0.28701505064964294,1
79,middle_01_r,0.2869807183742523,0.2869807183742523,0.2869807183742523,1
53,clavicle_l,0.28694605827331543,0.28694605827331543,0.28694605827331543,1
81,index_01_r,0.28690412640571594,0.28690412640571594,0.28690412640571594,1
9,middle_01_r,0.2867349088191986,0.2867349088191986,0.2867349088191986,1
79,index_01_r,0.2867303788661957,0.2867303788661957,0.2867303788661957,1
77,ball_r,0.2866959273815155,0.2866959273815155,0.2866959273815155,1
17,ball_r,0.2864939570426941,0.2864939570426941,0.2864939570426941,1
75,LCalfTwist_02,0.28648751974105835,0.28648751974105835,0.28648751974105835,1
78,pinky_01_l,0.2864801287651062,0.2864801287651062,0.2864801287651062,1
12,RUpArmTwist_r_01,0.2864627242088318,0.2864627242088318,0.2864627242088318,1
15,lowerarm_l,0.28615739941596985,0.28615739941596985,0.28615739941596985,1
67,index_01_r,0.2861485481262207,0.2861485481262207,0.2861485481262207,1
69,ring_01_l,0.28614476323127747,0.28614476323127747,0.28614476323127747,1
38,middle_01_l,0.2858239412307739,0.2858239412307739,0.2858239412307739,1
27,index_01_r,0.28575706481933594,0.28575706481933594,0.28575706481933594,1
56,spine_01,0.28556713461875916,0.28556713461875916,0.28556713461875916,1
28,ring_01_l,0.28551918268203735,0.28551918268203735,0.28551918268203735,1
55,pinky_01_l,0.2854555547237396,0.2854555547237396,0.2854555547237396,1
44,RUpArmTwist_l_01,0.2853190302848816,0.2853190302848816,0.2853190302848816,1
58,RUpArmTwist_l_02,0.28522512316703796,0.28522512316703796,0.28522512316703796,1
40,upperarm_r,0.2851713299751282,0.2851713299751282,0.2851713299751282,1
60,thigh_r,0.28502145409584045,0.28502145409584045,0.28502145409584045,1
41,lowerarm_r,0.28487229347229004,0.28487229347229004,0.28487229347229004,1
22,ball_r,0.2848065197467804,0.2848065197467804,0.2848065197467804,1
6,ball_r,0.2847137451171875,0.2847137451171875,0.2847137451171875,1
67,hand_l,0.2846951484680176,0.2846951484680176,0.2846951484680176,1
27,ring_01_l,0.28456589579582214,0.28456589579582214,0.28456589579582214,1
57,middle_01_r,0.28440797328948975,0.28440797328948975,0.28440797328948975,1
83,index_01_r,0.2842715084552765,0.2842715084552765,0.2842715084552765,1
61,head,0.28417664766311646,0.28417664766311646,0.28417664766311646,1
1,middle_01_l,0.28412917256355286,0.28412917256355286,0.28412917256355286,1
35,upperarm_l,0.28411877155303955,0.28411877155303955,0.28411877155303955,1
42,lowerarm_l,0.28405675292015076,0.28405675292015076,0.28405675292015076,1
9,spine_02,0.2840469181537628,0.2840469181537628,0.2840469181537628,1
82,index_01_r,0.28403428196907043,0.28403428196907043,0.28403428196907043,1
78,calf_r,0.28363895416259766,0.28363895416259766,0.28363895416259766,1
83,ball_r,0.2835700213909149,0.2835700213909149,0.2835700213909149,1
72,lowerarm_l,0.2834959626197815,0.2834959626197815,0.2834959626197815,1
45,index_01_r,0.2833060622215271,0.2833060622215271,0.2833060622215271,1
69,ball_r,0.2832677662372589,0.2832677662372589,0.2832677662372589,1
85,lowerarm_l,0.28323113918304443,0.28323113918304443,0.28323113918304443,1
51,calf_l,0.28318724036216736,0.28318724036216736,0.28318724036216736,1
69,RUpArmTwist_r_01,0.2830433249473572,0.2830433249473572,0.2830433249473572,1
49,index_01_r,0.2830328047275543,0.2830328047275543,0.2830328047275543,1
79,upperarm_r,0.2829740345478058,0.2829740345478058,0.2829740345478058,1
29,pinky_01_l,0.28289759159088135,0.28289759159088135,0.28289759159088135,1
29,index_01_r,0.28262636065483093,0.28262636065483093,0.28262636065483093,1
7,clavicle_l,0.28262627124786377,0.28262627124786377,0.28262627124786377,1
28,clavicle_l,0.28259366750717163,0.28259366750717163,0.28259366750717163,1
60,head,0.2824954092502594,0.2824954092502594,0.2824954092502594,1
44,index_01_r,0.28230366110801697,0.28230366110801697,0.28230366110801697,1
55,LCalfTwist_02,0.2822812497615814,0.2822812497615814,0.2822812497615814,1
51,spine_01,0.28192079067230225,0.28192079067230225,0.28192079067230225,1
13,spine_01,0.2818019390106201,0.2818019390106201,0.2818019390106201,1
13,spine_02,0.2816842496395111,0.2816842496395111,0.2816842496395111,1
69,LCalfTwist_02,0.2816452980041504,0.2816452980041504,0.2816452980041504,1
80,index_01_r,0.2815808355808258,0.2815808355808258,0.2815808355808258,1
39,hand_l,0.2815746068954468,0.2815746068954468,0.2815746068954468,1
52,upperarm_r,0.2815561592578888,0.2815561592578888,0.2815561592578888,1
1,ring_01_l,0.281344473361969,0.281344473361969,0.281344473361969,1
21,upperarm_r,0.28131625056266785,0.28131625056266785,0.28131625056266785,1
82,RCalfTwist_03,0.28126364946365356,0.28126364946365356,0.28126364946365356,1
26,ring_01_l,0.2811836004257202,0.2811836004257202,0.2811836004257202,1
55,RUpArmTwist_r_02,0.28112083673477173,0.28112083673477173,0.28112083673477173,1
48,lowerarm_r,0.28105536103248596,0.28105536103248596,0.28105536103248596,1
38,upperarm_l,0.2810496687889099,0.2810496687889099,0.2810496687889099,1
5,RUpArmTwist_l_02,0.28099411725997925,0.28099411725997925,0.28099411725997925,1
50,index_01_r,0.2808080315589905,0.2808080315589905,0.2808080315589905,1
71,ball_r,0.2807678282260895,0.2807678282260895,0.2807678282260895,1
72,clavicle_r,0.2807161211967468,0.2807161211967468,0.2807161211967468,1
14,head,0.28066369891166687,0.28066369891166687,0.28066369891166687,1
32,LCalfTwist_03,0.2806565463542938,0.2806565463542938,0.2806565463542938,1
79,middle_01_l,0.2805875539779663,0.2805875539779663,0.2805875539779663,1
49,pinky_01_l,0.2805052101612091,0.2805052101612091,0.2805052101612091,1
58,middle_01_r,0.2803841829299927,0.2803841829299927,0.2803841829299927,1
10,index_01_r,0.28038135170936584,0.28038135170936584,0.28038135170936584,1
38,head,0.28026869893074036,0.28026869893074036,0.28026869893074036,1
77,index_01_r,0.2802313566207886,0.2802313566207886,0.2802313566207886,1
36,middle_01_l,0.2799760103225708,0.2799760103225708,0.2799760103225708,1
85,head,0.27992671728134155,0.27992671728134155,0.27992671728134155,1
0,ring_01_r,0.2797532379627228,0.2797532379627228,0.2797532379627228,1
60,pinky_01_l,0.27969273924827576,0.27969273924827576,0.27969273924827576,1
14,ring_01_l,0.27961692214012146,0.27961692214012146,0.27961692214012146,1
61,middle_01_r,0.2793520390987396,0.2793520390987396,0.2793520390987396,1
46,ring_01_r,0.27928680181503296,0.27928680181503296,0.27928680181503296,1
11,clavicle_l,0.279218852519989,0.279218852519989,0.279218852519989,1
18,ball_r,0.2790903151035309,0.2790903151035309,0.2790903151035309,1
42,index_01_r,0.27901458740234375,0.27901458740234375,0.27901458740234375,1
69,index_01_r,0.2789651155471802,0.2789651155471802,0.2789651155471802,1
36,foot_r,0.27879607677459717,0.27879607677459717,0.27879607677459717,1
18,upperarm_r,0.2787785232067108,0.2787785232067108,0.2787785232067108,1
37,middle_01_l,0.27848345041275024,0.27848345041275024,0.27848345041275024,1
10,middle_01_r,0.27847129106521606,0.27847129106521606,0.27847129106521606,1
24,spine_02,0.2784237861633301,0.2784237861633301,0.2784237861633301,1
57,pinky_01_l,0.2784205675125122,0.2784205675125122,0.2784205675125122,1
3,pinky_01_r,0.2784159183502197,0.2784159183502197,0.2784159183502197,1
85,pinky_01_l,0.27825990319252014,0.27825990319252014,0.27825990319252014,1
0,hand_r,0.27816975116729736,0.27816975116729736,0.27816975116729736,1
41,ring_01_l,0.2778312563896179,0.2778312563896179,0.2778312563896179,1
34,index_01_r,0.2777459919452667,0.2777459919452667,0.2777459919452667,1
22,lowerarm_l,0.2774718403816223,0.2774718403816223,0.2774718403816223,1
20,ball_r,0.2774604260921478,0.2774604260921478,0.2774604260921478,1
59,middle_01_r,0.27743521332740784,0.27743521332740784,0.27743521332740784,1
6,ball_l,0.27738577127456665,0.27738577127456665,0.27738577127456665,1
37,RUpArmTwist_l_01,0.277336984872818,0.277336984872818,0.277336984872818,1
24,clavicle_l,0.2772112488746643,0.2772112488746643,0.2772112488746643,1
26,index_01_r,0.27714139223098755,0.27714139223098755,0.27714139223098755,1
14,thigh_r,0.27711865305900574,0.27711865305900574,0.27711865305900574,1
55,RUpArmTwist_r_01,0.27709832787513733,0.27709832787513733,0.27709832787513733,1
61,hand_l,0.2770737111568451,0.2770737111568451,0.2770737111568451,1
8,foot_l,0.2770594656467438,0.2770594656467438,0.2770594656467438,1
49,ring_01_l,0.2768370509147644,0.2768370509147644,0.2768370509147644,1
29,calf_r,0.27662551403045654,0.27662551403045654,0.27662551403045654,1
54,upperarm_l,0.27637073397636414,0.27637073397636414,0.27637073397636414,1
7,thigh_l,0.2763517498970032,0.2763517498970032,0.2763517498970032,1
63,lowerarm_l,0.27610722184181213,0.27610722184181213,0.27610722184181213,1
40,pinky_01_l,0.27610713243484497,0.27610713243484497,0.27610713243484497,1
44,head,0.2760288119316101,0.2760288119316101,0.2760288119316101,1
59,head,0.2760269045829773,0.2760269045829773,0.2760269045829773,1
66,LCalfTwist_02,0.27595415711402893,0.27595415711402893,0.27595415711402893,1
18,pinky_01_l,0.2758787274360657,0.2758787274360657,0.2758787274360657,1
39,hand_r,0.27585089206695557,0.27585089206695557,0.27585089206695557,1
63,upperarm_l,0.27584752440452576,0.27584752440452576,0.27584752440452576,1
48,RUpArmTwist_l_01,0.2757631242275238,0.2757631242275238,0.2757631242275238,1
45,pinky_01_l,0.2757190465927124,0.2757190465927124,0.2757190465927124,1
36,index_01_r,0.27569398283958435,0.27569398283958435,0.27569398283958435,1
80,middle_01_r,0.27561110258102417,0.27561110258102417,0.27561110258102417,1
68,head,0.27553555369377136,0.27553555369377136,0.27553555369377136,1
64,head,0.275442510843277,0.275442510843277,0.275442510843277,1
72,pinky_01_l,0.27539360523223877,0.27539360523223877,0.27539360523223877,1
54,pinky_01_l,0.2753508388996124,0.2753508388996124,0.2753508388996124,1
73,lowerarm_r,0.2750249207019806,0.2750249207019806,0.2750249207019806,1
49,clavicle_l,0.27477720379829407,0.27477720379829407,0.27477720379829407,1
31,index_01_r,0.274575799703598,0.274575799703598,0.274575799703598,1
68,index_01_r,0.2745543420314789,0.2745543420314789,0.2745543420314789,1
56,middle_01_l,0.27429211139678955,0.27429211139678955,0.27429211139678955,1
3,RUpArmTwist_l_01,0.27421504259109497,0.27421504259109497,0.27421504259109497,1
32,RUpArmTwist_r_01,0.274188756942749,0.274188756942749,0.274188756942749,1
21,spine_01,0.2741120755672455,0.2741120755672455,0.2741120755672455,1
33,lowerarm_l,0.2739603817462921,0.2739603817462921,0.2739603817462921,1
51,index_01_r,0.273776113986969,0.273776113986969,0.273776113986969,1
52,pinky_01_l,0.27372753620147705,0.27372753620147705,0.27372753620147705,1
24,calf_l,0.27368929982185364,0.27368929982185364,0.27368929982185364,1
71,neck_01,0.2735802233219147,0.2735802233219147,0.2735802233219147,1
13,clavicle_l,0.2732475996017456,0.2732475996017456,0.2732475996017456,1
2,clavicle_r,0.2732183635234833,0.2732183635234833,0.2732183635234833,1
34,LCalfTwist_02,0.27320578694343567,0.27320578694343567,0.27320578694343567,1
70,RUpArmTwist_r_01,0.2731814682483673,0.2731814682483673,0.2731814682483673,1
9,hand_l,0.2731422781944275,0.2731422781944275,0.2731422781944275,1
55,ball_l,0.27308371663093567,0.27308371663093567,0.27308371663093567,1
45,thigh_r,0.2730485796928406,0.2730485796928406,0.2730485796928406,1
72,RCalfTwist_03,0.2729805111885071,0.2729805111885071,0.2729805111885071,1
57,neck_01,0.27277085185050964,0.27277085185050964,0.27277085185050964,1
8,ball_r,0.27274590730667114,0.27274590730667114,0.27274590730667114,1
28,calf_r,0.2726381719112396,0.2726381719112396,0.2726381719112396,1
61,ball_l,0.2725873589515686,0.2725873589515686,0.2725873589515686,1
13,middle_01_l,0.2725301682949066,0.2725301682949066,0.2725301682949066,1
35,middle_01_l,0.27242138981819153,0.27242138981819153,0.27242138981819153,1
84,hand_l,0.27233508229255676,0.27233508229255676,0.27233508229255676,1
10,pinky_01_l,0.27230265736579895,0.27230265736579895,0.27230265736579895,1
32,LCalfTwist_02,0.2721903324127197,0.2721903324127197,0.2721903324127197,1
37,lowerarm_r,0.27213120460510254,0.27213120460510254,0.27213120460510254,1
16,neck_01,0.2721271514892578,0.2721271514892578,0.2721271514892578,1
61,ball_r,0.2721213698387146,0.2721213698387146,0.2721213698387146,1
53,pinky_01_l,0.2719898223876953,0.2719898223876953,0.2719898223876953,1
22,middle_01_l,0.2717989385128021,0.2717989385128021,0.2717989385128021,1
59,middle_01_l,0.2717845141887665,0.2717845141887665,0.2717845141887665,1
23,calf_l,0.27174004912376404,0.27174004912376404,0.27174004912376404,1
69,pinky_01_l,0.2717113494873047,0.2717113494873047,0.2717113494873047,1
5,head,0.2715682089328766,0.2715682089328766,0.2715682089328766,1
49,RUpArmTwist_l_01,0.2715352475643158,0.2715352475643158,0.2715352475643158,1
74,foot_l,0.271190345287323,0.271190345287323,0.271190345287323,1
8,RCalfTwist_03,0.2711277902126312,0.2711277902126312,0.2711277902126312,1
50,pinky_01_l,0.2711124122142792,0.2711124122142792,0.2711124122142792,1
78,foot_l,0.2709220051765442,0.2709220051765442,0.2709220051765442,1
30,ball_r,0.27082276344299316,0.27082276344299316,0.27082276344299316,1
78,index_01_r,0.2707242965698242,0.2707242965698242,0.2707242965698242,1
9,middle_01_l,0.27055713534355164,0.27055713534355164,0.27055713534355164,1
15,thigh_l,0.2705073654651642,0.2705073654651642,0.2705073654651642,1
34,middle_01_r,0.2704492509365082,0.2704492509365082,0.2704492509365082,1
62,thigh_r,0.2704492211341858,0.2704492211341858,0.2704492211341858,1
80,lowerarm_l,0.2703602910041809,0.2703602910041809,0.2703602910041809,1
7,index_01_r,0.2702929675579071,0.2702929675579071,0.2702929675579071,1
28,index_01_r,0.2701859176158905,0.2701859176158905,0.2701859176158905,1
59,RUpArmTwist_l_02,0.2701255679130554,0.2701255679130554,0.2701255679130554,1
55,middle_01_l,0.27011990547180176,0.27011990547180176,0.27011990547180176,1
68,thigh_r,0.2700962722301483,0.2700962722301483,0.2700962722301483,1
50,head,0.269854336977005,0.269854336977005,0.269854336977005,1
18,middle_01_l,0.2697887718677521,0.2697887718677521,0.2697887718677521,1
25,index_01_r,0.2697235643863678,0.2697235643863678,0.2697235643863678,1
54,head,0.2696152329444885,0.2696152329444885,0.2696152329444885,1
46,calf_l,0.2696143686771393,0.2696143686771393,0.2696143686771393,1
44,hand_r,0.2692011594772339,0.2692011594772339,0.2692011594772339,1
6,head,0.26914748549461365,0.26914748549461365,0.26914748549461365,1
73,spine_01,0.269074410200119,0.269074410200119,0.269074410200119,1
6,hand_l,0.268669992685318,0.268669992685318,0.268669992685318,1
76,ball_l,0.26866307854652405,0.26866307854652405,0.26866307854652405,1
40,neck_01,0.2686297297477722,0.2686297297477722,0.2686297297477722,1
11,middle_01_r,0.2686029374599457,0.2686029374599457,0.2686029374599457,1
40,ring_01_l,0.26859918236732483,0.26859918236732483,0.26859918236732483,1
32,lowerarm_l,0.268572062253952,0.268572062253952,0.268572062253952,1
33,middle_01_r,0.2684401571750641,0.2684401571750641,0.2684401571750641,1
43,calf_r,0.268366277217865,0.268366277217865,0.268366277217865,1
15,RCalfTwist_03,0.26826438307762146,0.26826438307762146,0.26826438307762146,1
60,neck_01,0.26810580492019653,0.26810580492019653,0.26810580492019653,1
67,ball_r,0.26809656620025635,0.26809656620025635,0.26809656620025635,1
62,clavicle_l,0.26809385418891907,0.26809385418891907,0.26809385418891907,1
17,pinky_01_l,0.2676979601383209,0.2676979601383209,0.2676979601383209,1
68,middle_01_r,0.2675953209400177,0.2675953209400177,0.2675953209400177,1
37,clavicle_r,0.26756778359413147,0.26756778359413147,0.26756778359413147,1
41,LCalfTwist_02,0.26741766929626465,0.26741766929626465,0.26741766929626465,1
31,RUpArmTwist_l_02,0.2672177851200104,0.2672177851200104,0.2672177851200104,1
30,RUpArmTwist_r_01,0.267106294631958,0.267106294631958,0.267106294631958,1
11,LCalfTwist_01,0.2670612931251526,0.2670612931251526,0.2670612931251526,1
75,RUpArmTwist_r_02,0.2670023739337921,0.2670023739337921,0.2670023739337921,1
42,ring_01_l,0.2669067084789276,0.2669067084789276,0.2669067084789276,1
32,RUpArmTwist_l_01,0.266846626996994,0.266846626996994,0.266846626996994,1
9,RUpArmTwist_r_01,0.2668101489543915,0.2668101489543915,0.2668101489543915,1
66,calf_l,0.26675406098365784,0.26675406098365784,0.26675406098365784,1
41,ball_l,0.2667330801486969,0.2667330801486969,0.2667330801486969,1
36,neck_01,0.26672881841659546,0.26672881841659546,0.26672881841659546,1
72,ring_01_l,0.2665514051914215,0.2665514051914215,0.2665514051914215,1
4,middle_01_l,0.2665049433708191,0.2665049433708191,0.2665049433708191,1
53,upperarm_r,0.2664950489997864,0.2664950489997864,0.2664950489997864,1
80,middle_01_l,0.26632705330848694,0.26632705330848694,0.26632705330848694,1
2,middle_01_l,0.26596781611442566,0.26596781611442566,0.26596781611442566,1
58,RUpArmTwist_r_02,0.26595431566238403,0.26595431566238403,0.26595431566238403,1
64,calf_r,0.26592880487442017,0.26592880487442017,0.26592880487442017,1
53,RUpArmTwist_l_02,0.26591768860816956,0.26591768860816956,0.26591768860816956,1
27,lowerarm_l,0.26585379242897034,0.26585379242897034,0.26585379242897034,1
51,pinky_01_l,0.2658136188983917,0.2658136188983917,0.2658136188983917,1
76,ball_r,0.2656615376472473,0.2656615376472473,0.2656615376472473,1
27,ball_r,0.26561760902404785,0.26561760902404785,0.26561760902404785,1
76,index_01_r,0.2655175030231476,0.2655175030231476,0.2655175030231476,1
38,pinky_01_l,0.2654258608818054,0.2654258608818054,0.2654258608818054,1
10,RUpArmTwist_r_01,0.26538145542144775,0.26538145542144775,0.26538145542144775,1
44,calf_l,0.26482799649238586,0.26482799649238586,0.26482799649238586,1
5,pinky_01_l,0.26482781767845154,0.26482781767845154,0.26482781767845154,1
22,index_01_r,0.26460203528404236,0.26460203528404236,0.26460203528404236,1
17,index_01_r,0.26458948850631714,0.26458948850631714,0.26458948850631714,1
38,spine_01,0.2644686698913574,0.2644686698913574,0.2644686698913574,1
0,clavicle_l,0.2644638121128082,0.2644638121128082,0.2644638121128082,1
55,clavicle_l,0.26426491141319275,0.26426491141319275,0.26426491141319275,1
2,RCalfTwist_03,0.26408886909484863,0.26408886909484863,0.26408886909484863,1
73,clavicle_r,0.2640446722507477,0.2640446722507477,0.2640446722507477,1
62,middle_01_r,0.26365500688552856,0.26365500688552856,0.26365500688552856,1
3,thumb_01_r,0.2636220157146454,0.2636220157146454,0.2636220157146454,1
9,RCalfTwist_03,0.26328805088996887,0.26328805088996887,0.26328805088996887,1
70,index_01_r,0.2632109820842743,0.2632109820842743,0.2632109820842743,1
11,ring_01_l,0.2631496489048004,0.2631496489048004,0.2631496489048004,1
18,lowerarm_r,0.26301708817481995,0.26301708817481995,0.26301708817481995,1
27,upperarm_l,0.2629997730255127,0.2629997730255127,0.2629997730255127,1
55,middle_01_r,0.26299962401390076,0.26299962401390076,0.26299962401390076,1
85,spine_01,0.26293039321899414,0.26293039321899414,0.26293039321899414,1
20,upperarm_r,0.2628026008605957,0.2628026008605957,0.2628026008605957,1
3,RUpArmTwist_r_02,0.26252973079681396,0.26252973079681396,0.26252973079681396,1
48,spine_01,0.262459933757782,0.262459933757782,0.262459933757782,1
63,spine_01,0.262397438287735,0.262397438287735,0.262397438287735,1
3,index_01_l,0.2622738480567932,0.2622738480567932,0.2622738480567932,1
15,pinky_01_l,0.2622396647930145,0.2622396647930145,0.2622396647930145,1
62,lowerarm_l,0.2621348202228546,0.2621348202228546,0.2621348202228546,1
23,middle_01_r,0.26205408573150635,0.26205408573150635,0.26205408573150635,1
4,RCalfTwist_01,0.26200199127197266,0.26200199127197266,0.26200199127197266,1
70,pinky_01_l,0.2619893252849579,0.2619893252849579,0.2619893252849579,1
67,middle_01_r,0.26191386580467224,0.26191386580467224,0.26191386580467224,1
23,ball_r,0.2618691325187683,0.2618691325187683,0.2618691325187683,1
42,neck_01,0.2617959678173065,0.2617959678173065,0.2617959678173065,1
4,R_ForeTwist_01,0.2617292106151581,0.2617292106151581,0.2617292106151581,1
73,RUpArmTwist_r_02,0.2616710364818573,0.2616710364818573,0.2616710364818573,1
47,middle_01_l,0.2615465819835663,0.2615465819835663,0.2615465819835663,1
33,middle_01_l,0.2615020275115967,0.2615020275115967,0.2615020275115967,1
63,RUpArmTwist_r_02,0.26147183775901794,0.26147183775901794,0.26147183775901794,1
16,pinky_01_l,0.2614661157131195,0.2614661157131195,0.2614661157131195,1
70,upperarm_r,0.26139432191848755,0.26139432191848755,0.26139432191848755,1
17,RUpArmTwist_r_02,0.2611252963542938,0.2611252963542938,0.2611252963542938,1
8,clavicle_l,0.26097992062568665,0.26097992062568665,0.26097992062568665,1
54,LCalfTwist_02,0.26096320152282715,0.26096320152282715,0.26096320152282715,1
19,calf_l,0.2606968283653259,0.2606968283653259,0.2606968283653259,1
79,RUpArmTwist_r_01,0.2606479227542877,0.2606479227542877,0.2606479227542877,1
43,lowerarm_r,0.2606247663497925,0.2606247663497925,0.2606247663497925,1
55,hand_l,0.2604578733444214,0.2604578733444214,0.2604578733444214,1
64,middle_01_l,0.26038339734077454,0.26038339734077454,0.26038339734077454,1
61,spine_02,0.26021766662597656,0.26021766662597656,0.26021766662597656,1
4,thigh_l,0.26015904545783997,0.26015904545783997,0.26015904545783997,1
17,spine_01,0.2599371671676636,0.2599371671676636,0.2599371671676636,1
8,thigh_l,0.2597231864929199,0.2597231864929199,0.2597231864929199,1
79,RUpArmTwist_l_01,0.25970232486724854,0.25970232486724854,0.25970232486724854,1
21,lowerarm_l,0.25961536169052124,0.25961536169052124,0.25961536169052124,1
74,lowerarm_r,0.2596125900745392,0.2596125900745392,0.2596125900745392,1
10,hand_l,0.25953447818756104,0.25953447818756104,0.25953447818756104,1
48,ring_01_l,0.2593441605567932,0.2593441605567932,0.2593441605567932,1
7,lowerarm_r,0.25927838683128357,0.25927838683128357,0.25927838683128357,1
66,middle_01_r,0.259154349565506,0.259154349565506,0.259154349565506,1
39,index_01_r,0.2590714395046234,0.2590714395046234,0.2590714395046234,1
3,calf_l,0.2590162456035614,0.2590162456035614,0.2590162456035614,1
24,middle_01_r,0.2588914632797241,0.2588914632797241,0.2588914632797241,1
2,RUpArmTwist_l_02,0.2588692009449005,0.2588692009449005,0.2588692009449005,1
50,spine_01,0.2588389813899994,0.2588389813899994,0.2588389813899994,1
5,RCalfTwist_02,0.2588357627391815,0.2588357627391815,0.2588357627391815,1
28,RUpArmTwist_l_02,0.25883108377456665,0.25883108377456665,0.25883108377456665,1
77,lowerarm_l,0.2587561011314392,0.2587561011314392,0.2587561011314392,1
41,neck_01,0.25875425338745117,0.25875425338745117,0.25875425338745117,1
64,middle_01_r,0.25871092081069946,0.25871092081069946,0.25871092081069946,1
48,lowerarm_l,0.2585541605949402,0.2585541605949402,0.2585541605949402,1
74,index_01_r,0.2582671046257019,0.2582671046257019,0.2582671046257019,1
71,lowerarm_l,0.25823500752449036,0.25823500752449036,0.25823500752449036,1
50,clavicle_l,0.25798648595809937,0.25798648595809937,0.25798648595809937,1
64,index_01_r,0.25797969102859497,0.25797969102859497,0.25797969102859497,1
10,ring_01_l,0.25784143805503845,0.25784143805503845,0.25784143805503845,1
27,head,0.25771933794021606,0.25771933794021606,0.25771933794021606,1
7,middle_01_l,0.2577006220817566,0.2577006220817566,0.2577006220817566,1
54,spine_01,0.25756779313087463,0.25756779313087463,0.25756779313087463,1
31,clavicle_l,0.2575441896915436,0.2575441896915436,0.2575441896915436,1
35,clavicle_l,0.257496178150177,0.257496178150177,0.257496178150177,1
5,upperarm_r,0.25745445489883423,0.25745445489883423,0.25745445489883423,1
5,clavicle_l,0.2572299838066101,0.2572299838066101,0.2572299838066101,1
50,LCalfTwist_02,0.2572196125984192,0.2572196125984192,0.2572196125984192,1
80,LCalfTwist_02,0.2571428716182709,0.2571428716182709,0.2571428716182709,1
4,R_ForeTwist_02,0.25711163878440857,0.25711163878440857,0.25711163878440857,1
1,index_01_r,0.25695252418518066,0.25695252418518066,0.25695252418518066,1
70,middle_01_r,0.256902813911438,0.256902813911438,0.256902813911438,1
72,spine_01,0.2568356990814209,0.2568356990814209,0.2568356990814209,1
42,LCalfTwist_03,0.2567116320133209,0.2567116320133209,0.2567116320133209,1
65,thumb_01_l,0.2566317617893219,0.2566317617893219,0.2566317617893219,1
19,LCalfTwist_01,0.2564270794391632,0.2564270794391632,0.2564270794391632,1
0,ring_01_l,0.2564002275466919,0.2564002275466919,0.2564002275466919,1
20,spine_01,0.25622493028640747,0.25622493028640747,0.25622493028640747,1
5,ball_r,0.2561779022216797,0.2561779022216797,0.2561779022216797,1
23,head,0.2560470402240753,0.2560470402240753,0.2560470402240753,1
45,head,0.2559521496295929,0.2559521496295929,0.2559521496295929,1
57,middle_01_l,0.25594261288642883,0.25594261288642883,0.25594261288642883,1
56,ball_l,0.25587818026542664,0.25587818026542664,0.25587818026542664,1
34,middle_01_l,0.25580886006355286,0.25580886006355286,0.25580886006355286,1
54,clavicle_r,0.25580427050590515,0.25580427050590515,0.25580427050590515,1
9,thigh_r,0.25556427240371704,0.25556427240371704,0.25556427240371704,1
66,upperarm_r,0.25551721453666687,0.25551721453666687,0.25551721453666687,1
85,RUpArmTwist_r_02,0.2553486227989197,0.2553486227989197,0.2553486227989197,1
17,middle_01_l,0.25518813729286194,0.25518813729286194,0.25518813729286194,1
44,lowerarm_l,0.2550145983695984,0.2550145983695984,0.2550145983695984,1
35,middle_01_r,0.25499990582466125,0.25499990582466125,0.25499990582466125,1
65,lowerarm_l,0.2548515796661377,0.2548515796661377,0.2548515796661377,1
81,middle_01_r,0.2548215687274933,0.2548215687274933,0.2548215687274933,1
54,index_01_r,0.25467583537101746,0.25467583537101746,0.25467583537101746,1
30,clavicle_r,0.25440514087677,0.25440514087677,0.25440514087677,1
39,RCalfTwist_03,0.2543914318084717,0.2543914318084717,0.2543914318084717,1
79,thigh_r,0.25431907176971436,0.25431907176971436,0.25431907176971436,1
77,LCalfTwist_02,0.2541775107383728,0.2541775107383728,0.2541775107383728,1
72,upperarm_l,0.2541525363922119,0.2541525363922119,0.2541525363922119,1
8,RUpArmTwist_r_01,0.253918319940567,0.253918319940567,0.253918319940567,1
46,clavicle_l,0.25377678871154785,0.25377678871154785,0.25377678871154785,1
40,head,0.25371694564819336,0.25371694564819336,0.25371694564819336,1
70,ball_r,0.2537016272544861,0.2537016272544861,0.2537016272544861,1
30,pinky_01_r,0.2536993622779846,0.2536993622779846,0.2536993622779846,1
22,RUpArmTwist_r_01,0.25352975726127625,0.25352975726127625,0.25352975726127625,1
52,foot_l,0.2532288134098053,0.2532288134098053,0.2532288134098053,1
15,upperarm_l,0.2531851828098297,0.2531851828098297,0.2531851828098297,1
42,head,0.25310343503952026,0.25310343503952026,0.25310343503952026,1
6,RUpArmTwist_l_01,0.25297293066978455,0.25297293066978455,0.25297293066978455,1
36,ball_l,0.252941370010376,0.252941370010376,0.252941370010376,1
64,spine_02,0.2529260516166687,0.2529260516166687,0.2529260516166687,1
58,index_01_r,0.25278958678245544,0.25278958678245544,0.25278958678245544,1
57,RCalfTwist_03,0.2526651620864868,0.2526651620864868,0.2526651620864868,1
12,R_ForeTwist_02,0.25258398056030273,0.25258398056030273,0.25258398056030273,1
63,index_01_r,0.25249096751213074,0.25249096751213074,0.25249096751213074,1
47,RUpArmTwist_l_01,0.2524869441986084,0.2524869441986084,0.2524869441986084,1
58,clavicle_l,0.2524299919605255,0.2524299919605255,0.2524299919605255,1
63,clavicle_l,0.2523120939731598,0.2523120939731598,0.2523120939731598,1
7,pinky_01_l,0.2522948682308197,0.2522948682308197,0.2522948682308197,1
0,neck_01,0.2522743344306946,0.2522743344306946,0.2522743344306946,1
18,spine_01,0.2522485852241516,0.2522485852241516,0.2522485852241516,1
3,RCalfTwist_03,0.25209492444992065,0.25209492444992065,0.25209492444992065,1
62,spine_01,0.25206002593040466,0.25206002593040466,0.25206002593040466,1
55,R_ForeTwist_02,0.2520025372505188,0.2520025372505188,0.2520025372505188,1
26,R_ForeTwist_02,0.25188931822776794,0.25188931822776794,0.25188931822776794,1
33,calf_r,0.25184640288352966,0.25184640288352966,0.25184640288352966,1
78,upperarm_r,0.2517661154270172,0.2517661154270172,0.2517661154270172,1
73,pinky_01_l,0.25172436237335205,0.25172436237335205,0.25172436237335205,1
82,middle_01_r,0.25168970227241516,0.25168970227241516,0.25168970227241516,1
53,index_01_r,0.25165900588035583,0.25165900588035583,0.25165900588035583,1
81,middle_01_l,0.25139740109443665,0.25139740109443665,0.25139740109443665,1
64,lowerarm_r,0.25131163001060486,0.25131163001060486,0.25131163001060486,1
59,calf_r,0.251171350479126,0.251171350479126,0.251171350479126,1
21,middle_01_l,0.2511652410030365,0.2511652410030365,0.2511652410030365,1
20,clavicle_r,0.25110357999801636,0.25110357999801636,0.25110357999801636,1
21,middle_01_r,0.25107863545417786,0.25107863545417786,0.25107863545417786,1
73,neck_01,0.2510742247104645,0.2510742247104645,0.2510742247104645,1
70,LCalfTwist_03,0.2510685920715332,0.2510685920715332,0.2510685920715332,1
36,upperarm_l,0.2510111629962921,0.2510111629962921,0.2510111629962921,1
66,RUpArmTwist_r_02,0.2508314549922943,0.2508314549922943,0.2508314549922943,1
63,middle_01_r,0.2506400942802429,0.2506400942802429,0.2506400942802429,1
4,RCalfTwist_02,0.2506004869937897,0.2506004869937897,0.2506004869937897,1
79,head,0.25052234530448914,0.25052234530448914,0.25052234530448914,1
81,RUpArmTwist_l_01,0.2505010664463043,0.2505010664463043,0.2505010664463043,1
73,ball_r,0.2503504157066345,0.2503504157066345,0.2503504157066345,1
41,index_01_r,0.2502283453941345,0.2502283453941345,0.2502283453941345,1
75,hand_l,0.25019100308418274,0.25019100308418274,0.25019100308418274,1
43,index_01_r,0.2501876652240753,0.2501876652240753,0.2501876652240753,1
70,foot_l,0.25018537044525146,0.25018537044525146,0.25018537044525146,1
85,RCalfTwist_03,0.25015509128570557,0.25015509128570557,0.25015509128570557,1
78,thumb_01_l,0.25007522106170654,0.25007522106170654,0.25007522106170654,1
64,spine_01,0.2499908208847046,0.2499908208847046,0.2499908208847046,1
64,R_ForeTwist_02,0.2499891221523285,0.2499891221523285,0.2499891221523285,1
54,lowerarm_l,0.24985814094543457,0.24985814094543457,0.24985814094543457,1
71,RCalfTwist_03,0.24984368681907654,0.24984368681907654,0.24984368681907654,1
3,calf_r,0.24983417987823486,0.24983417987823486,0.24983417987823486,1
25,ball_l,0.24955876171588898,0.24955876171588898,0.24955876171588898,1
69,middle_01_r,0.2495187371969223,0.2495187371969223,0.2495187371969223,1
18,index_01_r,0.24946604669094086,0.24946604669094086,0.24946604669094086,1
85,thumb_01_l,0.2494281381368637,0.2494281381368637,0.2494281381368637,1
37,upperarm_l,0.24931392073631287,0.24931392073631287,0.24931392073631287,1
59,RUpArmTwist_r_01,0.24920247495174408,0.24920247495174408,0.24920247495174408,1
74,spine_02,0.24909809231758118,0.24909809231758118,0.24909809231758118,1
58,R_ForeTwist_02,0.24903973937034607,0.24903973937034607,0.24903973937034607,1
23,spine_02,0.24899247288703918,0.24899247288703918,0.24899247288703918,1
67,foot_l,0.24897553026676178,0.24897553026676178,0.24897553026676178,1
3,L_ForeTwist_02,0.24889513850212097,0.24889513850212097,0.24889513850212097,1
67,middle_01_l,0.24887928366661072,0.24887928366661072,0.24887928366661072,1
56,clavicle_l,0.24887889623641968,0.24887889623641968,0.24887889623641968,1
52,LCalfTwist_02,0.24887846410274506,0.24887846410274506,0.24887846410274506,1
15,clavicle_l,0.24882706999778748,0.24882706999778748,0.24882706999778748,1
34,pinky_01_r,0.24875372648239136,0.24875372648239136,0.24875372648239136,1
46,lowerarm_r,0.2487167865037918,0.2487167865037918,0.2487167865037918,1
10,RUpArmTwist_l_01,0.24864885210990906,0.24864885210990906,0.24864885210990906,1
44,ring_01_l,0.2482137531042099,0.2482137531042099,0.2482137531042099,1
77,middle_01_r,0.24811416864395142,0.24811416864395142,0.24811416864395142,1
48,middle_01_r,0.2480786144733429,0.2480786144733429,0.2480786144733429,1
71,ball_l,0.24802719056606293,0.24802719056606293,0.24802719056606293,1
2,LCalfTwist_01,0.24796339869499207,0.24796339869499207,0.24796339869499207,1
11,upperarm_r,0.2478986233472824,0.2478986233472824,0.2478986233472824,1
58,middle_01_l,0.24785177409648895,0.24785177409648895,0.24785177409648895,1
65,spine_01,0.24768304824829102,0.24768304824829102,0.24768304824829102,1
57,lowerarm_l,0.247630774974823,0.247630774974823,0.247630774974823,1
25,middle_01_l,0.24761392176151276,0.24761392176151276,0.24761392176151276,1
27,lowerarm_r,0.24751915037631989,0.24751915037631989,0.24751915037631989,1
49,head,0.24746288359165192,0.24746288359165192,0.24746288359165192,1
56,calf_r,0.24744807183742523,0.24744807183742523,0.24744807183742523,1
55,RUpArmTwist_l_01,0.24735389649868011,0.24735389649868011,0.24735389649868011,1
56,index_01_r,0.24726760387420654,0.24726760387420654,0.24726760387420654,1
44,LCalfTwist_02,0.24707761406898499,0.24707761406898499,0.24707761406898499,1
24,LCalfTwist_01,0.24676886200904846,0.24676886200904846,0.24676886200904846,1
19,middle_01_l,0.2465609759092331,0.2465609759092331,0.2465609759092331,1
0,thumb_01_l,0.24637891352176666,0.24637891352176666,0.24637891352176666,1
12,middle_01_l,0.2462722659111023,0.2462722659111023,0.2462722659111023,1
56,hand_l,0.24626892805099487,0.24626892805099487,0.24626892805099487,1
80,thumb_01_l,0.24626143276691437,0.24626143276691437,0.24626143276691437,1
11,neck_01,0.24614235758781433,0.24614235758781433,0.24614235758781433,1
16,head,0.2458636611700058,0.2458636611700058,0.2458636611700058,1
13,thumb_01_l,0.24582262337207794,0.24582262337207794,0.24582262337207794,1
11,spine_02,0.24578344821929932,0.24578344821929932,0.24578344821929932,1
20,clavicle_l,0.24575890600681305,0.24575890600681305,0.24575890600681305,1
13,RUpArmTwist_r_02,0.24571797251701355,0.24571797251701355,0.24571797251701355,1
69,foot_l,0.24551475048065186,0.24551475048065186,0.24551475048065186,1
71,spine_02,0.24538777768611908,0.24538777768611908,0.24538777768611908,1
5,calf_r,0.24524013698101044,0.24524013698101044,0.24524013698101044,1
0,RUpArmTwist_r_01,0.24502544105052948,0.24502544105052948,0.24502544105052948,1
1,LCalfTwist_02,0.2449803650379181,0.2449803650379181,0.2449803650379181,1
43,calf_l,0.2448103427886963,0.2448103427886963,0.2448103427886963,1
83,thumb_01_l,0.2447027862071991,0.2447027862071991,0.2447027862071991,1
23,middle_01_l,0.24460898339748383,0.24460898339748383,0.24460898339748383,1
44,thigh_r,0.2445581555366516,0.2445581555366516,0.2445581555366516,1
45,middle_01_l,0.24439989030361176,0.24439989030361176,0.24439989030361176,1
43,hand_r,0.24428966641426086,0.24428966641426086,0.24428966641426086,1
4,index_01_r,0.2441263347864151,0.2441263347864151,0.2441263347864151,1
38,pinky_01_r,0.24398623406887054,0.24398623406887054,0.24398623406887054,1
56,foot_l,0.24383772909641266,0.24383772909641266,0.24383772909641266,1
25,middle_01_r,0.24371059238910675,0.24371059238910675,0.24371059238910675,1
68,pinky_01_l,0.2435484379529953,0.2435484379529953,0.2435484379529953,1
81,RUpArmTwist_r_01,0.24332834780216217,0.24332834780216217,0.24332834780216217,1
15,calf_r,0.2433183193206787,0.2433183193206787,0.2433183193206787,1
15,middle_01_l,0.24326372146606445,0.24326372146606445,0.24326372146606445,1
1,calf_l,0.24326156079769135,0.24326156079769135,0.24326156079769135,1
34,R_ForeTwist_02,0.24316725134849548,0.24316725134849548,0.24316725134849548,1
40,index_01_r,0.2431161254644394,0.2431161254644394,0.2431161254644394,1
50,ring_01_l,0.2430662363767624,0.2430662363767624,0.2430662363767624,1
72,clavicle_l,0.2429363876581192,0.2429363876581192,0.2429363876581192,1
79,RCalfTwist_01,0.2426118403673172,0.2426118403673172,0.2426118403673172,1
56,RCalfTwist_03,0.2425953596830368,0.2425953596830368,0.2425953596830368,1
7,clavicle_r,0.2425910383462906,0.2425910383462906,0.2425910383462906,1
22,middle_01_r,0.2425769418478012,0.2425769418478012,0.2425769418478012,1
9,ball_r,0.24256771802902222,0.24256771802902222,0.24256771802902222,1
15,upperarm_r,0.2424505054950714,0.2424505054950714,0.2424505054950714,1
30,middle_01_l,0.24232470989227295,0.24232470989227295,0.24232470989227295,1
61,LCalfTwist_01,0.24223104119300842,0.24223104119300842,0.24223104119300842,1
27,thigh_r,0.24210694432258606,0.24210694432258606,0.24210694432258606,1
13,index_01_l,0.24207636713981628,0.24207636713981628,0.24207636713981628,1
23,RCalfTwist_03,0.24207428097724915,0.24207428097724915,0.24207428097724915,1
17,lowerarm_r,0.24203045666217804,0.24203045666217804,0.24203045666217804,1
38,hand_l,0.24196060001850128,0.24196060001850128,0.24196060001850128,1
74,ball_r,0.2418449968099594,0.2418449968099594,0.2418449968099594,1
51,lowerarm_l,0.24183183908462524,0.24183183908462524,0.24183183908462524,1
60,hand_l,0.24178381264209747,0.24178381264209747,0.24178381264209747,1
68,middle_01_l,0.24172240495681763,0.24172240495681763,0.24172240495681763,1
28,middle_01_l,0.24145935475826263,0.24145935475826263,0.24145935475826263,1
79,R_ForeTwist_02,0.24126292765140533,0.24126292765140533,0.24126292765140533,1
29,middle_01_l,0.24117718636989594,0.24117718636989594,0.24117718636989594,1
32,index_01_r,0.2411605566740036,0.2411605566740036,0.2411605566740036,1
16,RCalfTwist_03,0.24113979935646057,0.24113979935646057,0.24113979935646057,1
36,pinky_01_r,0.2408454716205597,0.2408454716205597,0.2408454716205597,1
37,R_ForeTwist_02,0.2407987415790558,0.2407987415790558,0.2407987415790558,1
44,middle_01_l,0.24074245989322662,0.24074245989322662,0.24074245989322662,1
58,LCalfTwist_02,0.24068744480609894,0.24068744480609894,0.24068744480609894,1
69,lowerarm_l,0.2405848503112793,0.2405848503112793,0.2405848503112793,1
37,pinky_01_r,0.24053151905536652,0.24053151905536652,0.24053151905536652,1
10,head,0.2402697503566742,0.2402697503566742,0.2402697503566742,1
37,middle_01_r,0.24020686745643616,0.24020686745643616,0.24020686745643616,1
35,thigh_r,0.24017375707626343,0.24017375707626343,0.24017375707626343,1
32,clavicle_r,0.24015241861343384,0.24015241861343384,0.24015241861343384,1
49,calf_l,0.24008627235889435,0.24008627235889435,0.24008627235889435,1
43,RUpArmTwist_l_01,0.23999881744384766,0.23999881744384766,0.23999881744384766,1
6,neck_01,0.23983067274093628,0.23983067274093628,0.23983067274093628,1
3,middle_01_l,0.23974540829658508,0.23974540829658508,0.23974540829658508,1
32,middle_01_l,0.23953580856323242,0.23953580856323242,0.23953580856323242,1
10,R_ForeTwist_02,0.2395334094762802,0.2395334094762802,0.2395334094762802,1
62,middle_01_l,0.23951776325702667,0.23951776325702667,0.23951776325702667,1
28,lowerarm_l,0.23927363753318787,0.23927363753318787,0.23927363753318787,1
6,RCalfTwist_01,0.23926350474357605,0.23926350474357605,0.23926350474357605,1
19,head,0.2392561435699463,0.2392561435699463,0.2392561435699463,1
84,clavicle_r,0.23924893140792847,0.23924893140792847,0.23924893140792847,1
21,RCalfTwist_03,0.23919899761676788,0.23919899761676788,0.23919899761676788,1
48,clavicle_l,0.2389754056930542,0.2389754056930542,0.2389754056930542,1
1,RCalfTwist_03,0.23872719705104828,0.23872719705104828,0.23872719705104828,1
75,pinky_01_l,0.23870910704135895,0.23870910704135895,0.23870910704135895,1
44,RUpArmTwist_r_01,0.23858024179935455,0.23858024179935455,0.23858024179935455,1
68,ball_r,0.23853184282779694,0.23853184282779694,0.23853184282779694,1
76,middle_01_r,0.23839308321475983,0.23839308321475983,0.23839308321475983,1
76,middle_01_l,0.23835177719593048,0.23835177719593048,0.23835177719593048,1
75,clavicle_l,0.23817788064479828,0.23817788064479828,0.23817788064479828,1
65,middle_01_r,0.23811767995357513,0.23811767995357513,0.23811767995357513,1
82,middle_01_l,0.23806864023208618,0.23806864023208618,0.23806864023208618,1
69,upperarm_l,0.23795367777347565,0.23795367777347565,0.23795367777347565,1
39,ball_l,0.2378501147031784,0.2378501147031784,0.2378501147031784,1
74,head,0.2377527803182602,0.2377527803182602,0.2377527803182602,1
59,spine_02,0.2377358078956604,0.2377358078956604,0.2377358078956604,1
48,middle_01_l,0.2375182807445526,0.2375182807445526,0.2375182807445526,1
30,index_01_r,0.2375066578388214,0.2375066578388214,0.2375066578388214,1
85,Bip001,0.2374524027109146,0.2374524027109146,0.2374524027109146,1
66,middle_01_l,0.23735737800598145,0.23735737800598145,0.23735737800598145,1
27,middle_01_r,0.2371799498796463,0.2371799498796463,0.2371799498796463,1
65,LCalfTwist_02,0.23714575171470642,0.23714575171470642,0.23714575171470642,1
6,hand_r,0.23706012964248657,0.23706012964248657,0.23706012964248657,1
29,head,0.23703454434871674,0.23703454434871674,0.23703454434871674,1
20,index_01_r,0.23700113594532013,0.23700113594532013,0.23700113594532013,1
73,LCalfTwist_01,0.23692063987255096,0.23692063987255096,0.23692063987255096,1
39,R_ForeTwist_02,0.2367805689573288,0.2367805689573288,0.2367805689573288,1
74,RCalfTwist_03,0.2364804893732071,0.2364804893732071,0.2364804893732071,1
7,RCalfTwist_03,0.2364746779203415,0.2364746779203415,0.2364746779203415,1
29,spine_02,0.2363918572664261,0.2363918572664261,0.2363918572664261,1
59,LCalfTwist_02,0.23637638986110687,0.23637638986110687,0.23637638986110687,1
39,calf_r,0.23631009459495544,0.23631009459495544,0.23631009459495544,1
57,spine_01,0.23630541563034058,0.23630541563034058,0.23630541563034058,1
30,upperarm_r,0.2362404465675354,0.2362404465675354,0.2362404465675354,1
2,thumb_01_l,0.23622757196426392,0.23622757196426392,0.23622757196426392,1
53,LCalfTwist_02,0.2362205982208252,0.2362205982208252,0.2362205982208252,1
6,middle_01_l,0.2362082451581955,0.2362082451581955,0.2362082451581955,1
26,middle_01_r,0.23613762855529785,0.23613762855529785,0.23613762855529785,1
12,LCalfTwist_02,0.23608098924160004,0.23608098924160004,0.23608098924160004,1
21,R_ForeTwist_02,0.23607148230075836,0.23607148230075836,0.23607148230075836,1
46,middle_01_l,0.2358803153038025,0.2358803153038025,0.2358803153038025,1
74,LCalfTwist_01,0.2358623594045639,0.2358623594045639,0.2358623594045639,1
54,middle_01_l,0.2356138378381729,0.2356138378381729,0.2356138378381729,1
75,spine_01,0.23559868335723877,0.23559868335723877,0.23559868335723877,1
41,middle_01_l,0.23540006577968597,0.23540006577968597,0.23540006577968597,1
55,clavicle_r,0.23538726568222046,0.23538726568222046,0.23538726568222046,1
11,R_ForeTwist_02,0.23533056676387787,0.23533056676387787,0.23533056676387787,1
78,spine_01,0.23493196070194244,0.23493196070194244,0.23493196070194244,1
50,middle_01_r,0.23492173850536346,0.23492173850536346,0.23492173850536346,1
77,middle_01_l,0.2348562777042389,0.2348562777042389,0.2348562777042389,1
49,middle_01_r,0.23475678265094757,0.23475678265094757,0.23475678265094757,1
25,head,0.23472759127616882,0.23472759127616882,0.23472759127616882,1
77,thumb_01_l,0.23464234173297882,0.23464234173297882,0.23464234173297882,1
20,middle_01_l,0.234599307179451,0.234599307179451,0.234599307179451,1
69,middle_01_l,0.2345210313796997,0.2345210313796997,0.2345210313796997,1
16,calf_r,0.23450520634651184,0.23450520634651184,0.23450520634651184,1
39,head,0.23446378111839294,0.23446378111839294,0.23446378111839294,1
37,lowerarm_l,0.23438413441181183,0.23438413441181183,0.23438413441181183,1
82,upperarm_l,0.23438315093517303,0.23438315093517303,0.23438315093517303,1
57,head,0.23430337011814117,0.23430337011814117,0.23430337011814117,1
63,middle_01_l,0.23424828052520752,0.23424828052520752,0.23424828052520752,1
81,LCalfTwist_03,0.2341022789478302,0.2341022789478302,0.2341022789478302,1
17,head,0.23400183022022247,0.23400183022022247,0.23400183022022247,1
0,RUpArmTwist_r_02,0.23393689095973969,0.23393689095973969,0.23393689095973969,1
46,pinky_01_r,0.23384208977222443,0.23384208977222443,0.23384208977222443,1
8,middle_01_r,0.23372681438922882,0.23372681438922882,0.23372681438922882,1
81,RCalfTwist_01,0.23357440531253815,0.23357440531253815,0.23357440531253815,1
15,RUpArmTwist_r_01,0.2333550900220871,0.2333550900220871,0.2333550900220871,1
46,upperarm_r,0.23330886662006378,0.23330886662006378,0.23330886662006378,1
1,middle_01_r,0.2332465946674347,0.2332465946674347,0.2332465946674347,1
67,pinky_01_l,0.2332383394241333,0.2332383394241333,0.2332383394241333,1
34,upperarm_r,0.23322871327400208,0.23322871327400208,0.23322871327400208,1
11,RUpArmTwist_r_02,0.23322254419326782,0.23322254419326782,0.23322254419326782,1
47,clavicle_r,0.2331622838973999,0.2331622838973999,0.2331622838973999,1
77,RUpArmTwist_l_01,0.23308436572551727,0.23308436572551727,0.23308436572551727,1
54,calf_l,0.23287537693977356,0.23287537693977356,0.23287537693977356,1
71,middle_01_r,0.23274843394756317,0.23274843394756317,0.23274843394756317,1
57,LCalfTwist_02,0.23265844583511353,0.23265844583511353,0.23265844583511353,1
18,RUpArmTwist_r_01,0.23261936008930206,0.23261936008930206,0.23261936008930206,1
42,RUpArmTwist_l_01,0.23257815837860107,0.23257815837860107,0.23257815837860107,1
28,RCalfTwist_03,0.23257416486740112,0.23257416486740112,0.23257416486740112,1
0,foot_l,0.23250910639762878,0.23250910639762878,0.23250910639762878,1
45,LCalfTwist_02,0.23247946798801422,0.23247946798801422,0.23247946798801422,1
11,middle_01_l,0.23241983354091644,0.23241983354091644,0.23241983354091644,1
30,head,0.2323974072933197,0.2323974072933197,0.2323974072933197,1
52,RUpArmTwist_l_01,0.23224367201328278,0.23224367201328278,0.23224367201328278,1
83,clavicle_r,0.2322251796722412,0.2322251796722412,0.2322251796722412,1
47,clavicle_l,0.2322217971086502,0.2322217971086502,0.2322217971086502,1
72,LCalfTwist_01,0.2321990579366684,0.2321990579366684,0.2321990579366684,1
65,clavicle_l,0.23214441537857056,0.23214441537857056,0.23214441537857056,1
32,head,0.23213648796081543,0.23213648796081543,0.23213648796081543,1
61,foot_l,0.23212918639183044,0.23212918639183044,0.23212918639183044,1
10,spine_01,0.2320736050605774,0.2320736050605774,0.2320736050605774,1
45,pinky_01_r,0.23200859129428864,0.23200859129428864,0.23200859129428864,1
46,middle_01_r,0.2319655567407608,0.2319655567407608,0.2319655567407608,1
67,head,0.23194743692874908,0.23194743692874908,0.23194743692874908,1
62,pinky_01_r,0.23183906078338623,0.23183906078338623,0.23183906078338623,1
2,RCalfTwist_02,0.23167270421981812,0.23167270421981812,0.23167270421981812,1
26,clavicle_r,0.23166415095329285,0.23166415095329285,0.23166415095329285,1
0,Bip001,0.2314949631690979,0.2314949631690979,0.2314949631690979,1
83,calf_l,0.23147083818912506,0.23147083818912506,0.23147083818912506,1
19,upperarm_r,0.23143093287944794,0.23143093287944794,0.23143093287944794,1
29,R_ForeTwist_02,0.23126618564128876,0.23126618564128876,0.23126618564128876,1
79,pinky_01_l,0.23124098777770996,0.23124098777770996,0.23124098777770996,1
72,middle_01_r,0.23119531571865082,0.23119531571865082,0.23119531571865082,1
24,thigh_r,0.23118482530117035,0.23118482530117035,0.23118482530117035,1
54,middle_01_r,0.2309178113937378,0.2309178113937378,0.2309178113937378,1
77,RUpArmTwist_r_02,0.23088254034519196,0.23088254034519196,0.23088254034519196,1
25,R_ForeTwist_02,0.2308790683746338,0.2308790683746338,0.2308790683746338,1
77,head,0.23071517050266266,0.23071517050266266,0.23071517050266266,1
55,index_01_r,0.23068590462207794,0.23068590462207794,0.23068590462207794,1
1,thumb_01_l,0.23065370321273804,0.23065370321273804,0.23065370321273804,1
32,middle_01_r,0.23063364624977112,0.23063364624977112,0.23063364624977112,1
73,upperarm_r,0.230546772480011,0.230546772480011,0.230546772480011,1
47,LCalfTwist_01,0.23042966425418854,0.23042966425418854,0.23042966425418854,1
0,calf_l,0.23042315244674683,0.23042315244674683,0.23042315244674683,1
36,middle_01_r,0.2304009348154068,0.2304009348154068,0.2304009348154068,1
47,middle_01_r,0.23039650917053223,0.23039650917053223,0.23039650917053223,1
16,middle_01_l,0.2302478402853012,0.2302478402853012,0.2302478402853012,1
8,thumb_01_l,0.23016385734081268,0.23016385734081268,0.23016385734081268,1
77,pinky_01_l,0.23012731969356537,0.23012731969356537,0.23012731969356537,1
83,pinky_01_l,0.23010385036468506,0.23010385036468506,0.23010385036468506,1
15,ball_r,0.22999955713748932,0.22999955713748932,0.22999955713748932,1
9,index_01_r,0.22992965579032898,0.22992965579032898,0.22992965579032898,1
80,pinky_01_l,0.22989590466022491,0.22989590466022491,0.22989590466022491,1
52,head,0.22981807589530945,0.22981807589530945,0.22981807589530945,1
65,RUpArmTwist_r_01,0.22970642149448395,0.22970642149448395,0.22970642149448395,1
8,lowerarm_r,0.229637011885643,0.229637011885643,0.229637011885643,1
65,middle_01_l,0.22901618480682373,0.22901618480682373,0.22901618480682373,1
26,head,0.22893841564655304,0.22893841564655304,0.22893841564655304,1
75,ball_r,0.2288188338279724,0.2288188338279724,0.2288188338279724,1
21,head,0.22870151698589325,0.22870151698589325,0.22870151698589325,1
24,middle_01_l,0.228366419672966,0.228366419672966,0.228366419672966,1
59,clavicle_r,0.22835372388362885,0.22835372388362885,0.22835372388362885,1
78,hand_l,0.2282930165529251,0.2282930165529251,0.2282930165529251,1
56,R_ForeTwist_02,0.2282877415418625,0.2282877415418625,0.2282877415418625,1
54,lowerarm_r,0.2282746583223343,0.2282746583223343,0.2282746583223343,1
38,LCalfTwist_02,0.22811834514141083,0.22811834514141083,0.22811834514141083,1
5,middle_01_l,0.22804990410804749,0.22804990410804749,0.22804990410804749,1
5,thumb_01_l,0.2279178351163864,0.2279178351163864,0.2279178351163864,1
71,spine_01,0.22789844870567322,0.22789844870567322,0.22789844870567322,1
13,middle_01_r,0.2278909981250763,0.2278909981250763,0.2278909981250763,1
84,LCalfTwist_02,0.22779105603694916,0.22779105603694916,0.22779105603694916,1
49,middle_01_l,0.22778625786304474,0.22778625786304474,0.22778625786304474,1
62,calf_r,0.22771485149860382,0.22771485149860382,0.22771485149860382,1
34,RCalfTwist_03,0.2277000993490219,0.2277000993490219,0.2277000993490219,1
54,foot_l,0.22768352925777435,0.22768352925777435,0.22768352925777435,1
10,lowerarm_l,0.22766834497451782,0.22766834497451782,0.22766834497451782,1
3,L_ForeTwist_01,0.22763600945472717,0.22763600945472717,0.22763600945472717,1
40,lowerarm_l,0.22753340005874634,0.22753340005874634,0.22753340005874634,1
30,middle_01_r,0.22751571238040924,0.22751571238040924,0.22751571238040924,1
42,RUpArmTwist_r_01,0.22751010954380035,0.22751010954380035,0.22751010954380035,1
3,thigh_l,0.22743892669677734,0.22743892669677734,0.22743892669677734,1
42,clavicle_l,0.22740960121154785,0.22740960121154785,0.22740960121154785,1
35,R_ForeTwist_02,0.2273889034986496,0.2273889034986496,0.2273889034986496,1
48,upperarm_r,0.22737136483192444,0.22737136483192444,0.22737136483192444,1
25,RCalfTwist_03,0.22735005617141724,0.22735005617141724,0.22735005617141724,1
62,spine_02,0.22715677320957184,0.22715677320957184,0.22715677320957184,1
72,index_01_r,0.22708477079868317,0.22708477079868317,0.22708477079868317,1
19,index_01_r,0.22708119451999664,0.22708119451999664,0.22708119451999664,1
11,index_01_l,0.2269822359085083,0.2269822359085083,0.2269822359085083,1
61,thumb_01_l,0.22696460783481598,0.22696460783481598,0.22696460783481598,1
83,LCalfTwist_02,0.2269420623779297,0.2269420623779297,0.2269420623779297,1
43,RUpArmTwist_r_01,0.22692398726940155,0.22692398726940155,0.22692398726940155,1
43,clavicle_l,0.22691966593265533,0.22691966593265533,0.22691966593265533,1
59,upperarm_r,0.22685737907886505,0.22685737907886505,0.22685737907886505,1
43,middle_01_l,0.2266867756843567,0.2266867756843567,0.2266867756843567,1
27,neck_01,0.22656762599945068,0.22656762599945068,0.22656762599945068,1
79,index_01_l,0.226310133934021,0.226310133934021,0.226310133934021,1
30,R_ForeTwist_02,0.22626893222332,0.22626893222332,0.22626893222332,1
84,pinky_01_l,0.22625698149204254,0.22625698149204254,0.22625698149204254,1
37,foot_r,0.22623878717422485,0.22623878717422485,0.22623878717422485,1
8,index_01_r,0.22606907784938812,0.22606907784938812,0.22606907784938812,1
41,upperarm_l,0.22603954374790192,0.22603954374790192,0.22603954374790192,1
53,RUpArmTwist_l_01,0.22601176798343658,0.22601176798343658,0.22601176798343658,1
38,calf_r,0.22601090371608734,0.22601090371608734,0.22601090371608734,1
25,LCalfTwist_01,0.2258620262145996,0.2258620262145996,0.2258620262145996,1
50,upperarm_l,0.2258165180683136,0.2258165180683136,0.2258165180683136,1
14,spine_01,0.22571155428886414,0.22571155428886414,0.22571155428886414,1
80,R_ForeTwist_02,0.22548849880695343,0.22548849880695343,0.22548849880695343,1
81,clavicle_l,0.22546476125717163,0.22546476125717163,0.22546476125717163,1
18,head,0.22537633776664734,0.22537633776664734,0.22537633776664734,1
47,upperarm_r,0.2253674566745758,0.2253674566745758,0.2253674566745758,1
10,pinky_01_r,0.22506244480609894,0.22506244480609894,0.22506244480609894,1
5,LCalfTwist_03,0.22500094771385193,0.22500094771385193,0.22500094771385193,1
41,spine_02,0.22494299709796906,0.22494299709796906,0.22494299709796906,1
25,clavicle_r,0.22492651641368866,0.22492651641368866,0.22492651641368866,1
33,pinky_01_r,0.22492042183876038,0.22492042183876038,0.22492042183876038,1
36,RUpArmTwist_r_02,0.22490137815475464,0.22490137815475464,0.22490137815475464,1
20,lowerarm_r,0.22478757798671722,0.22478757798671722,0.22478757798671722,1
70,middle_01_l,0.22471968829631805,0.22471968829631805,0.22471968829631805,1
18,LCalfTwist_03,0.22466328740119934,0.22466328740119934,0.22466328740119934,1
53,LCalfTwist_03,0.2244652360677719,0.2244652360677719,0.2244652360677719,1
58,spine_01,0.22446079552173615,0.22446079552173615,0.22446079552173615,1
67,clavicle_l,0.22420136630535126,0.22420136630535126,0.22420136630535126,1
5,pinky_01_r,0.22418203949928284,0.22418203949928284,0.22418203949928284,1
10,Bip001,0.22407300770282745,0.22407300770282745,0.22407300770282745,1
42,calf_l,0.22389547526836395,0.22389547526836395,0.22389547526836395,1
65,R_ForeTwist_02,0.22379399836063385,0.22379399836063385,0.22379399836063385,1
32,clavicle_l,0.22378674149513245,0.22378674149513245,0.22378674149513245,1
39,middle_01_r,0.22373588383197784,0.22373588383197784,0.22373588383197784,1
49,upperarm_l,0.22372448444366455,0.22372448444366455,0.22372448444366455,1
16,ball_l,0.22360146045684814,0.22360146045684814,0.22360146045684814,1
60,spine_01,0.2233526110649109,0.2233526110649109,0.2233526110649109,1
72,lowerarm_r,0.22325138747692108,0.22325138747692108,0.22325138747692108,1
48,hand_l,0.22305487096309662,0.22305487096309662,0.22305487096309662,1
78,index_01_l,0.22292770445346832,0.22292770445346832,0.22292770445346832,1
20,spine_02,0.22288863360881805,0.22288863360881805,0.22288863360881805,1
52,lowerarm_l,0.22287636995315552,0.22287636995315552,0.22287636995315552,1
25,pinky_01_r,0.22278077900409698,0.22278077900409698,0.22278077900409698,1
75,ball_l,0.22275471687316895,0.22275471687316895,0.22275471687316895,1
24,LCalfTwist_03,0.22274844348430634,0.22274844348430634,0.22274844348430634,1
80,hand_l,0.22268326580524445,0.22268326580524445,0.22268326580524445,1
3,thumb_01_l,0.22259676456451416,0.22259676456451416,0.22259676456451416,1
4,middle_01_r,0.22250549495220184,0.22250549495220184,0.22250549495220184,1
17,clavicle_l,0.22248046100139618,0.22248046100139618,0.22248046100139618,1
72,ball_r,0.22244559228420258,0.22244559228420258,0.22244559228420258,1
47,R_ForeTwist_02,0.22243016958236694,0.22243016958236694,0.22243016958236694,1
16,upperarm_l,0.22233644127845764,0.22233644127845764,0.22233644127845764,1
73,middle_01_r,0.2222321778535843,0.2222321778535843,0.2222321778535843,1
56,head,0.22206741571426392,0.22206741571426392,0.22206741571426392,1
45,RUpArmTwist_r_02,0.22204697132110596,0.22204697132110596,0.22204697132110596,1
50,calf_r,0.221973717212677,0.221973717212677,0.221973717212677,1
47,index_01_r,0.2219073325395584,0.2219073325395584,0.2219073325395584,1
14,calf_r,0.22177018225193024,0.22177018225193024,0.22177018225193024,1
22,pinky_01_r,0.22155523300170898,0.22155523300170898,0.22155523300170898,1
72,RUpArmTwist_r_01,0.22143247723579407,0.22143247723579407,0.22143247723579407,1
32,pinky_01_r,0.22138991951942444,0.22138991951942444,0.22138991951942444,1
43,middle_01_r,0.22137951850891113,0.22137951850891113,0.22137951850891113,1
75,index_01_r,0.22124327719211578,0.22124327719211578,0.22124327719211578,1
2,RUpArmTwist_r_02,0.22120067477226257,0.22120067477226257,0.22120067477226257,1
75,head,0.22115306556224823,0.22115306556224823,0.22115306556224823,1
50,lowerarm_l,0.2210852950811386,0.2210852950811386,0.2210852950811386,1
65,pinky_01_l,0.22101359069347382,0.22101359069347382,0.22101359069347382,1
65,upperarm_r,0.2210008203983307,0.2210008203983307,0.2210008203983307,1
34,Bip001,0.22099381685256958,0.22099381685256958,0.22099381685256958,1
77,upperarm_r,0.22098085284233093,0.22098085284233093,0.22098085284233093,1
64,LCalfTwist_01,0.22097477316856384,0.22097477316856384,0.22097477316856384,1
26,LCalfTwist_01,0.22093158960342407,0.22093158960342407,0.22093158960342407,1
49,RUpArmTwist_r_01,0.2208315134048462,0.2208315134048462,0.2208315134048462,1
1,RUpArmTwist_r_01,0.2206864207983017,0.2206864207983017,0.2206864207983017,1
4,calf_r,0.22051215171813965,0.22051215171813965,0.22051215171813965,1
63,RUpArmTwist_l_01,0.22033187747001648,0.22033187747001648,0.22033187747001648,1
82,upperarm_r,0.22029227018356323,0.22029227018356323,0.22029227018356323,1
68,ball_l,0.22023905813694,0.22023905813694,0.22023905813694,1
35,RUpArmTwist_r_02,0.22003842890262604,0.22003842890262604,0.22003842890262604,1
9,Bip001,0.2199505716562271,0.2199505716562271,0.2199505716562271,1
60,lowerarm_r,0.2199046015739441,0.2199046015739441,0.2199046015739441,1
79,LCalfTwist_02,0.2196841686964035,0.2196841686964035,0.2196841686964035,1
22,ball_l,0.2195296734571457,0.2195296734571457,0.2195296734571457,1
55,pinky_01_r,0.21949641406536102,0.21949641406536102,0.21949641406536102,1
3,LCalfTwist_01,0.2194570153951645,0.2194570153951645,0.2194570153951645,1
44,middle_01_r,0.21933521330356598,0.21933521330356598,0.21933521330356598,1
42,index_01_l,0.21918641030788422,0.21918641030788422,0.21918641030788422,1
70,head,0.21915239095687866,0.21915239095687866,0.21915239095687866,1
74,clavicle_r,0.21907904744148254,0.21907904744148254,0.21907904744148254,1
71,upperarm_l,0.21899046003818512,0.21899046003818512,0.21899046003818512,1
46,R_ForeTwist_02,0.21896538138389587,0.21896538138389587,0.21896538138389587,1
46,index_01_r,0.21888287365436554,0.21888287365436554,0.21888287365436554,1
12,head,0.2188761830329895,0.2188761830329895,0.2188761830329895,1
35,pinky_01_r,0.21876870095729828,0.21876870095729828,0.21876870095729828,1
68,hand_l,0.2185877412557602,0.2185877412557602,0.2185877412557602,1
82,calf_l,0.2185688614845276,0.2185688614845276,0.2185688614845276,1
28,middle_01_r,0.2183694988489151,0.2183694988489151,0.2183694988489151,1
5,RUpArmTwist_r_02,0.21824732422828674,0.21824732422828674,0.21824732422828674,1
53,spine_01,0.21823889017105103,0.21823889017105103,0.21823889017105103,1
80,ball_l,0.2181788831949234,0.2181788831949234,0.2181788831949234,1
61,lowerarm_r,0.2180578112602234,0.2180578112602234,0.2180578112602234,1
61,Bip001,0.21792452037334442,0.21792452037334442,0.21792452037334442,1
59,R_ForeTwist_02,0.21782267093658447,0.21782267093658447,0.21782267093658447,1
38,R_ForeTwist_02,0.21780502796173096,0.21780502796173096,0.21780502796173096,1
69,LCalfTwist_03,0.21762651205062866,0.21762651205062866,0.21762651205062866,1
17,clavicle_r,0.21759746968746185,0.21759746968746185,0.21759746968746185,1
43,lowerarm_l,0.2175808697938919,0.2175808697938919,0.2175808697938919,1
59,index_01_r,0.21744006872177124,0.21744006872177124,0.21744006872177124,1
7,thumb_01_l,0.21737957000732422,0.21737957000732422,0.21737957000732422,1
31,calf_r,0.21736909449100494,0.21736909449100494,0.21736909449100494,1
36,R_ForeTwist_02,0.21734178066253662,0.21734178066253662,0.21734178066253662,1
66,R_ForeTwist_02,0.2173006236553192,0.2173006236553192,0.2173006236553192,1
57,index_01_r,0.21726000308990479,0.21726000308990479,0.21726000308990479,1
36,LCalfTwist_03,0.2171553522348404,0.2171553522348404,0.2171553522348404,1
30,LCalfTwist_03,0.21704651415348053,0.21704651415348053,0.21704651415348053,1
10,middle_01_l,0.21703076362609863,0.21703076362609863,0.21703076362609863,1
9,RUpArmTwist_r_02,0.21700003743171692,0.21700003743171692,0.21700003743171692,1
61,clavicle_l,0.2169421911239624,0.2169421911239624,0.2169421911239624,1
15,neck_01,0.21680797636508942,0.21680797636508942,0.21680797636508942,1
63,thumb_01_l,0.2168072760105133,0.2168072760105133,0.2168072760105133,1
12,LCalfTwist_03,0.21680358052253723,0.21680358052253723,0.21680358052253723,1
18,spine_02,0.21673978865146637,0.21673978865146637,0.21673978865146637,1
12,clavicle_r,0.216711163520813,0.216711163520813,0.216711163520813,1
66,clavicle_l,0.21661408245563507,0.21661408245563507,0.21661408245563507,1
0,middle_01_r,0.21660923957824707,0.21660923957824707,0.21660923957824707,1
26,middle_01_l,0.21651943027973175,0.21651943027973175,0.21651943027973175,1
34,RUpArmTwist_r_02,0.216512531042099,0.216512531042099,0.216512531042099,1
54,RUpArmTwist_l_01,0.21633122861385345,0.21633122861385345,0.21633122861385345,1
23,LCalfTwist_01,0.2162269502878189,0.2162269502878189,0.2162269502878189,1
42,middle_01_l,0.21620619297027588,0.21620619297027588,0.21620619297027588,1
47,upperarm_l,0.2160550355911255,0.2160550355911255,0.2160550355911255,1
35,foot_r,0.21605026721954346,0.21605026721954346,0.21605026721954346,1
0,middle_01_l,0.21600237488746643,0.21600237488746643,0.21600237488746643,1
19,pinky_01_r,0.21595636010169983,0.21595636010169983,0.21595636010169983,1
84,middle_01_r,0.2158711701631546,0.2158711701631546,0.2158711701631546,1
43,LCalfTwist_01,0.2157437652349472,0.2157437652349472,0.2157437652349472,1
85,thigh_r,0.2157004028558731,0.2157004028558731,0.2157004028558731,1
7,Bip001,0.21568506956100464,0.21568506956100464,0.21568506956100464,1
83,middle_01_r,0.21562185883522034,0.21562185883522034,0.21562185883522034,1
51,LCalfTwist_02,0.21560858190059662,0.21560858190059662,0.21560858190059662,1
14,middle_01_l,0.21560423076152802,0.21560423076152802,0.21560423076152802,1
55,foot_l,0.2154550552368164,0.2154550552368164,0.2154550552368164,1
6,thumb_01_l,0.21543052792549133,0.21543052792549133,0.21543052792549133,1
60,R_ForeTwist_02,0.21537916362285614,0.21537916362285614,0.21537916362285614,1
76,RCalfTwist_03,0.2151845246553421,0.2151845246553421,0.2151845246553421,1
33,RUpArmTwist_r_02,0.21511299908161163,0.21511299908161163,0.21511299908161163,1
78,RUpArmTwist_l_01,0.21506690979003906,0.21506690979003906,0.21506690979003906,1
67,thigh_r,0.21496102213859558,0.21496102213859558,0.21496102213859558,1
46,clavicle_r,0.21490199863910675,0.21490199863910675,0.21490199863910675,1
74,middle_01_r,0.2149004191160202,0.2149004191160202,0.2149004191160202,1
57,ball_l,0.214866504073143,0.214866504073143,0.214866504073143,1
52,lowerarm_r,0.2147614061832428,0.2147614061832428,0.2147614061832428,1
75,middle_01_r,0.21475599706172943,0.21475599706172943,0.21475599706172943,1
21,LCalfTwist_01,0.2146453559398651,0.2146453559398651,0.2146453559398651,1
75,middle_01_l,0.21445704996585846,0.21445704996585846,0.21445704996585846,1
5,middle_01_r,0.21429188549518585,0.21429188549518585,0.21429188549518585,1
20,pinky_01_r,0.21412749588489532,0.21412749588489532,0.21412749588489532,1
42,upperarm_l,0.21405509114265442,0.21405509114265442,0.21405509114265442,1
46,ball_l,0.21375294029712677,0.21375294029712677,0.21375294029712677,1
41,calf_r,0.21371746063232422,0.21371746063232422,0.21371746063232422,1
51,clavicle_l,0.2137153148651123,0.2137153148651123,0.2137153148651123,1
29,index_01_l,0.213680237531662,0.213680237531662,0.213680237531662,1
9,R_ForeTwist_02,0.2134913057088852,0.2134913057088852,0.2134913057088852,1
48,index_01_r,0.21330492198467255,0.21330492198467255,0.21330492198467255,1
64,LCalfTwist_02,0.21311916410923004,0.21311916410923004,0.21311916410923004,1
71,LCalfTwist_02,0.21310706436634064,0.21310706436634064,0.21310706436634064,1
84,head,0.21307559311389923,0.21307559311389923,0.21307559311389923,1
8,Bip001,0.21306224167346954,0.21306224167346954,0.21306224167346954,1
70,upperarm_l,0.21289776265621185,0.21289776265621185,0.21289776265621185,1
53,middle_01_r,0.2128829061985016,0.2128829061985016,0.2128829061985016,1
22,foot_r,0.21259470283985138,0.21259470283985138,0.21259470283985138,1
44,lowerarm_r,0.2125239372253418,0.2125239372253418,0.2125239372253418,1
74,middle_01_l,0.21249808371067047,0.21249808371067047,0.21249808371067047,1
46,spine_01,0.21206717193126678,0.21206717193126678,0.21206717193126678,1
45,middle_01_r,0.21194186806678772,0.21194186806678772,0.21194186806678772,1
2,middle_01_r,0.2119138091802597,0.2119138091802597,0.2119138091802597,1
78,head,0.21188966929912567,0.21188966929912567,0.21188966929912567,1
75,Bip001,0.2118801474571228,0.2118801474571228,0.2118801474571228,1
26,pinky_01_r,0.21168377995491028,0.21168377995491028,0.21168377995491028,1
26,RUpArmTwist_l_02,0.21161417663097382,0.21161417663097382,0.21161417663097382,1
80,RCalfTwist_01,0.21159344911575317,0.21159344911575317,0.21159344911575317,1
9,ball_l,0.21142961084842682,0.21142961084842682,0.21142961084842682,1
49,LCalfTwist_01,0.211425319314003,0.211425319314003,0.211425319314003,1
9,thumb_01_l,0.21129721403121948,0.21129721403121948,0.21129721403121948,1
71,middle_01_l,0.2112828493118286,0.2112828493118286,0.2112828493118286,1
56,clavicle_r,0.2112444043159485,0.2112444043159485,0.2112444043159485,1
80,index_01_l,0.21120795607566833,0.21120795607566833,0.21120795607566833,1
42,calf_r,0.21119804680347443,0.21119804680347443,0.21119804680347443,1
76,foot_l,0.21113935112953186,0.21113935112953186,0.21113935112953186,1
27,upperarm_r,0.211099311709404,0.211099311709404,0.211099311709404,1
61,pinky_01_r,0.21096347272396088,0.21096347272396088,0.21096347272396088,1
69,head,0.21083471179008484,0.21083471179008484,0.21083471179008484,1
72,middle_01_l,0.21071629226207733,0.21071629226207733,0.21071629226207733,1
19,RUpArmTwist_r_01,0.21071213483810425,0.21071213483810425,0.21071213483810425,1
47,RUpArmTwist_r_02,0.2107067108154297,0.2107067108154297,0.2107067108154297,1
60,L_ForeTwist_02,0.21062499284744263,0.21062499284744263,0.21062499284744263,1
2,R_ForeTwist_01,0.21062442660331726,0.21062442660331726,0.21062442660331726,1
26,neck_01,0.2105330526828766,0.2105330526828766,0.2105330526828766,1
51,middle_01_r,0.21053189039230347,0.21053189039230347,0.21053189039230347,1
19,Bip001,0.21053114533424377,0.21053114533424377,0.21053114533424377,1
34,head,0.21046419441699982,0.21046419441699982,0.21046419441699982,1
35,calf_r,0.21044032275676727,0.21044032275676727,0.21044032275676727,1
29,middle_01_r,0.21044014394283295,0.21044014394283295,0.21044014394283295,1
7,spine_01,0.21038904786109924,0.21038904786109924,0.21038904786109924,1
17,LCalfTwist_03,0.21036256849765778,0.21036256849765778,0.21036256849765778,1
52,RCalfTwist_01,0.21025292575359344,0.21025292575359344,0.21025292575359344,1
54,RCalfTwist_03,0.21023671329021454,0.21023671329021454,0.21023671329021454,1
62,RUpArmTwist_l_01,0.20981553196907043,0.20981553196907043,0.20981553196907043,1
41,index_01_l,0.20969605445861816,0.20969605445861816,0.20969605445861816,1
8,calf_l,0.20964109897613525,0.20964109897613525,0.20964109897613525,1
3,pinky_01_l,0.2093140035867691,0.2093140035867691,0.2093140035867691,1
9,head,0.20926637947559357,0.20926637947559357,0.20926637947559357,1
28,RUpArmTwist_l_01,0.2092519998550415,0.2092519998550415,0.2092519998550415,1
56,LCalfTwist_02,0.2092198133468628,0.2092198133468628,0.2092198133468628,1
73,middle_01_l,0.209166020154953,0.209166020154953,0.209166020154953,1
19,clavicle_l,0.20908015966415405,0.20908015966415405,0.20908015966415405,1
23,upperarm_r,0.20898590981960297,0.20898590981960297,0.20898590981960297,1
14,neck_01,0.20898118615150452,0.20898118615150452,0.20898118615150452,1
27,middle_01_l,0.20891332626342773,0.20891332626342773,0.20891332626342773,1
65,RUpArmTwist_r_02,0.20884226262569427,0.20884226262569427,0.20884226262569427,1
51,RUpArmTwist_r_01,0.20881003141403198,0.20881003141403198,0.20881003141403198,1
47,pinky_01_r,0.20875392854213715,0.20875392854213715,0.20875392854213715,1
61,index_01_r,0.20873810350894928,0.20873810350894928,0.20873810350894928,1
50,upperarm_r,0.20855015516281128,0.20855015516281128,0.20855015516281128,1
27,index_01_l,0.20853053033351898,0.20853053033351898,0.20853053033351898,1
54,pinky_01_r,0.20845237374305725,0.20845237374305725,0.20845237374305725,1
14,middle_01_r,0.20834869146347046,0.20834869146347046,0.20834869146347046,1
68,RUpArmTwist_l_01,0.2082451432943344,0.2082451432943344,0.2082451432943344,1
79,thumb_01_l,0.20810773968696594,0.20810773968696594,0.20810773968696594,1
44,R_ForeTwist_02,0.2080300748348236,0.2080300748348236,0.2080300748348236,1
66,pinky_01_l,0.20800229907035828,0.20800229907035828,0.20800229907035828,1
2,spine_01,0.2078741192817688,0.2078741192817688,0.2078741192817688,1
21,spine_02,0.20771360397338867,0.20771360397338867,0.20771360397338867,1
73,Bip001,0.20767274498939514,0.20767274498939514,0.20767274498939514,1
45,clavicle_l,0.2076072096824646,0.2076072096824646,0.2076072096824646,1
8,LCalfTwist_01,0.2075119912624359,0.2075119912624359,0.2075119912624359,1
62,clavicle_r,0.20734144747257233,0.20734144747257233,0.20734144747257233,1
39,spine_02,0.20731692016124725,0.20731692016124725,0.20731692016124725,1
56,lowerarm_l,0.20729021728038788,0.20729021728038788,0.20729021728038788,1
54,LCalfTwist_03,0.2072710543870926,0.2072710543870926,0.2072710543870926,1
52,RUpArmTwist_r_02,0.20723628997802734,0.20723628997802734,0.20723628997802734,1
62,RCalfTwist_03,0.20707197487354279,0.20707197487354279,0.20707197487354279,1
60,RUpArmTwist_r_01,0.20700466632843018,0.20700466632843018,0.20700466632843018,1
39,lowerarm_l,0.2069493979215622,0.2069493979215622,0.2069493979215622,1
20,head,0.20694498717784882,0.20694498717784882,0.20694498717784882,1
23,foot_l,0.2068539559841156,0.2068539559841156,0.2068539559841156,1
20,RCalfTwist_03,0.20680880546569824,0.20680880546569824,0.20680880546569824,1
36,clavicle_l,0.20679359138011932,0.20679359138011932,0.20679359138011932,1
66,thumb_01_l,0.20676185190677643,0.20676185190677643,0.20676185190677643,1
25,thigh_r,0.20666401088237762,0.20666401088237762,0.20666401088237762,1
40,middle_01_l,0.2064189910888672,0.2064189910888672,0.2064189910888672,1
42,middle_01_r,0.206337571144104,0.206337571144104,0.206337571144104,1
67,R_ForeTwist_02,0.20623186230659485,0.20623186230659485,0.20623186230659485,1
37,spine_01,0.2062293440103531,0.2062293440103531,0.2062293440103531,1
72,thumb_01_l,0.20622867345809937,0.20622867345809937,0.20622867345809937,1
24,foot_l,0.2061249017715454,0.2061249017715454,0.2061249017715454,1
45,calf_l,0.2061162292957306,0.2061162292957306,0.2061162292957306,1
64,clavicle_l,0.20610050857067108,0.20610050857067108,0.20610050857067108,1
64,LCalfTwist_03,0.20608046650886536,0.20608046650886536,0.20608046650886536,1
20,ball_l,0.20593656599521637,0.20593656599521637,0.20593656599521637,1
6,LCalfTwist_02,0.20585353672504425,0.20585353672504425,0.20585353672504425,1
68,LCalfTwist_03,0.20585192739963531,0.20585192739963531,0.20585192739963531,1
82,clavicle_r,0.20583337545394897,0.20583337545394897,0.20583337545394897,1
34,hand_l,0.2057293802499771,0.2057293802499771,0.2057293802499771,1
43,RCalfTwist_03,0.20560133457183838,0.20560133457183838,0.20560133457183838,1
26,thigh_r,0.20549245178699493,0.20549245178699493,0.20549245178699493,1
49,R_ForeTwist_02,0.20538140833377838,0.20538140833377838,0.20538140833377838,1
77,ball_l,0.20537734031677246,0.20537734031677246,0.20537734031677246,1
35,lowerarm_r,0.20523478090763092,0.20523478090763092,0.20523478090763092,1
63,Bip001,0.20523452758789062,0.20523452758789062,0.20523452758789062,1
69,thumb_01_l,0.2051069289445877,0.2051069289445877,0.2051069289445877,1
32,calf_r,0.20510277152061462,0.20510277152061462,0.20510277152061462,1
11,upperarm_l,0.2048521190881729,0.2048521190881729,0.2048521190881729,1
19,calf_r,0.20478346943855286,0.20478346943855286,0.20478346943855286,1
43,ring_01_l,0.20475934445858002,0.20475934445858002,0.20475934445858002,1
58,head,0.20460961759090424,0.20460961759090424,0.20460961759090424,1
28,R_ForeTwist_02,0.20458252727985382,0.20458252727985382,0.20458252727985382,1
37,Bip001,0.20443321764469147,0.20443321764469147,0.20443321764469147,1
56,pinky_01_r,0.20433245599269867,0.20433245599269867,0.20433245599269867,1
31,middle_01_l,0.20432019233703613,0.20432019233703613,0.20432019233703613,1
51,thumb_01_l,0.20430602133274078,0.20430602133274078,0.20430602133274078,1
11,pinky_01_r,0.20416294038295746,0.20416294038295746,0.20416294038295746,1
36,hand_l,0.204135924577713,0.204135924577713,0.204135924577713,1
55,RCalfTwist_02,0.20408491790294647,0.20408491790294647,0.20408491790294647,1
45,Bip001,0.2040809839963913,0.2040809839963913,0.2040809839963913,1
53,RCalfTwist_01,0.204011008143425,0.204011008143425,0.204011008143425,1
25,upperarm_l,0.20395594835281372,0.20395594835281372,0.20395594835281372,1
13,upperarm_r,0.20380255579948425,0.20380255579948425,0.20380255579948425,1
68,RCalfTwist_01,0.20378634333610535,0.20378634333610535,0.20378634333610535,1
48,R_ForeTwist_02,0.2036440670490265,0.2036440670490265,0.2036440670490265,1
34,clavicle_r,0.20354482531547546,0.20354482531547546,0.20354482531547546,1
84,ball_r,0.2032754272222519,0.2032754272222519,0.2032754272222519,1
21,RUpArmTwist_r_02,0.20315295457839966,0.20315295457839966,0.20315295457839966,1
44,LCalfTwist_03,0.20291391015052795,0.20291391015052795,0.20291391015052795,1
79,RCalfTwist_02,0.20286184549331665,0.20286184549331665,0.20286184549331665,1
64,pinky_01_l,0.20283567905426025,0.20283567905426025,0.20283567905426025,1
27,LCalfTwist_01,0.20281003415584564,0.20281003415584564,0.20281003415584564,1
12,index_01_l,0.20274318754673004,0.20274318754673004,0.20274318754673004,1
83,Bip001,0.20268726348876953,0.20268726348876953,0.20268726348876953,1
49,thumb_01_l,0.202675461769104,0.202675461769104,0.202675461769104,1
3,LCalfTwist_03,0.20259399712085724,0.20259399712085724,0.20259399712085724,1
11,head,0.20258700847625732,0.20258700847625732,0.20258700847625732,1
78,LCalfTwist_02,0.20258234441280365,0.20258234441280365,0.20258234441280365,1
59,R_ForeTwist_01,0.20256920158863068,0.20256920158863068,0.20256920158863068,1
29,neck_01,0.2024003565311432,0.2024003565311432,0.2024003565311432,1
53,middle_01_l,0.20237044990062714,0.20237044990062714,0.20237044990062714,1
56,LCalfTwist_01,0.20231355726718903,0.20231355726718903,0.20231355726718903,1
82,RUpArmTwist_r_02,0.20215894281864166,0.20215894281864166,0.20215894281864166,1
48,LCalfTwist_02,0.2020295411348343,0.2020295411348343,0.2020295411348343,1
47,spine_01,0.20199516415596008,0.20199516415596008,0.20199516415596008,1
20,middle_01_r,0.201906219124794,0.201906219124794,0.201906219124794,1
83,lowerarm_l,0.2017352283000946,0.2017352283000946,0.2017352283000946,1
35,Bip001,0.20173394680023193,0.20173394680023193,0.20173394680023193,1
70,clavicle_r,0.2016964852809906,0.2016964852809906,0.2016964852809906,1
10,thumb_01_l,0.20157775282859802,0.20157775282859802,0.20157775282859802,1
22,Bip001,0.20152150094509125,0.20152150094509125,0.20152150094509125,1
76,clavicle_l,0.20149528980255127,0.20149528980255127,0.20149528980255127,1
62,Bip001,0.20145957171916962,0.20145957171916962,0.20145957171916962,1
13,RCalfTwist_01,0.20145830512046814,0.20145830512046814,0.20145830512046814,1
55,head,0.20143602788448334,0.20143602788448334,0.20143602788448334,1
12,RCalfTwist_01,0.2014121413230896,0.2014121413230896,0.2014121413230896,1
14,thumb_01_l,0.2013959288597107,0.2013959288597107,0.2013959288597107,1
29,clavicle_l,0.2013024240732193,0.2013024240732193,0.2013024240732193,1
85,middle_01_r,0.2012549340724945,0.2012549340724945,0.2012549340724945,1
80,clavicle_r,0.20121213793754578,0.20121213793754578,0.20121213793754578,1
36,Bip001,0.20118464529514313,0.20118464529514313,0.20118464529514313,1
84,thumb_01_l,0.2011094093322754,0.2011094093322754,0.2011094093322754,1
83,middle_01_l,0.20105235278606415,0.20105235278606415,0.20105235278606415,1
18,middle_01_r,0.20083734393119812,0.20083734393119812,0.20083734393119812,1
11,Bip001,0.20082348585128784,0.20082348585128784,0.20082348585128784,1
62,pinky_01_l,0.20080187916755676,0.20080187916755676,0.20080187916755676,1
60,middle_01_r,0.2007252722978592,0.2007252722978592,0.2007252722978592,1
28,index_01_l,0.2006160318851471,0.2006160318851471,0.2006160318851471,1
39,calf_l,0.20059834420681,0.20059834420681,0.20059834420681,1
53,Bip001,0.20059500634670258,0.20059500634670258,0.20059500634670258,1
6,middle_01_r,0.20055420696735382,0.20055420696735382,0.20055420696735382,1
52,spine_01,0.200537770986557,0.200537770986557,0.200537770986557,1
84,LCalfTwist_03,0.20052650570869446,0.20052650570869446,0.20052650570869446,1
30,RUpArmTwist_l_01,0.2004866749048233,0.2004866749048233,0.2004866749048233,1
20,Bip001,0.20045627653598785,0.20045627653598785,0.20045627653598785,1
50,RUpArmTwist_r_02,0.2004082053899765,0.2004082053899765,0.2004082053899765,1
70,R_ForeTwist_02,0.20033970475196838,0.20033970475196838,0.20033970475196838,1
4,head,0.20027406513690948,0.20027406513690948,0.20027406513690948,1
12,calf_r,0.20017774403095245,0.20017774403095245,0.20017774403095245,1
55,lowerarm_r,0.2001526653766632,0.2001526653766632,0.2001526653766632,1
26,spine_01,0.2001079022884369,0.2001079022884369,0.2001079022884369,1
76,LCalfTwist_02,0.2001054286956787,0.2001054286956787,0.2001054286956787,1
52,middle_01_r,0.19996678829193115,0.19996678829193115,0.19996678829193115,1
31,spine_01,0.19988517463207245,0.19988517463207245,0.19988517463207245,1
13,L_ForeTwist_01,0.19983282685279846,0.19983282685279846,0.19983282685279846,1
80,spine_01,0.1997530311346054,0.1997530311346054,0.1997530311346054,1
38,LCalfTwist_03,0.19974026083946228,0.19974026083946228,0.19974026083946228,1
62,RUpArmTwist_r_02,0.1996808797121048,0.1996808797121048,0.1996808797121048,1
3,Bip001,0.19966930150985718,0.19966930150985718,0.19966930150985718,1
15,middle_01_r,0.19959592819213867,0.19959592819213867,0.19959592819213867,1
71,R_ForeTwist_02,0.1995101422071457,0.1995101422071457,0.1995101422071457,1
52,RCalfTwist_02,0.19949232041835785,0.19949232041835785,0.19949232041835785,1
53,pinky_01_r,0.19946978986263275,0.19946978986263275,0.19946978986263275,1
77,RCalfTwist_01,0.19930963218212128,0.19930963218212128,0.19930963218212128,1
73,RUpArmTwist_l_01,0.19918562471866608,0.19918562471866608,0.19918562471866608,1
48,LCalfTwist_01,0.19914089143276215,0.19914089143276215,0.19914089143276215,1
2,upperarm_r,0.19904980063438416,0.19904980063438416,0.19904980063438416,1
70,RCalfTwist_03,0.19899077713489532,0.19899077713489532,0.19899077713489532,1
78,RCalfTwist_01,0.19892050325870514,0.19892050325870514,0.19892050325870514,1
8,RUpArmTwist_l_01,0.1988922357559204,0.1988922357559204,0.1988922357559204,1
48,index_01_l,0.19884982705116272,0.19884982705116272,0.19884982705116272,1
69,R_ForeTwist_02,0.19884337484836578,0.19884337484836578,0.19884337484836578,1
84,middle_01_l,0.19878752529621124,0.19878752529621124,0.19878752529621124,1
16,middle_01_r,0.19877515733242035,0.19877515733242035,0.19877515733242035,1
52,R_ForeTwist_02,0.19875012338161469,0.19875012338161469,0.19875012338161469,1
23,RUpArmTwist_r_01,0.19873292744159698,0.19873292744159698,0.19873292744159698,1
57,clavicle_r,0.19869062304496765,0.19869062304496765,0.19869062304496765,1
18,clavicle_l,0.19868774712085724,0.19868774712085724,0.19868774712085724,1
72,head,0.19863475859165192,0.19863475859165192,0.19863475859165192,1
28,neck_01,0.19859693944454193,0.19859693944454193,0.19859693944454193,1
45,LCalfTwist_03,0.19857753813266754,0.19857753813266754,0.19857753813266754,1
2,index_01_r,0.19857043027877808,0.19857043027877808,0.19857043027877808,1
14,RUpArmTwist_l_02,0.19856224954128265,0.19856224954128265,0.19856224954128265,1
59,RCalfTwist_03,0.19855573773384094,0.19855573773384094,0.19855573773384094,1
81,pinky_01_l,0.19847556948661804,0.19847556948661804,0.19847556948661804,1
64,thigh_r,0.19837386906147003,0.19837386906147003,0.19837386906147003,1
19,middle_01_r,0.19827568531036377,0.19827568531036377,0.19827568531036377,1
66,head,0.1982404589653015,0.1982404589653015,0.1982404589653015,1
9,pinky_01_r,0.19818489253520966,0.19818489253520966,0.19818489253520966,1
4,thumb_01_l,0.19818271696567535,0.19818271696567535,0.19818271696567535,1
16,thigh_r,0.19811709225177765,0.19811709225177765,0.19811709225177765,1
58,spine_02,0.19804689288139343,0.19804689288139343,0.19804689288139343,1
67,upperarm_r,0.19795037806034088,0.19795037806034088,0.19795037806034088,1
22,RUpArmTwist_r_02,0.19783270359039307,0.19783270359039307,0.19783270359039307,1
50,middle_01_l,0.19747205078601837,0.19747205078601837,0.19747205078601837,1
10,clavicle_l,0.19744683802127838,0.19744683802127838,0.19744683802127838,1
5,Bip001,0.19737981259822845,0.19737981259822845,0.19737981259822845,1
17,middle_01_r,0.19723397493362427,0.19723397493362427,0.19723397493362427,1
84,Bip001,0.19713573157787323,0.19713573157787323,0.19713573157787323,1
39,pinky_01_r,0.19708825647830963,0.19708825647830963,0.19708825647830963,1
2,R_ForeTwist_02,0.19696860015392303,0.19696860015392303,0.19696860015392303,1
43,index_01_l,0.19690552353858948,0.19690552353858948,0.19690552353858948,1
63,LCalfTwist_02,0.19678546488285065,0.19678546488285065,0.19678546488285065,1
56,LCalfTwist_03,0.1966664344072342,0.1966664344072342,0.1966664344072342,1
53,head,0.1965160369873047,0.1965160369873047,0.1965160369873047,1
57,RUpArmTwist_l_02,0.1964598298072815,0.1964598298072815,0.1964598298072815,1
38,middle_01_r,0.196404367685318,0.196404367685318,0.196404367685318,1
27,RCalfTwist_03,0.19616542756557465,0.19616542756557465,0.19616542756557465,1
62,index_01_r,0.19601735472679138,0.19601735472679138,0.19601735472679138,1
30,RCalfTwist_03,0.19599170982837677,0.19599170982837677,0.19599170982837677,1
42,Bip001,0.19594116508960724,0.19594116508960724,0.19594116508960724,1
27,RUpArmTwist_l_02,0.19588030874729156,0.19588030874729156,0.19588030874729156,1
20,foot_r,0.19584447145462036,0.19584447145462036,0.19584447145462036,1
7,RUpArmTwist_r_02,0.19583788514137268,0.19583788514137268,0.19583788514137268,1
63,LCalfTwist_01,0.19577272236347198,0.19577272236347198,0.19577272236347198,1
32,Bip001,0.1957705169916153,0.1957705169916153,0.1957705169916153,1
33,clavicle_r,0.19569697976112366,0.19569697976112366,0.19569697976112366,1
29,RUpArmTwist_r_02,0.19565801322460175,0.19565801322460175,0.19565801322460175,1
30,spine_01,0.19559961557388306,0.19559961557388306,0.19559961557388306,1
46,head,0.1955071985721588,0.1955071985721588,0.1955071985721588,1
81,thumb_01_l,0.1953037828207016,0.1953037828207016,0.1953037828207016,1
45,clavicle_r,0.1952875852584839,0.1952875852584839,0.1952875852584839,1
46,lowerarm_l,0.19512246549129486,0.19512246549129486,0.19512246549129486,1
4,index_01_l,0.19510380923748016,0.19510380923748016,0.19510380923748016,1
7,middle_01_r,0.19509992003440857,0.19509992003440857,0.19509992003440857,1
55,LCalfTwist_03,0.19507597386837006,0.19507597386837006,0.19507597386837006,1
22,clavicle_r,0.19502657651901245,0.19502657651901245,0.19502657651901245,1
2,lowerarm_r,0.19498462975025177,0.19498462975025177,0.19498462975025177,1
41,middle_01_r,0.19497813284397125,0.19497813284397125,0.19497813284397125,1
42,spine_01,0.19493016600608826,0.19493016600608826,0.19493016600608826,1
77,index_01_l,0.19486702978610992,0.19486702978610992,0.19486702978610992,1
58,R_ForeTwist_01,0.19483239948749542,0.19483239948749542,0.19483239948749542,1
41,RUpArmTwist_l_01,0.19482293725013733,0.19482293725013733,0.19482293725013733,1
3,hand_l,0.1946079581975937,0.1946079581975937,0.1946079581975937,1
44,clavicle_l,0.19458554685115814,0.19458554685115814,0.19458554685115814,1
18,Bip001,0.1945452243089676,0.1945452243089676,0.1945452243089676,1
73,pinky_01_r,0.19446197152137756,0.19446197152137756,0.19446197152137756,1
46,Bip001,0.19423820078372955,0.19423820078372955,0.19423820078372955,1
35,clavicle_r,0.19420616328716278,0.19420616328716278,0.19420616328716278,1
25,calf_l,0.19402846693992615,0.19402846693992615,0.19402846693992615,1
40,R_ForeTwist_02,0.1934276819229126,0.1934276819229126,0.1934276819229126,1
58,thumb_01_l,0.19342337548732758,0.19342337548732758,0.19342337548732758,1
66,foot_l,0.19327010214328766,0.19327010214328766,0.19327010214328766,1
11,LCalfTwist_03,0.19310441613197327,0.19310441613197327,0.19310441613197327,1
81,index_01_l,0.19302409887313843,0.19302409887313843,0.19302409887313843,1
10,upperarm_l,0.19300855696201324,0.19300855696201324,0.19300855696201324,1
25,Bip001,0.1929846554994583,0.1929846554994583,0.1929846554994583,1
76,head,0.1929682344198227,0.1929682344198227,0.1929682344198227,1
85,lowerarm_r,0.1928984373807907,0.1928984373807907,0.1928984373807907,1
54,L_ForeTwist_02,0.19280394911766052,0.19280394911766052,0.19280394911766052,1
67,RUpArmTwist_r_01,0.1927163004875183,0.1927163004875183,0.1927163004875183,1
7,R_ForeTwist_02,0.1926143318414688,0.1926143318414688,0.1926143318414688,1
36,calf_r,0.19259735941886902,0.19259735941886902,0.19259735941886902,1
63,pinky_01_r,0.19257992506027222,0.19257992506027222,0.19257992506027222,1
66,RUpArmTwist_r_01,0.19256991147994995,0.19256991147994995,0.19256991147994995,1
29,RCalfTwist_01,0.19241897761821747,0.19241897761821747,0.19241897761821747,1
59,thumb_01_l,0.1924162060022354,0.1924162060022354,0.1924162060022354,1
33,clavicle_l,0.19238977134227753,0.19238977134227753,0.19238977134227753,1
79,foot_l,0.19225284457206726,0.19225284457206726,0.19225284457206726,1
77,LCalfTwist_03,0.19221091270446777,0.19221091270446777,0.19221091270446777,1
51,Bip001,0.19206731021404266,0.19206731021404266,0.19206731021404266,1
8,hand_l,0.19205984473228455,0.19205984473228455,0.19205984473228455,1
78,RCalfTwist_02,0.1919040083885193,0.1919040083885193,0.1919040083885193,1
62,thumb_01_l,0.1916332244873047,0.1916332244873047,0.1916332244873047,1
52,Bip001,0.1916312873363495,0.1916312873363495,0.1916312873363495,1
37,LCalfTwist_03,0.1916245073080063,0.1916245073080063,0.1916245073080063,1
40,spine_01,0.19148850440979004,0.19148850440979004,0.19148850440979004,1
15,pinky_01_r,0.19147558510303497,0.19147558510303497,0.19147558510303497,1
76,spine_02,0.19142626225948334,0.19142626225948334,0.19142626225948334,1
44,Bip001,0.19140222668647766,0.19140222668647766,0.19140222668647766,1
78,LCalfTwist_03,0.19133371114730835,0.19133371114730835,0.19133371114730835,1
85,clavicle_r,0.19131022691726685,0.19131022691726685,0.19131022691726685,1
19,clavicle_r,0.1913062185049057,0.1913062185049057,0.1913062185049057,1
73,LCalfTwist_02,0.1912798434495926,0.1912798434495926,0.1912798434495926,1
59,RCalfTwist_02,0.19118879735469818,0.19118879735469818,0.19118879735469818,1
50,LCalfTwist_03,0.1911468505859375,0.1911468505859375,0.1911468505859375,1
7,RUpArmTwist_l_01,0.1909668892621994,0.1909668892621994,0.1909668892621994,1
9,spine_01,0.19092440605163574,0.19092440605163574,0.19092440605163574,1
51,RCalfTwist_03,0.19085915386676788,0.19085915386676788,0.19085915386676788,1
13,clavicle_r,0.190802663564682,0.190802663564682,0.190802663564682,1
0,LCalfTwist_01,0.19069243967533112,0.19069243967533112,0.19069243967533112,1
81,spine_01,0.19062472879886627,0.19062472879886627,0.19062472879886627,1
69,RUpArmTwist_l_02,0.1904342770576477,0.1904342770576477,0.1904342770576477,1
72,R_ForeTwist_02,0.19035260379314423,0.19035260379314423,0.19035260379314423,1
83,pinky_01_r,0.19022713601589203,0.19022713601589203,0.19022713601589203,1
50,thumb_01_l,0.19020789861679077,0.19020789861679077,0.19020789861679077,1
65,head,0.19013679027557373,0.19013679027557373,0.19013679027557373,1
80,foot_l,0.1901167929172516,0.1901167929172516,0.1901167929172516,1
85,pinky_01_r,0.19006241858005524,0.19006241858005524,0.19006241858005524,1
19,spine_01,0.19006110727787018,0.19006110727787018,0.19006110727787018,1
85,middle_01_l,0.19006064534187317,0.19006064534187317,0.19006064534187317,1
1,R_ForeTwist_02,0.19000522792339325,0.19000522792339325,0.19000522792339325,1
41,R_ForeTwist_02,0.1897307187318802,0.1897307187318802,0.1897307187318802,1
82,thumb_01_l,0.18962731957435608,0.18962731957435608,0.18962731957435608,1
13,upperarm_l,0.18959680199623108,0.18959680199623108,0.18959680199623108,1
42,hand_l,0.18956001102924347,0.18956001102924347,0.18956001102924347,1
64,thumb_01_l,0.18951807916164398,0.18951807916164398,0.18951807916164398,1
52,thumb_01_l,0.18950650095939636,0.18950650095939636,0.18950650095939636,1
48,RCalfTwist_02,0.18936491012573242,0.18936491012573242,0.18936491012573242,1
17,pinky_01_r,0.1893567591905594,0.1893567591905594,0.1893567591905594,1
17,RUpArmTwist_l_02,0.1893058568239212,0.1893058568239212,0.1893058568239212,1
16,LCalfTwist_01,0.1892877221107483,0.1892877221107483,0.1892877221107483,1
6,spine_01,0.1892768144607544,0.1892768144607544,0.1892768144607544,1
5,index_01_l,0.18924084305763245,0.18924084305763245,0.18924084305763245,1
58,index_01_l,0.1890745311975479,0.1890745311975479,0.1890745311975479,1
63,pinky_01_l,0.18893121182918549,0.18893121182918549,0.18893121182918549,1
3,lowerarm_l,0.18858171999454498,0.18858171999454498,0.18858171999454498,1
5,RUpArmTwist_l_01,0.1885295808315277,0.1885295808315277,0.1885295808315277,1
3,LCalfTwist_02,0.1885152906179428,0.1885152906179428,0.1885152906179428,1
32,spine_01,0.1885092407464981,0.1885092407464981,0.1885092407464981,1
54,hand_l,0.18849943578243256,0.18849943578243256,0.18849943578243256,1
27,spine_02,0.18847748637199402,0.18847748637199402,0.18847748637199402,1
58,Bip001,0.1884697675704956,0.1884697675704956,0.1884697675704956,1
80,pinky_01_r,0.18845024704933167,0.18845024704933167,0.18845024704933167,1
46,LCalfTwist_02,0.18839412927627563,0.18839412927627563,0.18839412927627563,1
19,ball_l,0.1882786601781845,0.1882786601781845,0.1882786601781845,1
53,RUpArmTwist_r_02,0.18825431168079376,0.18825431168079376,0.18825431168079376,1
60,RUpArmTwist_r_02,0.18817605078220367,0.18817605078220367,0.18817605078220367,1
6,lowerarm_r,0.1881522387266159,0.1881522387266159,0.1881522387266159,1
12,RUpArmTwist_l_02,0.18814879655838013,0.18814879655838013,0.18814879655838013,1
51,upperarm_r,0.1881064772605896,0.1881064772605896,0.1881064772605896,1
75,thumb_01_l,0.18801753222942352,0.18801753222942352,0.18801753222942352,1
62,head,0.18801262974739075,0.18801262974739075,0.18801262974739075,1
45,R_ForeTwist_02,0.1878831684589386,0.1878831684589386,0.1878831684589386,1
4,clavicle_l,0.18778744339942932,0.18778744339942932,0.18778744339942932,1
85,RUpArmTwist_l_01,0.18774652481079102,0.18774652481079102,0.18774652481079102,1
20,LCalfTwist_01,0.1875976324081421,0.1875976324081421,0.1875976324081421,1
23,pinky_01_r,0.18759287893772125,0.18759287893772125,0.18759287893772125,1
82,pinky_01_l,0.18754005432128906,0.18754005432128906,0.18754005432128906,1
79,hand_l,0.1873573362827301,0.1873573362827301,0.1873573362827301,1
41,RCalfTwist_03,0.1873244047164917,0.1873244047164917,0.1873244047164917,1
80,LCalfTwist_03,0.18731598556041718,0.18731598556041718,0.18731598556041718,1
62,LCalfTwist_02,0.18709461390972137,0.18709461390972137,0.18709461390972137,1
7,LCalfTwist_02,0.18691523373126984,0.18691523373126984,0.18691523373126984,1
33,LCalfTwist_03,0.18684478104114532,0.18684478104114532,0.18684478104114532,1
17,Bip001,0.18682417273521423,0.18682417273521423,0.18682417273521423,1
15,head,0.1868218183517456,0.1868218183517456,0.1868218183517456,1
67,thumb_01_l,0.18681806325912476,0.18681806325912476,0.18681806325912476,1
17,thumb_01_l,0.1867300570011139,0.1867300570011139,0.1867300570011139,1
74,RUpArmTwist_l_01,0.18653015792369843,0.18653015792369843,0.18653015792369843,1
74,Bip001,0.18649998307228088,0.18649998307228088,0.18649998307228088,1
49,pinky_01_r,0.18641461431980133,0.18641461431980133,0.18641461431980133,1
15,thumb_01_l,0.1863594651222229,0.1863594651222229,0.1863594651222229,1
33,Bip001,0.18624942004680634,0.18624942004680634,0.18624942004680634,1
67,LCalfTwist_03,0.18611831963062286,0.18611831963062286,0.18611831963062286,1
36,RUpArmTwist_l_01,0.1860286295413971,0.1860286295413971,0.1860286295413971,1
30,calf_r,0.18594393134117126,0.18594393134117126,0.18594393134117126,1
13,R_ForeTwist_01,0.18591833114624023,0.18591833114624023,0.18591833114624023,1
43,RCalfTwist_01,0.18580707907676697,0.18580707907676697,0.18580707907676697,1
79,LCalfTwist_03,0.18571513891220093,0.18571513891220093,0.18571513891220093,1
73,ball_l,0.18566370010375977,0.18566370010375977,0.18566370010375977,1
18,R_ForeTwist_02,0.1856480836868286,0.1856480836868286,0.1856480836868286,1
43,R_ForeTwist_02,0.18551479279994965,0.18551479279994965,0.18551479279994965,1
31,LCalfTwist_01,0.1853138953447342,0.1853138953447342,0.1853138953447342,1
77,Bip001,0.18530261516571045,0.18530261516571045,0.18530261516571045,1
64,pinky_01_r,0.18522347509860992,0.18522347509860992,0.18522347509860992,1
23,thigh_r,0.18521606922149658,0.18521606922149658,0.18521606922149658,1
12,spine_01,0.18520072102546692,0.18520072102546692,0.18520072102546692,1
27,calf_r,0.18517762422561646,0.18517762422561646,0.18517762422561646,1
3,clavicle_r,0.18509340286254883,0.18509340286254883,0.18509340286254883,1
36,RCalfTwist_01,0.1850183606147766,0.1850183606147766,0.1850183606147766,1
14,RCalfTwist_03,0.18501314520835876,0.18501314520835876,0.18501314520835876,1
60,Bip001,0.18498651683330536,0.18498651683330536,0.18498651683330536,1
71,RCalfTwist_01,0.18481288850307465,0.18481288850307465,0.18481288850307465,1
72,RCalfTwist_02,0.184792622923851,0.184792622923851,0.184792622923851,1
21,clavicle_r,0.18460960686206818,0.18460960686206818,0.18460960686206818,1
70,thumb_01_l,0.18443773686885834,0.18443773686885834,0.18443773686885834,1
79,RUpArmTwist_r_02,0.1843600571155548,0.1843600571155548,0.1843600571155548,1
30,L_ForeTwist_01,0.18416091799736023,0.18416091799736023,0.18416091799736023,1
61,LCalfTwist_03,0.18412606418132782,0.18412606418132782,0.18412606418132782,1
74,R_ForeTwist_01,0.18403573334217072,0.18403573334217072,0.18403573334217072,1
71,clavicle_r,0.18402113020420074,0.18402113020420074,0.18402113020420074,1
8,pinky_01_r,0.18379123508930206,0.18379123508930206,0.18379123508930206,1
80,RUpArmTwist_l_01,0.18375860154628754,0.18375860154628754,0.18375860154628754,1
27,pinky_01_r,0.1837233006954193,0.1837233006954193,0.1837233006954193,1
64,L_ForeTwist_02,0.1836639642715454,0.1836639642715454,0.1836639642715454,1
1,Bip001,0.183625265955925,0.183625265955925,0.183625265955925,1
54,thumb_01_l,0.18357603251934052,0.18357603251934052,0.18357603251934052,1
41,RUpArmTwist_l_02,0.18354040384292603,0.18354040384292603,0.18354040384292603,1
83,R_ForeTwist_02,0.18349125981330872,0.18349125981330872,0.18349125981330872,1
64,clavicle_r,0.18341487646102905,0.18341487646102905,0.18341487646102905,1
0,R_ForeTwist_02,0.18337298929691315,0.18337298929691315,0.18337298929691315,1
33,R_ForeTwist_02,0.18336285650730133,0.18336285650730133,0.18336285650730133,1
68,R_ForeTwist_02,0.1833542287349701,0.1833542287349701,0.1833542287349701,1
6,RUpArmTwist_r_01,0.18320082128047943,0.18320082128047943,0.18320082128047943,1
0,RCalfTwist_01,0.18315772712230682,0.18315772712230682,0.18315772712230682,1
74,RUpArmTwist_r_02,0.18313290178775787,0.18313290178775787,0.18313290178775787,1
54,Bip001,0.18304860591888428,0.18304860591888428,0.18304860591888428,1
57,LCalfTwist_03,0.18295414745807648,0.18295414745807648,0.18295414745807648,1
66,RCalfTwist_01,0.18294386565685272,0.18294386565685272,0.18294386565685272,1
4,ball_l,0.1828904002904892,0.1828904002904892,0.1828904002904892,1
35,LCalfTwist_02,0.18285347521305084,0.18285347521305084,0.18285347521305084,1
82,index_01_l,0.18283435702323914,0.18283435702323914,0.18283435702323914,1
25,LCalfTwist_03,0.18283064663410187,0.18283064663410187,0.18283064663410187,1
49,RCalfTwist_03,0.18277664482593536,0.18277664482593536,0.18277664482593536,1
24,R_ForeTwist_02,0.18276885151863098,0.18276885151863098,0.18276885151863098,1
80,spine_02,0.18273672461509705,0.18273672461509705,0.18273672461509705,1
14,index_01_l,0.18264810740947723,0.18264810740947723,0.18264810740947723,1
17,calf_r,0.18248909711837769,0.18248909711837769,0.18248909711837769,1
45,thigh_l,0.18235161900520325,0.18235161900520325,0.18235161900520325,1
81,R_ForeTwist_02,0.1821592152118683,0.1821592152118683,0.1821592152118683,1
28,spine_02,0.18205402791500092,0.18205402791500092,0.18205402791500092,1
53,RCalfTwist_02,0.18203477561473846,0.18203477561473846,0.18203477561473846,1
10,calf_l,0.1817956119775772,0.1817956119775772,0.1817956119775772,1
4,RUpArmTwist_l_02,0.18179160356521606,0.18179160356521606,0.18179160356521606,1
12,RUpArmTwist_r_02,0.181759774684906,0.181759774684906,0.181759774684906,1
1,lowerarm_r,0.18156024813652039,0.18156024813652039,0.18156024813652039,1
36,RCalfTwist_02,0.18154439330101013,0.18154439330101013,0.18154439330101013,1
64,Bip001,0.18151047825813293,0.18151047825813293,0.18151047825813293,1
23,Bip001,0.18140986561775208,0.18140986561775208,0.18140986561775208,1
4,clavicle_r,0.1814032942056656,0.1814032942056656,0.1814032942056656,1
11,thumb_01_l,0.18132911622524261,0.18132911622524261,0.18132911622524261,1
19,RCalfTwist_03,0.18131227791309357,0.18131227791309357,0.18131227791309357,1
54,thigh_r,0.18128424882888794,0.18128424882888794,0.18128424882888794,1
76,upperarm_r,0.18107424676418304,0.18107424676418304,0.18107424676418304,1
48,spine_02,0.18103744089603424,0.18103744089603424,0.18103744089603424,1
68,upperarm_l,0.1810339391231537,0.1810339391231537,0.1810339391231537,1
8,spine_02,0.18102917075157166,0.18102917075157166,0.18102917075157166,1
57,pinky_01_r,0.18082953989505768,0.18082953989505768,0.18082953989505768,1
23,LCalfTwist_03,0.18080386519432068,0.18080386519432068,0.18080386519432068,1
21,pinky_01_r,0.18079985678195953,0.18079985678195953,0.18079985678195953,1
43,LCalfTwist_02,0.1807909458875656,0.1807909458875656,0.1807909458875656,1
76,index_01_l,0.18077917397022247,0.18077917397022247,0.18077917397022247,1
70,spine_02,0.1807299703359604,0.1807299703359604,0.1807299703359604,1
58,RCalfTwist_03,0.18068473041057587,0.18068473041057587,0.18068473041057587,1
59,pinky_01_r,0.18066689372062683,0.18066689372062683,0.18066689372062683,1
6,Bip001,0.18060840666294098,0.18060840666294098,0.18060840666294098,1
55,LCalfTwist_01,0.18052703142166138,0.18052703142166138,0.18052703142166138,1
18,RUpArmTwist_l_02,0.1803247630596161,0.1803247630596161,0.1803247630596161,1
0,RCalfTwist_03,0.18032285571098328,0.18032285571098328,0.18032285571098328,1
42,R_ForeTwist_02,0.18026241660118103,0.18026241660118103,0.18026241660118103,1
23,spine_01,0.1800535023212433,0.1800535023212433,0.1800535023212433,1
53,R_ForeTwist_02,0.1800057590007782,0.1800057590007782,0.1800057590007782,1
38,RCalfTwist_03,0.17996425926685333,0.17996425926685333,0.17996425926685333,1
53,clavicle_r,0.1798619031906128,0.1798619031906128,0.1798619031906128,1
84,LCalfTwist_01,0.17985211312770844,0.17985211312770844,0.17985211312770844,1
13,pinky_01_r,0.17982648313045502,0.17982648313045502,0.17982648313045502,1
81,clavicle_r,0.17980201542377472,0.17980201542377472,0.17980201542377472,1
0,LCalfTwist_02,0.17976415157318115,0.17976415157318115,0.17976415157318115,1
36,clavicle_r,0.17976140975952148,0.17976140975952148,0.17976140975952148,1
67,RCalfTwist_01,0.1797472983598709,0.1797472983598709,0.1797472983598709,1
60,LCalfTwist_03,0.17961162328720093,0.17961162328720093,0.17961162328720093,1
38,lowerarm_l,0.17952369153499603,0.17952369153499603,0.17952369153499603,1
58,RCalfTwist_02,0.17951174080371857,0.17951174080371857,0.17951174080371857,1
57,RCalfTwist_02,0.17945529520511627,0.17945529520511627,0.17945529520511627,1
76,clavicle_r,0.17940208315849304,0.17940208315849304,0.17940208315849304,1
15,index_01_l,0.1792701631784439,0.1792701631784439,0.1792701631784439,1
75,lowerarm_r,0.17919465899467468,0.17919465899467468,0.17919465899467468,1
69,RUpArmTwist_r_02,0.17916642129421234,0.17916642129421234,0.17916642129421234,1
65,clavicle_r,0.17914961278438568,0.17914961278438568,0.17914961278438568,1
39,RCalfTwist_01,0.17908087372779846,0.17908087372779846,0.17908087372779846,1
44,thumb_01_l,0.17905469238758087,0.17905469238758087,0.17905469238758087,1
72,ball_l,0.1790052205324173,0.1790052205324173,0.1790052205324173,1
28,pinky_01_r,0.1789747029542923,0.1789747029542923,0.1789747029542923,1
78,LCalfTwist_01,0.17897377908229828,0.17897377908229828,0.17897377908229828,1
31,RUpArmTwist_l_01,0.178955078125,0.178955078125,0.178955078125,1
14,pinky_01_r,0.17891177535057068,0.17891177535057068,0.17891177535057068,1
65,Bip001,0.17868776619434357,0.17868776619434357,0.17868776619434357,1
10,R_ForeTwist_01,0.17865075170993805,0.17865075170993805,0.17865075170993805,1
73,clavicle_l,0.17864593863487244,0.17864593863487244,0.17864593863487244,1
58,LCalfTwist_01,0.17862774431705475,0.17862774431705475,0.17862774431705475,1
66,L_ForeTwist_02,0.17846722900867462,0.17846722900867462,0.17846722900867462,1
25,calf_r,0.1784464567899704,0.1784464567899704,0.1784464567899704,1
11,calf_r,0.17838646471500397,0.17838646471500397,0.17838646471500397,1
30,L_ForeTwist_02,0.17836099863052368,0.17836099863052368,0.17836099863052368,1
48,head,0.17829328775405884,0.17829328775405884,0.17829328775405884,1
24,ball_l,0.17827081680297852,0.17827081680297852,0.17827081680297852,1
16,pinky_01_r,0.1781507283449173,0.1781507283449173,0.1781507283449173,1
78,upperarm_l,0.1780836582183838,0.1780836582183838,0.1780836582183838,1
46,LCalfTwist_03,0.17807136476039886,0.17807136476039886,0.17807136476039886,1
30,Bip001,0.17798718810081482,0.17798718810081482,0.17798718810081482,1
63,LCalfTwist_03,0.17793166637420654,0.17793166637420654,0.17793166637420654,1
27,R_ForeTwist_02,0.17790564894676208,0.17790564894676208,0.17790564894676208,1
55,RCalfTwist_01,0.1778988540172577,0.1778988540172577,0.1778988540172577,1
76,Bip001,0.17781323194503784,0.17781323194503784,0.17781323194503784,1
12,thumb_01_l,0.17775775492191315,0.17775775492191315,0.17775775492191315,1
53,LCalfTwist_01,0.17762413620948792,0.17762413620948792,0.17762413620948792,1
48,clavicle_r,0.17749108374118805,0.17749108374118805,0.17749108374118805,1
3,R_ForeTwist_01,0.17748810350894928,0.17748810350894928,0.17748810350894928,1
16,RUpArmTwist_l_01,0.1773868203163147,0.1773868203163147,0.1773868203163147,1
57,R_ForeTwist_02,0.17735791206359863,0.17735791206359863,0.17735791206359863,1
60,R_ForeTwist_01,0.17729723453521729,0.17729723453521729,0.17729723453521729,1
52,hand_l,0.17726914584636688,0.17726914584636688,0.17726914584636688,1
71,hand_l,0.17726387083530426,0.17726387083530426,0.17726387083530426,1
37,LCalfTwist_02,0.17723627388477325,0.17723627388477325,0.17723627388477325,1
51,middle_01_l,0.17723298072814941,0.17723298072814941,0.17723298072814941,1
75,pinky_01_r,0.1771603226661682,0.1771603226661682,0.1771603226661682,1
50,index_01_l,0.17701716721057892,0.17701716721057892,0.17701716721057892,1
78,spine_02,0.17698150873184204,0.17698150873184204,0.17698150873184204,1
81,ball_l,0.1769777238368988,0.1769777238368988,0.1769777238368988,1
32,RCalfTwist_01,0.17692555487155914,0.17692555487155914,0.17692555487155914,1
4,LCalfTwist_03,0.1768803745508194,0.1768803745508194,0.1768803745508194,1
64,RCalfTwist_01,0.17684388160705566,0.17684388160705566,0.17684388160705566,1
44,pinky_01_r,0.17664021253585815,0.17664021253585815,0.17664021253585815,1
52,LCalfTwist_03,0.17663118243217468,0.17663118243217468,0.17663118243217468,1
66,Bip001,0.1765928715467453,0.1765928715467453,0.1765928715467453,1
50,foot_l,0.1765342652797699,0.1765342652797699,0.1765342652797699,1
47,Bip001,0.17636117339134216,0.17636117339134216,0.17636117339134216,1
47,LCalfTwist_02,0.17632274329662323,0.17632274329662323,0.17632274329662323,1
77,pinky_01_r,0.17610013484954834,0.17610013484954834,0.17610013484954834,1
55,Bip001,0.17607533931732178,0.17607533931732178,0.17607533931732178,1
51,pinky_01_r,0.17596237361431122,0.17596237361431122,0.17596237361431122,1
65,L_ForeTwist_01,0.17595386505126953,0.17595386505126953,0.17595386505126953,1
57,clavicle_l,0.17594586312770844,0.17594586312770844,0.17594586312770844,1
38,Bip001,0.17592069506645203,0.17592069506645203,0.17592069506645203,1
57,LCalfTwist_01,0.17591987550258636,0.17591987550258636,0.17591987550258636,1
60,spine_02,0.1758289337158203,0.1758289337158203,0.1758289337158203,1
52,middle_01_l,0.1757475584745407,0.1757475584745407,0.1757475584745407,1
55,L_ForeTwist_02,0.17574557662010193,0.17574557662010193,0.17574557662010193,1
30,RCalfTwist_01,0.17568626999855042,0.17568626999855042,0.17568626999855042,1
45,upperarm_r,0.17556245625019073,0.17556245625019073,0.17556245625019073,1
11,RCalfTwist_01,0.17550641298294067,0.17550641298294067,0.17550641298294067,1
79,R_ForeTwist_01,0.17547370493412018,0.17547370493412018,0.17547370493412018,1
26,R_ForeTwist_01,0.1754467487335205,0.1754467487335205,0.1754467487335205,1
50,Bip001,0.17541782557964325,0.17541782557964325,0.17541782557964325,1
79,spine_02,0.17541146278381348,0.17541146278381348,0.17541146278381348,1
65,RUpArmTwist_l_02,0.17539645731449127,0.17539645731449127,0.17539645731449127,1
13,Bip001,0.1753762811422348,0.1753762811422348,0.1753762811422348,1
68,RCalfTwist_02,0.17536504566669464,0.17536504566669464,0.17536504566669464,1
41,L_ForeTwist_01,0.17534224689006805,0.17534224689006805,0.17534224689006805,1
28,LCalfTwist_03,0.17533031105995178,0.17533031105995178,0.17533031105995178,1
26,spine_02,0.17526471614837646,0.17526471614837646,0.17526471614837646,1
60,clavicle_r,0.1752481907606125,0.1752481907606125,0.1752481907606125,1
36,lowerarm_r,0.17522597312927246,0.17522597312927246,0.17522597312927246,1
66,LCalfTwist_03,0.17518284916877747,0.17518284916877747,0.17518284916877747,1
4,LCalfTwist_02,0.17500217258930206,0.17500217258930206,0.17500217258930206,1
38,L_ForeTwist_02,0.17493797838687897,0.17493797838687897,0.17493797838687897,1
40,middle_01_r,0.17489103972911835,0.17489103972911835,0.17489103972911835,1
80,upperarm_l,0.17470276355743408,0.17470276355743408,0.17470276355743408,1
35,hand_l,0.17452558875083923,0.17452558875083923,0.17452558875083923,1
49,Bip001,0.17446714639663696,0.17446714639663696,0.17446714639663696,1
2,Bip001,0.1743067055940628,0.1743067055940628,0.1743067055940628,1
42,RCalfTwist_01,0.17425000667572021,0.17425000667572021,0.17425000667572021,1
26,LCalfTwist_03,0.1740063577890396,0.1740063577890396,0.1740063577890396,1
19,R_ForeTwist_02,0.17400112748146057,0.17400112748146057,0.17400112748146057,1
81,spine_02,0.17396478354930878,0.17396478354930878,0.17396478354930878,1
25,index_01_l,0.17387178540229797,0.17387178540229797,0.17387178540229797,1
22,LCalfTwist_01,0.17378903925418854,0.17378903925418854,0.17378903925418854,1
56,R_ForeTwist_01,0.17376106977462769,0.17376106977462769,0.17376106977462769,1
16,thumb_01_l,0.1736447513103485,0.1736447513103485,0.1736447513103485,1
65,LCalfTwist_03,0.17350442707538605,0.17350442707538605,0.17350442707538605,1
68,pinky_01_r,0.17334608733654022,0.17334608733654022,0.17334608733654022,1
27,clavicle_r,0.17317992448806763,0.17317992448806763,0.17317992448806763,1
18,thumb_01_l,0.1731756180524826,0.1731756180524826,0.1731756180524826,1
59,LCalfTwist_01,0.17294399440288544,0.17294399440288544,0.17294399440288544,1
19,LCalfTwist_03,0.17273980379104614,0.17273980379104614,0.17273980379104614,1
41,Bip001,0.1726117581129074,0.1726117581129074,0.1726117581129074,1
66,spine_01,0.17259587347507477,0.17259587347507477,0.17259587347507477,1
36,RCalfTwist_03,0.17254392802715302,0.17254392802715302,0.17254392802715302,1
18,pinky_01_r,0.172469362616539,0.172469362616539,0.172469362616539,1
33,head,0.17246250808238983,0.17246250808238983,0.17246250808238983,1
61,upperarm_l,0.17243266105651855,0.17243266105651855,0.17243266105651855,1
42,pinky_01_r,0.1722865104675293,0.1722865104675293,0.1722865104675293,1
59,RCalfTwist_01,0.1722835898399353,0.1722835898399353,0.1722835898399353,1
80,head,0.17204856872558594,0.17204856872558594,0.17204856872558594,1
62,LCalfTwist_01,0.1720026135444641,0.1720026135444641,0.1720026135444641,1
71,RUpArmTwist_r_01,0.1719847470521927,0.1719847470521927,0.1719847470521927,1
7,LCalfTwist_01,0.17198385298252106,0.17198385298252106,0.17198385298252106,1
9,RUpArmTwist_l_01,0.17189152538776398,0.17189152538776398,0.17189152538776398,1
17,R_ForeTwist_02,0.17181630432605743,0.17181630432605743,0.17181630432605743,1
20,R_ForeTwist_02,0.1718035638332367,0.1718035638332367,0.1718035638332367,1
8,LCalfTwist_02,0.1715351939201355,0.1715351939201355,0.1715351939201355,1
78,R_ForeTwist_01,0.17147520184516907,0.17147520184516907,0.17147520184516907,1
33,thumb_01_l,0.17144905030727386,0.17144905030727386,0.17144905030727386,1
21,Bip001,0.17128987610340118,0.17128987610340118,0.17128987610340118,1
66,clavicle_r,0.1711895614862442,0.1711895614862442,0.1711895614862442,1
22,RCalfTwist_03,0.17118078470230103,0.17118078470230103,0.17118078470230103,1
27,thumb_01_l,0.17109087109565735,0.17109087109565735,0.17109087109565735,1
19,thumb_01_l,0.1709342747926712,0.1709342747926712,0.1709342747926712,1
53,L_ForeTwist_02,0.1707206517457962,0.1707206517457962,0.1707206517457962,1
67,L_ForeTwist_02,0.1706792116165161,0.1706792116165161,0.1706792116165161,1
12,middle_01_r,0.17067280411720276,0.17067280411720276,0.17067280411720276,1
40,pinky_01_r,0.17056488990783691,0.17056488990783691,0.17056488990783691,1
74,ball_l,0.1705598533153534,0.1705598533153534,0.1705598533153534,1
39,L_ForeTwist_02,0.17046958208084106,0.17046958208084106,0.17046958208084106,1
22,LCalfTwist_03,0.17036586999893188,0.17036586999893188,0.17036586999893188,1
41,RCalfTwist_01,0.17034877836704254,0.17034877836704254,0.17034877836704254,1
59,Bip001,0.17032185196876526,0.17032185196876526,0.17032185196876526,1
54,LCalfTwist_01,0.1703079640865326,0.1703079640865326,0.1703079640865326,1
50,R_ForeTwist_02,0.17029552161693573,0.17029552161693573,0.17029552161693573,1
27,LCalfTwist_03,0.17014378309249878,0.17014378309249878,0.17014378309249878,1
81,pinky_01_r,0.17010575532913208,0.17010575532913208,0.17010575532913208,1
26,RCalfTwist_03,0.1700756996870041,0.1700756996870041,0.1700756996870041,1
28,RUpArmTwist_r_01,0.17006725072860718,0.17006725072860718,0.17006725072860718,1
10,index_01_l,0.17003223299980164,0.17003223299980164,0.17003223299980164,1
26,RCalfTwist_01,0.16999346017837524,0.16999346017837524,0.16999346017837524,1
12,Bip001,0.1698979288339615,0.1698979288339615,0.1698979288339615,1
7,L_ForeTwist_02,0.16985179483890533,0.16985179483890533,0.16985179483890533,1
82,R_ForeTwist_02,0.16982044279575348,0.16982044279575348,0.16982044279575348,1
24,pinky_01_r,0.16980625689029694,0.16980625689029694,0.16980625689029694,1
43,LCalfTwist_03,0.16975226998329163,0.16975226998329163,0.16975226998329163,1
76,R_ForeTwist_01,0.16972941160202026,0.16972941160202026,0.16972941160202026,1
71,RCalfTwist_02,0.16967779397964478,0.16967779397964478,0.16967779397964478,1
24,head,0.16967260837554932,0.16967260837554932,0.16967260837554932,1
77,spine_02,0.16957877576351166,0.16957877576351166,0.16957877576351166,1
33,LCalfTwist_01,0.169578418135643,0.169578418135643,0.169578418135643,1
72,Bip001,0.16951289772987366,0.16951289772987366,0.16951289772987366,1
78,pinky_01_r,0.169510617852211,0.169510617852211,0.169510617852211,1
76,RUpArmTwist_l_01,0.16927796602249146,0.16927796602249146,0.16927796602249146,1
49,LCalfTwist_02,0.16924671828746796,0.16924671828746796,0.16924671828746796,1
66,pinky_01_r,0.1692131906747818,0.1692131906747818,0.1692131906747818,1
55,calf_r,0.1690468043088913,0.1690468043088913,0.1690468043088913,1
29,lowerarm_r,0.1689854860305786,0.1689854860305786,0.1689854860305786,1
26,Bip001,0.1689705103635788,0.1689705103635788,0.1689705103635788,1
77,RUpArmTwist_r_01,0.1689022183418274,0.1689022183418274,0.1689022183418274,1
38,RCalfTwist_01,0.16878607869148254,0.16878607869148254,0.16878607869148254,1
61,RCalfTwist_03,0.1687857210636139,0.1687857210636139,0.1687857210636139,1
69,RCalfTwist_03,0.16876757144927979,0.16876757144927979,0.16876757144927979,1
70,pinky_01_r,0.16873857378959656,0.16873857378959656,0.16873857378959656,1
55,thumb_01_l,0.1686912626028061,0.1686912626028061,0.1686912626028061,1
38,upperarm_r,0.16862471401691437,0.16862471401691437,0.16862471401691437,1
67,pinky_01_r,0.16851159930229187,0.16851159930229187,0.16851159930229187,1
27,RUpArmTwist_r_01,0.16835147142410278,0.16835147142410278,0.16835147142410278,1
61,L_ForeTwist_01,0.16823707520961761,0.16823707520961761,0.16823707520961761,1
52,clavicle_l,0.16818344593048096,0.16818344593048096,0.16818344593048096,1
24,RCalfTwist_03,0.16813166439533234,0.16813166439533234,0.16813166439533234,1
73,index_01_r,0.1677931845188141,0.1677931845188141,0.1677931845188141,1
0,ball_l,0.16770045459270477,0.16770045459270477,0.16770045459270477,1
79,pinky_01_r,0.16768306493759155,0.16768306493759155,0.16768306493759155,1
8,RCalfTwist_02,0.16767820715904236,0.16767820715904236,0.16767820715904236,1
28,LCalfTwist_02,0.1676577776670456,0.1676577776670456,0.1676577776670456,1
26,index_01_l,0.1676090806722641,0.1676090806722641,0.1676090806722641,1
9,LCalfTwist_03,0.16751503944396973,0.16751503944396973,0.16751503944396973,1
71,pinky_01_r,0.16745664179325104,0.16745664179325104,0.16745664179325104,1
4,spine_02,0.16742561757564545,0.16742561757564545,0.16742561757564545,1
49,upperarm_r,0.16739694774150848,0.16739694774150848,0.16739694774150848,1
48,LCalfTwist_03,0.16736622154712677,0.16736622154712677,0.16736622154712677,1
72,R_ForeTwist_01,0.16732771694660187,0.16732771694660187,0.16732771694660187,1
77,RCalfTwist_03,0.16731376945972443,0.16731376945972443,0.16731376945972443,1
68,thumb_01_l,0.1672065407037735,0.1672065407037735,0.1672065407037735,1
15,clavicle_r,0.16718393564224243,0.16718393564224243,0.16718393564224243,1
42,L_ForeTwist_01,0.16712503135204315,0.16712503135204315,0.16712503135204315,1
60,RCalfTwist_03,0.16698361933231354,0.16698361933231354,0.16698361933231354,1
82,RUpArmTwist_l_01,0.16693267226219177,0.16693267226219177,0.16693267226219177,1
71,Bip001,0.16689398884773254,0.16689398884773254,0.16689398884773254,1
66,RUpArmTwist_l_01,0.1667647361755371,0.1667647361755371,0.1667647361755371,1
4,LCalfTwist_01,0.16672968864440918,0.16672968864440918,0.16672968864440918,1
1,clavicle_l,0.16661830246448517,0.16661830246448517,0.16661830246448517,1
23,index_01_l,0.16656158864498138,0.16656158864498138,0.16656158864498138,1
57,calf_r,0.16647210717201233,0.16647210717201233,0.16647210717201233,1
17,RCalfTwist_03,0.1663876324892044,0.1663876324892044,0.1663876324892044,1
81,RUpArmTwist_r_02,0.1663307249546051,0.1663307249546051,0.1663307249546051,1
60,index_01_l,0.16614584624767303,0.16614584624767303,0.16614584624767303,1
62,LCalfTwist_03,0.1661311537027359,0.1661311537027359,0.1661311537027359,1
39,L_ForeTwist_01,0.16612787544727325,0.16612787544727325,0.16612787544727325,1
21,LCalfTwist_03,0.16592048108577728,0.16592048108577728,0.16592048108577728,1
83,upperarm_r,0.1659117192029953,0.1659117192029953,0.1659117192029953,1
32,RCalfTwist_03,0.1658724844455719,0.1658724844455719,0.1658724844455719,1
12,thigh_r,0.1658640056848526,0.1658640056848526,0.1658640056848526,1
52,LCalfTwist_01,0.16581368446350098,0.16581368446350098,0.16581368446350098,1
39,Bip001,0.16578972339630127,0.16578972339630127,0.16578972339630127,1
69,R_ForeTwist_01,0.16574999690055847,0.16574999690055847,0.16574999690055847,1
83,RCalfTwist_03,0.1657402515411377,0.1657402515411377,0.1657402515411377,1
42,RCalfTwist_02,0.16573360562324524,0.16573360562324524,0.16573360562324524,1
61,LCalfTwist_02,0.1657332479953766,0.1657332479953766,0.1657332479953766,1
44,hand_l,0.16572760045528412,0.16572760045528412,0.16572760045528412,1
52,index_01_l,0.16569319367408752,0.16569319367408752,0.16569319367408752,1
0,RCalfTwist_02,0.1656835377216339,0.1656835377216339,0.1656835377216339,1
68,L_ForeTwist_02,0.1656331866979599,0.1656331866979599,0.1656331866979599,1
23,R_ForeTwist_02,0.16557595133781433,0.16557595133781433,0.16557595133781433,1
79,LCalfTwist_01,0.16557060182094574,0.16557060182094574,0.16557060182094574,1
21,ball_l,0.16551072895526886,0.16551072895526886,0.16551072895526886,1
80,R_ForeTwist_01,0.16531570255756378,0.16531570255756378,0.16531570255756378,1
34,spine_01,0.16526435315608978,0.16526435315608978,0.16526435315608978,1
30,lowerarm_r,0.16525258123874664,0.16525258123874664,0.16525258123874664,1
57,R_ForeTwist_01,0.16519621014595032,0.16519621014595032,0.16519621014595032,1
24,Bip001,0.1651679277420044,0.1651679277420044,0.1651679277420044,1
47,RCalfTwist_03,0.16497279703617096,0.16497279703617096,0.16497279703617096,1
46,RCalfTwist_03,0.16493114829063416,0.16493114829063416,0.16493114829063416,1
66,lowerarm_r,0.16488800942897797,0.16488800942897797,0.16488800942897797,1
76,LCalfTwist_01,0.16486620903015137,0.16486620903015137,0.16486620903015137,1
67,RCalfTwist_02,0.16486401855945587,0.16486401855945587,0.16486401855945587,1
72,pinky_01_r,0.1648491621017456,0.1648491621017456,0.1648491621017456,1
27,RCalfTwist_01,0.16474230587482452,0.16474230587482452,0.16474230587482452,1
72,LCalfTwist_02,0.16468103229999542,0.16468103229999542,0.16468103229999542,1
14,RCalfTwist_01,0.16462774574756622,0.16462774574756622,0.16462774574756622,1
48,calf_r,0.16453762352466583,0.16453762352466583,0.16453762352466583,1
3,thigh_r,0.164314404129982,0.164314404129982,0.164314404129982,1
22,LCalfTwist_02,0.1643027663230896,0.1643027663230896,0.1643027663230896,1
31,pinky_01_r,0.16429229080677032,0.16429229080677032,0.16429229080677032,1
37,RCalfTwist_03,0.16422824561595917,0.16422824561595917,0.16422824561595917,1
5,R_ForeTwist_02,0.16418930888175964,0.16418930888175964,0.16418930888175964,1
53,thumb_01_l,0.16418369114398956,0.16418369114398956,0.16418369114398956,1
23,clavicle_l,0.1641833484172821,0.1641833484172821,0.1641833484172821,1
35,RCalfTwist_02,0.1640188992023468,0.1640188992023468,0.1640188992023468,1
4,lowerarm_l,0.16374440491199493,0.16374440491199493,0.16374440491199493,1
71,lowerarm_r,0.16365894675254822,0.16365894675254822,0.16365894675254822,1
25,RCalfTwist_01,0.16359920799732208,0.16359920799732208,0.16359920799732208,1
22,L_ForeTwist_01,0.16350997984409332,0.16350997984409332,0.16350997984409332,1
68,Bip001,0.16341949999332428,0.16341949999332428,0.16341949999332428,1
24,lowerarm_r,0.16332590579986572,0.16332590579986572,0.16332590579986572,1
31,RUpArmTwist_r_01,0.16330942511558533,0.16330942511558533,0.16330942511558533,1
0,RUpArmTwist_l_01,0.16322550177574158,0.16322550177574158,0.16322550177574158,1
47,LCalfTwist_03,0.16321663558483124,0.16321663558483124,0.16321663558483124,1
48,Bip001,0.16320930421352386,0.16320930421352386,0.16320930421352386,1
47,lowerarm_r,0.16315503418445587,0.16315503418445587,0.16315503418445587,1
13,R_ForeTwist_02,0.16310790181159973,0.16310790181159973,0.16310790181159973,1
12,R_ForeTwist_01,0.16309760510921478,0.16309760510921478,0.16309760510921478,1
76,lowerarm_r,0.1630810648202896,0.1630810648202896,0.1630810648202896,1
41,RCalfTwist_02,0.16294905543327332,0.16294905543327332,0.16294905543327332,1
65,calf_l,0.16282393038272858,0.16282393038272858,0.16282393038272858,1
7,pinky_01_r,0.16278958320617676,0.16278958320617676,0.16278958320617676,1
73,RCalfTwist_02,0.16278168559074402,0.16278168559074402,0.16278168559074402,1
82,pinky_01_r,0.1626693606376648,0.1626693606376648,0.1626693606376648,1
57,Bip001,0.1625540554523468,0.1625540554523468,0.1625540554523468,1
6,LCalfTwist_03,0.16241919994354248,0.16241919994354248,0.16241919994354248,1
6,LCalfTwist_01,0.16238152980804443,0.16238152980804443,0.16238152980804443,1
45,R_ForeTwist_01,0.1623658686876297,0.1623658686876297,0.1623658686876297,1
83,head,0.16205422580242157,0.16205422580242157,0.16205422580242157,1
41,pinky_01_r,0.16190582513809204,0.16190582513809204,0.16190582513809204,1
2,RCalfTwist_01,0.16183964908123016,0.16183964908123016,0.16183964908123016,1
39,RCalfTwist_02,0.16171406209468842,0.16171406209468842,0.16171406209468842,1
75,LCalfTwist_03,0.1617051512002945,0.1617051512002945,0.1617051512002945,1
85,LCalfTwist_02,0.16161315143108368,0.16161315143108368,0.16161315143108368,1
9,upperarm_r,0.16149476170539856,0.16149476170539856,0.16149476170539856,1
9,calf_r,0.16144774854183197,0.16144774854183197,0.16144774854183197,1
39,index_01_l,0.161441370844841,0.161441370844841,0.161441370844841,1
34,thumb_01_l,0.16132424771785736,0.16132424771785736,0.16132424771785736,1
73,thumb_01_l,0.16130615770816803,0.16130615770816803,0.16130615770816803,1
61,index_01_l,0.161264568567276,0.161264568567276,0.161264568567276,1
1,RUpArmTwist_l_02,0.16120260953903198,0.16120260953903198,0.16120260953903198,1
62,upperarm_r,0.16119399666786194,0.16119399666786194,0.16119399666786194,1
36,LCalfTwist_02,0.16115939617156982,0.16115939617156982,0.16115939617156982,1
31,thumb_01_l,0.16107748448848724,0.16107748448848724,0.16107748448848724,1
1,pinky_01_r,0.16105127334594727,0.16105127334594727,0.16105127334594727,1
67,Bip001,0.16100963950157166,0.16100963950157166,0.16100963950157166,1
24,index_01_l,0.16090451180934906,0.16090451180934906,0.16090451180934906,1
15,Bip001,0.1607992947101593,0.1607992947101593,0.1607992947101593,1
21,RUpArmTwist_l_01,0.1607372909784317,0.1607372909784317,0.1607372909784317,1
24,spine_01,0.16066470742225647,0.16066470742225647,0.16066470742225647,1
76,RUpArmTwist_r_02,0.16063740849494934,0.16063740849494934,0.16063740849494934,1
80,upperarm_r,0.16057823598384857,0.16057823598384857,0.16057823598384857,1
50,calf_l,0.1605394184589386,0.1605394184589386,0.1605394184589386,1
31,middle_01_r,0.1605258733034134,0.1605258733034134,0.1605258733034134,1
73,RCalfTwist_03,0.1604236513376236,0.1604236513376236,0.1604236513376236,1
64,index_01_l,0.16041162610054016,0.16041162610054016,0.16041162610054016,1
41,R_ForeTwist_01,0.16030627489089966,0.16030627489089966,0.16030627489089966,1
9,R_ForeTwist_01,0.1602776199579239,0.1602776199579239,0.1602776199579239,1
8,L_ForeTwist_02,0.160034641623497,0.160034641623497,0.160034641623497,1
76,pinky_01_r,0.15996994078159332,0.15996994078159332,0.15996994078159332,1
10,LCalfTwist_03,0.15996423363685608,0.15996423363685608,0.15996423363685608,1
75,index_01_l,0.15995682775974274,0.15995682775974274,0.15995682775974274,1
63,L_ForeTwist_02,0.15989536046981812,0.15989536046981812,0.15989536046981812,1
34,R_ForeTwist_01,0.15986084938049316,0.15986084938049316,0.15986084938049316,1
65,LCalfTwist_01,0.15966328978538513,0.15966328978538513,0.15966328978538513,1
73,head,0.15960536897182465,0.15960536897182465,0.15960536897182465,1
71,R_ForeTwist_01,0.15958271920681,0.15958271920681,0.15958271920681,1
85,LCalfTwist_03,0.159401074051857,0.159401074051857,0.159401074051857,1
17,RCalfTwist_01,0.1592552363872528,0.1592552363872528,0.1592552363872528,1
1,LCalfTwist_03,0.15924909710884094,0.15924909710884094,0.15924909710884094,1
69,Bip001,0.1592245101928711,0.1592245101928711,0.1592245101928711,1
81,R_ForeTwist_01,0.15921738743782043,0.15921738743782043,0.15921738743782043,1
16,index_01_l,0.15919701755046844,0.15919701755046844,0.15919701755046844,1
47,hand_l,0.15916390717029572,0.15916390717029572,0.15916390717029572,1
31,RCalfTwist_01,0.15912796556949615,0.15912796556949615,0.15912796556949615,1
75,RCalfTwist_01,0.15907058119773865,0.15907058119773865,0.15907058119773865,1
43,ball_l,0.1590629518032074,0.1590629518032074,0.1590629518032074,1
49,RCalfTwist_02,0.1589978188276291,0.1589978188276291,0.1589978188276291,1
63,index_01_l,0.1589958667755127,0.1589958667755127,0.1589958667755127,1
45,spine_01,0.15887665748596191,0.15887665748596191,0.15887665748596191,1
81,Bip001,0.1586437225341797,0.1586437225341797,0.1586437225341797,1
45,thumb_01_l,0.1586262583732605,0.1586262583732605,0.1586262583732605,1
9,clavicle_r,0.15862441062927246,0.15862441062927246,0.15862441062927246,1
74,pinky_01_r,0.15853387117385864,0.15853387117385864,0.15853387117385864,1
77,L_ForeTwist_01,0.15848687291145325,0.15848687291145325,0.15848687291145325,1
15,ball_l,0.1584581732749939,0.1584581732749939,0.1584581732749939,1
70,RUpArmTwist_l_02,0.1583673059940338,0.1583673059940338,0.1583673059940338,1
6,RCalfTwist_03,0.15827730298042297,0.15827730298042297,0.15827730298042297,1
82,Bip001,0.15826553106307983,0.15826553106307983,0.15826553106307983,1
5,L_ForeTwist_02,0.15826232731342316,0.15826232731342316,0.15826232731342316,1
15,LCalfTwist_01,0.15823759138584137,0.15823759138584137,0.15823759138584137,1
19,spine_02,0.15817224979400635,0.15817224979400635,0.15817224979400635,1
51,R_ForeTwist_02,0.1581699699163437,0.1581699699163437,0.1581699699163437,1
69,pinky_01_r,0.15816673636436462,0.15816673636436462,0.15816673636436462,1
57,thumb_01_l,0.15803349018096924,0.15803349018096924,0.15803349018096924,1
77,clavicle_r,0.15798312425613403,0.15798312425613403,0.15798312425613403,1
6,index_01_l,0.15786519646644592,0.15786519646644592,0.15786519646644592,1
77,RCalfTwist_02,0.15782777965068817,0.15782777965068817,0.15782777965068817,1
49,clavicle_r,0.15767912566661835,0.15767912566661835,0.15767912566661835,1
40,RUpArmTwist_r_02,0.1576465219259262,0.1576465219259262,0.1576465219259262,1
83,LCalfTwist_01,0.15761509537696838,0.15761509537696838,0.15761509537696838,1
12,lowerarm_l,0.15752670168876648,0.15752670168876648,0.15752670168876648,1
64,RUpArmTwist_l_02,0.15747597813606262,0.15747597813606262,0.15747597813606262,1
68,LCalfTwist_01,0.1574362963438034,0.1574362963438034,0.1574362963438034,1
49,index_01_l,0.1574215143918991,0.1574215143918991,0.1574215143918991,1
32,RUpArmTwist_r_02,0.1573348343372345,0.1573348343372345,0.1573348343372345,1
75,RCalfTwist_03,0.15731649100780487,0.15731649100780487,0.15731649100780487,1
22,clavicle_l,0.15729248523712158,0.15729248523712158,0.15729248523712158,1
34,clavicle_l,0.1572522670030594,0.1572522670030594,0.1572522670030594,1
20,calf_r,0.1571991890668869,0.1571991890668869,0.1571991890668869,1
6,R_ForeTwist_02,0.1571783572435379,0.1571783572435379,0.1571783572435379,1
35,RCalfTwist_01,0.157156303524971,0.157156303524971,0.157156303524971,1
32,thumb_01_l,0.15714876353740692,0.15714876353740692,0.15714876353740692,1
49,L_ForeTwist_01,0.1571430265903473,0.1571430265903473,0.1571430265903473,1
50,LCalfTwist_01,0.1570509672164917,0.1570509672164917,0.1570509672164917,1
61,L_ForeTwist_02,0.15688146650791168,0.15688146650791168,0.15688146650791168,1
64,L_ForeTwist_01,0.15687987208366394,0.15687987208366394,0.15687987208366394,1
63,clavicle_r,0.15684030950069427,0.15684030950069427,0.15684030950069427,1
84,spine_02,0.15678256750106812,0.15678256750106812,0.15678256750106812,1
49,ball_l,0.1567385345697403,0.1567385345697403,0.1567385345697403,1
40,index_01_l,0.1566750705242157,0.1566750705242157,0.1566750705242157,1
49,LCalfTwist_03,0.15658912062644958,0.15658912062644958,0.15658912062644958,1
18,RCalfTwist_01,0.15652823448181152,0.15652823448181152,0.15652823448181152,1
70,RUpArmTwist_r_02,0.1564805656671524,0.1564805656671524,0.1564805656671524,1
47,RCalfTwist_02,0.15646575391292572,0.15646575391292572,0.15646575391292572,1
44,RCalfTwist_01,0.15644192695617676,0.15644192695617676,0.15644192695617676,1
51,RCalfTwist_01,0.15640036761760712,0.15640036761760712,0.15640036761760712,1
78,clavicle_r,0.15625068545341492,0.15625068545341492,0.15625068545341492,1
0,pinky_01_r,0.15624623000621796,0.15624623000621796,0.15624623000621796,1
16,Bip001,0.15612612664699554,0.15612612664699554,0.15612612664699554,1
67,RUpArmTwist_r_02,0.15601855516433716,0.15601855516433716,0.15601855516433716,1
61,clavicle_r,0.15569806098937988,0.15569806098937988,0.15569806098937988,1
43,Bip001,0.15564028918743134,0.15564028918743134,0.15564028918743134,1
66,LCalfTwist_01,0.1556345522403717,0.1556345522403717,0.1556345522403717,1
70,Bip001,0.1556171476840973,0.1556171476840973,0.1556171476840973,1
84,R_ForeTwist_01,0.15557081997394562,0.15557081997394562,0.15557081997394562,1
25,lowerarm_r,0.1553564816713333,0.1553564816713333,0.1553564816713333,1
65,RUpArmTwist_l_01,0.15529219806194305,0.15529219806194305,0.15529219806194305,1
46,L_ForeTwist_02,0.1550992876291275,0.1550992876291275,0.1550992876291275,1
55,R_ForeTwist_01,0.1550648957490921,0.1550648957490921,0.1550648957490921,1
70,ball_l,0.1550646424293518,0.1550646424293518,0.1550646424293518,1
83,LCalfTwist_03,0.15483812987804413,0.15483812987804413,0.15483812987804413,1
9,RCalfTwist_02,0.15482640266418457,0.15482640266418457,0.15482640266418457,1
65,pinky_01_r,0.15472418069839478,0.15472418069839478,0.15472418069839478,1
55,index_01_l,0.1547059714794159,0.1547059714794159,0.1547059714794159,1
71,head,0.1546962857246399,0.1546962857246399,0.1546962857246399,1
67,index_01_l,0.15464894473552704,0.15464894473552704,0.15464894473552704,1
0,R_ForeTwist_01,0.15464873611927032,0.15464873611927032,0.15464873611927032,1
65,index_01_l,0.1544351875782013,0.1544351875782013,0.1544351875782013,1
25,R_ForeTwist_01,0.1542142778635025,0.1542142778635025,0.1542142778635025,1
32,R_ForeTwist_02,0.1542106568813324,0.1542106568813324,0.1542106568813324,1
54,index_01_l,0.1541701853275299,0.1541701853275299,0.1541701853275299,1
65,R_ForeTwist_01,0.15395444631576538,0.15395444631576538,0.15395444631576538,1
6,R_ForeTwist_01,0.15390345454216003,0.15390345454216003,0.15390345454216003,1
29,thumb_01_l,0.15382379293441772,0.15382379293441772,0.15382379293441772,1
74,R_ForeTwist_02,0.15371154248714447,0.15371154248714447,0.15371154248714447,1
29,pinky_01_r,0.1537093073129654,0.1537093073129654,0.1537093073129654,1
14,ball_l,0.1536581963300705,0.1536581963300705,0.1536581963300705,1
6,upperarm_r,0.15363027155399323,0.15363027155399323,0.15363027155399323,1
21,index_01_l,0.15352381765842438,0.15352381765842438,0.15352381765842438,1
56,thumb_01_l,0.15351161360740662,0.15351161360740662,0.15351161360740662,1
82,ball_l,0.15349668264389038,0.15349668264389038,0.15349668264389038,1
74,LCalfTwist_02,0.15345700085163116,0.15345700085163116,0.15345700085163116,1
67,R_ForeTwist_01,0.1534019112586975,0.1534019112586975,0.1534019112586975,1
50,ball_l,0.15335148572921753,0.15335148572921753,0.15335148572921753,1
68,R_ForeTwist_01,0.15315835177898407,0.15315835177898407,0.15315835177898407,1
68,RUpArmTwist_r_01,0.15314292907714844,0.15314292907714844,0.15314292907714844,1
47,L_ForeTwist_02,0.15281115472316742,0.15281115472316742,0.15281115472316742,1
16,RUpArmTwist_r_02,0.1527535617351532,0.1527535617351532,0.1527535617351532,1
46,LCalfTwist_01,0.15267179906368256,0.15267179906368256,0.15267179906368256,1
66,index_01_l,0.15263521671295166,0.15263521671295166,0.15263521671295166,1
68,RUpArmTwist_r_02,0.15255425870418549,0.15255425870418549,0.15255425870418549,1
16,LCalfTwist_03,0.15254101157188416,0.15254101157188416,0.15254101157188416,1
57,foot_l,0.15251532196998596,0.15251532196998596,0.15251532196998596,1
56,RCalfTwist_02,0.15243224799633026,0.15243224799633026,0.15243224799633026,1
75,calf_l,0.15241558849811554,0.15241558849811554,0.15241558849811554,1
55,upperarm_r,0.15229378640651703,0.15229378640651703,0.15229378640651703,1
39,lowerarm_r,0.15200142562389374,0.15200142562389374,0.15200142562389374,1
6,pinky_01_r,0.15192361176013947,0.15192361176013947,0.15192361176013947,1
56,Bip001,0.15189874172210693,0.15189874172210693,0.15189874172210693,1
10,RCalfTwist_03,0.1517678201198578,0.1517678201198578,0.1517678201198578,1
79,Bip001,0.15176063776016235,0.15176063776016235,0.15176063776016235,1
82,R_ForeTwist_01,0.15164446830749512,0.15164446830749512,0.15164446830749512,1
85,R_ForeTwist_02,0.15142598748207092,0.15142598748207092,0.15142598748207092,1
28,L_ForeTwist_01,0.1513514369726181,0.1513514369726181,0.1513514369726181,1
21,thumb_01_l,0.15130020678043365,0.15130020678043365,0.15130020678043365,1
37,RCalfTwist_02,0.15129223465919495,0.15129223465919495,0.15129223465919495,1
70,R_ForeTwist_01,0.15124642848968506,0.15124642848968506,0.15124642848968506,1
43,thumb_01_l,0.15112458169460297,0.15112458169460297,0.15112458169460297,1
34,lowerarm_r,0.15095007419586182,0.15095007419586182,0.15095007419586182,1
55,spine_02,0.1508551687002182,0.1508551687002182,0.1508551687002182,1
21,L_ForeTwist_01,0.1507061868906021,0.1507061868906021,0.1507061868906021,1
84,pinky_01_r,0.15065373480319977,0.15065373480319977,0.15065373480319977,1
51,index_01_l,0.1506144404411316,0.1506144404411316,0.1506144404411316,1
60,middle_01_l,0.15051987767219543,0.15051987767219543,0.15051987767219543,1
29,RCalfTwist_03,0.1504322588443756,0.1504322588443756,0.1504322588443756,1
20,RUpArmTwist_r_01,0.15037482976913452,0.15037482976913452,0.15037482976913452,1
69,RCalfTwist_02,0.1502547562122345,0.1502547562122345,0.1502547562122345,1
28,RCalfTwist_01,0.15018367767333984,0.15018367767333984,0.15018367767333984,1
31,clavicle_r,0.15013337135314941,0.15013337135314941,0.15013337135314941,1
53,calf_l,0.14993350207805634,0.14993350207805634,0.14993350207805634,1
27,Bip001,0.14988668262958527,0.14988668262958527,0.14988668262958527,1
80,Bip001,0.1498100459575653,0.1498100459575653,0.1498100459575653,1
53,index_01_l,0.14980940520763397,0.14980940520763397,0.14980940520763397,1
73,LCalfTwist_03,0.14976197481155396,0.14976197481155396,0.14976197481155396,1
26,calf_r,0.14967061579227448,0.14967061579227448,0.14967061579227448,1
48,pinky_01_r,0.14955097436904907,0.14955097436904907,0.14955097436904907,1
62,calf_l,0.14951001107692719,0.14951001107692719,0.14951001107692719,1
76,calf_l,0.14935030043125153,0.14935030043125153,0.14935030043125153,1
47,calf_l,0.14934644103050232,0.14934644103050232,0.14934644103050232,1
56,index_01_l,0.1493399441242218,0.1493399441242218,0.1493399441242218,1
83,ball_l,0.1493109166622162,0.1493109166622162,0.1493109166622162,1
76,LCalfTwist_03,0.14927221834659576,0.14927221834659576,0.14927221834659576,1
11,R_ForeTwist_01,0.14923624694347382,0.14923624694347382,0.14923624694347382,1
43,RUpArmTwist_r_02,0.14920152723789215,0.14920152723789215,0.14920152723789215,1
80,RCalfTwist_03,0.1490541398525238,0.1490541398525238,0.1490541398525238,1
65,L_ForeTwist_02,0.14900709688663483,0.14900709688663483,0.14900709688663483,1
79,clavicle_r,0.14899104833602905,0.14899104833602905,0.14899104833602905,1
51,LCalfTwist_01,0.1489032804965973,0.1489032804965973,0.1489032804965973,1
85,L_ForeTwist_02,0.14889414608478546,0.14889414608478546,0.14889414608478546,1
70,index_01_l,0.14885587990283966,0.14885587990283966,0.14885587990283966,1
3,head,0.14883434772491455,0.14883434772491455,0.14883434772491455,1
71,upperarm_r,0.14867524802684784,0.14867524802684784,0.14867524802684784,1
53,R_ForeTwist_01,0.1483316868543625,0.1483316868543625,0.1483316868543625,1
55,L_ForeTwist_01,0.14826540648937225,0.14826540648937225,0.14826540648937225,1
20,LCalfTwist_03,0.1482362598180771,0.1482362598180771,0.1482362598180771,1
4,Bip001,0.1481967568397522,0.1481967568397522,0.1481967568397522,1
67,RUpArmTwist_l_02,0.1481238305568695,0.1481238305568695,0.1481238305568695,1
50,R_ForeTwist_01,0.14808389544487,0.14808389544487,0.14808389544487,1
38,R_ForeTwist_01,0.14806118607521057,0.14806118607521057,0.14806118607521057,1
6,RCalfTwist_02,0.14797669649124146,0.14797669649124146,0.14797669649124146,1
23,calf_r,0.1479179561138153,0.1479179561138153,0.1479179561138153,1
67,LCalfTwist_01,0.14785170555114746,0.14785170555114746,0.14785170555114746,1
57,index_01_l,0.14759664237499237,0.14759664237499237,0.14759664237499237,1
71,LCalfTwist_01,0.14757972955703735,0.14757972955703735,0.14757972955703735,1
63,L_ForeTwist_01,0.1474796086549759,0.1474796086549759,0.1474796086549759,1
23,LCalfTwist_02,0.14731933176517487,0.14731933176517487,0.14731933176517487,1
59,index_01_l,0.1472613364458084,0.1472613364458084,0.1472613364458084,1
40,L_ForeTwist_02,0.14722910523414612,0.14722910523414612,0.14722910523414612,1
23,clavicle_r,0.14716914296150208,0.14716914296150208,0.14716914296150208,1
84,RCalfTwist_03,0.14707320928573608,0.14707320928573608,0.14707320928573608,1
82,RUpArmTwist_l_02,0.14705434441566467,0.14705434441566467,0.14705434441566467,1
47,R_ForeTwist_01,0.1469375044107437,0.1469375044107437,0.1469375044107437,1
62,index_01_l,0.14682996273040771,0.14682996273040771,0.14682996273040771,1
52,ball_l,0.14643339812755585,0.14643339812755585,0.14643339812755585,1
50,lowerarm_r,0.1464066207408905,0.1464066207408905,0.1464066207408905,1
78,ball_l,0.14635059237480164,0.14635059237480164,0.14635059237480164,1
25,L_ForeTwist_01,0.14627890288829803,0.14627890288829803,0.14627890288829803,1
80,RCalfTwist_02,0.14627018570899963,0.14627018570899963,0.14627018570899963,1
35,spine_02,0.14622722566127777,0.14622722566127777,0.14622722566127777,1
66,R_ForeTwist_01,0.1459926813840866,0.1459926813840866,0.1459926813840866,1
82,RCalfTwist_01,0.14588089287281036,0.14588089287281036,0.14588089287281036,1
51,LCalfTwist_03,0.145846426486969,0.145846426486969,0.145846426486969,1
7,LCalfTwist_03,0.1457636058330536,0.1457636058330536,0.1457636058330536,1
29,L_ForeTwist_01,0.14564907550811768,0.14564907550811768,0.14564907550811768,1
54,RCalfTwist_02,0.1456463783979416,0.1456463783979416,0.1456463783979416,1
67,clavicle_r,0.14558200538158417,0.14558200538158417,0.14558200538158417,1
69,LCalfTwist_01,0.14552485942840576,0.14552485942840576,0.14552485942840576,1
37,index_01_l,0.14550068974494934,0.14550068974494934,0.14550068974494934,1
44,upperarm_l,0.1454262137413025,0.1454262137413025,0.1454262137413025,1
20,thumb_01_l,0.14542482793331146,0.14542482793331146,0.14542482793331146,1
42,RCalfTwist_03,0.14534378051757812,0.14534378051757812,0.14534378051757812,1
32,RCalfTwist_02,0.14500035345554352,0.14500035345554352,0.14500035345554352,1
69,index_01_l,0.14486318826675415,0.14486318826675415,0.14486318826675415,1
38,RCalfTwist_02,0.1448393017053604,0.1448393017053604,0.1448393017053604,1
14,Bip001,0.1446971595287323,0.1446971595287323,0.1446971595287323,1
0,L_ForeTwist_02,0.14461418986320496,0.14461418986320496,0.14461418986320496,1
68,index_01_l,0.14457976818084717,0.14457976818084717,0.14457976818084717,1
70,LCalfTwist_01,0.14451058208942413,0.14451058208942413,0.14451058208942413,1
54,R_ForeTwist_01,0.14449138939380646,0.14449138939380646,0.14449138939380646,1
66,thigh_r,0.14446333050727844,0.14446333050727844,0.14446333050727844,1
54,L_ForeTwist_01,0.14421962201595306,0.14421962201595306,0.14421962201595306,1
69,clavicle_r,0.14418424665927887,0.14418424665927887,0.14418424665927887,1
81,L_ForeTwist_01,0.14416825771331787,0.14416825771331787,0.14416825771331787,1
13,RCalfTwist_03,0.14414623379707336,0.14414623379707336,0.14414623379707336,1
18,LCalfTwist_02,0.1440746784210205,0.1440746784210205,0.1440746784210205,1
39,RUpArmTwist_l_01,0.1440126895904541,0.1440126895904541,0.1440126895904541,1
70,RCalfTwist_02,0.14400731027126312,0.14400731027126312,0.14400731027126312,1
17,spine_02,0.14399011433124542,0.14399011433124542,0.14399011433124542,1
31,spine_02,0.14387944340705872,0.14387944340705872,0.14387944340705872,1
51,L_ForeTwist_01,0.14378637075424194,0.14378637075424194,0.14378637075424194,1
49,R_ForeTwist_01,0.14376024901866913,0.14376024901866913,0.14376024901866913,1
18,RCalfTwist_03,0.14370429515838623,0.14370429515838623,0.14370429515838623,1
78,L_ForeTwist_01,0.14365437626838684,0.14365437626838684,0.14365437626838684,1
8,spine_01,0.14347895979881287,0.14347895979881287,0.14347895979881287,1
50,RCalfTwist_01,0.14344045519828796,0.14344045519828796,0.14344045519828796,1
28,thumb_01_l,0.14338286221027374,0.14338286221027374,0.14338286221027374,1
43,RCalfTwist_02,0.14331546425819397,0.14331546425819397,0.14331546425819397,1
48,R_ForeTwist_01,0.14331504702568054,0.14331504702568054,0.14331504702568054,1
37,L_ForeTwist_01,0.14318697154521942,0.14318697154521942,0.14318697154521942,1
17,index_01_l,0.14300934970378876,0.14300934970378876,0.14300934970378876,1
78,RCalfTwist_03,0.14291226863861084,0.14291226863861084,0.14291226863861084,1
38,RUpArmTwist_l_01,0.14290718734264374,0.14290718734264374,0.14290718734264374,1
85,R_ForeTwist_01,0.14290226995944977,0.14290226995944977,0.14290226995944977,1
50,RCalfTwist_02,0.1428695172071457,0.1428695172071457,0.1428695172071457,1
60,upperarm_r,0.14269033074378967,0.14269033074378967,0.14269033074378967,1
33,L_ForeTwist_01,0.14262305200099945,0.14262305200099945,0.14262305200099945,1
18,index_01_l,0.14252114295959473,0.14252114295959473,0.14252114295959473,1
40,RUpArmTwist_l_01,0.14248228073120117,0.14248228073120117,0.14248228073120117,1
84,L_ForeTwist_02,0.1422766149044037,0.1422766149044037,0.1422766149044037,1
79,RCalfTwist_03,0.14226371049880981,0.14226371049880981,0.14226371049880981,1
31,Bip001,0.14225128293037415,0.14225128293037415,0.14225128293037415,1
42,clavicle_r,0.14224344491958618,0.14224344491958618,0.14224344491958618,1
77,R_ForeTwist_01,0.14197447896003723,0.14197447896003723,0.14197447896003723,1
25,RCalfTwist_02,0.14188115298748016,0.14188115298748016,0.14188115298748016,1
35,ball_l,0.14173190295696259,0.14173190295696259,0.14173190295696259,1
14,L_ForeTwist_01,0.14168356359004974,0.14168356359004974,0.14168356359004974,1
1,index_01_l,0.14163857698440552,0.14163857698440552,0.14163857698440552,1
56,L_ForeTwist_01,0.14153845608234406,0.14153845608234406,0.14153845608234406,1
48,L_ForeTwist_01,0.1414937824010849,0.1414937824010849,0.1414937824010849,1
47,L_ForeTwist_01,0.14145271480083466,0.14145271480083466,0.14145271480083466,1
46,RUpArmTwist_r_02,0.14116041362285614,0.14116041362285614,0.14116041362285614,1
64,RCalfTwist_02,0.14113785326480865,0.14113785326480865,0.14113785326480865,1
35,thumb_01_l,0.14112064242362976,0.14112064242362976,0.14112064242362976,1
40,R_ForeTwist_01,0.1410374939441681,0.1410374939441681,0.1410374939441681,1
68,lowerarm_r,0.14091534912586212,0.14091534912586212,0.14091534912586212,1
66,RCalfTwist_02,0.14086420834064484,0.14086420834064484,0.14086420834064484,1
33,ball_l,0.14085932075977325,0.14085932075977325,0.14085932075977325,1
50,RCalfTwist_03,0.14076244831085205,0.14076244831085205,0.14076244831085205,1
24,calf_r,0.1407260000705719,0.1407260000705719,0.1407260000705719,1
56,L_ForeTwist_02,0.1406659334897995,0.1406659334897995,0.1406659334897995,1
57,RUpArmTwist_r_01,0.14066465198993683,0.14066465198993683,0.14066465198993683,1
80,L_ForeTwist_01,0.1406230926513672,0.1406230926513672,0.1406230926513672,1
28,Bip001,0.14057394862174988,0.14057394862174988,0.14057394862174988,1
36,spine_02,0.1405186802148819,0.1405186802148819,0.1405186802148819,1
78,Bip001,0.14050112664699554,0.14050112664699554,0.14050112664699554,1
18,L_ForeTwist_01,0.14039619266986847,0.14039619266986847,0.14039619266986847,1
71,RUpArmTwist_r_02,0.14032672345638275,0.14032672345638275,0.14032672345638275,1
80,LCalfTwist_01,0.14022290706634521,0.14022290706634521,0.14022290706634521,1
22,spine_02,0.1401730328798294,0.1401730328798294,0.1401730328798294,1
83,index_01_l,0.1401490867137909,0.1401490867137909,0.1401490867137909,1
58,LCalfTwist_03,0.14012855291366577,0.14012855291366577,0.14012855291366577,1
37,R_ForeTwist_01,0.13989770412445068,0.13989770412445068,0.13989770412445068,1
37,RCalfTwist_01,0.13984376192092896,0.13984376192092896,0.13984376192092896,1
5,RCalfTwist_03,0.1395399123430252,0.1395399123430252,0.1395399123430252,1
24,clavicle_r,0.13947002589702606,0.13947002589702606,0.13947002589702606,1
81,RCalfTwist_02,0.13946868479251862,0.13946868479251862,0.13946868479251862,1
3,R_ForeTwist_02,0.13932715356349945,0.13932715356349945,0.13932715356349945,1
75,spine_02,0.13926184177398682,0.13926184177398682,0.13926184177398682,1
20,RUpArmTwist_r_02,0.13908611238002777,0.13908611238002777,0.13908611238002777,1
45,spine_02,0.1390167623758316,0.1390167623758316,0.1390167623758316,1
4,pinky_01_r,0.1388685405254364,0.1388685405254364,0.1388685405254364,1
69,ball_l,0.13878807425498962,0.13878807425498962,0.13878807425498962,1
33,RCalfTwist_03,0.13866446912288666,0.13866446912288666,0.13866446912288666,1
46,RCalfTwist_02,0.1386266052722931,0.1386266052722931,0.1386266052722931,1
16,R_ForeTwist_02,0.1385997086763382,0.1385997086763382,0.1385997086763382,1
68,RCalfTwist_03,0.13858233392238617,0.13858233392238617,0.13858233392238617,1
49,L_ForeTwist_02,0.13846416771411896,0.13846416771411896,0.13846416771411896,1
47,spine_02,0.13839028775691986,0.13839028775691986,0.13839028775691986,1
1,L_ForeTwist_02,0.13828855752944946,0.13828855752944946,0.13828855752944946,1
83,L_ForeTwist_02,0.13826152682304382,0.13826152682304382,0.13826152682304382,1
8,R_ForeTwist_02,0.1382565051317215,0.1382565051317215,0.1382565051317215,1
15,spine_01,0.13811716437339783,0.13811716437339783,0.13811716437339783,1
46,R_ForeTwist_01,0.13803768157958984,0.13803768157958984,0.13803768157958984,1
56,RUpArmTwist_r_01,0.13801756501197815,0.13801756501197815,0.13801756501197815,1
63,RCalfTwist_01,0.13795295357704163,0.13795295357704163,0.13795295357704163,1
44,RCalfTwist_02,0.1379462033510208,0.1379462033510208,0.1379462033510208,1
72,index_01_l,0.13792112469673157,0.13792112469673157,0.13792112469673157,1
15,L_ForeTwist_02,0.13783948123455048,0.13783948123455048,0.13783948123455048,1
41,head,0.13776545226573944,0.13776545226573944,0.13776545226573944,1
42,thumb_01_l,0.13775800168514252,0.13775800168514252,0.13775800168514252,1
39,clavicle_r,0.13774658739566803,0.13774658739566803,0.13774658739566803,1
19,L_ForeTwist_02,0.13774147629737854,0.13774147629737854,0.13774147629737854,1
12,pinky_01_r,0.13757860660552979,0.13757860660552979,0.13757860660552979,1
9,clavicle_l,0.13713175058364868,0.13713175058364868,0.13713175058364868,1
65,RCalfTwist_03,0.13706238567829132,0.13706238567829132,0.13706238567829132,1
12,L_ForeTwist_01,0.13694880902767181,0.13694880902767181,0.13694880902767181,1
3,spine_01,0.13682125508785248,0.13682125508785248,0.13682125508785248,1
75,clavicle_r,0.13669262826442719,0.13669262826442719,0.13669262826442719,1
78,RUpArmTwist_r_02,0.13659189641475677,0.13659189641475677,0.13659189641475677,1
39,RUpArmTwist_r_01,0.13656361401081085,0.13656361401081085,0.13656361401081085,1
37,thumb_01_l,0.13655656576156616,0.13655656576156616,0.13655656576156616,1
32,lowerarm_r,0.13654425740242004,0.13654425740242004,0.13654425740242004,1
6,L_ForeTwist_02,0.13647755980491638,0.13647755980491638,0.13647755980491638,1
81,RCalfTwist_03,0.13632832467556,0.13632832467556,0.13632832467556,1
7,R_ForeTwist_01,0.13628780841827393,0.13628780841827393,0.13628780841827393,1
2,index_01_l,0.1361108124256134,0.1361108124256134,0.1361108124256134,1
66,RCalfTwist_03,0.13609454035758972,0.13609454035758972,0.13609454035758972,1
67,RCalfTwist_03,0.1359875649213791,0.1359875649213791,0.1359875649213791,1
40,lowerarm_r,0.1359841525554657,0.1359841525554657,0.1359841525554657,1
65,RCalfTwist_01,0.13591910898685455,0.13591910898685455,0.13591910898685455,1
51,spine_02,0.13579504191875458,0.13579504191875458,0.13579504191875458,1
63,R_ForeTwist_01,0.1357487589120865,0.1357487589120865,0.1357487589120865,1
62,RCalfTwist_01,0.13572709262371063,0.13572709262371063,0.13572709262371063,1
50,L_ForeTwist_01,0.13557597994804382,0.13557597994804382,0.13557597994804382,1
14,L_ForeTwist_02,0.13543182611465454,0.13543182611465454,0.13543182611465454,1
62,L_ForeTwist_01,0.13510701060295105,0.13510701060295105,0.13510701060295105,1
79,ball_l,0.13486087322235107,0.13486087322235107,0.13486087322235107,1
75,L_ForeTwist_01,0.13485251367092133,0.13485251367092133,0.13485251367092133,1
63,head,0.13473398983478546,0.13473398983478546,0.13473398983478546,1
57,RCalfTwist_01,0.13450147211551666,0.13450147211551666,0.13450147211551666,1
18,RCalfTwist_02,0.13440586626529694,0.13440586626529694,0.13440586626529694,1
22,index_01_l,0.13429491221904755,0.13429491221904755,0.13429491221904755,1
84,RCalfTwist_01,0.13428500294685364,0.13428500294685364,0.13428500294685364,1
40,Bip001,0.13425213098526,0.13425213098526,0.13425213098526,1
69,RCalfTwist_01,0.1340721696615219,0.1340721696615219,0.1340721696615219,1
17,RCalfTwist_02,0.13406692445278168,0.13406692445278168,0.13406692445278168,1
8,RCalfTwist_01,0.13383853435516357,0.13383853435516357,0.13383853435516357,1
44,clavicle_r,0.13379499316215515,0.13379499316215515,0.13379499316215515,1
73,R_ForeTwist_01,0.13377022743225098,0.13377022743225098,0.13377022743225098,1
52,pinky_01_r,0.13375777006149292,0.13375777006149292,0.13375777006149292,1
26,thumb_01_l,0.13375221192836761,0.13375221192836761,0.13375221192836761,1
64,R_ForeTwist_01,0.13357533514499664,0.13357533514499664,0.13357533514499664,1
9,RCalfTwist_01,0.13343971967697144,0.13343971967697144,0.13343971967697144,1
47,index_01_l,0.133407860994339,0.133407860994339,0.133407860994339,1
10,calf_r,0.13324804604053497,0.13324804604053497,0.13324804604053497,1
1,RCalfTwist_02,0.13322652876377106,0.13322652876377106,0.13322652876377106,1
72,RCalfTwist_01,0.13305747509002686,0.13305747509002686,0.13305747509002686,1
68,upperarm_r,0.13302627205848694,0.13302627205848694,0.13302627205848694,1
85,RCalfTwist_02,0.1327318698167801,0.1327318698167801,0.1327318698167801,1
15,L_ForeTwist_01,0.13272199034690857,0.13272199034690857,0.13272199034690857,1
50,pinky_01_r,0.13268785178661346,0.13268785178661346,0.13268785178661346,1
12,RCalfTwist_03,0.13261424005031586,0.13261424005031586,0.13261424005031586,1
73,R_ForeTwist_02,0.13253554701805115,0.13253554701805115,0.13253554701805115,1
61,RCalfTwist_01,0.1324932873249054,0.1324932873249054,0.1324932873249054,1
82,L_ForeTwist_02,0.13240347802639008,0.13240347802639008,0.13240347802639008,1
34,RCalfTwist_02,0.13228288292884827,0.13228288292884827,0.13228288292884827,1
83,R_ForeTwist_01,0.13223102688789368,0.13223102688789368,0.13223102688789368,1
20,L_ForeTwist_02,0.13219858705997467,0.13219858705997467,0.13219858705997467,1
33,index_01_l,0.1320417821407318,0.1320417821407318,0.1320417821407318,1
38,clavicle_r,0.13202567398548126,0.13202567398548126,0.13202567398548126,1
68,clavicle_r,0.13192720711231232,0.13192720711231232,0.13192720711231232,1
75,LCalfTwist_01,0.13190621137619019,0.13190621137619019,0.13190621137619019,1
51,RUpArmTwist_r_02,0.13147109746932983,0.13147109746932983,0.13147109746932983,1
36,R_ForeTwist_01,0.13144078850746155,0.13144078850746155,0.13144078850746155,1
75,L_ForeTwist_02,0.13132108747959137,0.13132108747959137,0.13132108747959137,1
47,thumb_01_l,0.13129779696464539,0.13129779696464539,0.13129779696464539,1
46,RCalfTwist_01,0.13122323155403137,0.13122323155403137,0.13122323155403137,1
54,RCalfTwist_01,0.13110113143920898,0.13110113143920898,0.13110113143920898,1
40,L_ForeTwist_01,0.1308661252260208,0.1308661252260208,0.1308661252260208,1
49,RUpArmTwist_r_02,0.13081735372543335,0.13081735372543335,0.13081735372543335,1
67,RUpArmTwist_l_01,0.1307937353849411,0.1307937353849411,0.1307937353849411,1
3,RCalfTwist_01,0.13074415922164917,0.13074415922164917,0.13074415922164917,1
31,RCalfTwist_03,0.13073095679283142,0.13073095679283142,0.13073095679283142,1
75,R_ForeTwist_01,0.13072462379932404,0.13072462379932404,0.13072462379932404,1
75,RCalfTwist_02,0.13072191178798676,0.13072191178798676,0.13072191178798676,1
76,R_ForeTwist_02,0.1306019425392151,0.1306019425392151,0.1306019425392151,1
52,R_ForeTwist_01,0.13053494691848755,0.13053494691848755,0.13053494691848755,1
31,index_01_l,0.13040904700756073,0.13040904700756073,0.13040904700756073,1
58,clavicle_r,0.13036663830280304,0.13036663830280304,0.13036663830280304,1
34,L_ForeTwist_01,0.13035236299037933,0.13035236299037933,0.13035236299037933,1
11,RCalfTwist_02,0.13019055128097534,0.13019055128097534,0.13019055128097534,1
67,spine_01,0.13018178939819336,0.13018178939819336,0.13018178939819336,1
4,L_ForeTwist_02,0.13012656569480896,0.13012656569480896,0.13012656569480896,1
74,index_01_l,0.12993910908699036,0.12993910908699036,0.12993910908699036,1
32,spine_02,0.12987938523292542,0.12987938523292542,0.12987938523292542,1
19,RCalfTwist_01,0.12976446747779846,0.12976446747779846,0.12976446747779846,1
73,index_01_l,0.12972714006900787,0.12972714006900787,0.12972714006900787,1
33,RCalfTwist_02,0.12964758276939392,0.12964758276939392,0.12964758276939392,1
60,RCalfTwist_01,0.12950929999351501,0.12950929999351501,0.12950929999351501,1
1,RCalfTwist_01,0.12946557998657227,0.12946557998657227,0.12946557998657227,1
16,L_ForeTwist_02,0.12943972647190094,0.12943972647190094,0.12943972647190094,1
49,RCalfTwist_01,0.1293005645275116,0.1293005645275116,0.1293005645275116,1
42,lowerarm_r,0.12919092178344727,0.12919092178344727,0.12919092178344727,1
67,L_ForeTwist_01,0.12917712330818176,0.12917712330818176,0.12917712330818176,1
69,L_ForeTwist_02,0.12917394936084747,0.12917394936084747,0.12917394936084747,1
81,L_ForeTwist_02,0.1291196644306183,0.1291196644306183,0.1291196644306183,1
0,clavicle_r,0.12885093688964844,0.12885093688964844,0.12885093688964844,1
19,index_01_l,0.12872616946697235,0.12872616946697235,0.12872616946697235,1
58,pinky_01_r,0.12868095934391022,0.12868095934391022,0.12868095934391022,1
37,upperarm_r,0.12854626774787903,0.12854626774787903,0.12854626774787903,1
84,R_ForeTwist_02,0.12854154407978058,0.12854154407978058,0.12854154407978058,1
45,RUpArmTwist_l_02,0.12853969633579254,0.12853969633579254,0.12853969633579254,1
54,ball_l,0.1285138875246048,0.1285138875246048,0.1285138875246048,1
71,RUpArmTwist_l_02,0.1284378468990326,0.1284378468990326,0.1284378468990326,1
30,index_01_l,0.12823589146137238,0.12823589146137238,0.12823589146137238,1
45,L_ForeTwist_02,0.12815871834754944,0.12815871834754944,0.12815871834754944,1
6,clavicle_r,0.1279151737689972,0.1279151737689972,0.1279151737689972,1
76,RUpArmTwist_l_02,0.12769815325737,0.12769815325737,0.12769815325737,1
73,L_ForeTwist_02,0.1276572048664093,0.1276572048664093,0.1276572048664093,1
70,spine_01,0.12760548293590546,0.12760548293590546,0.12760548293590546,1
22,RCalfTwist_02,0.12752622365951538,0.12752622365951538,0.12752622365951538,1
25,thumb_01_l,0.12747956812381744,0.12747956812381744,0.12747956812381744,1
35,L_ForeTwist_01,0.12744395434856415,0.12744395434856415,0.12744395434856415,1
46,RUpArmTwist_l_01,0.12718409299850464,0.12718409299850464,0.12718409299850464,1
46,index_01_l,0.1271129995584488,0.1271129995584488,0.1271129995584488,1
44,index_01_l,0.1269589066505432,0.1269589066505432,0.1269589066505432,1
25,spine_01,0.12682729959487915,0.12682729959487915,0.12682729959487915,1
80,L_ForeTwist_02,0.1267753690481186,0.1267753690481186,0.1267753690481186,1
42,upperarm_r,0.1267716884613037,0.1267716884613037,0.1267716884613037,1
19,RCalfTwist_02,0.12673868238925934,0.12673868238925934,0.12673868238925934,1
15,R_ForeTwist_02,0.12671427428722382,0.12671427428722382,0.12671427428722382,1
79,L_ForeTwist_01,0.12656404078006744,0.12656404078006744,0.12656404078006744,1
53,RCalfTwist_03,0.12646484375,0.12646484375,0.12646484375,1
64,RUpArmTwist_l_01,0.12638257443904877,0.12638257443904877,0.12638257443904877,1
28,LCalfTwist_01,0.12628255784511566,0.12628255784511566,0.12628255784511566,1
18,L_ForeTwist_02,0.1261778026819229,0.1261778026819229,0.1261778026819229,1
76,RCalfTwist_01,0.1260695457458496,0.1260695457458496,0.1260695457458496,1
22,L_ForeTwist_02,0.12606553733348846,0.12606553733348846,0.12606553733348846,1
45,RCalfTwist_01,0.12595830857753754,0.12595830857753754,0.12595830857753754,1
62,L_ForeTwist_02,0.12586340308189392,0.12586340308189392,0.12586340308189392,1
14,R_ForeTwist_01,0.1258152425289154,0.1258152425289154,0.1258152425289154,1
2,L_ForeTwist_02,0.12579841911792755,0.12579841911792755,0.12579841911792755,1
12,lowerarm_r,0.12575769424438477,0.12575769424438477,0.12575769424438477,1
70,L_ForeTwist_01,0.12570403516292572,0.12570403516292572,0.12570403516292572,1
28,L_ForeTwist_02,0.12556780874729156,0.12556780874729156,0.12556780874729156,1
1,R_ForeTwist_01,0.12552694976329803,0.12552694976329803,0.12552694976329803,1
9,L_ForeTwist_02,0.12517322599887848,0.12517322599887848,0.12517322599887848,1
77,LCalfTwist_01,0.12513597309589386,0.12513597309589386,0.12513597309589386,1
4,L_ForeTwist_01,0.12499910593032837,0.12499910593032837,0.12499910593032837,1
25,LCalfTwist_02,0.12492841482162476,0.12492841482162476,0.12492841482162476,1
40,RUpArmTwist_l_02,0.12490884959697723,0.12490884959697723,0.12490884959697723,1
79,RUpArmTwist_l_02,0.12482600659132004,0.12482600659132004,0.12482600659132004,1
7,RUpArmTwist_l_02,0.12480069696903229,0.12480069696903229,0.12480069696903229,1
23,RUpArmTwist_r_02,0.12456585466861725,0.12456585466861725,0.12456585466861725,1
78,RUpArmTwist_l_02,0.12451433390378952,0.12451433390378952,0.12451433390378952,1
71,index_01_l,0.12451281398534775,0.12451281398534775,0.12451281398534775,1
78,lowerarm_r,0.12445938587188721,0.12445938587188721,0.12445938587188721,1
84,clavicle_l,0.12438870966434479,0.12438870966434479,0.12438870966434479,1
11,L_ForeTwist_01,0.12434994429349899,0.12434994429349899,0.12434994429349899,1
41,L_ForeTwist_02,0.12422408163547516,0.12422408163547516,0.12422408163547516,1
85,index_01_l,0.12415999174118042,0.12415999174118042,0.12415999174118042,1
72,LCalfTwist_03,0.12413686513900757,0.12413686513900757,0.12413686513900757,1
56,RUpArmTwist_l_02,0.12401249259710312,0.12401249259710312,0.12401249259710312,1
56,RCalfTwist_01,0.12396757304668427,0.12396757304668427,0.12396757304668427,1
36,thumb_01_l,0.1239418163895607,0.1239418163895607,0.1239418163895607,1
80,calf_l,0.1238701120018959,0.1238701120018959,0.1238701120018959,1
18,R_ForeTwist_01,0.12377894669771194,0.12377894669771194,0.12377894669771194,1
69,spine_01,0.12365017086267471,0.12365017086267471,0.12365017086267471,1
52,L_ForeTwist_02,0.12299072742462158,0.12299072742462158,0.12299072742462158,1
17,L_ForeTwist_02,0.12281262129545212,0.12281262129545212,0.12281262129545212,1
26,LCalfTwist_02,0.12277703732252121,0.12277703732252121,0.12277703732252121,1
33,RCalfTwist_01,0.12271147221326828,0.12271147221326828,0.12271147221326828,1
51,clavicle_r,0.12268831580877304,0.12268831580877304,0.12268831580877304,1
29,Bip001,0.12266023457050323,0.12266023457050323,0.12266023457050323,1
35,index_01_l,0.12260721623897552,0.12260721623897552,0.12260721623897552,1
47,RUpArmTwist_l_02,0.12256569415330887,0.12256569415330887,0.12256569415330887,1
70,L_ForeTwist_02,0.12243818491697311,0.12243818491697311,0.12243818491697311,1
69,L_ForeTwist_01,0.12231028079986572,0.12231028079986572,0.12231028079986572,1
79,upperarm_l,0.12216531485319138,0.12216531485319138,0.12216531485319138,1
32,index_01_l,0.12213218957185745,0.12213218957185745,0.12213218957185745,1
41,clavicle_r,0.12210380285978317,0.12210380285978317,0.12210380285978317,1
19,RUpArmTwist_r_02,0.12207044661045074,0.12207044661045074,0.12207044661045074,1
52,RUpArmTwist_l_02,0.12204553186893463,0.12204553186893463,0.12204553186893463,1
10,RUpArmTwist_r_02,0.12194386124610901,0.12194386124610901,0.12194386124610901,1
12,L_ForeTwist_02,0.12192768603563309,0.12192768603563309,0.12192768603563309,1
27,R_ForeTwist_01,0.12180797010660172,0.12180797010660172,0.12180797010660172,1
21,RCalfTwist_02,0.12175754457712173,0.12175754457712173,0.12175754457712173,1
24,LCalfTwist_02,0.12172234803438187,0.12172234803438187,0.12172234803438187,1
31,RUpArmTwist_r_02,0.12161724269390106,0.12161724269390106,0.12161724269390106,1
7,index_01_l,0.12158779054880142,0.12158779054880142,0.12158779054880142,1
23,RCalfTwist_02,0.12146230787038803,0.12146230787038803,0.12146230787038803,1
42,LCalfTwist_02,0.12136999517679214,0.12136999517679214,0.12136999517679214,1
44,upperarm_r,0.12131411582231522,0.12131411582231522,0.12131411582231522,1
45,lowerarm_r,0.12126892805099487,0.12126892805099487,0.12126892805099487,1
40,thumb_01_l,0.12125017493963242,0.12125017493963242,0.12125017493963242,1
5,R_ForeTwist_01,0.12124694138765335,0.12124694138765335,0.12124694138765335,1
2,L_ForeTwist_01,0.12114085257053375,0.12114085257053375,0.12114085257053375,1
4,lowerarm_r,0.12107843160629272,0.12107843160629272,0.12107843160629272,1
53,L_ForeTwist_01,0.12098576873540878,0.12098576873540878,0.12098576873540878,1
82,LCalfTwist_01,0.12096872180700302,0.12096872180700302,0.12096872180700302,1
55,RUpArmTwist_l_02,0.12096249312162399,0.12096249312162399,0.12096249312162399,1
66,L_ForeTwist_01,0.1208934560418129,0.1208934560418129,0.1208934560418129,1
35,RCalfTwist_03,0.1207818016409874,0.1207818016409874,0.1207818016409874,1
74,RUpArmTwist_r_01,0.12075357139110565,0.12075357139110565,0.12075357139110565,1
84,RCalfTwist_02,0.12064015120267868,0.12064015120267868,0.12064015120267868,1
84,index_01_l,0.1206258088350296,0.1206258088350296,0.1206258088350296,1
40,RCalfTwist_02,0.12059880048036575,0.12059880048036575,0.12059880048036575,1
62,R_ForeTwist_01,0.12056341767311096,0.12056341767311096,0.12056341767311096,1
77,lowerarm_r,0.12047579884529114,0.12047579884529114,0.12047579884529114,1
10,RCalfTwist_01,0.12035820633172989,0.12035820633172989,0.12035820633172989,1
36,index_01_l,0.12029917538166046,0.12029917538166046,0.12029917538166046,1
77,L_ForeTwist_02,0.12027168273925781,0.12027168273925781,0.12027168273925781,1
48,L_ForeTwist_02,0.12024026364088058,0.12024026364088058,0.12024026364088058,1
70,hand_l,0.12019181251525879,0.12019181251525879,0.12019181251525879,1
77,hand_l,0.12007131427526474,0.12007131427526474,0.12007131427526474,1
21,lowerarm_r,0.12004460394382477,0.12004460394382477,0.12004460394382477,1
17,R_ForeTwist_01,0.12000521272420883,0.12000521272420883,0.12000521272420883,1
16,clavicle_r,0.11992110311985016,0.11992110311985016,0.11992110311985016,1
4,RCalfTwist_03,0.11986872553825378,0.11986872553825378,0.11986872553825378,1
34,spine_02,0.11986285448074341,0.11986285448074341,0.11986285448074341,1
42,L_ForeTwist_02,0.11986256390810013,0.11986256390810013,0.11986256390810013,1
44,R_ForeTwist_01,0.11973802000284195,0.11973802000284195,0.11973802000284195,1
42,R_ForeTwist_01,0.11968816816806793,0.11968816816806793,0.11968816816806793,1
61,RCalfTwist_02,0.11964861303567886,0.11964861303567886,0.11964861303567886,1
81,lowerarm_r,0.11945651471614838,0.11945651471614838,0.11945651471614838,1
44,RUpArmTwist_r_02,0.11937778443098068,0.11937778443098068,0.11937778443098068,1
25,L_ForeTwist_02,0.11935745179653168,0.11935745179653168,0.11935745179653168,1
59,LCalfTwist_03,0.11927886307239532,0.11927886307239532,0.11927886307239532,1
30,R_ForeTwist_01,0.11922044306993484,0.11922044306993484,0.11922044306993484,1
68,L_ForeTwist_01,0.11899232864379883,0.11899232864379883,0.11899232864379883,1
24,R_ForeTwist_01,0.11881082504987717,0.11881082504987717,0.11881082504987717,1
83,RCalfTwist_02,0.11877208203077316,0.11877208203077316,0.11877208203077316,1
44,L_ForeTwist_01,0.11851229518651962,0.11851229518651962,0.11851229518651962,1
34,index_01_l,0.11841879040002823,0.11841879040002823,0.11841879040002823,1
8,R_ForeTwist_01,0.11836642026901245,0.11836642026901245,0.11836642026901245,1
10,RCalfTwist_02,0.11830964684486389,0.11830964684486389,0.11830964684486389,1
33,LCalfTwist_02,0.11827550828456879,0.11827550828456879,0.11827550828456879,1
37,clavicle_l,0.11821415275335312,0.11821415275335312,0.11821415275335312,1
57,spine_02,0.11811432987451553,0.11811432987451553,0.11811432987451553,1
11,lowerarm_r,0.11803194135427475,0.11803194135427475,0.11803194135427475,1
61,R_ForeTwist_02,0.11796626448631287,0.11796626448631287,0.11796626448631287,1
5,L_ForeTwist_01,0.11791954934597015,0.11791954934597015,0.11791954934597015,1
51,RUpArmTwist_l_02,0.1179189383983612,0.1179189383983612,0.1179189383983612,1
51,ball_l,0.11791735887527466,0.11791735887527466,0.11791735887527466,1
26,RCalfTwist_02,0.11790315061807632,0.11790315061807632,0.11790315061807632,1
72,RUpArmTwist_l_02,0.11785495281219482,0.11785495281219482,0.11785495281219482,1
84,RUpArmTwist_l_01,0.11781994998455048,0.11781994998455048,0.11781994998455048,1
2,pinky_01_r,0.11768259853124619,0.11768259853124619,0.11768259853124619,1
83,lowerarm_r,0.1176626980304718,0.1176626980304718,0.1176626980304718,1
59,lowerarm_r,0.11764504760503769,0.11764504760503769,0.11764504760503769,1
47,ball_l,0.11748579144477844,0.11748579144477844,0.11748579144477844,1
81,RUpArmTwist_l_02,0.1172855943441391,0.1172855943441391,0.1172855943441391,1
43,pinky_01_r,0.11722522974014282,0.11722522974014282,0.11722522974014282,1
56,lowerarm_r,0.11707118898630142,0.11707118898630142,0.11707118898630142,1
31,lowerarm_r,0.11702145636081696,0.11702145636081696,0.11702145636081696,1
24,RCalfTwist_01,0.11692499369382858,0.11692499369382858,0.11692499369382858,1
51,RCalfTwist_02,0.11674623936414719,0.11674623936414719,0.11674623936414719,1
52,calf_l,0.11673977971076965,0.11673977971076965,0.11673977971076965,1
49,spine_02,0.11662919074296951,0.11662919074296951,0.11662919074296951,1
15,RCalfTwist_01,0.11660934239625931,0.11660934239625931,0.11660934239625931,1
1,RUpArmTwist_r_02,0.11655765771865845,0.11655765771865845,0.11655765771865845,1
41,thumb_01_l,0.11652962118387222,0.11652962118387222,0.11652962118387222,1
56,calf_l,0.11640602350234985,0.11640602350234985,0.11640602350234985,1
14,clavicle_r,0.11633371561765671,0.11633371561765671,0.11633371561765671,1
20,LCalfTwist_02,0.11630672961473465,0.11630672961473465,0.11630672961473465,1
10,RUpArmTwist_l_02,0.1162678599357605,0.1162678599357605,0.1162678599357605,1
76,L_ForeTwist_01,0.11624988913536072,0.11624988913536072,0.11624988913536072,1
19,L_ForeTwist_01,0.11618351936340332,0.11618351936340332,0.11618351936340332,1
13,L_ForeTwist_02,0.11613678932189941,0.11613678932189941,0.11613678932189941,1
10,L_ForeTwist_02,0.11611510813236237,0.11611510813236237,0.11611510813236237,1
63,spine_02,0.11609461903572083,0.11609461903572083,0.11609461903572083,1
79,L_ForeTwist_02,0.11603035032749176,0.11603035032749176,0.11603035032749176,1
33,spine_01,0.1159692108631134,0.1159692108631134,0.1159692108631134,1
8,RUpArmTwist_l_02,0.1159374862909317,0.1159374862909317,0.1159374862909317,1
40,clavicle_r,0.11589978635311127,0.11589978635311127,0.11589978635311127,1
85,RUpArmTwist_l_02,0.11583881080150604,0.11583881080150604,0.11583881080150604,1
38,index_01_l,0.11575382202863693,0.11575382202863693,0.11575382202863693,1
57,lowerarm_r,0.11570856720209122,0.11570856720209122,0.11570856720209122,1
20,RCalfTwist_01,0.11569668352603912,0.11569668352603912,0.11569668352603912,1
20,index_01_l,0.11547244340181351,0.11547244340181351,0.11547244340181351,1
47,RCalfTwist_01,0.1153653934597969,0.1153653934597969,0.1153653934597969,1
42,spine_02,0.11533311009407043,0.11533311009407043,0.11533311009407043,1
48,RUpArmTwist_l_02,0.11529048532247543,0.11529048532247543,0.11529048532247543,1
60,LCalfTwist_01,0.11527933180332184,0.11527933180332184,0.11527933180332184,1
51,hand_l,0.115251824259758,0.115251824259758,0.115251824259758,1
45,RUpArmTwist_l_01,0.11512076109647751,0.11512076109647751,0.11512076109647751,1
11,clavicle_r,0.11495915800333023,0.11495915800333023,0.11495915800333023,1
28,upperarm_r,0.11491015553474426,0.11491015553474426,0.11491015553474426,1
23,thumb_01_l,0.11485523730516434,0.11485523730516434,0.11485523730516434,1
51,foot_l,0.11480805277824402,0.11480805277824402,0.11480805277824402,1
43,L_ForeTwist_01,0.11475200951099396,0.11475200951099396,0.11475200951099396,1
7,RCalfTwist_02,0.11457226425409317,0.11457226425409317,0.11457226425409317,1
29,R_ForeTwist_01,0.1145387813448906,0.1145387813448906,0.1145387813448906,1
37,L_ForeTwist_02,0.1144578829407692,0.1144578829407692,0.1144578829407692,1
38,LCalfTwist_01,0.1143987700343132,0.1143987700343132,0.1143987700343132,1
32,L_ForeTwist_01,0.11426816880702972,0.11426816880702972,0.11426816880702972,1
83,RCalfTwist_01,0.1142466813325882,0.1142466813325882,0.1142466813325882,1
22,RCalfTwist_01,0.11412660777568817,0.11412660777568817,0.11412660777568817,1
80,RUpArmTwist_l_02,0.11408025026321411,0.11408025026321411,0.11408025026321411,1
24,thumb_01_l,0.11401937901973724,0.11401937901973724,0.11401937901973724,1
77,RUpArmTwist_l_02,0.11397077888250351,0.11397077888250351,0.11397077888250351,1
24,RCalfTwist_02,0.11394824832677841,0.11394824832677841,0.11394824832677841,1
68,RUpArmTwist_l_02,0.11363715678453445,0.11363715678453445,0.11363715678453445,1
20,RCalfTwist_02,0.11363363265991211,0.11363363265991211,0.11363363265991211,1
84,RUpArmTwist_l_02,0.11357861757278442,0.11357861757278442,0.11357861757278442,1
49,lowerarm_r,0.11355438083410263,0.11355438083410263,0.11355438083410263,1
2,LCalfTwist_02,0.11351840198040009,0.11351840198040009,0.11351840198040009,1
41,LCalfTwist_01,0.1134960800409317,0.1134960800409317,0.1134960800409317,1
36,L_ForeTwist_02,0.11348335444927216,0.11348335444927216,0.11348335444927216,1
6,L_ForeTwist_01,0.11347879469394684,0.11347879469394684,0.11347879469394684,1
39,R_ForeTwist_01,0.11335904896259308,0.11335904896259308,0.11335904896259308,1
16,LCalfTwist_02,0.1132727637887001,0.1132727637887001,0.1132727637887001,1
61,R_ForeTwist_01,0.11318305134773254,0.11318305134773254,0.11318305134773254,1
44,L_ForeTwist_02,0.11286228895187378,0.11286228895187378,0.11286228895187378,1
7,spine_02,0.11279318481683731,0.11279318481683731,0.11279318481683731,1
29,RUpArmTwist_r_01,0.11272264271974564,0.11272264271974564,0.11272264271974564,1
60,pinky_01_r,0.1126568466424942,0.1126568466424942,0.1126568466424942,1
21,L_ForeTwist_02,0.11255358159542084,0.11255358159542084,0.11255358159542084,1
9,lowerarm_r,0.11251326650381088,0.11251326650381088,0.11251326650381088,1
72,spine_02,0.11236412078142166,0.11236412078142166,0.11236412078142166,1
46,RUpArmTwist_l_02,0.11227551847696304,0.11227551847696304,0.11227551847696304,1
59,L_ForeTwist_01,0.11225172877311707,0.11225172877311707,0.11225172877311707,1
23,L_ForeTwist_01,0.11198674142360687,0.11198674142360687,0.11198674142360687,1
43,L_ForeTwist_02,0.11188045889139175,0.11188045889139175,0.11188045889139175,1
79,lowerarm_r,0.11187294125556946,0.11187294125556946,0.11187294125556946,1
45,RCalfTwist_03,0.11186398565769196,0.11186398565769196,0.11186398565769196,1
74,LCalfTwist_03,0.11174008250236511,0.11174008250236511,0.11174008250236511,1
38,RUpArmTwist_l_02,0.11173480749130249,0.11173480749130249,0.11173480749130249,1
29,L_ForeTwist_02,0.11157684773206711,0.11157684773206711,0.11157684773206711,1
21,RCalfTwist_01,0.11136163026094437,0.11136163026094437,0.11136163026094437,1
36,L_ForeTwist_01,0.11091426014900208,0.11091426014900208,0.11091426014900208,1
1,LCalfTwist_01,0.11067041009664536,0.11067041009664536,0.11067041009664536,1
47,thigh_r,0.11061999946832657,0.11061999946832657,0.11061999946832657,1
36,upperarm_r,0.11035541445016861,0.11035541445016861,0.11035541445016861,1
6,RUpArmTwist_l_02,0.11031584441661835,0.11031584441661835,0.11031584441661835,1
66,RUpArmTwist_l_02,0.11018157750368118,0.11018157750368118,0.11018157750368118,1
23,RCalfTwist_01,0.11018131673336029,0.11018131673336029,0.11018131673336029,1
57,RUpArmTwist_r_02,0.10986264795064926,0.10986264795064926,0.10986264795064926,1
6,RUpArmTwist_r_02,0.10983726382255554,0.10983726382255554,0.10983726382255554,1
62,R_ForeTwist_02,0.10973883420228958,0.10973883420228958,0.10973883420228958,1
37,RUpArmTwist_l_02,0.10968556255102158,0.10968556255102158,0.10968556255102158,1
81,LCalfTwist_01,0.10951799154281616,0.10951799154281616,0.10951799154281616,1
22,thumb_01_l,0.10946857184171677,0.10946857184171677,0.10946857184171677,1
22,R_ForeTwist_02,0.10945908725261688,0.10945908725261688,0.10945908725261688,1
83,RUpArmTwist_l_02,0.1093403697013855,0.1093403697013855,0.1093403697013855,1
75,RUpArmTwist_l_01,0.10914227366447449,0.10914227366447449,0.10914227366447449,1
26,lowerarm_r,0.10907413065433502,0.10907413065433502,0.10907413065433502,1
26,L_ForeTwist_02,0.10902814567089081,0.10902814567089081,0.10902814567089081,1
2,LCalfTwist_03,0.10890326648950577,0.10890326648950577,0.10890326648950577,1
13,RCalfTwist_02,0.10883715003728867,0.10883715003728867,0.10883715003728867,1
58,RCalfTwist_01,0.10862907767295837,0.10862907767295837,0.10862907767295837,1
76,L_ForeTwist_02,0.10858326405286789,0.10858326405286789,0.10858326405286789,1
52,spine_02,0.10855741798877716,0.10855741798877716,0.10855741798877716,1
29,clavicle_r,0.10854057967662811,0.10854057967662811,0.10854057967662811,1
21,R_ForeTwist_01,0.1085280328989029,0.1085280328989029,0.1085280328989029,1
70,RCalfTwist_01,0.1085025817155838,0.1085025817155838,0.1085025817155838,1
83,RUpArmTwist_r_02,0.10848601162433624,0.10848601162433624,0.10848601162433624,1
79,spine_01,0.10845526307821274,0.10845526307821274,0.10845526307821274,1
27,RUpArmTwist_l_01,0.10843990743160248,0.10843990743160248,0.10843990743160248,1
29,RCalfTwist_02,0.10837582498788834,0.10837582498788834,0.10837582498788834,1
24,hand_l,0.1083437129855156,0.1083437129855156,0.1083437129855156,1
16,RCalfTwist_01,0.10800188779830933,0.10800188779830933,0.10800188779830933,1
0,index_01_l,0.10784436762332916,0.10784436762332916,0.10784436762332916,1
35,R_ForeTwist_01,0.1078261062502861,0.1078261062502861,0.1078261062502861,1
5,lowerarm_r,0.1077709048986435,0.1077709048986435,0.1077709048986435,1
9,L_ForeTwist_01,0.10771392285823822,0.10771392285823822,0.10771392285823822,1
8,head,0.10744385421276093,0.10744385421276093,0.10744385421276093,1
31,R_ForeTwist_02,0.10740086436271667,0.10740086436271667,0.10740086436271667,1
74,RCalfTwist_01,0.10727997869253159,0.10727997869253159,0.10727997869253159,1
52,L_ForeTwist_01,0.10721005499362946,0.10721005499362946,0.10721005499362946,1
73,RCalfTwist_01,0.1071043610572815,0.1071043610572815,0.1071043610572815,1
24,L_ForeTwist_01,0.10697347670793533,0.10697347670793533,0.10697347670793533,1
18,clavicle_r,0.10690092295408249,0.10690092295408249,0.10690092295408249,1
15,RUpArmTwist_r_02,0.10684254765510559,0.10684254765510559,0.10684254765510559,1
0,RUpArmTwist_l_02,0.10657185316085815,0.10657185316085815,0.10657185316085815,1
33,L_ForeTwist_02,0.10641209036111832,0.10641209036111832,0.10641209036111832,1
28,clavicle_r,0.10635791718959808,0.10635791718959808,0.10635791718959808,1
69,hand_l,0.1060633435845375,0.1060633435845375,0.1060633435845375,1
84,lowerarm_r,0.10590193420648575,0.10590193420648575,0.10590193420648575,1
32,L_ForeTwist_02,0.10589952021837234,0.10589952021837234,0.10589952021837234,1
85,RCalfTwist_01,0.10573558509349823,0.10573558509349823,0.10573558509349823,1
28,lowerarm_r,0.10573510825634003,0.10573510825634003,0.10573510825634003,1
50,RUpArmTwist_l_02,0.10565192252397537,0.10565192252397537,0.10565192252397537,1
20,L_ForeTwist_01,0.10561522841453552,0.10561522841453552,0.10561522841453552,1
45,index_01_l,0.10545986890792847,0.10545986890792847,0.10545986890792847,1
16,lowerarm_r,0.10537993162870407,0.10537993162870407,0.10537993162870407,1
31,L_ForeTwist_01,0.10529661923646927,0.10529661923646927,0.10529661923646927,1
27,L_ForeTwist_02,0.10524842888116837,0.10524842888116837,0.10524842888116837,1
13,RUpArmTwist_l_02,0.10517299920320511,0.10517299920320511,0.10517299920320511,1
54,RUpArmTwist_l_02,0.10517290234565735,0.10517290234565735,0.10517290234565735,1
38,spine_02,0.1051182895898819,0.1051182895898819,0.1051182895898819,1
48,RUpArmTwist_r_02,0.10475894063711166,0.10475894063711166,0.10475894063711166,1
8,LCalfTwist_03,0.104719378054142,0.104719378054142,0.104719378054142,1
32,upperarm_r,0.10452160239219666,0.10452160239219666,0.10452160239219666,1
10,LCalfTwist_02,0.10445821285247803,0.10445821285247803,0.10445821285247803,1
0,LCalfTwist_03,0.10441560298204422,0.10441560298204422,0.10441560298204422,1
74,RCalfTwist_02,0.10437104851007462,0.10437104851007462,0.10437104851007462,1
56,RUpArmTwist_l_01,0.10413029044866562,0.10413029044866562,0.10413029044866562,1
34,RCalfTwist_01,0.1040576919913292,0.1040576919913292,0.1040576919913292,1
76,RCalfTwist_02,0.10402972251176834,0.10402972251176834,0.10402972251176834,1
27,LCalfTwist_02,0.10402730107307434,0.10402730107307434,0.10402730107307434,1
9,index_01_l,0.10394145548343658,0.10394145548343658,0.10394145548343658,1
52,clavicle_r,0.10348525643348694,0.10348525643348694,0.10348525643348694,1
15,lowerarm_r,0.10345777124166489,0.10345777124166489,0.10345777124166489,1
37,RUpArmTwist_r_02,0.10345633327960968,0.10345633327960968,0.10345633327960968,1
21,LCalfTwist_02,0.10331220179796219,0.10331220179796219,0.10331220179796219,1
57,L_ForeTwist_02,0.10329923033714294,0.10329923033714294,0.10329923033714294,1
48,thumb_01_l,0.10304925590753555,0.10304925590753555,0.10304925590753555,1
14,lowerarm_r,0.10262441635131836,0.10262441635131836,0.10262441635131836,1
23,R_ForeTwist_01,0.10240370780229568,0.10240370780229568,0.10240370780229568,1
15,thigh_r,0.10239817947149277,0.10239817947149277,0.10239817947149277,1
45,RCalfTwist_02,0.10230139642953873,0.10230139642953873,0.10230139642953873,1
33,RUpArmTwist_l_02,0.1021050363779068,0.1021050363779068,0.1021050363779068,1
10,lowerarm_r,0.10208787769079208,0.10208787769079208,0.10208787769079208,1
27,L_ForeTwist_01,0.1019785925745964,0.1019785925745964,0.1019785925745964,1
51,R_ForeTwist_01,0.1016123816370964,0.1016123816370964,0.1016123816370964,1
63,RCalfTwist_02,0.10144295543432236,0.10144295543432236,0.10144295543432236,1
27,RCalfTwist_02,0.10144243389368057,0.10144243389368057,0.10144243389368057,1
43,clavicle_r,0.10137985646724701,0.10137985646724701,0.10137985646724701,1
23,L_ForeTwist_02,0.10128411650657654,0.10128411650657654,0.10128411650657654,1
30,LCalfTwist_01,0.10123972594738007,0.10123972594738007,0.10123972594738007,1
44,RUpArmTwist_l_02,0.10118886083364487,0.10118886083364487,0.10118886083364487,1
51,upperarm_l,0.10109394043684006,0.10109394043684006,0.10109394043684006,1
7,RCalfTwist_01,0.10106313973665237,0.10106313973665237,0.10106313973665237,1
29,LCalfTwist_01,0.10098837316036224,0.10098837316036224,0.10098837316036224,1
9,LCalfTwist_02,0.10066705197095871,0.10066705197095871,0.10066705197095871,1
46,L_ForeTwist_01,0.10046626627445221,0.10046626627445221,0.10046626627445221,1
5,clavicle_r,0.10041797906160355,0.10041797906160355,0.10041797906160355,1
82,RCalfTwist_02,0.1003708615899086,0.1003708615899086,0.1003708615899086,1
60,RUpArmTwist_l_02,0.1002199649810791,0.1002199649810791,0.1002199649810791,1
11,L_ForeTwist_02,0.10012486577033997,0.10012486577033997,0.10012486577033997,1
39,RUpArmTwist_l_02,0.09998881816864014,0.09998881816864014,0.09998881816864014,1
69,spine_02,0.09965578466653824,0.09965578466653824,0.09965578466653824,1
62,RCalfTwist_02,0.09960901737213135,0.09960901737213135,0.09960901737213135,1
16,spine_02,0.09948930144309998,0.09948930144309998,0.09948930144309998,1
56,RUpArmTwist_r_02,0.09927132725715637,0.09927132725715637,0.09927132725715637,1
10,L_ForeTwist_01,0.09918766468763351,0.09918766468763351,0.09918766468763351,1
26,L_ForeTwist_01,0.09911632537841797,0.09911632537841797,0.09911632537841797,1
28,R_ForeTwist_01,0.09903134405612946,0.09903134405612946,0.09903134405612946,1
19,lowerarm_r,0.0985746830701828,0.0985746830701828,0.0985746830701828,1
20,R_ForeTwist_01,0.09851238131523132,0.09851238131523132,0.09851238131523132,1
63,R_ForeTwist_02,0.09848742932081223,0.09848742932081223,0.09848742932081223,1
50,L_ForeTwist_02,0.09802301973104477,0.09802301973104477,0.09802301973104477,1
68,spine_01,0.09795007854700089,0.09795007854700089,0.09795007854700089,1
39,LCalfTwist_01,0.09790734201669693,0.09790734201669693,0.09790734201669693,1
63,RUpArmTwist_l_02,0.09786537289619446,0.09786537289619446,0.09786537289619446,1
43,upperarm_r,0.09784379601478577,0.09784379601478577,0.09784379601478577,1
52,RCalfTwist_03,0.09764961898326874,0.09764961898326874,0.09764961898326874,1
5,LCalfTwist_01,0.09764088690280914,0.09764088690280914,0.09764088690280914,1
32,LCalfTwist_01,0.09742822498083115,0.09742822498083115,0.09742822498083115,1
48,RCalfTwist_01,0.0972246453166008,0.0972246453166008,0.0972246453166008,1
9,RUpArmTwist_l_02,0.09708599001169205,0.09708599001169205,0.09708599001169205,1
14,RCalfTwist_02,0.09669121354818344,0.09669121354818344,0.09669121354818344,1
82,L_ForeTwist_01,0.09654800593852997,0.09654800593852997,0.09654800593852997,1
31,L_ForeTwist_02,0.09647054225206375,0.09647054225206375,0.09647054225206375,1
16,L_ForeTwist_01,0.09607695043087006,0.09607695043087006,0.09607695043087006,1
80,lowerarm_r,0.09597603976726532,0.09597603976726532,0.09597603976726532,1
77,R_ForeTwist_02,0.09525614976882935,0.09525614976882935,0.09525614976882935,1
71,LCalfTwist_03,0.09507401287555695,0.09507401287555695,0.09507401287555695,1
38,L_ForeTwist_01,0.09504149109125137,0.09504149109125137,0.09504149109125137,1
75,R_ForeTwist_02,0.0947832241654396,0.0947832241654396,0.0947832241654396,1
46,thumb_01_l,0.09478186815977097,0.09478186815977097,0.09478186815977097,1
83,L_ForeTwist_01,0.09475912153720856,0.09475912153720856,0.09475912153720856,1
11,RCalfTwist_03,0.09459935873746872,0.09459935873746872,0.09459935873746872,1
31,R_ForeTwist_01,0.09456971287727356,0.09456971287727356,0.09456971287727356,1
40,spine_02,0.09425584971904755,0.09425584971904755,0.09425584971904755,1
35,L_ForeTwist_02,0.09417209774255753,0.09417209774255753,0.09417209774255753,1
77,spine_01,0.09416939318180084,0.09416939318180084,0.09416939318180084,1
24,L_ForeTwist_02,0.09344588965177536,0.09344588965177536,0.09344588965177536,1
19,R_ForeTwist_01,0.09315124899148941,0.09315124899148941,0.09315124899148941,1
16,R_ForeTwist_01,0.09309449791908264,0.09309449791908264,0.09309449791908264,1
72,L_ForeTwist_02,0.09263831377029419,0.09263831377029419,0.09263831377029419,1
51,L_ForeTwist_02,0.09243905544281006,0.09243905544281006,0.09243905544281006,1
12,LCalfTwist_01,0.09240569919347763,0.09240569919347763,0.09240569919347763,1
82,lowerarm_r,0.0919969230890274,0.0919969230890274,0.0919969230890274,1
84,L_ForeTwist_01,0.0918663814663887,0.0918663814663887,0.0918663814663887,1
43,spine_02,0.09186194092035294,0.09186194092035294,0.09186194092035294,1
69,lowerarm_r,0.09185847640037537,0.09185847640037537,0.09185847640037537,1
19,LCalfTwist_02,0.09173369407653809,0.09173369407653809,0.09173369407653809,1
48,calf_l,0.0917266234755516,0.0917266234755516,0.0917266234755516,1
78,L_ForeTwist_02,0.09142672270536423,0.09142672270536423,0.09142672270536423,1
34,RUpArmTwist_l_02,0.09108466655015945,0.09108466655015945,0.09108466655015945,1
10,clavicle_r,0.09095066040754318,0.09095066040754318,0.09095066040754318,1
83,spine_02,0.09087681025266647,0.09087681025266647,0.09087681025266647,1
17,LCalfTwist_02,0.0900268480181694,0.0900268480181694,0.0900268480181694,1
28,RCalfTwist_02,0.09002586454153061,0.09002586454153061,0.09002586454153061,1
0,L_ForeTwist_01,0.08927007019519806,0.08927007019519806,0.08927007019519806,1
32,R_ForeTwist_01,0.08895272761583328,0.08895272761583328,0.08895272761583328,1
14,R_ForeTwist_02,0.08885648101568222,0.08885648101568222,0.08885648101568222,1
37,spine_02,0.08882750570774078,0.08882750570774078,0.08882750570774078,1
27,RUpArmTwist_r_02,0.08830059319734573,0.08830059319734573,0.08830059319734573,1
8,L_ForeTwist_01,0.08828526735305786,0.08828526735305786,0.08828526735305786,1
33,spine_02,0.08796627074480057,0.08796627074480057,0.08796627074480057,1
65,RCalfTwist_02,0.0879107192158699,0.0879107192158699,0.0879107192158699,1
21,RUpArmTwist_l_02,0.08778448402881622,0.08778448402881622,0.08778448402881622,1
51,lowerarm_r,0.08770975470542908,0.08770975470542908,0.08770975470542908,1
32,RUpArmTwist_l_02,0.0876302495598793,0.0876302495598793,0.0876302495598793,1
33,R_ForeTwist_01,0.08761822432279587,0.08761822432279587,0.08761822432279587,1
1,RUpArmTwist_l_01,0.0875835120677948,0.0875835120677948,0.0875835120677948,1
34,L_ForeTwist_02,0.08724737167358398,0.08724737167358398,0.08724737167358398,1
30,RCalfTwist_02,0.08678830415010452,0.08678830415010452,0.08678830415010452,1
74,RUpArmTwist_l_02,0.0867488831281662,0.0867488831281662,0.0867488831281662,1
8,RUpArmTwist_r_02,0.08670700341463089,0.08670700341463089,0.08670700341463089,1
35,RUpArmTwist_l_02,0.08651650696992874,0.08651650696992874,0.08651650696992874,1
38,lowerarm_r,0.0864715501666069,0.0864715501666069,0.0864715501666069,1
36,RUpArmTwist_l_02,0.08631347864866257,0.08631347864866257,0.08631347864866257,1
75,RUpArmTwist_l_02,0.08584858477115631,0.08584858477115631,0.08584858477115631,1
15,R_ForeTwist_01,0.08574247360229492,0.08574247360229492,0.08574247360229492,1
30,thumb_01_l,0.08564970642328262,0.08564970642328262,0.08564970642328262,1
8,index_01_l,0.08480254560709,0.08480254560709,0.08480254560709,1
40,RCalfTwist_01,0.08462275564670563,0.08462275564670563,0.08462275564670563,1
74,L_ForeTwist_02,0.084466852247715,0.084466852247715,0.084466852247715,1
3,RUpArmTwist_l_02,0.08438961207866669,0.08438961207866669,0.08438961207866669,1
39,thumb_01_l,0.08438783884048462,0.08438783884048462,0.08438783884048462,1
38,thumb_01_l,0.08438079804182053,0.08438079804182053,0.08438079804182053,1
43,RUpArmTwist_l_02,0.08419770747423172,0.08419770747423172,0.08419770747423172,1
40,LCalfTwist_01,0.08384611457586288,0.08384611457586288,0.08384611457586288,1
17,L_ForeTwist_01,0.0836908370256424,0.0836908370256424,0.0836908370256424,1
42,RUpArmTwist_l_02,0.08357465267181396,0.08357465267181396,0.08357465267181396,1
30,spine_02,0.08350621163845062,0.08350621163845062,0.08350621163845062,1
31,RCalfTwist_02,0.0834650993347168,0.0834650993347168,0.0834650993347168,1
58,L_ForeTwist_02,0.08318553864955902,0.08318553864955902,0.08318553864955902,1
55,calf_l,0.08246339857578278,0.08246339857578278,0.08246339857578278,1
12,hand_l,0.08240979164838791,0.08240979164838791,0.08240979164838791,1
56,upperarm_r,0.08183088153600693,0.08183088153600693,0.08183088153600693,1
72,L_ForeTwist_01,0.08173549175262451,0.08173549175262451,0.08173549175262451,1
82,clavicle_l,0.08112107217311859,0.08112107217311859,0.08112107217311859,1
44,spine_02,0.08055620640516281,0.08055620640516281,0.08055620640516281,1
23,lowerarm_r,0.08011947572231293,0.08011947572231293,0.08011947572231293,1
68,spine_02,0.07967985421419144,0.07967985421419144,0.07967985421419144,1
3,RCalfTwist_02,0.07932468503713608,0.07932468503713608,0.07932468503713608,1
56,spine_02,0.07928597927093506,0.07928597927093506,0.07928597927093506,1
12,spine_02,0.07902882993221283,0.07902882993221283,0.07902882993221283,1
59,RUpArmTwist_r_02,0.07893891632556915,0.07893891632556915,0.07893891632556915,1
42,RUpArmTwist_r_02,0.07857220619916916,0.07857220619916916,0.07857220619916916,1
78,calf_l,0.07844600081443787,0.07844600081443787,0.07844600081443787,1
77,calf_l,0.07810056954622269,0.07810056954622269,0.07810056954622269,1
67,lowerarm_r,0.07805684953927994,0.07805684953927994,0.07805684953927994,1
15,RUpArmTwist_l_02,0.07790498435497284,0.07790498435497284,0.07790498435497284,1
85,L_ForeTwist_01,0.0774374008178711,0.0774374008178711,0.0774374008178711,1
57,calf_l,0.07720281928777695,0.07720281928777695,0.07720281928777695,1
29,upperarm_r,0.07692811638116837,0.07692811638116837,0.07692811638116837,1
45,L_ForeTwist_01,0.07661539316177368,0.07661539316177368,0.07661539316177368,1
57,L_ForeTwist_01,0.07651975750923157,0.07651975750923157,0.07651975750923157,1
11,RUpArmTwist_l_02,0.07620839029550552,0.07620839029550552,0.07620839029550552,1
22,R_ForeTwist_01,0.07614976912736893,0.07614976912736893,0.07614976912736893,1
1,L_ForeTwist_01,0.07583284378051758,0.07583284378051758,0.07583284378051758,1
58,L_ForeTwist_01,0.07499950379133224,0.07499950379133224,0.07499950379133224,1
49,RUpArmTwist_l_02,0.07439249753952026,0.07439249753952026,0.07439249753952026,1
39,RUpArmTwist_r_02,0.07410129904747009,0.07410129904747009,0.07410129904747009,1
73,RUpArmTwist_l_02,0.0739341527223587,0.0739341527223587,0.0739341527223587,1
82,spine_02,0.07306115329265594,0.07306115329265594,0.07306115329265594,1
60,RCalfTwist_02,0.07282613217830658,0.07282613217830658,0.07282613217830658,1
59,L_ForeTwist_02,0.0718802735209465,0.0718802735209465,0.0718802735209465,1
7,L_ForeTwist_01,0.07126733660697937,0.07126733660697937,0.07126733660697937,1
18,RUpArmTwist_r_02,0.06987647712230682,0.06987647712230682,0.06987647712230682,1
70,lowerarm_r,0.06974980235099792,0.06974980235099792,0.06974980235099792,1
16,RUpArmTwist_l_02,0.06901185214519501,0.06901185214519501,0.06901185214519501,1
12,RCalfTwist_02,0.06836429238319397,0.06836429238319397,0.06836429238319397,1
62,RUpArmTwist_l_02,0.06752627342939377,0.06752627342939377,0.06752627342939377,1
65,spine_02,0.0669969767332077,0.0669969767332077,0.0669969767332077,1
71,L_ForeTwist_02,0.06642395257949829,0.06642395257949829,0.06642395257949829,1
74,clavicle_l,0.06478995829820633,0.06478995829820633,0.06478995829820633,1
16,RCalfTwist_02,0.06475411355495453,0.06475411355495453,0.06475411355495453,1
54,spine_02,0.0646570697426796,0.0646570697426796,0.0646570697426796,1
83,clavicle_l,0.06465385854244232,0.06465385854244232,0.06465385854244232,1
44,RCalfTwist_03,0.06452062726020813,0.06452062726020813,0.06452062726020813,1
73,spine_02,0.06439727544784546,0.06439727544784546,0.06439727544784546,1
45,LCalfTwist_01,0.06348061561584473,0.06348061561584473,0.06348061561584473,1
61,RUpArmTwist_l_02,0.06313098222017288,0.06313098222017288,0.06313098222017288,1
44,LCalfTwist_01,0.06230445206165314,0.06230445206165314,0.06230445206165314,1
60,L_ForeTwist_01,0.06140284240245819,0.06140284240245819,0.06140284240245819,1
21,clavicle_l,0.061135176569223404,0.061135176569223404,0.061135176569223404,1
30,RUpArmTwist_l_02,0.06095463037490845,0.06095463037490845,0.06095463037490845,1
43,R_ForeTwist_01,0.06053676828742027,0.06053676828742027,0.06053676828742027,1
28,RUpArmTwist_r_02,0.059124574065208435,0.059124574065208435,0.059124574065208435,1
66,spine_02,0.05893578752875328,0.05893578752875328,0.05893578752875328,1
15,RCalfTwist_02,0.05892706289887428,0.05892706289887428,0.05892706289887428,1
71,L_ForeTwist_01,0.058821722865104675,0.058821722865104675,0.058821722865104675,1
73,L_ForeTwist_01,0.05840839073061943,0.05840839073061943,0.05840839073061943,1
53,spine_02,0.05771417170763016,0.05771417170763016,0.05771417170763016,1
72,RUpArmTwist_r_02,0.05759841948747635,0.05759841948747635,0.05759841948747635,1
11,LCalfTwist_02,0.0571293830871582,0.0571293830871582,0.0571293830871582,1
50,clavicle_r,0.05567331984639168,0.05567331984639168,0.05567331984639168,1
46,spine_02,0.05447890982031822,0.05447890982031822,0.05447890982031822,1
30,RUpArmTwist_r_02,0.05373435094952583,0.05373435094952583,0.05373435094952583,1
72,upperarm_r,0.05158676579594612,0.05158676579594612,0.05158676579594612,1
74,L_ForeTwist_01,0.04277163743972778,0.04277163743972778,0.04277163743972778,1
35,upperarm_r,0.040375128388404846,0.040375128388404846,0.040375128388404846,1
17,thigh_r,0.04017108306288719,0.04017108306288719,0.04017108306288719,1
5,spine_02,0.03840361163020134,0.03840361163020134,0.03840361163020134,1
67,spine_02,0.03813592717051506,0.03813592717051506,0.03813592717051506,1
50,spine_02,0.03773846477270126,0.03773846477270126,0.03773846477270126,1
57,upperarm_r,0.03714841976761818,0.03714841976761818,0.03714841976761818,1
12,upperarm_r,0.03651463985443115,0.03651463985443115,0.03651463985443115,1
