sic,bone,mean_deg,p50_deg,p90_deg,count
13,foot_l,9.66321086883545,9.66321086883545,9.66321086883545,1
71,calf_r,9.47590446472168,9.47590446472168,9.47590446472168,1
53,thigh_l,8.937649726867676,8.937649726867676,8.937649726867676,1
20,calf_l,8.325982093811035,8.325982093811035,8.325982093811035,1
53,lowerarm_l,8.105841636657715,8.105841636657715,8.105841636657715,1
53,upperarm_l,8.021507263183594,8.021507263183594,8.021507263183594,1
18,calf_l,7.747780799865723,7.747780799865723,7.747780799865723,1
52,thigh_l,7.609488010406494,7.609488010406494,7.609488010406494,1
53,thigh_r,7.5629048347473145,7.5629048347473145,7.5629048347473145,1
32,calf_l,7.350046157836914,7.350046157836914,7.350046157836914,1
53,foot_r,7.319100379943848,7.319100379943848,7.319100379943848,1
19,calf_l,7.075430393218994,7.075430393218994,7.075430393218994,1
52,lowerarm_l,6.912301540374756,6.912301540374756,6.912301540374756,1
24,calf_l,6.902998447418213,6.902998447418213,6.902998447418213,1
26,calf_l,6.749066352844238,6.749066352844238,6.749066352844238,1
52,upperarm_l,6.745350360870361,6.745350360870361,6.745350360870361,1
76,calf_r,6.4410176277160645,6.4410176277160645,6.4410176277160645,1
37,calf_l,6.422837734222412,6.422837734222412,6.422837734222412,1
52,thigh_r,6.304299354553223,6.304299354553223,6.304299354553223,1
5,calf_l,6.289789199829102,6.289789199829102,6.289789199829102,1
53,calf_l,6.258453845977783,6.258453845977783,6.258453845977783,1
54,foot_r,5.829606056213379,5.829606056213379,5.829606056213379,1
14,foot_l,5.676501274108887,5.676501274108887,5.676501274108887,1
33,calf_l,5.614527702331543,5.614527702331543,5.614527702331543,1
31,calf_l,5.589569091796875,5.589569091796875,5.589569091796875,1
69,calf_r,5.586880207061768,5.586880207061768,5.586880207061768,1
52,calf_r,5.495143413543701,5.495143413543701,5.495143413543701,1
28,calf_l,5.399712085723877,5.399712085723877,5.399712085723877,1
37,foot_l,5.37099552154541,5.37099552154541,5.37099552154541,1
50,calf_r,5.333632946014404,5.333632946014404,5.333632946014404,1
4,calf_l,5.2365288734436035,5.2365288734436035,5.2365288734436035,1
0,calf_r,5.173893928527832,5.173893928527832,5.173893928527832,1
53,calf_r,5.127708435058594,5.127708435058594,5.127708435058594,1
74,calf_r,5.024069786071777,5.024069786071777,5.024069786071777,1
36,calf_l,4.95019006729126,4.95019006729126,4.95019006729126,1
0,thigh_l,4.930729866027832,4.930729866027832,4.930729866027832,1
25,calf_l,4.912544250488281,4.912544250488281,4.912544250488281,1
22,calf_l,4.862236022949219,4.862236022949219,4.862236022949219,1
0,lowerarm_l,4.859269618988037,4.859269618988037,4.859269618988037,1
52,calf_l,4.785515308380127,4.785515308380127,4.785515308380127,1
53,hand_l,4.719276428222656,4.719276428222656,4.719276428222656,1
71,calf_l,4.711014747619629,4.711014747619629,4.711014747619629,1
21,calf_l,4.655893325805664,4.655893325805664,4.655893325805664,1
53,upperarm_r,4.615673065185547,4.615673065185547,4.615673065185547,1
54,upperarm_l,4.6114020347595215,4.6114020347595215,4.6114020347595215,1
31,foot_l,4.572248935699463,4.572248935699463,4.572248935699463,1
54,thigh_l,4.456863880157471,4.456863880157471,4.456863880157471,1
55,foot_r,4.331443786621094,4.331443786621094,4.331443786621094,1
54,thigh_r,4.235459804534912,4.235459804534912,4.235459804534912,1
42,calf_l,4.230595111846924,4.230595111846924,4.230595111846924,1
52,upperarm_r,4.207053184509277,4.207053184509277,4.207053184509277,1
60,foot_r,4.180943489074707,4.180943489074707,4.180943489074707,1
38,foot_l,4.110169410705566,4.110169410705566,4.110169410705566,1
40,calf_l,4.022428035736084,4.022428035736084,4.022428035736084,1
23,calf_l,3.976039171218872,3.976039171218872,3.976039171218872,1
52,hand_l,3.8897783756256104,3.8897783756256104,3.8897783756256104,1
36,foot_l,3.8414106369018555,3.8414106369018555,3.8414106369018555,1
53,ball_r,3.7798590660095215,3.7798590660095215,3.7798590660095215,1
56,thigh_r,3.7509734630584717,3.7509734630584717,3.7509734630584717,1
30,foot_l,3.6353020668029785,3.6353020668029785,3.6353020668029785,1
55,thigh_r,3.6302237510681152,3.6302237510681152,3.6302237510681152,1
13,calf_l,3.5860466957092285,3.5860466957092285,3.5860466957092285,1
56,lowerarm_l,3.577145576477051,3.577145576477051,3.577145576477051,1
38,calf_l,3.565448760986328,3.565448760986328,3.565448760986328,1
13,thigh_l,3.5336191654205322,3.5336191654205322,3.5336191654205322,1
73,calf_r,3.5162317752838135,3.5162317752838135,3.5162317752838135,1
54,lowerarm_l,3.5113396644592285,3.5113396644592285,3.5113396644592285,1
54,hand_l,3.5082969665527344,3.5082969665527344,3.5082969665527344,1
64,calf_r,3.5074214935302734,3.5074214935302734,3.5074214935302734,1
61,calf_l,3.417107582092285,3.417107582092285,3.417107582092285,1
55,upperarm_l,3.4149169921875,3.4149169921875,3.4149169921875,1
29,foot_l,3.3909835815429688,3.3909835815429688,3.3909835815429688,1
0,ball_r,3.3365626335144043,3.3365626335144043,3.3365626335144043,1
15,foot_l,3.3201546669006348,3.3201546669006348,3.3201546669006348,1
61,foot_r,3.2889230251312256,3.2889230251312256,3.2889230251312256,1
30,thigh_l,3.282660961151123,3.282660961151123,3.282660961151123,1
52,foot_r,3.2816197872161865,3.2816197872161865,3.2816197872161865,1
9,calf_l,3.274421215057373,3.274421215057373,3.274421215057373,1
61,thigh_l,3.2573912143707275,3.2573912143707275,3.2573912143707275,1
74,calf_l,3.2505950927734375,3.2505950927734375,3.2505950927734375,1
85,calf_r,3.2425878047943115,3.2425878047943115,3.2425878047943115,1
71,thigh_l,3.231078863143921,3.231078863143921,3.231078863143921,1
55,thigh_l,3.2100043296813965,3.2100043296813965,3.2100043296813965,1
13,ball_l,3.192174196243286,3.192174196243286,3.192174196243286,1
56,upperarm_l,3.1645185947418213,3.1645185947418213,3.1645185947418213,1
0,thigh_r,3.142457962036133,3.142457962036133,3.142457962036133,1
76,calf_l,3.0709786415100098,3.0709786415100098,3.0709786415100098,1
28,foot_l,3.0482470989227295,3.0482470989227295,3.0482470989227295,1
21,foot_l,3.043545961380005,3.043545961380005,3.043545961380005,1
29,thigh_l,3.0405101776123047,3.0405101776123047,3.0405101776123047,1
35,foot_l,3.0213096141815186,3.0213096141815186,3.0213096141815186,1
0,upperarm_l,3.015108823776245,3.015108823776245,3.015108823776245,1
80,calf_r,2.986701488494873,2.986701488494873,2.986701488494873,1
32,foot_l,2.9853274822235107,2.9853274822235107,2.9853274822235107,1
73,calf_l,2.982516050338745,2.982516050338745,2.982516050338745,1
53,lowerarm_r,2.976924419403076,2.976924419403076,2.976924419403076,1
12,calf_l,2.971804141998291,2.971804141998291,2.971804141998291,1
55,hand_l,2.9700958728790283,2.9700958728790283,2.9700958728790283,1
54,calf_l,2.965698480606079,2.965698480606079,2.965698480606079,1
75,calf_l,2.9637885093688965,2.9637885093688965,2.9637885093688965,1
32,thigh_l,2.9594228267669678,2.9594228267669678,2.9594228267669678,1
31,thigh_l,2.94846248626709,2.94846248626709,2.94846248626709,1
54,upperarm_r,2.9382379055023193,2.9382379055023193,2.9382379055023193,1
12,foot_l,2.935767650604248,2.935767650604248,2.935767650604248,1
7,foot_l,2.9070231914520264,2.9070231914520264,2.9070231914520264,1
75,thigh_l,2.8827147483825684,2.8827147483825684,2.8827147483825684,1
7,ball_l,2.8814218044281006,2.8814218044281006,2.8814218044281006,1
15,calf_l,2.8616764545440674,2.8616764545440674,2.8616764545440674,1
75,upperarm_l,2.8536102771759033,2.8536102771759033,2.8536102771759033,1
76,lowerarm_l,2.8481850624084473,2.8481850624084473,2.8481850624084473,1
85,foot_r,2.8022348880767822,2.8022348880767822,2.8022348880767822,1
21,thigh_l,2.8020548820495605,2.8020548820495605,2.8020548820495605,1
51,upperarm_l,2.746272325515747,2.746272325515747,2.746272325515747,1
0,foot_r,2.7336931228637695,2.7336931228637695,2.7336931228637695,1
28,thigh_l,2.730358600616455,2.730358600616455,2.730358600616455,1
71,lowerarm_l,2.7246062755584717,2.7246062755584717,2.7246062755584717,1
41,foot_l,2.639101982116699,2.639101982116699,2.639101982116699,1
39,calf_l,2.639072895050049,2.639072895050049,2.639072895050049,1
56,thigh_l,2.5912818908691406,2.5912818908691406,2.5912818908691406,1
39,foot_l,2.572173595428467,2.572173595428467,2.572173595428467,1
7,calf_l,2.556389093399048,2.556389093399048,2.556389093399048,1
34,calf_l,2.5356409549713135,2.5356409549713135,2.5356409549713135,1
64,foot_r,2.519874095916748,2.519874095916748,2.519874095916748,1
52,lowerarm_r,2.4748566150665283,2.4748566150665283,2.4748566150665283,1
6,ball_l,2.4643611907958984,2.4643611907958984,2.4643611907958984,1
63,foot_r,2.4569320678710938,2.4569320678710938,2.4569320678710938,1
27,foot_l,2.448038339614868,2.448038339614868,2.448038339614868,1
76,thigh_l,2.4416887760162354,2.4416887760162354,2.4416887760162354,1
61,thigh_r,2.4401166439056396,2.4401166439056396,2.4401166439056396,1
34,foot_l,2.437673330307007,2.437673330307007,2.437673330307007,1
23,thigh_l,2.434225082397461,2.434225082397461,2.434225082397461,1
19,lowerarm_r,2.4300503730773926,2.4300503730773926,2.4300503730773926,1
51,thigh_l,2.4237794876098633,2.4237794876098633,2.4237794876098633,1
19,hand_l,2.40972638130188,2.40972638130188,2.40972638130188,1
54,ball_r,2.403458833694458,2.403458833694458,2.403458833694458,1
13,thigh_r,2.3957436084747314,2.3957436084747314,2.3957436084747314,1
16,calf_l,2.3776357173919678,2.3776357173919678,2.3776357173919678,1
55,lowerarm_l,2.3643436431884766,2.3643436431884766,2.3643436431884766,1
5,foot_l,2.3568530082702637,2.3568530082702637,2.3568530082702637,1
0,foot_l,2.353410482406616,2.353410482406616,2.353410482406616,1
33,lowerarm_l,2.3488876819610596,2.3488876819610596,2.3488876819610596,1
53,foot_l,2.3381848335266113,2.3381848335266113,2.3381848335266113,1
26,hand_r,2.3324739933013916,2.3324739933013916,2.3324739933013916,1
13,lowerarm_r,2.3294596672058105,2.3294596672058105,2.3294596672058105,1
53,hand_r,2.323698043823242,2.323698043823242,2.323698043823242,1
67,calf_l,2.3051257133483887,2.3051257133483887,2.3051257133483887,1
45,thigh_r,2.2918853759765625,2.2918853759765625,2.2918853759765625,1
49,calf_l,2.289473533630371,2.289473533630371,2.289473533630371,1
56,hand_l,2.278672933578491,2.278672933578491,2.278672933578491,1
56,foot_r,2.273353099822998,2.273353099822998,2.273353099822998,1
65,calf_r,2.271810293197632,2.271810293197632,2.271810293197632,1
18,hand_l,2.2499473094940186,2.2499473094940186,2.2499473094940186,1
73,thigh_l,2.237283229827881,2.237283229827881,2.237283229827881,1
33,lowerarm_r,2.2360546588897705,2.2360546588897705,2.2360546588897705,1
20,hand_l,2.2288243770599365,2.2288243770599365,2.2288243770599365,1
58,calf_l,2.226173162460327,2.226173162460327,2.226173162460327,1
13,lowerarm_l,2.2127673625946045,2.2127673625946045,2.2127673625946045,1
22,foot_l,2.211695671081543,2.211695671081543,2.211695671081543,1
18,lowerarm_r,2.2092669010162354,2.2092669010162354,2.2092669010162354,1
79,calf_r,2.203350305557251,2.203350305557251,2.203350305557251,1
84,ball_l,2.203127861022949,2.203127861022949,2.203127861022949,1
12,ball_l,2.193432569503784,2.193432569503784,2.193432569503784,1
73,upperarm_l,2.1928164958953857,2.1928164958953857,2.1928164958953857,1
51,upperarm_r,2.189333200454712,2.189333200454712,2.189333200454712,1
23,foot_l,2.186323642730713,2.186323642730713,2.186323642730713,1
27,thigh_l,2.1850297451019287,2.1850297451019287,2.1850297451019287,1
11,foot_l,2.1845810413360596,2.1845810413360596,2.1845810413360596,1
85,upperarm_l,2.184053659439087,2.184053659439087,2.184053659439087,1
10,calf_l,2.178473949432373,2.178473949432373,2.178473949432373,1
60,thigh_l,2.14705228805542,2.14705228805542,2.14705228805542,1
84,foot_l,2.1379268169403076,2.1379268169403076,2.1379268169403076,1
8,calf_l,2.13733172416687,2.13733172416687,2.13733172416687,1
17,calf_l,2.1350131034851074,2.1350131034851074,2.1350131034851074,1
75,thigh_r,2.1307525634765625,2.1307525634765625,2.1307525634765625,1
72,calf_l,2.1305623054504395,2.1305623054504395,2.1305623054504395,1
58,thigh_l,2.073096513748169,2.073096513748169,2.073096513748169,1
20,lowerarm_r,2.0697576999664307,2.0697576999664307,2.0697576999664307,1
77,calf_l,2.0588788986206055,2.0588788986206055,2.0588788986206055,1
82,lowerarm_l,2.053980588912964,2.053980588912964,2.053980588912964,1
11,calf_l,2.053889274597168,2.053889274597168,2.053889274597168,1
52,ball_r,2.0528409481048584,2.0528409481048584,2.0528409481048584,1
74,thigh_l,2.0475330352783203,2.0475330352783203,2.0475330352783203,1
52,foot_l,2.036604404449463,2.036604404449463,2.036604404449463,1
71,thigh_r,2.0344607830047607,2.0344607830047607,2.0344607830047607,1
61,upperarm_l,2.0313925743103027,2.0313925743103027,2.0313925743103027,1
27,calf_l,2.020385265350342,2.020385265350342,2.020385265350342,1
17,foot_l,1.9888215065002441,1.9888215065002441,1.9888215065002441,1
13,upperarm_r,1.98806893825531,1.98806893825531,1.98806893825531,1
55,upperarm_r,1.9856817722320557,1.9856817722320557,1.9856817722320557,1
68,foot_r,1.9773671627044678,1.9773671627044678,1.9773671627044678,1
51,thigh_r,1.9741157293319702,1.9741157293319702,1.9741157293319702,1
69,lowerarm_l,1.9730271100997925,1.9730271100997925,1.9730271100997925,1
1,calf_r,1.970542073249817,1.970542073249817,1.970542073249817,1
82,thigh_r,1.9632179737091064,1.9632179737091064,1.9632179737091064,1
63,thigh_l,1.9489864110946655,1.9489864110946655,1.9489864110946655,1
0,hand_l,1.9470598697662354,1.9470598697662354,1.9470598697662354,1
45,thigh_l,1.9311747550964355,1.9311747550964355,1.9311747550964355,1
51,hand_l,1.929775595664978,1.929775595664978,1.929775595664978,1
54,lowerarm_r,1.9297380447387695,1.9297380447387695,1.9297380447387695,1
45,foot_l,1.9218074083328247,1.9218074083328247,1.9218074083328247,1
65,foot_r,1.9159603118896484,1.9159603118896484,1.9159603118896484,1
19,upperarm_r,1.9127637147903442,1.9127637147903442,1.9127637147903442,1
67,calf_r,1.893761157989502,1.893761157989502,1.893761157989502,1
55,calf_l,1.893189549446106,1.893189549446106,1.893189549446106,1
22,thigh_l,1.889794945716858,1.889794945716858,1.889794945716858,1
52,hand_r,1.8891172409057617,1.8891172409057617,1.8891172409057617,1
32,lowerarm_r,1.8868364095687866,1.8868364095687866,1.8868364095687866,1
73,foot_r,1.8826725482940674,1.8826725482940674,1.8826725482940674,1
59,thigh_l,1.8706262111663818,1.8706262111663818,1.8706262111663818,1
51,foot_r,1.8508801460266113,1.8508801460266113,1.8508801460266113,1
69,thigh_r,1.8498111963272095,1.8498111963272095,1.8498111963272095,1
4,ball_l,1.8459687232971191,1.8459687232971191,1.8459687232971191,1
78,calf_r,1.842970371246338,1.842970371246338,1.842970371246338,1
32,lowerarm_l,1.8390889167785645,1.8390889167785645,1.8390889167785645,1
64,lowerarm_l,1.8388965129852295,1.8388965129852295,1.8388965129852295,1
27,ball_l,1.8382692337036133,1.8382692337036133,1.8382692337036133,1
40,lowerarm_r,1.8335297107696533,1.8335297107696533,1.8335297107696533,1
62,calf_r,1.8321459293365479,1.8321459293365479,1.8321459293365479,1
56,upperarm_r,1.8273401260375977,1.8273401260375977,1.8273401260375977,1
67,lowerarm_l,1.8232592344284058,1.8232592344284058,1.8232592344284058,1
26,foot_l,1.8199526071548462,1.8199526071548462,1.8199526071548462,1
15,thigh_l,1.8153750896453857,1.8153750896453857,1.8153750896453857,1
34,foot_r,1.8136250972747803,1.8136250972747803,1.8136250972747803,1
45,lowerarm_l,1.8088243007659912,1.8088243007659912,1.8088243007659912,1
80,lowerarm_l,1.8068829774856567,1.8068829774856567,1.8068829774856567,1
42,thigh_l,1.8001151084899902,1.8001151084899902,1.8001151084899902,1
16,foot_l,1.7996865510940552,1.7996865510940552,1.7996865510940552,1
4,foot_l,1.7941280603408813,1.7941280603408813,1.7941280603408813,1
85,calf_l,1.7815167903900146,1.7815167903900146,1.7815167903900146,1
80,foot_r,1.771760106086731,1.771760106086731,1.771760106086731,1
30,foot_r,1.7691065073013306,1.7691065073013306,1.7691065073013306,1
33,hand_l,1.764630913734436,1.764630913734436,1.764630913734436,1
53,spine_02,1.7521941661834717,1.7521941661834717,1.7521941661834717,1
0,upperarm_r,1.7466691732406616,1.7466691732406616,1.7466691732406616,1
20,upperarm_r,1.7397648096084595,1.7397648096084595,1.7397648096084595,1
79,lowerarm_l,1.7379363775253296,1.7379363775253296,1.7379363775253296,1
68,calf_r,1.7321768999099731,1.7321768999099731,1.7321768999099731,1
0,calf_l,1.7280995845794678,1.7280995845794678,1.7280995845794678,1
65,lowerarm_l,1.7230545282363892,1.7230545282363892,1.7230545282363892,1
33,thigh_r,1.7162024974822998,1.7162024974822998,1.7162024974822998,1
40,thigh_l,1.7159305810928345,1.7159305810928345,1.7159305810928345,1
42,thigh_r,1.7123602628707886,1.7123602628707886,1.7123602628707886,1
59,calf_l,1.7116279602050781,1.7116279602050781,1.7116279602050781,1
67,thigh_l,1.704530954360962,1.704530954360962,1.704530954360962,1
77,thigh_l,1.6933847665786743,1.6933847665786743,1.6933847665786743,1
29,calf_l,1.6908501386642456,1.6908501386642456,1.6908501386642456,1
1,calf_l,1.6871031522750854,1.6871031522750854,1.6871031522750854,1
28,foot_r,1.6741751432418823,1.6741751432418823,1.6741751432418823,1
75,lowerarm_l,1.6710364818572998,1.6710364818572998,1.6710364818572998,1
74,lowerarm_l,1.6668487787246704,1.6668487787246704,1.6668487787246704,1
62,foot_r,1.6596434116363525,1.6596434116363525,1.6596434116363525,1
30,hand_r,1.6538602113723755,1.6538602113723755,1.6538602113723755,1
24,hand_r,1.6505881547927856,1.6505881547927856,1.6505881547927856,1
67,ball_r,1.6496665477752686,1.6496665477752686,1.6496665477752686,1
71,upperarm_l,1.6411014795303345,1.6411014795303345,1.6411014795303345,1
61,lowerarm_l,1.6376863718032837,1.6376863718032837,1.6376863718032837,1
65,thigh_r,1.6244982481002808,1.6244982481002808,1.6244982481002808,1
65,upperarm_l,1.6240665912628174,1.6240665912628174,1.6240665912628174,1
66,foot_r,1.6206263303756714,1.6206263303756714,1.6206263303756714,1
85,upperarm_r,1.6148781776428223,1.6148781776428223,1.6148781776428223,1
1,ball_l,1.611404538154602,1.611404538154602,1.611404538154602,1
57,thigh_r,1.6102721691131592,1.6102721691131592,1.6102721691131592,1
76,foot_l,1.6099836826324463,1.6099836826324463,1.6099836826324463,1
48,calf_l,1.6093639135360718,1.6093639135360718,1.6093639135360718,1
82,thigh_l,1.6042855978012085,1.6042855978012085,1.6042855978012085,1
55,lowerarm_r,1.6028072834014893,1.6028072834014893,1.6028072834014893,1
84,thigh_r,1.5990314483642578,1.5990314483642578,1.5990314483642578,1
33,upperarm_l,1.5976531505584717,1.5976531505584717,1.5976531505584717,1
82,upperarm_l,1.5946732759475708,1.5946732759475708,1.5946732759475708,1
25,hand_r,1.5918753147125244,1.5918753147125244,1.5918753147125244,1
28,hand_r,1.5845586061477661,1.5845586061477661,1.5845586061477661,1
5,thigh_l,1.5832263231277466,1.5832263231277466,1.5832263231277466,1
30,thigh_r,1.5829834938049316,1.5829834938049316,1.5829834938049316,1
63,thigh_r,1.5756535530090332,1.5756535530090332,1.5756535530090332,1
31,lowerarm_l,1.5754057168960571,1.5754057168960571,1.5754057168960571,1
28,thigh_r,1.5740811824798584,1.5740811824798584,1.5740811824798584,1
13,upperarm_l,1.5723578929901123,1.5723578929901123,1.5723578929901123,1
41,calf_l,1.570431113243103,1.570431113243103,1.570431113243103,1
6,foot_l,1.5690791606903076,1.5690791606903076,1.5690791606903076,1
13,spine_02,1.5681426525115967,1.5681426525115967,1.5681426525115967,1
70,calf_r,1.5592540502548218,1.5592540502548218,1.5592540502548218,1
4,thigh_l,1.551391363143921,1.551391363143921,1.551391363143921,1
72,foot_r,1.5485745668411255,1.5485745668411255,1.5485745668411255,1
45,upperarm_l,1.5455029010772705,1.5455029010772705,1.5455029010772705,1
76,upperarm_l,1.5389776229858398,1.5389776229858398,1.5389776229858398,1
56,calf_l,1.5377306938171387,1.5377306938171387,1.5377306938171387,1
15,thigh_r,1.5349745750427246,1.5349745750427246,1.5349745750427246,1
70,ball_r,1.5334140062332153,1.5334140062332153,1.5334140062332153,1
52,spine_02,1.530914068222046,1.530914068222046,1.530914068222046,1
75,calf_r,1.5305755138397217,1.5305755138397217,1.5305755138397217,1
51,lowerarm_l,1.5252420902252197,1.5252420902252197,1.5252420902252197,1
45,calf_r,1.5238856077194214,1.5238856077194214,1.5238856077194214,1
80,thigh_l,1.515929937362671,1.515929937362671,1.515929937362671,1
30,upperarm_l,1.5155539512634277,1.5155539512634277,1.5155539512634277,1
73,thigh_r,1.5084104537963867,1.5084104537963867,1.5084104537963867,1
69,upperarm_l,1.5078130960464478,1.5078130960464478,1.5078130960464478,1
37,thigh_r,1.5009007453918457,1.5009007453918457,1.5009007453918457,1
33,upperarm_r,1.4973355531692505,1.4973355531692505,1.4973355531692505,1
42,ball_l,1.4943084716796875,1.4943084716796875,1.4943084716796875,1
49,thigh_l,1.49392569065094,1.49392569065094,1.49392569065094,1
60,upperarm_r,1.4922113418579102,1.4922113418579102,1.4922113418579102,1
18,upperarm_r,1.4920650720596313,1.4920650720596313,1.4920650720596313,1
13,foot_r,1.4895191192626953,1.4895191192626953,1.4895191192626953,1
37,foot_r,1.4853256940841675,1.4853256940841675,1.4853256940841675,1
40,thigh_r,1.4846400022506714,1.4846400022506714,1.4846400022506714,1
85,foot_l,1.4812519550323486,1.4812519550323486,1.4812519550323486,1
74,thigh_r,1.4738290309906006,1.4738290309906006,1.4738290309906006,1
79,upperarm_l,1.47305428981781,1.47305428981781,1.47305428981781,1
41,thigh_r,1.465700387954712,1.465700387954712,1.465700387954712,1
76,thigh_r,1.4537945985794067,1.4537945985794067,1.4537945985794067,1
60,calf_l,1.4498894214630127,1.4498894214630127,1.4498894214630127,1
79,thigh_l,1.4467499256134033,1.4467499256134033,1.4467499256134033,1
66,calf_l,1.4425380229949951,1.4425380229949951,1.4425380229949951,1
60,lowerarm_l,1.4344916343688965,1.4344916343688965,1.4344916343688965,1
31,lowerarm_r,1.430379033088684,1.430379033088684,1.430379033088684,1
60,thigh_r,1.4255664348602295,1.4255664348602295,1.4255664348602295,1
4,thigh_r,1.4211734533309937,1.4211734533309937,1.4211734533309937,1
18,thigh_r,1.417903184890747,1.417903184890747,1.417903184890747,1
4,upperarm_r,1.4170583486557007,1.4170583486557007,1.4170583486557007,1
80,foot_l,1.411979079246521,1.411979079246521,1.411979079246521,1
34,thigh_r,1.411452293395996,1.411452293395996,1.411452293395996,1
79,thigh_r,1.4034096002578735,1.4034096002578735,1.4034096002578735,1
72,lowerarm_l,1.393890619277954,1.393890619277954,1.393890619277954,1
24,thigh_l,1.3916019201278687,1.3916019201278687,1.3916019201278687,1
65,thigh_l,1.3792695999145508,1.3792695999145508,1.3792695999145508,1
41,thigh_l,1.3744508028030396,1.3744508028030396,1.3744508028030396,1
85,lowerarm_l,1.3683184385299683,1.3683184385299683,1.3683184385299683,1
42,hand_l,1.3636901378631592,1.3636901378631592,1.3636901378631592,1
64,ball_r,1.3634016513824463,1.3634016513824463,1.3634016513824463,1
54,hand_r,1.3632875680923462,1.3632875680923462,1.3632875680923462,1
61,hand_r,1.3615065813064575,1.3615065813064575,1.3615065813064575,1
6,calf_r,1.3572930097579956,1.3572930097579956,1.3572930097579956,1
75,upperarm_r,1.3487610816955566,1.3487610816955566,1.3487610816955566,1
58,calf_r,1.3417012691497803,1.3417012691497803,1.3417012691497803,1
14,thigh_l,1.341518759727478,1.341518759727478,1.341518759727478,1
59,upperarm_l,1.3407822847366333,1.3407822847366333,1.3407822847366333,1
2,upperarm_l,1.3389945030212402,1.3389945030212402,1.3389945030212402,1
68,thigh_r,1.338211178779602,1.338211178779602,1.338211178779602,1
56,calf_r,1.3350753784179688,1.3350753784179688,1.3350753784179688,1
69,foot_r,1.3327674865722656,1.3327674865722656,1.3327674865722656,1
50,lowerarm_l,1.319953203201294,1.319953203201294,1.319953203201294,1
19,thigh_r,1.317779302597046,1.317779302597046,1.317779302597046,1
54,foot_l,1.3163892030715942,1.3163892030715942,1.3163892030715942,1
43,foot_r,1.3119126558303833,1.3119126558303833,1.3119126558303833,1
81,calf_r,1.3095860481262207,1.3095860481262207,1.3095860481262207,1
18,hand_r,1.3068903684616089,1.3068903684616089,1.3068903684616089,1
68,ball_r,1.3066658973693848,1.3066658973693848,1.3066658973693848,1
67,foot_r,1.3059903383255005,1.3059903383255005,1.3059903383255005,1
69,ball_r,1.3045061826705933,1.3045061826705933,1.3045061826705933,1
32,hand_l,1.3024190664291382,1.3024190664291382,1.3024190664291382,1
67,upperarm_l,1.3017327785491943,1.3017327785491943,1.3017327785491943,1
39,upperarm_r,1.29710054397583,1.29710054397583,1.29710054397583,1
53,spine_01,1.2937511205673218,1.2937511205673218,1.2937511205673218,1
55,calf_r,1.293715000152588,1.293715000152588,1.293715000152588,1
28,upperarm_l,1.2936981916427612,1.2936981916427612,1.2936981916427612,1
21,lowerarm_l,1.2931159734725952,1.2931159734725952,1.2931159734725952,1
4,hand_r,1.289720892906189,1.289720892906189,1.289720892906189,1
75,foot_r,1.289109230041504,1.289109230041504,1.289109230041504,1
29,upperarm_l,1.2861932516098022,1.2861932516098022,1.2861932516098022,1
53,clavicle_l,1.2831059694290161,1.2831059694290161,1.2831059694290161,1
18,foot_l,1.2821911573410034,1.2821911573410034,1.2821911573410034,1
78,foot_r,1.265897274017334,1.265897274017334,1.265897274017334,1
57,upperarm_l,1.2642766237258911,1.2642766237258911,1.2642766237258911,1
83,foot_l,1.2616429328918457,1.2616429328918457,1.2616429328918457,1
29,foot_r,1.261300802230835,1.261300802230835,1.261300802230835,1
44,foot_l,1.2591755390167236,1.2591755390167236,1.2591755390167236,1
78,thigh_r,1.2502784729003906,1.2502784729003906,1.2502784729003906,1
35,calf_l,1.2495567798614502,1.2495567798614502,1.2495567798614502,1
50,calf_l,1.2473790645599365,1.2473790645599365,1.2473790645599365,1
73,hand_l,1.2473782300949097,1.2473782300949097,1.2473782300949097,1
42,lowerarm_r,1.2436872720718384,1.2436872720718384,1.2436872720718384,1
6,foot_r,1.2416820526123047,1.2416820526123047,1.2416820526123047,1
56,lowerarm_r,1.2415248155593872,1.2415248155593872,1.2415248155593872,1
7,upperarm_l,1.2378082275390625,1.2378082275390625,1.2378082275390625,1
4,foot_r,1.2375966310501099,1.2375966310501099,1.2375966310501099,1
32,upperarm_l,1.2369115352630615,1.2369115352630615,1.2369115352630615,1
23,upperarm_l,1.2323176860809326,1.2323176860809326,1.2323176860809326,1
55,ball_r,1.232131004333496,1.232131004333496,1.232131004333496,1
76,RUpArmTwist_r_01,1.2310596704483032,1.2310596704483032,1.2310596704483032,1
85,thigh_l,1.2300386428833008,1.2300386428833008,1.2300386428833008,1
63,calf_l,1.2263455390930176,1.2263455390930176,1.2263455390930176,1
50,thigh_r,1.222625494003296,1.222625494003296,1.222625494003296,1
63,upperarm_l,1.221025824546814,1.221025824546814,1.221025824546814,1
85,thigh_r,1.2193018198013306,1.2193018198013306,1.2193018198013306,1
4,ball_r,1.217539668083191,1.217539668083191,1.217539668083191,1
41,ball_r,1.217089295387268,1.217089295387268,1.217089295387268,1
27,upperarm_l,1.2166169881820679,1.2166169881820679,1.2166169881820679,1
61,upperarm_r,1.21377432346344,1.21377432346344,1.21377432346344,1
15,upperarm_r,1.210745096206665,1.210745096206665,1.210745096206665,1
69,thigh_l,1.2106033563613892,1.2106033563613892,1.2106033563613892,1
2,calf_l,1.2104295492172241,1.2104295492172241,1.2104295492172241,1
26,thigh_l,1.20924973487854,1.20924973487854,1.20924973487854,1
40,hand_r,1.2087095975875854,1.2087095975875854,1.2087095975875854,1
44,ball_l,1.2041904926300049,1.2041904926300049,1.2041904926300049,1
21,upperarm_l,1.20330810546875,1.20330810546875,1.20330810546875,1
60,upperarm_l,1.2006866931915283,1.2006866931915283,1.2006866931915283,1
0,spine_02,1.200122594833374,1.200122594833374,1.200122594833374,1
52,clavicle_l,1.1981643438339233,1.1981643438339233,1.1981643438339233,1
33,hand_r,1.1932011842727661,1.1932011842727661,1.1932011842727661,1
10,hand_r,1.190898060798645,1.190898060798645,1.190898060798645,1
57,hand_l,1.1852142810821533,1.1852142810821533,1.1852142810821533,1
74,upperarm_l,1.1819757223129272,1.1819757223129272,1.1819757223129272,1
26,thigh_r,1.1812770366668701,1.1812770366668701,1.1812770366668701,1
17,hand_l,1.1795711517333984,1.1795711517333984,1.1795711517333984,1
11,thigh_l,1.1765199899673462,1.1765199899673462,1.1765199899673462,1
22,upperarm_r,1.1741104125976562,1.1741104125976562,1.1741104125976562,1
24,RUpArmTwist_l_01,1.1726219654083252,1.1726219654083252,1.1726219654083252,1
26,ball_l,1.1721969842910767,1.1721969842910767,1.1721969842910767,1
0,hand_r,1.1718645095825195,1.1718645095825195,1.1718645095825195,1
1,foot_l,1.1701114177703857,1.1701114177703857,1.1701114177703857,1
37,lowerarm_r,1.1680995225906372,1.1680995225906372,1.1680995225906372,1
76,spine_01,1.1680954694747925,1.1680954694747925,1.1680954694747925,1
66,ball_r,1.1669538021087646,1.1669538021087646,1.1669538021087646,1
13,hand_r,1.1643768548965454,1.1643768548965454,1.1643768548965454,1
21,thigh_r,1.163657307624817,1.163657307624817,1.163657307624817,1
40,foot_l,1.163352608680725,1.163352608680725,1.163352608680725,1
82,foot_l,1.1631253957748413,1.1631253957748413,1.1631253957748413,1
55,foot_l,1.1604939699172974,1.1604939699172974,1.1604939699172974,1
55,hand_r,1.1594685316085815,1.1594685316085815,1.1594685316085815,1
7,foot_r,1.1591122150421143,1.1591122150421143,1.1591122150421143,1
52,spine_01,1.1573785543441772,1.1573785543441772,1.1573785543441772,1
57,lowerarm_l,1.156545639038086,1.156545639038086,1.156545639038086,1
32,upperarm_r,1.154718279838562,1.154718279838562,1.154718279838562,1
30,ball_r,1.1531567573547363,1.1531567573547363,1.1531567573547363,1
46,lowerarm_l,1.1528291702270508,1.1528291702270508,1.1528291702270508,1
48,ball_r,1.1521674394607544,1.1521674394607544,1.1521674394607544,1
72,ball_r,1.1511099338531494,1.1511099338531494,1.1511099338531494,1
23,thigh_r,1.1465497016906738,1.1465497016906738,1.1465497016906738,1
61,RUpArmTwist_r_01,1.1462916135787964,1.1462916135787964,1.1462916135787964,1
79,hand_l,1.1461559534072876,1.1461559534072876,1.1461559534072876,1
41,ball_l,1.1460139751434326,1.1460139751434326,1.1460139751434326,1
84,lowerarm_l,1.1448332071304321,1.1448332071304321,1.1448332071304321,1
50,upperarm_l,1.1445344686508179,1.1445344686508179,1.1445344686508179,1
37,thigh_l,1.1441481113433838,1.1441481113433838,1.1441481113433838,1
10,thigh_l,1.1427077054977417,1.1427077054977417,1.1427077054977417,1
49,ball_r,1.1424190998077393,1.1424190998077393,1.1424190998077393,1
47,thigh_r,1.1401581764221191,1.1401581764221191,1.1401581764221191,1
44,foot_r,1.137534260749817,1.137534260749817,1.137534260749817,1
47,lowerarm_l,1.1359916925430298,1.1359916925430298,1.1359916925430298,1
21,hand_l,1.1352183818817139,1.1352183818817139,1.1352183818817139,1
27,thigh_r,1.1342239379882812,1.1342239379882812,1.1342239379882812,1
84,lowerarm_r,1.1294820308685303,1.1294820308685303,1.1294820308685303,1
80,thigh_r,1.129431128501892,1.129431128501892,1.129431128501892,1
19,RUpArmTwist_r_01,1.1275302171707153,1.1275302171707153,1.1275302171707153,1
15,lowerarm_r,1.1269350051879883,1.1269350051879883,1.1269350051879883,1
46,upperarm_l,1.1261017322540283,1.1261017322540283,1.1261017322540283,1
57,thigh_l,1.125177264213562,1.125177264213562,1.125177264213562,1
32,foot_r,1.1236637830734253,1.1236637830734253,1.1236637830734253,1
4,RUpArmTwist_r_01,1.1221586465835571,1.1221586465835571,1.1221586465835571,1
80,RUpArmTwist_r_01,1.1221342086791992,1.1221342086791992,1.1221342086791992,1
25,thigh_r,1.120945692062378,1.120945692062378,1.120945692062378,1
77,upperarm_l,1.1153298616409302,1.1153298616409302,1.1153298616409302,1
19,upperarm_l,1.1124202013015747,1.1124202013015747,1.1124202013015747,1
31,upperarm_l,1.1055184602737427,1.1055184602737427,1.1055184602737427,1
30,upperarm_r,1.1045472621917725,1.1045472621917725,1.1045472621917725,1
76,hand_r,1.104457139968872,1.104457139968872,1.104457139968872,1
80,upperarm_l,1.1014142036437988,1.1014142036437988,1.1014142036437988,1
76,foot_r,1.1014113426208496,1.1014113426208496,1.1014113426208496,1
6,thigh_l,1.100882649421692,1.100882649421692,1.100882649421692,1
29,hand_r,1.0982978343963623,1.0982978343963623,1.0982978343963623,1
82,upperarm_r,1.0947537422180176,1.0947537422180176,1.0947537422180176,1
0,lowerarm_r,1.0941860675811768,1.0941860675811768,1.0941860675811768,1
25,thigh_l,1.0937106609344482,1.0937106609344482,1.0937106609344482,1
80,hand_r,1.0930843353271484,1.0930843353271484,1.0930843353271484,1
58,foot_l,1.0924748182296753,1.0924748182296753,1.0924748182296753,1
20,hand_r,1.0849484205245972,1.0849484205245972,1.0849484205245972,1
24,thigh_r,1.0834249258041382,1.0834249258041382,1.0834249258041382,1
6,upperarm_l,1.0824532508850098,1.0824532508850098,1.0824532508850098,1
27,hand_r,1.0788952112197876,1.0788952112197876,1.0788952112197876,1
45,upperarm_r,1.0786703824996948,1.0786703824996948,1.0786703824996948,1
72,calf_r,1.0780282020568848,1.0780282020568848,1.0780282020568848,1
82,calf_r,1.077290415763855,1.077290415763855,1.077290415763855,1
75,hand_l,1.0753889083862305,1.0753889083862305,1.0753889083862305,1
51,lowerarm_r,1.0753282308578491,1.0753282308578491,1.0753282308578491,1
2,hand_r,1.0731770992279053,1.0731770992279053,1.0731770992279053,1
24,foot_l,1.0730421543121338,1.0730421543121338,1.0730421543121338,1
1,thigh_l,1.0719146728515625,1.0719146728515625,1.0719146728515625,1
54,RUpArmTwist_r_01,1.071753740310669,1.071753740310669,1.071753740310669,1
62,ball_l,1.0716053247451782,1.0716053247451782,1.0716053247451782,1
48,calf_r,1.0710264444351196,1.0710264444351196,1.0710264444351196,1
39,lowerarm_r,1.0689722299575806,1.0689722299575806,1.0689722299575806,1
19,foot_r,1.0685406923294067,1.0685406923294067,1.0685406923294067,1
78,RUpArmTwist_r_01,1.0685019493103027,1.0685019493103027,1.0685019493103027,1
82,hand_l,1.0670274496078491,1.0670274496078491,1.0670274496078491,1
37,upperarm_r,1.0656914710998535,1.0656914710998535,1.0656914710998535,1
26,upperarm_r,1.0651832818984985,1.0651832818984985,1.0651832818984985,1
5,lowerarm_l,1.0647265911102295,1.0647265911102295,1.0647265911102295,1
9,upperarm_r,1.0634151697158813,1.0634151697158813,1.0634151697158813,1
50,foot_r,1.0629504919052124,1.0629504919052124,1.0629504919052124,1
19,hand_r,1.0624358654022217,1.0624358654022217,1.0624358654022217,1
71,ball_r,1.062035322189331,1.062035322189331,1.062035322189331,1
57,foot_r,1.0600847005844116,1.0600847005844116,1.0600847005844116,1
25,ball_l,1.0598902702331543,1.0598902702331543,1.0598902702331543,1
33,foot_l,1.059870719909668,1.059870719909668,1.059870719909668,1
46,foot_r,1.059285283088684,1.059285283088684,1.059285283088684,1
9,foot_r,1.0591901540756226,1.0591901540756226,1.0591901540756226,1
64,thigh_r,1.0551434755325317,1.0551434755325317,1.0551434755325317,1
63,lowerarm_l,1.0541850328445435,1.0541850328445435,1.0541850328445435,1
22,upperarm_l,1.0528157949447632,1.0528157949447632,1.0528157949447632,1
19,foot_l,1.051924228668213,1.051924228668213,1.051924228668213,1
18,thigh_l,1.0515685081481934,1.0515685081481934,1.0515685081481934,1
8,upperarm_r,1.051119089126587,1.051119089126587,1.051119089126587,1
7,calf_r,1.0504541397094727,1.0504541397094727,1.0504541397094727,1
28,upperarm_r,1.0503209829330444,1.0503209829330444,1.0503209829330444,1
33,thigh_l,1.0499122142791748,1.0499122142791748,1.0499122142791748,1
78,hand_l,1.046466588973999,1.046466588973999,1.046466588973999,1
58,upperarm_l,1.0414716005325317,1.0414716005325317,1.0414716005325317,1
25,RUpArmTwist_l_01,1.0399372577667236,1.0399372577667236,1.0399372577667236,1
78,upperarm_l,1.0398387908935547,1.0398387908935547,1.0398387908935547,1
30,head,1.0386779308319092,1.0386779308319092,1.0386779308319092,1
27,RUpArmTwist_r_01,1.038350224494934,1.038350224494934,1.038350224494934,1
84,upperarm_l,1.037023901939392,1.037023901939392,1.037023901939392,1
77,lowerarm_l,1.0343785285949707,1.0343785285949707,1.0343785285949707,1
20,RUpArmTwist_r_01,1.032884120941162,1.032884120941162,1.032884120941162,1
69,hand_r,1.032623291015625,1.032623291015625,1.032623291015625,1
64,calf_l,1.0316624641418457,1.0316624641418457,1.0316624641418457,1
1,lowerarm_l,1.0311312675476074,1.0311312675476074,1.0311312675476074,1
18,upperarm_l,1.0291380882263184,1.0291380882263184,1.0291380882263184,1
7,lowerarm_l,1.0283939838409424,1.0283939838409424,1.0283939838409424,1
56,foot_l,1.0248498916625977,1.0248498916625977,1.0248498916625977,1
37,hand_r,1.0246429443359375,1.0246429443359375,1.0246429443359375,1
5,foot_r,1.0219863653182983,1.0219863653182983,1.0219863653182983,1
11,hand_r,1.0206056833267212,1.0206056833267212,1.0206056833267212,1
23,RUpArmTwist_l_01,1.0187300443649292,1.0187300443649292,1.0187300443649292,1
40,hand_l,1.0168673992156982,1.0168673992156982,1.0168673992156982,1
9,thigh_l,1.0160858631134033,1.0160858631134033,1.0160858631134033,1
75,hand_r,1.0119497776031494,1.0119497776031494,1.0119497776031494,1
38,lowerarm_r,1.0109447240829468,1.0109447240829468,1.0109447240829468,1
38,thigh_r,1.0103005170822144,1.0103005170822144,1.0103005170822144,1
14,LCalfTwist_03,1.0031667947769165,1.0031667947769165,1.0031667947769165,1
53,RUpArmTwist_r_01,1.003079891204834,1.003079891204834,1.003079891204834,1
2,lowerarm_l,1.00196373462677,1.00196373462677,1.00196373462677,1
15,spine_02,1.0010173320770264,1.0010173320770264,1.0010173320770264,1
56,spine_01,0.9951929450035095,0.9951929450035095,0.9951929450035095,1
31,upperarm_r,0.9943248629570007,0.9943248629570007,0.9943248629570007,1
14,spine_02,0.9929373860359192,0.9929373860359192,0.9929373860359192,1
76,spine_02,0.9926475286483765,0.9926475286483765,0.9926475286483765,1
82,calf_l,0.990622878074646,0.990622878074646,0.990622878074646,1
25,upperarm_r,0.989876925945282,0.989876925945282,0.989876925945282,1
41,lowerarm_r,0.9879730939865112,0.9879730939865112,0.9879730939865112,1
17,lowerarm_r,0.986289918422699,0.986289918422699,0.986289918422699,1
65,ball_r,0.9862326979637146,0.9862326979637146,0.9862326979637146,1
12,spine_02,0.9846051931381226,0.9846051931381226,0.9846051931381226,1
71,foot_l,0.9842405319213867,0.9842405319213867,0.9842405319213867,1
20,thigh_r,0.983963131904602,0.983963131904602,0.983963131904602,1
41,hand_r,0.9831928014755249,0.9831928014755249,0.9831928014755249,1
34,upperarm_l,0.9821260571479797,0.9821260571479797,0.9821260571479797,1
61,spine_02,0.9805319309234619,0.9805319309234619,0.9805319309234619,1
15,foot_r,0.979789674282074,0.979789674282074,0.979789674282074,1
13,LCalfTwist_03,0.9775940179824829,0.9775940179824829,0.9775940179824829,1
34,ball_r,0.9767813086509705,0.9767813086509705,0.9767813086509705,1
49,calf_r,0.9765830039978027,0.9765830039978027,0.9765830039978027,1
77,foot_r,0.9748151898384094,0.9748151898384094,0.9748151898384094,1
78,lowerarm_l,0.9732388854026794,0.9732388854026794,0.9732388854026794,1
6,calf_l,0.9730339646339417,0.9730339646339417,0.9730339646339417,1
43,calf_l,0.9728291034698486,0.9728291034698486,0.9728291034698486,1
72,upperarm_l,0.9713338017463684,0.9713338017463684,0.9713338017463684,1
46,thigh_r,0.9703644514083862,0.9703644514083862,0.9703644514083862,1
36,thigh_r,0.97025465965271,0.97025465965271,0.97025465965271,1
44,ball_r,0.96639484167099,0.96639484167099,0.96639484167099,1
52,RUpArmTwist_r_01,0.9661357402801514,0.9661357402801514,0.9661357402801514,1
26,RUpArmTwist_l_01,0.9660961031913757,0.9660961031913757,0.9660961031913757,1
45,foot_r,0.9654816389083862,0.9654816389083862,0.9654816389083862,1
58,foot_r,0.9646597504615784,0.9646597504615784,0.9646597504615784,1
61,hand_l,0.9631301164627075,0.9631301164627075,0.9631301164627075,1
27,upperarm_r,0.9629080295562744,0.9629080295562744,0.9629080295562744,1
23,upperarm_r,0.9614993929862976,0.9614993929862976,0.9614993929862976,1
77,upperarm_r,0.9612096548080444,0.9612096548080444,0.9612096548080444,1
57,calf_l,0.9611366391181946,0.9611366391181946,0.9611366391181946,1
32,ball_l,0.9562912583351135,0.9562912583351135,0.9562912583351135,1
79,foot_r,0.9553542733192444,0.9553542733192444,0.9553542733192444,1
13,RUpArmTwist_l_01,0.9535905718803406,0.9535905718803406,0.9535905718803406,1
44,thigh_r,0.9531192779541016,0.9531192779541016,0.9531192779541016,1
43,lowerarm_l,0.9530930519104004,0.9530930519104004,0.9530930519104004,1
32,thigh_r,0.9530849456787109,0.9530849456787109,0.9530849456787109,1
38,hand_r,0.9513502717018127,0.9513502717018127,0.9513502717018127,1
40,ball_l,0.9508187174797058,0.9508187174797058,0.9508187174797058,1
61,calf_r,0.9495435953140259,0.9495435953140259,0.9495435953140259,1
26,RUpArmTwist_r_01,0.9490713477134705,0.9490713477134705,0.9490713477134705,1
63,ball_l,0.9488081336021423,0.9488081336021423,0.9488081336021423,1
53,clavicle_r,0.9481801986694336,0.9481801986694336,0.9481801986694336,1
26,foot_r,0.9479822516441345,0.9479822516441345,0.9479822516441345,1
10,upperarm_r,0.9439751505851746,0.9439751505851746,0.9439751505851746,1
55,spine_01,0.9433177709579468,0.9433177709579468,0.9433177709579468,1
9,foot_l,0.9407898187637329,0.9407898187637329,0.9407898187637329,1
33,foot_r,0.9393978714942932,0.9393978714942932,0.9393978714942932,1
61,foot_l,0.9378526210784912,0.9378526210784912,0.9378526210784912,1
18,foot_r,0.936977744102478,0.936977744102478,0.936977744102478,1
84,upperarm_r,0.9366186261177063,0.9366186261177063,0.9366186261177063,1
4,hand_l,0.9358496069908142,0.9358496069908142,0.9358496069908142,1
38,thigh_l,0.9340142011642456,0.9340142011642456,0.9340142011642456,1
72,foot_l,0.9295259118080139,0.9295259118080139,0.9295259118080139,1
48,hand_r,0.9259149432182312,0.9259149432182312,0.9259149432182312,1
50,ball_r,0.9255260825157166,0.9255260825157166,0.9255260825157166,1
40,spine_01,0.9250586628913879,0.9250586628913879,0.9250586628913879,1
25,foot_l,0.9248552322387695,0.9248552322387695,0.9248552322387695,1
54,spine_02,0.9247245788574219,0.9247245788574219,0.9247245788574219,1
29,thigh_r,0.921684205532074,0.921684205532074,0.921684205532074,1
84,foot_r,0.9212401509284973,0.9212401509284973,0.9212401509284973,1
8,foot_r,0.9207676649093628,0.9207676649093628,0.9207676649093628,1
58,ball_l,0.9180270433425903,0.9180270433425903,0.9180270433425903,1
84,calf_l,0.9174827933311462,0.9174827933311462,0.9174827933311462,1
48,foot_r,0.9171075224876404,0.9171075224876404,0.9171075224876404,1
76,ball_l,0.9159246683120728,0.9159246683120728,0.9159246683120728,1
61,head,0.9149399995803833,0.9149399995803833,0.9149399995803833,1
34,lowerarm_l,0.911919891834259,0.911919891834259,0.911919891834259,1
26,hand_l,0.90998375415802,0.90998375415802,0.90998375415802,1
20,upperarm_l,0.9087466597557068,0.9087466597557068,0.9087466597557068,1
13,calf_r,0.9070616364479065,0.9070616364479065,0.9070616364479065,1
37,ball_r,0.9062935709953308,0.9062935709953308,0.9062935709953308,1
63,upperarm_r,0.9054899215698242,0.9054899215698242,0.9054899215698242,1
14,upperarm_r,0.9043558239936829,0.9043558239936829,0.9043558239936829,1
45,lowerarm_r,0.9025536775588989,0.9025536775588989,0.9025536775588989,1
75,ball_r,0.9023573398590088,0.9023573398590088,0.9023573398590088,1
81,hand_l,0.9014833569526672,0.9014833569526672,0.9014833569526672,1
52,clavicle_r,0.8994569778442383,0.8994569778442383,0.8994569778442383,1
70,lowerarm_l,0.8948168158531189,0.8948168158531189,0.8948168158531189,1
44,thigh_l,0.8946482539176941,0.8946482539176941,0.8946482539176941,1
67,thigh_r,0.8943799138069153,0.8943799138069153,0.8943799138069153,1
36,lowerarm_r,0.8938987851142883,0.8938987851142883,0.8938987851142883,1
66,upperarm_l,0.8938891291618347,0.8938891291618347,0.8938891291618347,1
22,RUpArmTwist_l_01,0.893662691116333,0.893662691116333,0.893662691116333,1
75,spine_02,0.892844021320343,0.892844021320343,0.892844021320343,1
58,lowerarm_l,0.891268789768219,0.891268789768219,0.891268789768219,1
80,calf_l,0.8895403146743774,0.8895403146743774,0.8895403146743774,1
46,foot_l,0.8890869617462158,0.8890869617462158,0.8890869617462158,1
50,foot_l,0.8884061574935913,0.8884061574935913,0.8884061574935913,1
63,hand_r,0.8876519799232483,0.8876519799232483,0.8876519799232483,1
24,ball_l,0.8857731223106384,0.8857731223106384,0.8857731223106384,1
19,thigh_l,0.8847347497940063,0.8847347497940063,0.8847347497940063,1
45,calf_l,0.8843477964401245,0.8843477964401245,0.8843477964401245,1
27,hand_l,0.8838635087013245,0.8838635087013245,0.8838635087013245,1
60,foot_l,0.8826638460159302,0.8826638460159302,0.8826638460159302,1
42,foot_r,0.8823062181472778,0.8823062181472778,0.8823062181472778,1
19,RUpArmTwist_r_02,0.8819499015808105,0.8819499015808105,0.8819499015808105,1
21,upperarm_r,0.8819364309310913,0.8819364309310913,0.8819364309310913,1
74,foot_l,0.8797534108161926,0.8797534108161926,0.8797534108161926,1
77,thigh_r,0.8790076971054077,0.8790076971054077,0.8790076971054077,1
60,spine_01,0.8784324526786804,0.8784324526786804,0.8784324526786804,1
17,upperarm_r,0.8784177303314209,0.8784177303314209,0.8784177303314209,1
56,ball_r,0.8770093321800232,0.8770093321800232,0.8770093321800232,1
15,upperarm_l,0.8761511445045471,0.8761511445045471,0.8761511445045471,1
2,foot_l,0.874556839466095,0.874556839466095,0.874556839466095,1
51,calf_r,0.8699350953102112,0.8699350953102112,0.8699350953102112,1
40,upperarm_l,0.8689309358596802,0.8689309358596802,0.8689309358596802,1
83,foot_r,0.8685404062271118,0.8685404062271118,0.8685404062271118,1
5,ball_l,0.8682093620300293,0.8682093620300293,0.8682093620300293,1
43,thigh_l,0.8655501008033752,0.8655501008033752,0.8655501008033752,1
59,thigh_r,0.8645433187484741,0.8645433187484741,0.8645433187484741,1
69,foot_l,0.8618221282958984,0.8618221282958984,0.8618221282958984,1
24,upperarm_r,0.8617981672286987,0.8617981672286987,0.8617981672286987,1
62,thigh_l,0.8613302707672119,0.8613302707672119,0.8613302707672119,1
51,hand_r,0.8595575094223022,0.8595575094223022,0.8595575094223022,1
59,RUpArmTwist_l_01,0.8592174053192139,0.8592174053192139,0.8592174053192139,1
71,hand_r,0.8585505485534668,0.8585505485534668,0.8585505485534668,1
3,spine_02,0.8577917218208313,0.8577917218208313,0.8577917218208313,1
69,calf_l,0.8564323782920837,0.8564323782920837,0.8564323782920837,1
54,spine_01,0.8562746644020081,0.8562746644020081,0.8562746644020081,1
19,calf_r,0.8556782603263855,0.8556782603263855,0.8556782603263855,1
8,foot_l,0.8554157614707947,0.8554157614707947,0.8554157614707947,1
34,spine_01,0.8539789915084839,0.8539789915084839,0.8539789915084839,1
70,upperarm_l,0.8534555435180664,0.8534555435180664,0.8534555435180664,1
39,thigh_l,0.8524770736694336,0.8524770736694336,0.8524770736694336,1
10,foot_r,0.8521800637245178,0.8521800637245178,0.8521800637245178,1
51,foot_l,0.8520298004150391,0.8520298004150391,0.8520298004150391,1
64,upperarm_r,0.8496957421302795,0.8496957421302795,0.8496957421302795,1
28,ball_l,0.849518358707428,0.849518358707428,0.849518358707428,1
30,lowerarm_l,0.8490558862686157,0.8490558862686157,0.8490558862686157,1
14,thigh_r,0.845703125,0.845703125,0.845703125,1
40,upperarm_r,0.8445497751235962,0.8445497751235962,0.8445497751235962,1
16,lowerarm_l,0.8425834774971008,0.8425834774971008,0.8425834774971008,1
5,hand_l,0.839410662651062,0.839410662651062,0.839410662651062,1
59,ball_l,0.8374893665313721,0.8374893665313721,0.8374893665313721,1
73,upperarm_r,0.8373429775238037,0.8373429775238037,0.8373429775238037,1
39,thigh_r,0.8368768692016602,0.8368768692016602,0.8368768692016602,1
45,ball_r,0.8366281986236572,0.8366281986236572,0.8366281986236572,1
50,upperarm_r,0.8336986303329468,0.8336986303329468,0.8336986303329468,1
69,hand_l,0.8330573439598083,0.8330573439598083,0.8330573439598083,1
27,foot_r,0.8323402404785156,0.8323402404785156,0.8323402404785156,1
63,foot_l,0.831486165523529,0.831486165523529,0.831486165523529,1
35,hand_r,0.8305155634880066,0.8305155634880066,0.8305155634880066,1
36,upperarm_r,0.8294668793678284,0.8294668793678284,0.8294668793678284,1
25,RUpArmTwist_r_01,0.8294557332992554,0.8294557332992554,0.8294557332992554,1
11,hand_l,0.8288262486457825,0.8288262486457825,0.8288262486457825,1
83,thigh_l,0.8272234201431274,0.8272234201431274,0.8272234201431274,1
40,calf_r,0.8261853456497192,0.8261853456497192,0.8261853456497192,1
32,hand_r,0.8242030739784241,0.8242030739784241,0.8242030739784241,1
65,RUpArmTwist_l_01,0.82331383228302,0.82331383228302,0.82331383228302,1
10,foot_l,0.8230486512184143,0.8230486512184143,0.8230486512184143,1
78,thigh_l,0.822673499584198,0.822673499584198,0.822673499584198,1
11,RUpArmTwist_r_01,0.8216428160667419,0.8216428160667419,0.8216428160667419,1
78,foot_l,0.8214104771614075,0.8214104771614075,0.8214104771614075,1
20,foot_r,0.82130366563797,0.82130366563797,0.82130366563797,1
12,hand_r,0.8197401762008667,0.8197401762008667,0.8197401762008667,1
48,thigh_r,0.8170343041419983,0.8170343041419983,0.8170343041419983,1
18,RUpArmTwist_r_02,0.8167688250541687,0.8167688250541687,0.8167688250541687,1
20,foot_l,0.8150600790977478,0.8150600790977478,0.8150600790977478,1
16,foot_r,0.8107190728187561,0.8107190728187561,0.8107190728187561,1
21,hand_r,0.8105306625366211,0.8105306625366211,0.8105306625366211,1
41,spine_01,0.8105034232139587,0.8105034232139587,0.8105034232139587,1
57,ball_r,0.8086588978767395,0.8086588978767395,0.8086588978767395,1
1,hand_l,0.8063933253288269,0.8063933253288269,0.8063933253288269,1
44,spine_02,0.8037306666374207,0.8037306666374207,0.8037306666374207,1
33,spine_02,0.801354169845581,0.801354169845581,0.801354169845581,1
46,ball_l,0.8007950186729431,0.8007950186729431,0.8007950186729431,1
9,hand_r,0.8001965880393982,0.8001965880393982,0.8001965880393982,1
1,thigh_r,0.799720287322998,0.799720287322998,0.799720287322998,1
75,lowerarm_r,0.7993563413619995,0.7993563413619995,0.7993563413619995,1
74,upperarm_r,0.7986066341400146,0.7986066341400146,0.7986066341400146,1
36,thigh_l,0.797249436378479,0.797249436378479,0.797249436378479,1
85,hand_r,0.794590175151825,0.794590175151825,0.794590175151825,1
71,hand_l,0.7926663160324097,0.7926663160324097,0.7926663160324097,1
50,thigh_l,0.7915813326835632,0.7915813326835632,0.7915813326835632,1
30,ball_l,0.7904918193817139,0.7904918193817139,0.7904918193817139,1
76,clavicle_l,0.7903010845184326,0.7903010845184326,0.7903010845184326,1
74,spine_02,0.788490891456604,0.788490891456604,0.788490891456604,1
22,lowerarm_r,0.7867082357406616,0.7867082357406616,0.7867082357406616,1
64,upperarm_l,0.7863265872001648,0.7863265872001648,0.7863265872001648,1
38,upperarm_r,0.7861701250076294,0.7861701250076294,0.7861701250076294,1
84,thigh_l,0.7860189080238342,0.7860189080238342,0.7860189080238342,1
85,lowerarm_r,0.7852959632873535,0.7852959632873535,0.7852959632873535,1
62,lowerarm_l,0.7835992574691772,0.7835992574691772,0.7835992574691772,1
24,foot_r,0.7810770273208618,0.7810770273208618,0.7810770273208618,1
40,lowerarm_l,0.7781768441200256,0.7781768441200256,0.7781768441200256,1
79,calf_l,0.7781745195388794,0.7781745195388794,0.7781745195388794,1
36,foot_r,0.7777231335639954,0.7777231335639954,0.7777231335639954,1
65,upperarm_r,0.7765632271766663,0.7765632271766663,0.7765632271766663,1
47,hand_r,0.7760979533195496,0.7760979533195496,0.7760979533195496,1
49,upperarm_l,0.7746582627296448,0.7746582627296448,0.7746582627296448,1
30,calf_r,0.7738707661628723,0.7738707661628723,0.7738707661628723,1
0,ball_l,0.7721527814865112,0.7721527814865112,0.7721527814865112,1
44,lowerarm_l,0.7719879150390625,0.7719879150390625,0.7719879150390625,1
80,ball_l,0.7714617848396301,0.7714617848396301,0.7714617848396301,1
35,thigh_l,0.7709662318229675,0.7709662318229675,0.7709662318229675,1
46,ball_r,0.7706360816955566,0.7706360816955566,0.7706360816955566,1
41,calf_r,0.7695638537406921,0.7695638537406921,0.7695638537406921,1
17,upperarm_l,0.7691872119903564,0.7691872119903564,0.7691872119903564,1
0,spine_01,0.767050564289093,0.767050564289093,0.767050564289093,1
56,hand_r,0.7663882970809937,0.7663882970809937,0.7663882970809937,1
68,foot_l,0.7652767896652222,0.7652767896652222,0.7652767896652222,1
3,thigh_l,0.7650764584541321,0.7650764584541321,0.7650764584541321,1
67,foot_l,0.7647788524627686,0.7647788524627686,0.7647788524627686,1
46,RUpArmTwist_r_01,0.7621164917945862,0.7621164917945862,0.7621164917945862,1
68,hand_r,0.7605022192001343,0.7605022192001343,0.7605022192001343,1
72,thigh_r,0.7603337168693542,0.7603337168693542,0.7603337168693542,1
40,ball_r,0.7596036195755005,0.7596036195755005,0.7596036195755005,1
3,foot_l,0.759216845035553,0.759216845035553,0.759216845035553,1
73,hand_r,0.7557097673416138,0.7557097673416138,0.7557097673416138,1
64,thigh_l,0.755250871181488,0.755250871181488,0.755250871181488,1
36,hand_r,0.7531870007514954,0.7531870007514954,0.7531870007514954,1
48,ball_l,0.7516294121742249,0.7516294121742249,0.7516294121742249,1
28,RUpArmTwist_r_01,0.750639021396637,0.750639021396637,0.750639021396637,1
58,hand_l,0.7500423192977905,0.7500423192977905,0.7500423192977905,1
82,foot_r,0.7495456337928772,0.7495456337928772,0.7495456337928772,1
58,RUpArmTwist_r_01,0.7493643164634705,0.7493643164634705,0.7493643164634705,1
71,upperarm_r,0.7492855787277222,0.7492855787277222,0.7492855787277222,1
13,clavicle_r,0.7452250123023987,0.7452250123023987,0.7452250123023987,1
48,thigh_l,0.7451008558273315,0.7451008558273315,0.7451008558273315,1
8,upperarm_l,0.743889570236206,0.743889570236206,0.743889570236206,1
76,RUpArmTwist_l_01,0.7438287138938904,0.7438287138938904,0.7438287138938904,1
1,spine_02,0.7414256930351257,0.7414256930351257,0.7414256930351257,1
80,ball_r,0.7402149438858032,0.7402149438858032,0.7402149438858032,1
30,RUpArmTwist_r_01,0.7400352954864502,0.7400352954864502,0.7400352954864502,1
14,hand_r,0.7399360537528992,0.7399360537528992,0.7399360537528992,1
77,hand_r,0.7395046353340149,0.7395046353340149,0.7395046353340149,1
34,thigh_l,0.7389805912971497,0.7389805912971497,0.7389805912971497,1
69,lowerarm_r,0.7389633059501648,0.7389633059501648,0.7389633059501648,1
79,RUpArmTwist_r_01,0.7375863194465637,0.7375863194465637,0.7375863194465637,1
76,upperarm_r,0.7346022725105286,0.7346022725105286,0.7346022725105286,1
42,upperarm_l,0.7305908799171448,0.7305908799171448,0.7305908799171448,1
44,hand_r,0.7305024266242981,0.7305024266242981,0.7305024266242981,1
45,hand_l,0.7291351556777954,0.7291351556777954,0.7291351556777954,1
57,upperarm_r,0.7287808060646057,0.7287808060646057,0.7287808060646057,1
24,lowerarm_r,0.7285606861114502,0.7285606861114502,0.7285606861114502,1
38,upperarm_l,0.7273968458175659,0.7273968458175659,0.7273968458175659,1
82,lowerarm_r,0.7265302538871765,0.7265302538871765,0.7265302538871765,1
83,thigh_r,0.7265021800994873,0.7265021800994873,0.7265021800994873,1
53,RUpArmTwist_l_01,0.7227939367294312,0.7227939367294312,0.7227939367294312,1
10,RUpArmTwist_r_01,0.7214920520782471,0.7214920520782471,0.7214920520782471,1
9,spine_01,0.7208993434906006,0.7208993434906006,0.7208993434906006,1
31,thigh_r,0.7192381620407104,0.7192381620407104,0.7192381620407104,1
26,spine_01,0.7190091013908386,0.7190091013908386,0.7190091013908386,1
42,upperarm_r,0.7181205749511719,0.7181205749511719,0.7181205749511719,1
49,foot_r,0.7181147336959839,0.7181147336959839,0.7181147336959839,1
80,upperarm_r,0.7156286239624023,0.7156286239624023,0.7156286239624023,1
74,hand_r,0.7155444622039795,0.7155444622039795,0.7155444622039795,1
73,head,0.7142402529716492,0.7142402529716492,0.7142402529716492,1
20,RUpArmTwist_r_02,0.7131825685501099,0.7131825685501099,0.7131825685501099,1
14,ball_l,0.712475597858429,0.712475597858429,0.712475597858429,1
11,upperarm_r,0.7113043069839478,0.7113043069839478,0.7113043069839478,1
14,LCalfTwist_02,0.7106915712356567,0.7106915712356567,0.7106915712356567,1
55,spine_02,0.7103482484817505,0.7103482484817505,0.7103482484817505,1
49,thigh_r,0.709888219833374,0.709888219833374,0.709888219833374,1
2,RUpArmTwist_r_01,0.7082358598709106,0.7082358598709106,0.7082358598709106,1
24,spine_01,0.7074158191680908,0.7074158191680908,0.7074158191680908,1
57,spine_01,0.7068321704864502,0.7068321704864502,0.7068321704864502,1
25,lowerarm_l,0.7058204412460327,0.7058204412460327,0.7058204412460327,1
20,calf_r,0.7037867307662964,0.7037867307662964,0.7037867307662964,1
31,foot_r,0.7037529945373535,0.7037529945373535,0.7037529945373535,1
25,foot_r,0.7032603025436401,0.7032603025436401,0.7032603025436401,1
14,upperarm_l,0.7026911377906799,0.7026911377906799,0.7026911377906799,1
62,RUpArmTwist_r_01,0.7018389701843262,0.7018389701843262,0.7018389701843262,1
32,spine_02,0.7013148069381714,0.7013148069381714,0.7013148069381714,1
12,foot_r,0.7009984850883484,0.7009984850883484,0.7009984850883484,1
29,upperarm_r,0.7000418901443481,0.7000418901443481,0.7000418901443481,1
34,head,0.6998727917671204,0.6998727917671204,0.6998727917671204,1
33,spine_01,0.6989206075668335,0.6989206075668335,0.6989206075668335,1
10,spine_01,0.6981436014175415,0.6981436014175415,0.6981436014175415,1
68,upperarm_l,0.6967148780822754,0.6967148780822754,0.6967148780822754,1
17,hand_r,0.6966938972473145,0.6966938972473145,0.6966938972473145,1
66,thigh_r,0.6954085826873779,0.6954085826873779,0.6954085826873779,1
51,RUpArmTwist_r_01,0.6927695870399475,0.6927695870399475,0.6927695870399475,1
84,LCalfTwist_03,0.691947340965271,0.691947340965271,0.691947340965271,1
47,ball_r,0.6917774677276611,0.6917774677276611,0.6917774677276611,1
65,foot_l,0.6895502209663391,0.6895502209663391,0.6895502209663391,1
39,hand_r,0.6871908903121948,0.6871908903121948,0.6871908903121948,1
39,hand_l,0.6868951916694641,0.6868951916694641,0.6868951916694641,1
13,LCalfTwist_02,0.6852725744247437,0.6852725744247437,0.6852725744247437,1
80,spine_02,0.6846181750297546,0.6846181750297546,0.6846181750297546,1
85,RUpArmTwist_r_01,0.6836473345756531,0.6836473345756531,0.6836473345756531,1
74,spine_01,0.6832607984542847,0.6832607984542847,0.6832607984542847,1
22,lowerarm_l,0.6830564141273499,0.6830564141273499,0.6830564141273499,1
4,lowerarm_r,0.683010458946228,0.683010458946228,0.683010458946228,1
49,foot_l,0.6829158067703247,0.6829158067703247,0.6829158067703247,1
57,calf_r,0.6827797889709473,0.6827797889709473,0.6827797889709473,1
18,RUpArmTwist_r_01,0.6815833449363708,0.6815833449363708,0.6815833449363708,1
74,hand_l,0.6804146766662598,0.6804146766662598,0.6804146766662598,1
83,ball_r,0.6803300976753235,0.6803300976753235,0.6803300976753235,1
15,ball_r,0.6782029867172241,0.6782029867172241,0.6782029867172241,1
45,spine_01,0.6781580448150635,0.6781580448150635,0.6781580448150635,1
73,neck_01,0.6771247982978821,0.6771247982978821,0.6771247982978821,1
65,hand_r,0.6770979166030884,0.6770979166030884,0.6770979166030884,1
49,hand_r,0.6762538552284241,0.6762538552284241,0.6762538552284241,1
43,thigh_r,0.6760918498039246,0.6760918498039246,0.6760918498039246,1
38,ball_l,0.6737198829650879,0.6737198829650879,0.6737198829650879,1
20,thigh_l,0.6716140508651733,0.6716140508651733,0.6716140508651733,1
63,RUpArmTwist_r_01,0.6714540123939514,0.6714540123939514,0.6714540123939514,1
4,neck_01,0.6691994071006775,0.6691994071006775,0.6691994071006775,1
26,lowerarm_r,0.6687260866165161,0.6687260866165161,0.6687260866165161,1
37,RUpArmTwist_l_01,0.6687259078025818,0.6687259078025818,0.6687259078025818,1
37,spine_02,0.6681546568870544,0.6681546568870544,0.6681546568870544,1
39,upperarm_l,0.6681544184684753,0.6681544184684753,0.6681544184684753,1
23,lowerarm_l,0.6673540472984314,0.6673540472984314,0.6673540472984314,1
22,thigh_r,0.6670486330986023,0.6670486330986023,0.6670486330986023,1
70,foot_r,0.6666668653488159,0.6666668653488159,0.6666668653488159,1
48,upperarm_r,0.6665917634963989,0.6665917634963989,0.6665917634963989,1
57,RUpArmTwist_r_01,0.6662632822990417,0.6662632822990417,0.6662632822990417,1
26,clavicle_l,0.6661625504493713,0.6661625504493713,0.6661625504493713,1
5,upperarm_l,0.665265679359436,0.665265679359436,0.665265679359436,1
3,lowerarm_r,0.6647886037826538,0.6647886037826538,0.6647886037826538,1
8,ball_l,0.6638085842132568,0.6638085842132568,0.6638085842132568,1
28,spine_02,0.6633809804916382,0.6633809804916382,0.6633809804916382,1
35,thigh_r,0.6625522375106812,0.6625522375106812,0.6625522375106812,1
28,lowerarm_r,0.6623688340187073,0.6623688340187073,0.6623688340187073,1
81,hand_r,0.6619560122489929,0.6619560122489929,0.6619560122489929,1
85,spine_01,0.6610672473907471,0.6610672473907471,0.6610672473907471,1
58,spine_01,0.660465657711029,0.660465657711029,0.660465657711029,1
68,lowerarm_r,0.6595933437347412,0.6595933437347412,0.6595933437347412,1
81,RUpArmTwist_r_01,0.6594159007072449,0.6594159007072449,0.6594159007072449,1
35,upperarm_l,0.6585839986801147,0.6585839986801147,0.6585839986801147,1
83,RUpArmTwist_r_01,0.6584399938583374,0.6584399938583374,0.6584399938583374,1
1,ball_r,0.658187210559845,0.658187210559845,0.658187210559845,1
75,head,0.6581541299819946,0.6581541299819946,0.6581541299819946,1
42,lowerarm_l,0.6536112427711487,0.6536112427711487,0.6536112427711487,1
31,RUpArmTwist_r_01,0.6510412096977234,0.6510412096977234,0.6510412096977234,1
63,spine_02,0.650769054889679,0.650769054889679,0.650769054889679,1
37,upperarm_l,0.6507576107978821,0.6507576107978821,0.6507576107978821,1
32,RUpArmTwist_r_01,0.6506351232528687,0.6506351232528687,0.6506351232528687,1
14,RUpArmTwist_r_01,0.6500848531723022,0.6500848531723022,0.6500848531723022,1
41,foot_r,0.6490196585655212,0.6490196585655212,0.6490196585655212,1
37,hand_l,0.6480972766876221,0.6480972766876221,0.6480972766876221,1
58,hand_r,0.6468903422355652,0.6468903422355652,0.6468903422355652,1
59,RUpArmTwist_r_01,0.645606517791748,0.645606517791748,0.645606517791748,1
67,spine_01,0.6437852382659912,0.6437852382659912,0.6437852382659912,1
29,RUpArmTwist_r_01,0.6423526406288147,0.6423526406288147,0.6423526406288147,1
23,ball_r,0.6411291360855103,0.6411291360855103,0.6411291360855103,1
54,calf_r,0.6391319632530212,0.6391319632530212,0.6391319632530212,1
37,LCalfTwist_01,0.6384578347206116,0.6384578347206116,0.6384578347206116,1
24,upperarm_l,0.6382312178611755,0.6382312178611755,0.6382312178611755,1
22,hand_r,0.6377065181732178,0.6377065181732178,0.6377065181732178,1
40,foot_r,0.6373356580734253,0.6373356580734253,0.6373356580734253,1
57,foot_l,0.6365022659301758,0.6365022659301758,0.6365022659301758,1
27,spine_02,0.6349372863769531,0.6349372863769531,0.6349372863769531,1
78,ball_l,0.6346480846405029,0.6346480846405029,0.6346480846405029,1
36,ball_r,0.6334554553031921,0.6334554553031921,0.6334554553031921,1
77,spine_02,0.6329906582832336,0.6329906582832336,0.6329906582832336,1
4,spine_01,0.6318264603614807,0.6318264603614807,0.6318264603614807,1
0,RUpArmTwist_l_01,0.6315923929214478,0.6315923929214478,0.6315923929214478,1
51,spine_02,0.6314765810966492,0.6314765810966492,0.6314765810966492,1
43,foot_l,0.6309911608695984,0.6309911608695984,0.6309911608695984,1
28,spine_01,0.6303451657295227,0.6303451657295227,0.6303451657295227,1
46,hand_r,0.6291435956954956,0.6291435956954956,0.6291435956954956,1
46,thigh_l,0.628866970539093,0.628866970539093,0.628866970539093,1
62,thigh_r,0.6275526285171509,0.6275526285171509,0.6275526285171509,1
47,upperarm_l,0.6269960999488831,0.6269960999488831,0.6269960999488831,1
2,upperarm_r,0.6255709528923035,0.6255709528923035,0.6255709528923035,1
81,foot_l,0.6253960728645325,0.6253960728645325,0.6253960728645325,1
75,neck_01,0.6253900527954102,0.6253900527954102,0.6253900527954102,1
16,hand_r,0.6251791715621948,0.6251791715621948,0.6251791715621948,1
60,lowerarm_r,0.6232566833496094,0.6232566833496094,0.6232566833496094,1
48,upperarm_l,0.6231335401535034,0.6231335401535034,0.6231335401535034,1
47,calf_r,0.6229495406150818,0.6229495406150818,0.6229495406150818,1
49,upperarm_r,0.6227482557296753,0.6227482557296753,0.6227482557296753,1
33,ball_l,0.621762216091156,0.621762216091156,0.621762216091156,1
43,spine_02,0.6210629940032959,0.6210629940032959,0.6210629940032959,1
25,lowerarm_r,0.6208170652389526,0.6208170652389526,0.6208170652389526,1
72,thigh_l,0.6189926862716675,0.6189926862716675,0.6189926862716675,1
32,spine_01,0.6173405647277832,0.6173405647277832,0.6173405647277832,1
70,foot_l,0.6169958114624023,0.6169958114624023,0.6169958114624023,1
32,calf_r,0.6150584816932678,0.6150584816932678,0.6150584816932678,1
82,RUpArmTwist_r_01,0.613690197467804,0.613690197467804,0.613690197467804,1
76,RUpArmTwist_l_02,0.6129360795021057,0.6129360795021057,0.6129360795021057,1
10,ball_l,0.6128912568092346,0.6128912568092346,0.6128912568092346,1
0,LCalfTwist_01,0.6122176647186279,0.6122176647186279,0.6122176647186279,1
37,LCalfTwist_02,0.6111462116241455,0.6111462116241455,0.6111462116241455,1
42,calf_r,0.6105901598930359,0.6105901598930359,0.6105901598930359,1
70,upperarm_r,0.6104862093925476,0.6104862093925476,0.6104862093925476,1
85,clavicle_l,0.6104767918586731,0.6104767918586731,0.6104767918586731,1
75,foot_l,0.609937310218811,0.609937310218811,0.609937310218811,1
30,spine_02,0.6096118092536926,0.6096118092536926,0.6096118092536926,1
52,RUpArmTwist_l_01,0.6093631386756897,0.6093631386756897,0.6093631386756897,1
37,spine_01,0.6091278791427612,0.6091278791427612,0.6091278791427612,1
2,thigh_l,0.6086293458938599,0.6086293458938599,0.6086293458938599,1
21,foot_r,0.6084235906600952,0.6084235906600952,0.6084235906600952,1
0,RUpArmTwist_r_01,0.6074743270874023,0.6074743270874023,0.6074743270874023,1
6,lowerarm_r,0.6073938608169556,0.6073938608169556,0.6073938608169556,1
84,hand_l,0.6069639921188354,0.6069639921188354,0.6069639921188354,1
39,RUpArmTwist_r_02,0.6066619753837585,0.6066619753837585,0.6066619753837585,1
84,hand_r,0.6066403388977051,0.6066403388977051,0.6066403388977051,1
61,lowerarm_r,0.6062061190605164,0.6062061190605164,0.6062061190605164,1
50,spine_01,0.6059202551841736,0.6059202551841736,0.6059202551841736,1
11,thigh_r,0.6058422923088074,0.6058422923088074,0.6058422923088074,1
59,hand_r,0.6043808460235596,0.6043808460235596,0.6043808460235596,1
43,ball_l,0.6038750410079956,0.6038750410079956,0.6038750410079956,1
71,RUpArmTwist_l_02,0.6017090082168579,0.6017090082168579,0.6017090082168579,1
64,RUpArmTwist_r_01,0.5999795794487,0.5999795794487,0.5999795794487,1
15,hand_l,0.5998260974884033,0.5998260974884033,0.5998260974884033,1
5,neck_01,0.597101092338562,0.597101092338562,0.597101092338562,1
62,hand_r,0.596642255783081,0.596642255783081,0.596642255783081,1
71,spine_02,0.5957427024841309,0.5957427024841309,0.5957427024841309,1
34,hand_r,0.595114529132843,0.595114529132843,0.595114529132843,1
15,ball_l,0.5947121977806091,0.5947121977806091,0.5947121977806091,1
2,spine_02,0.5944642424583435,0.5944642424583435,0.5944642424583435,1
31,hand_r,0.5944589972496033,0.5944589972496033,0.5944589972496033,1
5,head,0.5940006971359253,0.5940006971359253,0.5940006971359253,1
55,RUpArmTwist_r_01,0.5938820838928223,0.5938820838928223,0.5938820838928223,1
8,lowerarm_l,0.5934813618659973,0.5934813618659973,0.5934813618659973,1
49,neck_01,0.5934489369392395,0.5934489369392395,0.5934489369392395,1
15,hand_r,0.5932981371879578,0.5932981371879578,0.5932981371879578,1
5,RUpArmTwist_l_02,0.5930679440498352,0.5930679440498352,0.5930679440498352,1
19,ball_r,0.5922567844390869,0.5922567844390869,0.5922567844390869,1
27,lowerarm_l,0.5922030806541443,0.5922030806541443,0.5922030806541443,1
24,RUpArmTwist_r_01,0.5921443104743958,0.5921443104743958,0.5921443104743958,1
42,foot_l,0.591966450214386,0.591966450214386,0.591966450214386,1
27,neck_01,0.5913016200065613,0.5913016200065613,0.5913016200065613,1
49,lowerarm_l,0.5908653140068054,0.5908653140068054,0.5908653140068054,1
57,lowerarm_r,0.5908102989196777,0.5908102989196777,0.5908102989196777,1
73,lowerarm_r,0.5906654000282288,0.5906654000282288,0.5906654000282288,1
83,upperarm_l,0.5903335809707642,0.5903335809707642,0.5903335809707642,1
48,neck_01,0.5893416404724121,0.5893416404724121,0.5893416404724121,1
42,hand_r,0.5889179706573486,0.5889179706573486,0.5889179706573486,1
53,LCalfTwist_03,0.5886481404304504,0.5886481404304504,0.5886481404304504,1
3,thigh_r,0.588360607624054,0.588360607624054,0.588360607624054,1
15,spine_01,0.5882099270820618,0.5882099270820618,0.5882099270820618,1
9,lowerarm_l,0.5878857374191284,0.5878857374191284,0.5878857374191284,1
2,clavicle_l,0.5877053737640381,0.5877053737640381,0.5877053737640381,1
73,foot_l,0.5874099731445312,0.5874099731445312,0.5874099731445312,1
26,upperarm_l,0.587146520614624,0.587146520614624,0.587146520614624,1
2,RUpArmTwist_l_01,0.5866438746452332,0.5866438746452332,0.5866438746452332,1
1,hand_r,0.5865159034729004,0.5865159034729004,0.5865159034729004,1
54,clavicle_l,0.5864823460578918,0.5864823460578918,0.5864823460578918,1
68,spine_01,0.5863672494888306,0.5863672494888306,0.5863672494888306,1
74,foot_r,0.5860403776168823,0.5860403776168823,0.5860403776168823,1
36,upperarm_l,0.5846391916275024,0.5846391916275024,0.5846391916275024,1
39,spine_01,0.5839333534240723,0.5839333534240723,0.5839333534240723,1
7,hand_l,0.5839039087295532,0.5839039087295532,0.5839039087295532,1
12,hand_l,0.5838391184806824,0.5838391184806824,0.5838391184806824,1
44,RUpArmTwist_r_01,0.5837029814720154,0.5837029814720154,0.5837029814720154,1
4,LCalfTwist_03,0.5835641026496887,0.5835641026496887,0.5835641026496887,1
67,clavicle_l,0.5827035903930664,0.5827035903930664,0.5827035903930664,1
25,spine_02,0.5822617411613464,0.5822617411613464,0.5822617411613464,1
38,hand_l,0.5820255279541016,0.5820255279541016,0.5820255279541016,1
12,thigh_l,0.5817223191261292,0.5817223191261292,0.5817223191261292,1
50,clavicle_l,0.5809230804443359,0.5809230804443359,0.5809230804443359,1
13,spine_01,0.5804213881492615,0.5804213881492615,0.5804213881492615,1
22,hand_l,0.5792070031166077,0.5792070031166077,0.5792070031166077,1
5,RUpArmTwist_l_01,0.5775786638259888,0.5775786638259888,0.5775786638259888,1
51,calf_l,0.5768807530403137,0.5768807530403137,0.5768807530403137,1
32,head,0.5766492486000061,0.5766492486000061,0.5766492486000061,1
26,neck_01,0.5762032270431519,0.5762032270431519,0.5762032270431519,1
66,hand_r,0.5761042833328247,0.5761042833328247,0.5761042833328247,1
82,LCalfTwist_03,0.5760146975517273,0.5760146975517273,0.5760146975517273,1
70,hand_r,0.5757235884666443,0.5757235884666443,0.5757235884666443,1
84,calf_r,0.575652539730072,0.575652539730072,0.575652539730072,1
65,RUpArmTwist_l_02,0.5741162896156311,0.5741162896156311,0.5741162896156311,1
2,foot_r,0.5728419423103333,0.5728419423103333,0.5728419423103333,1
10,thigh_r,0.5724103450775146,0.5724103450775146,0.5724103450775146,1
76,clavicle_r,0.5721397995948792,0.5721397995948792,0.5721397995948792,1
47,foot_l,0.5715987682342529,0.5715987682342529,0.5715987682342529,1
34,spine_02,0.5714395046234131,0.5714395046234131,0.5714395046234131,1
72,hand_r,0.5713873505592346,0.5713873505592346,0.5713873505592346,1
7,thigh_r,0.5706993937492371,0.5706993937492371,0.5706993937492371,1
24,hand_l,0.5706921815872192,0.5706921815872192,0.5706921815872192,1
46,upperarm_r,0.5706281661987305,0.5706281661987305,0.5706281661987305,1
51,clavicle_l,0.5701864361763,0.5701864361763,0.5701864361763,1
14,lowerarm_r,0.5681926012039185,0.5681926012039185,0.5681926012039185,1
25,spine_01,0.5681837797164917,0.5681837797164917,0.5681837797164917,1
36,hand_l,0.5680163502693176,0.5680163502693176,0.5680163502693176,1
36,LCalfTwist_01,0.5679469108581543,0.5679469108581543,0.5679469108581543,1
73,spine_02,0.5675424337387085,0.5675424337387085,0.5675424337387085,1
47,RUpArmTwist_r_01,0.5672175288200378,0.5672175288200378,0.5672175288200378,1
14,LCalfTwist_01,0.5670263767242432,0.5670263767242432,0.5670263767242432,1
84,neck_01,0.5663025975227356,0.5663025975227356,0.5663025975227356,1
12,thigh_r,0.5662704706192017,0.5662704706192017,0.5662704706192017,1
59,lowerarm_l,0.564974308013916,0.564974308013916,0.564974308013916,1
43,hand_r,0.5642887949943542,0.5642887949943542,0.5642887949943542,1
47,thigh_l,0.5626308917999268,0.5626308917999268,0.5626308917999268,1
34,RUpArmTwist_l_01,0.5619457960128784,0.5619457960128784,0.5619457960128784,1
64,foot_l,0.5609848499298096,0.5609848499298096,0.5609848499298096,1
60,hand_r,0.5609590411186218,0.5609590411186218,0.5609590411186218,1
1,upperarm_r,0.5594247579574585,0.5594247579574585,0.5594247579574585,1
81,thigh_r,0.5587528944015503,0.5587528944015503,0.5587528944015503,1
59,spine_01,0.5587456822395325,0.5587456822395325,0.5587456822395325,1
64,head,0.5584515333175659,0.5584515333175659,0.5584515333175659,1
64,hand_l,0.5582246780395508,0.5582246780395508,0.5582246780395508,1
13,LCalfTwist_01,0.5577691793441772,0.5577691793441772,0.5577691793441772,1
22,foot_r,0.5573800206184387,0.5573800206184387,0.5573800206184387,1
81,foot_r,0.5568158626556396,0.5568158626556396,0.5568158626556396,1
49,hand_l,0.5557817816734314,0.5557817816734314,0.5557817816734314,1
47,neck_01,0.5554998517036438,0.5554998517036438,0.5554998517036438,1
40,spine_02,0.5539191961288452,0.5539191961288452,0.5539191961288452,1
5,spine_01,0.5536129474639893,0.5536129474639893,0.5536129474639893,1
25,clavicle_l,0.5534362196922302,0.5534362196922302,0.5534362196922302,1
16,hand_l,0.5531720519065857,0.5531720519065857,0.5531720519065857,1
78,hand_r,0.5531154274940491,0.5531154274940491,0.5531154274940491,1
78,spine_01,0.5523397326469421,0.5523397326469421,0.5523397326469421,1
35,ball_r,0.5516886115074158,0.5516886115074158,0.5516886115074158,1
17,ball_l,0.549791693687439,0.549791693687439,0.549791693687439,1
34,LCalfTwist_01,0.5475237369537354,0.5475237369537354,0.5475237369537354,1
28,neck_01,0.5460197925567627,0.5460197925567627,0.5460197925567627,1
18,calf_r,0.5446027517318726,0.5446027517318726,0.5446027517318726,1
15,lowerarm_l,0.5444508194923401,0.5444508194923401,0.5444508194923401,1
9,upperarm_l,0.544041097164154,0.544041097164154,0.544041097164154,1
37,RUpArmTwist_r_02,0.5438634157180786,0.5438634157180786,0.5438634157180786,1
68,hand_l,0.5425770282745361,0.5425770282745361,0.5425770282745361,1
80,clavicle_r,0.5418760776519775,0.5418760776519775,0.5418760776519775,1
61,ball_r,0.541759192943573,0.541759192943573,0.541759192943573,1
16,ball_l,0.5415847301483154,0.5415847301483154,0.5415847301483154,1
66,foot_l,0.5410152673721313,0.5410152673721313,0.5410152673721313,1
35,foot_r,0.5402542948722839,0.5402542948722839,0.5402542948722839,1
30,calf_l,0.5401153564453125,0.5401153564453125,0.5401153564453125,1
18,LCalfTwist_01,0.5395392179489136,0.5395392179489136,0.5395392179489136,1
9,ball_l,0.5395005941390991,0.5395005941390991,0.5395005941390991,1
72,neck_01,0.5394595265388489,0.5394595265388489,0.5394595265388489,1
84,spine_02,0.5394212603569031,0.5394212603569031,0.5394212603569031,1
68,lowerarm_l,0.5384277701377869,0.5384277701377869,0.5384277701377869,1
45,RUpArmTwist_r_01,0.5382619500160217,0.5382619500160217,0.5382619500160217,1
81,thigh_l,0.5381532311439514,0.5381532311439514,0.5381532311439514,1
1,upperarm_l,0.5377159118652344,0.5377159118652344,0.5377159118652344,1
15,LCalfTwist_03,0.5373787879943848,0.5373787879943848,0.5373787879943848,1
69,RUpArmTwist_l_02,0.5372971296310425,0.5372971296310425,0.5372971296310425,1
23,spine_01,0.5368693470954895,0.5368693470954895,0.5368693470954895,1
71,foot_r,0.5367969274520874,0.5367969274520874,0.5367969274520874,1
63,RUpArmTwist_l_02,0.5367652177810669,0.5367652177810669,0.5367652177810669,1
21,lowerarm_r,0.5365879535675049,0.5365879535675049,0.5365879535675049,1
9,thigh_r,0.536324143409729,0.536324143409729,0.536324143409729,1
71,RUpArmTwist_l_01,0.5362135767936707,0.5362135767936707,0.5362135767936707,1
31,spine_02,0.5355767011642456,0.5355767011642456,0.5355767011642456,1
21,ball_l,0.5351160168647766,0.5351160168647766,0.5351160168647766,1
4,upperarm_l,0.534926176071167,0.534926176071167,0.534926176071167,1
17,lowerarm_l,0.5343052744865417,0.5343052744865417,0.5343052744865417,1
12,lowerarm_l,0.534254789352417,0.534254789352417,0.534254789352417,1
29,spine_02,0.5338276028633118,0.5338276028633118,0.5338276028633118,1
67,upperarm_r,0.5332257747650146,0.5332257747650146,0.5332257747650146,1
45,ball_l,0.5330807566642761,0.5330807566642761,0.5330807566642761,1
58,thigh_r,0.5323895215988159,0.5323895215988159,0.5323895215988159,1
12,RUpArmTwist_r_01,0.5321738719940186,0.5321738719940186,0.5321738719940186,1
0,clavicle_r,0.5318063497543335,0.5318063497543335,0.5318063497543335,1
56,neck_01,0.5316412448883057,0.5316412448883057,0.5316412448883057,1
66,lowerarm_l,0.5313771963119507,0.5313771963119507,0.5313771963119507,1
51,ball_r,0.530864953994751,0.530864953994751,0.530864953994751,1
70,clavicle_l,0.5297830700874329,0.5297830700874329,0.5297830700874329,1
24,RUpArmTwist_l_02,0.5296945571899414,0.5296945571899414,0.5296945571899414,1
48,pinky_01_r,0.528516948223114,0.528516948223114,0.528516948223114,1
42,RUpArmTwist_r_01,0.52679842710495,0.52679842710495,0.52679842710495,1
78,ball_r,0.5264869928359985,0.5264869928359985,0.5264869928359985,1
3,upperarm_r,0.5256668329238892,0.5256668329238892,0.5256668329238892,1
35,spine_01,0.5256404280662537,0.5256404280662537,0.5256404280662537,1
57,neck_01,0.5252034664154053,0.5252034664154053,0.5252034664154053,1
62,upperarm_r,0.524249255657196,0.524249255657196,0.524249255657196,1
6,hand_r,0.52208012342453,0.52208012342453,0.52208012342453,1
74,neck_01,0.5211971998214722,0.5211971998214722,0.5211971998214722,1
14,spine_01,0.5204485058784485,0.5204485058784485,0.5204485058784485,1
36,spine_02,0.5203941464424133,0.5203941464424133,0.5203941464424133,1
3,calf_l,0.5187469720840454,0.5187469720840454,0.5187469720840454,1
35,lowerarm_l,0.517370879650116,0.517370879650116,0.517370879650116,1
11,neck_01,0.5168153047561646,0.5168153047561646,0.5168153047561646,1
33,RUpArmTwist_r_01,0.5158672332763672,0.5158672332763672,0.5158672332763672,1
8,LCalfTwist_01,0.5151185989379883,0.5151185989379883,0.5151185989379883,1
10,LCalfTwist_01,0.5148758292198181,0.5148758292198181,0.5148758292198181,1
79,RUpArmTwist_l_01,0.5139232873916626,0.5139232873916626,0.5139232873916626,1
43,hand_l,0.5132497549057007,0.5132497549057007,0.5132497549057007,1
85,ball_r,0.5124671459197998,0.5124671459197998,0.5124671459197998,1
61,ball_l,0.5119212865829468,0.5119212865829468,0.5119212865829468,1
62,spine_02,0.5111379623413086,0.5111379623413086,0.5111379623413086,1
38,foot_r,0.5104942321777344,0.5104942321777344,0.5104942321777344,1
79,foot_l,0.5104223489761353,0.5104223489761353,0.5104223489761353,1
82,spine_02,0.5104113221168518,0.5104113221168518,0.5104113221168518,1
17,foot_r,0.5104110240936279,0.5104110240936279,0.5104110240936279,1
56,RUpArmTwist_r_01,0.5100736021995544,0.5100736021995544,0.5100736021995544,1
14,RUpArmTwist_l_01,0.5076985955238342,0.5076985955238342,0.5076985955238342,1
56,spine_02,0.5076395273208618,0.5076395273208618,0.5076395273208618,1
46,hand_l,0.5072505474090576,0.5072505474090576,0.5072505474090576,1
16,upperarm_r,0.5068572163581848,0.5068572163581848,0.5068572163581848,1
31,LCalfTwist_03,0.5062363147735596,0.5062363147735596,0.5062363147735596,1
69,spine_02,0.5062138438224792,0.5062138438224792,0.5062138438224792,1
29,lowerarm_l,0.5060833096504211,0.5060833096504211,0.5060833096504211,1
24,ball_r,0.5058338642120361,0.5058338642120361,0.5058338642120361,1
7,thigh_l,0.5057240128517151,0.5057240128517151,0.5057240128517151,1
9,LCalfTwist_01,0.5055067539215088,0.5055067539215088,0.5055067539215088,1
81,ball_r,0.5053339004516602,0.5053339004516602,0.5053339004516602,1
9,spine_02,0.5041102766990662,0.5041102766990662,0.5041102766990662,1
29,ball_l,0.5041089653968811,0.5041089653968811,0.5041089653968811,1
76,LCalfTwist_01,0.5035431385040283,0.5035431385040283,0.5035431385040283,1
68,RUpArmTwist_l_02,0.5029511451721191,0.5029511451721191,0.5029511451721191,1
66,ball_l,0.5024073123931885,0.5024073123931885,0.5024073123931885,1
4,head,0.5018511414527893,0.5018511414527893,0.5018511414527893,1
36,LCalfTwist_02,0.5011830925941467,0.5011830925941467,0.5011830925941467,1
13,clavicle_l,0.5010616779327393,0.5010616779327393,0.5010616779327393,1
7,hand_r,0.5009971857070923,0.5009971857070923,0.5009971857070923,1
47,pinky_01_r,0.5009400844573975,0.5009400844573975,0.5009400844573975,1
74,RUpArmTwist_r_01,0.5004097819328308,0.5004097819328308,0.5004097819328308,1
13,hand_l,0.5000948309898376,0.5000948309898376,0.5000948309898376,1
25,neck_01,0.49881288409233093,0.49881288409233093,0.49881288409233093,1
76,hand_l,0.4983525276184082,0.4983525276184082,0.4983525276184082,1
67,neck_01,0.4971923530101776,0.4971923530101776,0.4971923530101776,1
65,spine_02,0.4968687891960144,0.4968687891960144,0.4968687891960144,1
3,hand_r,0.49619802832603455,0.49619802832603455,0.49619802832603455,1
70,thigh_l,0.49614307284355164,0.49614307284355164,0.49614307284355164,1
73,RUpArmTwist_l_01,0.49605774879455566,0.49605774879455566,0.49605774879455566,1
60,pinky_01_l,0.4960394501686096,0.4960394501686096,0.4960394501686096,1
26,lowerarm_l,0.4959079325199127,0.4959079325199127,0.4959079325199127,1
0,clavicle_l,0.49495938420295715,0.49495938420295715,0.49495938420295715,1
6,lowerarm_l,0.4948959946632385,0.4948959946632385,0.4948959946632385,1
84,LCalfTwist_02,0.49441713094711304,0.49441713094711304,0.49441713094711304,1
77,RUpArmTwist_r_01,0.4929378926753998,0.4929378926753998,0.4929378926753998,1
69,RUpArmTwist_l_01,0.49213331937789917,0.49213331937789917,0.49213331937789917,1
28,head,0.49188825488090515,0.49188825488090515,0.49188825488090515,1
58,ball_r,0.4909973442554474,0.4909973442554474,0.4909973442554474,1
61,spine_01,0.4900587797164917,0.4900587797164917,0.4900587797164917,1
0,RUpArmTwist_l_02,0.4898841083049774,0.4898841083049774,0.4898841083049774,1
79,hand_r,0.48967981338500977,0.48967981338500977,0.48967981338500977,1
0,LCalfTwist_02,0.489424467086792,0.489424467086792,0.489424467086792,1
41,RUpArmTwist_r_01,0.48919928073883057,0.48919928073883057,0.48919928073883057,1
69,upperarm_r,0.4889426827430725,0.4889426827430725,0.4889426827430725,1
26,spine_02,0.48844605684280396,0.48844605684280396,0.48844605684280396,1
74,ball_r,0.4879344701766968,0.4879344701766968,0.4879344701766968,1
11,spine_02,0.4875766336917877,0.4875766336917877,0.4875766336917877,1
85,neck_01,0.4873928129673004,0.4873928129673004,0.4873928129673004,1
5,thigh_r,0.48714563250541687,0.48714563250541687,0.48714563250541687,1
21,RUpArmTwist_r_02,0.4871041178703308,0.4871041178703308,0.4871041178703308,1
30,hand_l,0.48686864972114563,0.48686864972114563,0.48686864972114563,1
73,LCalfTwist_03,0.48670294880867004,0.48670294880867004,0.48670294880867004,1
40,neck_01,0.48644259572029114,0.48644259572029114,0.48644259572029114,1
70,neck_01,0.4859601855278015,0.4859601855278015,0.4859601855278015,1
14,lowerarm_l,0.4847622811794281,0.4847622811794281,0.4847622811794281,1
64,ball_l,0.48331162333488464,0.48331162333488464,0.48331162333488464,1
4,spine_02,0.4829389452934265,0.4829389452934265,0.4829389452934265,1
55,RCalfTwist_03,0.48211461305618286,0.48211461305618286,0.48211461305618286,1
4,lowerarm_l,0.4811839461326599,0.4811839461326599,0.4811839461326599,1
70,calf_l,0.4810308516025543,0.4810308516025543,0.4810308516025543,1
44,clavicle_r,0.48049458861351013,0.48049458861351013,0.48049458861351013,1
42,neck_01,0.4801233112812042,0.4801233112812042,0.4801233112812042,1
70,spine_01,0.4796765148639679,0.4796765148639679,0.4796765148639679,1
67,RUpArmTwist_r_02,0.47954514622688293,0.47954514622688293,0.47954514622688293,1
58,RUpArmTwist_l_01,0.47941702604293823,0.47941702604293823,0.47941702604293823,1
18,spine_01,0.4793359041213989,0.4793359041213989,0.4793359041213989,1
5,RUpArmTwist_r_01,0.4792325496673584,0.4792325496673584,0.4792325496673584,1
50,hand_r,0.479146271944046,0.479146271944046,0.479146271944046,1
9,RUpArmTwist_r_01,0.4790908098220825,0.4790908098220825,0.4790908098220825,1
29,pinky_01_r,0.4783583879470825,0.4783583879470825,0.4783583879470825,1
46,calf_l,0.4770286977291107,0.4770286977291107,0.4770286977291107,1
60,ring_01_l,0.4769813120365143,0.4769813120365143,0.4769813120365143,1
57,ball_l,0.47695836424827576,0.47695836424827576,0.47695836424827576,1
53,head,0.4764501452445984,0.4764501452445984,0.4764501452445984,1
18,head,0.4763247072696686,0.4763247072696686,0.4763247072696686,1
27,clavicle_l,0.47540512681007385,0.47540512681007385,0.47540512681007385,1
2,neck_01,0.47528374195098877,0.47528374195098877,0.47528374195098877,1
5,hand_r,0.47425830364227295,0.47425830364227295,0.47425830364227295,1
45,hand_r,0.47381576895713806,0.47381576895713806,0.47381576895713806,1
21,spine_01,0.47346609830856323,0.47346609830856323,0.47346609830856323,1
8,spine_01,0.47345083951950073,0.47345083951950073,0.47345083951950073,1
56,RCalfTwist_03,0.47327491641044617,0.47327491641044617,0.47327491641044617,1
62,head,0.4728955030441284,0.4728955030441284,0.4728955030441284,1
25,upperarm_l,0.4717964828014374,0.4717964828014374,0.4717964828014374,1
37,lowerarm_l,0.47154131531715393,0.47154131531715393,0.47154131531715393,1
24,neck_01,0.4714333713054657,0.4714333713054657,0.4714333713054657,1
60,neck_01,0.47133272886276245,0.47133272886276245,0.47133272886276245,1
66,RUpArmTwist_l_02,0.471282422542572,0.471282422542572,0.471282422542572,1
10,LCalfTwist_02,0.4709964990615845,0.4709964990615845,0.4709964990615845,1
64,spine_02,0.4709104895591736,0.4709104895591736,0.4709104895591736,1
74,clavicle_l,0.47067198157310486,0.47067198157310486,0.47067198157310486,1
12,R_ForeTwist_01,0.4698103070259094,0.4698103070259094,0.4698103070259094,1
2,ball_r,0.4692060947418213,0.4692060947418213,0.4692060947418213,1
8,hand_r,0.46838754415512085,0.46838754415512085,0.46838754415512085,1
43,RUpArmTwist_r_01,0.46827226877212524,0.46827226877212524,0.46827226877212524,1
31,calf_r,0.4678848683834076,0.4678848683834076,0.4678848683834076,1
56,LCalfTwist_03,0.46696722507476807,0.46696722507476807,0.46696722507476807,1
59,head,0.4650287330150604,0.4650287330150604,0.4650287330150604,1
27,spine_01,0.46360182762145996,0.46360182762145996,0.46360182762145996,1
22,RUpArmTwist_r_02,0.4625849723815918,0.4625849723815918,0.4625849723815918,1
49,pinky_01_r,0.46217280626296997,0.46217280626296997,0.46217280626296997,1
72,ball_l,0.4608493447303772,0.4608493447303772,0.4608493447303772,1
8,pinky_01_r,0.4607899785041809,0.4607899785041809,0.4607899785041809,1
28,pinky_01_r,0.45974835753440857,0.45974835753440857,0.45974835753440857,1
30,lowerarm_r,0.45954814553260803,0.45954814553260803,0.45954814553260803,1
50,RUpArmTwist_l_01,0.45833009481430054,0.45833009481430054,0.45833009481430054,1
63,head,0.45786553621292114,0.45786553621292114,0.45786553621292114,1
5,pinky_01_r,0.45783430337905884,0.45783430337905884,0.45783430337905884,1
69,R_ForeTwist_01,0.45752811431884766,0.45752811431884766,0.45752811431884766,1
34,LCalfTwist_02,0.45750826597213745,0.45750826597213745,0.45750826597213745,1
72,RUpArmTwist_r_02,0.4574863016605377,0.4574863016605377,0.4574863016605377,1
50,neck_01,0.4574032127857208,0.4574032127857208,0.4574032127857208,1
68,neck_01,0.4571463167667389,0.4571463167667389,0.4571463167667389,1
67,RUpArmTwist_l_02,0.4571201801300049,0.4571201801300049,0.4571201801300049,1
49,RUpArmTwist_r_02,0.4570939242839813,0.4570939242839813,0.4570939242839813,1
27,pinky_01_r,0.45695269107818604,0.45695269107818604,0.45695269107818604,1
73,lowerarm_l,0.4568738043308258,0.4568738043308258,0.4568738043308258,1
49,ball_l,0.4562213122844696,0.4562213122844696,0.4562213122844696,1
67,ring_01_l,0.4556158185005188,0.4556158185005188,0.4556158185005188,1
5,LCalfTwist_03,0.4553140103816986,0.4553140103816986,0.4553140103816986,1
73,RCalfTwist_02,0.45512789487838745,0.45512789487838745,0.45512789487838745,1
24,LCalfTwist_01,0.45471882820129395,0.45471882820129395,0.45471882820129395,1
43,upperarm_r,0.4538962244987488,0.4538962244987488,0.4538962244987488,1
11,ball_l,0.4536396563053131,0.4536396563053131,0.4536396563053131,1
80,RUpArmTwist_r_02,0.45361772179603577,0.45361772179603577,0.45361772179603577,1
66,ring_01_l,0.4534507095813751,0.4534507095813751,0.4534507095813751,1
42,ball_r,0.4530061185359955,0.4530061185359955,0.4530061185359955,1
53,neck_01,0.4527800679206848,0.4527800679206848,0.4527800679206848,1
16,upperarm_l,0.4524323344230652,0.4524323344230652,0.4524323344230652,1
39,lowerarm_l,0.45216915011405945,0.45216915011405945,0.45216915011405945,1
68,ball_l,0.4517378807067871,0.4517378807067871,0.4517378807067871,1
67,hand_r,0.4514137804508209,0.4514137804508209,0.4514137804508209,1
19,spine_01,0.4514071047306061,0.4514071047306061,0.4514071047306061,1
12,ring_01_r,0.45069682598114014,0.45069682598114014,0.45069682598114014,1
17,thigh_r,0.4504813849925995,0.4504813849925995,0.4504813849925995,1
81,upperarm_l,0.4503604769706726,0.4503604769706726,0.4503604769706726,1
46,ring_01_l,0.4500514566898346,0.4500514566898346,0.4500514566898346,1
48,spine_01,0.44987234473228455,0.44987234473228455,0.44987234473228455,1
68,calf_l,0.44979608058929443,0.44979608058929443,0.44979608058929443,1
62,ring_01_l,0.4486665427684784,0.4486665427684784,0.4486665427684784,1
48,lowerarm_l,0.4485953450202942,0.4485953450202942,0.4485953450202942,1
64,hand_r,0.44839921593666077,0.44839921593666077,0.44839921593666077,1
80,spine_01,0.4483758807182312,0.4483758807182312,0.4483758807182312,1
76,R_ForeTwist_01,0.44816964864730835,0.44816964864730835,0.44816964864730835,1
77,ball_l,0.44764095544815063,0.44764095544815063,0.44764095544815063,1
70,ring_01_l,0.44703221321105957,0.44703221321105957,0.44703221321105957,1
40,LCalfTwist_03,0.44698306918144226,0.44698306918144226,0.44698306918144226,1
65,ring_01_l,0.44685760140419006,0.44685760140419006,0.44685760140419006,1
63,ring_01_l,0.44680655002593994,0.44680655002593994,0.44680655002593994,1
71,R_ForeTwist_01,0.4467823803424835,0.4467823803424835,0.4467823803424835,1
39,ball_l,0.44623497128486633,0.44623497128486633,0.44623497128486633,1
47,ring_01_l,0.44590282440185547,0.44590282440185547,0.44590282440185547,1
59,ball_r,0.4457663595676422,0.4457663595676422,0.4457663595676422,1
2,calf_r,0.4456692934036255,0.4456692934036255,0.4456692934036255,1
64,ring_01_l,0.44566524028778076,0.44566524028778076,0.44566524028778076,1
66,spine_01,0.4444434344768524,0.4444434344768524,0.4444434344768524,1
74,R_ForeTwist_01,0.44444218277931213,0.44444218277931213,0.44444218277931213,1
75,LCalfTwist_03,0.4441622793674469,0.4441622793674469,0.4441622793674469,1
9,LCalfTwist_02,0.4441136121749878,0.4441136121749878,0.4441136121749878,1
58,ring_01_l,0.4440203309059143,0.4440203309059143,0.4440203309059143,1
68,ring_01_l,0.44400379061698914,0.44400379061698914,0.44400379061698914,1
83,hand_r,0.44373011589050293,0.44373011589050293,0.44373011589050293,1
68,R_ForeTwist_01,0.4437044858932495,0.4437044858932495,0.4437044858932495,1
77,spine_01,0.44329407811164856,0.44329407811164856,0.44329407811164856,1
24,lowerarm_l,0.4432887136936188,0.4432887136936188,0.4432887136936188,1
42,spine_02,0.4431825578212738,0.4431825578212738,0.4431825578212738,1
59,neck_01,0.44288212060928345,0.44288212060928345,0.44288212060928345,1
66,neck_01,0.44257470965385437,0.44257470965385437,0.44257470965385437,1
47,calf_l,0.4423131048679352,0.4423131048679352,0.4423131048679352,1
26,calf_r,0.44218409061431885,0.44218409061431885,0.44218409061431885,1
72,ring_01_l,0.4419814348220825,0.4419814348220825,0.4419814348220825,1
32,LCalfTwist_03,0.44183531403541565,0.44183531403541565,0.44183531403541565,1
58,spine_02,0.4417780935764313,0.4417780935764313,0.4417780935764313,1
82,hand_r,0.44118502736091614,0.44118502736091614,0.44118502736091614,1
14,foot_r,0.4408646821975708,0.4408646821975708,0.4408646821975708,1
82,neck_01,0.44079452753067017,0.44079452753067017,0.44079452753067017,1
55,RCalfTwist_02,0.440620094537735,0.440620094537735,0.440620094537735,1
32,ball_r,0.4405028223991394,0.4405028223991394,0.4405028223991394,1
31,ball_l,0.44032061100006104,0.44032061100006104,0.44032061100006104,1
40,RUpArmTwist_r_02,0.44026634097099304,0.44026634097099304,0.44026634097099304,1
28,clavicle_l,0.4394574463367462,0.4394574463367462,0.4394574463367462,1
51,spine_01,0.4393409788608551,0.4393409788608551,0.4393409788608551,1
58,neck_01,0.4392954707145691,0.4392954707145691,0.4392954707145691,1
11,lowerarm_l,0.43898075819015503,0.43898075819015503,0.43898075819015503,1
39,neck_01,0.4388781189918518,0.4388781189918518,0.4388781189918518,1
35,LCalfTwist_01,0.43879520893096924,0.43879520893096924,0.43879520893096924,1
41,LCalfTwist_03,0.438755601644516,0.438755601644516,0.438755601644516,1
17,ball_r,0.43838146328926086,0.43838146328926086,0.43838146328926086,1
59,ring_01_l,0.4383094608783722,0.4383094608783722,0.4383094608783722,1
36,lowerarm_l,0.43824154138565063,0.43824154138565063,0.43824154138565063,1
55,ring_01_l,0.43790096044540405,0.43790096044540405,0.43790096044540405,1
69,ring_01_l,0.43750759959220886,0.43750759959220886,0.43750759959220886,1
37,head,0.43739059567451477,0.43739059567451477,0.43739059567451477,1
41,neck_01,0.43736979365348816,0.43736979365348816,0.43736979365348816,1
67,R_ForeTwist_01,0.4372906982898712,0.4372906982898712,0.4372906982898712,1
21,spine_02,0.4372202455997467,0.4372202455997467,0.4372202455997467,1
53,ring_01_l,0.4370214641094208,0.4370214641094208,0.4370214641094208,1
79,lowerarm_r,0.4370170533657074,0.4370170533657074,0.4370170533657074,1
69,spine_01,0.4369032084941864,0.4369032084941864,0.4369032084941864,1
26,pinky_01_r,0.43686139583587646,0.43686139583587646,0.43686139583587646,1
38,ball_r,0.4365459680557251,0.4365459680557251,0.4365459680557251,1
48,thumb_01_r,0.43627306818962097,0.43627306818962097,0.43627306818962097,1
68,RUpArmTwist_r_02,0.4350413680076599,0.4350413680076599,0.4350413680076599,1
52,neck_01,0.43495628237724304,0.43495628237724304,0.43495628237724304,1
59,spine_02,0.43486618995666504,0.43486618995666504,0.43486618995666504,1
48,foot_l,0.4345346987247467,0.4345346987247467,0.4345346987247467,1
59,calf_r,0.4344163239002228,0.4344163239002228,0.4344163239002228,1
17,RUpArmTwist_l_02,0.43396109342575073,0.43396109342575073,0.43396109342575073,1
63,R_ForeTwist_01,0.43364283442497253,0.43364283442497253,0.43364283442497253,1
54,ring_01_l,0.4327636659145355,0.4327636659145355,0.4327636659145355,1
57,ring_01_l,0.43146416544914246,0.43146416544914246,0.43146416544914246,1
51,RUpArmTwist_l_02,0.43110892176628113,0.43110892176628113,0.43110892176628113,1
49,head,0.43108105659484863,0.43108105659484863,0.43108105659484863,1
24,pinky_01_r,0.43086788058280945,0.43086788058280945,0.43086788058280945,1
65,calf_l,0.43063363432884216,0.43063363432884216,0.43063363432884216,1
56,ring_01_l,0.4299350082874298,0.4299350082874298,0.4299350082874298,1
61,ring_01_l,0.4297940135002136,0.4297940135002136,0.4297940135002136,1
71,ring_01_l,0.42918530106544495,0.42918530106544495,0.42918530106544495,1
62,R_ForeTwist_01,0.42859596014022827,0.42859596014022827,0.42859596014022827,1
2,hand_l,0.42837488651275635,0.42837488651275635,0.42837488651275635,1
72,RUpArmTwist_l_01,0.4264618456363678,0.4264618456363678,0.4264618456363678,1
77,foot_l,0.4260869324207306,0.4260869324207306,0.4260869324207306,1
76,LCalfTwist_02,0.425344854593277,0.425344854593277,0.425344854593277,1
77,neck_01,0.42528823018074036,0.42528823018074036,0.42528823018074036,1
14,ball_r,0.42493516206741333,0.42493516206741333,0.42493516206741333,1
65,neck_01,0.42491400241851807,0.42491400241851807,0.42491400241851807,1
25,pinky_01_r,0.4245099723339081,0.4245099723339081,0.4245099723339081,1
31,pinky_01_r,0.4244929552078247,0.4244929552078247,0.4244929552078247,1
3,RUpArmTwist_r_01,0.4243916869163513,0.4243916869163513,0.4243916869163513,1
65,ball_l,0.4242141842842102,0.4242141842842102,0.4242141842842102,1
18,ball_l,0.4232471287250519,0.4232471287250519,0.4232471287250519,1
39,ball_r,0.42263883352279663,0.42263883352279663,0.42263883352279663,1
64,spine_01,0.42239534854888916,0.42239534854888916,0.42239534854888916,1
67,thumb_01_r,0.42227962613105774,0.42227962613105774,0.42227962613105774,1
60,spine_02,0.4218432307243347,0.4218432307243347,0.4218432307243347,1
82,ball_r,0.4218302369117737,0.4218302369117737,0.4218302369117737,1
23,ball_l,0.421217143535614,0.421217143535614,0.421217143535614,1
78,ring_01_l,0.420785516500473,0.420785516500473,0.420785516500473,1
66,RUpArmTwist_l_01,0.4204929769039154,0.4204929769039154,0.4204929769039154,1
58,head,0.4204352796077728,0.4204352796077728,0.4204352796077728,1
46,neck_01,0.42032647132873535,0.42032647132873535,0.42032647132873535,1
22,RUpArmTwist_r_01,0.41992485523223877,0.41992485523223877,0.41992485523223877,1
73,ring_01_l,0.41985031962394714,0.41985031962394714,0.41985031962394714,1
74,ring_01_l,0.41978317499160767,0.41978317499160767,0.41978317499160767,1
63,lowerarm_r,0.41913190484046936,0.41913190484046936,0.41913190484046936,1
78,lowerarm_r,0.4187733232975006,0.4187733232975006,0.4187733232975006,1
37,clavicle_r,0.4186507761478424,0.4186507761478424,0.4186507761478424,1
65,hand_l,0.4185931980609894,0.4185931980609894,0.4185931980609894,1
56,RCalfTwist_02,0.41819870471954346,0.41819870471954346,0.41819870471954346,1
52,ring_01_l,0.4181954562664032,0.4181954562664032,0.4181954562664032,1
65,R_ForeTwist_01,0.41800054907798767,0.41800054907798767,0.41800054907798767,1
20,spine_01,0.41791263222694397,0.41791263222694397,0.41791263222694397,1
54,clavicle_r,0.4178459644317627,0.4178459644317627,0.4178459644317627,1
7,LCalfTwist_01,0.41779825091362,0.41779825091362,0.41779825091362,1
47,pinky_01_l,0.417446494102478,0.417446494102478,0.417446494102478,1
12,clavicle_r,0.4174289405345917,0.4174289405345917,0.4174289405345917,1
22,spine_01,0.41726118326187134,0.41726118326187134,0.41726118326187134,1
16,head,0.4172232747077942,0.4172232747077942,0.4172232747077942,1
79,ring_01_l,0.41718679666519165,0.41718679666519165,0.41718679666519165,1
76,ring_01_l,0.4165339171886444,0.4165339171886444,0.4165339171886444,1
25,LCalfTwist_01,0.41641998291015625,0.41641998291015625,0.41641998291015625,1
15,RUpArmTwist_l_01,0.4161727726459503,0.4161727726459503,0.4161727726459503,1
60,pinky_01_r,0.415303498506546,0.415303498506546,0.415303498506546,1
66,pinky_01_l,0.41514796018600464,0.41514796018600464,0.41514796018600464,1
67,clavicle_r,0.4151318073272705,0.4151318073272705,0.4151318073272705,1
70,R_ForeTwist_01,0.4149203896522522,0.4149203896522522,0.4149203896522522,1
7,pinky_01_r,0.4149128496646881,0.4149128496646881,0.4149128496646881,1
64,neck_01,0.41490522027015686,0.41490522027015686,0.41490522027015686,1
38,neck_01,0.41433385014533997,0.41433385014533997,0.41433385014533997,1
40,RUpArmTwist_l_01,0.41424715518951416,0.41424715518951416,0.41424715518951416,1
17,RUpArmTwist_r_02,0.4138071537017822,0.4138071537017822,0.4138071537017822,1
66,thumb_01_r,0.4133731424808502,0.4133731424808502,0.4133731424808502,1
1,spine_01,0.4133217930793762,0.4133217930793762,0.4133217930793762,1
67,pinky_01_r,0.41311681270599365,0.41311681270599365,0.41311681270599365,1
66,pinky_01_r,0.41310620307922363,0.41310620307922363,0.41310620307922363,1
64,R_ForeTwist_01,0.4125381410121918,0.4125381410121918,0.4125381410121918,1
29,neck_01,0.4113176167011261,0.4113176167011261,0.4113176167011261,1
77,clavicle_l,0.4111989438533783,0.4111989438533783,0.4111989438533783,1
8,thigh_r,0.41079872846603394,0.41079872846603394,0.41079872846603394,1
52,LCalfTwist_03,0.41060367226600647,0.41060367226600647,0.41060367226600647,1
70,pinky_01_r,0.4105086326599121,0.4105086326599121,0.4105086326599121,1
4,pinky_01_r,0.41050177812576294,0.41050177812576294,0.41050177812576294,1
0,R_ForeTwist_01,0.41049087047576904,0.41049087047576904,0.41049087047576904,1
79,neck_01,0.41042131185531616,0.41042131185531616,0.41042131185531616,1
21,RUpArmTwist_r_01,0.409630686044693,0.409630686044693,0.409630686044693,1
49,R_ForeTwist_01,0.40894466638565063,0.40894466638565063,0.40894466638565063,1
73,ball_l,0.4088618755340576,0.4088618755340576,0.4088618755340576,1
67,pinky_01_l,0.40800654888153076,0.40800654888153076,0.40800654888153076,1
31,RUpArmTwist_l_02,0.40790608525276184,0.40790608525276184,0.40790608525276184,1
70,thigh_r,0.40782925486564636,0.40782925486564636,0.40782925486564636,1
57,RUpArmTwist_l_01,0.4072035253047943,0.4072035253047943,0.4072035253047943,1
25,RUpArmTwist_l_02,0.4069410562515259,0.4069410562515259,0.4069410562515259,1
7,RUpArmTwist_l_01,0.40693938732147217,0.40693938732147217,0.40693938732147217,1
28,LCalfTwist_01,0.4067748785018921,0.4067748785018921,0.4067748785018921,1
77,head,0.4064805507659912,0.4064805507659912,0.4064805507659912,1
18,LCalfTwist_02,0.4058009684085846,0.4058009684085846,0.4058009684085846,1
51,ring_01_l,0.4056919813156128,0.4056919813156128,0.4056919813156128,1
58,clavicle_l,0.4056549072265625,0.4056549072265625,0.4056549072265625,1
24,spine_02,0.405146986246109,0.405146986246109,0.405146986246109,1
21,ball_r,0.40495768189430237,0.40495768189430237,0.40495768189430237,1
26,LCalfTwist_01,0.4048512876033783,0.4048512876033783,0.4048512876033783,1
66,R_ForeTwist_01,0.4047572612762451,0.4047572612762451,0.4047572612762451,1
31,ball_r,0.4046984016895294,0.4046984016895294,0.4046984016895294,1
71,pinky_01_r,0.4046633541584015,0.4046633541584015,0.4046633541584015,1
23,hand_r,0.4045805335044861,0.4045805335044861,0.4045805335044861,1
15,clavicle_r,0.4045063853263855,0.4045063853263855,0.4045063853263855,1
11,spine_01,0.4042702615261078,0.4042702615261078,0.4042702615261078,1
48,ring_01_l,0.4041907489299774,0.4041907489299774,0.4041907489299774,1
70,clavicle_r,0.4039613902568817,0.4039613902568817,0.4039613902568817,1
28,lowerarm_l,0.4036015272140503,0.4036015272140503,0.4036015272140503,1
71,neck_01,0.4035530090332031,0.4035530090332031,0.4035530090332031,1
47,RUpArmTwist_l_01,0.4032716751098633,0.4032716751098633,0.4032716751098633,1
48,R_ForeTwist_01,0.40322640538215637,0.40322640538215637,0.40322640538215637,1
39,LCalfTwist_03,0.4026147425174713,0.4026147425174713,0.4026147425174713,1
61,R_ForeTwist_01,0.4026123583316803,0.4026123583316803,0.4026123583316803,1
27,lowerarm_r,0.4025721549987793,0.4025721549987793,0.4025721549987793,1
72,R_ForeTwist_01,0.4021317660808563,0.4021317660808563,0.4021317660808563,1
72,RCalfTwist_02,0.4017140865325928,0.4017140865325928,0.4017140865325928,1
38,clavicle_r,0.4013485312461853,0.4013485312461853,0.4013485312461853,1
36,clavicle_r,0.40113580226898193,0.40113580226898193,0.40113580226898193,1
81,upperarm_r,0.40099799633026123,0.40099799633026123,0.40099799633026123,1
29,RUpArmTwist_l_02,0.40075865387916565,0.40075865387916565,0.40075865387916565,1
8,ball_r,0.4005507826805115,0.4005507826805115,0.4005507826805115,1
27,LCalfTwist_01,0.40024468302726746,0.40024468302726746,0.40024468302726746,1
1,clavicle_r,0.3998188078403473,0.3998188078403473,0.3998188078403473,1
74,clavicle_r,0.3996252417564392,0.3996252417564392,0.3996252417564392,1
20,ball_l,0.3995324671268463,0.3995324671268463,0.3995324671268463,1
83,upperarm_r,0.39950698614120483,0.39950698614120483,0.39950698614120483,1
77,ring_01_l,0.39947715401649475,0.39947715401649475,0.39947715401649475,1
57,RCalfTwist_03,0.3993034362792969,0.3993034362792969,0.3993034362792969,1
75,ring_01_l,0.39845141768455505,0.39845141768455505,0.39845141768455505,1
59,R_ForeTwist_01,0.3983150124549866,0.3983150124549866,0.3983150124549866,1
69,pinky_01_r,0.3976799249649048,0.3976799249649048,0.3976799249649048,1
45,ring_01_l,0.397629976272583,0.397629976272583,0.397629976272583,1
6,LCalfTwist_01,0.3974892497062683,0.3974892497062683,0.3974892497062683,1
30,spine_01,0.39741578698158264,0.39741578698158264,0.39741578698158264,1
70,LCalfTwist_03,0.39730656147003174,0.39730656147003174,0.39730656147003174,1
57,LCalfTwist_03,0.39719268679618835,0.39719268679618835,0.39719268679618835,1
53,LCalfTwist_02,0.396914005279541,0.396914005279541,0.396914005279541,1
31,spine_01,0.3966938853263855,0.3966938853263855,0.3966938853263855,1
66,hand_l,0.3966236710548401,0.3966236710548401,0.3966236710548401,1
84,spine_01,0.39602795243263245,0.39602795243263245,0.39602795243263245,1
33,neck_01,0.39597588777542114,0.39597588777542114,0.39597588777542114,1
81,neck_01,0.395507276058197,0.395507276058197,0.395507276058197,1
23,neck_01,0.3953430652618408,0.3953430652618408,0.3953430652618408,1
65,pinky_01_l,0.39500951766967773,0.39500951766967773,0.39500951766967773,1
61,clavicle_l,0.394807368516922,0.394807368516922,0.394807368516922,1
48,RUpArmTwist_r_02,0.39479807019233704,0.39479807019233704,0.39479807019233704,1
6,neck_01,0.39456892013549805,0.39456892013549805,0.39456892013549805,1
1,lowerarm_r,0.39417046308517456,0.39417046308517456,0.39417046308517456,1
21,neck_01,0.3941265046596527,0.3941265046596527,0.3941265046596527,1
37,clavicle_l,0.3937191069126129,0.3937191069126129,0.3937191069126129,1
73,R_ForeTwist_01,0.393585205078125,0.393585205078125,0.393585205078125,1
8,thigh_l,0.39354419708251953,0.39354419708251953,0.39354419708251953,1
68,pinky_01_r,0.39288800954818726,0.39288800954818726,0.39288800954818726,1
54,LCalfTwist_03,0.39281728863716125,0.39281728863716125,0.39281728863716125,1
23,pinky_01_r,0.39255356788635254,0.39255356788635254,0.39255356788635254,1
70,thumb_01_r,0.3922875225543976,0.3922875225543976,0.3922875225543976,1
65,pinky_01_r,0.39156582951545715,0.39156582951545715,0.39156582951545715,1
68,head,0.39146658778190613,0.39146658778190613,0.39146658778190613,1
70,pinky_01_l,0.39143937826156616,0.39143937826156616,0.39143937826156616,1
80,R_ForeTwist_01,0.39139553904533386,0.39139553904533386,0.39139553904533386,1
17,LCalfTwist_01,0.39129045605659485,0.39129045605659485,0.39129045605659485,1
80,ring_01_l,0.3911883533000946,0.3911883533000946,0.3911883533000946,1
50,ring_01_l,0.3910932242870331,0.3910932242870331,0.3910932242870331,1
81,calf_l,0.3910769522190094,0.3910769522190094,0.3910769522190094,1
26,clavicle_r,0.39092403650283813,0.39092403650283813,0.39092403650283813,1
69,neck_01,0.39044538140296936,0.39044538140296936,0.39044538140296936,1
3,upperarm_l,0.39043939113616943,0.39043939113616943,0.39043939113616943,1
38,ring_01_l,0.3904387652873993,0.3904387652873993,0.3904387652873993,1
78,neck_01,0.3892207741737366,0.3892207741737366,0.3892207741737366,1
38,calf_r,0.3892008066177368,0.3892008066177368,0.3892008066177368,1
81,ring_01_l,0.3890171945095062,0.3890171945095062,0.3890171945095062,1
80,RUpArmTwist_l_02,0.3889538049697876,0.3889538049697876,0.3889538049697876,1
30,pinky_01_r,0.38826486468315125,0.38826486468315125,0.38826486468315125,1
8,thumb_01_r,0.3879099190235138,0.3879099190235138,0.3879099190235138,1
57,hand_r,0.3877048194408417,0.3877048194408417,0.3877048194408417,1
31,hand_l,0.38763096928596497,0.38763096928596497,0.38763096928596497,1
19,LCalfTwist_01,0.38754233717918396,0.38754233717918396,0.38754233717918396,1
72,pinky_01_r,0.38726115226745605,0.38726115226745605,0.38726115226745605,1
49,thumb_01_r,0.387105256319046,0.387105256319046,0.387105256319046,1
39,spine_02,0.3870801627635956,0.3870801627635956,0.3870801627635956,1
19,lowerarm_l,0.3870735168457031,0.3870735168457031,0.3870735168457031,1
56,RUpArmTwist_l_01,0.38697725534439087,0.38697725534439087,0.38697725534439087,1
43,upperarm_l,0.3866300880908966,0.3866300880908966,0.3866300880908966,1
3,foot_r,0.38660311698913574,0.38660311698913574,0.38660311698913574,1
26,R_ForeTwist_01,0.3862357437610626,0.3862357437610626,0.3862357437610626,1
16,lowerarm_r,0.3860599994659424,0.3860599994659424,0.3860599994659424,1
10,ball_r,0.3858591914176941,0.3858591914176941,0.3858591914176941,1
64,pinky_01_r,0.38582196831703186,0.38582196831703186,0.38582196831703186,1
6,pinky_01_r,0.38576748967170715,0.38576748967170715,0.38576748967170715,1
55,LCalfTwist_03,0.3857307732105255,0.3857307732105255,0.3857307732105255,1
15,head,0.3856707811355591,0.3856707811355591,0.3856707811355591,1
62,neck_01,0.3855641484260559,0.3855641484260559,0.3855641484260559,1
7,neck_01,0.3853694200515747,0.3853694200515747,0.3853694200515747,1
20,LCalfTwist_01,0.3849811255931854,0.3849811255931854,0.3849811255931854,1
68,RUpArmTwist_l_01,0.3847702741622925,0.3847702741622925,0.3847702741622925,1
83,lowerarm_l,0.3846372961997986,0.3846372961997986,0.3846372961997986,1
35,LCalfTwist_02,0.38461315631866455,0.38461315631866455,0.38461315631866455,1
29,calf_r,0.3834964632987976,0.3834964632987976,0.3834964632987976,1
34,lowerarm_r,0.3833998441696167,0.3833998441696167,0.3833998441696167,1
23,RUpArmTwist_l_02,0.38315537571907043,0.38315537571907043,0.38315537571907043,1
27,calf_r,0.3830331861972809,0.3830331861972809,0.3830331861972809,1
29,head,0.3829323649406433,0.3829323649406433,0.3829323649406433,1
31,head,0.38272625207901,0.38272625207901,0.38272625207901,1
8,clavicle_r,0.38270092010498047,0.38270092010498047,0.38270092010498047,1
24,thumb_01_r,0.382220596075058,0.382220596075058,0.382220596075058,1
20,lowerarm_l,0.382188081741333,0.382188081741333,0.382188081741333,1
4,RCalfTwist_03,0.381844699382782,0.381844699382782,0.381844699382782,1
50,LCalfTwist_03,0.38183966279029846,0.38183966279029846,0.38183966279029846,1
11,upperarm_l,0.38166335225105286,0.38166335225105286,0.38166335225105286,1
85,hand_l,0.3816046416759491,0.3816046416759491,0.3816046416759491,1
30,RCalfTwist_03,0.3816002905368805,0.3816002905368805,0.3816002905368805,1
68,pinky_01_l,0.3814702332019806,0.3814702332019806,0.3814702332019806,1
50,ball_l,0.38106974959373474,0.38106974959373474,0.38106974959373474,1
27,clavicle_r,0.3807305693626404,0.3807305693626404,0.3807305693626404,1
22,ball_l,0.3806581199169159,0.3806581199169159,0.3806581199169159,1
70,RUpArmTwist_r_02,0.38062211871147156,0.38062211871147156,0.38062211871147156,1
6,spine_02,0.3802475929260254,0.3802475929260254,0.3802475929260254,1
48,pinky_01_l,0.38011103868484497,0.38011103868484497,0.38011103868484497,1
46,pinky_01_l,0.37961915135383606,0.37961915135383606,0.37961915135383606,1
79,ball_r,0.37961769104003906,0.37961769104003906,0.37961769104003906,1
69,pinky_01_l,0.37946346402168274,0.37946346402168274,0.37946346402168274,1
49,spine_01,0.37928885221481323,0.37928885221481323,0.37928885221481323,1
84,head,0.37909379601478577,0.37909379601478577,0.37909379601478577,1
13,ball_r,0.37873533368110657,0.37873533368110657,0.37873533368110657,1
12,ring_01_l,0.3786921203136444,0.3786921203136444,0.3786921203136444,1
42,pinky_01_r,0.37831512093544006,0.37831512093544006,0.37831512093544006,1
36,ring_01_l,0.3779384195804596,0.3779384195804596,0.3779384195804596,1
71,clavicle_r,0.3777550756931305,0.3777550756931305,0.3777550756931305,1
26,thumb_01_r,0.37775033712387085,0.37775033712387085,0.37775033712387085,1
7,thumb_01_r,0.37755581736564636,0.37755581736564636,0.37755581736564636,1
47,thumb_01_r,0.37741202116012573,0.37741202116012573,0.37741202116012573,1
82,LCalfTwist_02,0.37724569439888,0.37724569439888,0.37724569439888,1
79,upperarm_r,0.3770720064640045,0.3770720064640045,0.3770720064640045,1
72,upperarm_r,0.37700217962265015,0.37700217962265015,0.37700217962265015,1
50,clavicle_r,0.37681785225868225,0.37681785225868225,0.37681785225868225,1
1,LCalfTwist_03,0.37659820914268494,0.37659820914268494,0.37659820914268494,1
80,lowerarm_r,0.37644362449645996,0.37644362449645996,0.37644362449645996,1
12,pinky_01_r,0.3759829103946686,0.3759829103946686,0.3759829103946686,1
47,hand_l,0.37597373127937317,0.37597373127937317,0.37597373127937317,1
5,spine_02,0.3758198916912079,0.3758198916912079,0.3758198916912079,1
25,clavicle_r,0.3753209412097931,0.3753209412097931,0.3753209412097931,1
68,thumb_01_r,0.37524011731147766,0.37524011731147766,0.37524011731147766,1
66,thigh_l,0.37516945600509644,0.37516945600509644,0.37516945600509644,1
50,R_ForeTwist_01,0.37478116154670715,0.37478116154670715,0.37478116154670715,1
11,ball_r,0.3746032416820526,0.3746032416820526,0.3746032416820526,1
57,head,0.3742399215698242,0.3742399215698242,0.3742399215698242,1
29,thumb_01_r,0.3742298483848572,0.3742298483848572,0.3742298483848572,1
3,RUpArmTwist_l_01,0.3741680681705475,0.3741680681705475,0.3741680681705475,1
35,ring_01_l,0.3739974796772003,0.3739974796772003,0.3739974796772003,1
19,ball_l,0.3736218214035034,0.3736218214035034,0.3736218214035034,1
60,RCalfTwist_01,0.37336161732673645,0.37336161732673645,0.37336161732673645,1
10,lowerarm_l,0.37325194478034973,0.37325194478034973,0.37325194478034973,1
23,RUpArmTwist_r_02,0.3731824457645416,0.3731824457645416,0.3731824457645416,1
30,R_ForeTwist_01,0.37279194593429565,0.37279194593429565,0.37279194593429565,1
34,hand_l,0.3726179897785187,0.3726179897785187,0.3726179897785187,1
74,RUpArmTwist_l_02,0.37249618768692017,0.37249618768692017,0.37249618768692017,1
62,pinky_01_r,0.372452974319458,0.372452974319458,0.372452974319458,1
12,neck_01,0.37238556146621704,0.37238556146621704,0.37238556146621704,1
52,LCalfTwist_02,0.3723025918006897,0.3723025918006897,0.3723025918006897,1
11,ring_01_l,0.3721426725387573,0.3721426725387573,0.3721426725387573,1
78,R_ForeTwist_01,0.37214168906211853,0.37214168906211853,0.37214168906211853,1
44,ring_01_l,0.3718618154525757,0.3718618154525757,0.3718618154525757,1
64,thumb_01_r,0.37177541851997375,0.37177541851997375,0.37177541851997375,1
1,head,0.37145182490348816,0.37145182490348816,0.37145182490348816,1
7,spine_01,0.3709084093570709,0.3709084093570709,0.3709084093570709,1
10,hand_l,0.3705446422100067,0.3705446422100067,0.3705446422100067,1
16,RUpArmTwist_r_02,0.3702479302883148,0.3702479302883148,0.3702479302883148,1
15,RUpArmTwist_r_02,0.3701755404472351,0.3701755404472351,0.3701755404472351,1
72,pinky_01_l,0.36985480785369873,0.36985480785369873,0.36985480785369873,1
84,LCalfTwist_01,0.36973556876182556,0.36973556876182556,0.36973556876182556,1
65,lowerarm_r,0.3697114884853363,0.3697114884853363,0.3697114884853363,1
54,RCalfTwist_02,0.3695449233055115,0.3695449233055115,0.3695449233055115,1
63,hand_l,0.3694869875907898,0.3694869875907898,0.3694869875907898,1
12,RCalfTwist_03,0.369377076625824,0.369377076625824,0.369377076625824,1
25,thumb_01_r,0.3690999150276184,0.3690999150276184,0.3690999150276184,1
17,RUpArmTwist_l_01,0.36876341700553894,0.36876341700553894,0.36876341700553894,1
6,ring_01_l,0.3686220347881317,0.3686220347881317,0.3686220347881317,1
59,foot_r,0.3683801293373108,0.3683801293373108,0.3683801293373108,1
41,hand_l,0.3683539032936096,0.3683539032936096,0.3683539032936096,1
10,neck_01,0.36831536889076233,0.36831536889076233,0.36831536889076233,1
60,middle_01_r,0.36831212043762207,0.36831212043762207,0.36831212043762207,1
65,thumb_01_r,0.3682445287704468,0.3682445287704468,0.3682445287704468,1
38,head,0.3678298890590668,0.3678298890590668,0.3678298890590668,1
36,RUpArmTwist_r_02,0.36775171756744385,0.36775171756744385,0.36775171756744385,1
82,ring_01_l,0.36772000789642334,0.36772000789642334,0.36772000789642334,1
20,clavicle_l,0.3674039840698242,0.3674039840698242,0.3674039840698242,1
29,R_ForeTwist_01,0.367153137922287,0.367153137922287,0.367153137922287,1
28,thumb_01_r,0.3669748604297638,0.3669748604297638,0.3669748604297638,1
74,pinky_01_r,0.3669580817222595,0.3669580817222595,0.3669580817222595,1
63,pinky_01_r,0.36695507168769836,0.36695507168769836,0.36695507168769836,1
58,pinky_01_r,0.3667753338813782,0.3667753338813782,0.3667753338813782,1
71,pinky_01_l,0.36645597219467163,0.36645597219467163,0.36645597219467163,1
74,LCalfTwist_01,0.36642396450042725,0.36642396450042725,0.36642396450042725,1
28,hand_l,0.3663622736930847,0.3663622736930847,0.3663622736930847,1
41,lowerarm_l,0.36626681685447693,0.36626681685447693,0.36626681685447693,1
21,pinky_01_r,0.3660293221473694,0.3660293221473694,0.3660293221473694,1
68,clavicle_l,0.3660088777542114,0.3660088777542114,0.3660088777542114,1
64,RUpArmTwist_l_02,0.36599355936050415,0.36599355936050415,0.36599355936050415,1
2,thigh_r,0.3658903241157532,0.3658903241157532,0.3658903241157532,1
16,spine_02,0.3653039336204529,0.3653039336204529,0.3653039336204529,1
41,RUpArmTwist_l_01,0.3651168644428253,0.3651168644428253,0.3651168644428253,1
49,ring_01_l,0.3650977611541748,0.3650977611541748,0.3650977611541748,1
38,pinky_01_r,0.3650316596031189,0.3650316596031189,0.3650316596031189,1
27,thumb_01_r,0.36497315764427185,0.36497315764427185,0.36497315764427185,1
22,pinky_01_r,0.3644402325153351,0.3644402325153351,0.3644402325153351,1
69,thumb_01_r,0.364406943321228,0.364406943321228,0.364406943321228,1
75,R_ForeTwist_01,0.36430057883262634,0.36430057883262634,0.36430057883262634,1
40,R_ForeTwist_01,0.3641466498374939,0.3641466498374939,0.3641466498374939,1
12,head,0.3641437888145447,0.3641437888145447,0.3641437888145447,1
64,pinky_01_l,0.3639511466026306,0.3639511466026306,0.3639511466026306,1
63,neck_01,0.36350196599960327,0.36350196599960327,0.36350196599960327,1
23,thumb_01_r,0.3634544610977173,0.3634544610977173,0.3634544610977173,1
65,RUpArmTwist_r_02,0.3632202446460724,0.3632202446460724,0.3632202446460724,1
78,spine_02,0.36316680908203125,0.36316680908203125,0.36316680908203125,1
85,ball_l,0.36305052042007446,0.36305052042007446,0.36305052042007446,1
40,clavicle_r,0.3628771901130676,0.3628771901130676,0.3628771901130676,1
62,RUpArmTwist_l_01,0.36278676986694336,0.36278676986694336,0.36278676986694336,1
45,neck_01,0.36255601048469543,0.36255601048469543,0.36255601048469543,1
18,R_ForeTwist_01,0.36249715089797974,0.36249715089797974,0.36249715089797974,1
60,R_ForeTwist_01,0.3624415695667267,0.3624415695667267,0.3624415695667267,1
57,pinky_01_r,0.3621625304222107,0.3621625304222107,0.3621625304222107,1
36,pinky_01_r,0.3620642125606537,0.3620642125606537,0.3620642125606537,1
46,lowerarm_r,0.3616301417350769,0.3616301417350769,0.3616301417350769,1
8,spine_02,0.3615639805793762,0.3615639805793762,0.3615639805793762,1
59,pinky_01_r,0.3615391254425049,0.3615391254425049,0.3615391254425049,1
85,ring_01_l,0.36122554540634155,0.36122554540634155,0.36122554540634155,1
36,calf_r,0.36113056540489197,0.36113056540489197,0.36113056540489197,1
33,ring_01_l,0.36091291904449463,0.36091291904449463,0.36091291904449463,1
4,LCalfTwist_02,0.36086761951446533,0.36086761951446533,0.36086761951446533,1
78,pinky_01_r,0.3608167767524719,0.3608167767524719,0.3608167767524719,1
5,ball_r,0.36072924733161926,0.36072924733161926,0.36072924733161926,1
71,thumb_01_r,0.3605976104736328,0.3605976104736328,0.3605976104736328,1
25,R_ForeTwist_01,0.36057159304618835,0.36057159304618835,0.36057159304618835,1
48,RUpArmTwist_r_01,0.36049890518188477,0.36049890518188477,0.36049890518188477,1
49,spine_02,0.36048564314842224,0.36048564314842224,0.36048564314842224,1
2,ball_l,0.3604694902896881,0.3604694902896881,0.3604694902896881,1
61,RUpArmTwist_l_02,0.36041298508644104,0.36041298508644104,0.36041298508644104,1
73,spine_01,0.36002862453460693,0.36002862453460693,0.36002862453460693,1
62,pinky_01_l,0.3597639501094818,0.3597639501094818,0.3597639501094818,1
69,RUpArmTwist_r_02,0.3596530556678772,0.3596530556678772,0.3596530556678772,1
41,upperarm_l,0.35965025424957275,0.35965025424957275,0.35965025424957275,1
18,spine_02,0.35848963260650635,0.35848963260650635,0.35848963260650635,1
9,ball_r,0.35827702283859253,0.35827702283859253,0.35827702283859253,1
16,spine_01,0.35824230313301086,0.35824230313301086,0.35824230313301086,1
43,pinky_01_r,0.35792696475982666,0.35792696475982666,0.35792696475982666,1
85,clavicle_r,0.357693612575531,0.357693612575531,0.357693612575531,1
54,pinky_01_r,0.3570438623428345,0.3570438623428345,0.3570438623428345,1
3,neck_01,0.35695725679397583,0.35695725679397583,0.35695725679397583,1
63,pinky_01_l,0.3568780720233917,0.3568780720233917,0.3568780720233917,1
48,spine_02,0.356721967458725,0.356721967458725,0.356721967458725,1
22,ball_r,0.3566736578941345,0.3566736578941345,0.3566736578941345,1
34,RCalfTwist_03,0.35641124844551086,0.35641124844551086,0.35641124844551086,1
39,ring_01_l,0.35639265179634094,0.35639265179634094,0.35639265179634094,1
36,ball_l,0.35620155930519104,0.35620155930519104,0.35620155930519104,1
29,ring_01_l,0.3561793565750122,0.3561793565750122,0.3561793565750122,1
81,ball_l,0.35601022839546204,0.35601022839546204,0.35601022839546204,1
64,clavicle_l,0.3556593060493469,0.3556593060493469,0.3556593060493469,1
31,ring_01_l,0.355651319026947,0.355651319026947,0.355651319026947,1
4,RCalfTwist_02,0.35560911893844604,0.35560911893844604,0.35560911893844604,1
32,pinky_01_r,0.35551437735557556,0.35551437735557556,0.35551437735557556,1
24,R_ForeTwist_01,0.3552631437778473,0.3552631437778473,0.3552631437778473,1
40,clavicle_l,0.35489192605018616,0.35489192605018616,0.35489192605018616,1
6,ball_r,0.35476154088974,0.35476154088974,0.35476154088974,1
19,clavicle_l,0.3545159697532654,0.3545159697532654,0.3545159697532654,1
35,spine_02,0.3543336093425751,0.3543336093425751,0.3543336093425751,1
41,R_ForeTwist_01,0.3541078269481659,0.3541078269481659,0.3541078269481659,1
66,clavicle_l,0.35410699248313904,0.35410699248313904,0.35410699248313904,1
30,RCalfTwist_02,0.3539929687976837,0.3539929687976837,0.3539929687976837,1
55,neck_01,0.353794664144516,0.353794664144516,0.353794664144516,1
61,clavicle_r,0.35370510816574097,0.35370510816574097,0.35370510816574097,1
20,pinky_01_r,0.35357755422592163,0.35357755422592163,0.35357755422592163,1
17,RUpArmTwist_r_01,0.3535621166229248,0.3535621166229248,0.3535621166229248,1
34,ball_l,0.3534368574619293,0.3534368574619293,0.3534368574619293,1
63,ball_r,0.3533185124397278,0.3533185124397278,0.3533185124397278,1
19,pinky_01_r,0.35300934314727783,0.35300934314727783,0.35300934314727783,1
35,pinky_01_r,0.35281383991241455,0.35281383991241455,0.35281383991241455,1
11,foot_r,0.35264474153518677,0.35264474153518677,0.35264474153518677,1
22,RUpArmTwist_l_02,0.35227131843566895,0.35227131843566895,0.35227131843566895,1
74,RUpArmTwist_l_01,0.352213591337204,0.352213591337204,0.352213591337204,1
53,pinky_01_r,0.3520722985267639,0.3520722985267639,0.3520722985267639,1
58,R_ForeTwist_01,0.35197752714157104,0.35197752714157104,0.35197752714157104,1
38,lowerarm_l,0.3519667088985443,0.3519667088985443,0.3519667088985443,1
70,ball_l,0.3519159257411957,0.3519159257411957,0.3519159257411957,1
43,R_ForeTwist_01,0.35109931230545044,0.35109931230545044,0.35109931230545044,1
34,RCalfTwist_02,0.3509192168712616,0.3509192168712616,0.3509192168712616,1
55,pinky_01_r,0.35090163350105286,0.35090163350105286,0.35090163350105286,1
4,RCalfTwist_01,0.350702166557312,0.350702166557312,0.350702166557312,1
83,hand_l,0.350517600774765,0.350517600774765,0.350517600774765,1
4,ring_01_l,0.35027068853378296,0.35027068853378296,0.35027068853378296,1
37,ring_01_l,0.34952232241630554,0.34952232241630554,0.34952232241630554,1
8,LCalfTwist_02,0.34945037961006165,0.34945037961006165,0.34945037961006165,1
78,pinky_01_l,0.3494248390197754,0.3494248390197754,0.3494248390197754,1
18,pinky_01_r,0.3493998646736145,0.3493998646736145,0.3493998646736145,1
17,pinky_01_r,0.3493613302707672,0.3493613302707672,0.3493613302707672,1
46,pinky_01_r,0.3491782546043396,0.3491782546043396,0.3491782546043396,1
40,ring_01_l,0.34902501106262207,0.34902501106262207,0.34902501106262207,1
42,spine_01,0.3483474552631378,0.3483474552631378,0.3483474552631378,1
45,LCalfTwist_03,0.3480531871318817,0.3480531871318817,0.3480531871318817,1
23,foot_r,0.34794899821281433,0.34794899821281433,0.34794899821281433,1
12,R_ForeTwist_02,0.3477795124053955,0.3477795124053955,0.3477795124053955,1
29,clavicle_l,0.3473667502403259,0.3473667502403259,0.3473667502403259,1
73,pinky_01_r,0.3473663628101349,0.3473663628101349,0.3473663628101349,1
72,hand_l,0.34731554985046387,0.34731554985046387,0.34731554985046387,1
77,R_ForeTwist_01,0.34717071056365967,0.34717071056365967,0.34717071056365967,1
75,clavicle_l,0.3471077084541321,0.3471077084541321,0.3471077084541321,1
20,ball_r,0.3470611274242401,0.3470611274242401,0.3470611274242401,1
83,ring_01_l,0.3468567132949829,0.3468567132949829,0.3468567132949829,1
80,RUpArmTwist_l_01,0.3468489944934845,0.3468489944934845,0.3468489944934845,1
14,ring_01_l,0.3468224108219147,0.3468224108219147,0.3468224108219147,1
72,thumb_01_r,0.3467097580432892,0.3467097580432892,0.3467097580432892,1
39,pinky_01_r,0.3465650975704193,0.3465650975704193,0.3465650975704193,1
35,ball_l,0.34654679894447327,0.34654679894447327,0.34654679894447327,1
50,head,0.3465411067008972,0.3465411067008972,0.3465411067008972,1
62,calf_l,0.34635886549949646,0.34635886549949646,0.34635886549949646,1
60,RUpArmTwist_l_01,0.3463010787963867,0.3463010787963867,0.3463010787963867,1
83,neck_01,0.34625378251075745,0.34625378251075745,0.34625378251075745,1
10,lowerarm_r,0.3461066484451294,0.3461066484451294,0.3461066484451294,1
62,hand_l,0.3458867371082306,0.3458867371082306,0.3458867371082306,1
39,clavicle_r,0.3458603620529175,0.3458603620529175,0.3458603620529175,1
16,ring_01_l,0.34575799107551575,0.34575799107551575,0.34575799107551575,1
16,ball_r,0.3451874256134033,0.3451874256134033,0.3451874256134033,1
37,ball_l,0.3450947105884552,0.3450947105884552,0.3450947105884552,1
12,pinky_01_l,0.34505197405815125,0.34505197405815125,0.34505197405815125,1
24,clavicle_l,0.3449850082397461,0.3449850082397461,0.3449850082397461,1
26,RUpArmTwist_l_02,0.34491637349128723,0.34491637349128723,0.34491637349128723,1
28,ring_01_l,0.3448733985424042,0.3448733985424042,0.3448733985424042,1
71,RUpArmTwist_r_02,0.3448632061481476,0.3448632061481476,0.3448632061481476,1
18,lowerarm_l,0.3447030484676361,0.3447030484676361,0.3447030484676361,1
33,ball_r,0.34467101097106934,0.34467101097106934,0.34467101097106934,1
61,pinky_01_r,0.3445191979408264,0.3445191979408264,0.3445191979408264,1
43,neck_01,0.3440852761268616,0.3440852761268616,0.3440852761268616,1
38,spine_02,0.3438682556152344,0.3438682556152344,0.3438682556152344,1
43,lowerarm_r,0.3437173068523407,0.3437173068523407,0.3437173068523407,1
38,R_ForeTwist_01,0.34356600046157837,0.34356600046157837,0.34356600046157837,1
81,lowerarm_l,0.34345340728759766,0.34345340728759766,0.34345340728759766,1
7,ring_01_l,0.34343087673187256,0.34343087673187256,0.34343087673187256,1
80,hand_l,0.3433787226676941,0.3433787226676941,0.3433787226676941,1
38,pinky_01_l,0.3433228135108948,0.3433228135108948,0.3433228135108948,1
7,spine_02,0.3425952196121216,0.3425952196121216,0.3425952196121216,1
10,spine_02,0.3422665596008301,0.3422665596008301,0.3422665596008301,1
20,R_ForeTwist_01,0.3421805799007416,0.3421805799007416,0.3421805799007416,1
61,neck_01,0.34195655584335327,0.34195655584335327,0.34195655584335327,1
0,RCalfTwist_02,0.34184354543685913,0.34184354543685913,0.34184354543685913,1
72,RCalfTwist_03,0.3418114185333252,0.3418114185333252,0.3418114185333252,1
41,spine_02,0.34154966473579407,0.34154966473579407,0.34154966473579407,1
80,LCalfTwist_01,0.3414645791053772,0.3414645791053772,0.3414645791053772,1
45,spine_02,0.34145188331604004,0.34145188331604004,0.34145188331604004,1
5,ring_01_l,0.34144166111946106,0.34144166111946106,0.34144166111946106,1
30,clavicle_l,0.341276615858078,0.341276615858078,0.341276615858078,1
29,hand_l,0.3411661982536316,0.3411661982536316,0.3411661982536316,1
49,RUpArmTwist_r_01,0.34114718437194824,0.34114718437194824,0.34114718437194824,1
56,pinky_01_r,0.3409959077835083,0.3409959077835083,0.3409959077835083,1
37,pinky_01_r,0.34091174602508545,0.34091174602508545,0.34091174602508545,1
13,ring_01_l,0.3408919870853424,0.3408919870853424,0.3408919870853424,1
34,ring_01_l,0.34049639105796814,0.34049639105796814,0.34049639105796814,1
73,ball_r,0.34039002656936646,0.34039002656936646,0.34039002656936646,1
20,head,0.3403306007385254,0.3403306007385254,0.3403306007385254,1
78,RUpArmTwist_l_01,0.34004172682762146,0.34004172682762146,0.34004172682762146,1
65,RCalfTwist_01,0.3399989604949951,0.3399989604949951,0.3399989604949951,1
60,calf_r,0.33999601006507874,0.33999601006507874,0.33999601006507874,1
23,lowerarm_r,0.3397423028945923,0.3397423028945923,0.3397423028945923,1
80,clavicle_l,0.3394322097301483,0.3394322097301483,0.3394322097301483,1
11,clavicle_r,0.3392152786254883,0.3392152786254883,0.3392152786254883,1
3,ball_r,0.33875077962875366,0.33875077962875366,0.33875077962875366,1
59,hand_l,0.33874210715293884,0.33874210715293884,0.33874210715293884,1
21,ring_01_l,0.33863431215286255,0.33863431215286255,0.33863431215286255,1
32,ring_01_l,0.3384549915790558,0.3384549915790558,0.3384549915790558,1
33,pinky_01_r,0.33830392360687256,0.33830392360687256,0.33830392360687256,1
50,pinky_01_r,0.33808889985084534,0.33808889985084534,0.33808889985084534,1
31,LCalfTwist_02,0.33771833777427673,0.33771833777427673,0.33771833777427673,1
30,ring_01_l,0.33754512667655945,0.33754512667655945,0.33754512667655945,1
68,thigh_l,0.33741965889930725,0.33741965889930725,0.33741965889930725,1
34,pinky_01_r,0.33726611733436584,0.33726611733436584,0.33726611733436584,1
49,lowerarm_r,0.336795836687088,0.336795836687088,0.336795836687088,1
18,ring_01_l,0.3367280662059784,0.3367280662059784,0.3367280662059784,1
1,RUpArmTwist_r_01,0.33667266368865967,0.33667266368865967,0.33667266368865967,1
14,hand_l,0.3366125226020813,0.3366125226020813,0.3366125226020813,1
38,clavicle_l,0.3362453281879425,0.3362453281879425,0.3362453281879425,1
71,LCalfTwist_01,0.33591151237487793,0.33591151237487793,0.33591151237487793,1
11,ring_01_r,0.3358214497566223,0.3358214497566223,0.3358214497566223,1
22,thumb_01_r,0.3354259133338928,0.3354259133338928,0.3354259133338928,1
46,spine_01,0.3353128135204315,0.3353128135204315,0.3353128135204315,1
12,index_01_r,0.33527877926826477,0.33527877926826477,0.33527877926826477,1
28,R_ForeTwist_01,0.3351748585700989,0.3351748585700989,0.3351748585700989,1
21,thumb_01_r,0.33509084582328796,0.33509084582328796,0.33509084582328796,1
41,pinky_01_r,0.33506062626838684,0.33506062626838684,0.33506062626838684,1
36,RUpArmTwist_l_01,0.33495718240737915,0.33495718240737915,0.33495718240737915,1
10,ring_01_r,0.3349120020866394,0.3349120020866394,0.3349120020866394,1
21,RUpArmTwist_l_01,0.33454301953315735,0.33454301953315735,0.33454301953315735,1
65,RCalfTwist_03,0.33433040976524353,0.33433040976524353,0.33433040976524353,1
6,RUpArmTwist_r_02,0.33406826853752136,0.33406826853752136,0.33406826853752136,1
28,ball_r,0.33406656980514526,0.33406656980514526,0.33406656980514526,1
17,ring_01_l,0.33393627405166626,0.33393627405166626,0.33393627405166626,1
61,RUpArmTwist_r_02,0.33389562368392944,0.33389562368392944,0.33389562368392944,1
32,neck_01,0.3336503505706787,0.3336503505706787,0.3336503505706787,1
63,calf_r,0.3335518538951874,0.3335518538951874,0.3335518538951874,1
22,calf_r,0.3333633542060852,0.3333633542060852,0.3333633542060852,1
12,ball_r,0.33331313729286194,0.33331313729286194,0.33331313729286194,1
43,thumb_01_r,0.33327731490135193,0.33327731490135193,0.33327731490135193,1
83,calf_l,0.33320340514183044,0.33320340514183044,0.33320340514183044,1
79,R_ForeTwist_01,0.33271318674087524,0.33271318674087524,0.33271318674087524,1
20,thumb_01_r,0.3326381742954254,0.3326381742954254,0.3326381742954254,1
12,index_01_l,0.3322179615497589,0.3322179615497589,0.3322179615497589,1
24,ring_01_l,0.33200302720069885,0.33200302720069885,0.33200302720069885,1
36,clavicle_l,0.33165842294692993,0.33165842294692993,0.33165842294692993,1
80,LCalfTwist_02,0.33160290122032166,0.33160290122032166,0.33160290122032166,1
51,clavicle_r,0.33123961091041565,0.33123961091041565,0.33123961091041565,1
58,pinky_01_l,0.33121320605278015,0.33121320605278015,0.33121320605278015,1
76,pinky_01_l,0.3311118185520172,0.3311118185520172,0.3311118185520172,1
31,thumb_01_r,0.3308846652507782,0.3308846652507782,0.3308846652507782,1
81,R_ForeTwist_01,0.3307957649230957,0.3307957649230957,0.3307957649230957,1
85,RUpArmTwist_l_02,0.3306928873062134,0.3306928873062134,0.3306928873062134,1
5,thumb_01_r,0.33049315214157104,0.33049315214157104,0.33049315214157104,1
19,clavicle_r,0.3304600119590759,0.3304600119590759,0.3304600119590759,1
72,clavicle_l,0.3303638696670532,0.3303638696670532,0.3303638696670532,1
14,clavicle_l,0.3303561508655548,0.3303561508655548,0.3303561508655548,1
74,pinky_01_l,0.33034747838974,0.33034747838974,0.33034747838974,1
37,R_ForeTwist_01,0.330136775970459,0.330136775970459,0.330136775970459,1
34,upperarm_r,0.33012717962265015,0.33012717962265015,0.33012717962265015,1
23,ring_01_l,0.33004847168922424,0.33004847168922424,0.33004847168922424,1
15,ring_01_l,0.3299202024936676,0.3299202024936676,0.3299202024936676,1
15,pinky_01_r,0.3298448920249939,0.3298448920249939,0.3298448920249939,1
85,RCalfTwist_03,0.3296150267124176,0.3296150267124176,0.3296150267124176,1
66,spine_02,0.32956379652023315,0.32956379652023315,0.32956379652023315,1
13,R_ForeTwist_01,0.32950323820114136,0.32950323820114136,0.32950323820114136,1
84,pinky_01_r,0.3293791115283966,0.3293791115283966,0.3293791115283966,1
39,clavicle_l,0.3290390074253082,0.3290390074253082,0.3290390074253082,1
17,spine_01,0.32885730266571045,0.32885730266571045,0.32885730266571045,1
76,pinky_01_r,0.3287936747074127,0.3287936747074127,0.3287936747074127,1
10,ring_01_l,0.3285040259361267,0.3285040259361267,0.3285040259361267,1
41,clavicle_l,0.32845762372016907,0.32845762372016907,0.32845762372016907,1
27,ring_01_l,0.32829251885414124,0.32829251885414124,0.32829251885414124,1
20,clavicle_r,0.32756873965263367,0.32756873965263367,0.32756873965263367,1
51,RUpArmTwist_l_01,0.3273153305053711,0.3273153305053711,0.3273153305053711,1
79,pinky_01_l,0.32731178402900696,0.32731178402900696,0.32731178402900696,1
82,spine_01,0.32720962166786194,0.32720962166786194,0.32720962166786194,1
24,calf_r,0.32702043652534485,0.32702043652534485,0.32702043652534485,1
55,ball_l,0.32699888944625854,0.32699888944625854,0.32699888944625854,1
19,thumb_01_r,0.3266189396381378,0.3266189396381378,0.3266189396381378,1
8,pinky_01_l,0.3265203535556793,0.3265203535556793,0.3265203535556793,1
51,RCalfTwist_01,0.3263084292411804,0.3263084292411804,0.3263084292411804,1
39,RUpArmTwist_r_01,0.3262142837047577,0.3262142837047577,0.3262142837047577,1
59,pinky_01_l,0.3260478973388672,0.3260478973388672,0.3260478973388672,1
33,LCalfTwist_03,0.32601863145828247,0.32601863145828247,0.32601863145828247,1
64,LCalfTwist_03,0.3258853554725647,0.3258853554725647,0.3258853554725647,1
62,thumb_01_r,0.32571378350257874,0.32571378350257874,0.32571378350257874,1
18,clavicle_r,0.3256542384624481,0.3256542384624481,0.3256542384624481,1
16,pinky_01_r,0.32564568519592285,0.32564568519592285,0.32564568519592285,1
73,pinky_01_l,0.3254137337207794,0.3254137337207794,0.3254137337207794,1
26,ring_01_l,0.32540637254714966,0.32540637254714966,0.32540637254714966,1
52,pinky_01_r,0.32537686824798584,0.32537686824798584,0.32537686824798584,1
36,spine_01,0.3253210484981537,0.3253210484981537,0.3253210484981537,1
20,ring_01_l,0.32449090480804443,0.32449090480804443,0.32449090480804443,1
9,hand_l,0.3243880569934845,0.3243880569934845,0.3243880569934845,1
47,foot_r,0.324349045753479,0.324349045753479,0.324349045753479,1
35,neck_01,0.32406100630760193,0.32406100630760193,0.32406100630760193,1
54,RUpArmTwist_r_02,0.3237106204032898,0.3237106204032898,0.3237106204032898,1
7,ball_r,0.3235437572002411,0.3235437572002411,0.3235437572002411,1
84,ring_01_l,0.32348981499671936,0.32348981499671936,0.32348981499671936,1
81,head,0.3224933445453644,0.3224933445453644,0.3224933445453644,1
12,lowerarm_r,0.32248198986053467,0.32248198986053467,0.32248198986053467,1
15,LCalfTwist_02,0.3224482834339142,0.3224482834339142,0.3224482834339142,1
17,R_ForeTwist_01,0.32217487692832947,0.32217487692832947,0.32217487692832947,1
60,thumb_01_r,0.3218580186367035,0.3218580186367035,0.3218580186367035,1
50,spine_02,0.32176682353019714,0.32176682353019714,0.32176682353019714,1
63,thumb_01_r,0.32124924659729004,0.32124924659729004,0.32124924659729004,1
6,clavicle_l,0.3208260238170624,0.3208260238170624,0.3208260238170624,1
55,LCalfTwist_02,0.32081472873687744,0.32081472873687744,0.32081472873687744,1
77,clavicle_r,0.3204759657382965,0.3204759657382965,0.3204759657382965,1
60,ring_01_r,0.3203578293323517,0.3203578293323517,0.3203578293323517,1
75,RUpArmTwist_r_01,0.32034698128700256,0.32034698128700256,0.32034698128700256,1
8,head,0.3197133541107178,0.3197133541107178,0.3197133541107178,1
78,thumb_01_r,0.3197091817855835,0.3197091817855835,0.3197091817855835,1
38,RUpArmTwist_r_02,0.319633424282074,0.319633424282074,0.319633424282074,1
63,spine_01,0.31960049271583557,0.31960049271583557,0.31960049271583557,1
82,RUpArmTwist_l_01,0.31956738233566284,0.31956738233566284,0.31956738233566284,1
19,ring_01_l,0.3195202946662903,0.3195202946662903,0.3195202946662903,1
0,pinky_01_r,0.31946733593940735,0.31946733593940735,0.31946733593940735,1
42,thumb_01_r,0.3194212317466736,0.3194212317466736,0.3194212317466736,1
39,foot_r,0.3193308115005493,0.3193308115005493,0.3193308115005493,1
4,R_ForeTwist_01,0.3192029297351837,0.3192029297351837,0.3192029297351837,1
5,RCalfTwist_01,0.31892523169517517,0.31892523169517517,0.31892523169517517,1
25,ring_01_l,0.3189096748828888,0.3189096748828888,0.3189096748828888,1
76,neck_01,0.318824827671051,0.318824827671051,0.318824827671051,1
18,ball_r,0.31880077719688416,0.31880077719688416,0.31880077719688416,1
74,thumb_01_r,0.3185810148715973,0.3185810148715973,0.3185810148715973,1
1,middle_01_l,0.3183181583881378,0.3183181583881378,0.3183181583881378,1
44,thumb_01_r,0.318243145942688,0.318243145942688,0.318243145942688,1
10,R_ForeTwist_01,0.31787681579589844,0.31787681579589844,0.31787681579589844,1
84,clavicle_r,0.3171391487121582,0.3171391487121582,0.3171391487121582,1
41,upperarm_r,0.31713324785232544,0.31713324785232544,0.31713324785232544,1
6,thumb_01_r,0.31709715723991394,0.31709715723991394,0.31709715723991394,1
8,hand_l,0.3165317475795746,0.3165317475795746,0.3165317475795746,1
40,pinky_01_r,0.3163844048976898,0.3163844048976898,0.3163844048976898,1
5,calf_r,0.316265732049942,0.316265732049942,0.316265732049942,1
79,spine_02,0.3162074685096741,0.3162074685096741,0.3162074685096741,1
28,RCalfTwist_03,0.31597933173179626,0.31597933173179626,0.31597933173179626,1
44,upperarm_r,0.3159502148628235,0.3159502148628235,0.3159502148628235,1
18,clavicle_l,0.31589722633361816,0.31589722633361816,0.31589722633361816,1
71,spine_01,0.3154810667037964,0.3154810667037964,0.3154810667037964,1
29,spine_01,0.31521350145339966,0.31521350145339966,0.31521350145339966,1
71,lowerarm_r,0.3151993155479431,0.3151993155479431,0.3151993155479431,1
7,clavicle_l,0.31508827209472656,0.31508827209472656,0.31508827209472656,1
85,spine_02,0.3145337402820587,0.3145337402820587,0.3145337402820587,1
18,thumb_01_r,0.31441614031791687,0.31441614031791687,0.31441614031791687,1
83,spine_02,0.31418851017951965,0.31418851017951965,0.31418851017951965,1
73,RCalfTwist_01,0.31400030851364136,0.31400030851364136,0.31400030851364136,1
7,R_ForeTwist_01,0.3138570487499237,0.3138570487499237,0.3138570487499237,1
8,RUpArmTwist_l_01,0.3136874735355377,0.3136874735355377,0.3136874735355377,1
22,ring_01_l,0.31339231133461,0.31339231133461,0.31339231133461,1
9,ring_01_r,0.31317567825317383,0.31317567825317383,0.31317567825317383,1
65,spine_01,0.31294864416122437,0.31294864416122437,0.31294864416122437,1
53,pinky_01_l,0.31270408630371094,0.31270408630371094,0.31270408630371094,1
68,clavicle_r,0.3124835193157196,0.3124835193157196,0.3124835193157196,1
3,ball_l,0.3119387924671173,0.3119387924671173,0.3119387924671173,1
21,R_ForeTwist_01,0.311930775642395,0.311930775642395,0.311930775642395,1
84,RCalfTwist_01,0.3117751479148865,0.3117751479148865,0.3117751479148865,1
2,R_ForeTwist_01,0.31170427799224854,0.31170427799224854,0.31170427799224854,1
3,ring_01_l,0.31159788370132446,0.31159788370132446,0.31159788370132446,1
78,index_01_r,0.3112676441669464,0.3112676441669464,0.3112676441669464,1
44,R_ForeTwist_01,0.3109937310218811,0.3109937310218811,0.3109937310218811,1
19,R_ForeTwist_01,0.3108896315097809,0.3108896315097809,0.3108896315097809,1
69,head,0.31081995368003845,0.31081995368003845,0.31081995368003845,1
48,LCalfTwist_01,0.31056711077690125,0.31056711077690125,0.31056711077690125,1
24,LCalfTwist_02,0.31051793694496155,0.31051793694496155,0.31051793694496155,1
33,clavicle_r,0.3102452754974365,0.3102452754974365,0.3102452754974365,1
17,thumb_01_r,0.31018170714378357,0.31018170714378357,0.31018170714378357,1
1,neck_01,0.3100828528404236,0.3100828528404236,0.3100828528404236,1
22,LCalfTwist_01,0.3097900450229645,0.3097900450229645,0.3097900450229645,1
50,middle_01_r,0.30922257900238037,0.30922257900238037,0.30922257900238037,1
37,RUpArmTwist_r_01,0.3090530335903168,0.3090530335903168,0.3090530335903168,1
12,thumb_01_r,0.3090237081050873,0.3090237081050873,0.3090237081050873,1
59,lowerarm_r,0.30902335047721863,0.30902335047721863,0.30902335047721863,1
11,lowerarm_r,0.3088582754135132,0.3088582754135132,0.3088582754135132,1
39,pinky_01_l,0.3087623119354248,0.3087623119354248,0.3087623119354248,1
38,ring_01_r,0.30863097310066223,0.30863097310066223,0.30863097310066223,1
28,clavicle_r,0.30835261940956116,0.30835261940956116,0.30835261940956116,1
60,RUpArmTwist_l_02,0.3082393705844879,0.3082393705844879,0.3082393705844879,1
51,middle_01_l,0.30815786123275757,0.30815786123275757,0.30815786123275757,1
79,index_01_r,0.3081326186656952,0.3081326186656952,0.3081326186656952,1
34,RCalfTwist_01,0.3081304132938385,0.3081304132938385,0.3081304132938385,1
60,RUpArmTwist_r_02,0.307893842458725,0.307893842458725,0.307893842458725,1
36,R_ForeTwist_01,0.30772778391838074,0.30772778391838074,0.30772778391838074,1
79,spine_01,0.30735576152801514,0.30735576152801514,0.30735576152801514,1
82,pinky_01_r,0.30726170539855957,0.30726170539855957,0.30726170539855957,1
29,pinky_01_l,0.3072420656681061,0.3072420656681061,0.3072420656681061,1
80,RCalfTwist_01,0.30721262097358704,0.30721262097358704,0.30721262097358704,1
52,pinky_01_l,0.3071233630180359,0.3071233630180359,0.3071233630180359,1
47,spine_02,0.3070983588695526,0.3070983588695526,0.3070983588695526,1
79,RCalfTwist_01,0.30703678727149963,0.30703678727149963,0.30703678727149963,1
56,LCalfTwist_02,0.30691036581993103,0.30691036581993103,0.30691036581993103,1
81,RUpArmTwist_l_01,0.3066358268260956,0.3066358268260956,0.3066358268260956,1
25,calf_r,0.3065187633037567,0.3065187633037567,0.3065187633037567,1
41,ring_01_l,0.3064562678337097,0.3064562678337097,0.3064562678337097,1
28,RCalfTwist_02,0.30637305974960327,0.30637305974960327,0.30637305974960327,1
81,spine_02,0.3061923682689667,0.3061923682689667,0.3061923682689667,1
41,thumb_01_r,0.30616822838783264,0.30616822838783264,0.30616822838783264,1
46,ring_01_r,0.30566516518592834,0.30566516518592834,0.30566516518592834,1
2,middle_01_l,0.3056194484233856,0.3056194484233856,0.3056194484233856,1
6,R_ForeTwist_01,0.3056093156337738,0.3056093156337738,0.3056093156337738,1
36,neck_01,0.3055892586708069,0.3055892586708069,0.3055892586708069,1
79,LCalfTwist_03,0.3054763078689575,0.3054763078689575,0.3054763078689575,1
71,RUpArmTwist_r_01,0.30522045493125916,0.30522045493125916,0.30522045493125916,1
2,ring_01_l,0.30512914061546326,0.30512914061546326,0.30512914061546326,1
57,pinky_01_l,0.3050203323364258,0.3050203323364258,0.3050203323364258,1
60,LCalfTwist_03,0.3049291968345642,0.3049291968345642,0.3049291968345642,1
9,neck_01,0.3048895597457886,0.3048895597457886,0.3048895597457886,1
57,R_ForeTwist_01,0.3044772148132324,0.3044772148132324,0.3044772148132324,1
38,thumb_01_r,0.304343044757843,0.304343044757843,0.304343044757843,1
30,neck_01,0.304187148809433,0.304187148809433,0.304187148809433,1
22,neck_01,0.3040943145751953,0.3040943145751953,0.3040943145751953,1
42,middle_01_l,0.30408376455307007,0.30408376455307007,0.30408376455307007,1
43,ball_r,0.304050475358963,0.304050475358963,0.304050475358963,1
30,thumb_01_r,0.30348920822143555,0.30348920822143555,0.30348920822143555,1
60,LCalfTwist_02,0.3034002482891083,0.3034002482891083,0.3034002482891083,1
60,RCalfTwist_03,0.3033190667629242,0.3033190667629242,0.3033190667629242,1
54,LCalfTwist_02,0.30324575304985046,0.30324575304985046,0.30324575304985046,1
16,thigh_r,0.30318892002105713,0.30318892002105713,0.30318892002105713,1
14,clavicle_r,0.30310383439064026,0.30310383439064026,0.30310383439064026,1
14,pinky_01_r,0.3030385971069336,0.3030385971069336,0.3030385971069336,1
83,pinky_01_r,0.302874356508255,0.302874356508255,0.302874356508255,1
27,ball_r,0.30252599716186523,0.30252599716186523,0.30252599716186523,1
84,thumb_01_r,0.3024025559425354,0.3024025559425354,0.3024025559425354,1
66,RUpArmTwist_r_02,0.301716685295105,0.301716685295105,0.301716685295105,1
23,LCalfTwist_01,0.3014978766441345,0.3014978766441345,0.3014978766441345,1
41,middle_01_l,0.30139246582984924,0.30139246582984924,0.30139246582984924,1
17,LCalfTwist_02,0.3013000190258026,0.3013000190258026,0.3013000190258026,1
62,foot_l,0.3012669086456299,0.3012669086456299,0.3012669086456299,1
29,ball_r,0.3011404573917389,0.3011404573917389,0.3011404573917389,1
44,index_01_r,0.3008166551589966,0.3008166551589966,0.3008166551589966,1
50,hand_l,0.3004848062992096,0.3004848062992096,0.3004848062992096,1
49,middle_01_r,0.30024027824401855,0.30024027824401855,0.30024027824401855,1
3,middle_01_l,0.30015310645103455,0.30015310645103455,0.30015310645103455,1
9,ring_01_l,0.30003705620765686,0.30003705620765686,0.30003705620765686,1
77,LCalfTwist_03,0.29980069398880005,0.29980069398880005,0.29980069398880005,1
30,RCalfTwist_01,0.29977086186408997,0.29977086186408997,0.29977086186408997,1
49,pinky_01_l,0.2997090518474579,0.2997090518474579,0.2997090518474579,1
40,thumb_01_r,0.299496054649353,0.299496054649353,0.299496054649353,1
36,thumb_01_r,0.2994186580181122,0.2994186580181122,0.2994186580181122,1
76,ball_r,0.29929229617118835,0.29929229617118835,0.29929229617118835,1
10,upperarm_l,0.29893556237220764,0.29893556237220764,0.29893556237220764,1
79,pinky_01_r,0.2985841631889343,0.2985841631889343,0.2985841631889343,1
80,index_01_r,0.29855096340179443,0.29855096340179443,0.29855096340179443,1
10,head,0.2982674539089203,0.2982674539089203,0.2982674539089203,1
77,index_01_r,0.2982063591480255,0.2982063591480255,0.2982063591480255,1
8,RCalfTwist_01,0.29815179109573364,0.29815179109573364,0.29815179109573364,1
51,pinky_01_r,0.29767194390296936,0.29767194390296936,0.29767194390296936,1
23,R_ForeTwist_01,0.2975185215473175,0.2975185215473175,0.2975185215473175,1
9,R_ForeTwist_01,0.2973167896270752,0.2973167896270752,0.2973167896270752,1
68,LCalfTwist_03,0.2969416379928589,0.2969416379928589,0.2969416379928589,1
6,upperarm_r,0.2968609035015106,0.2968609035015106,0.2968609035015106,1
67,spine_02,0.296831339597702,0.296831339597702,0.296831339597702,1
85,pinky_01_r,0.2962850332260132,0.2962850332260132,0.2962850332260132,1
5,RCalfTwist_02,0.2961670160293579,0.2961670160293579,0.2961670160293579,1
34,R_ForeTwist_01,0.2953830361366272,0.2953830361366272,0.2953830361366272,1
68,spine_02,0.29533737897872925,0.29533737897872925,0.29533737897872925,1
72,LCalfTwist_03,0.2953336238861084,0.2953336238861084,0.2953336238861084,1
35,clavicle_r,0.29459893703460693,0.29459893703460693,0.29459893703460693,1
4,clavicle_r,0.29458388686180115,0.29458388686180115,0.29458388686180115,1
69,clavicle_r,0.29420796036720276,0.29420796036720276,0.29420796036720276,1
77,pinky_01_l,0.29409080743789673,0.29409080743789673,0.29409080743789673,1
75,index_01_r,0.29378339648246765,0.29378339648246765,0.29378339648246765,1
31,RUpArmTwist_l_01,0.2936180531978607,0.2936180531978607,0.2936180531978607,1
8,R_ForeTwist_01,0.29349735379219055,0.29349735379219055,0.29349735379219055,1
45,pinky_01_l,0.2934217154979706,0.2934217154979706,0.2934217154979706,1
48,index_01_l,0.29337838292121887,0.29337838292121887,0.29337838292121887,1
15,clavicle_l,0.293314665555954,0.293314665555954,0.293314665555954,1
66,lowerarm_r,0.29321855306625366,0.29321855306625366,0.29321855306625366,1
3,R_ForeTwist_01,0.29303956031799316,0.29303956031799316,0.29303956031799316,1
19,RUpArmTwist_l_02,0.292879581451416,0.292879581451416,0.292879581451416,1
58,upperarm_r,0.29265111684799194,0.29265111684799194,0.29265111684799194,1
42,RUpArmTwist_l_02,0.29225003719329834,0.29225003719329834,0.29225003719329834,1
81,pinky_01_r,0.29216209053993225,0.29216209053993225,0.29216209053993225,1
60,head,0.29212599992752075,0.29212599992752075,0.29212599992752075,1
78,LCalfTwist_01,0.2918733060359955,0.2918733060359955,0.2918733060359955,1
16,thumb_01_r,0.2916947603225708,0.2916947603225708,0.2916947603225708,1
0,LCalfTwist_03,0.29155752062797546,0.29155752062797546,0.29155752062797546,1
73,index_01_r,0.2915326952934265,0.2915326952934265,0.2915326952934265,1
85,thumb_01_r,0.29131925106048584,0.29131925106048584,0.29131925106048584,1
42,middle_01_r,0.2912237048149109,0.2912237048149109,0.2912237048149109,1
47,lowerarm_r,0.29087260365486145,0.29087260365486145,0.29087260365486145,1
32,thumb_01_r,0.290739506483078,0.290739506483078,0.290739506483078,1
39,R_ForeTwist_01,0.29062578082084656,0.29062578082084656,0.29062578082084656,1
35,thumb_01_r,0.2900352478027344,0.2900352478027344,0.2900352478027344,1
26,ball_r,0.2897646427154541,0.2897646427154541,0.2897646427154541,1
57,spine_02,0.28971561789512634,0.28971561789512634,0.28971561789512634,1
41,clavicle_r,0.2896316349506378,0.2896316349506378,0.2896316349506378,1
27,R_ForeTwist_01,0.2896097004413605,0.2896097004413605,0.2896097004413605,1
14,R_ForeTwist_01,0.2893434464931488,0.2893434464931488,0.2893434464931488,1
81,LCalfTwist_03,0.2891816794872284,0.2891816794872284,0.2891816794872284,1
50,thumb_01_r,0.2890690565109253,0.2890690565109253,0.2890690565109253,1
74,index_01_r,0.28885146975517273,0.28885146975517273,0.28885146975517273,1
39,thumb_01_r,0.2885395884513855,0.2885395884513855,0.2885395884513855,1
78,LCalfTwist_02,0.28852006793022156,0.28852006793022156,0.28852006793022156,1
12,upperarm_r,0.2885196805000305,0.2885196805000305,0.2885196805000305,1
46,spine_02,0.28845667839050293,0.28845667839050293,0.28845667839050293,1
81,index_01_r,0.28809550404548645,0.28809550404548645,0.28809550404548645,1
83,R_ForeTwist_01,0.2880890667438507,0.2880890667438507,0.2880890667438507,1
51,R_ForeTwist_01,0.2880133390426636,0.2880133390426636,0.2880133390426636,1
81,thumb_01_r,0.2876885235309601,0.2876885235309601,0.2876885235309601,1
73,RCalfTwist_03,0.2874104380607605,0.2874104380607605,0.2874104380607605,1
76,index_01_r,0.2873927354812622,0.2873927354812622,0.2873927354812622,1
49,RUpArmTwist_l_02,0.2872832119464874,0.2872832119464874,0.2872832119464874,1
7,LCalfTwist_02,0.28721269965171814,0.28721269965171814,0.28721269965171814,1
15,middle_01_r,0.28695666790008545,0.28695666790008545,0.28695666790008545,1
6,index_01_r,0.2867099344730377,0.2867099344730377,0.2867099344730377,1
80,pinky_01_l,0.28664276003837585,0.28664276003837585,0.28664276003837585,1
36,pinky_01_l,0.28660643100738525,0.28660643100738525,0.28660643100738525,1
46,LCalfTwist_01,0.2864695191383362,0.2864695191383362,0.2864695191383362,1
76,thumb_01_r,0.28629088401794434,0.28629088401794434,0.28629088401794434,1
4,index_01_r,0.2862027585506439,0.2862027585506439,0.2862027585506439,1
37,thumb_01_r,0.28615617752075195,0.28615617752075195,0.28615617752075195,1
33,thumb_01_r,0.28610754013061523,0.28610754013061523,0.28610754013061523,1
41,middle_01_r,0.28605955839157104,0.28605955839157104,0.28605955839157104,1
52,RCalfTwist_01,0.2860243618488312,0.2860243618488312,0.2860243618488312,1
42,R_ForeTwist_01,0.28601664304733276,0.28601664304733276,0.28601664304733276,1
47,LCalfTwist_01,0.2859206795692444,0.2859206795692444,0.2859206795692444,1
84,ball_r,0.2859097719192505,0.2859097719192505,0.2859097719192505,1
51,middle_01_r,0.28580427169799805,0.28580427169799805,0.28580427169799805,1
82,index_01_r,0.28571954369544983,0.28571954369544983,0.28571954369544983,1
2,head,0.285634845495224,0.285634845495224,0.285634845495224,1
60,thumb_01_l,0.2853741943836212,0.2853741943836212,0.2853741943836212,1
1,ring_01_l,0.2853466272354126,0.2853466272354126,0.2853466272354126,1
25,ball_r,0.285124808549881,0.285124808549881,0.285124808549881,1
43,LCalfTwist_01,0.2848970890045166,0.2848970890045166,0.2848970890045166,1
55,pinky_01_l,0.28418615460395813,0.28418615460395813,0.28418615460395813,1
76,RCalfTwist_01,0.28398874402046204,0.28398874402046204,0.28398874402046204,1
83,ball_l,0.28389212489128113,0.28389212489128113,0.28389212489128113,1
55,clavicle_l,0.2834685146808624,0.2834685146808624,0.2834685146808624,1
82,ball_l,0.283277302980423,0.283277302980423,0.283277302980423,1
13,RUpArmTwist_l_02,0.2831878364086151,0.2831878364086151,0.2831878364086151,1
12,middle_01_r,0.28308331966400146,0.28308331966400146,0.28308331966400146,1
8,RCalfTwist_02,0.28307172656059265,0.28307172656059265,0.28307172656059265,1
85,head,0.28299635648727417,0.28299635648727417,0.28299635648727417,1
83,thumb_01_r,0.28293314576148987,0.28293314576148987,0.28293314576148987,1
5,LCalfTwist_02,0.28290727734565735,0.28290727734565735,0.28290727734565735,1
67,LCalfTwist_03,0.28262093663215637,0.28262093663215637,0.28262093663215637,1
17,spine_02,0.28260883688926697,0.28260883688926697,0.28260883688926697,1
77,calf_r,0.2825711667537689,0.2825711667537689,0.2825711667537689,1
78,RCalfTwist_01,0.28252583742141724,0.28252583742141724,0.28252583742141724,1
12,RUpArmTwist_l_01,0.2823297679424286,0.2823297679424286,0.2823297679424286,1
22,middle_01_l,0.2823180854320526,0.2823180854320526,0.2823180854320526,1
77,RCalfTwist_01,0.2822467088699341,0.2822467088699341,0.2822467088699341,1
78,calf_l,0.282199889421463,0.282199889421463,0.282199889421463,1
31,neck_01,0.2821861803531647,0.2821861803531647,0.2821861803531647,1
75,pinky_01_l,0.28212544322013855,0.28212544322013855,0.28212544322013855,1
12,clavicle_l,0.281867116689682,0.281867116689682,0.281867116689682,1
11,R_ForeTwist_01,0.2817389667034149,0.2817389667034149,0.2817389667034149,1
3,pinky_01_r,0.2815087139606476,0.2815087139606476,0.2815087139606476,1
46,clavicle_l,0.28134089708328247,0.28134089708328247,0.28134089708328247,1
40,middle_01_l,0.2807677686214447,0.2807677686214447,0.2807677686214447,1
61,pinky_01_l,0.280612587928772,0.280612587928772,0.280612587928772,1
66,thumb_01_l,0.28055936098098755,0.28055936098098755,0.28055936098098755,1
72,index_01_r,0.280396044254303,0.280396044254303,0.280396044254303,1
56,R_ForeTwist_01,0.28036731481552124,0.28036731481552124,0.28036731481552124,1
16,R_ForeTwist_01,0.2802627682685852,0.2802627682685852,0.2802627682685852,1
44,LCalfTwist_02,0.28019750118255615,0.28019750118255615,0.28019750118255615,1
54,neck_01,0.280167818069458,0.280167818069458,0.280167818069458,1
54,RCalfTwist_03,0.28005799651145935,0.28005799651145935,0.28005799651145935,1
74,LCalfTwist_02,0.27987009286880493,0.27987009286880493,0.27987009286880493,1
17,pinky_01_l,0.27984321117401123,0.27984321117401123,0.27984321117401123,1
1,RUpArmTwist_l_02,0.2798120081424713,0.2798120081424713,0.2798120081424713,1
4,thumb_01_r,0.2795636057853699,0.2795636057853699,0.2795636057853699,1
57,clavicle_l,0.279468834400177,0.279468834400177,0.279468834400177,1
67,thumb_01_l,0.27940914034843445,0.27940914034843445,0.27940914034843445,1
77,ball_r,0.2791421115398407,0.2791421115398407,0.2791421115398407,1
9,RCalfTwist_03,0.27911826968193054,0.27911826968193054,0.27911826968193054,1
82,thumb_01_r,0.2790870666503906,0.2790870666503906,0.2790870666503906,1
52,middle_01_l,0.27897417545318604,0.27897417545318604,0.27897417545318604,1
56,clavicle_r,0.2788517475128174,0.2788517475128174,0.2788517475128174,1
14,thumb_01_r,0.2783378064632416,0.2783378064632416,0.2783378064632416,1
51,index_01_r,0.27829310297966003,0.27829310297966003,0.27829310297966003,1
14,neck_01,0.27793240547180176,0.27793240547180176,0.27793240547180176,1
76,head,0.2777848541736603,0.2777848541736603,0.2777848541736603,1
46,thumb_01_r,0.2777164578437805,0.2777164578437805,0.2777164578437805,1
43,ring_01_l,0.2776569426059723,0.2776569426059723,0.2776569426059723,1
43,middle_01_l,0.27755850553512573,0.27755850553512573,0.27755850553512573,1
20,LCalfTwist_02,0.2773659825325012,0.2773659825325012,0.2773659825325012,1
35,upperarm_r,0.2771410048007965,0.2771410048007965,0.2771410048007965,1
7,lowerarm_r,0.2770698070526123,0.2770698070526123,0.2770698070526123,1
73,RUpArmTwist_r_02,0.2769339680671692,0.2769339680671692,0.2769339680671692,1
19,head,0.2768858075141907,0.2768858075141907,0.2768858075141907,1
50,pinky_01_l,0.27666258811950684,0.27666258811950684,0.27666258811950684,1
84,clavicle_l,0.27662238478660583,0.27662238478660583,0.27662238478660583,1
47,R_ForeTwist_01,0.27653273940086365,0.27653273940086365,0.27653273940086365,1
62,ball_r,0.27648431062698364,0.27648431062698364,0.27648431062698364,1
8,ring_01_l,0.276447057723999,0.276447057723999,0.276447057723999,1
8,neck_01,0.27628639340400696,0.27628639340400696,0.27628639340400696,1
39,ring_01_r,0.27624255418777466,0.27624255418777466,0.27624255418777466,1
5,index_01_r,0.2761630415916443,0.2761630415916443,0.2761630415916443,1
47,ball_l,0.2759401500225067,0.2759401500225067,0.2759401500225067,1
10,clavicle_r,0.27591457962989807,0.27591457962989807,0.27591457962989807,1
53,R_ForeTwist_02,0.27565428614616394,0.27565428614616394,0.27565428614616394,1
64,thumb_01_l,0.27557387948036194,0.27557387948036194,0.27557387948036194,1
14,pinky_01_l,0.2755569815635681,0.2755569815635681,0.2755569815635681,1
50,RUpArmTwist_r_02,0.27551814913749695,0.27551814913749695,0.27551814913749695,1
28,pinky_01_l,0.27520230412483215,0.27520230412483215,0.27520230412483215,1
11,head,0.27518361806869507,0.27518361806869507,0.27518361806869507,1
22,R_ForeTwist_01,0.2748449742794037,0.2748449742794037,0.2748449742794037,1
1,pinky_01_r,0.27476266026496887,0.27476266026496887,0.27476266026496887,1
11,clavicle_l,0.2747366428375244,0.2747366428375244,0.2747366428375244,1
48,middle_01_r,0.274392694234848,0.274392694234848,0.274392694234848,1
40,middle_01_r,0.2743801474571228,0.2743801474571228,0.2743801474571228,1
16,pinky_01_l,0.2740148901939392,0.2740148901939392,0.2740148901939392,1
9,pinky_01_r,0.2739729881286621,0.2739729881286621,0.2739729881286621,1
23,middle_01_l,0.27396970987319946,0.27396970987319946,0.27396970987319946,1
73,thumb_01_r,0.2738584578037262,0.2738584578037262,0.2738584578037262,1
53,thumb_01_r,0.2738552689552307,0.2738552689552307,0.2738552689552307,1
79,LCalfTwist_02,0.27353978157043457,0.27353978157043457,0.27353978157043457,1
0,ring_01_l,0.27339473366737366,0.27339473366737366,0.27339473366737366,1
7,pinky_01_l,0.2733334004878998,0.2733334004878998,0.2733334004878998,1
45,clavicle_l,0.2732619047164917,0.2732619047164917,0.2732619047164917,1
75,LCalfTwist_02,0.2731621563434601,0.2731621563434601,0.2731621563434601,1
15,pinky_01_l,0.2731575667858124,0.2731575667858124,0.2731575667858124,1
13,thumb_01_r,0.27311456203460693,0.27311456203460693,0.27311456203460693,1
43,calf_r,0.2728908360004425,0.2728908360004425,0.2728908360004425,1
51,ball_l,0.27282795310020447,0.27282795310020447,0.27282795310020447,1
67,ball_l,0.2726171314716339,0.2726171314716339,0.2726171314716339,1
73,RUpArmTwist_r_01,0.2725914418697357,0.2725914418697357,0.2725914418697357,1
6,LCalfTwist_02,0.2722940146923065,0.2722940146923065,0.2722940146923065,1
13,pinky_01_r,0.27224844694137573,0.27224844694137573,0.27224844694137573,1
45,index_01_r,0.2721391022205353,0.2721391022205353,0.2721391022205353,1
70,hand_l,0.271971195936203,0.271971195936203,0.271971195936203,1
51,pinky_01_l,0.27181315422058105,0.27181315422058105,0.27181315422058105,1
37,RCalfTwist_02,0.2717580795288086,0.2717580795288086,0.2717580795288086,1
9,RCalfTwist_01,0.2717532217502594,0.2717532217502594,0.2717532217502594,1
54,RUpArmTwist_l_02,0.2716561257839203,0.2716561257839203,0.2716561257839203,1
70,thumb_01_l,0.271344393491745,0.271344393491745,0.271344393491745,1
77,RCalfTwist_03,0.27124908566474915,0.27124908566474915,0.27124908566474915,1
75,middle_01_l,0.2710947096347809,0.2710947096347809,0.2710947096347809,1
52,ball_l,0.27100104093551636,0.27100104093551636,0.27100104093551636,1
65,thumb_01_l,0.2707436680793762,0.2707436680793762,0.2707436680793762,1
44,pinky_01_l,0.2705434560775757,0.2705434560775757,0.2705434560775757,1
11,RUpArmTwist_r_02,0.2705000936985016,0.2705000936985016,0.2705000936985016,1
19,neck_01,0.270496666431427,0.270496666431427,0.270496666431427,1
14,middle_01_r,0.2704639732837677,0.2704639732837677,0.2704639732837677,1
34,middle_01_r,0.2704635560512543,0.2704635560512543,0.2704635560512543,1
62,thumb_01_l,0.27045872807502747,0.27045872807502747,0.27045872807502747,1
34,thumb_01_r,0.27042505145072937,0.27042505145072937,0.27042505145072937,1
82,pinky_01_l,0.27041637897491455,0.27041637897491455,0.27041637897491455,1
57,LCalfTwist_02,0.2703665494918823,0.2703665494918823,0.2703665494918823,1
16,middle_01_l,0.27036598324775696,0.27036598324775696,0.27036598324775696,1
16,middle_01_r,0.27035006880760193,0.27035006880760193,0.27035006880760193,1
81,middle_01_r,0.2702178657054901,0.2702178657054901,0.2702178657054901,1
54,middle_01_l,0.27002984285354614,0.27002984285354614,0.27002984285354614,1
70,head,0.269989550113678,0.269989550113678,0.269989550113678,1
3,spine_01,0.2699723243713379,0.2699723243713379,0.2699723243713379,1
75,RUpArmTwist_r_02,0.26959460973739624,0.26959460973739624,0.26959460973739624,1
6,index_01_l,0.26953133940696716,0.26953133940696716,0.26953133940696716,1
17,thigh_l,0.26937130093574524,0.26937130093574524,0.26937130093574524,1
56,pinky_01_l,0.26935145258903503,0.26935145258903503,0.26935145258903503,1
28,RCalfTwist_01,0.269284188747406,0.269284188747406,0.269284188747406,1
77,pinky_01_r,0.2692333459854126,0.2692333459854126,0.2692333459854126,1
37,calf_r,0.26923027634620667,0.26923027634620667,0.26923027634620667,1
9,thumb_01_r,0.26921346783638,0.26921346783638,0.26921346783638,1
75,pinky_01_r,0.26911962032318115,0.26911962032318115,0.26911962032318115,1
43,middle_01_r,0.2689836621284485,0.2689836621284485,0.2689836621284485,1
19,middle_01_l,0.26895013451576233,0.26895013451576233,0.26895013451576233,1
79,thumb_01_r,0.26894286274909973,0.26894286274909973,0.26894286274909973,1
2,RCalfTwist_02,0.26882126927375793,0.26882126927375793,0.26882126927375793,1
21,LCalfTwist_01,0.26867321133613586,0.26867321133613586,0.26867321133613586,1
12,middle_01_l,0.26855307817459106,0.26855307817459106,0.26855307817459106,1
15,thumb_01_r,0.2685498595237732,0.2685498595237732,0.2685498595237732,1
67,lowerarm_r,0.2684217393398285,0.2684217393398285,0.2684217393398285,1
65,LCalfTwist_01,0.2683814465999603,0.2683814465999603,0.2683814465999603,1
79,ball_l,0.26806774735450745,0.26806774735450745,0.26806774735450745,1
10,middle_01_l,0.267579048871994,0.267579048871994,0.267579048871994,1
81,pinky_01_l,0.267566978931427,0.267566978931427,0.267566978931427,1
80,pinky_01_r,0.2672773003578186,0.2672773003578186,0.2672773003578186,1
42,LCalfTwist_03,0.2672240436077118,0.2672240436077118,0.2672240436077118,1
27,RUpArmTwist_l_01,0.26715171337127686,0.26715171337127686,0.26715171337127686,1
54,index_01_r,0.26714202761650085,0.26714202761650085,0.26714202761650085,1
70,index_01_r,0.26691752672195435,0.26691752672195435,0.26691752672195435,1
4,index_01_l,0.26677772402763367,0.26677772402763367,0.26677772402763367,1
54,pinky_01_l,0.2666209042072296,0.2666209042072296,0.2666209042072296,1
4,middle_01_l,0.26631787419319153,0.26631787419319153,0.26631787419319153,1
71,thumb_01_l,0.26626333594322205,0.26626333594322205,0.26626333594322205,1
25,LCalfTwist_02,0.26626214385032654,0.26626214385032654,0.26626214385032654,1
2,pinky_01_r,0.266152024269104,0.266152024269104,0.266152024269104,1
29,ring_01_r,0.2659268081188202,0.2659268081188202,0.2659268081188202,1
61,index_01_r,0.26591336727142334,0.26591336727142334,0.26591336727142334,1
63,LCalfTwist_02,0.2657610774040222,0.2657610774040222,0.2657610774040222,1
85,index_01_r,0.26573941111564636,0.26573941111564636,0.26573941111564636,1
24,middle_01_l,0.2656591832637787,0.2656591832637787,0.2656591832637787,1
11,LCalfTwist_03,0.26545536518096924,0.26545536518096924,0.26545536518096924,1
85,R_ForeTwist_01,0.26532846689224243,0.26532846689224243,0.26532846689224243,1
15,middle_01_l,0.2652616500854492,0.2652616500854492,0.2652616500854492,1
22,clavicle_l,0.2651236653327942,0.2651236653327942,0.2651236653327942,1
42,ring_01_l,0.26508837938308716,0.26508837938308716,0.26508837938308716,1
53,index_01_r,0.2649405896663666,0.2649405896663666,0.2649405896663666,1
55,clavicle_r,0.26488250494003296,0.26488250494003296,0.26488250494003296,1
54,head,0.26470115780830383,0.26470115780830383,0.26470115780830383,1
6,hand_l,0.26463398337364197,0.26463398337364197,0.26463398337364197,1
46,LCalfTwist_02,0.264458566904068,0.264458566904068,0.264458566904068,1
59,index_01_r,0.26422348618507385,0.26422348618507385,0.26422348618507385,1
20,middle_01_l,0.2641179859638214,0.2641179859638214,0.2641179859638214,1
5,R_ForeTwist_01,0.26407912373542786,0.26407912373542786,0.26407912373542786,1
71,index_01_r,0.26405662298202515,0.26405662298202515,0.26405662298202515,1
63,thumb_01_l,0.2637748122215271,0.2637748122215271,0.2637748122215271,1
17,middle_01_r,0.263688325881958,0.263688325881958,0.263688325881958,1
12,L_ForeTwist_02,0.2636279761791229,0.2636279761791229,0.2636279761791229,1
58,index_01_r,0.263571172952652,0.263571172952652,0.263571172952652,1
34,middle_01_l,0.2633611857891083,0.2633611857891083,0.2633611857891083,1
19,spine_02,0.2633000612258911,0.2633000612258911,0.2633000612258911,1
55,index_01_r,0.26315435767173767,0.26315435767173767,0.26315435767173767,1
18,middle_01_l,0.26306578516960144,0.26306578516960144,0.26306578516960144,1
37,middle_01_r,0.2630312144756317,0.2630312144756317,0.2630312144756317,1
82,R_ForeTwist_01,0.2629909813404083,0.2629909813404083,0.2629909813404083,1
53,ball_l,0.26273614168167114,0.26273614168167114,0.26273614168167114,1
73,clavicle_r,0.26262515783309937,0.26262515783309937,0.26262515783309937,1
21,middle_01_l,0.2625497281551361,0.2625497281551361,0.2625497281551361,1
25,middle_01_l,0.2625479996204376,0.2625479996204376,0.2625479996204376,1
49,index_01_l,0.2624468207359314,0.2624468207359314,0.2624468207359314,1
48,hand_l,0.2623831033706665,0.2623831033706665,0.2623831033706665,1
12,upperarm_l,0.26225173473358154,0.26225173473358154,0.26225173473358154,1
82,clavicle_l,0.262216717004776,0.262216717004776,0.262216717004776,1
66,clavicle_r,0.2621581256389618,0.2621581256389618,0.2621581256389618,1
59,thumb_01_l,0.2621458172798157,0.2621458172798157,0.2621458172798157,1
78,RCalfTwist_03,0.26212388277053833,0.26212388277053833,0.26212388277053833,1
68,upperarm_r,0.2620629668235779,0.2620629668235779,0.2620629668235779,1
0,neck_01,0.2619837820529938,0.2619837820529938,0.2619837820529938,1
5,index_01_l,0.2619340121746063,0.2619340121746063,0.2619340121746063,1
47,thumb_01_l,0.26184961199760437,0.26184961199760437,0.26184961199760437,1
83,index_01_r,0.26180917024612427,0.26180917024612427,0.26180917024612427,1
52,index_01_r,0.26159846782684326,0.26159846782684326,0.26159846782684326,1
67,head,0.2615714967250824,0.2615714967250824,0.2615714967250824,1
77,middle_01_l,0.26138871908187866,0.26138871908187866,0.26138871908187866,1
7,index_01_r,0.2612968385219574,0.2612968385219574,0.2612968385219574,1
72,spine_01,0.26128700375556946,0.26128700375556946,0.26128700375556946,1
18,middle_01_r,0.2612380087375641,0.2612380087375641,0.2612380087375641,1
60,index_01_r,0.26119866967201233,0.26119866967201233,0.26119866967201233,1
56,index_01_r,0.26087212562561035,0.26087212562561035,0.26087212562561035,1
50,index_01_r,0.26073768734931946,0.26073768734931946,0.26073768734931946,1
37,pinky_01_l,0.2606966495513916,0.2606966495513916,0.2606966495513916,1
31,clavicle_l,0.26066192984580994,0.26066192984580994,0.26066192984580994,1
13,pinky_01_l,0.26042795181274414,0.26042795181274414,0.26042795181274414,1
83,RUpArmTwist_l_02,0.2603978216648102,0.2603978216648102,0.2603978216648102,1
60,hand_l,0.2603781521320343,0.2603781521320343,0.2603781521320343,1
53,LCalfTwist_01,0.26027676463127136,0.26027676463127136,0.26027676463127136,1
64,index_01_r,0.26022976636886597,0.26022976636886597,0.26022976636886597,1
57,index_01_r,0.2602073848247528,0.2602073848247528,0.2602073848247528,1
65,LCalfTwist_02,0.2601412832736969,0.2601412832736969,0.2601412832736969,1
38,spine_01,0.2600250244140625,0.2600250244140625,0.2600250244140625,1
44,neck_01,0.2599896192550659,0.2599896192550659,0.2599896192550659,1
67,index_01_r,0.2599022388458252,0.2599022388458252,0.2599022388458252,1
66,RCalfTwist_01,0.2598918676376343,0.2598918676376343,0.2598918676376343,1
43,clavicle_r,0.2597649097442627,0.2597649097442627,0.2597649097442627,1
22,middle_01_r,0.25972384214401245,0.25972384214401245,0.25972384214401245,1
40,pinky_01_l,0.2596859931945801,0.2596859931945801,0.2596859931945801,1
27,LCalfTwist_02,0.25965607166290283,0.25965607166290283,0.25965607166290283,1
30,pinky_01_l,0.2595916986465454,0.2595916986465454,0.2595916986465454,1
64,clavicle_r,0.25956299901008606,0.25956299901008606,0.25956299901008606,1
53,thumb_01_l,0.2595629394054413,0.2595629394054413,0.2595629394054413,1
33,LCalfTwist_02,0.25956159830093384,0.25956159830093384,0.25956159830093384,1
9,LCalfTwist_03,0.2595252990722656,0.2595252990722656,0.2595252990722656,1
5,pinky_01_l,0.2594071328639984,0.2594071328639984,0.2594071328639984,1
55,middle_01_l,0.259312242269516,0.259312242269516,0.259312242269516,1
15,R_ForeTwist_01,0.25924065709114075,0.25924065709114075,0.25924065709114075,1
33,middle_01_r,0.25918224453926086,0.25918224453926086,0.25918224453926086,1
68,thumb_01_l,0.25917816162109375,0.25917816162109375,0.25917816162109375,1
44,clavicle_l,0.2588270604610443,0.2588270604610443,0.2588270604610443,1
26,LCalfTwist_02,0.2586946487426758,0.2586946487426758,0.2586946487426758,1
62,index_01_r,0.2582660913467407,0.2582660913467407,0.2582660913467407,1
56,middle_01_l,0.25825563073158264,0.25825563073158264,0.25825563073158264,1
72,thumb_01_l,0.2582063376903534,0.2582063376903534,0.2582063376903534,1
17,middle_01_l,0.2581228017807007,0.2581228017807007,0.2581228017807007,1
14,middle_01_l,0.25806641578674316,0.25806641578674316,0.25806641578674316,1
58,lowerarm_r,0.2579441964626312,0.2579441964626312,0.2579441964626312,1
28,LCalfTwist_02,0.25787943601608276,0.25787943601608276,0.25787943601608276,1
3,lowerarm_l,0.25768598914146423,0.25768598914146423,0.25768598914146423,1
58,thumb_01_l,0.25737667083740234,0.25737667083740234,0.25737667083740234,1
80,middle_01_r,0.25726789236068726,0.25726789236068726,0.25726789236068726,1
31,pinky_01_l,0.25710344314575195,0.25710344314575195,0.25710344314575195,1
1,middle_01_r,0.2569595277309418,0.2569595277309418,0.2569595277309418,1
63,index_01_r,0.2567916512489319,0.2567916512489319,0.2567916512489319,1
72,clavicle_r,0.2565750777721405,0.2565750777721405,0.2565750777721405,1
69,thumb_01_l,0.25652581453323364,0.25652581453323364,0.25652581453323364,1
47,ring_01_r,0.25613608956336975,0.25613608956336975,0.25613608956336975,1
75,clavicle_r,0.25602787733078003,0.25602787733078003,0.25602787733078003,1
3,index_01_r,0.2559264004230499,0.2559264004230499,0.2559264004230499,1
24,clavicle_r,0.2557041645050049,0.2557041645050049,0.2557041645050049,1
26,middle_01_l,0.25556084513664246,0.25556084513664246,0.25556084513664246,1
66,index_01_r,0.255557656288147,0.255557656288147,0.255557656288147,1
68,index_01_r,0.25555726885795593,0.25555726885795593,0.25555726885795593,1
49,index_01_r,0.25547346472740173,0.25547346472740173,0.25547346472740173,1
21,clavicle_l,0.2553882300853729,0.2553882300853729,0.2553882300853729,1
11,middle_01_l,0.2553713321685791,0.2553713321685791,0.2553713321685791,1
49,LCalfTwist_03,0.25532010197639465,0.25532010197639465,0.25532010197639465,1
53,middle_01_l,0.2551735043525696,0.2551735043525696,0.2551735043525696,1
9,head,0.2551130950450897,0.2551130950450897,0.2551130950450897,1
59,RUpArmTwist_l_02,0.2548171281814575,0.2548171281814575,0.2548171281814575,1
5,upperarm_r,0.2547875940799713,0.2547875940799713,0.2547875940799713,1
69,index_01_r,0.2547079622745514,0.2547079622745514,0.2547079622745514,1
4,RUpArmTwist_l_02,0.25469422340393066,0.25469422340393066,0.25469422340393066,1
45,thumb_01_r,0.2546749413013458,0.2546749413013458,0.2546749413013458,1
5,RCalfTwist_03,0.25452032685279846,0.25452032685279846,0.25452032685279846,1
28,RUpArmTwist_l_01,0.254269003868103,0.254269003868103,0.254269003868103,1
52,head,0.2541915774345398,0.2541915774345398,0.2541915774345398,1
37,middle_01_l,0.25407809019088745,0.25407809019088745,0.25407809019088745,1
30,middle_01_l,0.25403881072998047,0.25403881072998047,0.25403881072998047,1
59,thumb_01_r,0.2540213465690613,0.2540213465690613,0.2540213465690613,1
47,upperarm_r,0.25361257791519165,0.25361257791519165,0.25361257791519165,1
63,LCalfTwist_01,0.25360316038131714,0.25360316038131714,0.25360316038131714,1
59,upperarm_r,0.25320857763290405,0.25320857763290405,0.25320857763290405,1
65,index_01_r,0.2531757354736328,0.2531757354736328,0.2531757354736328,1
55,RCalfTwist_01,0.25316548347473145,0.25316548347473145,0.25316548347473145,1
80,thumb_01_r,0.2531645894050598,0.2531645894050598,0.2531645894050598,1
55,thumb_01_l,0.2530905306339264,0.2530905306339264,0.2530905306339264,1
73,middle_01_l,0.25297701358795166,0.25297701358795166,0.25297701358795166,1
59,LCalfTwist_03,0.2528036832809448,0.2528036832809448,0.2528036832809448,1
35,RUpArmTwist_r_02,0.25279539823532104,0.25279539823532104,0.25279539823532104,1
39,RUpArmTwist_l_01,0.252625048160553,0.252625048160553,0.252625048160553,1
36,ring_01_r,0.2525309920310974,0.2525309920310974,0.2525309920310974,1
34,clavicle_l,0.25245431065559387,0.25245431065559387,0.25245431065559387,1
35,clavicle_l,0.2524254322052002,0.2524254322052002,0.2524254322052002,1
79,middle_01_r,0.25241371989250183,0.25241371989250183,0.25241371989250183,1
3,LCalfTwist_01,0.25235405564308167,0.25235405564308167,0.25235405564308167,1
2,index_01_l,0.252207487821579,0.252207487821579,0.252207487821579,1
3,clavicle_r,0.251995325088501,0.251995325088501,0.251995325088501,1
80,head,0.2518685460090637,0.2518685460090637,0.2518685460090637,1
72,RCalfTwist_01,0.25185689330101013,0.25185689330101013,0.25185689330101013,1
35,lowerarm_r,0.25176650285720825,0.25176650285720825,0.25176650285720825,1
4,middle_01_r,0.2516213655471802,0.2516213655471802,0.2516213655471802,1
70,index_01_l,0.25141292810440063,0.25141292810440063,0.25141292810440063,1
61,thumb_01_l,0.25136426091194153,0.25136426091194153,0.25136426091194153,1
40,ring_01_r,0.2513517737388611,0.2513517737388611,0.2513517737388611,1
35,middle_01_l,0.2513186037540436,0.2513186037540436,0.2513186037540436,1
4,ring_01_r,0.2512800395488739,0.2512800395488739,0.2512800395488739,1
53,index_01_l,0.25118252635002136,0.25118252635002136,0.25118252635002136,1
33,head,0.2511809766292572,0.2511809766292572,0.2511809766292572,1
34,RUpArmTwist_r_02,0.25103768706321716,0.25103768706321716,0.25103768706321716,1
8,thumb_01_l,0.2510111629962921,0.2510111629962921,0.2510111629962921,1
54,thumb_01_l,0.2509603798389435,0.2509603798389435,0.2509603798389435,1
59,foot_l,0.2504769265651703,0.2504769265651703,0.2504769265651703,1
56,thumb_01_l,0.2501928508281708,0.2501928508281708,0.2501928508281708,1
8,clavicle_l,0.25005483627319336,0.25005483627319336,0.25005483627319336,1
58,LCalfTwist_02,0.24991679191589355,0.24991679191589355,0.24991679191589355,1
37,RCalfTwist_03,0.24988575279712677,0.24988575279712677,0.24988575279712677,1
82,middle_01_r,0.24973386526107788,0.24973386526107788,0.24973386526107788,1
38,index_01_r,0.2496885359287262,0.2496885359287262,0.2496885359287262,1
80,RCalfTwist_03,0.24963875114917755,0.24963875114917755,0.24963875114917755,1
63,RCalfTwist_01,0.24939516186714172,0.24939516186714172,0.24939516186714172,1
39,middle_01_r,0.2493550032377243,0.2493550032377243,0.2493550032377243,1
18,pinky_01_l,0.2493324875831604,0.2493324875831604,0.2493324875831604,1
29,RCalfTwist_02,0.24928723275661469,0.24928723275661469,0.24928723275661469,1
65,middle_01_r,0.24917829036712646,0.24917829036712646,0.24917829036712646,1
27,pinky_01_l,0.24917562305927277,0.24917562305927277,0.24917562305927277,1
62,upperarm_l,0.24909815192222595,0.24909815192222595,0.24909815192222595,1
79,ring_01_r,0.24909761548042297,0.24909761548042297,0.24909761548042297,1
79,RCalfTwist_03,0.24885112047195435,0.24885112047195435,0.24885112047195435,1
16,calf_r,0.24880799651145935,0.24880799651145935,0.24880799651145935,1
57,thumb_01_l,0.24874156713485718,0.24874156713485718,0.24874156713485718,1
56,RCalfTwist_01,0.24866461753845215,0.24866461753845215,0.24866461753845215,1
44,calf_r,0.24862854182720184,0.24862854182720184,0.24862854182720184,1
78,ring_01_r,0.24838335812091827,0.24838335812091827,0.24838335812091827,1
77,LCalfTwist_02,0.24836605787277222,0.24836605787277222,0.24836605787277222,1
76,middle_01_l,0.24829743802547455,0.24829743802547455,0.24829743802547455,1
9,pinky_01_l,0.24815598130226135,0.24815598130226135,0.24815598130226135,1
33,middle_01_l,0.24778306484222412,0.24778306484222412,0.24778306484222412,1
44,upperarm_l,0.2477116733789444,0.2477116733789444,0.2477116733789444,1
56,clavicle_l,0.24751274287700653,0.24751274287700653,0.24751274287700653,1
69,LCalfTwist_01,0.24750831723213196,0.24750831723213196,0.24750831723213196,1
32,middle_01_l,0.24748171865940094,0.24748171865940094,0.24748171865940094,1
67,RUpArmTwist_r_01,0.24743790924549103,0.24743790924549103,0.24743790924549103,1
71,LCalfTwist_02,0.24741709232330322,0.24741709232330322,0.24741709232330322,1
72,index_01_l,0.24741587042808533,0.24741587042808533,0.24741587042808533,1
8,RUpArmTwist_r_02,0.24738195538520813,0.24738195538520813,0.24738195538520813,1
32,RUpArmTwist_l_02,0.24737773835659027,0.24737773835659027,0.24737773835659027,1
84,index_01_r,0.24733267724514008,0.24733267724514008,0.24733267724514008,1
67,index_01_l,0.2472594678401947,0.2472594678401947,0.2472594678401947,1
56,ball_l,0.24720896780490875,0.24720896780490875,0.24720896780490875,1
2,ring_01_r,0.24717073142528534,0.24717073142528534,0.24717073142528534,1
70,RUpArmTwist_r_01,0.24711774289608002,0.24711774289608002,0.24711774289608002,1
5,middle_01_r,0.24709410965442657,0.24709410965442657,0.24709410965442657,1
52,LCalfTwist_01,0.24708035588264465,0.24708035588264465,0.24708035588264465,1
57,middle_01_l,0.24679085612297058,0.24679085612297058,0.24679085612297058,1
19,LCalfTwist_02,0.24649539589881897,0.24649539589881897,0.24649539589881897,1
58,middle_01_l,0.24606861174106598,0.24606861174106598,0.24606861174106598,1
68,index_01_l,0.2460482269525528,0.2460482269525528,0.2460482269525528,1
60,middle_01_l,0.24595725536346436,0.24595725536346436,0.24595725536346436,1
42,RCalfTwist_01,0.24590274691581726,0.24590274691581726,0.24590274691581726,1
82,head,0.24560435116291046,0.24560435116291046,0.24560435116291046,1
24,pinky_01_l,0.24554714560508728,0.24554714560508728,0.24554714560508728,1
55,R_ForeTwist_01,0.24530993402004242,0.24530993402004242,0.24530993402004242,1
17,clavicle_l,0.24530740082263947,0.24530740082263947,0.24530740082263947,1
32,middle_01_r,0.24504823982715607,0.24504823982715607,0.24504823982715607,1
81,LCalfTwist_02,0.24504786729812622,0.24504786729812622,0.24504786729812622,1
62,RUpArmTwist_l_02,0.2448919266462326,0.2448919266462326,0.2448919266462326,1
72,RUpArmTwist_r_01,0.24476167559623718,0.24476167559623718,0.24476167559623718,1
67,ring_01_r,0.2446213662624359,0.2446213662624359,0.2446213662624359,1
69,index_01_l,0.2446160763502121,0.2446160763502121,0.2446160763502121,1
0,RCalfTwist_03,0.24454070627689362,0.24454070627689362,0.24454070627689362,1
74,thumb_01_l,0.24452267587184906,0.24452267587184906,0.24452267587184906,1
47,index_01_l,0.2444215714931488,0.2444215714931488,0.2444215714931488,1
61,middle_01_l,0.24436523020267487,0.24436523020267487,0.24436523020267487,1
13,neck_01,0.24396203458309174,0.24396203458309174,0.24396203458309174,1
57,RCalfTwist_02,0.24342109262943268,0.24342109262943268,0.24342109262943268,1
66,middle_01_r,0.24341394007205963,0.24341394007205963,0.24341394007205963,1
71,index_01_l,0.24339041113853455,0.24339041113853455,0.24339041113853455,1
20,RUpArmTwist_l_02,0.24330644309520721,0.24330644309520721,0.24330644309520721,1
46,thumb_01_l,0.24321557581424713,0.24321557581424713,0.24321557581424713,1
16,RUpArmTwist_l_02,0.24321196973323822,0.24321196973323822,0.24321196973323822,1
9,middle_01_l,0.2430061250925064,0.2430061250925064,0.2430061250925064,1
45,LCalfTwist_02,0.24285463988780975,0.24285463988780975,0.24285463988780975,1
72,lowerarm_r,0.24282528460025787,0.24282528460025787,0.24282528460025787,1
58,clavicle_r,0.24274399876594543,0.24274399876594543,0.24274399876594543,1
12,spine_01,0.24272632598876953,0.24272632598876953,0.24272632598876953,1
1,LCalfTwist_02,0.2427036464214325,0.2427036464214325,0.2427036464214325,1
46,R_ForeTwist_01,0.2426673173904419,0.2426673173904419,0.2426673173904419,1
27,thumb_01_l,0.24263964593410492,0.24263964593410492,0.24263964593410492,1
38,middle_01_l,0.24263174831867218,0.24263174831867218,0.24263174831867218,1
19,middle_01_r,0.24256569147109985,0.24256569147109985,0.24256569147109985,1
76,LCalfTwist_03,0.24227340519428253,0.24227340519428253,0.24227340519428253,1
39,middle_01_l,0.24220022559165955,0.24220022559165955,0.24220022559165955,1
45,ring_01_r,0.24213871359825134,0.24213871359825134,0.24213871359825134,1
54,index_01_l,0.24212345480918884,0.24212345480918884,0.24212345480918884,1
66,index_01_l,0.2420063614845276,0.2420063614845276,0.2420063614845276,1
11,pinky_01_l,0.24177074432373047,0.24177074432373047,0.24177074432373047,1
31,ring_01_r,0.24174532294273376,0.24174532294273376,0.24174532294273376,1
62,middle_01_r,0.24161602556705475,0.24161602556705475,0.24161602556705475,1
25,hand_l,0.24134188890457153,0.24134188890457153,0.24134188890457153,1
76,RUpArmTwist_r_02,0.24132245779037476,0.24132245779037476,0.24132245779037476,1
29,LCalfTwist_03,0.2412109673023224,0.2412109673023224,0.2412109673023224,1
32,clavicle_r,0.24109649658203125,0.24109649658203125,0.24109649658203125,1
3,R_ForeTwist_02,0.2410518378019333,0.2410518378019333,0.2410518378019333,1
82,RCalfTwist_03,0.2408626228570938,0.2408626228570938,0.2408626228570938,1
31,R_ForeTwist_01,0.2405514270067215,0.2405514270067215,0.2405514270067215,1
70,RUpArmTwist_l_02,0.24053436517715454,0.24053436517715454,0.24053436517715454,1
44,RCalfTwist_03,0.23975391685962677,0.23975391685962677,0.23975391685962677,1
59,LCalfTwist_02,0.23973649740219116,0.23973649740219116,0.23973649740219116,1
13,ring_01_r,0.23972606658935547,0.23972606658935547,0.23972606658935547,1
6,clavicle_r,0.23968175053596497,0.23968175053596497,0.23968175053596497,1
73,LCalfTwist_02,0.23967702686786652,0.23967702686786652,0.23967702686786652,1
84,R_ForeTwist_01,0.2394784688949585,0.2394784688949585,0.2394784688949585,1
9,RCalfTwist_02,0.2393295168876648,0.2393295168876648,0.2393295168876648,1
36,middle_01_l,0.23917315900325775,0.23917315900325775,0.23917315900325775,1
28,ring_01_r,0.23894162476062775,0.23894162476062775,0.23894162476062775,1
68,RUpArmTwist_r_01,0.23893092572689056,0.23893092572689056,0.23893092572689056,1
44,middle_01_r,0.23891964554786682,0.23891964554786682,0.23891964554786682,1
32,LCalfTwist_02,0.23889578878879547,0.23889578878879547,0.23889578878879547,1
72,ring_01_r,0.23886649310588837,0.23886649310588837,0.23886649310588837,1
10,thumb_01_r,0.23880739510059357,0.23880739510059357,0.23880739510059357,1
29,lowerarm_r,0.2388020157814026,0.2388020157814026,0.2388020157814026,1
17,clavicle_r,0.23841185867786407,0.23841185867786407,0.23841185867786407,1
7,index_01_l,0.23817963898181915,0.23817963898181915,0.23817963898181915,1
11,thumb_01_r,0.23815183341503143,0.23815183341503143,0.23815183341503143,1
77,lowerarm_r,0.23806995153427124,0.23806995153427124,0.23806995153427124,1
6,middle_01_r,0.23790088295936584,0.23790088295936584,0.23790088295936584,1
16,LCalfTwist_03,0.23784947395324707,0.23784947395324707,0.23784947395324707,1
35,pinky_01_l,0.23783642053604126,0.23783642053604126,0.23783642053604126,1
73,thumb_01_l,0.2378314882516861,0.2378314882516861,0.2378314882516861,1
61,thumb_01_r,0.23744675517082214,0.23744675517082214,0.23744675517082214,1
60,ball_r,0.23731569945812225,0.23731569945812225,0.23731569945812225,1
44,RCalfTwist_02,0.23719273507595062,0.23719273507595062,0.23719273507595062,1
13,middle_01_l,0.23711785674095154,0.23711785674095154,0.23711785674095154,1
20,middle_01_r,0.23685769736766815,0.23685769736766815,0.23685769736766815,1
83,LCalfTwist_03,0.23654372990131378,0.23654372990131378,0.23654372990131378,1
42,clavicle_l,0.23636160790920258,0.23636160790920258,0.23636160790920258,1
79,index_01_l,0.23625120520591736,0.23625120520591736,0.23625120520591736,1
7,RUpArmTwist_r_02,0.2362220138311386,0.2362220138311386,0.2362220138311386,1
63,middle_01_r,0.2362038493156433,0.2362038493156433,0.2362038493156433,1
38,RCalfTwist_01,0.23605285584926605,0.23605285584926605,0.23605285584926605,1
37,ring_01_r,0.2359945923089981,0.2359945923089981,0.2359945923089981,1
70,RCalfTwist_02,0.23550932109355927,0.23550932109355927,0.23550932109355927,1
70,ring_01_r,0.23550668358802795,0.23550668358802795,0.23550668358802795,1
41,RUpArmTwist_l_02,0.23550377786159515,0.23550377786159515,0.23550377786159515,1
28,calf_r,0.23544882237911224,0.23544882237911224,0.23544882237911224,1
2,middle_01_r,0.23508839309215546,0.23508839309215546,0.23508839309215546,1
29,thumb_01_l,0.23508265614509583,0.23508265614509583,0.23508265614509583,1
58,middle_01_r,0.23500560224056244,0.23500560224056244,0.23500560224056244,1
14,ring_01_r,0.23498745262622833,0.23498745262622833,0.23498745262622833,1
66,ring_01_r,0.23492807149887085,0.23492807149887085,0.23492807149887085,1
0,index_01_l,0.234908327460289,0.234908327460289,0.234908327460289,1
55,index_01_l,0.23489965498447418,0.23489965498447418,0.23489965498447418,1
20,neck_01,0.23489391803741455,0.23489391803741455,0.23489391803741455,1
13,middle_01_r,0.23486493527889252,0.23486493527889252,0.23486493527889252,1
34,index_01_l,0.23471038043498993,0.23471038043498993,0.23471038043498993,1
45,middle_01_r,0.2346532642841339,0.2346532642841339,0.2346532642841339,1
35,RUpArmTwist_l_01,0.23424139618873596,0.23424139618873596,0.23424139618873596,1
64,ring_01_r,0.23422053456306458,0.23422053456306458,0.23422053456306458,1
79,middle_01_l,0.23399555683135986,0.23399555683135986,0.23399555683135986,1
28,thumb_01_l,0.233677476644516,0.233677476644516,0.233677476644516,1
6,RUpArmTwist_l_01,0.23364754021167755,0.23364754021167755,0.23364754021167755,1
0,RCalfTwist_01,0.23362840712070465,0.23362840712070465,0.23362840712070465,1
35,middle_01_r,0.23362334072589874,0.23362334072589874,0.23362334072589874,1
37,RCalfTwist_01,0.2335418313741684,0.2335418313741684,0.2335418313741684,1
32,clavicle_l,0.2334119826555252,0.2334119826555252,0.2334119826555252,1
61,LCalfTwist_02,0.23333020508289337,0.23333020508289337,0.23333020508289337,1
75,spine_01,0.23321403563022614,0.23321403563022614,0.23321403563022614,1
7,thumb_01_l,0.23312368988990784,0.23312368988990784,0.23312368988990784,1
74,middle_01_l,0.23310306668281555,0.23310306668281555,0.23310306668281555,1
15,RCalfTwist_02,0.2330697774887085,0.2330697774887085,0.2330697774887085,1
1,ring_01_r,0.23305644094944,0.23305644094944,0.23305644094944,1
66,RUpArmTwist_r_01,0.23301321268081665,0.23301321268081665,0.23301321268081665,1
52,thumb_01_r,0.23300214111804962,0.23300214111804962,0.23300214111804962,1
63,RUpArmTwist_l_01,0.23293331265449524,0.23293331265449524,0.23293331265449524,1
30,middle_01_r,0.23288047313690186,0.23288047313690186,0.23288047313690186,1
0,middle_01_l,0.23280799388885498,0.23280799388885498,0.23280799388885498,1
60,clavicle_l,0.2327861338853836,0.2327861338853836,0.2327861338853836,1
83,spine_01,0.23263458907604218,0.23263458907604218,0.23263458907604218,1
8,RCalfTwist_03,0.23262394964694977,0.23262394964694977,0.23262394964694977,1
67,middle_01_r,0.23262028396129608,0.23262028396129608,0.23262028396129608,1
59,middle_01_l,0.2325524091720581,0.2325524091720581,0.2325524091720581,1
8,index_01_r,0.2325044423341751,0.2325044423341751,0.2325044423341751,1
16,index_01_r,0.23238037526607513,0.23238037526607513,0.23238037526607513,1
59,middle_01_r,0.23221468925476074,0.23221468925476074,0.23221468925476074,1
77,middle_01_r,0.23189228773117065,0.23189228773117065,0.23189228773117065,1
48,thumb_01_l,0.23162057995796204,0.23162057995796204,0.23162057995796204,1
24,thumb_01_l,0.23161086440086365,0.23161086440086365,0.23161086440086365,1
25,thumb_01_l,0.2313208281993866,0.2313208281993866,0.2313208281993866,1
85,LCalfTwist_02,0.2313033938407898,0.2313033938407898,0.2313033938407898,1
36,index_01_r,0.23129045963287354,0.23129045963287354,0.23129045963287354,1
75,middle_01_r,0.23127959668636322,0.23127959668636322,0.23127959668636322,1
38,LCalfTwist_02,0.2311999648809433,0.2311999648809433,0.2311999648809433,1
3,middle_01_r,0.2311764508485794,0.2311764508485794,0.2311764508485794,1
85,LCalfTwist_01,0.23109516501426697,0.23109516501426697,0.23109516501426697,1
60,RUpArmTwist_r_01,0.2309374213218689,0.2309374213218689,0.2309374213218689,1
62,LCalfTwist_02,0.23091325163841248,0.23091325163841248,0.23091325163841248,1
52,index_01_l,0.2306768298149109,0.2306768298149109,0.2306768298149109,1
35,index_01_r,0.23049327731132507,0.23049327731132507,0.23049327731132507,1
72,middle_01_l,0.23023474216461182,0.23023474216461182,0.23023474216461182,1
10,pinky_01_l,0.23001374304294586,0.23001374304294586,0.23001374304294586,1
0,middle_01_r,0.22996313869953156,0.22996313869953156,0.22996313869953156,1
30,LCalfTwist_01,0.22983674705028534,0.22983674705028534,0.22983674705028534,1
75,RCalfTwist_02,0.2298227697610855,0.2298227697610855,0.2298227697610855,1
35,ring_01_r,0.2298002541065216,0.2298002541065216,0.2298002541065216,1
83,LCalfTwist_02,0.22955086827278137,0.22955086827278137,0.22955086827278137,1
32,RCalfTwist_03,0.22954075038433075,0.22954075038433075,0.22954075038433075,1
48,index_01_r,0.22946394979953766,0.22946394979953766,0.22946394979953766,1
57,index_01_l,0.22891846299171448,0.22891846299171448,0.22891846299171448,1
78,middle_01_r,0.22888366878032684,0.22888366878032684,0.22888366878032684,1
76,index_01_l,0.22876793146133423,0.22876793146133423,0.22876793146133423,1
22,index_01_l,0.22871483862400055,0.22871483862400055,0.22871483862400055,1
83,middle_01_r,0.22866494953632355,0.22866494953632355,0.22866494953632355,1
45,RUpArmTwist_l_01,0.22861021757125854,0.22861021757125854,0.22861021757125854,1
81,index_01_l,0.22853834927082062,0.22853834927082062,0.22853834927082062,1
29,clavicle_r,0.2285265028476715,0.2285265028476715,0.2285265028476715,1
56,index_01_l,0.2284693568944931,0.2284693568944931,0.2284693568944931,1
40,index_01_r,0.22843115031719208,0.22843115031719208,0.22843115031719208,1
31,index_01_r,0.2283576875925064,0.2283576875925064,0.2283576875925064,1
28,middle_01_l,0.22828525304794312,0.22828525304794312,0.22828525304794312,1
73,index_01_l,0.2282375991344452,0.2282375991344452,0.2282375991344452,1
61,LCalfTwist_01,0.2281033992767334,0.2281033992767334,0.2281033992767334,1
54,ball_l,0.227937713265419,0.227937713265419,0.227937713265419,1
5,thumb_01_l,0.227878138422966,0.227878138422966,0.227878138422966,1
3,ring_01_r,0.22779865562915802,0.22779865562915802,0.22779865562915802,1
64,index_01_l,0.22760960459709167,0.22760960459709167,0.22760960459709167,1
70,RUpArmTwist_l_01,0.22743070125579834,0.22743070125579834,0.22743070125579834,1
20,pinky_01_l,0.22731421887874603,0.22731421887874603,0.22731421887874603,1
50,middle_01_l,0.22727584838867188,0.22727584838867188,0.22727584838867188,1
77,thumb_01_r,0.22718413174152374,0.22718413174152374,0.22718413174152374,1
17,index_01_r,0.2271747589111328,0.2271747589111328,0.2271747589111328,1
52,middle_01_r,0.22711539268493652,0.22711539268493652,0.22711539268493652,1
78,index_01_l,0.22702892124652863,0.22702892124652863,0.22702892124652863,1
69,clavicle_l,0.2269483506679535,0.2269483506679535,0.2269483506679535,1
0,thumb_01_r,0.22692091763019562,0.22692091763019562,0.22692091763019562,1
44,pinky_01_r,0.22680307924747467,0.22680307924747467,0.22680307924747467,1
83,index_01_l,0.2267601490020752,0.2267601490020752,0.2267601490020752,1
22,thumb_01_l,0.22660596668720245,0.22660596668720245,0.22660596668720245,1
36,middle_01_r,0.22654075920581818,0.22654075920581818,0.22654075920581818,1
64,middle_01_r,0.22648803889751434,0.22648803889751434,0.22648803889751434,1
69,LCalfTwist_03,0.22645190358161926,0.22645190358161926,0.22645190358161926,1
82,clavicle_r,0.22644102573394775,0.22644102573394775,0.22644102573394775,1
50,RUpArmTwist_l_02,0.22643104195594788,0.22643104195594788,0.22643104195594788,1
4,pinky_01_l,0.22643022239208221,0.22643022239208221,0.22643022239208221,1
48,lowerarm_r,0.22636690735816956,0.22636690735816956,0.22636690735816956,1
52,RUpArmTwist_r_02,0.2263258993625641,0.2263258993625641,0.2263258993625641,1
85,middle_01_r,0.22627602517604828,0.22627602517604828,0.22627602517604828,1
71,clavicle_l,0.22626380622386932,0.22626380622386932,0.22626380622386932,1
23,calf_r,0.2261551469564438,0.2261551469564438,0.2261551469564438,1
29,RCalfTwist_01,0.22604762017726898,0.22604762017726898,0.22604762017726898,1
82,index_01_l,0.22597144544124603,0.22597144544124603,0.22597144544124603,1
27,middle_01_l,0.22596211731433868,0.22596211731433868,0.22596211731433868,1
46,index_01_r,0.225885272026062,0.225885272026062,0.225885272026062,1
29,index_01_r,0.22581425309181213,0.22581425309181213,0.22581425309181213,1
33,index_01_r,0.22578351199626923,0.22578351199626923,0.22578351199626923,1
1,R_ForeTwist_01,0.22572043538093567,0.22572043538093567,0.22572043538093567,1
25,pinky_01_l,0.22537781298160553,0.22537781298160553,0.22537781298160553,1
50,LCalfTwist_02,0.2253139317035675,0.2253139317035675,0.2253139317035675,1
84,middle_01_r,0.22526513040065765,0.22526513040065765,0.22526513040065765,1
59,clavicle_l,0.22525887191295624,0.22525887191295624,0.22525887191295624,1
74,ring_01_r,0.22501590847969055,0.22501590847969055,0.22501590847969055,1
52,thumb_01_l,0.22494542598724365,0.22494542598724365,0.22494542598724365,1
65,index_01_l,0.22492726147174835,0.22492726147174835,0.22492726147174835,1
38,middle_01_r,0.22490054368972778,0.22490054368972778,0.22490054368972778,1
72,LCalfTwist_01,0.22479107975959778,0.22479107975959778,0.22479107975959778,1
63,index_01_l,0.224535271525383,0.224535271525383,0.224535271525383,1
72,LCalfTwist_02,0.22452664375305176,0.22452664375305176,0.22452664375305176,1
58,thumb_01_r,0.22441865503787994,0.22441865503787994,0.22441865503787994,1
8,RUpArmTwist_r_01,0.22426670789718628,0.22426670789718628,0.22426670789718628,1
65,ring_01_r,0.22424986958503723,0.22424986958503723,0.22424986958503723,1
71,ball_l,0.22424818575382233,0.22424818575382233,0.22424818575382233,1
74,index_01_l,0.2242201417684555,0.2242201417684555,0.2242201417684555,1
51,LCalfTwist_02,0.2242005616426468,0.2242005616426468,0.2242005616426468,1
16,ring_01_r,0.22416198253631592,0.22416198253631592,0.22416198253631592,1
59,clavicle_r,0.22395309805870056,0.22395309805870056,0.22395309805870056,1
26,pinky_01_l,0.22370900213718414,0.22370900213718414,0.22370900213718414,1
82,LCalfTwist_01,0.2236340492963791,0.2236340492963791,0.2236340492963791,1
83,pinky_01_l,0.2236005812883377,0.2236005812883377,0.2236005812883377,1
19,index_01_l,0.22358132898807526,0.22358132898807526,0.22358132898807526,1
78,thumb_01_l,0.22337140142917633,0.22337140142917633,0.22337140142917633,1
26,thumb_01_l,0.22328059375286102,0.22328059375286102,0.22328059375286102,1
77,index_01_l,0.22327446937561035,0.22327446937561035,0.22327446937561035,1
31,middle_01_l,0.22326675057411194,0.22326675057411194,0.22326675057411194,1
58,index_01_l,0.22317758202552795,0.22317758202552795,0.22317758202552795,1
42,index_01_l,0.223138689994812,0.223138689994812,0.223138689994812,1
48,LCalfTwist_02,0.2230682373046875,0.2230682373046875,0.2230682373046875,1
8,lowerarm_r,0.223052978515625,0.223052978515625,0.223052978515625,1
39,index_01_r,0.22277450561523438,0.22277450561523438,0.22277450561523438,1
62,index_01_l,0.22274965047836304,0.22274965047836304,0.22274965047836304,1
37,index_01_r,0.22261638939380646,0.22261638939380646,0.22261638939380646,1
76,thumb_01_l,0.22239241003990173,0.22239241003990173,0.22239241003990173,1
80,index_01_l,0.22222909331321716,0.22222909331321716,0.22222909331321716,1
74,lowerarm_r,0.22222252190113068,0.22222252190113068,0.22222252190113068,1
10,clavicle_l,0.22222116589546204,0.22222116589546204,0.22222116589546204,1
68,ring_01_r,0.22194088995456696,0.22194088995456696,0.22194088995456696,1
2,lowerarm_r,0.2218203991651535,0.2218203991651535,0.2218203991651535,1
35,calf_r,0.221731036901474,0.221731036901474,0.221731036901474,1
46,index_01_l,0.22161121666431427,0.22161121666431427,0.22161121666431427,1
37,RUpArmTwist_l_02,0.22144363820552826,0.22144363820552826,0.22144363820552826,1
62,ring_01_r,0.2214384377002716,0.2214384377002716,0.2214384377002716,1
50,index_01_l,0.22098274528980255,0.22098274528980255,0.22098274528980255,1
85,index_01_l,0.220915287733078,0.220915287733078,0.220915287733078,1
4,LCalfTwist_01,0.22088395059108734,0.22088395059108734,0.22088395059108734,1
76,ring_01_r,0.22040143609046936,0.22040143609046936,0.22040143609046936,1
1,clavicle_l,0.22035978734493256,0.22035978734493256,0.22035978734493256,1
66,LCalfTwist_02,0.22031894326210022,0.22031894326210022,0.22031894326210022,1
21,middle_01_r,0.22029843926429749,0.22029843926429749,0.22029843926429749,1
33,ring_01_r,0.2201356291770935,0.2201356291770935,0.2201356291770935,1
17,head,0.22001631557941437,0.22001631557941437,0.22001631557941437,1
29,middle_01_l,0.2199404388666153,0.2199404388666153,0.2199404388666153,1
69,LCalfTwist_02,0.21988186240196228,0.21988186240196228,0.21988186240196228,1
13,RUpArmTwist_r_02,0.21971292793750763,0.21971292793750763,0.21971292793750763,1
3,index_01_l,0.21957217156887054,0.21957217156887054,0.21957217156887054,1
18,thumb_01_l,0.21935588121414185,0.21935588121414185,0.21935588121414185,1
52,R_ForeTwist_01,0.21933916211128235,0.21933916211128235,0.21933916211128235,1
23,thumb_01_l,0.21931859850883484,0.21931859850883484,0.21931859850883484,1
5,lowerarm_r,0.21930351853370667,0.21930351853370667,0.21930351853370667,1
57,thumb_01_r,0.21909382939338684,0.21909382939338684,0.21909382939338684,1
32,pinky_01_l,0.21907822787761688,0.21907822787761688,0.21907822787761688,1
9,RUpArmTwist_l_01,0.21903620660305023,0.21903620660305023,0.21903620660305023,1
85,RUpArmTwist_r_02,0.2189870923757553,0.2189870923757553,0.2189870923757553,1
84,index_01_l,0.21895849704742432,0.21895849704742432,0.21895849704742432,1
6,pinky_01_l,0.21884167194366455,0.21884167194366455,0.21884167194366455,1
0,thumb_01_l,0.2187628597021103,0.2187628597021103,0.2187628597021103,1
15,RCalfTwist_03,0.2187526524066925,0.2187526524066925,0.2187526524066925,1
48,LCalfTwist_03,0.21854813396930695,0.21854813396930695,0.21854813396930695,1
41,ring_01_r,0.2184790074825287,0.2184790074825287,0.2184790074825287,1
53,ring_01_r,0.21836544573307037,0.21836544573307037,0.21836544573307037,1
84,RCalfTwist_03,0.21835042536258698,0.21835042536258698,0.21835042536258698,1
29,RCalfTwist_03,0.21818962693214417,0.21818962693214417,0.21818962693214417,1
68,middle_01_r,0.2180587500333786,0.2180587500333786,0.2180587500333786,1
16,thigh_l,0.21802593767642975,0.21802593767642975,0.21802593767642975,1
35,R_ForeTwist_01,0.21802498400211334,0.21802498400211334,0.21802498400211334,1
44,middle_01_l,0.2180124819278717,0.2180124819278717,0.2180124819278717,1
80,middle_01_l,0.2179800271987915,0.2179800271987915,0.2179800271987915,1
2,clavicle_r,0.21766136586666107,0.21766136586666107,0.21766136586666107,1
36,RCalfTwist_03,0.21764607727527618,0.21764607727527618,0.21764607727527618,1
35,thumb_01_l,0.21754761040210724,0.21754761040210724,0.21754761040210724,1
23,middle_01_r,0.21747851371765137,0.21747851371765137,0.21747851371765137,1
63,ring_01_r,0.21745891869068146,0.21745891869068146,0.21745891869068146,1
30,ring_01_r,0.2174367606639862,0.2174367606639862,0.2174367606639862,1
59,index_01_l,0.21742135286331177,0.21742135286331177,0.21742135286331177,1
46,middle_01_l,0.21737097203731537,0.21737097203731537,0.21737097203731537,1
43,index_01_r,0.21723590791225433,0.21723590791225433,0.21723590791225433,1
40,LCalfTwist_02,0.21717160940170288,0.21717160940170288,0.21717160940170288,1
53,RUpArmTwist_r_02,0.21704912185668945,0.21704912185668945,0.21704912185668945,1
33,thumb_01_l,0.21699552237987518,0.21699552237987518,0.21699552237987518,1
61,index_01_l,0.21695610880851746,0.21695610880851746,0.21695610880851746,1
25,middle_01_r,0.2167717069387436,0.2167717069387436,0.2167717069387436,1
56,RUpArmTwist_r_02,0.21672770380973816,0.21672770380973816,0.21672770380973816,1
56,thumb_01_r,0.21667993068695068,0.21667993068695068,0.21667993068695068,1
15,index_01_l,0.2166372686624527,0.2166372686624527,0.2166372686624527,1
78,middle_01_l,0.21635641157627106,0.21635641157627106,0.21635641157627106,1
28,RUpArmTwist_l_02,0.21632812917232513,0.21632812917232513,0.21632812917232513,1
56,L_ForeTwist_01,0.2162674367427826,0.2162674367427826,0.2162674367427826,1
1,index_01_r,0.21624299883842468,0.21624299883842468,0.21624299883842468,1
15,ring_01_r,0.21620488166809082,0.21620488166809082,0.21620488166809082,1
75,thumb_01_r,0.21585272252559662,0.21585272252559662,0.21585272252559662,1
5,middle_01_l,0.21560415625572205,0.21560415625572205,0.21560415625572205,1
47,RCalfTwist_02,0.2155580371618271,0.2155580371618271,0.2155580371618271,1
67,LCalfTwist_02,0.2155044972896576,0.2155044972896576,0.2155044972896576,1
21,thumb_01_l,0.2155035138130188,0.2155035138130188,0.2155035138130188,1
70,LCalfTwist_02,0.21532760560512543,0.21532760560512543,0.21532760560512543,1
14,index_01_r,0.2152419090270996,0.2152419090270996,0.2152419090270996,1
44,ring_01_r,0.21523107588291168,0.21523107588291168,0.21523107588291168,1
31,thumb_01_l,0.21521645784378052,0.21521645784378052,0.21521645784378052,1
32,thumb_01_l,0.2150290608406067,0.2150290608406067,0.2150290608406067,1
15,thumb_01_l,0.21500787138938904,0.21500787138938904,0.21500787138938904,1
10,pinky_01_r,0.21491886675357819,0.21491886675357819,0.21491886675357819,1
75,index_01_l,0.214851513504982,0.214851513504982,0.214851513504982,1
14,R_ForeTwist_02,0.21481342613697052,0.21481342613697052,0.21481342613697052,1
20,thumb_01_l,0.21457098424434662,0.21457098424434662,0.21457098424434662,1
81,RCalfTwist_01,0.21453267335891724,0.21453267335891724,0.21453267335891724,1
55,thumb_01_r,0.21451707184314728,0.21451707184314728,0.21451707184314728,1
60,RCalfTwist_02,0.21443143486976624,0.21443143486976624,0.21443143486976624,1
19,thumb_01_l,0.21442928910255432,0.21442928910255432,0.21442928910255432,1
34,index_01_r,0.2143048346042633,0.2143048346042633,0.2143048346042633,1
65,RUpArmTwist_r_01,0.21429771184921265,0.21429771184921265,0.21429771184921265,1
63,middle_01_l,0.21404491364955902,0.21404491364955902,0.21404491364955902,1
38,LCalfTwist_01,0.21401271224021912,0.21401271224021912,0.21401271224021912,1
15,index_01_r,0.21398328244686127,0.21398328244686127,0.21398328244686127,1
69,RUpArmTwist_r_01,0.21363137662410736,0.21363137662410736,0.21363137662410736,1
2,index_01_r,0.21362636983394623,0.21362636983394623,0.21362636983394623,1
54,R_ForeTwist_01,0.21360093355178833,0.21360093355178833,0.21360093355178833,1
68,RCalfTwist_01,0.2130642682313919,0.2130642682313919,0.2130642682313919,1
62,middle_01_l,0.2128099799156189,0.2128099799156189,0.2128099799156189,1
11,RCalfTwist_01,0.2126154899597168,0.2126154899597168,0.2126154899597168,1
7,middle_01_r,0.2126147598028183,0.2126147598028183,0.2126147598028183,1
23,LCalfTwist_02,0.21248579025268555,0.21248579025268555,0.21248579025268555,1
57,L_ForeTwist_01,0.21217486262321472,0.21217486262321472,0.21217486262321472,1
68,LCalfTwist_02,0.21214033663272858,0.21214033663272858,0.21214033663272858,1
30,clavicle_r,0.21189752221107483,0.21189752221107483,0.21189752221107483,1
77,ring_01_r,0.21172045171260834,0.21172045171260834,0.21172045171260834,1
84,RUpArmTwist_r_01,0.21163642406463623,0.21163642406463623,0.21163642406463623,1
61,middle_01_r,0.21159303188323975,0.21159303188323975,0.21159303188323975,1
22,LCalfTwist_02,0.21157176792621613,0.21157176792621613,0.21157176792621613,1
57,middle_01_r,0.21152594685554504,0.21152594685554504,0.21152594685554504,1
23,clavicle_l,0.21152330935001373,0.21152330935001373,0.21152330935001373,1
23,pinky_01_l,0.2114925980567932,0.2114925980567932,0.2114925980567932,1
32,RCalfTwist_01,0.2114853709936142,0.2114853709936142,0.2114853709936142,1
24,middle_01_r,0.21146243810653687,0.21146243810653687,0.21146243810653687,1
73,ring_01_r,0.21131731569766998,0.21131731569766998,0.21131731569766998,1
0,head,0.21125242114067078,0.21125242114067078,0.21125242114067078,1
21,head,0.2112489640712738,0.2112489640712738,0.2112489640712738,1
51,head,0.211203932762146,0.211203932762146,0.211203932762146,1
30,thumb_01_l,0.21120227873325348,0.21120227873325348,0.21120227873325348,1
78,upperarm_r,0.21112848818302155,0.21112848818302155,0.21112848818302155,1
54,thumb_01_r,0.21103906631469727,0.21103906631469727,0.21103906631469727,1
34,thumb_01_l,0.2110356092453003,0.2110356092453003,0.2110356092453003,1
34,clavicle_r,0.2109583020210266,0.2109583020210266,0.2109583020210266,1
66,RCalfTwist_03,0.2109251767396927,0.2109251767396927,0.2109251767396927,1
51,index_01_l,0.21088241040706635,0.21088241040706635,0.21088241040706635,1
38,RUpArmTwist_r_01,0.2108636200428009,0.2108636200428009,0.2108636200428009,1
9,lowerarm_r,0.21078404784202576,0.21078404784202576,0.21078404784202576,1
45,clavicle_r,0.21071162819862366,0.21071162819862366,0.21071162819862366,1
51,neck_01,0.21057790517807007,0.21057790517807007,0.21057790517807007,1
31,R_ForeTwist_02,0.21044078469276428,0.21044078469276428,0.21044078469276428,1
64,LCalfTwist_02,0.21036861836910248,0.21036861836910248,0.21036861836910248,1
69,middle_01_r,0.21030740439891815,0.21030740439891815,0.21030740439891815,1
29,LCalfTwist_01,0.21016496419906616,0.21016496419906616,0.21016496419906616,1
78,RCalfTwist_02,0.21007667481899261,0.21007667481899261,0.21007667481899261,1
78,clavicle_r,0.21001799404621124,0.21001799404621124,0.21001799404621124,1
43,index_01_l,0.2097361832857132,0.2097361832857132,0.2097361832857132,1
45,middle_01_l,0.2096947878599167,0.2096947878599167,0.2096947878599167,1
70,lowerarm_r,0.2094050943851471,0.2094050943851471,0.2094050943851471,1
55,head,0.20917704701423645,0.20917704701423645,0.20917704701423645,1
21,pinky_01_l,0.2090734988451004,0.2090734988451004,0.2090734988451004,1
39,calf_r,0.20878230035305023,0.20878230035305023,0.20878230035305023,1
47,index_01_r,0.20876844227313995,0.20876844227313995,0.20876844227313995,1
34,ring_01_r,0.20873315632343292,0.20873315632343292,0.20873315632343292,1
49,thumb_01_l,0.2087031453847885,0.2087031453847885,0.2087031453847885,1
60,LCalfTwist_01,0.20869457721710205,0.20869457721710205,0.20869457721710205,1
43,clavicle_l,0.208556666970253,0.208556666970253,0.208556666970253,1
64,lowerarm_r,0.2085472047328949,0.2085472047328949,0.2085472047328949,1
70,middle_01_r,0.2085236757993698,0.2085236757993698,0.2085236757993698,1
31,middle_01_r,0.20851100981235504,0.20851100981235504,0.20851100981235504,1
11,index_01_r,0.20840604603290558,0.20840604603290558,0.20840604603290558,1
19,pinky_01_l,0.20831312239170074,0.20831312239170074,0.20831312239170074,1
43,RUpArmTwist_l_02,0.20826832950115204,0.20826832950115204,0.20826832950115204,1
71,RCalfTwist_02,0.2081310749053955,0.2081310749053955,0.2081310749053955,1
69,ring_01_r,0.20806314051151276,0.20806314051151276,0.20806314051151276,1
69,ball_l,0.20802326500415802,0.20802326500415802,0.20802326500415802,1
45,R_ForeTwist_02,0.20777440071105957,0.20777440071105957,0.20777440071105957,1
76,middle_01_r,0.207730233669281,0.207730233669281,0.207730233669281,1
36,thumb_01_l,0.20733307301998138,0.20733307301998138,0.20733307301998138,1
6,thumb_01_l,0.20727840065956116,0.20727840065956116,0.20727840065956116,1
18,index_01_l,0.2072695642709732,0.2072695642709732,0.2072695642709732,1
24,index_01_r,0.20722700655460358,0.20722700655460358,0.20722700655460358,1
50,RUpArmTwist_r_01,0.20719273388385773,0.20719273388385773,0.20719273388385773,1
32,ring_01_r,0.20676298439502716,0.20676298439502716,0.20676298439502716,1
44,calf_l,0.2065928876399994,0.2065928876399994,0.2065928876399994,1
27,ring_01_r,0.20643207430839539,0.20643207430839539,0.20643207430839539,1
69,RCalfTwist_01,0.2062566578388214,0.2062566578388214,0.2062566578388214,1
58,RUpArmTwist_r_02,0.20617331564426422,0.20617331564426422,0.20617331564426422,1
71,ring_01_r,0.20605438947677612,0.20605438947677612,0.20605438947677612,1
39,RCalfTwist_01,0.2059483826160431,0.2059483826160431,0.2059483826160431,1
73,middle_01_r,0.20586712658405304,0.20586712658405304,0.20586712658405304,1
11,pinky_01_r,0.20554791390895844,0.20554791390895844,0.20554791390895844,1
42,LCalfTwist_02,0.20552150905132294,0.20552150905132294,0.20552150905132294,1
69,middle_01_l,0.20547489821910858,0.20547489821910858,0.20547489821910858,1
44,RCalfTwist_01,0.20538845658302307,0.20538845658302307,0.20538845658302307,1
77,R_ForeTwist_02,0.20522268116474152,0.20522268116474152,0.20522268116474152,1
14,thumb_01_l,0.20518508553504944,0.20518508553504944,0.20518508553504944,1
9,clavicle_l,0.20513498783111572,0.20513498783111572,0.20513498783111572,1
32,index_01_l,0.20495939254760742,0.20495939254760742,0.20495939254760742,1
1,index_01_l,0.20493845641613007,0.20493845641613007,0.20493845641613007,1
65,RCalfTwist_02,0.20486824214458466,0.20486824214458466,0.20486824214458466,1
53,RCalfTwist_02,0.20478658378124237,0.20478658378124237,0.20478658378124237,1
60,index_01_l,0.20472048223018646,0.20472048223018646,0.20472048223018646,1
68,middle_01_l,0.20461216568946838,0.20461216568946838,0.20461216568946838,1
41,index_01_l,0.20452189445495605,0.20452189445495605,0.20452189445495605,1
58,RCalfTwist_01,0.20435425639152527,0.20435425639152527,0.20435425639152527,1
15,RCalfTwist_01,0.20432251691818237,0.20432251691818237,0.20432251691818237,1
81,clavicle_r,0.20420882105827332,0.20420882105827332,0.20420882105827332,1
31,RCalfTwist_01,0.20418593287467957,0.20418593287467957,0.20418593287467957,1
28,index_01_r,0.20409974455833435,0.20409974455833435,0.20409974455833435,1
46,LCalfTwist_03,0.2040245085954666,0.2040245085954666,0.2040245085954666,1
79,clavicle_l,0.20392335951328278,0.20392335951328278,0.20392335951328278,1
47,LCalfTwist_03,0.203879714012146,0.203879714012146,0.203879714012146,1
74,ball_l,0.2038499116897583,0.2038499116897583,0.2038499116897583,1
75,thumb_01_l,0.20383231341838837,0.20383231341838837,0.20383231341838837,1
80,ring_01_r,0.20382004976272583,0.20382004976272583,0.20382004976272583,1
32,index_01_r,0.20374563336372375,0.20374563336372375,0.20374563336372375,1
55,middle_01_r,0.2034827470779419,0.2034827470779419,0.2034827470779419,1
71,middle_01_l,0.2033020704984665,0.2033020704984665,0.2033020704984665,1
45,R_ForeTwist_01,0.20323657989501953,0.20323657989501953,0.20323657989501953,1
41,index_01_r,0.20304709672927856,0.20304709672927856,0.20304709672927856,1
74,head,0.20276373624801636,0.20276373624801636,0.20276373624801636,1
70,middle_01_l,0.20268002152442932,0.20268002152442932,0.20268002152442932,1
13,index_01_r,0.20263870060443878,0.20263870060443878,0.20263870060443878,1
26,index_01_r,0.20260362327098846,0.20260362327098846,0.20260362327098846,1
84,RUpArmTwist_l_02,0.20253154635429382,0.20253154635429382,0.20253154635429382,1
8,ring_01_r,0.20224696397781372,0.20224696397781372,0.20224696397781372,1
22,pinky_01_l,0.20216497778892517,0.20216497778892517,0.20216497778892517,1
55,L_ForeTwist_01,0.20197546482086182,0.20197546482086182,0.20197546482086182,1
18,index_01_r,0.20184947550296783,0.20184947550296783,0.20184947550296783,1
45,pinky_01_r,0.20170004665851593,0.20170004665851593,0.20170004665851593,1
56,middle_01_r,0.20134364068508148,0.20134364068508148,0.20134364068508148,1
51,thumb_01_r,0.20130392909049988,0.20130392909049988,0.20130392909049988,1
3,calf_r,0.2013014554977417,0.2013014554977417,0.2013014554977417,1
33,RCalfTwist_01,0.2013000100851059,0.2013000100851059,0.2013000100851059,1
0,pinky_01_l,0.20119304955005646,0.20119304955005646,0.20119304955005646,1
41,RCalfTwist_01,0.20103555917739868,0.20103555917739868,0.20103555917739868,1
27,RUpArmTwist_l_02,0.20101924240589142,0.20101924240589142,0.20101924240589142,1
53,middle_01_r,0.20101012289524078,0.20101012289524078,0.20101012289524078,1
10,RCalfTwist_01,0.20064973831176758,0.20064973831176758,0.20064973831176758,1
61,L_ForeTwist_01,0.200630322098732,0.200630322098732,0.200630322098732,1
21,clavicle_r,0.2004702389240265,0.2004702389240265,0.2004702389240265,1
45,RCalfTwist_01,0.20021362602710724,0.20021362602710724,0.20021362602710724,1
85,RCalfTwist_02,0.20017018914222717,0.20017018914222717,0.20017018914222717,1
25,index_01_l,0.2000771164894104,0.2000771164894104,0.2000771164894104,1
36,RUpArmTwist_r_01,0.20005843043327332,0.20005843043327332,0.20005843043327332,1
17,thumb_01_l,0.2000425010919571,0.2000425010919571,0.2000425010919571,1
30,index_01_l,0.2000075727701187,0.2000075727701187,0.2000075727701187,1
7,clavicle_r,0.19994305074214935,0.19994305074214935,0.19994305074214935,1
75,ring_01_r,0.19980455935001373,0.19980455935001373,0.19980455935001373,1
44,spine_01,0.19980114698410034,0.19980114698410034,0.19980114698410034,1
10,RUpArmTwist_l_01,0.19953162968158722,0.19953162968158722,0.19953162968158722,1
33,R_ForeTwist_02,0.19952479004859924,0.19952479004859924,0.19952479004859924,1
37,index_01_l,0.1992967426776886,0.1992967426776886,0.1992967426776886,1
18,neck_01,0.19918307662010193,0.19918307662010193,0.19918307662010193,1
15,RUpArmTwist_r_01,0.19912931323051453,0.19912931323051453,0.19912931323051453,1
52,R_ForeTwist_02,0.19905002415180206,0.19905002415180206,0.19905002415180206,1
54,L_ForeTwist_01,0.19902506470680237,0.19902506470680237,0.19902506470680237,1
7,RCalfTwist_01,0.19901932775974274,0.19901932775974274,0.19901932775974274,1
25,index_01_r,0.19887910783290863,0.19887910783290863,0.19887910783290863,1
77,thumb_01_l,0.1988220065832138,0.1988220065832138,0.1988220065832138,1
35,hand_l,0.19868092238903046,0.19868092238903046,0.19868092238903046,1
9,index_01_r,0.19835956394672394,0.19835956394672394,0.19835956394672394,1
10,middle_01_r,0.19831189513206482,0.19831189513206482,0.19831189513206482,1
59,ring_01_r,0.19831164181232452,0.19831164181232452,0.19831164181232452,1
81,ring_01_r,0.19827815890312195,0.19827815890312195,0.19827815890312195,1
52,ring_01_r,0.19819894433021545,0.19819894433021545,0.19819894433021545,1
72,middle_01_r,0.1980949491262436,0.1980949491262436,0.1980949491262436,1
85,ring_01_r,0.1979871690273285,0.1979871690273285,0.1979871690273285,1
83,RCalfTwist_03,0.19790498912334442,0.19790498912334442,0.19790498912334442,1
17,ring_01_r,0.19780360162258148,0.19780360162258148,0.19780360162258148,1
3,LCalfTwist_03,0.19777654111385345,0.19777654111385345,0.19777654111385345,1
58,L_ForeTwist_01,0.19770699739456177,0.19770699739456177,0.19770699739456177,1
12,RUpArmTwist_r_02,0.19752517342567444,0.19752517342567444,0.19752517342567444,1
23,index_01_r,0.1974833756685257,0.1974833756685257,0.1974833756685257,1
77,LCalfTwist_01,0.19740508496761322,0.19740508496761322,0.19740508496761322,1
61,ring_01_r,0.1972631812095642,0.1972631812095642,0.1972631812095642,1
9,calf_r,0.19707241654396057,0.19707241654396057,0.19707241654396057,1
13,RCalfTwist_01,0.19673433899879456,0.19673433899879456,0.19673433899879456,1
75,L_ForeTwist_01,0.19660356640815735,0.19660356640815735,0.19660356640815735,1
43,RCalfTwist_03,0.19659589231014252,0.19659589231014252,0.19659589231014252,1
63,LCalfTwist_03,0.1965426355600357,0.1965426355600357,0.1965426355600357,1
47,middle_01_l,0.1964939683675766,0.1964939683675766,0.1964939683675766,1
2,thumb_01_l,0.19647014141082764,0.19647014141082764,0.19647014141082764,1
66,upperarm_r,0.19644244015216827,0.19644244015216827,0.19644244015216827,1
33,index_01_l,0.19635112583637238,0.19635112583637238,0.19635112583637238,1
72,head,0.1962292492389679,0.1962292492389679,0.1962292492389679,1
2,LCalfTwist_03,0.19620558619499207,0.19620558619499207,0.19620558619499207,1
1,pinky_01_l,0.19618219137191772,0.19618219137191772,0.19618219137191772,1
1,RUpArmTwist_l_01,0.19614803791046143,0.19614803791046143,0.19614803791046143,1
55,RUpArmTwist_r_02,0.19604536890983582,0.19604536890983582,0.19604536890983582,1
54,RCalfTwist_01,0.19599634408950806,0.19599634408950806,0.19599634408950806,1
32,R_ForeTwist_02,0.19563308358192444,0.19563308358192444,0.19563308358192444,1
71,middle_01_r,0.1956060826778412,0.1956060826778412,0.1956060826778412,1
54,ring_01_r,0.1955585479736328,0.1955585479736328,0.1955585479736328,1
70,LCalfTwist_01,0.19551962614059448,0.19551962614059448,0.19551962614059448,1
77,RUpArmTwist_l_02,0.19548436999320984,0.19548436999320984,0.19548436999320984,1
9,thumb_01_l,0.19547855854034424,0.19547855854034424,0.19547855854034424,1
11,middle_01_r,0.19523406028747559,0.19523406028747559,0.19523406028747559,1
4,clavicle_l,0.195207417011261,0.195207417011261,0.195207417011261,1
33,pinky_01_l,0.19518816471099854,0.19518816471099854,0.19518816471099854,1
66,LCalfTwist_01,0.19518007338047028,0.19518007338047028,0.19518007338047028,1
27,index_01_r,0.19501717388629913,0.19501717388629913,0.19501717388629913,1
21,LCalfTwist_02,0.19489003717899323,0.19489003717899323,0.19489003717899323,1
51,ring_01_r,0.19481684267520905,0.19481684267520905,0.19481684267520905,1
74,middle_01_r,0.19467775523662567,0.19467775523662567,0.19467775523662567,1
7,upperarm_r,0.1944543868303299,0.1944543868303299,0.1944543868303299,1
10,index_01_r,0.19428516924381256,0.19428516924381256,0.19428516924381256,1
55,RUpArmTwist_l_02,0.1942460983991623,0.1942460983991623,0.1942460983991623,1
64,middle_01_l,0.19424210488796234,0.19424210488796234,0.19424210488796234,1
67,RCalfTwist_01,0.19408588111400604,0.19408588111400604,0.19408588111400604,1
79,RCalfTwist_02,0.19407297670841217,0.19407297670841217,0.19407297670841217,1
32,R_ForeTwist_01,0.19379675388336182,0.19379675388336182,0.19379675388336182,1
20,index_01_l,0.19338148832321167,0.19338148832321167,0.19338148832321167,1
26,middle_01_r,0.19306433200836182,0.19306433200836182,0.19306433200836182,1
79,LCalfTwist_01,0.19300927221775055,0.19300927221775055,0.19300927221775055,1
48,RUpArmTwist_l_01,0.19298410415649414,0.19298410415649414,0.19298410415649414,1
32,RCalfTwist_02,0.19256408512592316,0.19256408512592316,0.19256408512592316,1
26,ring_01_r,0.1924014687538147,0.1924014687538147,0.1924014687538147,1
79,thumb_01_l,0.19234104454517365,0.19234104454517365,0.19234104454517365,1
51,thumb_01_l,0.19230572879314423,0.19230572879314423,0.19230572879314423,1
64,LCalfTwist_01,0.19212056696414948,0.19212056696414948,0.19212056696414948,1
62,LCalfTwist_03,0.19209706783294678,0.19209706783294678,0.19209706783294678,1
35,head,0.19177529215812683,0.19177529215812683,0.19177529215812683,1
58,LCalfTwist_03,0.19158434867858887,0.19158434867858887,0.19158434867858887,1
18,RUpArmTwist_l_02,0.1914767175912857,0.1914767175912857,0.1914767175912857,1
1,L_ForeTwist_02,0.19128751754760742,0.19128751754760742,0.19128751754760742,1
85,RUpArmTwist_l_01,0.19127802550792694,0.19127802550792694,0.19127802550792694,1
79,head,0.1911545991897583,0.1911545991897583,0.1911545991897583,1
13,RCalfTwist_02,0.19113750755786896,0.19113750755786896,0.19113750755786896,1
4,thumb_01_l,0.1909581571817398,0.1909581571817398,0.1909581571817398,1
57,RUpArmTwist_l_02,0.19074063003063202,0.19074063003063202,0.19074063003063202,1
38,thumb_01_l,0.19074054062366486,0.19074054062366486,0.19074054062366486,1
16,LCalfTwist_01,0.19067168235778809,0.19067168235778809,0.19067168235778809,1
83,head,0.19060835242271423,0.19060835242271423,0.19060835242271423,1
65,middle_01_l,0.19034336507320404,0.19034336507320404,0.19034336507320404,1
21,index_01_r,0.1902649998664856,0.1902649998664856,0.1902649998664856,1
54,middle_01_r,0.1902395337820053,0.1902395337820053,0.1902395337820053,1
6,middle_01_l,0.1901077777147293,0.1901077777147293,0.1901077777147293,1
27,middle_01_r,0.19003303349018097,0.19003303349018097,0.19003303349018097,1
57,Bip001,0.1898491084575653,0.1898491084575653,0.1898491084575653,1
43,pinky_01_l,0.18984290957450867,0.18984290957450867,0.18984290957450867,1
82,ring_01_r,0.1898072063922882,0.1898072063922882,0.1898072063922882,1
30,index_01_r,0.1897410899400711,0.1897410899400711,0.1897410899400711,1
6,thigh_r,0.18962953984737396,0.18962953984737396,0.18962953984737396,1
16,LCalfTwist_02,0.18960535526275635,0.18960535526275635,0.18960535526275635,1
5,clavicle_r,0.18955785036087036,0.18955785036087036,0.18955785036087036,1
0,L_ForeTwist_02,0.18931545317173004,0.18931545317173004,0.18931545317173004,1
62,LCalfTwist_01,0.18923622369766235,0.18923622369766235,0.18923622369766235,1
83,lowerarm_r,0.18921475112438202,0.18921475112438202,0.18921475112438202,1
55,ring_01_r,0.18917159736156464,0.18917159736156464,0.18917159736156464,1
82,RUpArmTwist_r_02,0.18914636969566345,0.18914636969566345,0.18914636969566345,1
58,Bip001,0.18911688029766083,0.18911688029766083,0.18911688029766083,1
23,hand_l,0.18908101320266724,0.18908101320266724,0.18908101320266724,1
27,index_01_l,0.18906372785568237,0.18906372785568237,0.18906372785568237,1
20,index_01_r,0.18904247879981995,0.18904247879981995,0.18904247879981995,1
35,index_01_l,0.18895511329174042,0.18895511329174042,0.18895511329174042,1
80,neck_01,0.1887323409318924,0.1887323409318924,0.1887323409318924,1
48,clavicle_r,0.1883275955915451,0.1883275955915451,0.1883275955915451,1
59,L_ForeTwist_01,0.18821237981319427,0.18821237981319427,0.18821237981319427,1
47,RCalfTwist_03,0.18817941844463348,0.18817941844463348,0.18817941844463348,1
16,thumb_01_l,0.1881328970193863,0.1881328970193863,0.1881328970193863,1
2,pinky_01_l,0.1877954602241516,0.1877954602241516,0.1877954602241516,1
58,ring_01_r,0.18778587877750397,0.18778587877750397,0.18778587877750397,1
30,RUpArmTwist_l_02,0.18771250545978546,0.18771250545978546,0.18771250545978546,1
19,index_01_r,0.18759475648403168,0.18759475648403168,0.18759475648403168,1
11,R_ForeTwist_02,0.1875588595867157,0.1875588595867157,0.1875588595867157,1
85,pinky_01_l,0.18739870190620422,0.18739870190620422,0.18739870190620422,1
37,thumb_01_l,0.18736322224140167,0.18736322224140167,0.18736322224140167,1
21,ring_01_r,0.18732842803001404,0.18732842803001404,0.18732842803001404,1
46,clavicle_r,0.18719662725925446,0.18719662725925446,0.18719662725925446,1
60,ball_l,0.18698997795581818,0.18698997795581818,0.18698997795581818,1
49,LCalfTwist_01,0.18682138621807098,0.18682138621807098,0.18682138621807098,1
29,RUpArmTwist_l_01,0.1867925226688385,0.1867925226688385,0.1867925226688385,1
2,R_ForeTwist_02,0.18677030503749847,0.18677030503749847,0.18677030503749847,1
43,Bip001,0.1866731494665146,0.1866731494665146,0.1866731494665146,1
41,LCalfTwist_02,0.18662847578525543,0.18662847578525543,0.18662847578525543,1
74,RUpArmTwist_r_02,0.18658660352230072,0.18658660352230072,0.18658660352230072,1
38,R_ForeTwist_02,0.186304971575737,0.186304971575737,0.186304971575737,1
34,pinky_01_l,0.18617598712444305,0.18617598712444305,0.18617598712444305,1
80,LCalfTwist_03,0.1858712136745453,0.1858712136745453,0.1858712136745453,1
1,thumb_01_r,0.18582573533058167,0.18582573533058167,0.18582573533058167,1
73,clavicle_l,0.18570668995380402,0.18570668995380402,0.18570668995380402,1
0,index_01_r,0.1856609433889389,0.1856609433889389,0.1856609433889389,1
58,LCalfTwist_01,0.18555550277233124,0.18555550277233124,0.18555550277233124,1
67,middle_01_l,0.185554638504982,0.185554638504982,0.185554638504982,1
68,LCalfTwist_01,0.1855330616235733,0.1855330616235733,0.1855330616235733,1
56,ring_01_r,0.1855052411556244,0.1855052411556244,0.1855052411556244,1
66,calf_r,0.18522116541862488,0.18522116541862488,0.18522116541862488,1
27,RUpArmTwist_r_02,0.18501132726669312,0.18501132726669312,0.18501132726669312,1
13,thumb_01_l,0.18501058220863342,0.18501058220863342,0.18501058220863342,1
47,RUpArmTwist_l_02,0.18491050601005554,0.18491050601005554,0.18491050601005554,1
39,thumb_01_l,0.18478108942508698,0.18478108942508698,0.18478108942508698,1
74,L_ForeTwist_01,0.1847238391637802,0.1847238391637802,0.1847238391637802,1
66,head,0.18461106717586517,0.18461106717586517,0.18461106717586517,1
6,ring_01_r,0.18429890275001526,0.18429890275001526,0.18429890275001526,1
1,thumb_01_l,0.18416249752044678,0.18416249752044678,0.18416249752044678,1
14,calf_l,0.18414883315563202,0.18414883315563202,0.18414883315563202,1
20,spine_02,0.18413326144218445,0.18413326144218445,0.18413326144218445,1
44,RUpArmTwist_l_02,0.1840772032737732,0.1840772032737732,0.1840772032737732,1
47,R_ForeTwist_02,0.18405933678150177,0.18405933678150177,0.18405933678150177,1
2,LCalfTwist_02,0.1839626431465149,0.1839626431465149,0.1839626431465149,1
22,index_01_r,0.18395653367042542,0.18395653367042542,0.18395653367042542,1
5,ring_01_r,0.18395505845546722,0.18395505845546722,0.18395505845546722,1
24,ring_01_r,0.1839544028043747,0.1839544028043747,0.1839544028043747,1
11,L_ForeTwist_02,0.18395136296749115,0.18395136296749115,0.18395136296749115,1
50,thumb_01_l,0.18389222025871277,0.18389222025871277,0.18389222025871277,1
26,index_01_l,0.183797687292099,0.183797687292099,0.183797687292099,1
48,ring_01_r,0.18378034234046936,0.18378034234046936,0.18378034234046936,1
39,LCalfTwist_02,0.18369148671627045,0.18369148671627045,0.18369148671627045,1
75,RUpArmTwist_l_01,0.1836341917514801,0.1836341917514801,0.1836341917514801,1
9,L_ForeTwist_02,0.18335552513599396,0.18335552513599396,0.18335552513599396,1
5,RUpArmTwist_r_02,0.18323493003845215,0.18323493003845215,0.18323493003845215,1
59,RCalfTwist_01,0.18313799798488617,0.18313799798488617,0.18313799798488617,1
62,lowerarm_r,0.18309053778648376,0.18309053778648376,0.18309053778648376,1
28,middle_01_r,0.18305988609790802,0.18305988609790802,0.18305988609790802,1
81,middle_01_l,0.18293768167495728,0.18293768167495728,0.18293768167495728,1
3,hand_l,0.18268148601055145,0.18268148601055145,0.18268148601055145,1
47,RUpArmTwist_r_02,0.18248802423477173,0.18248802423477173,0.18248802423477173,1
23,ring_01_r,0.18216904997825623,0.18216904997825623,0.18216904997825623,1
21,index_01_l,0.18210440874099731,0.18210440874099731,0.18210440874099731,1
47,middle_01_r,0.18200534582138062,0.18200534582138062,0.18200534582138062,1
11,LCalfTwist_02,0.18200162053108215,0.18200162053108215,0.18200162053108215,1
58,RUpArmTwist_l_02,0.1813778430223465,0.1813778430223465,0.1813778430223465,1
42,index_01_r,0.1813778132200241,0.1813778132200241,0.1813778132200241,1
51,RUpArmTwist_r_02,0.18133117258548737,0.18133117258548737,0.18133117258548737,1
50,RCalfTwist_01,0.18120251595973969,0.18120251595973969,0.18120251595973969,1
77,L_ForeTwist_01,0.18113957345485687,0.18113957345485687,0.18113957345485687,1
33,R_ForeTwist_01,0.18109945952892303,0.18109945952892303,0.18109945952892303,1
23,RCalfTwist_01,0.1809167116880417,0.1809167116880417,0.1809167116880417,1
36,RCalfTwist_01,0.1808871626853943,0.1808871626853943,0.1808871626853943,1
80,thumb_01_l,0.18087631464004517,0.18087631464004517,0.18087631464004517,1
73,L_ForeTwist_01,0.1807374358177185,0.1807374358177185,0.1807374358177185,1
72,spine_02,0.18062037229537964,0.18062037229537964,0.18062037229537964,1
66,middle_01_l,0.1804352104663849,0.1804352104663849,0.1804352104663849,1
39,head,0.1802169382572174,0.1802169382572174,0.1802169382572174,1
57,clavicle_r,0.18019680678844452,0.18019680678844452,0.18019680678844452,1
3,LCalfTwist_02,0.1801946610212326,0.1801946610212326,0.1801946610212326,1
15,RUpArmTwist_l_02,0.1801610291004181,0.1801610291004181,0.1801610291004181,1
16,clavicle_r,0.18016035854816437,0.18016035854816437,0.18016035854816437,1
45,thumb_01_l,0.1801227629184723,0.1801227629184723,0.1801227629184723,1
41,pinky_01_l,0.17997722327709198,0.17997722327709198,0.17997722327709198,1
55,Bip001,0.1797981560230255,0.1797981560230255,0.1797981560230255,1
30,LCalfTwist_03,0.1796341836452484,0.1796341836452484,0.1796341836452484,1
7,RCalfTwist_02,0.1796175092458725,0.1796175092458725,0.1796175092458725,1
16,index_01_l,0.17951567471027374,0.17951567471027374,0.17951567471027374,1
20,RCalfTwist_01,0.17942239344120026,0.17942239344120026,0.17942239344120026,1
2,L_ForeTwist_02,0.17931537330150604,0.17931537330150604,0.17931537330150604,1
59,Bip001,0.17904724180698395,0.17904724180698395,0.17904724180698395,1
47,head,0.17878787219524384,0.17878787219524384,0.17878787219524384,1
8,index_01_l,0.17871475219726562,0.17871475219726562,0.17871475219726562,1
17,index_01_l,0.17858725786209106,0.17858725786209106,0.17858725786209106,1
84,thumb_01_l,0.1785709410905838,0.1785709410905838,0.1785709410905838,1
46,R_ForeTwist_02,0.17857052385807037,0.17857052385807037,0.17857052385807037,1
16,clavicle_l,0.17838212847709656,0.17838212847709656,0.17838212847709656,1
42,Bip001,0.17821721732616425,0.17821721732616425,0.17821721732616425,1
85,RCalfTwist_01,0.17819468677043915,0.17819468677043915,0.17819468677043915,1
10,L_ForeTwist_02,0.17783446609973907,0.17783446609973907,0.17783446609973907,1
9,middle_01_r,0.17768223583698273,0.17768223583698273,0.17768223583698273,1
29,R_ForeTwist_02,0.17765972018241882,0.17765972018241882,0.17765972018241882,1
15,L_ForeTwist_01,0.1776236593723297,0.1776236593723297,0.1776236593723297,1
60,Bip001,0.17756952345371246,0.17756952345371246,0.17756952345371246,1
64,RUpArmTwist_l_01,0.17753291130065918,0.17753291130065918,0.17753291130065918,1
18,RCalfTwist_01,0.17748460173606873,0.17748460173606873,0.17748460173606873,1
21,RCalfTwist_01,0.17731161415576935,0.17731161415576935,0.17731161415576935,1
38,RCalfTwist_03,0.1771169900894165,0.1771169900894165,0.1771169900894165,1
45,index_01_l,0.17700369656085968,0.17700369656085968,0.17700369656085968,1
24,RCalfTwist_01,0.17678970098495483,0.17678970098495483,0.17678970098495483,1
46,RCalfTwist_02,0.17677049338817596,0.17677049338817596,0.17677049338817596,1
18,RCalfTwist_02,0.17676493525505066,0.17676493525505066,0.17676493525505066,1
16,neck_01,0.17649143934249878,0.17649143934249878,0.17649143934249878,1
61,Bip001,0.17647714912891388,0.17647714912891388,0.17647714912891388,1
46,RUpArmTwist_l_01,0.1763669103384018,0.1763669103384018,0.1763669103384018,1
33,calf_r,0.17636510729789734,0.17636510729789734,0.17636510729789734,1
40,RCalfTwist_01,0.17606425285339355,0.17606425285339355,0.17606425285339355,1
44,index_01_l,0.1760524958372116,0.1760524958372116,0.1760524958372116,1
54,Bip001,0.17603065073490143,0.17603065073490143,0.17603065073490143,1
29,LCalfTwist_02,0.17590297758579254,0.17590297758579254,0.17590297758579254,1
60,L_ForeTwist_02,0.17583748698234558,0.17583748698234558,0.17583748698234558,1
13,index_01_l,0.1756279319524765,0.1756279319524765,0.1756279319524765,1
56,Bip001,0.17553463578224182,0.17553463578224182,0.17553463578224182,1
84,R_ForeTwist_02,0.1754286289215088,0.1754286289215088,0.1754286289215088,1
83,RCalfTwist_01,0.17531444132328033,0.17531444132328033,0.17531444132328033,1
57,ring_01_r,0.1750587821006775,0.1750587821006775,0.1750587821006775,1
84,pinky_01_l,0.1748558133840561,0.1748558133840561,0.1748558133840561,1
66,LCalfTwist_03,0.17484313249588013,0.17484313249588013,0.17484313249588013,1
70,spine_02,0.17467810213565826,0.17467810213565826,0.17467810213565826,1
64,RCalfTwist_01,0.17466723918914795,0.17466723918914795,0.17466723918914795,1
18,ring_01_r,0.17463906109333038,0.17463906109333038,0.17463906109333038,1
84,middle_01_l,0.1746366024017334,0.1746366024017334,0.1746366024017334,1
44,LCalfTwist_01,0.17457418143749237,0.17457418143749237,0.17457418143749237,1
56,head,0.17454028129577637,0.17454028129577637,0.17454028129577637,1
79,RUpArmTwist_r_02,0.17441900074481964,0.17441900074481964,0.17441900074481964,1
26,RCalfTwist_01,0.1742003709077835,0.1742003709077835,0.1742003709077835,1
49,LCalfTwist_02,0.17411085963249207,0.17411085963249207,0.17411085963249207,1
81,RUpArmTwist_l_02,0.1740805059671402,0.1740805059671402,0.1740805059671402,1
17,calf_r,0.17397230863571167,0.17397230863571167,0.17397230863571167,1
16,R_ForeTwist_02,0.17395858466625214,0.17395858466625214,0.17395858466625214,1
3,L_ForeTwist_01,0.17376315593719482,0.17376315593719482,0.17376315593719482,1
82,RCalfTwist_01,0.17369209229946136,0.17369209229946136,0.17369209229946136,1
22,RCalfTwist_01,0.1736745834350586,0.1736745834350586,0.1736745834350586,1
47,LCalfTwist_02,0.173642098903656,0.173642098903656,0.173642098903656,1
23,index_01_l,0.17342261970043182,0.17342261970043182,0.17342261970043182,1
29,middle_01_r,0.17340314388275146,0.17340314388275146,0.17340314388275146,1
84,ring_01_r,0.17337065935134888,0.17337065935134888,0.17337065935134888,1
67,LCalfTwist_01,0.17333382368087769,0.17333382368087769,0.17333382368087769,1
39,index_01_l,0.17318743467330933,0.17318743467330933,0.17318743467330933,1
52,L_ForeTwist_01,0.17280147969722748,0.17280147969722748,0.17280147969722748,1
46,RCalfTwist_01,0.17262336611747742,0.17262336611747742,0.17262336611747742,1
83,clavicle_r,0.17261800169944763,0.17261800169944763,0.17261800169944763,1
35,RCalfTwist_01,0.1725594699382782,0.1725594699382782,0.1725594699382782,1
71,L_ForeTwist_01,0.172410786151886,0.172410786151886,0.172410786151886,1
51,LCalfTwist_03,0.1721809357404709,0.1721809357404709,0.1721809357404709,1
27,RCalfTwist_02,0.17216692864894867,0.17216692864894867,0.17216692864894867,1
49,RUpArmTwist_l_01,0.17210005223751068,0.17210005223751068,0.17210005223751068,1
72,R_ForeTwist_02,0.17207400500774384,0.17207400500774384,0.17207400500774384,1
26,head,0.17186301946640015,0.17186301946640015,0.17186301946640015,1
4,calf_r,0.17177902162075043,0.17177902162075043,0.17177902162075043,1
27,L_ForeTwist_01,0.17161540687084198,0.17161540687084198,0.17161540687084198,1
40,index_01_l,0.17158067226409912,0.17158067226409912,0.17158067226409912,1
8,middle_01_r,0.17157386243343353,0.17157386243343353,0.17157386243343353,1
43,LCalfTwist_02,0.17141900956630707,0.17141900956630707,0.17141900956630707,1
16,RUpArmTwist_r_01,0.17135225236415863,0.17135225236415863,0.17135225236415863,1
11,RUpArmTwist_l_01,0.1712856888771057,0.1712856888771057,0.1712856888771057,1
14,RCalfTwist_01,0.17111708223819733,0.17111708223819733,0.17111708223819733,1
49,middle_01_l,0.1710655242204666,0.1710655242204666,0.1710655242204666,1
83,thumb_01_l,0.17090654373168945,0.17090654373168945,0.17090654373168945,1
75,RCalfTwist_03,0.1708832085132599,0.1708832085132599,0.1708832085132599,1
22,clavicle_r,0.1708737313747406,0.1708737313747406,0.1708737313747406,1
25,ring_01_r,0.1708407998085022,0.1708407998085022,0.1708407998085022,1
4,RUpArmTwist_r_02,0.1708340048789978,0.1708340048789978,0.1708340048789978,1
81,thumb_01_l,0.17051111161708832,0.17051111161708832,0.17051111161708832,1
14,index_01_l,0.17048820853233337,0.17048820853233337,0.17048820853233337,1
2,spine_01,0.17038220167160034,0.17038220167160034,0.17038220167160034,1
13,R_ForeTwist_02,0.1702810525894165,0.1702810525894165,0.1702810525894165,1
76,L_ForeTwist_01,0.17021241784095764,0.17021241784095764,0.17021241784095764,1
17,RCalfTwist_01,0.17018745839595795,0.17018745839595795,0.17018745839595795,1
71,head,0.17008700966835022,0.17008700966835022,0.17008700966835022,1
16,RCalfTwist_01,0.16995568573474884,0.16995568573474884,0.16995568573474884,1
19,L_ForeTwist_01,0.16990108788013458,0.16990108788013458,0.16990108788013458,1
11,calf_r,0.16990047693252563,0.16990047693252563,0.16990047693252563,1
28,index_01_l,0.1698405146598816,0.1698405146598816,0.1698405146598816,1
49,RCalfTwist_01,0.16975896060466766,0.16975896060466766,0.16975896060466766,1
62,RCalfTwist_01,0.16953186690807343,0.16953186690807343,0.16953186690807343,1
81,RUpArmTwist_r_02,0.16922800242900848,0.16922800242900848,0.16922800242900848,1
46,head,0.16918791830539703,0.16918791830539703,0.16918791830539703,1
20,RCalfTwist_02,0.1690472513437271,0.1690472513437271,0.1690472513437271,1
15,neck_01,0.16903486847877502,0.16903486847877502,0.16903486847877502,1
26,RCalfTwist_02,0.16896937787532806,0.16896937787532806,0.16896937787532806,1
44,R_ForeTwist_02,0.1689004749059677,0.1689004749059677,0.1689004749059677,1
43,RCalfTwist_02,0.1685437560081482,0.1685437560081482,0.1685437560081482,1
29,RUpArmTwist_r_02,0.16841305792331696,0.16841305792331696,0.16841305792331696,1
80,L_ForeTwist_01,0.16830681264400482,0.16830681264400482,0.16830681264400482,1
33,L_ForeTwist_01,0.16819365322589874,0.16819365322589874,0.16819365322589874,1
40,RUpArmTwist_r_01,0.16806630790233612,0.16806630790233612,0.16806630790233612,1
3,L_ForeTwist_02,0.16798879206180573,0.16798879206180573,0.16798879206180573,1
82,thumb_01_l,0.16787442564964294,0.16787442564964294,0.16787442564964294,1
6,spine_01,0.16785380244255066,0.16785380244255066,0.16785380244255066,1
44,thumb_01_l,0.16783544421195984,0.16783544421195984,0.16783544421195984,1
20,ring_01_r,0.16780611872673035,0.16780611872673035,0.16780611872673035,1
56,R_ForeTwist_02,0.16736043989658356,0.16736043989658356,0.16736043989658356,1
34,L_ForeTwist_01,0.16724075376987457,0.16724075376987457,0.16724075376987457,1
41,RCalfTwist_03,0.16692861914634705,0.16692861914634705,0.16692861914634705,1
36,index_01_l,0.16692474484443665,0.16692474484443665,0.16692474484443665,1
78,clavicle_l,0.16667862236499786,0.16667862236499786,0.16667862236499786,1
82,middle_01_l,0.16653046011924744,0.16653046011924744,0.16653046011924744,1
13,L_ForeTwist_01,0.16644367575645447,0.16644367575645447,0.16644367575645447,1
20,RCalfTwist_03,0.16643738746643066,0.16643738746643066,0.16643738746643066,1
5,clavicle_l,0.1664259135723114,0.1664259135723114,0.1664259135723114,1
42,RCalfTwist_03,0.16636939346790314,0.16636939346790314,0.16636939346790314,1
13,RCalfTwist_03,0.16616278886795044,0.16616278886795044,0.16616278886795044,1
14,calf_r,0.16590867936611176,0.16590867936611176,0.16590867936611176,1
83,RUpArmTwist_r_02,0.16569854319095612,0.16569854319095612,0.16569854319095612,1
15,calf_r,0.16558846831321716,0.16558846831321716,0.16558846831321716,1
19,RCalfTwist_01,0.1655658483505249,0.1655658483505249,0.1655658483505249,1
53,R_ForeTwist_01,0.16537164151668549,0.16537164151668549,0.16537164151668549,1
19,ring_01_r,0.1653631329536438,0.1653631329536438,0.1653631329536438,1
76,lowerarm_r,0.16517619788646698,0.16517619788646698,0.16517619788646698,1
22,L_ForeTwist_01,0.16511082649230957,0.16511082649230957,0.16511082649230957,1
78,head,0.16499939560890198,0.16499939560890198,0.16499939560890198,1
6,RCalfTwist_01,0.16484086215496063,0.16484086215496063,0.16484086215496063,1
26,RUpArmTwist_r_02,0.16477084159851074,0.16477084159851074,0.16477084159851074,1
27,RCalfTwist_01,0.16465438902378082,0.16465438902378082,0.16465438902378082,1
52,RUpArmTwist_l_02,0.16453999280929565,0.16453999280929565,0.16453999280929565,1
85,R_ForeTwist_02,0.16446682810783386,0.16446682810783386,0.16446682810783386,1
18,L_ForeTwist_01,0.16446645557880402,0.16446645557880402,0.16446645557880402,1
53,L_ForeTwist_01,0.1642206609249115,0.1642206609249115,0.1642206609249115,1
15,R_ForeTwist_02,0.1641954630613327,0.1641954630613327,0.1641954630613327,1
66,RCalfTwist_02,0.1640234887599945,0.1640234887599945,0.1640234887599945,1
79,clavicle_r,0.16402210295200348,0.16402210295200348,0.16402210295200348,1
12,RCalfTwist_01,0.16398943960666656,0.16398943960666656,0.16398943960666656,1
62,spine_01,0.1638554334640503,0.1638554334640503,0.1638554334640503,1
43,spine_01,0.16385087370872498,0.16385087370872498,0.16385087370872498,1
31,LCalfTwist_01,0.16363240778446198,0.16363240778446198,0.16363240778446198,1
47,RCalfTwist_01,0.16346383094787598,0.16346383094787598,0.16346383094787598,1
85,thumb_01_l,0.1634216010570526,0.1634216010570526,0.1634216010570526,1
63,Bip001,0.1633477509021759,0.1633477509021759,0.1633477509021759,1
19,RCalfTwist_02,0.16329266130924225,0.16329266130924225,0.16329266130924225,1
84,RUpArmTwist_r_02,0.16328012943267822,0.16328012943267822,0.16328012943267822,1
27,head,0.16321448981761932,0.16321448981761932,0.16321448981761932,1
57,RUpArmTwist_r_02,0.1630931794643402,0.1630931794643402,0.1630931794643402,1
83,L_ForeTwist_01,0.1630852222442627,0.1630852222442627,0.1630852222442627,1
40,thumb_01_l,0.16302120685577393,0.16302120685577393,0.16302120685577393,1
53,Bip001,0.1627378910779953,0.1627378910779953,0.1627378910779953,1
65,Bip001,0.16265296936035156,0.16265296936035156,0.16265296936035156,1
76,RCalfTwist_03,0.1625220775604248,0.1625220775604248,0.1625220775604248,1
26,R_ForeTwist_02,0.16250374913215637,0.16250374913215637,0.16250374913215637,1
30,L_ForeTwist_01,0.1623421460390091,0.1623421460390091,0.1623421460390091,1
5,LCalfTwist_01,0.16222862899303436,0.16222862899303436,0.16222862899303436,1
25,RCalfTwist_01,0.16206325590610504,0.16206325590610504,0.16206325590610504,1
42,clavicle_r,0.16205638647079468,0.16205638647079468,0.16205638647079468,1
52,Bip001,0.16203080117702484,0.16203080117702484,0.16203080117702484,1
3,thumb_01_r,0.16200189292430878,0.16200189292430878,0.16200189292430878,1
66,Bip001,0.16169284284114838,0.16169284284114838,0.16169284284114838,1
70,R_ForeTwist_02,0.16160441935062408,0.16160441935062408,0.16160441935062408,1
75,ball_l,0.16156011819839478,0.16156011819839478,0.16156011819839478,1
80,RCalfTwist_02,0.16150294244289398,0.16150294244289398,0.16150294244289398,1
39,R_ForeTwist_02,0.16114264726638794,0.16114264726638794,0.16114264726638794,1
62,Bip001,0.16100722551345825,0.16100722551345825,0.16100722551345825,1
44,RUpArmTwist_l_01,0.16098524630069733,0.16098524630069733,0.16098524630069733,1
4,RUpArmTwist_l_01,0.16077853739261627,0.16077853739261627,0.16077853739261627,1
62,R_ForeTwist_02,0.16077324748039246,0.16077324748039246,0.16077324748039246,1
64,Bip001,0.1607436239719391,0.1607436239719391,0.1607436239719391,1
48,R_ForeTwist_02,0.16072872281074524,0.16072872281074524,0.16072872281074524,1
1,R_ForeTwist_02,0.16066430509090424,0.16066430509090424,0.16066430509090424,1
10,RCalfTwist_03,0.16063475608825684,0.16063475608825684,0.16063475608825684,1
58,RCalfTwist_03,0.16059675812721252,0.16059675812721252,0.16059675812721252,1
46,L_ForeTwist_02,0.16051806509494781,0.16051806509494781,0.16051806509494781,1
71,Bip001,0.1604365110397339,0.1604365110397339,0.1604365110397339,1
78,RUpArmTwist_r_02,0.16035622358322144,0.16035622358322144,0.16035622358322144,1
2,Bip001,0.16015884280204773,0.16015884280204773,0.16015884280204773,1
76,R_ForeTwist_02,0.1601153314113617,0.1601153314113617,0.1601153314113617,1
56,LCalfTwist_01,0.15990740060806274,0.15990740060806274,0.15990740060806274,1
69,Bip001,0.15988989174365997,0.15988989174365997,0.15988989174365997,1
67,Bip001,0.15983152389526367,0.15983152389526367,0.15983152389526367,1
46,RCalfTwist_03,0.1598181426525116,0.1598181426525116,0.1598181426525116,1
50,lowerarm_r,0.15977364778518677,0.15977364778518677,0.15977364778518677,1
77,RUpArmTwist_r_02,0.15974251925945282,0.15974251925945282,0.15974251925945282,1
82,R_ForeTwist_02,0.15968166291713715,0.15968166291713715,0.15968166291713715,1
10,RUpArmTwist_r_02,0.15966194868087769,0.15966194868087769,0.15966194868087769,1
63,L_ForeTwist_01,0.1595698893070221,0.1595698893070221,0.1595698893070221,1
29,L_ForeTwist_02,0.1594371348619461,0.1594371348619461,0.1594371348619461,1
32,L_ForeTwist_01,0.15932758152484894,0.15932758152484894,0.15932758152484894,1
85,middle_01_l,0.15927237272262573,0.15927237272262573,0.15927237272262573,1
22,RCalfTwist_02,0.15911157429218292,0.15911157429218292,0.15911157429218292,1
2,RUpArmTwist_r_02,0.15908372402191162,0.15908372402191162,0.15908372402191162,1
12,LCalfTwist_03,0.1588500291109085,0.1588500291109085,0.1588500291109085,1
53,RCalfTwist_01,0.1588263213634491,0.1588263213634491,0.1588263213634491,1
57,R_ForeTwist_02,0.15871483087539673,0.15871483087539673,0.15871483087539673,1
68,Bip001,0.1585652381181717,0.1585652381181717,0.1585652381181717,1
40,RUpArmTwist_l_02,0.15852470695972443,0.15852470695972443,0.15852470695972443,1
43,R_ForeTwist_02,0.15847516059875488,0.15847516059875488,0.15847516059875488,1
74,RCalfTwist_02,0.15843148529529572,0.15843148529529572,0.15843148529529572,1
62,RUpArmTwist_r_02,0.15842923521995544,0.15842923521995544,0.15842923521995544,1
75,RUpArmTwist_l_02,0.1584230363368988,0.1584230363368988,0.1584230363368988,1
48,RUpArmTwist_l_02,0.15832309424877167,0.15832309424877167,0.15832309424877167,1
69,L_ForeTwist_01,0.15780523419380188,0.15780523419380188,0.15780523419380188,1
64,RCalfTwist_03,0.15753746032714844,0.15753746032714844,0.15753746032714844,1
32,RUpArmTwist_r_02,0.15741442143917084,0.15741442143917084,0.15741442143917084,1
42,LCalfTwist_01,0.15735648572444916,0.15735648572444916,0.15735648572444916,1
12,LCalfTwist_02,0.15710236132144928,0.15710236132144928,0.15710236132144928,1
46,RUpArmTwist_r_02,0.1568354070186615,0.1568354070186615,0.1568354070186615,1
64,RUpArmTwist_r_02,0.15671813488006592,0.15671813488006592,0.15671813488006592,1
46,middle_01_r,0.1566389948129654,0.1566389948129654,0.1566389948129654,1
17,R_ForeTwist_02,0.15649199485778809,0.15649199485778809,0.15649199485778809,1
13,head,0.1564687341451645,0.1564687341451645,0.1564687341451645,1
16,L_ForeTwist_01,0.15641939640045166,0.15641939640045166,0.15641939640045166,1
2,RUpArmTwist_l_02,0.15633690357208252,0.15633690357208252,0.15633690357208252,1
22,ring_01_r,0.15626156330108643,0.15626156330108643,0.15626156330108643,1
70,Bip001,0.15620531141757965,0.15620531141757965,0.15620531141757965,1
25,L_ForeTwist_01,0.15620078146457672,0.15620078146457672,0.15620078146457672,1
17,L_ForeTwist_01,0.15588340163230896,0.15588340163230896,0.15588340163230896,1
30,LCalfTwist_02,0.1556675136089325,0.1556675136089325,0.1556675136089325,1
48,RCalfTwist_02,0.155518040060997,0.155518040060997,0.155518040060997,1
24,R_ForeTwist_02,0.1554143726825714,0.1554143726825714,0.1554143726825714,1
40,head,0.1553637981414795,0.1553637981414795,0.1553637981414795,1
63,R_ForeTwist_02,0.1550590991973877,0.1550590991973877,0.1550590991973877,1
50,ring_01_r,0.15492020547389984,0.15492020547389984,0.15492020547389984,1
83,clavicle_l,0.15491913259029388,0.15491913259029388,0.15491913259029388,1
67,R_ForeTwist_02,0.154889315366745,0.154889315366745,0.154889315366745,1
3,pinky_01_l,0.15475337207317352,0.15475337207317352,0.15475337207317352,1
51,L_ForeTwist_01,0.15473096072673798,0.15473096072673798,0.15473096072673798,1
63,RUpArmTwist_r_02,0.15454229712486267,0.15454229712486267,0.15454229712486267,1
14,L_ForeTwist_01,0.15452885627746582,0.15452885627746582,0.15452885627746582,1
48,middle_01_l,0.1545007824897766,0.1545007824897766,0.1545007824897766,1
20,L_ForeTwist_01,0.15439172089099884,0.15439172089099884,0.15439172089099884,1
2,thumb_01_r,0.15415893495082855,0.15415893495082855,0.15415893495082855,1
40,R_ForeTwist_02,0.15413352847099304,0.15413352847099304,0.15413352847099304,1
35,L_ForeTwist_02,0.1541329324245453,0.1541329324245453,0.1541329324245453,1
61,RCalfTwist_01,0.15412746369838715,0.15412746369838715,0.15412746369838715,1
7,ring_01_r,0.15407800674438477,0.15407800674438477,0.15407800674438477,1
31,clavicle_r,0.15393158793449402,0.15393158793449402,0.15393158793449402,1
26,L_ForeTwist_01,0.15391825139522552,0.15391825139522552,0.15391825139522552,1
49,ring_01_r,0.15381653606891632,0.15381653606891632,0.15381653606891632,1
8,middle_01_l,0.15358896553516388,0.15358896553516388,0.15358896553516388,1
33,RUpArmTwist_l_02,0.15353070199489594,0.15353070199489594,0.15353070199489594,1
7,head,0.15350204706192017,0.15350204706192017,0.15350204706192017,1
56,RUpArmTwist_l_02,0.15338854491710663,0.15338854491710663,0.15338854491710663,1
24,L_ForeTwist_02,0.15327605605125427,0.15327605605125427,0.15327605605125427,1
20,R_ForeTwist_02,0.1532430648803711,0.1532430648803711,0.1532430648803711,1
74,R_ForeTwist_02,0.15308944880962372,0.15308944880962372,0.15308944880962372,1
79,L_ForeTwist_02,0.1529180258512497,0.1529180258512497,0.1529180258512497,1
38,L_ForeTwist_02,0.15286791324615479,0.15286791324615479,0.15286791324615479,1
36,L_ForeTwist_02,0.15279099345207214,0.15279099345207214,0.15279099345207214,1
35,L_ForeTwist_01,0.15274249017238617,0.15274249017238617,0.15274249017238617,1
51,L_ForeTwist_02,0.15245260298252106,0.15245260298252106,0.15245260298252106,1
37,LCalfTwist_03,0.15231800079345703,0.15231800079345703,0.15231800079345703,1
60,R_ForeTwist_02,0.15227995812892914,0.15227995812892914,0.15227995812892914,1
76,RCalfTwist_02,0.1522691249847412,0.1522691249847412,0.1522691249847412,1
83,LCalfTwist_01,0.15224233269691467,0.15224233269691467,0.15224233269691467,1
62,L_ForeTwist_01,0.1522345095872879,0.1522345095872879,0.1522345095872879,1
49,clavicle_r,0.1520855724811554,0.1520855724811554,0.1520855724811554,1
51,Bip001,0.152020663022995,0.152020663022995,0.152020663022995,1
73,LCalfTwist_01,0.15193089842796326,0.15193089842796326,0.15193089842796326,1
83,ring_01_r,0.1519247144460678,0.1519247144460678,0.1519247144460678,1
0,RUpArmTwist_r_02,0.15185576677322388,0.15185576677322388,0.15185576677322388,1
55,R_ForeTwist_02,0.15176327526569366,0.15176327526569366,0.15176327526569366,1
34,LCalfTwist_03,0.1516239494085312,0.1516239494085312,0.1516239494085312,1
17,neck_01,0.15160292387008667,0.15160292387008667,0.15160292387008667,1
31,L_ForeTwist_01,0.15143230557441711,0.15143230557441711,0.15143230557441711,1
42,R_ForeTwist_02,0.15137293934822083,0.15137293934822083,0.15137293934822083,1
33,clavicle_l,0.15127453207969666,0.15127453207969666,0.15127453207969666,1
47,clavicle_r,0.15120859444141388,0.15120859444141388,0.15120859444141388,1
63,L_ForeTwist_02,0.15108755230903625,0.15108755230903625,0.15108755230903625,1
23,RUpArmTwist_r_01,0.1510581076145172,0.1510581076145172,0.1510581076145172,1
28,L_ForeTwist_01,0.1507648229598999,0.1507648229598999,0.1507648229598999,1
6,RUpArmTwist_l_02,0.15066590905189514,0.15066590905189514,0.15066590905189514,1
83,middle_01_l,0.15064433217048645,0.15064433217048645,0.15064433217048645,1
15,LCalfTwist_01,0.1505727469921112,0.1505727469921112,0.1505727469921112,1
31,L_ForeTwist_02,0.15048855543136597,0.15048855543136597,0.15048855543136597,1
44,RUpArmTwist_r_02,0.1504218578338623,0.1504218578338623,0.1504218578338623,1
67,RCalfTwist_02,0.150377556681633,0.150377556681633,0.150377556681633,1
47,clavicle_l,0.15026822686195374,0.15026822686195374,0.15026822686195374,1
10,thumb_01_l,0.15026193857192993,0.15026193857192993,0.15026193857192993,1
31,index_01_l,0.15020154416561127,0.15020154416561127,0.15020154416561127,1
75,R_ForeTwist_02,0.15005725622177124,0.15005725622177124,0.15005725622177124,1
41,Bip001,0.150008425116539,0.150008425116539,0.150008425116539,1
2,LCalfTwist_01,0.14994727075099945,0.14994727075099945,0.14994727075099945,1
24,RCalfTwist_02,0.1497793048620224,0.1497793048620224,0.1497793048620224,1
1,RCalfTwist_03,0.14942006766796112,0.14942006766796112,0.14942006766796112,1
54,LCalfTwist_01,0.1493116319179535,0.1493116319179535,0.1493116319179535,1
2,L_ForeTwist_01,0.1492716670036316,0.1492716670036316,0.1492716670036316,1
2,RCalfTwist_03,0.14922121167182922,0.14922121167182922,0.14922121167182922,1
59,RUpArmTwist_r_02,0.1490985006093979,0.1490985006093979,0.1490985006093979,1
49,clavicle_l,0.14861540496349335,0.14861540496349335,0.14861540496349335,1
42,ring_01_r,0.14837296307086945,0.14837296307086945,0.14837296307086945,1
84,Bip001,0.14836421608924866,0.14836421608924866,0.14836421608924866,1
62,L_ForeTwist_02,0.14814196527004242,0.14814196527004242,0.14814196527004242,1
45,RUpArmTwist_r_02,0.14811092615127563,0.14811092615127563,0.14811092615127563,1
59,LCalfTwist_01,0.14807718992233276,0.14807718992233276,0.14807718992233276,1
24,head,0.14777563512325287,0.14777563512325287,0.14777563512325287,1
21,L_ForeTwist_01,0.14711055159568787,0.14711055159568787,0.14711055159568787,1
49,R_ForeTwist_02,0.14703746140003204,0.14703746140003204,0.14703746140003204,1
44,L_ForeTwist_02,0.14700889587402344,0.14700889587402344,0.14700889587402344,1
26,LCalfTwist_03,0.14699257910251617,0.14699257910251617,0.14699257910251617,1
29,L_ForeTwist_01,0.1467677503824234,0.1467677503824234,0.1467677503824234,1
78,Bip001,0.14670932292938232,0.14670932292938232,0.14670932292938232,1
34,calf_r,0.14670142531394958,0.14670142531394958,0.14670142531394958,1
12,LCalfTwist_01,0.14669038355350494,0.14669038355350494,0.14669038355350494,1
24,index_01_l,0.14662109315395355,0.14662109315395355,0.14662109315395355,1
68,L_ForeTwist_01,0.14638015627861023,0.14638015627861023,0.14638015627861023,1
45,LCalfTwist_01,0.14604321122169495,0.14604321122169495,0.14604321122169495,1
43,head,0.1459193229675293,0.1459193229675293,0.1459193229675293,1
62,clavicle_l,0.14591217041015625,0.14591217041015625,0.14591217041015625,1
10,R_ForeTwist_02,0.14578582346439362,0.14578582346439362,0.14578582346439362,1
23,head,0.14569295942783356,0.14569295942783356,0.14569295942783356,1
74,Bip001,0.1455492228269577,0.1455492228269577,0.1455492228269577,1
75,L_ForeTwist_02,0.14540761709213257,0.14540761709213257,0.14540761709213257,1
50,RCalfTwist_02,0.14540384709835052,0.14540384709835052,0.14540384709835052,1
11,thumb_01_l,0.145246222615242,0.145246222615242,0.145246222615242,1
7,L_ForeTwist_01,0.1452224999666214,0.1452224999666214,0.1452224999666214,1
77,L_ForeTwist_02,0.14505718648433685,0.14505718648433685,0.14505718648433685,1
23,clavicle_r,0.14503568410873413,0.14503568410873413,0.14503568410873413,1
78,RUpArmTwist_l_02,0.1445324569940567,0.1445324569940567,0.1445324569940567,1
61,LCalfTwist_03,0.14448079466819763,0.14448079466819763,0.14448079466819763,1
72,Bip001,0.1444488763809204,0.1444488763809204,0.1444488763809204,1
23,L_ForeTwist_02,0.1444004774093628,0.1444004774093628,0.1444004774093628,1
18,LCalfTwist_03,0.14433516561985016,0.14433516561985016,0.14433516561985016,1
8,RUpArmTwist_l_02,0.14423012733459473,0.14423012733459473,0.14423012733459473,1
83,RCalfTwist_02,0.1442050188779831,0.1442050188779831,0.1442050188779831,1
44,lowerarm_r,0.14385607838630676,0.14385607838630676,0.14385607838630676,1
33,L_ForeTwist_02,0.14368553459644318,0.14368553459644318,0.14368553459644318,1
82,Bip001,0.14310280978679657,0.14310280978679657,0.14310280978679657,1
85,L_ForeTwist_01,0.14299483597278595,0.14299483597278595,0.14299483597278595,1
50,R_ForeTwist_02,0.14291992783546448,0.14291992783546448,0.14291992783546448,1
81,L_ForeTwist_02,0.14280475676059723,0.14280475676059723,0.14280475676059723,1
67,RUpArmTwist_l_01,0.1428045630455017,0.1428045630455017,0.1428045630455017,1
28,R_ForeTwist_02,0.1421470046043396,0.1421470046043396,0.1421470046043396,1
81,clavicle_l,0.1421014666557312,0.1421014666557312,0.1421014666557312,1
12,L_ForeTwist_01,0.1420610249042511,0.1420610249042511,0.1420610249042511,1
26,L_ForeTwist_02,0.1418703943490982,0.1418703943490982,0.1418703943490982,1
13,RUpArmTwist_r_01,0.14165635406970978,0.14165635406970978,0.14165635406970978,1
9,clavicle_r,0.14163988828659058,0.14163988828659058,0.14163988828659058,1
38,index_01_l,0.14161257445812225,0.14161257445812225,0.14161257445812225,1
28,L_ForeTwist_02,0.14159752428531647,0.14159752428531647,0.14159752428531647,1
1,foot_r,0.14159715175628662,0.14159715175628662,0.14159715175628662,1
25,R_ForeTwist_02,0.14148300886154175,0.14148300886154175,0.14148300886154175,1
77,hand_l,0.14138807356357574,0.14138807356357574,0.14138807356357574,1
21,R_ForeTwist_02,0.14138497412204742,0.14138497412204742,0.14138497412204742,1
21,calf_r,0.14128327369689941,0.14128327369689941,0.14128327369689941,1
9,index_01_l,0.14118073880672455,0.14118073880672455,0.14118073880672455,1
82,L_ForeTwist_01,0.14108219742774963,0.14108219742774963,0.14108219742774963,1
36,RCalfTwist_02,0.14097635447978973,0.14097635447978973,0.14097635447978973,1
30,RUpArmTwist_r_02,0.1407381147146225,0.1407381147146225,0.1407381147146225,1
27,RCalfTwist_03,0.1406937688589096,0.1406937688589096,0.1406937688589096,1
3,RUpArmTwist_r_02,0.1406242549419403,0.1406242549419403,0.1406242549419403,1
37,L_ForeTwist_01,0.1405465006828308,0.1405465006828308,0.1405465006828308,1
14,RUpArmTwist_r_02,0.14031736552715302,0.14031736552715302,0.14031736552715302,1
25,head,0.14010626077651978,0.14010626077651978,0.14010626077651978,1
39,L_ForeTwist_01,0.13996122777462006,0.13996122777462006,0.13996122777462006,1
72,L_ForeTwist_01,0.13990697264671326,0.13990697264671326,0.13990697264671326,1
34,neck_01,0.13962237536907196,0.13962237536907196,0.13962237536907196,1
22,head,0.1395779848098755,0.1395779848098755,0.1395779848098755,1
8,L_ForeTwist_02,0.13928207755088806,0.13928207755088806,0.13928207755088806,1
33,RUpArmTwist_r_02,0.13927851617336273,0.13927851617336273,0.13927851617336273,1
36,R_ForeTwist_02,0.1390521377325058,0.1390521377325058,0.1390521377325058,1
23,L_ForeTwist_01,0.13904280960559845,0.13904280960559845,0.13904280960559845,1
10,RCalfTwist_02,0.13891182839870453,0.13891182839870453,0.13891182839870453,1
65,L_ForeTwist_01,0.13885264098644257,0.13885264098644257,0.13885264098644257,1
21,L_ForeTwist_02,0.13880477845668793,0.13880477845668793,0.13880477845668793,1
70,RCalfTwist_01,0.13871604204177856,0.13871604204177856,0.13871604204177856,1
0,Bip001,0.13863879442214966,0.13863879442214966,0.13863879442214966,1
80,L_ForeTwist_02,0.13861317932605743,0.13861317932605743,0.13861317932605743,1
81,LCalfTwist_01,0.13858571648597717,0.13858571648597717,0.13858571648597717,1
73,R_ForeTwist_02,0.13854075968265533,0.13854075968265533,0.13854075968265533,1
7,middle_01_l,0.13808976113796234,0.13808976113796234,0.13808976113796234,1
51,LCalfTwist_01,0.13806502521038055,0.13806502521038055,0.13806502521038055,1
41,L_ForeTwist_01,0.13803598284721375,0.13803598284721375,0.13803598284721375,1
47,L_ForeTwist_01,0.13778048753738403,0.13778048753738403,0.13778048753738403,1
48,RCalfTwist_01,0.13763540983200073,0.13763540983200073,0.13763540983200073,1
45,L_ForeTwist_02,0.1376073807477951,0.1376073807477951,0.1376073807477951,1
3,thumb_01_l,0.13747960329055786,0.13747960329055786,0.13747960329055786,1
83,Bip001,0.1373448520898819,0.1373448520898819,0.1373448520898819,1
65,head,0.13730747997760773,0.13730747997760773,0.13730747997760773,1
25,RCalfTwist_02,0.13671426475048065,0.13671426475048065,0.13671426475048065,1
3,Bip001,0.13650481402873993,0.13650481402873993,0.13650481402873993,1
42,thumb_01_l,0.13635192811489105,0.13635192811489105,0.13635192811489105,1
36,L_ForeTwist_01,0.13622958958148956,0.13622958958148956,0.13622958958148956,1
4,L_ForeTwist_02,0.1360066682100296,0.1360066682100296,0.1360066682100296,1
34,RUpArmTwist_r_01,0.1359768509864807,0.1359768509864807,0.1359768509864807,1
44,hand_l,0.13596229255199432,0.13596229255199432,0.13596229255199432,1
70,RCalfTwist_03,0.1358683854341507,0.1358683854341507,0.1358683854341507,1
85,Bip001,0.13577748835086823,0.13577748835086823,0.13577748835086823,1
41,thumb_01_l,0.13574384152889252,0.13574384152889252,0.13574384152889252,1
71,RCalfTwist_01,0.1356949359178543,0.1356949359178543,0.1356949359178543,1
35,RUpArmTwist_r_01,0.13568197190761566,0.13568197190761566,0.13568197190761566,1
57,RCalfTwist_01,0.13555505871772766,0.13555505871772766,0.13555505871772766,1
0,L_ForeTwist_01,0.13547831773757935,0.13547831773757935,0.13547831773757935,1
1,RCalfTwist_01,0.13530351221561432,0.13530351221561432,0.13530351221561432,1
53,RUpArmTwist_l_02,0.1350451111793518,0.1350451111793518,0.1350451111793518,1
32,L_ForeTwist_02,0.13504356145858765,0.13504356145858765,0.13504356145858765,1
75,LCalfTwist_01,0.13496562838554382,0.13496562838554382,0.13496562838554382,1
3,RCalfTwist_03,0.13478761911392212,0.13478761911392212,0.13478761911392212,1
41,RCalfTwist_02,0.13460813462734222,0.13460813462734222,0.13460813462734222,1
0,ring_01_r,0.13455364108085632,0.13455364108085632,0.13455364108085632,1
46,calf_r,0.13454587757587433,0.13454587757587433,0.13454587757587433,1
81,L_ForeTwist_01,0.13440924882888794,0.13440924882888794,0.13440924882888794,1
42,pinky_01_l,0.13440896570682526,0.13440896570682526,0.13440896570682526,1
41,R_ForeTwist_02,0.13430288434028625,0.13430288434028625,0.13430288434028625,1
14,head,0.13419808447360992,0.13419808447360992,0.13419808447360992,1
25,L_ForeTwist_02,0.13400836288928986,0.13400836288928986,0.13400836288928986,1
5,L_ForeTwist_01,0.13400645554065704,0.13400645554065704,0.13400645554065704,1
19,R_ForeTwist_02,0.13394759595394135,0.13394759595394135,0.13394759595394135,1
73,Bip001,0.13379183411598206,0.13379183411598206,0.13379183411598206,1
59,RCalfTwist_03,0.13374245166778564,0.13374245166778564,0.13374245166778564,1
47,L_ForeTwist_02,0.13371044397354126,0.13371044397354126,0.13371044397354126,1
64,RCalfTwist_02,0.13363920152187347,0.13363920152187347,0.13363920152187347,1
9,RUpArmTwist_r_02,0.13362979888916016,0.13362979888916016,0.13362979888916016,1
6,L_ForeTwist_01,0.13357576727867126,0.13357576727867126,0.13357576727867126,1
34,L_ForeTwist_02,0.13356855511665344,0.13356855511665344,0.13356855511665344,1
65,L_ForeTwist_02,0.13353970646858215,0.13353970646858215,0.13353970646858215,1
18,R_ForeTwist_02,0.13344252109527588,0.13344252109527588,0.13344252109527588,1
68,R_ForeTwist_02,0.13341167569160461,0.13341167569160461,0.13341167569160461,1
1,Bip001,0.13333725929260254,0.13333725929260254,0.13333725929260254,1
76,Bip001,0.1331353634595871,0.1331353634595871,0.1331353634595871,1
55,LCalfTwist_01,0.13306427001953125,0.13306427001953125,0.13306427001953125,1
12,Bip001,0.13301204144954681,0.13301204144954681,0.13301204144954681,1
81,RCalfTwist_03,0.1329277753829956,0.1329277753829956,0.1329277753829956,1
40,L_ForeTwist_01,0.132897287607193,0.132897287607193,0.132897287607193,1
41,RUpArmTwist_r_02,0.1328401118516922,0.1328401118516922,0.1328401118516922,1
43,thumb_01_l,0.13272325694561005,0.13272325694561005,0.13272325694561005,1
27,L_ForeTwist_02,0.13260424137115479,0.13260424137115479,0.13260424137115479,1
71,R_ForeTwist_02,0.1325259953737259,0.1325259953737259,0.1325259953737259,1
24,L_ForeTwist_01,0.13238310813903809,0.13238310813903809,0.13238310813903809,1
71,LCalfTwist_03,0.1323329657316208,0.1323329657316208,0.1323329657316208,1
10,LCalfTwist_03,0.13223491609096527,0.13223491609096527,0.13223491609096527,1
50,L_ForeTwist_01,0.1320413202047348,0.1320413202047348,0.1320413202047348,1
45,L_ForeTwist_01,0.13199637830257416,0.13199637830257416,0.13199637830257416,1
66,R_ForeTwist_02,0.1319577842950821,0.1319577842950821,0.1319577842950821,1
51,R_ForeTwist_02,0.13193170726299286,0.13193170726299286,0.13193170726299286,1
38,RUpArmTwist_l_02,0.1317102015018463,0.1317102015018463,0.1317102015018463,1
63,clavicle_r,0.131475567817688,0.131475567817688,0.131475567817688,1
22,spine_02,0.13121528923511505,0.13121528923511505,0.13121528923511505,1
82,RUpArmTwist_l_02,0.13113366067409515,0.13113366067409515,0.13113366067409515,1
45,head,0.13105648756027222,0.13105648756027222,0.13105648756027222,1
54,R_ForeTwist_02,0.13086941838264465,0.13086941838264465,0.13086941838264465,1
45,RCalfTwist_03,0.1307031661272049,0.1307031661272049,0.1307031661272049,1
7,RCalfTwist_03,0.13055270910263062,0.13055270910263062,0.13055270910263062,1
11,L_ForeTwist_01,0.13033604621887207,0.13033604621887207,0.13033604621887207,1
16,RCalfTwist_02,0.13015547394752502,0.13015547394752502,0.13015547394752502,1
43,RCalfTwist_01,0.12995025515556335,0.12995025515556335,0.12995025515556335,1
68,RCalfTwist_02,0.12991152703762054,0.12991152703762054,0.12991152703762054,1
36,LCalfTwist_03,0.12982413172721863,0.12982413172721863,0.12982413172721863,1
4,R_ForeTwist_02,0.1296902447938919,0.1296902447938919,0.1296902447938919,1
30,L_ForeTwist_02,0.1296391636133194,0.1296391636133194,0.1296391636133194,1
42,RUpArmTwist_r_02,0.12960118055343628,0.12960118055343628,0.12960118055343628,1
83,R_ForeTwist_02,0.12956617772579193,0.12956617772579193,0.12956617772579193,1
48,L_ForeTwist_01,0.1294006109237671,0.1294006109237671,0.1294006109237671,1
65,LCalfTwist_03,0.12936080992221832,0.12936080992221832,0.12936080992221832,1
50,L_ForeTwist_02,0.12911660969257355,0.12911660969257355,0.12911660969257355,1
74,RCalfTwist_03,0.129062682390213,0.129062682390213,0.129062682390213,1
78,L_ForeTwist_02,0.12860359251499176,0.12860359251499176,0.12860359251499176,1
16,L_ForeTwist_02,0.12829631567001343,0.12829631567001343,0.12829631567001343,1
64,L_ForeTwist_01,0.12828145921230316,0.12828145921230316,0.12828145921230316,1
25,RUpArmTwist_r_02,0.12814739346504211,0.12814739346504211,0.12814739346504211,1
31,RUpArmTwist_r_02,0.128010094165802,0.128010094165802,0.128010094165802,1
39,RUpArmTwist_l_02,0.12792296707630157,0.12792296707630157,0.12792296707630157,1
46,L_ForeTwist_01,0.12791161239147186,0.12791161239147186,0.12791161239147186,1
34,RUpArmTwist_l_02,0.12784434854984283,0.12784434854984283,0.12784434854984283,1
17,L_ForeTwist_02,0.12761805951595306,0.12761805951595306,0.12761805951595306,1
23,R_ForeTwist_02,0.12751364707946777,0.12751364707946777,0.12751364707946777,1
37,L_ForeTwist_02,0.12725621461868286,0.12725621461868286,0.12725621461868286,1
8,calf_r,0.127097487449646,0.127097487449646,0.127097487449646,1
67,hand_l,0.1270553469657898,0.1270553469657898,0.1270553469657898,1
31,RCalfTwist_02,0.12690970301628113,0.12690970301628113,0.12690970301628113,1
38,L_ForeTwist_01,0.12681783735752106,0.12681783735752106,0.12681783735752106,1
3,RCalfTwist_02,0.1267520934343338,0.1267520934343338,0.1267520934343338,1
39,L_ForeTwist_02,0.12655757367610931,0.12655757367610931,0.12655757367610931,1
21,RUpArmTwist_l_02,0.1264776885509491,0.1264776885509491,0.1264776885509491,1
35,R_ForeTwist_02,0.126473531126976,0.126473531126976,0.126473531126976,1
51,RCalfTwist_02,0.12642721831798553,0.12642721831798553,0.12642721831798553,1
84,L_ForeTwist_01,0.12630225718021393,0.12630225718021393,0.12630225718021393,1
25,RCalfTwist_03,0.1263003647327423,0.1263003647327423,0.1263003647327423,1
27,R_ForeTwist_02,0.1261458843946457,0.1261458843946457,0.1261458843946457,1
40,L_ForeTwist_02,0.12603439390659332,0.12603439390659332,0.12603439390659332,1
69,R_ForeTwist_02,0.12583370506763458,0.12583370506763458,0.12583370506763458,1
41,head,0.12578228116035461,0.12578228116035461,0.12578228116035461,1
15,Bip001,0.12544603645801544,0.12544603645801544,0.12544603645801544,1
38,LCalfTwist_03,0.12534429132938385,0.12534429132938385,0.12534429132938385,1
29,index_01_l,0.12529762089252472,0.12529762089252472,0.12529762089252472,1
73,L_ForeTwist_02,0.12524773180484772,0.12524773180484772,0.12524773180484772,1
69,RCalfTwist_02,0.12516836822032928,0.12516836822032928,0.12516836822032928,1
53,L_ForeTwist_02,0.1251559555530548,0.1251559555530548,0.1251559555530548,1
85,L_ForeTwist_02,0.12493597716093063,0.12493597716093063,0.12493597716093063,1
82,L_ForeTwist_02,0.12493155151605606,0.12493155151605606,0.12493155151605606,1
67,RCalfTwist_03,0.12471169233322144,0.12471169233322144,0.12471169233322144,1
57,LCalfTwist_01,0.12466761469841003,0.12466761469841003,0.12466761469841003,1
11,RUpArmTwist_l_02,0.12456274777650833,0.12456274777650833,0.12456274777650833,1
61,RCalfTwist_03,0.1245374009013176,0.1245374009013176,0.1245374009013176,1
64,L_ForeTwist_02,0.12431886047124863,0.12431886047124863,0.12431886047124863,1
46,RUpArmTwist_l_02,0.12425202876329422,0.12425202876329422,0.12425202876329422,1
10,calf_r,0.12414274364709854,0.12414274364709854,0.12414274364709854,1
11,index_01_l,0.12402945011854172,0.12402945011854172,0.12402945011854172,1
33,LCalfTwist_01,0.12386275082826614,0.12386275082826614,0.12386275082826614,1
66,L_ForeTwist_02,0.12382487207651138,0.12382487207651138,0.12382487207651138,1
13,L_ForeTwist_02,0.12359581142663956,0.12359581142663956,0.12359581142663956,1
77,RCalfTwist_02,0.12356428802013397,0.12356428802013397,0.12356428802013397,1
4,Bip001,0.12342537194490433,0.12342537194490433,0.12342537194490433,1
50,LCalfTwist_01,0.12327681481838226,0.12327681481838226,0.12327681481838226,1
63,clavicle_l,0.12300781160593033,0.12300781160593033,0.12300781160593033,1
23,RCalfTwist_02,0.12268661707639694,0.12268661707639694,0.12268661707639694,1
70,L_ForeTwist_01,0.12262089550495148,0.12262089550495148,0.12262089550495148,1
76,L_ForeTwist_02,0.12248897552490234,0.12248897552490234,0.12248897552490234,1
53,RCalfTwist_03,0.1221650019288063,0.1221650019288063,0.1221650019288063,1
37,R_ForeTwist_02,0.12214822322130203,0.12214822322130203,0.12214822322130203,1
79,Bip001,0.12172947078943253,0.12172947078943253,0.12172947078943253,1
20,L_ForeTwist_02,0.1216261237859726,0.1216261237859726,0.1216261237859726,1
21,RCalfTwist_02,0.12134454399347305,0.12134454399347305,0.12134454399347305,1
79,L_ForeTwist_01,0.12133835256099701,0.12133835256099701,0.12133835256099701,1
10,index_01_l,0.12124162167310715,0.12124162167310715,0.12124162167310715,1
62,RCalfTwist_02,0.12119986861944199,0.12119986861944199,0.12119986861944199,1
49,RCalfTwist_02,0.12115179002285004,0.12115179002285004,0.12115179002285004,1
31,RCalfTwist_03,0.12111128866672516,0.12111128866672516,0.12111128866672516,1
81,Bip001,0.12090806663036346,0.12090806663036346,0.12090806663036346,1
43,ring_01_r,0.12086828052997589,0.12086828052997589,0.12086828052997589,1
3,clavicle_l,0.1208435520529747,0.1208435520529747,0.1208435520529747,1
6,RCalfTwist_03,0.12081429362297058,0.12081429362297058,0.12081429362297058,1
83,RUpArmTwist_l_01,0.12079771608114243,0.12079771608114243,0.12079771608114243,1
28,RUpArmTwist_r_02,0.12050376087427139,0.12050376087427139,0.12050376087427139,1
84,L_ForeTwist_02,0.12048941850662231,0.12048941850662231,0.12048941850662231,1
63,RCalfTwist_02,0.12027814984321594,0.12027814984321594,0.12027814984321594,1
14,L_ForeTwist_02,0.12009556591510773,0.12009556591510773,0.12009556591510773,1
1,RUpArmTwist_r_02,0.12008573114871979,0.12008573114871979,0.12008573114871979,1
67,L_ForeTwist_02,0.11986148357391357,0.11986148357391357,0.11986148357391357,1
49,L_ForeTwist_01,0.11929632723331451,0.11929632723331451,0.11929632723331451,1
77,RUpArmTwist_l_01,0.11915809661149979,0.11915809661149979,0.11915809661149979,1
58,R_ForeTwist_02,0.11894330382347107,0.11894330382347107,0.11894330382347107,1
74,LCalfTwist_03,0.1188960149884224,0.1188960149884224,0.1188960149884224,1
68,L_ForeTwist_02,0.11850303411483765,0.11850303411483765,0.11850303411483765,1
11,RCalfTwist_02,0.11845461279153824,0.11845461279153824,0.11845461279153824,1
72,L_ForeTwist_02,0.11843374371528625,0.11843374371528625,0.11843374371528625,1
10,L_ForeTwist_01,0.11842475831508636,0.11842475831508636,0.11842475831508636,1
0,R_ForeTwist_02,0.11825841665267944,0.11825841665267944,0.11825841665267944,1
65,clavicle_r,0.11781439930200577,0.11781439930200577,0.11781439930200577,1
45,RUpArmTwist_l_02,0.11779660731554031,0.11779660731554031,0.11779660731554031,1
11,RCalfTwist_03,0.11767736822366714,0.11767736822366714,0.11767736822366714,1
16,RCalfTwist_03,0.11746302992105484,0.11746302992105484,0.11746302992105484,1
43,LCalfTwist_03,0.11721489578485489,0.11721489578485489,0.11721489578485489,1
79,RUpArmTwist_l_02,0.11721251904964447,0.11721251904964447,0.11721251904964447,1
59,R_ForeTwist_02,0.11704212427139282,0.11704212427139282,0.11704212427139282,1
78,L_ForeTwist_01,0.11670207977294922,0.11670207977294922,0.11670207977294922,1
66,L_ForeTwist_01,0.11666063219308853,0.11666063219308853,0.11666063219308853,1
18,RCalfTwist_03,0.11661138385534286,0.11661138385534286,0.11661138385534286,1
5,L_ForeTwist_02,0.11654394865036011,0.11654394865036011,0.11654394865036011,1
12,RCalfTwist_02,0.11639348417520523,0.11639348417520523,0.11639348417520523,1
71,RCalfTwist_03,0.11636737734079361,0.11636737734079361,0.11636737734079361,1
38,RCalfTwist_02,0.11592850834131241,0.11592850834131241,0.11592850834131241,1
65,R_ForeTwist_02,0.11581383645534515,0.11581383645534515,0.11581383645534515,1
42,L_ForeTwist_01,0.11573494225740433,0.11573494225740433,0.11573494225740433,1
6,head,0.11564477533102036,0.11564477533102036,0.11564477533102036,1
18,L_ForeTwist_02,0.11554577946662903,0.11554577946662903,0.11554577946662903,1
42,head,0.11542847752571106,0.11542847752571106,0.11542847752571106,1
11,LCalfTwist_01,0.11539975553750992,0.11539975553750992,0.11539975553750992,1
9,RUpArmTwist_l_02,0.11486487835645676,0.11486487835645676,0.11486487835645676,1
54,L_ForeTwist_02,0.11476898938417435,0.11476898938417435,0.11476898938417435,1
84,RCalfTwist_02,0.11470978707075119,0.11470978707075119,0.11470978707075119,1
64,R_ForeTwist_02,0.11470136791467667,0.11470136791467667,0.11470136791467667,1
2,RCalfTwist_01,0.11468101292848587,0.11468101292848587,0.11468101292848587,1
61,R_ForeTwist_02,0.11442620307207108,0.11442620307207108,0.11442620307207108,1
55,RUpArmTwist_l_01,0.11438199132680893,0.11438199132680893,0.11438199132680893,1
74,RCalfTwist_01,0.11403031647205353,0.11403031647205353,0.11403031647205353,1
24,RUpArmTwist_r_02,0.11382051557302475,0.11382051557302475,0.11382051557302475,1
80,Bip001,0.11377298086881638,0.11377298086881638,0.11377298086881638,1
30,R_ForeTwist_02,0.11363499611616135,0.11363499611616135,0.11363499611616135,1
83,L_ForeTwist_02,0.11359481513500214,0.11359481513500214,0.11359481513500214,1
55,L_ForeTwist_02,0.11355659365653992,0.11355659365653992,0.11355659365653992,1
36,RUpArmTwist_l_02,0.11351916939020157,0.11351916939020157,0.11351916939020157,1
69,L_ForeTwist_02,0.1135178953409195,0.1135178953409195,0.1135178953409195,1
72,RUpArmTwist_l_02,0.11326926946640015,0.11326926946640015,0.11326926946640015,1
21,RCalfTwist_03,0.11326062679290771,0.11326062679290771,0.11326062679290771,1
62,clavicle_r,0.11323072016239166,0.11323072016239166,0.11323072016239166,1
52,L_ForeTwist_02,0.11322785913944244,0.11322785913944244,0.11322785913944244,1
56,L_ForeTwist_02,0.11294280737638474,0.11294280737638474,0.11294280737638474,1
59,L_ForeTwist_02,0.11292605102062225,0.11292605102062225,0.11292605102062225,1
6,L_ForeTwist_02,0.11261811852455139,0.11261811852455139,0.11261811852455139,1
39,RCalfTwist_02,0.11260167509317398,0.11260167509317398,0.11260167509317398,1
48,L_ForeTwist_02,0.11253702640533447,0.11253702640533447,0.11253702640533447,1
19,L_ForeTwist_02,0.11242392659187317,0.11242392659187317,0.11242392659187317,1
61,RCalfTwist_02,0.1123909130692482,0.1123909130692482,0.1123909130692482,1
70,L_ForeTwist_02,0.11233726888895035,0.11233726888895035,0.11233726888895035,1
41,L_ForeTwist_02,0.11225920170545578,0.11225920170545578,0.11225920170545578,1
35,RUpArmTwist_l_02,0.11201310157775879,0.11201310157775879,0.11201310157775879,1
81,lowerarm_r,0.11200859397649765,0.11200859397649765,0.11200859397649765,1
48,RCalfTwist_03,0.11187730729579926,0.11187730729579926,0.11187730729579926,1
34,Bip001,0.11157269030809402,0.11157269030809402,0.11157269030809402,1
43,RUpArmTwist_r_02,0.11157038062810898,0.11157038062810898,0.11157038062810898,1
42,L_ForeTwist_02,0.11145246773958206,0.11145246773958206,0.11145246773958206,1
22,L_ForeTwist_02,0.11139167845249176,0.11139167845249176,0.11139167845249176,1
32,LCalfTwist_01,0.1113656759262085,0.1113656759262085,0.1113656759262085,1
43,L_ForeTwist_02,0.1111961305141449,0.1111961305141449,0.1111961305141449,1
1,RCalfTwist_02,0.11088579893112183,0.11088579893112183,0.11088579893112183,1
1,L_ForeTwist_01,0.11066260933876038,0.11066260933876038,0.11066260933876038,1
35,LCalfTwist_03,0.11057914048433304,0.11057914048433304,0.11057914048433304,1
84,RUpArmTwist_l_01,0.11021004617214203,0.11021004617214203,0.11021004617214203,1
7,L_ForeTwist_02,0.10990855097770691,0.10990855097770691,0.10990855097770691,1
16,Bip001,0.10977227985858917,0.10977227985858917,0.10977227985858917,1
17,Bip001,0.1097678393125534,0.1097678393125534,0.1097678393125534,1
60,L_ForeTwist_01,0.10976098477840424,0.10976098477840424,0.10976098477840424,1
38,RUpArmTwist_l_01,0.109747514128685,0.109747514128685,0.109747514128685,1
85,LCalfTwist_03,0.10973472148180008,0.10973472148180008,0.10973472148180008,1
77,Bip001,0.10968521237373352,0.10968521237373352,0.10968521237373352,1
61,L_ForeTwist_02,0.1090751439332962,0.1090751439332962,0.1090751439332962,1
58,L_ForeTwist_02,0.10902249068021774,0.10902249068021774,0.10902249068021774,1
40,Bip001,0.10900019109249115,0.10900019109249115,0.10900019109249115,1
24,RCalfTwist_03,0.10894986987113953,0.10894986987113953,0.10894986987113953,1
74,L_ForeTwist_02,0.1088886708021164,0.1088886708021164,0.1088886708021164,1
50,Bip001,0.10863084346055984,0.10863084346055984,0.10863084346055984,1
73,RUpArmTwist_l_02,0.10856162011623383,0.10856162011623383,0.10856162011623383,1
8,R_ForeTwist_02,0.10814101994037628,0.10814101994037628,0.10814101994037628,1
39,Bip001,0.10793954879045486,0.10793954879045486,0.10793954879045486,1
60,clavicle_r,0.1078859269618988,0.1078859269618988,0.1078859269618988,1
14,RUpArmTwist_l_02,0.10765741765499115,0.10765741765499115,0.10765741765499115,1
35,RCalfTwist_02,0.10748659819364548,0.10748659819364548,0.10748659819364548,1
78,LCalfTwist_03,0.10732121020555496,0.10732121020555496,0.10732121020555496,1
79,R_ForeTwist_02,0.10727088898420334,0.10727088898420334,0.10727088898420334,1
9,R_ForeTwist_02,0.10703939944505692,0.10703939944505692,0.10703939944505692,1
78,R_ForeTwist_02,0.10701679438352585,0.10701679438352585,0.10701679438352585,1
67,L_ForeTwist_01,0.10694587975740433,0.10694587975740433,0.10694587975740433,1
81,RCalfTwist_02,0.10691656917333603,0.10691656917333603,0.10691656917333603,1
41,LCalfTwist_01,0.10647791624069214,0.10647791624069214,0.10647791624069214,1
49,Bip001,0.10598915070295334,0.10598915070295334,0.10598915070295334,1
75,Bip001,0.10557684302330017,0.10557684302330017,0.10557684302330017,1
37,neck_01,0.10538423806428909,0.10538423806428909,0.10538423806428909,1
71,L_ForeTwist_02,0.1053655743598938,0.1053655743598938,0.1053655743598938,1
3,head,0.10527848452329636,0.10527848452329636,0.10527848452329636,1
19,RCalfTwist_03,0.10522633790969849,0.10522633790969849,0.10522633790969849,1
12,thumb_01_l,0.10502393543720245,0.10502393543720245,0.10502393543720245,1
42,RCalfTwist_02,0.10497120022773743,0.10497120022773743,0.10497120022773743,1
14,Bip001,0.10478869825601578,0.10478869825601578,0.10478869825601578,1
7,R_ForeTwist_02,0.10456573963165283,0.10456573963165283,0.10456573963165283,1
82,RCalfTwist_02,0.10446538031101227,0.10446538031101227,0.10446538031101227,1
40,RCalfTwist_02,0.1044171154499054,0.1044171154499054,0.1044171154499054,1
33,Bip001,0.10425475984811783,0.10425475984811783,0.10425475984811783,1
44,L_ForeTwist_01,0.1041748970746994,0.1041748970746994,0.1041748970746994,1
22,R_ForeTwist_02,0.1033986508846283,0.1033986508846283,0.1033986508846283,1
21,LCalfTwist_03,0.10334529727697372,0.10334529727697372,0.10334529727697372,1
6,RUpArmTwist_r_01,0.10334309190511703,0.10334309190511703,0.10334309190511703,1
81,R_ForeTwist_02,0.10314080864191055,0.10314080864191055,0.10314080864191055,1
15,L_ForeTwist_02,0.10217226296663284,0.10217226296663284,0.10217226296663284,1
48,Bip001,0.10212865471839905,0.10212865471839905,0.10212865471839905,1
39,LCalfTwist_01,0.10199138522148132,0.10199138522148132,0.10199138522148132,1
40,RCalfTwist_03,0.10178092867136002,0.10178092867136002,0.10178092867136002,1
44,Bip001,0.10112521052360535,0.10112521052360535,0.10112521052360535,1
34,R_ForeTwist_02,0.10089632123708725,0.10089632123708725,0.10089632123708725,1
59,RCalfTwist_02,0.10080365836620331,0.10080365836620331,0.10080365836620331,1
57,L_ForeTwist_02,0.10034861415624619,0.10034861415624619,0.10034861415624619,1
4,L_ForeTwist_01,0.10016226023435593,0.10016226023435593,0.10016226023435593,1
9,L_ForeTwist_01,0.09995570033788681,0.09995570033788681,0.09995570033788681,1
75,RCalfTwist_01,0.09989187866449356,0.09989187866449356,0.09989187866449356,1
29,Bip001,0.09918221086263657,0.09918221086263657,0.09918221086263657,1
43,L_ForeTwist_01,0.09876427799463272,0.09876427799463272,0.09876427799463272,1
33,RCalfTwist_02,0.09869050234556198,0.09869050234556198,0.09869050234556198,1
7,RUpArmTwist_l_02,0.09858723729848862,0.09858723729848862,0.09858723729848862,1
47,spine_01,0.09834425896406174,0.09834425896406174,0.09834425896406174,1
49,L_ForeTwist_02,0.09741503745317459,0.09741503745317459,0.09741503745317459,1
54,RUpArmTwist_l_01,0.0971427708864212,0.0971427708864212,0.0971427708864212,1
7,Bip001,0.09678635746240616,0.09678635746240616,0.09678635746240616,1
63,RCalfTwist_03,0.09647805988788605,0.09647805988788605,0.09647805988788605,1
7,RUpArmTwist_r_01,0.09640839695930481,0.09640839695930481,0.09640839695930481,1
52,RCalfTwist_03,0.09638873487710953,0.09638873487710953,0.09638873487710953,1
10,RUpArmTwist_l_02,0.09598162025213242,0.09598162025213242,0.09598162025213242,1
37,Bip001,0.09542521089315414,0.09542521089315414,0.09542521089315414,1
35,Bip001,0.09480196982622147,0.09480196982622147,0.09480196982622147,1
31,Bip001,0.09448278695344925,0.09448278695344925,0.09448278695344925,1
27,Bip001,0.09420333057641983,0.09420333057641983,0.09420333057641983,1
80,R_ForeTwist_02,0.09393702447414398,0.09393702447414398,0.09393702447414398,1
18,Bip001,0.0938694179058075,0.0938694179058075,0.0938694179058075,1
40,LCalfTwist_01,0.09383805841207504,0.09383805841207504,0.09383805841207504,1
65,clavicle_l,0.09381397068500519,0.09381397068500519,0.09381397068500519,1
6,RCalfTwist_02,0.09350208938121796,0.09350208938121796,0.09350208938121796,1
6,R_ForeTwist_02,0.09259947389364243,0.09259947389364243,0.09259947389364243,1
8,L_ForeTwist_01,0.09252797812223434,0.09252797812223434,0.09252797812223434,1
8,LCalfTwist_03,0.09231770783662796,0.09231770783662796,0.09231770783662796,1
26,RCalfTwist_03,0.0922243744134903,0.0922243744134903,0.0922243744134903,1
51,RCalfTwist_03,0.09203998744487762,0.09203998744487762,0.09203998744487762,1
14,RCalfTwist_03,0.09090705960988998,0.09090705960988998,0.09090705960988998,1
9,Bip001,0.09068775922060013,0.09068775922060013,0.09068775922060013,1
23,RCalfTwist_03,0.09021512418985367,0.09021512418985367,0.09021512418985367,1
28,Bip001,0.0893063172698021,0.0893063172698021,0.0893063172698021,1
52,RCalfTwist_02,0.08914930373430252,0.08914930373430252,0.08914930373430252,1
24,Bip001,0.08905354142189026,0.08905354142189026,0.08905354142189026,1
3,RCalfTwist_01,0.08878251165151596,0.08878251165151596,0.08878251165151596,1
32,Bip001,0.08866176009178162,0.08866176009178162,0.08866176009178162,1
23,Bip001,0.08845874667167664,0.08845874667167664,0.08845874667167664,1
62,RCalfTwist_03,0.08844748884439468,0.08844748884439468,0.08844748884439468,1
13,Bip001,0.08791054785251617,0.08791054785251617,0.08791054785251617,1
36,Bip001,0.08783994615077972,0.08783994615077972,0.08783994615077972,1
21,Bip001,0.08783522993326187,0.08783522993326187,0.08783522993326187,1
68,RCalfTwist_03,0.08772620558738708,0.08772620558738708,0.08772620558738708,1
19,Bip001,0.08758807927370071,0.08758807927370071,0.08758807927370071,1
17,RCalfTwist_02,0.08719007670879364,0.08719007670879364,0.08719007670879364,1
14,RCalfTwist_02,0.08712460845708847,0.08712460845708847,0.08712460845708847,1
3,RUpArmTwist_l_02,0.08692939579486847,0.08692939579486847,0.08692939579486847,1
48,clavicle_l,0.08686725795269012,0.08686725795269012,0.08686725795269012,1
6,Bip001,0.0867491364479065,0.0867491364479065,0.0867491364479065,1
8,Bip001,0.08617071807384491,0.08617071807384491,0.08617071807384491,1
12,calf_r,0.0860908031463623,0.0860908031463623,0.0860908031463623,1
26,Bip001,0.08499353379011154,0.08499353379011154,0.08499353379011154,1
44,head,0.0847649797797203,0.0847649797797203,0.0847649797797203,1
25,Bip001,0.08348797261714935,0.08348797261714935,0.08348797261714935,1
58,RCalfTwist_02,0.08245761692523956,0.08245761692523956,0.08245761692523956,1
42,RUpArmTwist_l_01,0.08234957605600357,0.08234957605600357,0.08234957605600357,1
38,Bip001,0.08169952034950256,0.08169952034950256,0.08169952034950256,1
22,Bip001,0.08155994117259979,0.08155994117259979,0.08155994117259979,1
83,calf_r,0.08046844601631165,0.08046844601631165,0.08046844601631165,1
44,LCalfTwist_03,0.08004864305257797,0.08004864305257797,0.08004864305257797,1
32,RUpArmTwist_l_01,0.07999313622713089,0.07999313622713089,0.07999313622713089,1
47,Bip001,0.07987421751022339,0.07987421751022339,0.07987421751022339,1
45,Bip001,0.07895410060882568,0.07895410060882568,0.07895410060882568,1
20,Bip001,0.07848494499921799,0.07848494499921799,0.07848494499921799,1
5,R_ForeTwist_02,0.07836481928825378,0.07836481928825378,0.07836481928825378,1
24,LCalfTwist_03,0.07794074714183807,0.07794074714183807,0.07794074714183807,1
30,Bip001,0.07784716039896011,0.07784716039896011,0.07784716039896011,1
48,head,0.0761069506406784,0.0761069506406784,0.0761069506406784,1
17,RCalfTwist_03,0.07543880492448807,0.07543880492448807,0.07543880492448807,1
43,RUpArmTwist_l_01,0.07382762432098389,0.07382762432098389,0.07382762432098389,1
20,RUpArmTwist_l_01,0.07377298176288605,0.07377298176288605,0.07377298176288605,1
39,RCalfTwist_03,0.07365664094686508,0.07365664094686508,0.07365664094686508,1
49,RCalfTwist_03,0.07061028480529785,0.07061028480529785,0.07061028480529785,1
35,RCalfTwist_03,0.06966470181941986,0.06966470181941986,0.06966470181941986,1
81,spine_01,0.06959256529808044,0.06959256529808044,0.06959256529808044,1
19,LCalfTwist_03,0.06884657591581345,0.06884657591581345,0.06884657591581345,1
12,RUpArmTwist_l_02,0.06859435141086578,0.06859435141086578,0.06859435141086578,1
11,Bip001,0.06810925900936127,0.06810925900936127,0.06810925900936127,1
30,RUpArmTwist_l_01,0.06801934540271759,0.06801934540271759,0.06801934540271759,1
23,LCalfTwist_03,0.06683310866355896,0.06683310866355896,0.06683310866355896,1
10,Bip001,0.06660282611846924,0.06660282611846924,0.06660282611846924,1
1,LCalfTwist_01,0.06618592888116837,0.06618592888116837,0.06618592888116837,1
46,Bip001,0.06602196395397186,0.06602196395397186,0.06602196395397186,1
50,RCalfTwist_03,0.06583817303180695,0.06583817303180695,0.06583817303180695,1
33,RCalfTwist_03,0.0645977258682251,0.0645977258682251,0.0645977258682251,1
5,Bip001,0.06455381959676743,0.06455381959676743,0.06455381959676743,1
25,LCalfTwist_03,0.06335568428039551,0.06335568428039551,0.06335568428039551,1
61,RUpArmTwist_l_01,0.06161355599761009,0.06161355599761009,0.06161355599761009,1
45,RCalfTwist_02,0.0591510534286499,0.0591510534286499,0.0591510534286499,1
18,RUpArmTwist_l_01,0.05902500078082085,0.05902500078082085,0.05902500078082085,1
69,RCalfTwist_03,0.05631459504365921,0.05631459504365921,0.05631459504365921,1
36,head,0.051556967198848724,0.051556967198848724,0.051556967198848724,1
16,RUpArmTwist_l_01,0.05072661116719246,0.05072661116719246,0.05072661116719246,1
28,LCalfTwist_03,0.04944219812750816,0.04944219812750816,0.04944219812750816,1
23,spine_02,0.04711360111832619,0.04711360111832619,0.04711360111832619,1
22,LCalfTwist_03,0.045817308127880096,0.045817308127880096,0.045817308127880096,1
17,LCalfTwist_03,0.04239777475595474,0.04239777475595474,0.04239777475595474,1
19,RUpArmTwist_l_01,0.03988010436296463,0.03988010436296463,0.03988010436296463,1
33,RUpArmTwist_l_01,0.0392455980181694,0.0392455980181694,0.0392455980181694,1
20,LCalfTwist_03,0.03920915722846985,0.03920915722846985,0.03920915722846985,1
22,RCalfTwist_03,0.03899218142032623,0.03899218142032623,0.03899218142032623,1
27,LCalfTwist_03,0.03252971172332764,0.03252971172332764,0.03252971172332764,1
6,LCalfTwist_03,0.03194785863161087,0.03194785863161087,0.03194785863161087,1
7,LCalfTwist_03,0.029007460922002792,0.029007460922002792,0.029007460922002792,1
