sic,bone,mean_deg,p50_deg,p90_deg,count
13,foot_l,10.698815981547037,10.97969913482666,11.358770179748536,3
71,calf_r,10.354745546976725,10.68436050415039,10.860049438476562,3
53,thigh_l,9.043093045552572,8.937649726867676,9.536892127990722,3
32,calf_l,8.942182858784994,8.765242576599121,10.32205638885498,3
53,lowerarm_l,8.318175156911215,8.105841636657715,8.769931602478028,3
53,foot_r,8.221285502115885,8.175492286682129,8.97050952911377,3
12,foot_l,8.132912476857504,9.934350967407227,11.209765243530274,3
31,calf_l,7.869100888570149,8.142484664916992,9.528696060180664,3
53,upperarm_l,7.803729852040608,8.021507263183594,8.220747375488282,3
52,thigh_l,7.698668638865153,7.609488010406494,8.066037464141846,3
76,calf_r,7.632132371266683,7.774880409240723,8.499375343322754,3
53,thigh_r,7.576387882232666,7.5629048347473145,7.938135623931885,3
33,calf_l,7.451309363047282,7.1063618659973145,9.127703189849854,3
52,lowerarm_l,7.146495978037517,7.000116348266602,7.421679306030273,3
20,calf_l,7.080910682678223,6.593998908996582,7.979585456848144,3
18,calf_l,7.02324374516805,6.921586990356445,7.582542037963867,3
54,foot_r,6.685869057973226,6.694123268127441,7.365926933288574,3
19,calf_l,6.530670324961345,6.615960121154785,6.983536338806152,3
52,upperarm_l,6.505142052968343,6.745350360870361,6.792491626739502,3
74,calf_r,6.402771949768066,6.872485637664795,7.223905467987061,3
14,foot_l,6.371006965637207,6.611886501312256,6.782083797454834,3
52,thigh_r,6.326909065246582,6.304299354553223,6.53073902130127,3
53,calf_l,6.277119477589925,6.258453845977783,6.46228723526001,3
69,calf_r,6.042915980021159,5.909420967102051,6.487841606140137,3
37,calf_l,5.823787371317546,6.240990161895752,6.38646821975708,3
5,calf_l,5.727446556091309,5.6360883712768555,6.159049034118652,3
53,calf_r,5.71220858891805,5.834663391113281,6.106335830688477,3
52,calf_r,5.6505195299784345,5.495143413543701,5.958602428436279,3
0,calf_r,5.08905569712321,5.173893928527832,5.17918643951416,3
71,calf_l,4.897360801696777,4.711014747619629,5.230463981628418,3
37,foot_l,4.87195881207784,5.37099552154541,5.480989646911621,3
26,calf_l,4.85758113861084,4.630373954772949,6.3253278732299805,3
50,calf_r,4.833866119384766,4.683932781219482,5.20369291305542,3
55,foot_r,4.793968677520752,4.742966175079346,5.194590091705322,3
31,foot_l,4.744212945302327,4.572248935699463,5.339130496978759,3
24,calf_l,4.695406198501587,3.9475650787353516,6.311911773681641,3
4,calf_l,4.692879676818848,4.466996192932129,5.082622337341308,3
53,hand_l,4.6621073087056475,4.719276428222656,4.784149169921875,3
0,lowerarm_l,4.656514008839925,4.8203229904174805,4.851480293273926,3
52,calf_l,4.632490475972493,4.704825401306152,4.769377326965332,3
42,calf_l,4.6021402676900225,4.307172775268555,5.076356887817383,3
52,foot_r,4.5799195766448975,4.460331439971924,5.690312290191651,3
28,calf_l,4.532159169514974,4.743780612945557,5.268525791168213,3
0,thigh_l,4.466652552286784,4.282211780548096,4.801026248931885,3
53,upperarm_r,4.416100184122722,4.56536340713501,4.605611133575439,3
54,thigh_l,4.3017176787058515,4.456863880157471,4.490601444244385,3
29,foot_l,4.276254812876384,4.044064521789551,5.123785972595215,3
36,calf_l,4.273706118265788,4.95019006729126,4.984087085723877,3
54,upperarm_l,4.182509819666545,4.476891040802002,4.584499835968018,3
11,foot_l,4.058026075363159,4.770105361938477,5.129534530639648,3
54,thigh_r,4.016960382461548,4.148921489715576,4.218152141571045,3
52,upperarm_r,3.9870124657948813,3.954604387283325,4.156563425064087,3
30,foot_l,3.9430341720581055,3.644866466522217,4.36812047958374,3
71,thigh_l,3.918811003367106,3.370682954788208,4.797873544692993,3
13,thigh_l,3.90420929590861,3.5336191654205322,4.432363557815552,3
53,ball_r,3.8775272369384766,3.837833881378174,3.979477787017822,3
52,hand_l,3.8478844165802,3.8897783756256104,3.9290466785430906,3
80,calf_r,3.771921714146932,3.7408382892608643,4.4187479496002195,3
25,calf_l,3.703679879506429,3.7524585723876953,4.680527114868164,3
76,lowerarm_l,3.642374356587728,3.2318081855773926,4.5240654945373535,3
71,lowerarm_l,3.5734761555989585,2.9777801036834717,4.6099896907806395,3
40,calf_l,3.556896448135376,3.8303544521331787,3.984013319015503,3
38,foot_l,3.522902329762777,4.110169410705566,4.2097784042358395,3
61,thigh_l,3.500246524810791,3.266526699066162,3.8347626686096192,3
28,foot_l,3.4931745529174805,3.4206583499908447,3.892626237869263,3
36,foot_l,3.4846790631612143,3.8414106369018555,4.181490516662597,3
64,calf_r,3.468144098917643,3.462911367416382,3.498519468307495,3
11,calf_l,3.4452423254648843,3.858907461166382,4.310125684738159,3
30,thigh_l,3.4177982807159424,3.282660961151123,3.8229983329772947,3
55,thigh_r,3.363763968149821,3.535816192626953,3.6113422393798826,3
15,foot_l,3.3418981234232583,3.3201546669006348,3.4110133171081545,3
54,hand_l,3.3385226726531982,3.419456958770752,3.490528964996338,3
21,foot_l,3.336890379587809,3.4824399948120117,3.484236145019531,3
54,lowerarm_l,3.3341357707977295,3.5113396644592285,3.5871981620788573,3
56,thigh_r,3.2891544500986734,3.4877219200134277,3.698323154449463,3
74,calf_l,3.288480043411255,3.2505950927734375,3.5248083114624023,3
0,thigh_r,3.2816226482391357,3.296600341796875,3.3839677810668944,3
61,calf_l,3.2774693965911865,3.4122798442840576,3.4161420345306395,3
75,upperarm_l,3.262225866317749,2.8536102771759033,3.852704477310181,3
22,foot_l,3.2415080865224204,3.518362283706665,3.899245500564575,3
0,ball_r,3.234781265258789,3.300996780395508,3.329449462890625,3
56,lowerarm_l,3.230736573537191,3.577145576477051,3.629060745239258,3
41,foot_l,3.1955487728118896,2.78800368309021,3.88523325920105,3
60,foot_r,3.1904300848642984,2.9532310962677,3.9354010105133055,3
38,calf_l,3.1171655654907227,3.565448760986328,3.6587352752685547,3
85,foot_r,3.1111485958099365,3.1291253566741943,3.3474935054779054,3
29,thigh_l,3.107074737548828,3.0405101776123047,3.497064781188965,3
75,thigh_l,3.083920478820801,2.8827147483825684,3.6760708808898928,3
7,ball_l,3.0549991130828857,2.9255332946777344,3.2715404510498045,3
55,thigh_l,3.046764850616455,3.2100043296813965,3.264298915863037,3
76,calf_l,3.0459057490030923,3.0709786415100098,3.295546627044678,3
53,lowerarm_r,3.0310872395833335,2.976924419403076,3.1760043144226073,3
0,foot_r,3.0152209599812827,3.1255288124084473,3.174258518218994,3
76,thigh_l,3.01293953259786,2.6205873489379883,3.705351448059082,3
13,ball_l,3.005030314127604,3.192174196243286,3.2411337375640867,3
55,upperarm_l,2.982429583867391,3.3800110816955566,3.4079358100891115,3
22,calf_l,2.973497986793518,2.3877060413360596,4.367330026626587,3
61,thigh_r,2.968759377797445,2.911442995071411,3.426063394546509,3
54,calf_l,2.949108362197876,2.965698480606079,2.9845701694488525,3
75,calf_l,2.933312733968099,2.9637885093688965,3.2151061058044434,3
9,calf_l,2.9225998719533286,2.767355442047119,3.1730080604553224,3
32,foot_l,2.9171536763509116,2.9853274822235107,3.292041540145874,3
73,calf_l,2.9135541121164956,2.982516050338745,3.199719953536987,3
28,thigh_l,2.8789679209391275,2.730358600616455,3.271192264556885,3
71,thigh_r,2.86298402150472,2.6091597080230713,3.678097200393677,3
21,calf_l,2.861188451449076,2.012310028076172,4.127176666259766,3
61,foot_r,2.822437047958374,2.8334808349609375,3.197834587097168,3
64,foot_r,2.8188636302948,2.915384531021118,3.00014271736145,3
13,calf_l,2.8109254042307534,2.6343894004821777,3.3957152366638184,3
55,hand_l,2.8090681234995523,2.894484043121338,2.95497350692749,3
31,thigh_l,2.8015917936960855,2.94846248626709,3.0819284439086916,3
35,foot_l,2.7927720149358115,3.0213096141815186,3.4746865749359133,3
32,thigh_l,2.751839796702067,2.9594228267669678,3.032742071151733,3
69,lowerarm_l,2.7438991467158,1.9797382354736328,3.8190933227539063,3
73,calf_r,2.725978891054789,2.9822328090667725,3.409431982040405,3
56,foot_r,2.724284807840983,2.7258334159851074,3.0841010093688963,3
7,calf_l,2.712097644805908,2.556389093399048,2.9705542087554933,3
74,thigh_l,2.7052101294199624,2.322174072265625,3.461173439025879,3
85,calf_r,2.7039798895517984,2.4552910327911377,3.0851284503936767,3
56,upperarm_l,2.698810259501139,3.1456003189086914,3.160734939575195,3
63,foot_r,2.692851463953654,2.8023242950439453,2.8159032821655274,3
0,upperarm_l,2.681713024775187,2.5286383628845215,2.9178147315979004,3
73,upperarm_l,2.658182938893636,2.250718593597412,3.2749547004699706,3
75,thigh_r,2.6577022870381675,2.3256404399871826,3.278499174118042,3
13,thigh_r,2.6557257970174155,2.3957436084747314,3.143577241897583,3
23,foot_l,2.6525514920552573,2.7177953720092773,2.9863874435424806,3
15,calf_l,2.639519214630127,2.8616764545440674,2.9021097660064696,3
7,foot_l,2.619685411453247,2.5493955612182617,2.8354976654052733,3
5,foot_l,2.6051132678985596,2.691903829574585,2.751647138595581,3
69,thigh_r,2.600589632987976,2.08484148979187,3.510661268234253,3
6,ball_l,2.6003264586130777,2.4643611907958984,2.832162284851074,3
54,upperarm_r,2.588374455769857,2.6213436126708984,2.8748590469360353,3
52,lowerarm_r,2.5854451656341553,2.4964828491210938,2.7272933959960937,3
13,lowerarm_l,2.5806517601013184,2.2127673625946045,3.2491485118865966,3
53,hand_r,2.5783138275146484,2.6022379398345947,2.767651987075806,3
54,ball_r,2.576890230178833,2.581712484359741,2.712741994857788,3
21,thigh_l,2.56224791208903,2.7451369762420654,2.7906713008880617,3
74,lowerarm_l,2.5584669510523477,2.1855456829071045,3.495514249801636,3
71,upperarm_l,2.5533231496810913,2.0541117191314697,3.58262734413147,3
33,lowerarm_r,2.5523484547932944,2.3168575763702393,2.9466780185699464,3
19,hand_l,2.530144214630127,2.40972638130188,2.749013566970825,3
61,upperarm_l,2.521705230077108,2.147611379623413,3.1384116649627685,3
73,thigh_l,2.4970094362894693,2.237283229827881,3.2227789878845217,3
19,lowerarm_r,2.489999612172445,2.4300503730773926,2.74159574508667,3
65,foot_r,2.4889129797617593,2.702877998352051,2.8188961029052733,3
65,thigh_r,2.478819251060486,2.1909701824188232,3.3349854946136475,3
27,foot_l,2.454728444417318,2.448038339614868,2.5987980365753174,3
39,calf_l,2.449760397275289,2.639072895050049,2.772055721282959,3
51,upperarm_l,2.3857009410858154,2.4826548099517822,2.693548822402954,3
13,lowerarm_r,2.3839925130208335,2.3294596672058105,2.641431522369385,3
69,upperarm_l,2.3635036945343018,1.7395230531692505,3.422444558143616,3
1,calf_r,2.357695539792379,2.5271224975585938,2.5657621383666993,3
53,foot_l,2.353243033091227,2.3381848335266113,2.4189921379089356,3
18,hand_l,2.351328452428182,2.2499473094940186,2.5462321758270265,3
76,upperarm_l,2.315107583999634,2.011481285095215,3.1181873321533202,3
20,hand_l,2.2981369495391846,2.2288243770599365,2.481627416610718,3
51,thigh_l,2.295323212941488,2.262303113937378,2.3914842128753664,3
65,upperarm_l,2.2807437976201377,1.631165862083435,3.1958323240280153,3
56,thigh_l,2.2798908948898315,2.5912818908691406,2.603658676147461,3
65,lowerarm_l,2.2743025620778403,1.7230545282363892,3.198050618171692,3
66,foot_r,2.2623563210169473,2.514402151107788,2.624512815475464,3
65,calf_r,2.25160018603007,2.271810293197632,2.357171583175659,3
34,foot_l,2.248872001965841,2.437673330307007,2.83904128074646,3
74,thigh_r,2.2419623533884683,2.1262290477752686,2.925908994674683,3
27,thigh_l,2.2358225186665854,2.1850297451019287,2.587170362472534,3
18,lowerarm_r,2.2324119408925376,2.2092669010162354,2.4801619052886963,3
63,thigh_r,2.2286160389582315,1.961537480354309,2.911233162879944,3
70,calf_r,2.2253870566685996,2.098832607269287,2.834226131439209,3
80,lowerarm_l,2.1892736752827964,1.8068829774856567,2.772507882118225,3
0,foot_l,2.186494986216227,2.353410482406616,2.473605489730835,3
76,thigh_r,2.185612519582113,1.9552563428878784,2.909280562400818,3
32,lowerarm_r,2.1798530419667563,1.9649754762649536,2.5431928873062133,3
63,thigh_l,2.1761600971221924,1.9489864110946655,2.8140475034713743,3
52,ball_r,2.1656147638956704,2.110661506652832,2.2888057708740233,3
67,calf_l,2.1575364669164023,2.3051257133483887,2.581139659881592,3
52,hand_r,2.141594171524048,2.1264569759368896,2.3526580333709717,3
58,thigh_l,2.1399830182393393,2.073096513748169,2.431000566482544,3
33,lowerarm_l,2.1358203887939453,2.3488876819610596,2.458370637893677,3
58,calf_l,2.120294769605001,2.226173162460327,2.3333364009857176,3
23,thigh_l,2.117393136024475,2.371173620223999,2.4216147899627685,3
39,foot_l,2.1158620913823447,2.4942586421966553,2.5565906047821043,3
26,hand_r,2.1081637938817344,2.23028826713562,2.3120368480682374,3
55,lowerarm_l,2.100559115409851,2.3643436431884766,2.377120018005371,3
61,lowerarm_l,2.09987465540568,1.9483438730239868,2.560543751716614,3
56,hand_l,2.0894762674967446,2.2375988960266113,2.270458126068115,3
60,thigh_l,2.0884751081466675,2.14705228805542,2.6921975135803224,3
74,upperarm_l,2.0826863050460815,1.8068664073944092,2.968746709823608,3
68,foot_r,2.0775561332702637,2.053395986557007,2.1722033977508546,3
75,lowerarm_l,2.0748054583867392,1.6710364818572998,2.80713210105896,3
84,ball_l,2.0545664628346763,2.1465370655059814,2.1918097019195555,3
85,upperarm_l,2.051923155784607,2.184053659439087,2.292126512527466,3
52,foot_l,2.051319201787313,2.036604404449463,2.0760653495788572,3
72,calf_l,2.0399831533432007,2.1305623054504395,2.3412196159362795,3
13,upperarm_r,2.0305864413579306,1.98806893825531,2.352553629875183,3
20,lowerarm_r,2.024025321006775,2.0697576999664307,2.2807209491729736,3
8,calf_l,2.01555864016215,2.13733172416687,2.3795026302337647,3
49,calf_l,1.9941229820251465,2.159954786300659,2.263569784164429,3
30,thigh_r,1.9937178293863933,1.6452879905700684,2.5313632011413576,3
62,foot_r,1.9900282224019368,2.119814872741699,2.176464080810547,3
84,foot_l,1.9891576369603474,2.1379268169403076,2.2897033214569094,3
73,foot_r,1.9839225610097249,2.009983777999878,2.0492858409881594,3
23,calf_l,1.981619397799174,1.2293980121612549,3.4267109394073487,3
59,thigh_l,1.9698623021443684,1.8706262111663818,2.324516439437866,3
68,calf_r,1.9612553119659424,1.7321768999099731,2.3146913766860964,3
77,calf_l,1.9602481921513875,2.0588788986206055,2.205868721008301,3
62,calf_r,1.953764796257019,1.975026249885559,2.038303017616272,3
68,thigh_r,1.934802770614624,1.338211178779602,2.7859869241714477,3
77,thigh_l,1.9335417747497559,1.6933847665786743,2.5055047273635864,3
55,calf_l,1.9334648847579956,1.893189549446106,2.058246064186096,3
81,calf_r,1.929185390472412,1.9188580513000488,2.431061267852783,3
19,upperarm_r,1.915715217590332,1.9127637147903442,2.2084640741348265,3
45,thigh_l,1.9089961846669514,1.9311747550964355,2.0917147636413573,3
85,calf_l,1.9059579769770305,1.9351056814193726,1.9880223035812379,3
28,thigh_r,1.890598217646281,1.5740811824798584,2.370547819137573,3
27,ball_l,1.8852022091547649,1.8382692337036133,2.0385576248168946,3
73,thigh_r,1.8779402176539104,1.5084104537963867,2.532124900817871,3
60,calf_l,1.8722697099049885,1.4498894214630127,2.6529612064361574,3
12,calf_l,1.8679949442545574,1.3785227537155151,2.6531478643417357,3
51,thigh_r,1.866351048151652,1.9741157293319702,1.99344003200531,3
45,foot_l,1.8628202676773071,1.9218074083328247,2.052573037147522,3
51,upperarm_r,1.86273992061615,1.8356430530548096,2.1185951709747313,3
54,lowerarm_r,1.8577816486358643,1.9297380447387695,1.9608673095703124,3
53,spine_02,1.855147163073222,1.7521941661834717,2.021908330917358,3
45,thigh_r,1.8550597826639812,1.7993433475494385,2.193376970291138,3
67,foot_r,1.8544833262761433,2.105525016784668,2.142652702331543,3
0,hand_l,1.8526395161946614,1.9439711570739746,1.9464421272277832,3
1,calf_l,1.8455201784769695,1.6871031522750854,2.0813213109970095,3
49,thigh_l,1.8393634557724,1.9025628566741943,2.0777940273284914,3
80,thigh_r,1.8359973033269246,1.7384777069091797,2.4597620010375976,3
69,thigh_l,1.8297754128774006,1.2106033563613892,2.6985968828201297,3
33,hand_l,1.8174027999242146,1.764630913734436,1.9650492906570434,3
60,lowerarm_l,1.8012302716573079,1.4344916343688965,2.488901233673096,3
40,lowerarm_r,1.7931383053461711,1.8335297107696533,2.0266870975494387,3
51,hand_l,1.7872863213221233,1.7470492124557495,1.8932303190231323,3
63,upperarm_l,1.784161647160848,1.221025824546814,2.6352118253707886,3
15,thigh_l,1.770973563194275,1.8153750896453857,2.186708402633667,3
12,ball_l,1.7587555646896362,1.9681510925292969,2.1483762741088865,3
76,foot_l,1.756840745608012,1.6272562742233276,1.952077078819275,3
65,thigh_l,1.7547645966211955,1.3792695999145508,2.5409881591796877,3
80,thigh_l,1.7498714129130046,1.515929937362671,2.2054839611053465,3
14,calf_l,1.742425297697385,2.4607367515563965,2.5580595970153808,3
34,foot_r,1.7402513821919758,1.8136250972747803,1.9868335247039794,3
33,upperarm_r,1.73701008160909,1.588948369026184,2.0175867319107055,3
31,lowerarm_r,1.7346948782602947,1.4537690877914429,2.146703028678894,3
55,upperarm_r,1.7311158577601116,1.9530906677246094,1.9791635513305663,3
40,foot_l,1.7276653051376343,1.163352608680725,2.6168448686599732,3
56,calf_l,1.7269031206766765,1.5619151592254639,1.9772338390350341,3
22,thigh_l,1.721093773841858,1.889794945716858,2.1166878938674927,3
15,thigh_r,1.7203276952107747,1.5349745750427246,2.230393886566162,3
26,foot_l,1.7181120316187541,1.8199526071548462,1.8303066492080688,3
30,foot_r,1.7173672517140706,1.7691065073013306,1.9626958131790162,3
32,lowerarm_l,1.6911166906356812,1.8390889167785645,2.0351799964904784,3
33,thigh_r,1.6827705303827922,1.7162024974822998,1.996650266647339,3
75,foot_r,1.675345778465271,1.7671927213668823,1.929226851463318,3
80,foot_r,1.6737396319707234,1.700806975364685,1.7575694799423218,3
34,calf_l,1.6719196041425068,2.0923149585723877,2.446975755691528,3
67,calf_r,1.6695555051167805,1.893761157989502,1.9021356582641602,3
45,lowerarm_l,1.6695086161295574,1.622363567352295,1.771532154083252,3
59,calf_l,1.6514851252237956,1.7116279602050781,1.8940279960632325,3
13,upperarm_l,1.6405188242594402,1.5723578929901123,1.9266377925872802,3
4,foot_l,1.6359493335088093,1.7874999046325684,1.7928024291992188,3
13,foot_r,1.6350916624069214,1.4895191192626953,2.042251396179199,3
40,thigh_l,1.6325884660085042,1.7159305810928345,1.870512890815735,3
20,upperarm_r,1.6300167640050252,1.7397648096084595,1.8194127321243285,3
0,upperarm_r,1.6266611019770305,1.634848713874817,1.7243050813674927,3
27,calf_l,1.6249162356058757,2.020385265350342,2.035747241973877,3
56,calf_r,1.6238936980565388,1.5760338306427002,1.8836642742156982,3
28,foot_r,1.6212202707926433,1.6741751432418823,1.9149622678756715,3
18,thigh_r,1.616936484972636,1.417903184890747,2.07273907661438,3
13,spine_02,1.6167014837265015,1.5681426525115967,1.7592061519622804,3
16,foot_l,1.6019941965738933,1.7996865510940552,1.8507188081741333,3
77,upperarm_l,1.5979668299357097,1.1265681982040405,2.2669155836105346,3
52,spine_02,1.596938927968343,1.530914068222046,1.7458253383636475,3
17,calf_l,1.5952397187550862,1.5909690856933594,2.026204299926758,3
80,foot_l,1.594603180885315,1.411979079246521,1.860183024406433,3
37,thigh_l,1.5924313465754192,1.7634261846542358,1.8484610319137573,3
49,thigh_r,1.5831869045893352,1.8500765562057495,2.1216920614242554,3
6,foot_l,1.5800002415974934,1.5690791606903076,1.6710691928863526,3
33,upperarm_l,1.5770838658014934,1.5976531505584717,1.8556289196014404,3
75,upperarm_r,1.5750417709350586,1.3487610816955566,1.9267519950866698,3
60,thigh_r,1.5721777280171711,1.4255664348602295,1.8409281253814698,3
82,lowerarm_l,1.5672410329182942,2.053980588912964,2.116630697250366,3
17,foot_l,1.5603251854578655,1.630612850189209,1.917179775238037,3
67,lowerarm_l,1.556691845258077,1.8232592344284058,2.10691659450531,3
0,calf_l,1.5441252787907918,1.5066441297531128,1.6838084936141968,3
54,hand_r,1.5429129203160603,1.5117089748382568,1.7053355693817138,3
73,hand_l,1.5421549876530964,1.4532090425491333,1.8313439607620239,3
42,thigh_l,1.5419926643371582,1.444352626800537,1.7289626121520996,3
79,calf_r,1.538681427637736,1.9435734748840332,2.1513949394226075,3
60,upperarm_l,1.5386343598365784,1.2006866931915283,2.43432240486145,3
51,lowerarm_l,1.5352040926615398,1.5252420902252197,1.5981371402740479,3
77,lowerarm_l,1.5303573608398438,1.0343785285949707,2.34645357131958,3
80,upperarm_l,1.5296692450841267,1.110465407371521,2.123795580863953,3
41,thigh_r,1.5291562875111897,1.465700387954712,1.687660551071167,3
40,thigh_r,1.5290798743565877,1.4846400022506714,1.7886377096176147,3
19,thigh_r,1.525525450706482,1.317779302597046,1.9277677059173584,3
72,foot_r,1.5236525932947795,1.5131107568740845,1.5414818048477172,3
6,calf_r,1.5115032593409221,1.3572930097579956,1.780315375328064,3
59,upperarm_l,1.5086760520935059,1.3407822847366333,1.9070549249649047,3
16,calf_l,1.5072040756543477,1.305375576019287,2.1631836891174316,3
48,thigh_r,1.5037642121315002,1.3893977403640747,2.121768021583557,3
18,upperarm_r,1.5025025208791096,1.4920650720596313,1.8128808259963989,3
85,upperarm_r,1.4960543711980183,1.6148781776428223,1.7372026443481445,3
56,upperarm_r,1.494004726409912,1.7353399991989136,1.8089401006698609,3
34,thigh_r,1.492417852083842,1.411452293395996,1.7725762367248534,3
67,thigh_l,1.4919988512992859,1.704530954360962,2.0522425174713135,3
51,foot_r,1.489974359671275,1.7265369892120361,1.8260115146636964,3
82,thigh_r,1.4897289077440898,1.6076290607452393,1.892100191116333,3
30,hand_r,1.487568457921346,1.4934413433074951,1.6217764377593995,3
18,foot_l,1.4872003396352131,1.5283093452453613,1.6265422821044921,3
10,calf_l,1.481183111667633,1.3853238821029663,2.0198439359664917,3
55,lowerarm_r,1.4782832860946655,1.5709108114242554,1.5964279890060424,3
44,foot_r,1.4779107968012493,1.6409363746643066,1.6523966789245605,3
27,thigh_r,1.4744293689727783,1.1575469970703125,1.9367231369018556,3
63,lowerarm_l,1.471638063589732,1.0541850328445435,2.1872392892837524,3
10,foot_l,1.4601919452349346,1.7228132486343384,1.8123337984085084,3
67,ball_r,1.4563640753428142,1.4294159412384033,1.6056164264678956,3
18,thigh_l,1.4540376265843709,1.1991733312606812,1.928931498527527,3
30,upperarm_l,1.452893813451131,1.5155539512634277,1.5281391143798828,3
51,calf_r,1.4525418877601624,1.1410101652145386,2.1055463552474976,3
19,RUpArmTwist_r_01,1.447620113690694,1.467267394065857,1.6919036626815795,3
78,foot_r,1.4453766345977783,1.3311090469360352,1.6575206756591796,3
42,ball_l,1.4419089555740356,1.4776166677474976,1.4909701108932496,3
4,ball_l,1.439476490020752,1.5415674448013306,1.7850884675979615,3
45,upperarm_l,1.4337635437647502,1.4822896718978882,1.5328602552413941,3
37,thigh_r,1.4314540425936382,1.5009007453918457,1.8665408134460448,3
4,upperarm_r,1.431035041809082,1.4170583486557007,1.5479349851608277,3
1,ball_l,1.4306292533874512,1.611404538154602,1.6438288927078246,3
19,thigh_l,1.428794542948405,1.261015772819519,1.9647096395492554,3
68,upperarm_l,1.4286182721455891,0.7452671527862549,2.424151659011841,3
79,lowerarm_l,1.4243636429309845,1.7379363775253296,2.1858723402023315,3
31,lowerarm_l,1.4242335160573323,1.5754057168960571,1.737964653968811,3
48,calf_l,1.4214243491490681,1.6093639135360718,1.639678454399109,3
24,hand_r,1.415083686510722,1.5419005155563354,1.6288506269454956,3
60,upperarm_r,1.4127251307169597,1.4922113418579102,1.755168628692627,3
61,upperarm_r,1.4112820227940877,1.21377432346344,1.7203005075454711,3
33,hand_r,1.40556796391805,1.3554713726043701,1.6055193424224854,3
25,hand_r,1.3977733453114827,1.4877821207046509,1.5710566759109497,3
2,upperarm_l,1.397517482439677,1.418446660041809,1.431778359413147,3
28,hand_r,1.3971316814422607,1.4245671033859253,1.552560305595398,3
66,upperarm_l,1.389974037806193,0.9721313118934631,2.037547600269318,3
28,upperarm_l,1.3871479431788127,1.2936981916427612,1.7149773359298706,3
24,foot_l,1.3785223960876465,1.4496852159500122,1.5802088975906372,3
69,foot_r,1.3719371159871419,1.3327674865722656,1.453678512573242,3
44,foot_l,1.3648664156595867,1.2788270711898804,1.5010427236557007,3
27,upperarm_l,1.3632960319519043,1.2166169881820679,1.69959876537323,3
55,ball_r,1.3600897391637166,1.3358755111694336,1.476985263824463,3
57,foot_r,1.356807549794515,1.327439546585083,1.6118066310882568,3
9,foot_r,1.3548938830693562,1.2876300811767578,1.6318151473999023,3
84,thigh_r,1.3522609670956929,1.5057928562164307,1.5803837299346923,3
50,foot_r,1.3519971370697021,1.3846207857131958,1.5636602640151978,3
64,lowerarm_l,1.3500859538714092,1.8388965129852295,1.9617048740386962,3
85,thigh_l,1.3486138979593914,1.400055170059204,1.412609338760376,3
72,lowerarm_l,1.3474280436833699,1.393890619277954,1.4501550197601318,3
37,foot_r,1.345190425713857,1.4853256940841675,1.65810067653656,3
77,thigh_r,1.3446031610171,0.9315003752708435,1.9649412035942078,3
32,hand_l,1.344250241915385,1.3024190664291382,1.4712593793869018,3
67,upperarm_l,1.3411143223444622,1.3017327785491943,1.4457542896270752,3
76,spine_01,1.3410921891530354,1.2667548656463623,1.5240919589996338,3
6,calf_l,1.3408776720364888,1.2224524021148682,1.706207799911499,3
44,thigh_r,1.3405897219975789,1.327862024307251,1.6582026958465577,3
20,RUpArmTwist_r_01,1.3385860125223796,1.3405342102050781,1.5819786071777344,3
31,upperarm_r,1.336631715297699,1.254979133605957,1.6594687461853028,3
63,calf_l,1.3327760895093281,1.2263455390930176,1.743943977355957,3
75,hand_l,1.3295673926671345,1.2760772705078125,1.565004253387451,3
44,ball_l,1.3248716195424397,1.2041904926300049,1.5825903415679932,3
18,hand_r,1.3248478174209595,1.3068903684616089,1.4443675756454468,3
32,upperarm_r,1.3247067133585613,1.154718279838562,1.6111398458480835,3
2,calf_l,1.3222586313883464,1.3470466136932373,1.3968491077423095,3
85,foot_l,1.3209586938222249,1.2584545612335205,1.436692476272583,3
26,thigh_r,1.318385362625122,1.1812770366668701,1.5922800540924071,3
45,calf_r,1.3054548303286235,1.5238856077194214,1.7757450819015503,3
55,hand_r,1.3047565619150798,1.2965446710586548,1.4259141206741333,3
66,thigh_r,1.3037575284639995,0.7049422860145569,2.1497258305549622,3
58,upperarm_l,1.2993092735608418,1.0414716005325317,1.8114181756973267,3
61,hand_r,1.2991172075271606,1.2933142185211182,1.3478681087493896,3
49,upperarm_l,1.298907498518626,1.228832721710205,1.7603517532348634,3
82,thigh_l,1.2959611415863037,1.5305862426757812,1.589545726776123,3
25,thigh_r,1.2944501241048176,1.120945692062378,1.612309503555298,3
44,thigh_l,1.2873206337292988,1.3677496910095215,1.5532011032104491,3
70,ball_r,1.2862577040990193,1.2530715465545654,1.4773455142974854,3
36,thigh_l,1.2849481105804443,1.518945336341858,1.5347087144851685,3
13,hand_r,1.283016840616862,1.1834275722503662,1.4376823902130127,3
41,calf_l,1.2821364800135295,1.4618127346038818,1.5487074375152587,3
29,upperarm_l,1.278794805208842,1.2861932516098022,1.5362960577011109,3
50,lowerarm_l,1.274431010087331,1.319953203201294,1.5582803249359132,3
32,upperarm_l,1.272421141465505,1.2369115352630615,1.5430739879608155,3
48,calf_r,1.2705061038335164,1.2994611263275146,1.412716817855835,3
1,foot_l,1.2688552935918171,1.1701114177703857,1.5059263706207275,3
7,calf_r,1.2671911716461182,1.1615591049194336,1.5039600372314452,3
5,thigh_l,1.2664156357447307,1.344437599182129,1.535468578338623,3
4,hand_r,1.2664083242416382,1.289720892906189,1.4435313940048218,3
48,thigh_l,1.2658576567967732,1.3384629487991333,1.6388999223709106,3
19,hand_r,1.2635856866836548,1.12820303440094,1.5057351350784303,3
42,thigh_r,1.2564694086710613,1.0623008012771606,1.582348370552063,3
43,calf_l,1.2551862796147664,1.19343101978302,1.5181251764297485,3
17,hand_l,1.2508283058802288,1.1795711517333984,1.4468588829040527,3
43,foot_r,1.250089963277181,1.3119126558303833,1.3548102617263793,3
26,ball_l,1.2497975826263428,1.1721969842910767,1.4176259279251098,3
41,ball_r,1.2419340213139851,1.217089295387268,1.3604087114334107,3
15,upperarm_r,1.2419165968894958,1.210745096206665,1.5196753978729247,3
49,lowerarm_l,1.236436386903127,1.148391842842102,1.8057199716567993,3
69,hand_l,1.2331918676694233,1.2052758932113647,1.5700490713119506,3
41,thigh_l,1.2242793639500935,1.2849048376083374,1.3565416097640992,3
72,upperarm_l,1.2211363911628723,0.9713338017463684,1.6669238686561585,3
77,upperarm_r,1.2210792303085327,0.9639167785644531,1.583272361755371,3
70,lowerarm_l,1.219591458638509,0.9972103238105774,1.6128398537635804,3
14,thigh_l,1.219341019789378,1.341518759727478,1.6069536924362182,3
42,lowerarm_r,1.218709150950114,1.2436872720718384,1.3493183374404907,3
68,lowerarm_l,1.215979427099228,0.5384277701377869,2.2490929484367372,3
20,hand_r,1.2136860291163127,1.0849484205245972,1.4396311521530152,3
29,calf_l,1.2127167383829753,1.057608962059021,1.5642019033432006,3
66,calf_l,1.2122007807095845,1.4425380229949951,1.6333817005157472,3
64,thigh_r,1.2047284841537476,1.0551434755325317,1.779214406013489,3
39,upperarm_r,1.2042107184727986,1.29710054397583,1.39241304397583,3
35,calf_l,1.2018669843673706,1.2495567798614502,1.3006234645843506,3
71,hand_l,1.200705091158549,1.1658819913864136,1.5480299711227417,3
23,upperarm_l,1.199643572171529,1.2323176860809326,1.3572565555572509,3
4,thigh_l,1.1994602878888447,1.2500641345977783,1.4911259174346925,3
79,upperarm_l,1.1981195608774822,1.47305428981781,1.5880510091781617,3
71,upperarm_r,1.1963369051615398,1.070020079612732,1.6297680616378785,3
35,thigh_l,1.1939403017361958,1.4013539552688599,1.4078713655471802,3
74,upperarm_r,1.1933215459187825,1.1066745519638062,1.5610816717147826,3
4,thigh_r,1.1925042271614075,1.1971291303634644,1.3763645887374878,3
33,foot_l,1.1905537446339924,1.059870719909668,1.6878528594970703,3
78,calf_r,1.1895349721113841,1.4695005416870117,1.7682764053344726,3
58,lowerarm_l,1.1847898364067078,0.891268789768219,1.634159290790558,3
48,upperarm_l,1.181587775548299,1.1008076667785645,1.6768192291259765,3
53,spine_01,1.177722692489624,1.130767583847046,1.2611544132232666,3
64,ball_r,1.177195946375529,1.1370768547058105,1.3181366920471191,3
30,ball_r,1.172721028327942,1.1777313947677612,1.1853662252426147,3
6,thigh_l,1.1724015871683757,1.1702858209609985,1.230886197090149,3
57,thigh_r,1.1720903118451436,1.148644208908081,1.5179465770721436,3
53,clavicle_l,1.1705097754796345,1.1557620763778687,1.2576371908187867,3
51,lowerarm_r,1.170309027036031,1.2081270217895508,1.223602867126465,3
61,hand_l,1.1702548265457153,1.1171807050704956,1.3677990674972533,3
19,foot_r,1.169834852218628,1.0685406923294067,1.4930615663528441,3
26,thigh_l,1.1653066674868267,1.20924973487854,1.4087706089019776,3
34,thigh_l,1.164764940738678,1.1207826137542725,1.5317818164825439,3
79,thigh_l,1.1628926396369934,1.4467499256134033,1.648151445388794,3
10,thigh_l,1.1563877662022908,1.1427077054977417,1.3204849004745483,3
21,hand_l,1.1520360708236694,1.1352183818817139,1.2755661487579346,3
7,foot_r,1.150869349638621,1.1591122150421143,1.307039499282837,3
20,foot_l,1.1454290350278218,1.094646692276001,1.4401936054229736,3
76,hand_r,1.1436533133188884,1.1148267984390259,1.1923061609268188,3
54,foot_l,1.1425521771113079,1.120119571685791,1.2771352767944335,3
29,foot_r,1.1407651901245117,1.261300802230835,1.4446698665618896,3
10,foot_r,1.1392359137535095,1.0340089797973633,1.4320167541503905,3
6,foot_r,1.1391076644261677,1.1344221830368042,1.2202300786972047,3
10,hand_r,1.1382771730422974,1.1440733671188354,1.181533122062683,3
32,foot_r,1.1380836963653564,1.1236637830734253,1.2305540800094605,3
58,foot_r,1.1369136373202007,1.1570847034454346,1.262614107131958,3
9,foot_l,1.1365432341893513,1.2050855159759521,1.2520205974578857,3
70,upperarm_l,1.136403461297353,0.8534555435180664,1.7583839416503906,3
78,lowerarm_l,1.1342013080914815,0.9732388854026794,1.4203137278556823,3
42,hand_l,1.131384015083313,1.0985809564590454,1.3106683015823364,3
67,thigh_r,1.1297375957171123,0.8943799138069153,1.6787277817726136,3
85,lowerarm_l,1.12763112783432,1.3683184385299683,1.5379006147384644,3
82,upperarm_l,1.1273897488911946,1.5522934198379517,1.586197304725647,3
79,foot_r,1.127374271551768,1.1042447090148926,1.2788680076599122,3
13,calf_r,1.1266246835390727,1.159245252609253,1.2827027797698975,3
80,hand_r,1.1240173975626628,1.1129753589630127,1.1553890705108643,3
32,thigh_r,1.1204135815302532,1.0381258726119995,1.303649115562439,3
46,lowerarm_l,1.1202866236368816,1.1396799087524414,1.1501993179321288,3
19,upperarm_l,1.1173890431722004,1.1124202013015747,1.259296441078186,3
44,ball_r,1.1171405911445618,1.0646533966064453,1.2692295074462892,3
76,upperarm_r,1.1171157956123352,1.0024558305740356,1.4919225931167603,3
79,thigh_r,1.115091900030772,1.3979387283325195,1.4023154258728028,3
57,upperarm_l,1.1147399147351582,1.1020032167434692,1.2318219423294068,3
75,ball_r,1.1086467504501343,1.079967975616455,1.2908855438232423,3
63,upperarm_r,1.106484850247701,0.9054899215698242,1.5147053718566894,3
25,ball_l,1.102467914422353,1.0598902702331543,1.271766757965088,3
20,thigh_r,1.102380136648814,0.983963131904602,1.4052409410476685,3
25,foot_l,1.1012165546417236,0.9928176403045654,1.3073449611663819,3
4,ball_r,1.0989533066749573,1.092150092124939,1.1924617528915404,3
29,thigh_r,1.0987073580423992,0.921684205532074,1.5344871401786804,3
21,thigh_r,1.0972269177436829,1.163657307624817,1.409571099281311,3
62,thigh_r,1.0962064663569133,0.7599425315856934,1.6728878974914552,3
25,lowerarm_l,1.0961040059725444,0.7474082112312317,1.6175483345985413,3
19,calf_r,1.0937160452206929,1.163819670677185,1.2420840978622436,3
41,ball_l,1.092291812102,1.1460139751434326,1.1703248500823975,3
39,lowerarm_r,1.0921899875005086,1.0689722299575806,1.3747835397720336,3
52,clavicle_l,1.091262698173523,1.0482257604599,1.1681766271591187,3
11,thigh_l,1.0872469345728557,1.1765199899673462,1.3792007684707641,3
68,ball_r,1.0826811989148457,1.0498337745666504,1.2552994728088378,3
22,upperarm_r,1.081649164358775,1.1741104125976562,1.1809493064880372,3
40,hand_l,1.078381101290385,1.0168673992156982,1.2139917850494384,3
14,upperarm_r,1.077896813551585,1.1582657098770142,1.168508267402649,3
72,thigh_l,1.0772487819194794,0.6189926862716675,1.891080451011658,3
78,thigh_r,1.0768660306930542,1.232561469078064,1.2467350721359254,3
48,lowerarm_l,1.0758636395136516,0.8465555310249329,1.7152631402015686,3
65,upperarm_r,1.0728210806846619,0.7765632271766663,1.607070553302765,3
73,upperarm_r,1.0727526148160298,0.8373429775238037,1.4668845653533935,3
5,lowerarm_l,1.0727076530456543,1.0647265911102295,1.1602199077606201,3
62,ball_l,1.0695513486862183,1.0716053247451782,1.2501421213150024,3
35,hand_r,1.0693958401679993,0.9519978761672974,1.3309388399124145,3
45,upperarm_r,1.0689431031545003,1.0786703824996948,1.0878233671188355,3
58,calf_r,1.0662587483723958,0.9699182510375977,1.2673446655273437,3
4,foot_r,1.065128207206726,1.1637588739395142,1.2228290796279908,3
38,thigh_l,1.0635882417360942,0.9340142011642456,1.3443535566329956,3
83,thigh_l,1.0630947550137837,0.8488096594810486,1.38036288022995,3
34,ball_r,1.0587953130404155,0.9767813086509705,1.2081121325492858,3
41,lowerarm_r,1.0582773685455322,1.011391043663025,1.1426525831222534,3
66,lowerarm_l,1.0577130913734436,0.9043057560920715,1.5708262085914613,3
56,lowerarm_r,1.0554365515708923,1.1639456748962402,1.226008987426758,3
23,thigh_r,1.0550530155499775,1.1465497016906738,1.3155077934265136,3
15,lowerarm_r,1.0545517802238464,1.1269350051879883,1.2005260467529297,3
40,hand_r,1.0523822903633118,1.1232913732528687,1.191625952720642,3
0,spine_02,1.0520389874776204,1.1439011096954346,1.1888782978057861,3
61,foot_l,1.0503737529118855,1.029221773147583,1.1530818462371826,3
76,spine_02,1.0502066413561504,0.9926475286483765,1.1861347913742066,3
24,thigh_r,1.0483700235684712,1.0834249258041382,1.0990185499191285,3
1,lowerarm_l,1.0467955271402996,1.0311312675476074,1.2162495613098145,3
3,thigh_r,1.0462143222490947,1.208807110786438,1.3149416208267213,3
69,ball_r,1.0458516677220662,0.9956356287002563,1.2427320718765258,3
18,RUpArmTwist_r_01,1.0447630286216736,1.0865963697433472,1.3102067708969116,3
8,foot_r,1.0440359512964885,0.9207676649093628,1.3499086141586303,3
52,spine_01,1.040842851003011,0.9898665547370911,1.12387615442276,3
31,upperarm_l,1.0393881996472676,1.1055184602737427,1.1779142618179321,3
19,foot_l,1.0393528739611309,1.051924228668213,1.161076545715332,3
57,thigh_l,1.0390259424845378,1.125177264213562,1.155153250694275,3
72,thigh_r,1.0380004048347473,0.9799877405166626,1.2949413537979126,3
21,upperarm_l,1.0373446544011433,1.20330810546875,1.2465762138366698,3
33,foot_r,1.0347106456756592,0.9393978714942932,1.396817696094513,3
39,thigh_r,1.033632218837738,0.944271981716156,1.2446526408195495,3
18,upperarm_l,1.0306362509727478,1.0291380882263184,1.2197946548461913,3
82,calf_l,1.0284252961476643,0.990622878074646,1.12907931804657,3
24,thigh_l,1.026238242785136,1.1352638006210327,1.3403342962265015,3
76,clavicle_l,1.0248613357543945,1.0572901964187622,1.1930522203445435,3
55,calf_r,1.0237730940183003,0.9503745436668396,1.2250469088554383,3
57,hand_l,1.0204355518023174,1.026422142982483,1.1534558534622192,3
56,ball_r,1.0177454153696697,0.9660674929618835,1.1613410353660583,3
50,thigh_l,1.0176419019699097,0.8919897675514221,1.2738816380500793,3
0,hand_r,1.0168344378471375,0.9881025552749634,1.1351121187210083,3
40,lowerarm_l,1.0164960821469624,0.8464922904968262,1.3091537475585937,3
21,lowerarm_l,1.0163367291291554,1.2931159734725952,1.318419909477234,3
51,hand_r,1.0153733889261882,0.9080157279968262,1.2044406890869142,3
74,foot_l,1.0137338240941365,0.8878751397132874,1.1964333653450012,3
7,upperarm_l,1.0120508472124736,1.098676085472107,1.2099817991256714,3
26,upperarm_r,1.0107790629069011,1.0651832818984985,1.1657617807388305,3
22,upperarm_l,1.0102473298708599,1.0528157949447632,1.25116765499115,3
38,thigh_r,1.0050830443700154,1.0103005170822144,1.1714067220687867,3
64,upperarm_l,1.004914363225301,0.8671602606773376,1.2624370455741882,3
37,lowerarm_r,1.0033799211184184,1.1680995225906372,1.2516632318496703,3
25,thigh_l,1.0024571418762207,1.0937106609344482,1.2154279232025147,3
46,upperarm_l,0.9960131446520487,0.9596577286720276,1.0928129315376283,3
66,ball_r,0.9957291086514791,0.9633326530456543,1.1262295722961426,3
17,lowerarm_r,0.9928563435872396,0.986289918422699,1.243750560283661,3
61,spine_02,0.9923349420229594,0.9805319309234619,1.0426760196685791,3
34,upperarm_l,0.9906953771909078,0.9821260571479797,1.2917335152626037,3
43,thigh_r,0.9902704358100891,0.8676443099975586,1.3151889801025392,3
74,foot_r,0.9897194703420004,0.9236664772033691,1.3522945404052735,3
0,lowerarm_r,0.9872652888298035,0.936211884021759,1.0625912308692933,3
48,foot_r,0.9832446376482645,0.9171075224876404,1.1137227892875672,3
50,calf_l,0.9788089195887247,1.2103577852249146,1.239974808692932,3
65,RUpArmTwist_l_01,0.9778856237729391,0.8257541060447693,1.1928219676017762,3
79,calf_l,0.9771614472071329,0.7799704074859619,1.2546656131744385,3
75,calf_r,0.9747134546438853,1.0741180181503296,1.4392840147018433,3
40,upperarm_l,0.9746387203534445,0.8689309358596802,1.2537051439285278,3
84,lowerarm_l,0.9733999669551849,1.1448332071304321,1.3842841386795044,3
69,calf_l,0.9725587368011475,0.8564323782920837,1.3598355174064636,3
44,lowerarm_l,0.9720011353492737,0.7934985756874084,1.2391132473945619,3
70,thigh_r,0.971704512834549,0.594489336013794,1.6491338253021242,3
76,foot_r,0.9711197217305502,0.9796071648597717,1.077050507068634,3
69,lowerarm_r,0.9702452619870504,0.8329646587371826,1.2376391887664795,3
5,foot_r,0.9676127632459005,1.0219863653182983,1.0698692083358765,3
10,upperarm_r,0.9655704299608866,0.9439751505851746,1.0710224509239197,3
83,foot_l,0.9652053117752075,1.0392858982086182,1.2171715259552003,3
14,LCalfTwist_03,0.965090294679006,1.0031667947769165,1.0163853883743286,3
55,foot_l,0.9648780028025309,0.9553697109222412,1.119469118118286,3
33,thigh_l,0.964381992816925,1.0499122142791748,1.0633717060089112,3
38,lowerarm_r,0.9635030428568522,1.0109447240829468,1.3389221906661988,3
47,lowerarm_l,0.9633426666259766,0.9658454060554504,1.101962435245514,3
37,hand_r,0.9626409212748209,1.0246429443359375,1.0997215270996095,3
47,calf_r,0.9619008302688599,0.7317391037940979,1.3711588978767395,3
54,spine_02,0.9595409035682678,0.9247245788574219,1.0573179244995117,3
45,foot_r,0.9594905972480774,0.9654816389083862,1.1436336278915404,3
46,foot_r,0.958726704120636,1.059285283088684,1.0779109239578246,3
27,lowerarm_l,0.9586323300997416,0.5922030806541443,1.4769571185112,3
30,head,0.9545421600341797,1.0386779308319092,1.0812900066375732,3
80,ball_r,0.9529980421066284,1.0080163478851318,1.0902135372161865,3
15,spine_02,0.9522264202435812,1.0010173320770264,1.0464024066925048,3
85,hand_r,0.9518908262252808,0.8679956793785095,1.1280684351921082,3
83,foot_r,0.9505121906598409,0.8837645649909973,1.0561381936073304,3
69,hand_r,0.9449742237726847,0.9183779358863831,1.0097742199897766,3
30,upperarm_r,0.942167341709137,1.0093967914581299,1.085517168045044,3
63,ball_l,0.9413144588470459,0.9488081336021423,1.121855342388153,3
73,lowerarm_l,0.9382014274597168,0.4568738043308258,1.6522712528705599,3
27,hand_r,0.9375192721684774,0.9068859815597534,1.0444933652877808,3
24,RUpArmTwist_l_01,0.936349352200826,0.8946059346199036,1.1170187592506409,3
78,upperarm_l,0.9342971245447794,1.0398387908935547,1.0761358261108398,3
84,upperarm_l,0.9339923858642578,1.037023901939392,1.1709934949874878,3
40,ball_l,0.9338560104370117,0.9508187174797058,1.1353192687034608,3
57,ball_r,0.9336156845092773,0.8986337780952454,1.0545702576637268,3
9,upperarm_r,0.9331774512926737,1.0418680906295776,1.0591057538986206,3
45,lowerarm_r,0.9311003684997559,0.9302768111228943,0.9544318556785584,3
82,foot_l,0.9301590720812479,0.9392432570457458,1.1183489680290222,3
62,thigh_l,0.9297312001387278,0.8613302707672119,1.540661096572876,3
17,upperarm_r,0.9283196131388346,0.8784177303314209,1.2520363330841064,3
24,ball_l,0.9269178907076517,0.8857731223106384,1.1298764109611512,3
76,ball_l,0.9269012610117594,0.9159246683120728,1.083321499824524,3
26,foot_r,0.9263260761896769,0.9479822516441345,1.207427966594696,3
66,thigh_l,0.9261090954144796,1.047969937324524,1.2937443017959596,3
82,upperarm_r,0.9255674183368683,1.0947537422180176,1.1933557510375976,3
84,lowerarm_r,0.9232488671938578,0.8517789840698242,1.073941421508789,3
32,hand_r,0.9205569624900818,0.9108763933181763,1.0034484148025513,3
69,foot_l,0.920032819112142,0.8618221282958984,1.1551850318908692,3
70,thigh_l,0.9198337495326996,0.6151730418205261,1.441582715511322,3
2,lowerarm_l,0.9190497398376465,1.00196373462677,1.1657650232315064,3
64,upperarm_r,0.918444017569224,0.8496957421302795,1.0474271893501281,3
29,hand_r,0.9138674338658651,0.9014185070991516,1.0589219689369203,3
68,hand_l,0.9137087265650431,0.8645062446594238,1.2401355743408202,3
68,thigh_l,0.9112414220968882,0.5178815126419067,1.606314778327942,3
7,lowerarm_l,0.9105238318443298,1.0283939838409424,1.1271336078643799,3
75,spine_02,0.9095094203948975,0.892844021320343,1.0357338547706605,3
36,thigh_r,0.9072975118954977,0.97025465965271,1.3215416431427003,3
1,thigh_l,0.9072965780893961,0.8471289277076721,1.0269575238227844,3
18,foot_r,0.9071292380491892,0.936977744102478,1.2351135969161988,3
46,thigh_r,0.906224528948466,0.9703644514083862,1.0405925512313843,3
58,ball_l,0.90516730149587,0.9180270433425903,1.054458451271057,3
14,spine_02,0.904405415058136,0.9362273812294006,0.9815953850746155,3
13,LCalfTwist_03,0.9028929074605306,0.9635560512542725,0.9747864246368408,3
8,foot_l,0.9016819397608439,0.8554157614707947,1.0639817118644714,3
13,RUpArmTwist_l_01,0.9000687201817831,0.9535905718803406,0.9931125044822693,3
80,calf_l,0.9000028769175211,0.8895403146743774,1.1229011774063111,3
2,foot_l,0.8984455466270447,0.874556839466095,0.9807368874549866,3
69,upperarm_r,0.8963020841280619,0.6886327266693115,1.3467912197113037,3
49,hand_l,0.8952587246894836,1.0530357360839844,1.072174072265625,3
75,lowerarm_r,0.8950259884198507,0.7993563413619995,1.091814112663269,3
50,thigh_r,0.8942180474599203,1.0159116983413696,1.1812827348709107,3
26,upperarm_l,0.8940678437550863,0.7753616571426392,1.2108286142349243,3
83,ball_r,0.8917140364646912,0.9429928064346313,1.0300539255142211,3
27,foot_r,0.8917120297749838,0.8323402404785156,1.1975469589233398,3
11,upperarm_r,0.8913612961769104,0.721735417842865,1.1371824145317078,3
56,hand_r,0.8906874060630798,0.8843970894813538,0.9939008831977845,3
11,hand_r,0.8901422222455343,0.8360162377357483,0.9836877942085266,3
45,calf_l,0.8901165723800659,0.8843477964401245,0.9828648328781128,3
37,ball_r,0.8896457552909851,0.9062935709953308,0.9670796751976013,3
50,upperarm_l,0.888181746006012,1.0956840515136719,1.1347643852233886,3
43,lowerarm_l,0.8870738744735718,0.9530930519104004,1.1288013458251953,3
76,RUpArmTwist_l_01,0.8853504657745361,0.7447023987770081,1.0829567074775697,3
56,spine_01,0.8851725260416666,0.9008548855781555,0.9763253331184387,3
25,upperarm_r,0.885053277015686,0.9870076775550842,0.9893030762672425,3
6,upperarm_l,0.8836498459180196,0.9257901906967163,1.051120638847351,3
49,upperarm_r,0.8835760553677877,0.9136175513267517,1.0742133975028991,3
41,hand_r,0.8830849726994833,0.8480384945869446,0.9561619400978089,3
85,thigh_r,0.8825234770774841,0.8970546722412109,1.1548523902893066,3
72,ball_r,0.8824892640113831,0.8669875264167786,1.0942854523658752,3
80,upperarm_r,0.881771961847941,0.7443995475769043,1.0971100807189942,3
32,ball_l,0.8803649346033732,0.9562912583351135,1.0747988820075989,3
42,foot_r,0.8794381618499756,0.8823062181472778,0.9787567377090454,3
68,lowerarm_r,0.878808875878652,0.7390128970146179,1.138058888912201,3
31,hand_r,0.8782000144322714,0.8113564848899841,1.1452989459037781,3
64,calf_l,0.877438098192215,1.0316624641418457,1.2063849449157715,3
64,thigh_l,0.8773182233174642,0.8263455033302307,1.0055557370185852,3
28,lowerarm_r,0.8752392133076986,0.6623688340187073,1.2814492344856263,3
83,calf_r,0.8741473853588104,1.186456322669983,1.321705174446106,3
55,spine_01,0.8737746874491373,0.933984100818634,0.9414510369300843,3
15,foot_r,0.8714000781377157,0.979789674282074,1.0011386752128602,3
12,foot_r,0.8710660636425018,0.7009984850883484,1.2787302374839782,3
39,thigh_l,0.8699121872584025,0.8524770736694336,0.9238020896911621,3
28,upperarm_r,0.869684100151062,0.874552845954895,1.0151673555374146,3
58,foot_l,0.8689960439999899,0.9740284085273743,1.0687855362892151,3
84,upperarm_r,0.8682326873143514,0.9366186261177063,1.0702841401100158,3
56,foot_l,0.8682214021682739,0.7921990752220154,0.9783197283744812,3
74,spine_02,0.8677199284235636,0.788490891456604,1.0358516931533814,3
20,calf_r,0.8673363129297892,0.9164379835128784,0.96871497631073,3
28,ball_l,0.8672141830126444,0.849518358707428,1.027500069141388,3
37,upperarm_r,0.8656338453292847,1.040757179260254,1.0607046127319335,3
78,thigh_l,0.865427295366923,0.822673499584198,0.9333690524101257,3
2,hand_r,0.8648274739583334,1.0104176998138428,1.0606252193450927,3
7,thigh_l,0.8640550374984741,0.7935407757759094,1.19302841424942,3
62,lowerarm_l,0.8636247913042704,0.9034131169319153,0.9037722229957581,3
57,calf_l,0.8623987038930258,0.9611366391181946,1.00464426279068,3
49,foot_l,0.8594449361165365,0.6984652280807495,1.097256064414978,3
68,foot_l,0.8586605588595072,0.7915210127830505,0.9736513018608093,3
9,thigh_l,0.8561003605524699,0.9661985635757446,1.0061084032058716,3
79,hand_l,0.8560104568799337,0.8485004901885986,1.0866248607635498,3
15,lowerarm_l,0.8551973899205526,0.5444508194923401,1.3787606358528137,3
23,upperarm_r,0.8546118338902792,0.9614993929862976,1.0881645560264588,3
20,upperarm_l,0.8541808724403381,0.9087466597557068,0.9093833804130554,3
10,thigh_r,0.8535396258036295,0.7111784219741821,1.16385977268219,3
53,clavicle_r,0.852518359820048,0.8102681040763855,0.920597779750824,3
57,lowerarm_l,0.8512672185897827,1.047102451324463,1.1346570014953614,3
46,ball_r,0.8501179416974386,0.7706360816955566,1.1074604034423827,3
3,spine_02,0.8498375018437704,0.8534937500953674,0.8569321274757385,3
8,upperarm_r,0.8492029507954916,0.9823268055915833,1.037360632419586,3
27,upperarm_r,0.8490932186444601,0.8075410723686218,0.9318346381187439,3
3,foot_l,0.8489444653193156,0.8847603797912598,0.8992370128631592,3
11,thigh_r,0.8471286296844482,0.9096075892448425,1.0026703238487245,3
74,spine_01,0.8469537099202474,0.792172908782959,1.0107765197753906,3
34,spine_01,0.8465894858042399,0.8539789915084839,0.9364307165145874,3
61,lowerarm_r,0.8435806234677633,0.8162878751754761,1.0498558759689331,3
20,thigh_l,0.843476136525472,0.7771965265274048,1.0207335710525514,3
48,hand_r,0.843455990155538,0.9032703042030334,0.9213860154151916,3
42,upperarm_l,0.8430924018224081,0.8622828722000122,0.9215793371200561,3
26,lowerarm_l,0.8415219088395437,0.5480964183807373,1.2940683841705323,3
60,spine_01,0.840778112411499,0.8784324526786804,1.0089728713035584,3
12,thigh_l,0.8401963710784912,0.6082177758216858,1.1861627697944641,3
34,lowerarm_l,0.8393748005231222,0.911919891834259,1.192978060245514,3
71,foot_l,0.8376463651657104,0.8752239942550659,0.9624372243881225,3
61,calf_r,0.837090253829956,0.8754879832267761,0.9347324728965759,3
84,foot_r,0.8368416229883829,0.9212401509284973,1.0461063027381896,3
78,foot_l,0.8356647888819376,0.8214104771614075,1.036867582798004,3
33,spine_01,0.8350069125493368,0.8072075843811035,0.9605555534362793,3
83,thigh_r,0.8348907232284546,0.7265021800994873,1.0846316814422607,3
21,upperarm_r,0.8348315954208374,0.8819364309310913,1.0028819799423219,3
25,RUpArmTwist_l_01,0.8327617645263672,0.8411863446235657,1.0001870751380921,3
2,thigh_l,0.8320911725362142,0.8122749328613281,1.0227503776550293,3
47,foot_l,0.8292134801546732,0.8152672648429871,1.0436729788780212,3
31,thigh_r,0.8287370006243387,0.7192381620407104,1.1175182104110717,3
74,hand_l,0.8269870281219482,0.6804146766662598,1.0708937644958496,3
38,hand_r,0.8255473375320435,0.9513502717018127,1.0228695034980775,3
11,lowerarm_l,0.8254428704579672,0.4545171856880188,1.3571679711341857,3
77,foot_r,0.8252959052721659,0.8370464444160461,0.9472614407539368,3
15,upperarm_l,0.8246632516384125,0.8761511445045471,1.0584037899971008,3
14,thigh_r,0.8237651387850443,0.845703125,1.2740229606628417,3
59,ball_l,0.8233936826388041,0.8374893665313721,0.9694152355194092,3
48,upperarm_r,0.8233897686004639,0.7662035226821899,0.9831399202346802,3
47,thigh_r,0.8226798375447592,0.7827144861221313,1.0686694383621216,3
72,calf_r,0.8194292783737183,1.0780282020568848,1.116523265838623,3
24,upperarm_r,0.8180192510286967,0.8617981672286987,1.076641821861267,3
11,hand_l,0.8171295523643494,0.8206910490989685,0.8271992087364197,3
65,ball_r,0.8162556489308676,0.7817184925079346,0.9453298568725585,3
5,hand_l,0.8149443864822388,0.839410662651062,0.8719596147537232,3
59,RUpArmTwist_l_01,0.8142777880032858,0.8592174053192139,0.8955674171447754,3
38,upperarm_l,0.8120827873547872,0.7273968458175659,1.0050019025802612,3
20,foot_r,0.8117746611436208,0.82130366563797,1.131912100315094,3
40,spine_01,0.8108600179354349,0.8669414520263672,0.9134352207183838,3
40,ball_r,0.8105034232139587,0.7596036195755005,0.921251654624939,3
33,spine_02,0.8081660469373068,0.801354169845581,0.9294934749603272,3
26,hand_l,0.8064349889755249,0.90998375415802,0.9890003442764282,3
39,hand_l,0.8054182330767313,0.6868951916694641,0.9858917832374573,3
61,head,0.8051161170005798,0.8039695024490356,0.8927459001541138,3
43,thigh_l,0.8040731946627299,0.8521460890769958,0.8628692984580993,3
71,hand_r,0.8006847302118937,0.8072528839111328,0.848291015625,3
75,hand_r,0.8002518614133199,0.7262650728225708,0.9548128366470336,3
40,upperarm_r,0.7959055602550507,0.8445497751235962,1.0340029001235962,3
40,calf_r,0.7954975565274557,0.7901667952537537,0.8189816355705262,3
22,hand_r,0.7939051588376363,0.6377065181732178,1.0669590473175048,3
14,LCalfTwist_02,0.7936540842056274,0.7969616055488586,0.8580395817756653,3
81,thigh_r,0.791804830233256,0.5686428546905518,1.1121435642242432,3
41,foot_r,0.7900570829709371,0.6490196585655212,1.0967038035392762,3
52,clavicle_r,0.7893940607706705,0.7458036541938782,0.8687263131141663,3
44,spine_02,0.7879775563875834,0.7983009815216064,0.8026447296142578,3
36,hand_r,0.7871473431587219,0.7531870007514954,1.032452642917633,3
19,lowerarm_l,0.7846828103065491,0.4327769875526428,1.3139137387275697,3
63,hand_r,0.783180296421051,0.7374876141548157,0.8576191067695618,3
24,upperarm_l,0.7815395991007487,0.8462663888931274,0.85735023021698,3
12,spine_02,0.7814931869506836,0.6978750824928284,0.9272591710090637,3
48,ball_r,0.7773897250493368,0.751872181892395,1.0721083879470825,3
23,RUpArmTwist_l_01,0.7760654886563619,0.7347431182861328,0.9619326591491699,3
36,lowerarm_r,0.7733363807201385,0.8938987851142883,1.1199330925941466,3
76,RUpArmTwist_r_01,0.7730233073234558,0.7021644711494446,1.1252806305885314,3
25,upperarm_l,0.7710685233275095,0.6807076930999756,1.0647026538848876,3
40,foot_r,0.7698874076207479,0.6373356580734253,1.1160079717636109,3
39,upperarm_l,0.7695204615592957,0.6681544184684753,1.015926682949066,3
5,ball_l,0.7692710757255554,0.8682093620300293,0.9228028297424317,3
80,spine_02,0.7692545255025228,0.7383648753166199,0.855497395992279,3
1,thigh_r,0.7690881689389547,0.799720287322998,0.9094437599182129,3
82,hand_l,0.7686108549435934,0.6215742826461792,0.9779368162155152,3
50,ball_r,0.7670548558235168,0.7466931939125061,0.8897595047950745,3
80,ball_l,0.7669912179311117,0.7714617848396301,0.950173819065094,3
60,foot_l,0.7669190367062887,0.812900960445404,0.8687112689018249,3
16,lowerarm_l,0.7642108996709188,0.8425834774971008,0.9053474545478821,3
21,hand_r,0.7628081440925598,0.8105306625366211,0.8686155796051025,3
41,spine_01,0.7616581122080485,0.8105034232139587,0.8825151324272156,3
70,upperarm_r,0.7610646684964498,0.8242254853248596,0.8436309456825256,3
46,thigh_l,0.7605945765972137,0.628866970539093,1.0669142365455628,3
19,RUpArmTwist_r_02,0.7572968204816183,0.8072366118431091,0.8670072436332703,3
54,spine_01,0.756127933661143,0.791628360748291,0.8433454036712646,3
27,hand_l,0.7558226982752482,0.8501759171485901,0.8771259903907775,3
50,foot_l,0.7552947998046875,0.7335823178291321,0.8574413895606995,3
10,ball_l,0.7542155086994171,0.6128912568092346,1.1359703183174132,3
71,ball_r,0.7539624174435934,0.6607899069786072,0.9817862391471863,3
42,foot_l,0.7530806461970011,0.6465497612953186,0.9458905339241028,3
38,upperarm_r,0.752674788236618,0.7861701250076294,0.9810429811477661,3
26,RUpArmTwist_l_01,0.7511831720670065,0.7527380585670471,0.92342449426651,3
44,hand_r,0.7506916721661886,0.7305024266242981,0.8389465928077697,3
17,hand_r,0.7493356267611185,0.6966938972473145,0.9668147087097168,3
13,LCalfTwist_02,0.7489515741666158,0.7768160700798035,0.7831760764122009,3
41,calf_r,0.7480683128039042,0.7464864253997803,0.7649483680725098,3
0,spine_01,0.7470456759134928,0.767050564289093,0.8386851906776428,3
71,RUpArmTwist_l_01,0.746992309888204,0.6136912703514099,0.995595920085907,3
25,foot_r,0.7461656232674917,0.7032603025436401,1.0316072225570678,3
62,upperarm_l,0.74552254875501,0.24909815192222595,1.4577955901622772,3
17,upperarm_l,0.743837038675944,0.7691872119903564,0.873436450958252,3
72,hand_l,0.7426247199376425,0.6835863590240479,1.094295072555542,3
26,lowerarm_r,0.7414750754833221,0.6687260866165161,1.0708949327468873,3
35,thigh_r,0.7409418225288391,0.6625522375106812,0.8643460988998413,3
5,upperarm_l,0.7398322025934855,0.6706050038337708,0.841021740436554,3
42,upperarm_r,0.7393914063771566,0.7181205749511719,0.8402265071868896,3
25,lowerarm_r,0.7387998998165131,0.6208170652389526,1.0845003843307495,3
4,hand_l,0.7380302747090658,0.7071080207824707,0.8901012897491455,3
66,hand_l,0.7379005750020345,0.6906442046165466,1.0392759203910829,3
18,lowerarm_l,0.7369375030199686,0.37426647543907166,1.268327683210373,3
3,thigh_l,0.7367998957633972,0.7650764584541321,0.8058346390724183,3
14,lowerarm_l,0.7363690932591757,0.4847622811794281,1.185330218076706,3
83,upperarm_l,0.7352797389030457,0.5903335809707642,0.9688137292861939,3
24,lowerarm_l,0.7325302263100942,0.4432887136936188,1.1912196934223176,3
65,hand_l,0.7322055995464325,0.6835317611694336,1.0122998237609864,3
84,calf_l,0.7272505958875021,0.6872466802597046,0.871435570716858,3
39,RUpArmTwist_r_01,0.7271391252676646,0.8159729838371277,0.9945786833763123,3
17,RUpArmTwist_r_01,0.7267964879671732,0.7579759955406189,1.0066762804985045,3
43,foot_l,0.7264244159062704,0.6309911608695984,1.0329866766929627,3
28,lowerarm_l,0.7258700033028921,0.4036015272140503,1.1884329557418825,3
72,foot_l,0.7258371015389761,0.8319854140281677,0.9100178122520447,3
16,foot_r,0.7251571814219157,0.8107190728187561,0.8225064396858215,3
61,RUpArmTwist_r_01,0.7249525288740793,0.6500881910324097,1.0470509290695191,3
58,thigh_r,0.7247991959253947,0.5812116861343384,0.9648794412612915,3
74,clavicle_l,0.7245622376600901,0.7669042944908142,0.9022692084312439,3
9,hand_r,0.7243678768475851,0.7560659646987915,0.7913704633712768,3
77,calf_r,0.7234602371851603,0.2825711667537689,1.3605530440807343,3
67,foot_l,0.7222464879353842,0.7309545874595642,0.7580139994621277,3
62,upperarm_r,0.7220793962478638,0.524249255657196,1.0743698477745056,3
50,upperarm_r,0.7220780849456787,0.7509308457374573,0.8171450734138489,3
38,foot_r,0.7217913468678793,0.5104942321777344,1.048264503479004,3
55,spine_02,0.7198344667752584,0.7103482484817505,0.8150890111923218,3
39,hand_r,0.7192858258883158,0.6871908903121948,0.9104313611984253,3
82,foot_r,0.719014306863149,0.7341530919075012,0.746467125415802,3
81,hand_l,0.717235783735911,0.6274422407150269,0.8466751337051391,3
1,hand_l,0.7172146439552307,0.7550126910209656,0.7961171984672546,3
12,lowerarm_l,0.7170688807964325,0.534254789352417,1.2293181896209717,3
0,ball_l,0.7168965737024943,0.7721527814865112,0.8384733915328979,3
63,foot_l,0.716589113076528,0.831486165523529,0.904198157787323,3
31,foot_r,0.716227392355601,0.7037529945373535,0.7724716186523437,3
9,thigh_r,0.7152434587478638,0.6444181203842163,0.90087411403656,3
78,hand_l,0.713153471549352,0.6548278331756592,0.9681388378143311,3
28,spine_02,0.7131449182828268,0.6633809804916382,0.7859567403793335,3
70,hand_l,0.7117272516091665,0.757663369178772,1.035970425605774,3
32,spine_02,0.7115943630536398,0.7013148069381714,0.8455096483230591,3
46,calf_l,0.709767093261083,0.7595717906951904,0.8660749912261962,3
22,thigh_r,0.7097154060999552,0.6670486330986023,0.8827789664268494,3
14,upperarm_l,0.7083351711432139,0.7026911377906799,0.9359139561653137,3
76,clavicle_r,0.7082383831342062,0.7759805917739868,0.7764719247817993,3
49,foot_r,0.707112322251002,0.7181147336959839,1.0082688093185426,3
10,lowerarm_l,0.7069517970085144,0.4908154308795929,1.103593498468399,3
16,hand_r,0.7038300832112631,0.6251791715621948,0.8678152322769165,3
2,foot_r,0.7031257549921671,0.6386494040489197,0.8460386157035827,3
24,lowerarm_r,0.7015701134999593,0.7285606861114502,1.0074391841888428,3
51,foot_l,0.7000501652558645,0.8050432801246643,0.8426324963569641,3
46,ball_l,0.6996791760126749,0.6596693396568298,0.7725698828697205,3
49,ball_r,0.6995768000682195,0.7203039526939392,1.0579960703849793,3
83,lowerarm_l,0.6978048185507456,0.3846372961997986,1.1783493876457214,3
24,foot_r,0.6942514876524607,0.7810770273208618,0.9358293294906617,3
27,spine_02,0.6938125292460123,0.6466460824012756,0.7692125916481019,3
48,ball_l,0.6935840249061584,0.713300883769989,0.7439637064933777,3
22,lowerarm_l,0.6928674181302389,0.6830564141273499,0.8152836918830871,3
36,upperarm_r,0.6908698280652364,0.8294668793678284,0.9385646939277649,3
14,LCalfTwist_01,0.6907672882080078,0.7055209875106812,0.7809077978134156,3
42,calf_r,0.6901102860768636,0.7051102519035339,0.7447264075279236,3
18,RUpArmTwist_r_02,0.6899705727895101,0.7163031697273254,0.7966756939888,3
9,ball_l,0.6899006565411886,0.5395005941390991,0.9053388833999634,3
48,foot_l,0.6896463334560394,0.6994205713272095,0.8878710985183715,3
65,foot_l,0.6891254087289175,0.6895502209663391,0.9321300148963928,3
32,calf_r,0.6884718736012777,0.6150584816932678,0.8102787137031555,3
58,hand_l,0.6876200040181478,0.7500423192977905,0.7567480802536011,3
17,lowerarm_l,0.686556359132131,0.6264365315437317,0.8444291234016419,3
21,RUpArmTwist_r_01,0.6841291685899099,0.664533257484436,0.9154855012893677,3
38,ball_l,0.6832619607448578,0.6737198829650879,0.9288030624389648,3
4,upperarm_l,0.6815641522407532,0.5917076468467712,0.8527884364128113,3
39,lowerarm_l,0.6803165276845297,0.45216915011405945,1.035388606786728,3
30,lowerarm_l,0.6802006264527639,0.761422872543335,0.8315292835235596,3
18,calf_r,0.6799197196960449,0.7024393677711487,0.7746615052223206,3
30,calf_r,0.6793313423792521,0.7279649972915649,0.7646896123886109,3
77,spine_02,0.6790838638941447,0.6329906582832336,0.7698135018348694,3
13,clavicle_r,0.6783777475357056,0.7169498205184937,0.7395699739456176,3
34,lowerarm_r,0.6774704655011495,0.5304369330406189,1.000947082042694,3
81,upperarm_l,0.677317480246226,0.4967079162597656,0.9672488212585449,3
32,spine_01,0.6765873034795126,0.6173405647277832,0.7804734706878662,3
5,thigh_r,0.675134668747584,0.7479790449142456,0.7818192720413208,3
61,ball_r,0.6748114824295044,0.6574490666389465,0.7916707634925843,3
29,upperarm_r,0.6745527187983195,0.6811012029647827,0.696253752708435,3
73,lowerarm_r,0.6745084921518961,0.5906654000282288,0.8851119160652161,3
0,RUpArmTwist_l_01,0.6743466754754385,0.6315923929214478,0.9452203035354614,3
36,foot_r,0.6735033045212427,0.7777231335639954,0.9594457268714904,3
81,lowerarm_l,0.6716523170471191,0.7091371417045593,0.9117205500602722,3
14,spine_01,0.6715242862701416,0.6407667994499207,0.8108394026756287,3
24,hand_l,0.6711166898409525,0.5943908095359802,0.7974918246269226,3
49,RUpArmTwist_r_01,0.6706463495890299,0.7048649787902832,0.9137145042419433,3
3,lowerarm_r,0.6697258750597636,0.6647886037826538,0.8074405431747437,3
53,RUpArmTwist_l_01,0.6685405870278677,0.7227939367294312,0.7999484777450562,3
37,upperarm_l,0.6684525609016418,0.6520093083381653,0.6924744725227356,3
67,upperarm_r,0.6673742731412252,0.6831966042518616,0.7651996731758117,3
63,spine_02,0.6673284769058228,0.650769054889679,0.7591889500617981,3
45,hand_l,0.6655420462290446,0.7291351556777954,0.7412627935409546,3
5,RUpArmTwist_l_01,0.665362556775411,0.606975257396698,0.7706220507621765,3
11,RUpArmTwist_r_01,0.6651492416858673,0.7620594501495361,0.8097261428833008,3
85,spine_01,0.6621312300364176,0.6610672473907471,0.8302285194396972,3
8,ball_l,0.6616893212000529,0.6638085842132568,0.7436641693115235,3
12,thigh_r,0.6607450147469839,0.5662704706192017,0.8864259004592896,3
69,RUpArmTwist_l_01,0.6605336666107178,0.49213331937789917,0.90267413854599,3
30,ball_l,0.6603612999121348,0.7904918193817139,0.8176144123077392,3
23,lowerarm_l,0.6602629025777181,0.6673540472984314,0.6722115397453308,3
37,hand_l,0.6596389015515646,0.6480972766876221,0.8169174671173096,3
26,RUpArmTwist_r_01,0.6593404213587443,0.6630585789680481,0.891868793964386,3
13,hand_l,0.6563990314801534,0.5000948309898376,0.8805940985679627,3
22,RUpArmTwist_r_01,0.6552067200342814,0.625930905342102,0.8609977006912232,3
30,hand_l,0.6550576587518057,0.48686864972114563,0.912331634759903,3
6,lowerarm_r,0.6531542936960856,0.6107861399650574,0.7151835322380066,3
71,spine_02,0.6511696577072144,0.5957427024841309,0.8494262218475341,3
35,spine_01,0.6510633230209351,0.6443296670913696,0.7554418325424195,3
68,hand_r,0.649212638537089,0.6006429195404053,0.7285303592681884,3
68,upperarm_r,0.6474601626396179,0.4398857355117798,1.0803225755691528,3
62,foot_l,0.6463478604952494,0.7802086472511292,0.8420961499214172,3
80,RUpArmTwist_r_01,0.6463070114453634,0.6070535182952881,1.019118070602417,3
13,spine_01,0.6456754604975382,0.597943127155304,0.7265181183815003,3
63,lowerarm_r,0.645425428946813,0.5702418684959412,0.8715703845024109,3
67,spine_01,0.6453909079233805,0.6437852382659912,0.7526192188262939,3
78,spine_01,0.6449867784976959,0.5523397326469421,0.8248364806175232,3
49,calf_r,0.6436955630779266,0.5482123494148254,0.8909088730812073,3
4,RUpArmTwist_r_01,0.6436184644699097,0.523288905620575,1.0023846983909608,3
27,RUpArmTwist_r_01,0.642223467429479,0.5645351409912109,0.9435872077941895,3
57,spine_01,0.63962255915006,0.7068321704864502,0.7491793155670166,3
65,calf_l,0.6385024040937424,0.43063363432884216,1.1193234622478485,3
42,lowerarm_l,0.638037234544754,0.6536112427711487,0.7810718178749084,3
27,lowerarm_r,0.6364859441916147,0.4025721549987793,1.0103782653808593,3
30,calf_l,0.6335671345392863,0.5401153564453125,0.8828465461730958,3
15,hand_l,0.6329062680403391,0.5998260974884033,0.8322998523712158,3
74,hand_r,0.6316020091374716,0.6488920450210571,0.702213978767395,3
58,spine_01,0.6288931171099345,0.660465657711029,0.7617122054100036,3
54,RUpArmTwist_r_01,0.62812007466952,0.5350087285041809,0.9644047379493713,3
13,LCalfTwist_01,0.6276877125104269,0.5859600901603699,0.7086591124534607,3
65,lowerarm_r,0.6260668337345123,0.5463266372680664,0.8789952278137207,3
20,lowerarm_l,0.6241760849952698,0.3987024426460266,0.9530506730079651,3
46,foot_l,0.6241116027037302,0.49709561467170715,0.8106886923313141,3
36,ball_r,0.6225316325823466,0.6334554553031921,0.6834997534751892,3
59,lowerarm_l,0.6219061613082886,0.564974308013916,0.8364158153533936,3
17,thigh_r,0.6216737180948257,0.4504813849925995,1.0398108422756196,3
30,spine_02,0.621621827284495,0.6247148513793945,0.6293740272521973,3
47,hand_r,0.6214677592118582,0.6793831586837769,0.756754994392395,3
25,spine_02,0.6205916404724121,0.5822617411613464,0.7180326342582702,3
77,spine_01,0.6201768815517426,0.4896424412727356,0.8400037884712219,3
48,hand_l,0.6198816696802775,0.7855362296104431,0.806487786769867,3
1,lowerarm_r,0.6195426980654398,0.5143792629241943,0.8629385471343994,3
22,RUpArmTwist_l_01,0.6178207397460938,0.5989922285079956,0.8347285985946655,3
15,spine_01,0.6174461444218954,0.5882099270820618,0.7378358960151672,3
75,foot_l,0.6173668404420217,0.609937310218811,0.7343253850936889,3
29,lowerarm_l,0.6161888639132181,0.5360387563705444,0.7523633718490601,3
47,upperarm_l,0.6157733003298441,0.6269960999488831,0.6394452214241028,3
45,ball_r,0.6149462958176931,0.8366281986236572,0.8491765975952148,3
37,RUpArmTwist_l_01,0.6149404247601827,0.620711624622345,0.6591230511665345,3
1,hand_r,0.6142488420009613,0.5865159034729004,0.8719734191894531,3
75,neck_01,0.6134154697259268,0.6253900527954102,0.7108502864837647,3
36,upperarm_l,0.6133690476417542,0.6215307116508484,0.631455934047699,3
68,spine_01,0.613261342048645,0.5863672494888306,0.7071056127548218,3
66,RUpArmTwist_l_01,0.6116800010204315,0.43437784910202026,0.8710109114646912,3
11,upperarm_l,0.6110563476880392,0.46438083052635193,0.8825760543346405,3
15,hand_r,0.6108602086702982,0.5932981371879578,0.7487494826316834,3
73,head,0.6108370820681254,0.6174578666687012,0.6948837757110595,3
15,ball_r,0.6107435623804728,0.5851889252662659,0.6596001744270324,3
81,foot_l,0.6107048491636912,0.6253960728645325,0.728148901462555,3
41,hand_l,0.6097276409467062,0.6903197765350342,0.7544713497161866,3
22,lowerarm_r,0.6094270745913187,0.7802004814147949,0.7854066848754883,3
72,upperarm_r,0.6091468930244446,0.5883761644363403,0.8073251008987427,3
47,ball_r,0.6085886607567469,0.6917774677276611,0.9057842254638672,3
85,lowerarm_r,0.6083580553531647,0.5572695136070251,0.7396906733512878,3
3,upperarm_r,0.6081209977467855,0.5698492527008057,0.6970473766326905,3
26,spine_01,0.6076956888039907,0.6624615788459778,0.7076995968818665,3
4,lowerarm_r,0.6073080003261566,0.683010458946228,0.7485933542251587,3
37,spine_02,0.6062882840633392,0.6526592373847961,0.6650555729866028,3
2,upperarm_r,0.6061927477518717,0.6255709528923035,0.6701445937156677,3
37,RUpArmTwist_r_01,0.6058304607868195,0.6117717623710632,0.8396876215934753,3
24,spine_01,0.6057807703812917,0.6378480792045593,0.6935022711753845,3
61,spine_01,0.6056894858678182,0.611474871635437,0.6947228193283081,3
80,spine_01,0.603492389122645,0.4913501441478729,0.7948709428310394,3
84,hand_r,0.6033592919508616,0.6066403388977051,0.6948150157928467,3
78,ball_l,0.6032266318798065,0.6346480846405029,0.7734548091888428,3
36,lowerarm_l,0.6031547089417776,0.43824154138565063,0.9367289662361146,3
65,hand_r,0.6014366149902344,0.589640200138092,0.6596063733100891,3
82,calf_r,0.5970265765984853,0.5874699950218201,0.979326331615448,3
35,foot_r,0.5954583088556925,0.6165435910224915,0.6269703507423401,3
35,lowerarm_l,0.594899038473765,0.5767625570297241,0.6678034543991089,3
68,RUpArmTwist_r_01,0.5947466244300207,0.70270836353302,0.8146221399307251,3
37,spine_01,0.5945487717787424,0.6091278791427612,0.6840376138687134,3
16,upperarm_r,0.594211588303248,0.5068572163581848,0.8405389428138733,3
12,hand_r,0.5941681663195292,0.6348528265953064,0.7827627062797546,3
34,head,0.5932519932587942,0.6774556636810303,0.6953893661499023,3
46,hand_r,0.5930651128292084,0.6291435956954956,0.7640691518783569,3
1,upperarm_l,0.5925656954447428,0.5377159118652344,0.6955799102783203,3
73,spine_02,0.5921225746472677,0.5675424337387085,0.7451091051101685,3
22,hand_l,0.5917102595170339,0.5792070031166077,0.7425408005714417,3
2,clavicle_l,0.5916792154312134,0.5877053737640381,0.622160005569458,3
37,lowerarm_l,0.5908087690671285,0.47154131531715393,0.8745620071887971,3
5,spine_01,0.5898960630098978,0.5536129474639893,0.6765459060668946,3
77,clavicle_l,0.5897641877333323,0.5784150958061218,0.7394258379936218,3
81,ball_r,0.5891773700714111,0.5877611041069031,0.6571019053459167,3
7,hand_l,0.5891745885213217,0.5839039087295532,0.6378994703292846,3
59,thigh_r,0.5889447331428528,0.5844669938087463,0.8085280537605286,3
12,upperarm_r,0.5865995685259501,0.498537540435791,0.8779006958007812,3
38,hand_l,0.5855961839358012,0.5820255279541016,0.7307047843933105,3
3,foot_r,0.5850234627723694,0.6117532849311829,0.7277218461036682,3
5,head,0.5834450523058573,0.5940006971359253,0.6654741525650024,3
77,hand_r,0.5822952290376028,0.5259929299354553,0.696802294254303,3
4,spine_01,0.5811158418655396,0.6318264603614807,0.6925222516059876,3
51,spine_02,0.5810868442058563,0.6314765810966492,0.6372074007987976,3
20,RUpArmTwist_r_02,0.580831785996755,0.6090946197509766,0.6923649787902832,3
52,RUpArmTwist_l_01,0.5803203483422598,0.6093631386756897,0.6918432831764221,3
84,LCalfTwist_03,0.5799649357795715,0.5617408752441406,0.6659060478210449,3
16,hand_l,0.5786044796307882,0.5531720519065857,0.7836799025535583,3
59,calf_r,0.5775926013787588,0.5591102838516235,0.7032230138778687,3
35,upperarm_l,0.5771735310554504,0.6585839986801147,0.843699860572815,3
50,spine_01,0.5771475732326508,0.6059202551841736,0.7530830264091491,3
35,ball_r,0.5766838788986206,0.5516886115074158,0.6473914504051208,3
66,upperarm_r,0.5762142986059189,0.37668168544769287,0.999751353263855,3
6,RUpArmTwist_r_01,0.5757956778009733,0.6515162587165833,0.9083253979682923,3
1,spine_02,0.5736379126707712,0.5459553599357605,0.7023316264152527,3
28,spine_01,0.5730653603871664,0.6303451657295227,0.6655715107917786,3
26,clavicle_l,0.5710733731587728,0.5684719085693359,0.6466244220733642,3
21,foot_r,0.570998619000117,0.6084235906600952,0.7397130250930786,3
67,RUpArmTwist_r_01,0.5706417411565781,0.6851193904876709,0.760518217086792,3
26,calf_r,0.5702168941497803,0.6133910417556763,0.6467386484146118,3
41,lowerarm_l,0.5695045391718546,0.4705637991428375,0.7914591610431672,3
70,foot_r,0.5684701402982076,0.6538017988204956,0.6640938520431519,3
85,clavicle_l,0.565727710723877,0.5971595644950867,0.6078133463859559,3
15,ball_l,0.5655657549699148,0.5947121977806091,0.8774930834770203,3
73,neck_01,0.5647366642951965,0.5689812302589417,0.655496084690094,3
38,lowerarm_l,0.5628915131092072,0.3519667088985443,0.9041801154613496,3
17,thigh_l,0.5623270571231842,0.2703196406364441,0.9718961119651794,3
57,upperarm_r,0.560885821779569,0.7287808060646057,0.7589190125465393,3
81,thigh_l,0.560449997584025,0.5381532311439514,0.6593929886817932,3
58,ball_r,0.5595716238021851,0.49551406502723694,0.6528655827045441,3
49,hand_r,0.5569115877151489,0.5473816394805908,0.6504794120788574,3
46,upperarm_r,0.556581954161326,0.5706281661987305,0.572668981552124,3
31,calf_r,0.5564219256242117,0.5675241947174072,0.6205902099609375,3
82,lowerarm_r,0.5562425255775452,0.5201932787895203,0.6852628588676453,3
76,hand_l,0.5552165905634562,0.4983525276184082,0.7720792293548584,3
43,spine_02,0.5544458031654358,0.5593461394309998,0.6087196230888366,3
49,lowerarm_r,0.5530591706434885,0.6076587438583374,0.6933100938796997,3
74,clavicle_r,0.5528593262036642,0.6243792176246643,0.632534658908844,3
57,foot_l,0.5513273477554321,0.5652060508728027,0.6222430229187011,3
36,hand_l,0.549999326467514,0.5680163502693176,0.7055411458015441,3
83,hand_r,0.5493007202943166,0.4748391807079315,0.6784341275691986,3
2,RUpArmTwist_l_01,0.5482079883416494,0.5866438746452332,0.7291588187217712,3
60,lowerarm_r,0.547811359167099,0.6210114359855652,0.6228076338768005,3
14,ball_l,0.5460977057615916,0.712475597858429,0.813819420337677,3
68,RUpArmTwist_l_01,0.54564102490743,0.3847702741622925,0.7906502485275269,3
10,LCalfTwist_01,0.545351246992747,0.5584518909454346,0.5618711948394776,3
80,lowerarm_r,0.5452021360397339,0.47762125730514526,0.7207574725151062,3
65,spine_02,0.5442390640576681,0.4968687891960144,0.6836958765983582,3
53,head,0.5435293316841125,0.5728026628494263,0.5796286821365356,3
12,lowerarm_r,0.5431677798430125,0.32248198986053467,0.961234450340271,3
75,head,0.5427632431189219,0.48791271448135376,0.6241058468818664,3
69,spine_02,0.5423635443051656,0.5062138438224792,0.7304143309593201,3
41,upperarm_l,0.5417360663414001,0.40888887643814087,0.7671130299568176,3
24,RUpArmTwist_l_02,0.5409869949022929,0.5296945571899414,0.5830484390258789,3
6,hand_r,0.5407554010550181,0.52208012342453,0.640149962902069,3
38,RUpArmTwist_r_01,0.5396260718504587,0.5486323833465576,0.7972322463989258,3
73,foot_l,0.5392764210700989,0.5874099731445312,0.7161555767059327,3
78,RUpArmTwist_r_01,0.5386171440283457,0.4475131034851074,0.9443041801452637,3
9,spine_01,0.537346770366033,0.452464759349823,0.6672124266624451,3
10,RUpArmTwist_r_01,0.5368585288524628,0.6203445792198181,0.7012625575065613,3
59,spine_01,0.5368175506591797,0.5587456822395325,0.6728589177131653,3
74,RUpArmTwist_l_01,0.5363554060459137,0.4159007668495178,0.7559416413307191,3
80,clavicle_r,0.536018172899882,0.5343847274780273,0.5403778076171875,3
61,clavicle_l,0.5358711779117584,0.5761833190917969,0.6245349407196045,3
31,spine_02,0.535759170850118,0.5355767011642456,0.6742633581161499,3
11,foot_r,0.5353307326634725,0.5989952087402344,0.6432808399200439,3
62,spine_02,0.5350606342156728,0.5111379623413086,0.6061602592468261,3
58,hand_r,0.5348152418931326,0.5073860287666321,0.6189894795417785,3
10,spine_01,0.5337149202823639,0.5396572351455688,0.666446328163147,3
23,ball_r,0.5336044629414877,0.5919479727745056,0.6312929034233093,3
26,spine_02,0.5328862468401591,0.49947649240493774,0.588484251499176,3
70,foot_l,0.5320894519488016,0.6036736369132996,0.6143313765525817,3
46,lowerarm_r,0.5312363306681315,0.6157214641571045,0.6162302017211914,3
14,hand_r,0.5311743716398875,0.45566853880882263,0.6830825507640839,3
16,thigh_r,0.5311494767665863,0.30318892002105713,0.8544727087020875,3
78,hand_r,0.5308870375156403,0.5531154274940491,0.5746091961860657,3
69,spine_01,0.5302778979142507,0.5424348711967468,0.5976834654808044,3
17,RUpArmTwist_l_01,0.5300971368948618,0.5475205183029175,0.6487100839614868,3
54,calf_r,0.5292592545350393,0.47922977805137634,0.6071515262126923,3
22,foot_r,0.5292022228240967,0.5241311192512512,0.5507302403450012,3
59,ball_r,0.5289907654126486,0.4867672622203827,0.620904392004013,3
4,neck_01,0.5285853246847788,0.5458790063858032,0.6445353269577027,3
76,LCalfTwist_01,0.5285852452119192,0.5035431385040283,0.5681989192962646,3
74,neck_01,0.5278792281945547,0.5211971998214722,0.6690616369247436,3
34,spine_02,0.5277761220932007,0.5714395046234131,0.600885534286499,3
1,ball_r,0.5267986257870992,0.5793492794036865,0.6424196243286133,3
70,calf_l,0.5262546887000402,0.4810308516025543,0.8505944073200226,3
53,RUpArmTwist_r_01,0.5255011121431986,0.3825121521949768,0.8789663434028626,3
58,upperarm_r,0.5253147880236307,0.42556053400039673,0.7712982773780823,3
9,spine_02,0.5250547329584757,0.5041102766990662,0.5593119025230407,3
81,hand_r,0.5247347354888916,0.5265944600105286,0.6348837018013,3
35,upperarm_r,0.5237233936786652,0.6120815277099609,0.6679744243621826,3
71,clavicle_r,0.5236524442831675,0.5421969890594482,0.6292436122894287,3
32,head,0.5229908525943756,0.5766492486000061,0.587131941318512,3
25,RUpArmTwist_r_01,0.5229573448499044,0.48825275897979736,0.7612151384353638,3
12,upperarm_l,0.5219567616780599,0.6495915055274963,0.6531399369239808,3
81,foot_r,0.5217615167299906,0.5568158626556396,0.6881974697113037,3
66,RUpArmTwist_r_01,0.5211445490519205,0.6064999103546143,0.7004364013671875,3
39,foot_r,0.519944409529368,0.45116233825683594,0.7217045307159424,3
5,RUpArmTwist_l_02,0.5182923873265585,0.5393558740615845,0.582325530052185,3
66,foot_l,0.5180817047754923,0.5410152673721313,0.6259435415267944,3
0,LCalfTwist_01,0.5179899136225382,0.5356462001800537,0.5969033718109131,3
31,spine_01,0.5177516837914785,0.4946397840976715,0.628465062379837,3
13,clavicle_l,0.5174360473950704,0.5010616779327393,0.564451265335083,3
8,thigh_l,0.5170915226141611,0.39354419708251953,0.7104194164276123,3
85,neck_01,0.5169179936250051,0.4873928129673004,0.6086423218250274,3
60,spine_02,0.5163504679997762,0.4218432307243347,0.6904241919517518,3
14,foot_r,0.5157788097858429,0.4408646821975708,0.667540717124939,3
29,lowerarm_r,0.5152317384878794,0.4563664495944977,0.77169468998909,3
40,spine_02,0.51508096853892,0.5539191961288452,0.5823221921920776,3
29,spine_02,0.5149401823679606,0.5338276028633118,0.535125982761383,3
39,RUpArmTwist_r_02,0.5146037340164185,0.5254125595092773,0.5904120922088623,3
58,clavicle_l,0.514105757077535,0.49806493520736694,0.6104909300804138,3
43,hand_r,0.5129913787047068,0.5380899906158447,0.5590490341186524,3
76,RUpArmTwist_l_02,0.512811521689097,0.5328969359397888,0.5969282507896423,3
38,head,0.5125156541665395,0.48636549711227417,0.6439543604850769,3
6,thigh_r,0.5114570607741674,0.666228175163269,0.6760564088821411,3
46,hand_l,0.5111651321252187,0.5072505474090576,0.5805154323577881,3
35,lowerarm_r,0.5109674831231436,0.40329256653785706,0.7829332172870637,3
73,hand_r,0.5108845035235087,0.39719098806381226,0.6840060114860534,3
80,clavicle_l,0.5108466843763987,0.49689728021621704,0.656347906589508,3
59,hand_r,0.5107138454914093,0.47657230496406555,0.5788191378116607,3
71,lowerarm_r,0.5105550289154053,0.3755120038986206,0.7478654146194458,3
75,clavicle_l,0.5104056298732758,0.48580101132392883,0.6558067381381989,3
68,calf_l,0.5088100532690684,0.44979608058929443,0.705548357963562,3
66,spine_01,0.507415364185969,0.4597920775413513,0.586366879940033,3
62,hand_r,0.5065523982048035,0.48756691813468933,0.5748271882534027,3
14,hand_l,0.5059529940287272,0.5568954348564148,0.6108599066734314,3
12,ball_r,0.50515944759051,0.5230187773704529,0.6319208979606629,3
50,RUpArmTwist_r_01,0.5047814498345057,0.5577566027641296,0.7110673308372497,3
71,RUpArmTwist_l_02,0.5043527285257975,0.5288513898849487,0.5871374845504761,3
31,hand_l,0.5041425029436747,0.48646166920661926,0.6079602301120758,3
19,ball_r,0.5038092533747355,0.5533103942871094,0.5844675064086914,3
9,LCalfTwist_01,0.5024249653021494,0.5055067539215088,0.5058532238006592,3
65,RUpArmTwist_r_01,0.5022730231285095,0.5532824397087097,0.7020476222038269,3
56,spine_02,0.5022359689076742,0.5076395273208618,0.6158865690231323,3
34,RUpArmTwist_l_01,0.5018414556980133,0.5002931356430054,0.5496152639389038,3
5,neck_01,0.5016215840975443,0.5515806078910828,0.5879969954490661,3
84,spine_02,0.5007728536923727,0.5093259811401367,0.5334022045135498,3
37,LCalfTwist_01,0.5006592770417532,0.4732643961906433,0.605419147014618,3
71,foot_r,0.5003123879432678,0.5247833728790283,0.5343942165374755,3
53,LCalfTwist_03,0.5001989205678304,0.46856287121772766,0.5646310865879058,3
39,spine_01,0.49830399950345355,0.5839333534240723,0.6044501781463623,3
52,RUpArmTwist_r_01,0.4982085128625234,0.3823419213294983,0.8493769764900208,3
17,foot_r,0.49575982491175336,0.5104110240936279,0.6160289287567139,3
29,hand_l,0.49452369411786395,0.3411661982536316,0.7917692065238953,3
2,spine_02,0.49444739023844403,0.5430750250816345,0.5841863989830017,3
66,lowerarm_r,0.4940757950146993,0.37447839975357056,0.7265200257301331,3
12,RUpArmTwist_r_01,0.4932807783285777,0.5321738719940186,0.5431926727294922,3
71,spine_01,0.4925065835316976,0.5018078684806824,0.6285462260246277,3
84,spine_01,0.4923914273579915,0.48124292492866516,0.5761713087558746,3
21,spine_02,0.4901838004589081,0.4372202455997467,0.6042900383472443,3
45,spine_01,0.4901701907316844,0.44390904903411865,0.6313082456588746,3
25,calf_r,0.4895417590936025,0.5695822834968567,0.5879358410835266,3
80,RUpArmTwist_r_02,0.48947598536809284,0.45361772179603577,0.577940684556961,3
42,hand_r,0.488681823015213,0.5889179706573486,0.6172046184539794,3
11,lowerarm_r,0.488509734471639,0.5476023554801941,0.5967753291130066,3
7,hand_r,0.48816990852355957,0.5009971857070923,0.653212571144104,3
36,LCalfTwist_01,0.4877554972966512,0.47288575768470764,0.5489346802234649,3
50,clavicle_l,0.48761380712191266,0.47896429896354675,0.5605313241481781,3
81,upperarm_r,0.4874025881290436,0.46988382935523987,0.5670375168323517,3
64,spine_02,0.4870772163073222,0.4898020625114441,0.4983756899833679,3
67,hand_l,0.4870616892973582,0.4720512330532074,0.7840730369091033,3
8,lowerarm_l,0.486799880862236,0.5934813618659973,0.6396462559700012,3
77,foot_l,0.4864666958649953,0.4260869324207306,0.6490051329135895,3
0,clavicle_r,0.481782188018163,0.48719140887260437,0.5228833615779876,3
72,neck_01,0.48101358612378436,0.5280306935310364,0.5371737599372863,3
21,lowerarm_r,0.48081469535827637,0.5365879535675049,0.5855747699737549,3
30,lowerarm_r,0.4804196258385976,0.45954814553260803,0.5457115471363068,3
84,thigh_l,0.4802899087468783,0.5343332886695862,0.7356817841529846,3
73,RUpArmTwist_r_01,0.4799361824989319,0.4683409631252289,0.6527691066265107,3
79,upperarm_r,0.4799212117989858,0.4380134344100952,0.5873452425003052,3
36,calf_r,0.4788880745569865,0.4125961363315582,0.612869244813919,3
2,thigh_r,0.4779917399088542,0.4065624475479126,0.6105304479598999,3
59,spine_02,0.4777674973011017,0.43486618995666504,0.5616147994995118,3
4,head,0.4768327673276265,0.5018511414527893,0.5192759156227111,3
10,lowerarm_r,0.47669405738512677,0.3461066484451294,0.7006835699081421,3
25,spine_01,0.4765411814053853,0.5535677075386047,0.5652605652809143,3
60,pinky_01_l,0.47647253672281903,0.4727504253387451,0.4913816452026367,3
62,calf_l,0.47645728786786395,0.5300687551498413,0.5483691453933716,3
8,hand_r,0.47562143951654434,0.46838754415512085,0.7777433276176453,3
11,ball_l,0.4755440105994542,0.4536396563053131,0.8211448013782502,3
12,pinky_01_l,0.47543437282244366,0.4124225378036499,0.6175473928451538,3
63,hand_l,0.47513187925020856,0.3694869875907898,0.7102183699607849,3
31,RUpArmTwist_l_01,0.47507190704345703,0.47773978114128113,0.6186342656612396,3
17,ball_l,0.474842036763827,0.549791693687439,0.6964364290237427,3
72,RUpArmTwist_r_01,0.47391892472902936,0.5066922307014465,0.6375807404518128,3
12,ring_01_r,0.4733665982882182,0.45069682598114014,0.5062721967697144,3
58,RUpArmTwist_l_01,0.4729789197444916,0.47941702604293823,0.5568706870079041,3
64,head,0.4729191263516744,0.5091790556907654,0.5485970377922058,3
69,RUpArmTwist_r_01,0.4725923091173172,0.5254263281822205,0.6480606436729431,3
70,RUpArmTwist_r_01,0.4722331315279007,0.5265664458274841,0.6197254538536072,3
25,clavicle_l,0.4714147746562958,0.4591594636440277,0.5345808684825897,3
66,ball_l,0.4713670959075292,0.5024073123931885,0.655381441116333,3
23,hand_r,0.47110048433144885,0.4045805335044861,0.7814449667930603,3
11,spine_02,0.47098037600517273,0.4875766336917877,0.4915188133716583,3
45,hand_r,0.4707541863123576,0.47381576895713806,0.6060999572277069,3
0,clavicle_l,0.4695420066515605,0.49495938420295715,0.4978854238986969,3
45,ball_l,0.4689123034477234,0.5330807566642761,0.6538312315940857,3
58,spine_02,0.46862586339314777,0.4417780935764313,0.5299916565418243,3
38,calf_r,0.46854191025098163,0.4671650826931,0.5328408896923065,3
36,spine_02,0.46754857897758484,0.5203941464424133,0.5314439415931702,3
10,upperarm_l,0.4673750102519989,0.3737829923629761,0.6582817792892456,3
40,neck_01,0.46572381258010864,0.48644259572029114,0.5428128778934479,3
1,head,0.46561527252197266,0.48645392060279846,0.5284428417682647,3
79,lowerarm_r,0.4653314749399821,0.4370170533657074,0.5132901847362519,3
38,ball_r,0.4648076792558034,0.4365459680557251,0.5384805917739868,3
67,lowerarm_r,0.4646529058615367,0.3271951675415039,0.7041124820709229,3
3,hand_r,0.46410958965619403,0.49619802832603455,0.5853549659252166,3
64,spine_01,0.46379391352335614,0.42239534854888916,0.5386082887649536,3
57,neck_01,0.4633680284023285,0.49932900071144104,0.5200285732746124,3
16,upperarm_l,0.46324073274930316,0.4524323344230652,0.49076026678085327,3
16,thigh_l,0.4624745895465215,0.5613393187522888,0.5987146735191345,3
84,LCalfTwist_02,0.4617551465829213,0.4765518009662628,0.490844064950943,3
65,neck_01,0.4613889853159587,0.42491400241851807,0.6117789506912231,3
14,lowerarm_r,0.4612744251887004,0.5380993485450745,0.5621739506721497,3
64,ball_l,0.46115956207116443,0.48331162333488464,0.6454449594020844,3
37,LCalfTwist_02,0.4609563847382863,0.48849400877952576,0.5866157710552216,3
36,RUpArmTwist_r_01,0.4607940912246704,0.42090705037117004,0.6933148443698883,3
33,ball_l,0.46054260432720184,0.572189450263977,0.6118476629257202,3
70,spine_01,0.4601617952187856,0.4796765148639679,0.5514747202396393,3
23,lowerarm_r,0.46005094051361084,0.5153709053993225,0.5231058716773986,3
60,hand_l,0.46004826823870343,0.522808313369751,0.5821283340454102,3
47,foot_r,0.46004655957221985,0.4178405702114105,0.5939281642436981,3
34,LCalfTwist_01,0.45983587702115375,0.4508960247039795,0.5281981945037841,3
23,spine_01,0.4597375492254893,0.5179353356361389,0.5330825448036194,3
54,clavicle_l,0.45895745356877643,0.4331919550895691,0.5558242678642273,3
72,ball_l,0.4588094751040141,0.4608493447303772,0.6149974942207337,3
61,clavicle_r,0.45871198177337646,0.4998512268066406,0.5180339336395263,3
28,hand_l,0.45858652393023175,0.3663622736930847,0.687766969203949,3
65,RUpArmTwist_l_02,0.4582971433798472,0.4896340072154999,0.5572198331356049,3
73,RCalfTwist_01,0.4582810203234355,0.5208746194839478,0.5361494302749634,3
28,head,0.45781974991162616,0.49188825488090515,0.5809935510158539,3
16,RUpArmTwist_r_01,0.4572991480429967,0.43964052200317383,0.696651840209961,3
47,pinky_01_l,0.4567794104417165,0.4274788796901703,0.505826061964035,3
32,ball_r,0.45653443535168964,0.4405028223991394,0.5087485194206238,3
61,ball_l,0.45610577861468,0.5119212865829468,0.5880389928817749,3
79,foot_l,0.45540546874205273,0.5104223489761353,0.7159082651138305,3
49,spine_02,0.4550483822822571,0.4844898283481598,0.5130337059497834,3
78,lowerarm_r,0.45474764704704285,0.43126600980758667,0.4976160883903503,3
5,hand_r,0.4544789791107178,0.47425830364227295,0.5980581998825073,3
18,spine_01,0.4542524516582489,0.4793359041213989,0.5013818979263306,3
64,foot_l,0.4540197054545085,0.5011498928070068,0.549017858505249,3
71,clavicle_l,0.45349174241224927,0.4670109748840332,0.6271625518798828,3
31,LCalfTwist_03,0.45266008377075195,0.44970008730888367,0.4949290692806244,3
1,upperarm_r,0.4505547781785329,0.4907044768333435,0.5456807017326355,3
27,neck_01,0.4495229224363963,0.5125174522399902,0.575544786453247,3
59,foot_l,0.4484840929508209,0.47832584381103516,0.5889847755432129,3
37,RUpArmTwist_r_02,0.44846248626708984,0.4682086706161499,0.5287324666976929,3
49,neck_01,0.44827380776405334,0.48018258810043335,0.5707956671714782,3
59,foot_r,0.4476046959559123,0.48557618260383606,0.4882014572620392,3
78,spine_02,0.4473791817824046,0.38845697045326233,0.5501024067401886,3
63,spine_01,0.44610875844955444,0.4230673611164093,0.5611402094364166,3
51,clavicle_l,0.4455399413903554,0.4367414712905884,0.5434974431991577,3
6,lowerarm_l,0.4443855583667755,0.4948959946632385,0.5621226906776429,3
16,spine_01,0.4443168540795644,0.39753007888793945,0.5412485599517822,3
65,spine_01,0.44417665402094525,0.4444509744644165,0.5489944696426392,3
37,clavicle_l,0.44402678807576496,0.3937191069126129,0.5636889278888703,3
66,pinky_01_l,0.44388332962989807,0.41983845829963684,0.48129854798316957,3
73,ball_l,0.44365405042966205,0.4088618755340576,0.6119822978973388,3
67,pinky_01_l,0.4436119695504506,0.42102137207984924,0.48565066456794737,3
48,spine_01,0.4433768093585968,0.44987234473228455,0.4859468400478363,3
44,hand_l,0.44328951338926953,0.5904321074485779,0.6008657336235046,3
48,spine_02,0.44325388471285504,0.4638722538948059,0.5001083970069885,3
56,neck_01,0.44265368580818176,0.4214136302471161,0.5095957219600677,3
12,RUpArmTwist_l_01,0.44152700901031494,0.49624088406562805,0.5360564768314362,3
57,lowerarm_r,0.4412185351053874,0.4687468111515045,0.5663976013660431,3
9,lowerarm_l,0.44121602177619934,0.4176897406578064,0.553846538066864,3
85,head,0.44028780857721966,0.4635120630264282,0.5521864175796509,3
25,RUpArmTwist_l_02,0.4402057925860087,0.4069410562515259,0.49668471813201903,3
70,pinky_01_l,0.4395282467206319,0.426131010055542,0.4860376834869385,3
8,upperarm_l,0.43919188529253006,0.4490838348865509,0.684928423166275,3
47,thigh_l,0.4388972322146098,0.5500472187995911,0.5601141571998596,3
44,calf_r,0.43887581924597424,0.3420239984989166,0.6491847336292267,3
47,neck_01,0.43858181436856586,0.4281502068042755,0.5300299227237701,3
18,head,0.43850791454315186,0.4763247072696686,0.49991858601570127,3
60,neck_01,0.4375261267026265,0.47133272886276245,0.5612327933311463,3
19,spine_01,0.4366646607716878,0.4514071047306061,0.5061334908008576,3
26,neck_01,0.43646309276421863,0.4995795786380768,0.5608784973621368,3
66,hand_r,0.43629295627276105,0.41586795449256897,0.5440570175647735,3
16,ball_l,0.43565114339192706,0.5415847301483154,0.5821325778961182,3
69,pinky_01_l,0.4353705545266469,0.426456093788147,0.48544490337371826,3
34,hand_l,0.43526124954223633,0.3726179897785187,0.540858942270279,3
10,LCalfTwist_02,0.43507514397303265,0.4709964990615845,0.47392265796661376,3
68,pinky_01_l,0.43475382526715595,0.4236859381198883,0.48402143120765684,3
4,lowerarm_l,0.4346204499403636,0.4374901354312897,0.4724451839923859,3
39,ball_r,0.4345443348089854,0.42263883352279663,0.48573697805404664,3
72,pinky_01_l,0.43453969558080036,0.44597965478897095,0.47942363023757933,3
78,upperarm_r,0.43409842749436695,0.4589300751686096,0.5975753903388977,3
75,spine_01,0.4340033084154129,0.36731210350990295,0.6346494495868683,3
65,pinky_01_l,0.43297428886095685,0.420404851436615,0.4708877682685852,3
84,hand_l,0.43276981512705487,0.3520612418651581,0.5559834420681,3
39,neck_01,0.4327617088953654,0.4388781189918518,0.46409906148910524,3
15,LCalfTwist_03,0.4326368272304535,0.41016873717308044,0.5119367778301239,3
27,clavicle_l,0.43244513869285583,0.4367324411869049,0.46767058968544006,3
71,neck_01,0.43208563327789307,0.4035530090332031,0.5430952548980713,3
57,calf_r,0.4317989299694697,0.3942513167858124,0.6250740945339203,3
23,RUpArmTwist_r_01,0.43154821793238324,0.4028683602809906,0.6731482207775116,3
51,calf_l,0.43130166331926983,0.3672405183315277,0.5349527060985565,3
59,upperarm_r,0.43119234840075177,0.3112495243549347,0.6455450594425202,3
15,RUpArmTwist_r_01,0.43097089727719623,0.42094606161117554,0.622459065914154,3
18,LCalfTwist_01,0.4304364522298177,0.44450244307518005,0.5205318629741669,3
46,pinky_01_l,0.43016257882118225,0.4096699357032776,0.482892906665802,3
73,RCalfTwist_02,0.4297986129919688,0.45512789487838745,0.4576746106147766,3
57,ball_l,0.4297186036904653,0.47695836424827576,0.5474989116191864,3
34,hand_r,0.42948702971140545,0.4318990111351013,0.5624714255332947,3
82,LCalfTwist_03,0.4288768668969472,0.38567960262298584,0.537947678565979,3
68,neck_01,0.42828930417696637,0.4571463167667389,0.5182277977466583,3
70,neck_01,0.4281245668729146,0.4595346450805664,0.48067507743835447,3
71,pinky_01_l,0.42785781621932983,0.4226553738117218,0.4801007568836212,3
7,RUpArmTwist_r_01,0.42764832576115924,0.44075408577919006,0.6847768127918243,3
1,foot_r,0.42751409610112506,0.5148314833641052,0.6038572192192078,3
56,RCalfTwist_03,0.426930566628774,0.47327491641044617,0.5027547776699066,3
84,RUpArmTwist_r_01,0.42594494422276813,0.40748775005340576,0.6084660768508912,3
56,RCalfTwist_01,0.4252526064713796,0.44917938113212585,0.5521669328212738,3
78,pinky_01_l,0.42463424801826477,0.43482717871665955,0.4786860167980194,3
79,RUpArmTwist_l_01,0.42432135343551636,0.5139232873916626,0.5825665712356567,3
69,RUpArmTwist_l_02,0.42263291279474896,0.44818058609962463,0.5194738209247589,3
57,hand_r,0.42253245910008747,0.3877048194408417,0.506952041387558,3
68,ball_l,0.42238183319568634,0.4517378807067871,0.5718676090240479,3
74,pinky_01_l,0.42221405108769733,0.46052294969558716,0.4727219700813293,3
14,RUpArmTwist_r_01,0.42199814816315967,0.447173148393631,0.609502512216568,3
76,pinky_01_l,0.42194199562072754,0.46296265721321106,0.4699937403202057,3
64,pinky_01_l,0.42183274030685425,0.41331133246421814,0.47325085997581484,3
3,upperarm_l,0.4216502904891968,0.39043939113616943,0.49522554874420166,3
76,LCalfTwist_02,0.42147521177927655,0.425344854593277,0.4298352777957916,3
83,upperarm_r,0.4213014195362727,0.39950698614120483,0.5931358695030212,3
59,neck_01,0.421146700779597,0.44288212060928345,0.47660733461380006,3
42,spine_02,0.4210162063439687,0.4431825578212738,0.4954638659954071,3
48,pinky_01_l,0.4208583136399587,0.4259069561958313,0.45042694807052613,3
38,neck_01,0.42084844907124835,0.41433385014533997,0.4440221130847931,3
55,RCalfTwist_03,0.42008886734644574,0.48211461305618286,0.49093064069747927,3
73,pinky_01_l,0.4199102620283763,0.4533255696296692,0.47545830011367796,3
0,LCalfTwist_02,0.4198175072669983,0.489424467086792,0.4936503887176514,3
62,pinky_01_l,0.4191950559616089,0.4187755286693573,0.4669916570186615,3
75,RUpArmTwist_r_01,0.41863106687863666,0.32034698128700256,0.5676977932453156,3
55,RCalfTwist_01,0.4184045096238454,0.4265085756778717,0.5457332909107209,3
17,spine_01,0.41803810000419617,0.36666175723075867,0.5202085435390472,3
63,pinky_01_l,0.4177757203578949,0.41656747460365295,0.4672187864780426,3
27,spine_01,0.4174093008041382,0.46360182762145996,0.5408923149108886,3
33,clavicle_r,0.4173248012860616,0.39744848012924194,0.5149142146110535,3
31,RUpArmTwist_r_01,0.41730578740437824,0.4295720160007477,0.6067473709583282,3
77,hand_l,0.4172784040371577,0.4298974573612213,0.630419236421585,3
4,spine_02,0.4170931080977122,0.4335857927799225,0.4730683147907257,3
67,neck_01,0.41698166728019714,0.48321789503097534,0.49439746141433716,3
58,neck_01,0.4165578285853068,0.4392954707145691,0.4627855896949768,3
11,RUpArmTwist_r_02,0.41614346702893573,0.43290919065475464,0.5225987315177918,3
80,RUpArmTwist_l_01,0.41609082619349164,0.3468489944934845,0.5691579878330231,3
24,ball_r,0.4159509340922038,0.457668662071228,0.49620082378387453,3
42,ball_r,0.4156383325656255,0.4530061185359955,0.526070374250412,3
31,LCalfTwist_02,0.4149165451526642,0.4074137210845947,0.48117680549621583,3
82,spine_02,0.4144494930903117,0.4752967059612274,0.503388398885727,3
67,clavicle_l,0.41439366340637207,0.4616142213344574,0.5584857165813446,3
60,RUpArmTwist_r_01,0.4140575130780538,0.40173256397247314,0.5679485559463501,3
23,foot_r,0.41403986016909283,0.3720070719718933,0.4921322226524353,3
76,neck_01,0.41401707132657367,0.318824827671051,0.5793107151985168,3
79,pinky_01_l,0.4135602613290151,0.41713351011276245,0.4804150938987732,3
48,neck_01,0.4133126636346181,0.46206992864608765,0.5638872981071472,3
38,clavicle_l,0.41188950339953107,0.3362453281879425,0.5379243433475495,3
4,LCalfTwist_03,0.41176759203275043,0.3355288803577423,0.5339570581912995,3
46,calf_r,0.4115001807610194,0.5457741618156433,0.5524992346763611,3
9,upperarm_l,0.41140006482601166,0.4554387331008911,0.5263206243515015,3
52,pinky_01_l,0.41053985555966693,0.45310312509536743,0.4677350878715515,3
8,pinky_01_l,0.40941481788953143,0.3325999975204468,0.521819281578064,3
2,hand_l,0.40939558545748395,0.42837488651275635,0.508987021446228,3
77,ball_r,0.409101923306783,0.33045342564582825,0.5602588713169098,3
51,pinky_01_l,0.4082568387190501,0.4580323398113251,0.48754648566246034,3
32,RUpArmTwist_r_01,0.40817030767599743,0.40844687819480896,0.6021974742412567,3
77,neck_01,0.40816252926985425,0.42528823018074036,0.5341213762760162,3
24,calf_r,0.4071652094523112,0.39710962772369385,0.4773143768310547,3
75,pinky_01_l,0.40693698326746625,0.42702892422676086,0.4947310507297516,3
77,pinky_01_l,0.40648553768793744,0.4221001863479614,0.48703253269195557,3
66,neck_01,0.40636107822259265,0.44257470965385437,0.5179178178310394,3
16,lowerarm_r,0.4062221546967824,0.3860599994659424,0.5337640762329101,3
34,upperarm_r,0.40568649768829346,0.33012717962265015,0.664933955669403,3
58,pinky_01_l,0.40555017193158466,0.41466036438941956,0.45955362915992737,3
77,ball_l,0.404609352350235,0.44764095544815063,0.5637974381446839,3
53,pinky_01_l,0.40385229388872784,0.4147176742553711,0.4702516317367554,3
13,RUpArmTwist_l_02,0.4037134051322937,0.4386718273162842,0.4791588068008423,3
51,spine_01,0.40345736344655353,0.38724738359451294,0.4289222598075867,3
3,lowerarm_l,0.4034450650215149,0.3117835819721222,0.5750492155551911,3
20,clavicle_l,0.40342215696970624,0.3674039840698242,0.5075416088104248,3
71,RUpArmTwist_r_01,0.4033528467019399,0.37655431032180786,0.49793788194656374,3
59,pinky_01_l,0.4032545288403829,0.4118456542491913,0.4598651587963104,3
28,neck_01,0.40294690430164337,0.4942324459552765,0.5356623232364655,3
40,LCalfTwist_03,0.4029281834761302,0.40613409876823425,0.43881327509880064,3
63,RUpArmTwist_l_02,0.40235217412312824,0.41770777106285095,0.5129537284374237,3
28,RUpArmTwist_r_01,0.4019809365272522,0.3012767434120178,0.6607665657997132,3
36,clavicle_l,0.40184516708056134,0.33165842294692993,0.5350036263465882,3
31,RUpArmTwist_l_02,0.40181296070416767,0.40790608525276184,0.45237029194831846,3
76,LCalfTwist_03,0.401003176967303,0.4738560616970062,0.48427526354789735,3
9,LCalfTwist_03,0.40070263544718426,0.29472118616104126,0.5772333741188049,3
40,RUpArmTwist_r_01,0.4004881630341212,0.3686199486255646,0.6055465757846832,3
26,pinky_01_r,0.4003737171490987,0.43686139583587646,0.5116270303726196,3
69,neck_01,0.4002197285493215,0.39044538140296936,0.5226546108722687,3
30,RCalfTwist_03,0.39863484104474384,0.3816002905368805,0.45402804017066956,3
44,lowerarm_r,0.39861265818277997,0.4284820258617401,0.5844963014125824,3
38,pinky_01_l,0.398503710826238,0.4013913571834564,0.4409158408641815,3
27,pinky_01_r,0.398155336578687,0.45695269107818604,0.4906285047531128,3
25,pinky_01_r,0.3980788936217626,0.4245099723339081,0.5109563291072845,3
28,clavicle_l,0.3978753487269084,0.38669759035110474,0.4289054751396179,3
16,head,0.3978111247221629,0.4172232747077942,0.46710065603256223,3
48,lowerarm_r,0.3968047897020976,0.43903592228889465,0.5078164160251617,3
55,RCalfTwist_02,0.3967200815677643,0.410754919052124,0.43464705944061277,3
57,pinky_01_l,0.3965534269809723,0.4087716341018677,0.4624489784240723,3
49,ball_l,0.3962426682313283,0.4510781764984131,0.4551926851272583,3
73,spine_01,0.39524897933006287,0.36543816328048706,0.4413117527961731,3
73,RUpArmTwist_l_01,0.39518706500530243,0.49605774879455566,0.5733474731445313,3
84,neck_01,0.3951202581326167,0.41096702218055725,0.5352354824543,3
49,pinky_01_l,0.39494937658309937,0.40477484464645386,0.46524635553359983,3
8,spine_01,0.3946126103401184,0.44069093465805054,0.4668988585472107,3
57,RUpArmTwist_l_01,0.3945568998654683,0.4072035253047943,0.47190417647361754,3
57,clavicle_l,0.39439259966214496,0.41547149419784546,0.4736842751502991,3
50,hand_r,0.39433201650778454,0.479146271944046,0.4932384788990021,3
47,hand_l,0.39420326550801593,0.38961052894592285,0.41154253482818604,3
68,head,0.3936911920706431,0.39146658778190613,0.46311706900596616,3
44,upperarm_l,0.39329465727011365,0.3877717852592468,0.513074767589569,3
3,calf_l,0.39326080679893494,0.3381763696670532,0.48263285160064695,3
25,neck_01,0.39264340698719025,0.4840364158153534,0.49585759043693545,3
74,LCalfTwist_01,0.392443190018336,0.36642396450042725,0.4380670070648193,3
50,pinky_01_l,0.39242616295814514,0.403685063123703,0.47828168272972105,3
29,pinky_01_l,0.39221977194150287,0.3768342435359955,0.46943325400352476,3
19,clavicle_l,0.39207330346107483,0.3545159697532654,0.494094455242157,3
41,neck_01,0.3920062879721324,0.43736979365348816,0.48080586791038515,3
36,spine_01,0.391846239566803,0.36913031339645386,0.4586959481239319,3
55,pinky_01_l,0.3915429612000783,0.4088665246963501,0.4670342683792114,3
23,RUpArmTwist_l_02,0.39151803652445477,0.38315537571907043,0.4260748207569122,3
77,lowerarm_r,0.3911617696285248,0.23806995153427124,0.6082597613334656,3
80,pinky_01_l,0.39074839154879254,0.39745262265205383,0.47001035809516906,3
11,head,0.39056845506032306,0.33570796251296997,0.5157926201820373,3
24,pinky_01_r,0.39044080177942914,0.43086788058280945,0.5191073834896087,3
41,LCalfTwist_03,0.3903926610946655,0.40623146295547485,0.43225077390670774,3
85,clavicle_r,0.3899851342042287,0.357693612575531,0.46431766748428344,3
61,pinky_01_l,0.38988175988197327,0.4111715853214264,0.4645232021808624,3
9,LCalfTwist_02,0.38984981179237366,0.4264690577983856,0.44058470129966737,3
8,LCalfTwist_01,0.3897770742575328,0.3809354901313782,0.48828197717666627,3
59,head,0.3895934621493022,0.3663238286972046,0.44528775215148925,3
66,spine_02,0.38959336280822754,0.3787800073623657,0.44410502910614014,3
54,pinky_01_l,0.3895924389362335,0.41456344723701477,0.4729870617389679,3
18,spine_02,0.38957203427950543,0.35848963260650635,0.517337155342102,3
12,hand_l,0.3895098815361659,0.33818814158439636,0.5347089231014251,3
30,RUpArmTwist_r_01,0.38939786950747174,0.30099067091941833,0.6522263705730439,3
70,clavicle_l,0.38930938641230267,0.38241875171661377,0.5003102064132691,3
60,calf_r,0.38913680116335553,0.33999601006507874,0.4978189766407013,3
33,neck_01,0.38910500705242157,0.39597588777542114,0.5204574704170227,3
84,clavicle_r,0.3890683154265086,0.34130528569221497,0.47526946663856506,3
82,pinky_01_l,0.3888785143693288,0.3867895305156708,0.48490161299705503,3
84,calf_r,0.3887840857108434,0.363378643989563,0.5331977605819702,3
3,spine_01,0.3885497550169627,0.4218829274177551,0.46341179609298705,3
61,RUpArmTwist_r_02,0.3875984052817027,0.33389562368392944,0.47076772451400756,3
24,neck_01,0.38705215354760486,0.4597831070423126,0.4691033184528351,3
7,pinky_01_l,0.38684670130411786,0.37503311038017273,0.4847454965114594,3
56,pinky_01_l,0.38624929388364154,0.4140107333660126,0.46311070322990416,3
5,RUpArmTwist_r_01,0.386206716299057,0.4792325496673584,0.49396941661834715,3
50,neck_01,0.38607263565063477,0.3908170163631439,0.44408597350120543,3
64,hand_l,0.38588155806064606,0.4014793634414673,0.5268756151199341,3
24,spine_02,0.3855184316635132,0.405146986246109,0.4540257275104523,3
56,RUpArmTwist_l_01,0.38544896245002747,0.38697725534439087,0.48755728006362914,3
39,spine_02,0.3852948695421219,0.3870801627635956,0.49737882018089297,3
0,neck_01,0.38479359944661456,0.4274047613143921,0.4574747562408447,3
21,neck_01,0.3844902316729228,0.3941265046596527,0.41203839182853697,3
81,pinky_01_l,0.3841826021671295,0.38393911719322205,0.47762119174003603,3
56,RCalfTwist_02,0.3831670085589091,0.40047356486320496,0.41465367674827575,3
81,calf_l,0.38297732174396515,0.3910769522190094,0.5283302128314972,3
28,pinky_01_r,0.3829183926184972,0.45974835753440857,0.4739614188671112,3
5,LCalfTwist_02,0.3826388120651245,0.28290727734565735,0.5374356806278229,3
12,neck_01,0.38230280081431073,0.37527358531951904,0.39445412158966064,3
51,ring_01_l,0.3822731077671051,0.4056919813156128,0.4374452829360962,3
42,spine_01,0.38212868571281433,0.3483474552631378,0.4809351980686188,3
3,RUpArmTwist_r_01,0.3821280797322591,0.4243916869163513,0.4702479481697083,3
15,head,0.3818715413411458,0.3856707811355591,0.44191505908966067,3
0,RUpArmTwist_l_02,0.38165565331776935,0.35321953892707825,0.46255119442939757,3
18,clavicle_l,0.3816371460755666,0.31589722633361816,0.4871807098388672,3
68,RUpArmTwist_l_02,0.3814773162206014,0.4074608087539673,0.48385307788848875,3
11,neck_01,0.3813084661960602,0.34511837363243103,0.48247591853141786,3
60,hand_r,0.3793771912654241,0.423247754573822,0.5334167838096618,3
84,head,0.3793376584847768,0.37909379601478577,0.45622854828834536,3
12,clavicle_l,0.3791075547536214,0.281867116689682,0.5198165118694306,3
65,ball_l,0.37909919520219165,0.4242141842842102,0.5530786633491516,3
20,head,0.3790735403696696,0.36369189620018005,0.4192968785762787,3
44,clavicle_r,0.37873533368110657,0.3840057849884033,0.46119682788848876,3
77,clavicle_r,0.3785808781782786,0.39089450240135193,0.41767663359642027,3
47,pinky_01_r,0.37849972148736316,0.4486626386642456,0.4904845952987671,3
78,neck_01,0.37828898429870605,0.3892207741737366,0.449929678440094,3
50,RUpArmTwist_l_01,0.3781559964021047,0.45833009481430054,0.4704180359840393,3
29,pinky_01_r,0.3779461185137431,0.47662559151649475,0.478011828660965,3
62,head,0.37759125232696533,0.39481356739997864,0.45727911591529846,3
19,head,0.3773643771807353,0.3453669548034668,0.476945686340332,3
8,pinky_01_r,0.377144992351532,0.45164862275123596,0.45896170735359193,3
76,head,0.3766266604264577,0.3866316080093384,0.4496971368789673,3
48,RUpArmTwist_r_01,0.37658249338467914,0.36049890518188477,0.4412348747253418,3
42,middle_01_r,0.37644808491071063,0.4166448414325714,0.420509535074234,3
63,head,0.3760860065619151,0.42065200209617615,0.4504228293895721,3
79,RUpArmTwist_r_01,0.37595829864343006,0.21165338158607483,0.632399731874466,3
46,RUpArmTwist_r_01,0.3757224927345912,0.2390507310628891,0.6575033396482468,3
21,ball_l,0.3756961276133855,0.39500612020492554,0.5070940375328064,3
23,pinky_01_r,0.375684455037117,0.39255356788635254,0.5012791633605957,3
8,spine_02,0.37553828954696655,0.3691937029361725,0.39052448868751527,3
72,RCalfTwist_01,0.37534330288569134,0.4333057999610901,0.439354932308197,3
54,head,0.3748592833677928,0.41426315903663635,0.43934345841407774,3
35,LCalfTwist_01,0.3748088876406352,0.3748827874660492,0.42601272463798523,3
49,RUpArmTwist_r_02,0.3746788700421651,0.399702250957489,0.44561558961868286,3
24,LCalfTwist_01,0.37466979026794434,0.38995593786239624,0.4417662501335144,3
30,RCalfTwist_02,0.37463024258613586,0.36369234323501587,0.39770280122756957,3
5,pinky_01_l,0.37434759736061096,0.40064892172813416,0.4505191743373871,3
59,hand_l,0.3737954745690028,0.33874210715293884,0.5341468513011932,3
0,RUpArmTwist_r_01,0.37323254843552905,0.2976434826850891,0.5455081582069397,3
17,ball_r,0.3730258544286092,0.3529057800769806,0.4212863266468048,3
25,hand_l,0.37295815348625183,0.37689831852912903,0.47588706612586973,3
39,pinky_01_l,0.372922162214915,0.3958950638771057,0.4104663014411926,3
11,spine_01,0.37267160415649414,0.4042702615261078,0.47678651213645934,3
24,RUpArmTwist_r_01,0.3722255329291026,0.30889683961868286,0.5354948163032531,3
20,ball_l,0.37222140034039813,0.3995324671268463,0.5445440113544464,3
34,LCalfTwist_02,0.3721031000216802,0.4485968053340912,0.4557259738445282,3
70,lowerarm_r,0.37203475336233777,0.20970474183559418,0.5995364874601364,3
12,head,0.37195277214050293,0.3641437888145447,0.42096136808395385,3
30,spine_01,0.3714069028695424,0.39741578698158264,0.4008269369602203,3
53,ring_01_l,0.3710670868555705,0.42177629470825195,0.433972430229187,3
31,neck_01,0.3710036327441533,0.2821861803531647,0.5395197212696076,3
70,hand_r,0.37087108691533405,0.3266672194004059,0.5259123146533966,3
52,ring_01_l,0.37059928973515827,0.4181954562664032,0.43109137415885923,3
6,clavicle_l,0.37040843566258747,0.3208260238170624,0.44241992831230165,3
80,hand_l,0.3701684772968292,0.3433787226676941,0.5105282664299011,3
15,LCalfTwist_02,0.36974526445070904,0.3555131256580353,0.41612213253974917,3
4,LCalfTwist_02,0.36971282462279004,0.36086761951446533,0.5177616834640503,3
37,head,0.36956919729709625,0.42781907320022583,0.43547629117965697,3
26,RUpArmTwist_l_02,0.36929481228192645,0.34491637349128723,0.42350502610206603,3
19,pinky_01_r,0.3685992956161499,0.35300934314727783,0.46535887718200686,3
32,neck_01,0.3673816074927648,0.3336503505706787,0.49857311248779296,3
54,clavicle_r,0.36717067162195843,0.4178459644317627,0.43418796062469484,3
45,pinky_01_l,0.3667944272359212,0.3608570992946625,0.429054993391037,3
50,ball_l,0.3667932798465093,0.38106974959373474,0.5335920035839081,3
21,spine_01,0.36668939888477325,0.4233423173427582,0.4634413421154022,3
12,ring_01_l,0.36666428049405414,0.3786921203136444,0.4264437615871429,3
22,pinky_01_r,0.36657236019770306,0.3644402325153351,0.48788600564002993,3
76,ball_r,0.36644981304804486,0.29929229617118835,0.4721176087856293,3
23,neck_01,0.36599918206532794,0.3849550187587738,0.3932654559612274,3
79,hand_r,0.36595716575781506,0.43759122490882874,0.47926209568977357,3
54,RUpArmTwist_r_02,0.36528515815734863,0.3237106204032898,0.44659422636032103,3
12,index_01_r,0.3647577166557312,0.33527877926826477,0.41855140328407286,3
61,neck_01,0.36439643303553265,0.34195655584335327,0.4310328125953674,3
78,ball_r,0.3640691488981247,0.3214435875415802,0.48547831177711487,3
84,pinky_01_l,0.36394772430260974,0.3700682520866394,0.5115489363670349,3
67,ring_01_l,0.36387884616851807,0.4038808047771454,0.4452688157558441,3
20,pinky_01_r,0.36387141545613605,0.35357755422592163,0.47798770666122437,3
24,pinky_01_l,0.36386188864707947,0.3566276729106903,0.4628542125225067,3
58,head,0.363558828830719,0.36314499378204346,0.40897722244262696,3
8,head,0.3633497953414917,0.3197133541107178,0.4529954195022583,3
54,ring_01_l,0.3633424739042918,0.39629971981048584,0.4254708766937256,3
36,pinky_01_l,0.36327629288037616,0.3918704092502594,0.407455712556839,3
83,pinky_01_l,0.3632233589887619,0.36430007219314575,0.47427555322647097,3
12,LCalfTwist_03,0.36305637657642365,0.31118258833885193,0.5575457274913788,3
17,pinky_01_l,0.36272751291592914,0.3939834237098694,0.41028140783309935,3
37,calf_r,0.3624164859453837,0.3003966510295868,0.4741773545742035,3
36,LCalfTwist_02,0.3623405595620473,0.34118977189064026,0.46918442845344543,3
40,pinky_01_l,0.36231066783269245,0.3891696631908417,0.42829501032829287,3
67,RUpArmTwist_r_02,0.36225275198618573,0.41354870796203613,0.4663458585739136,3
70,ring_01_l,0.36223192512989044,0.3974446654319763,0.4371147036552429,3
39,head,0.3620697657267253,0.36311206221580505,0.5069266498088837,3
18,ball_l,0.36192644635836285,0.4232471287250519,0.50816450715065,3
22,calf_r,0.36183411876360577,0.3333633542060852,0.4354343295097351,3
44,pinky_01_l,0.36166348059972125,0.3430219888687134,0.4457443952560425,3
64,neck_01,0.3615328868230184,0.41490522027015686,0.4153739273548126,3
64,ring_01_l,0.36114851633707684,0.3995268940925598,0.4364375710487366,3
80,LCalfTwist_01,0.360813707113266,0.36057430505752563,0.37643665075302124,3
2,RUpArmTwist_r_01,0.3601876571774483,0.2546153664588928,0.6175117611885071,3
42,head,0.3600599467754364,0.2733847498893738,0.6077702403068542,3
72,ring_01_l,0.3599824706713359,0.38916081190109253,0.43141731023788454,3
62,lowerarm_r,0.35989295442899066,0.27025163173675537,0.5551196813583374,3
66,RUpArmTwist_l_02,0.3594845434029897,0.3943784832954407,0.45590163469314576,3
60,head,0.35877758264541626,0.34401509165763855,0.4209563434123993,3
58,RUpArmTwist_r_01,0.35850264380375546,0.25768840312957764,0.6510291337966919,3
83,spine_01,0.35829610129197437,0.30249419808387756,0.49230645298957826,3
59,RUpArmTwist_l_02,0.35823195179303485,0.3678586781024933,0.4351877748966217,3
66,ring_01_l,0.3581586827834447,0.4036983251571655,0.4435002326965332,3
29,head,0.35788582265377045,0.3829323649406433,0.49289463758468627,3
22,ball_l,0.3578719248374303,0.3806581199169159,0.45191797614097595,3
33,RUpArmTwist_r_01,0.35773106416066486,0.41808634996414185,0.4963110566139221,3
83,spine_02,0.35772618651390076,0.337219774723053,0.4048601746559143,3
21,pinky_01_r,0.3575788189967473,0.3660293221473694,0.4712229371070862,3
67,spine_02,0.35747019449869794,0.3014701008796692,0.43958133459091187,3
34,RCalfTwist_03,0.35745854179064435,0.35641124844551086,0.39201112389564513,3
47,lowerarm_r,0.35742802421251935,0.2957994341850281,0.44764951467514036,3
43,middle_01_r,0.35742583870887756,0.3764607012271881,0.4167586624622345,3
68,ring_01_l,0.35716472566127777,0.3923592269420624,0.43367487788200376,3
49,spine_01,0.3571203549702962,0.37928885221481323,0.4104570746421814,3
79,spine_02,0.3569561541080475,0.3162074685096741,0.41761780977249147,3
39,clavicle_l,0.3565949598948161,0.3290390074253082,0.43796480298042295,3
31,pinky_01_r,0.35647332668304443,0.4244929552078247,0.4793344259262085,3
22,RUpArmTwist_l_02,0.35637040932973224,0.35227131843566895,0.3882237195968628,3
60,ring_01_l,0.3561896085739136,0.41415464878082275,0.464415979385376,3
46,clavicle_l,0.35607434312502545,0.30174148082733154,0.44846081733703613,3
7,spine_02,0.35587355494499207,0.36092785000801086,0.36346364617347715,3
28,pinky_01_l,0.3558110296726227,0.36335688829421997,0.41577049493789675,3
74,ring_01_l,0.35561423500378925,0.38766568899154663,0.41335967779159544,3
7,pinky_01_r,0.3555232634147008,0.4149128496646881,0.44993513226509096,3
19,neck_01,0.3553556005160014,0.3295052945613861,0.43875293135643006,3
4,pinky_01_l,0.35512004792690277,0.41227078437805176,0.42378146648406984,3
16,pinky_01_l,0.35504058996836346,0.39513781666755676,0.39580281376838683,3
37,clavicle_r,0.35497475663820904,0.3329352140426636,0.40150766372680663,3
29,RUpArmTwist_r_01,0.35496066013971966,0.2143866866827011,0.556759449839592,3
6,pinky_01_l,0.35491853952407837,0.39460378885269165,0.43996888399124146,3
71,ring_01_l,0.3547845035791397,0.39111724495887756,0.42157168984413146,3
64,lowerarm_r,0.3546731372674306,0.23766905069351196,0.5417763352394104,3
47,RUpArmTwist_r_01,0.35467101136843365,0.32610028982162476,0.5189940810203553,3
61,ring_01_l,0.35447196165720624,0.38190561532974243,0.4202163338661194,3
34,RCalfTwist_02,0.35426156719525653,0.3509192168712616,0.3697354257106781,3
54,RCalfTwist_01,0.35412587722142536,0.36141765117645264,0.47625443935394285,3
57,RCalfTwist_03,0.35409175356229144,0.3993034362792969,0.4233838081359863,3
60,clavicle_l,0.3538943976163864,0.2327861338853836,0.5405689150094986,3
83,RUpArmTwist_r_01,0.35360532502333325,0.23794928193092346,0.5743418514728547,3
21,RUpArmTwist_r_02,0.35329997539520264,0.35171693563461304,0.46002668142318726,3
57,head,0.3532998263835907,0.3742399215698242,0.40707275867462156,3
85,pinky_01_l,0.3532520631949107,0.36954689025878906,0.47615785598754884,3
62,ring_01_l,0.353158563375473,0.3915066719055176,0.4372345685958862,3
30,RCalfTwist_01,0.3530580699443817,0.29977086186408997,0.4338921844959259,3
43,ball_l,0.35296190281709033,0.2938528060913086,0.5418705940246582,3
5,calf_r,0.3529469668865204,0.3288498520851135,0.3967502236366272,3
10,hand_l,0.3528711100419362,0.36433595418930054,0.36930290460586546,3
69,ring_01_l,0.35280466079711914,0.3913486897945404,0.4282758176326752,3
55,ring_01_l,0.35249194502830505,0.37372851371765137,0.4250664710998535,3
59,clavicle_l,0.35248421132564545,0.3766558766365051,0.43976148366928103,3
34,RCalfTwist_01,0.3521803418795268,0.3081304132938385,0.42163143754005433,3
72,RUpArmTwist_r_02,0.3520946800708771,0.4238637387752533,0.45076178908348086,3
31,pinky_01_l,0.351939598719279,0.3586479425430298,0.4237835168838501,3
51,RUpArmTwist_l_01,0.351893812417984,0.3273153305053711,0.40928163528442385,3
38,ring_01_l,0.35140273968378705,0.38529449701309204,0.38940991163253785,3
6,hand_l,0.3514006833235423,0.3795161843299866,0.40394474267959596,3
63,ring_01_l,0.3513377606868744,0.386868417263031,0.43481892347335815,3
17,RUpArmTwist_l_02,0.3510412275791168,0.3643648028373718,0.42004183530807493,3
30,neck_01,0.3509393632411957,0.34065964818000793,0.39450896382331846,3
8,hand_l,0.3506223261356354,0.3165317475795746,0.3995415151119232,3
35,calf_r,0.35049083828926086,0.2521139979362488,0.5125247836112976,3
60,ring_01_r,0.35034653047720593,0.3203578293323517,0.47166247963905333,3
35,head,0.35018638769785565,0.28061458468437195,0.5186583459377289,3
79,spine_01,0.34986603260040283,0.30735576152801514,0.5068430185317994,3
38,ring_01_r,0.34981512029965717,0.3701778054237366,0.3705448269844055,3
30,clavicle_l,0.3498050669829051,0.341276615858078,0.4096298635005951,3
53,LCalfTwist_02,0.3494843641916911,0.3441283702850342,0.38635687828063964,3
43,upperarm_l,0.34929488102595013,0.3866300880908966,0.4573409378528595,3
72,RCalfTwist_02,0.34924306472142536,0.367843896150589,0.394940048456192,3
84,LCalfTwist_01,0.34911562999089557,0.36973556876182556,0.39202560782432555,3
79,neck_01,0.34900428851445514,0.32675471901893616,0.39368799328804016,3
10,ring_01_r,0.34897202253341675,0.3349120020866394,0.37103804349899294,3
82,RUpArmTwist_r_01,0.348887840906779,0.23824188113212585,0.5386005342006683,3
67,RUpArmTwist_l_02,0.34875990947087604,0.3884768486022949,0.4433915138244629,3
81,ball_l,0.3487422044078509,0.35601022839546204,0.5449038565158844,3
40,RUpArmTwist_r_02,0.3485455910364787,0.32799261808395386,0.4178115963935852,3
37,pinky_01_l,0.34847815831502277,0.3814619183540344,0.3989131093025208,3
8,ball_r,0.3484520415465037,0.3340194523334503,0.38724451661109927,3
71,LCalfTwist_01,0.3482075532277425,0.33591151237487793,0.39433019161224364,3
65,ring_01_l,0.34818126757939655,0.3873116374015808,0.43494840860366824,3
2,neck_01,0.3478652487198512,0.3862440288066864,0.4574757993221283,3
52,neck_01,0.34785959124565125,0.34426939487457275,0.416818904876709,3
73,ring_01_l,0.3476807624101639,0.3836073577404022,0.41260172724723815,3
77,RUpArmTwist_r_01,0.3469005450606346,0.4434981644153595,0.4830499470233917,3
3,neck_01,0.3468054433663686,0.35695725679397583,0.36836518049240113,3
56,ring_01_l,0.34665079911549884,0.3527463972568512,0.4144972860813141,3
43,hand_l,0.34656962255636853,0.3749355971813202,0.4855869233608246,3
2,thumb_01_l,0.3459864755471547,0.38538190722465515,0.4419622838497162,3
30,pinky_01_r,0.34582355121771496,0.38826486468315125,0.44717628359794614,3
31,ball_l,0.34576595822970074,0.3229333162307739,0.4168431520462036,3
0,pinky_01_l,0.34554504851500195,0.2862851321697235,0.49658259749412537,3
34,RUpArmTwist_r_01,0.34551238020261127,0.3092779815196991,0.5348814427852631,3
7,index_01_r,0.3450821439425151,0.2926984131336212,0.4435406267642975,3
25,LCalfTwist_01,0.34496381382147473,0.3834579288959503,0.4098275721073151,3
65,RCalfTwist_03,0.34461525082588196,0.33433040976524353,0.3886346995830536,3
76,ring_01_l,0.3442840774854024,0.3556116819381714,0.4043494701385498,3
59,ring_01_l,0.3440813024838765,0.37839850783348083,0.42632727026939393,3
18,pinky_01_r,0.34405990441640216,0.3493998646736145,0.4546841740608215,3
85,RUpArmTwist_r_01,0.3439471224943797,0.20264776051044464,0.5874474197626114,3
51,RUpArmTwist_r_01,0.34382657210032147,0.21243047714233398,0.5967017650604248,3
11,ring_01_r,0.34377684195836383,0.34431204199790955,0.34982003569602965,3
73,LCalfTwist_03,0.3436220834652583,0.2989272475242615,0.4491478085517883,3
26,clavicle_r,0.3435086210568746,0.3756215572357178,0.3878635406494141,3
52,head,0.34314457575480145,0.3306134343147278,0.42182565927505494,3
19,ball_l,0.3430505444606145,0.3736218214035034,0.49866950511932373,3
21,head,0.3429617683092753,0.31858280301094055,0.4629593908786774,3
41,upperarm_r,0.3428567399581273,0.31713324785232544,0.4805054306983948,3
8,index_01_r,0.34282588462034863,0.2912723124027252,0.46201518177986145,3
39,ball_l,0.34275923172632855,0.4278947114944458,0.4425669193267822,3
57,ring_01_l,0.3427070528268814,0.37270301580429077,0.4197119355201721,3
13,RUpArmTwist_r_01,0.3425942212343216,0.32092633843421936,0.5163452446460723,3
5,index_01_r,0.3425026834011078,0.30610454082489014,0.41741328239440917,3
14,pinky_01_l,0.34238258997599286,0.3619638979434967,0.3840942919254303,3
56,LCalfTwist_03,0.3422137399514516,0.3049624264240265,0.43456626534461973,3
14,head,0.34207416077454883,0.25428974628448486,0.5610456705093384,3
47,calf_l,0.3418520838022232,0.401334285736084,0.43411734104156496,3
69,head,0.34177319208780926,0.31081995368003845,0.4143359363079071,3
15,clavicle_l,0.3417464792728424,0.293314665555954,0.410422557592392,3
47,thumb_01_r,0.34169522921244305,0.37741202116012573,0.4235223412513733,3
23,ball_l,0.34168099611997604,0.421217143535614,0.48454560041427613,3
29,RUpArmTwist_l_02,0.34165874620278675,0.40075865387916565,0.4022907555103302,3
9,RCalfTwist_03,0.3415752649307251,0.31489840149879456,0.4075469791889191,3
23,head,0.34147771696249646,0.27947020530700684,0.5353100299835205,3
29,ring_01_l,0.3413846592108409,0.3561793565750122,0.3767077922821045,3
14,ball_r,0.3409757415453593,0.30589017271995544,0.40112616419792174,3
70,ball_l,0.34094423552354175,0.3519159257411957,0.48493210673332215,3
48,thumb_01_r,0.34091296792030334,0.3330462574958801,0.4156277060508728,3
26,LCalfTwist_01,0.3408271024624507,0.36923936009407043,0.39772890210151673,3
64,hand_r,0.34073178966840106,0.3414986729621887,0.42701910734176635,3
58,ring_01_l,0.3406320810317993,0.37830573320388794,0.43087741136550906,3
70,pinky_01_r,0.34041619797547656,0.4105086326599121,0.4602262020111084,3
70,clavicle_r,0.34025708337624866,0.3969865143299103,0.40256641507148744,3
11,ring_01_l,0.3402459720770518,0.3721426725387573,0.38837394714355467,3
6,ball_r,0.3401852250099182,0.35476154088974,0.3731111645698547,3
7,lowerarm_r,0.34003860751787823,0.31810277700424194,0.4035751461982727,3
27,pinky_01_l,0.3395017236471176,0.33993059396743774,0.4115052819252014,3
23,pinky_01_l,0.3393752972284953,0.35831964015960693,0.43031485080718995,3
15,ring_01_r,0.3393259644508362,0.33793917298316956,0.4386549055576324,3
14,clavicle_l,0.3391692539056142,0.3303561508655548,0.39455583691596985,3
68,spine_02,0.33905454476674396,0.29533737897872925,0.44851027727127074,3
28,LCalfTwist_01,0.3389337360858917,0.35366907715797424,0.3961537182331085,3
43,pinky_01_l,0.3388444085915883,0.3121751546859741,0.4740471601486206,3
68,RUpArmTwist_r_02,0.3387944797674815,0.39302852749824524,0.42663879990577697,3
7,clavicle_l,0.338544304172198,0.31508827209472656,0.42996103763580323,3
27,ring_01_l,0.3385388155778249,0.32829251885414124,0.3651123344898224,3
35,pinky_01_l,0.33853397766749066,0.38219714164733887,0.3928941249847412,3
81,RUpArmTwist_r_01,0.3385169804096222,0.21657514572143555,0.570847749710083,3
39,ring_01_l,0.3384203612804413,0.35639265179634094,0.37948268055915835,3
9,pinky_01_l,0.3383641242980957,0.30458733439445496,0.43079671263694763,3
32,LCalfTwist_03,0.3381713132063548,0.28688865900039673,0.41084598302841185,3
29,clavicle_l,0.3381414512793223,0.3473667502403259,0.39032615423202516,3
85,RCalfTwist_03,0.3380340039730072,0.3296150267124176,0.3881151735782623,3
7,spine_01,0.33800863722960156,0.3709084093570709,0.4635893404483795,3
41,pinky_01_l,0.33792724708716076,0.3807101547718048,0.43861752152442934,3
0,LCalfTwist_03,0.33773306012153625,0.33023005723953247,0.37917529344558715,3
78,clavicle_l,0.33767712612946826,0.3116437792778015,0.4900959372520447,3
40,ring_01_r,0.33759962519009906,0.35868334770202637,0.3939476728439331,3
14,ring_01_r,0.33751651148001355,0.3401060998439789,0.4179860055446625,3
5,pinky_01_r,0.337483470638593,0.4011150002479553,0.4464904427528381,3
16,ring_01_r,0.3374135494232178,0.32137027382850647,0.43764076828956605,3
85,ball_r,0.33725424110889435,0.31415510177612305,0.47280473709106446,3
41,spine_02,0.3370957573254903,0.34154966473579407,0.3756061613559723,3
78,ring_01_l,0.33703447381655377,0.37385743856430054,0.4113999009132385,3
28,RCalfTwist_03,0.33692686756451923,0.31597933173179626,0.3820332229137421,3
72,RCalfTwist_03,0.3368643820285797,0.3418114185333252,0.40153648853302004,3
21,clavicle_l,0.3367225130399068,0.27056366205215454,0.4414852499961853,3
35,pinky_01_r,0.33654070893923443,0.35281383991241455,0.4480032444000244,3
74,RUpArmTwist_r_01,0.3358570486307144,0.3473968803882599,0.46980720162391665,3
54,pinky_01_r,0.3358152856429418,0.3570438623428345,0.47261011600494385,3
29,index_01_r,0.3357181002696355,0.24419401586055756,0.478555628657341,3
29,ball_l,0.3356909255186717,0.33713284134864807,0.4707137405872345,3
41,middle_01_r,0.3355549176534017,0.3245154619216919,0.38177487850189207,3
67,pinky_01_r,0.3355448842048645,0.41311681270599365,0.44024407863616943,3
48,pinky_01_r,0.33551742633183795,0.3297661542892456,0.48876678943634033,3
18,pinky_01_l,0.33549487590789795,0.37841036915779114,0.3786754906177521,3
14,RUpArmTwist_l_01,0.33526016275087994,0.3383396565914154,0.4738268077373505,3
8,middle_01_r,0.33516041934490204,0.37530016899108887,0.44194581508636477,3
45,ring_01_r,0.33501989642779034,0.33809179067611694,0.4074817061424255,3
50,ring_01_l,0.3349258005619049,0.35522565245628357,0.3839197099208832,3
17,RUpArmTwist_r_02,0.33469074467817944,0.3460904359817505,0.4002638101577759,3
85,spine_02,0.3346129109462102,0.3145337402820587,0.4258688986301422,3
68,pinky_01_r,0.33446263273557025,0.39288800954818726,0.45689982175827026,3
0,thumb_01_l,0.3344569553931554,0.31770047545433044,0.4370661199092865,3
28,ring_01_l,0.33442990978558856,0.3448733985424042,0.3631440818309784,3
25,clavicle_r,0.33439530432224274,0.3753209412097931,0.3838630735874176,3
67,thumb_01_r,0.3343763053417206,0.3348539173603058,0.40479448437690735,3
71,pinky_01_r,0.3343674937884013,0.4046633541584015,0.45294721722602843,3
72,clavicle_l,0.334366371234258,0.3303638696670532,0.3709831476211548,3
69,clavicle_r,0.33430370688438416,0.29420796036720276,0.4079399645328522,3
0,R_ForeTwist_01,0.33417774240175885,0.341513454914093,0.39669538736343385,3
26,pinky_01_l,0.33400094012419385,0.3400617241859436,0.41859802007675173,3
83,neck_01,0.3338685830434163,0.34625378251075745,0.4367768347263336,3
63,neck_01,0.3337830106417338,0.36350196599960327,0.45663992166519163,3
51,middle_01_r,0.3336642235517502,0.28580427169799805,0.43323569297790526,3
69,pinky_01_r,0.3336492329835892,0.3976799249649048,0.4560861110687256,3
76,R_ForeTwist_01,0.3335995376110077,0.29606783390045166,0.417749285697937,3
21,pinky_01_l,0.3335641274849574,0.3749885559082031,0.40830197334289553,3
45,middle_01_r,0.33349886536598206,0.2618786692619324,0.4555474638938904,3
6,index_01_r,0.33346619208653766,0.2867099344730377,0.4037170946598053,3
36,ring_01_l,0.33344918489456177,0.3346041738986969,0.3692715704441071,3
43,head,0.33315778772036236,0.20779064297676086,0.5581688463687897,3
42,neck_01,0.3331228345632553,0.3601197302341461,0.4561225950717926,3
1,ring_01_r,0.33302199343840283,0.37279993295669556,0.3891276717185974,3
33,pinky_01_r,0.3325747847557068,0.33830392360687256,0.4525639772415161,3
10,neck_01,0.33255476256211597,0.36831536889076233,0.41069236397743225,3
7,thigh_r,0.3323201388120651,0.25338757038116455,0.5072370290756225,3
9,RUpArmTwist_r_01,0.33228109776973724,0.34461072087287903,0.45219479203224183,3
55,pinky_01_r,0.33167719344298047,0.35090163350105286,0.4605399429798126,3
53,pinky_01_r,0.33163302143414813,0.3520722985267639,0.4720649838447571,3
82,spine_01,0.33160968621571857,0.32720962166786194,0.345807820558548,3
9,hand_l,0.3315487901369731,0.3243880569934845,0.42978244423866274,3
46,neck_01,0.3313917915026347,0.3439837396144867,0.4050579249858856,3
15,pinky_01_l,0.33121831218401593,0.3410109281539917,0.37179133892059324,3
46,ring_01_l,0.3310227543115616,0.3174111247062683,0.42352339029312136,3
39,LCalfTwist_03,0.3309246400992076,0.3180975317955017,0.3857113003730774,3
72,pinky_01_r,0.3305544952551524,0.38726115226745605,0.45637073516845705,3
31,ring_01_l,0.3304937680562337,0.3201669752597809,0.3485544502735138,3
68,clavicle_l,0.33049007256825763,0.32133275270462036,0.3570736527442932,3
29,ring_01_r,0.33035648862520856,0.3155260384082794,0.3907985031604767,3
35,ball_l,0.33029381185770035,0.34654679894447327,0.5109828293323517,3
30,pinky_01_l,0.3302428424358368,0.3605772852897644,0.3685630917549133,3
62,neck_01,0.3301672041416168,0.3603500723838806,0.3805213332176208,3
35,clavicle_l,0.3301546523968379,0.2524254322052002,0.45458226203918456,3
12,thumb_01_r,0.33012597759564716,0.3090237081050873,0.3621099889278412,3
56,pinky_01_r,0.3297499517599742,0.3409959077835083,0.4569091320037842,3
8,lowerarm_r,0.32963337500890094,0.34934180974960327,0.4030726313591003,3
44,clavicle_l,0.3295935392379761,0.33680829405784607,0.3818778693675995,3
66,pinky_01_r,0.3294950524965922,0.41310620307922363,0.4232259511947632,3
39,ring_01_r,0.32945355772972107,0.35045763850212097,0.35941991209983826,3
6,upperarm_r,0.3293496370315552,0.2968609035015106,0.4401497781276703,3
57,RUpArmTwist_r_01,0.32929011185963947,0.18682809174060822,0.5703762441873551,3
40,clavicle_l,0.3292539020379384,0.35489192605018616,0.3627651989459991,3
20,pinky_01_l,0.32922860483328503,0.35697704553604126,0.39411104917526246,3
25,pinky_01_l,0.32909930249055225,0.33569201827049255,0.4081208646297455,3
51,ball_r,0.32883351544539136,0.23163540661334991,0.47101904451847076,3
17,clavicle_l,0.32875024775664013,0.24530740082263947,0.4499777227640152,3
1,pinky_01_l,0.32842180132865906,0.3083397150039673,0.4462627410888672,3
20,neck_01,0.328194538752238,0.31142115592956543,0.4128990650177002,3
43,lowerarm_r,0.3281812369823456,0.3437173068523407,0.34568786025047304,3
1,middle_01_r,0.3279988964398702,0.33242425322532654,0.38217517733573914,3
50,clavicle_r,0.3279095987478892,0.3453611135482788,0.3705265045166016,3
10,spine_02,0.32774755358695984,0.3282701075077057,0.3394672691822052,3
66,thumb_01_r,0.3272743473450343,0.3251001536846161,0.3957185447216034,3
9,middle_01_r,0.3272337069114049,0.3625516891479492,0.4256840944290161,3
51,ring_01_r,0.327105775475502,0.3841042220592499,0.39873785376548765,3
47,ring_01_l,0.32700379689534503,0.272621214389801,0.4112465023994446,3
63,RUpArmTwist_l_01,0.3267958064874013,0.23293331265449524,0.5013839781284333,3
2,pinky_01_l,0.3267846902211507,0.3183329105377197,0.44304714202880857,3
46,spine_01,0.3267109940449397,0.3353128135204315,0.42880491614341737,3
26,ring_01_l,0.32668784260749817,0.32540637254714966,0.3296008944511414,3
25,ring_01_l,0.32642292976379395,0.3293885290622711,0.33065417408943176,3
69,R_ForeTwist_01,0.3264067123333613,0.29677072167396545,0.4253766357898712,3
72,hand_r,0.32606904457012814,0.33149203658103943,0.5234082877635956,3
8,RUpArmTwist_r_01,0.3259226630131404,0.2335304468870163,0.46268275678157805,3
54,RCalfTwist_02,0.32587013641993207,0.3566593527793884,0.3669678092002869,3
57,pinky_01_r,0.32586201032002765,0.3621625304222107,0.4414213538169861,3
78,calf_l,0.325819065173467,0.282199889421463,0.3918600857257843,3
74,R_ForeTwist_01,0.32574855784575146,0.2863466441631317,0.41282307505607607,3
83,hand_l,0.3256557732820511,0.350517600774765,0.43778182864189147,3
72,RUpArmTwist_l_01,0.32548285524050397,0.4183081090450287,0.42483109831809995,3
55,head,0.3254752854506175,0.3663773834705353,0.3939726173877716,3
27,LCalfTwist_01,0.325421283642451,0.3601137399673462,0.3922184944152832,3
24,index_01_r,0.32534265518188477,0.20793144404888153,0.4902819007635117,3
40,RUpArmTwist_l_01,0.3252648015817006,0.292572945356369,0.3899123132228851,3
11,pinky_01_l,0.32518015305201214,0.3584103584289551,0.37196955680847166,3
59,RUpArmTwist_r_01,0.32509737213452655,0.1720169484615326,0.5508886039257049,3
27,clavicle_r,0.32498780886332196,0.3426038324832916,0.37310522198677065,3
35,ring_01_l,0.324977179368337,0.30753105878829956,0.3607041954994202,3
81,spine_02,0.3247990409533183,0.3061923682689667,0.35188600420951843,3
29,calf_r,0.32479728758335114,0.3834964632987976,0.42761696577072145,3
13,pinky_01_l,0.3247779607772827,0.3503458499908447,0.3609172344207764,3
36,ball_l,0.32451600829760235,0.35620155930519104,0.5025609791278839,3
0,ring_01_l,0.3244619369506836,0.27339473366737366,0.41128254532814024,3
47,spine_02,0.3244548837343852,0.3070983588695526,0.3977325141429901,3
17,ring_01_r,0.3243853400150935,0.3103111982345581,0.4340952157974243,3
5,RCalfTwist_01,0.3240580956141154,0.32653987407684326,0.3266753196716309,3
35,spine_02,0.32393808166186017,0.33733129501342773,0.3509331464767456,3
46,pinky_01_r,0.32329824070135754,0.3491782546043396,0.45847917795181276,3
32,pinky_01_r,0.3232055604457855,0.35551437735557556,0.4338633716106415,3
29,RUpArmTwist_l_01,0.3229476312796275,0.2909873425960541,0.45104789137840273,3
9,ring_01_r,0.32293257117271423,0.31317567825317383,0.36003456115722654,3
3,hand_l,0.32290620108445484,0.23157718777656555,0.4898833811283112,3
44,ring_01_r,0.3228689581155777,0.37297680974006653,0.3789145529270172,3
70,thumb_01_r,0.32280375560124713,0.33874908089637756,0.38157983422279357,3
3,pinky_01_l,0.32267885903517407,0.3501186668872833,0.4405553638935089,3
27,calf_r,0.32260782023270923,0.3659426271915436,0.3796150743961334,3
22,RUpArmTwist_r_02,0.32248876988887787,0.29531678557395935,0.4291313350200653,3
75,ring_01_l,0.32242323954900104,0.32153382897377014,0.3830678999423981,3
0,middle_01_r,0.32238782942295074,0.348413348197937,0.38071227073669434,3
24,ring_01_l,0.3222440381844838,0.31850025057792664,0.3293024718761444,3
38,clavicle_r,0.3221408079067866,0.3269057273864746,0.3864599704742432,3
13,ring_01_l,0.32205737630526227,0.3408919870853424,0.35235782265663146,3
17,pinky_01_r,0.3220062702894211,0.3493613302707672,0.43188825249671936,3
61,R_ForeTwist_01,0.3218781848748525,0.2835271954536438,0.378795325756073,3
47,middle_01_r,0.3212255537509918,0.34997695684432983,0.415350878238678,3
41,RUpArmTwist_r_01,0.3212154457966487,0.3088518977165222,0.4531298041343689,3
64,pinky_01_r,0.32091037432352704,0.38582196831703186,0.42845833897590635,3
62,RUpArmTwist_r_01,0.32085444778203964,0.19103509187698364,0.5996781945228576,3
36,pinky_01_r,0.3208487629890442,0.3620642125606537,0.4246832072734833,3
73,clavicle_r,0.32074934244155884,0.2984479069709778,0.38062955141067506,3
19,spine_02,0.32032859822114307,0.2633000612258911,0.48005383014678954,3
73,clavicle_l,0.3202162832021713,0.30183854699134827,0.438850599527359,3
80,LCalfTwist_03,0.3202090561389923,0.3661947250366211,0.40008792877197263,3
2,ball_r,0.32020119329293567,0.33370140194892883,0.4421051561832428,3
16,ring_01_l,0.32014785210291546,0.33519044518470764,0.34364448189735414,3
1,spine_01,0.32002471139033634,0.4133217930793762,0.4824583411216736,3
40,ring_01_l,0.31988511482874554,0.3323112726211548,0.3456822633743286,3
61,pinky_01_r,0.3198690116405487,0.3445191979408264,0.43845404386520387,3
75,index_01_r,0.3197949429353078,0.308974027633667,0.34709672927856444,3
52,LCalfTwist_03,0.3195456713438034,0.3209959864616394,0.39268213510513306,3
77,index_01_r,0.31939058502515155,0.3036724030971527,0.3457688748836517,3
34,middle_01_r,0.31935328245162964,0.2762552797794342,0.3843238651752472,3
44,index_01_r,0.31924861669540405,0.3008166551589966,0.43307039737701414,3
65,pinky_01_r,0.31924423575401306,0.39156582951545715,0.40991044640541074,3
74,head,0.3189081052939097,0.3529476821422577,0.3913998544216156,3
34,clavicle_l,0.3188975751399994,0.25245431065559387,0.41998003125190736,3
29,neck_01,0.31885794798533124,0.2902844548225403,0.3871109843254089,3
34,pinky_01_r,0.31881976624329883,0.33726611733436584,0.40708287358283995,3
75,clavicle_r,0.31878427664438885,0.30330464243888855,0.37827717661857607,3
3,RUpArmTwist_l_01,0.3187066564957301,0.3741680681705475,0.4546970665454865,3
79,ring_01_l,0.31848397354284924,0.3214203417301178,0.39803350567817686,3
6,LCalfTwist_01,0.31799203157424927,0.3053949773311615,0.37907039523124697,3
12,clavicle_r,0.3178684165080388,0.30561625957489014,0.3950664043426514,3
40,head,0.3178423543771108,0.3673728108406067,0.4181069254875183,3
8,thigh_r,0.3178291966517766,0.3212643563747406,0.39289185404777527,3
77,ring_01_l,0.31768734256426495,0.30204007029533386,0.3799897372722626,3
46,thumb_01_l,0.3175927847623825,0.3189476728439331,0.37628161907196045,3
72,lowerarm_r,0.31748172144095105,0.2541877031326294,0.4151832818984985,3
60,pinky_01_r,0.31732812027136487,0.3020578920841217,0.39265437722206115,3
35,neck_01,0.31729911764462787,0.32406100630760193,0.3419775664806366,3
71,R_ForeTwist_01,0.31715571383635205,0.27418479323387146,0.4122628629207611,3
32,pinky_01_l,0.31668058534463245,0.36047518253326416,0.36848571300506594,3
44,ring_01_l,0.31667553385098773,0.3718618154525757,0.39685380458831787,3
58,pinky_01_r,0.3166678498188655,0.3667753338813782,0.41439911127090456,3
4,RCalfTwist_02,0.3166208465894063,0.35560911893844604,0.37758344411849976,3
30,ring_01_l,0.3163857360680898,0.32149603962898254,0.3343353092670441,3
81,neck_01,0.3162460078795751,0.377381831407547,0.391882187128067,3
4,RCalfTwist_01,0.3162224392096202,0.3152865469455719,0.343619042634964,3
54,index_01_r,0.31614023447036743,0.3192180395126343,0.35349211692810056,3
28,RCalfTwist_02,0.316086083650589,0.30637305974960327,0.33417686223983767,3
31,ring_01_r,0.3160105844338735,0.3051058053970337,0.3819656610488892,3
32,middle_01_r,0.3158569186925888,0.2807338535785675,0.39357770085334776,3
9,lowerarm_r,0.3158493638038635,0.2610848546028137,0.43276032209396365,3
82,neck_01,0.31577907999356586,0.34958407282829285,0.4225524365901947,3
14,ring_01_l,0.3157310684521993,0.3365534543991089,0.3447686195373535,3
52,pinky_01_r,0.31565235058466595,0.32537686824798584,0.4545850038528442,3
17,head,0.3156487892071406,0.34499022364616394,0.3745499074459076,3
60,thumb_01_l,0.3154073754946391,0.2853741943836212,0.3857305824756622,3
2,ball_l,0.3152894179026286,0.3604694902896881,0.399125748872757,3
33,calf_r,0.3152000109354655,0.3116404712200165,0.42840365767478944,3
46,middle_01_r,0.3151639550924301,0.34329715371131897,0.4251040041446686,3
23,ring_01_l,0.31509289145469666,0.32316985726356506,0.3286727488040924,3
33,ring_01_l,0.3150648276011149,0.3295387029647827,0.3546380758285522,3
22,neck_01,0.315051794052124,0.3040943145751953,0.3368802070617676,3
15,clavicle_r,0.3150308479865392,0.33622556924819946,0.39085022211074827,3
6,pinky_01_r,0.31461139023303986,0.38576748967170715,0.4002894461154938,3
16,spine_02,0.31458568572998047,0.3392733931541443,0.36009782552719116,3
63,pinky_01_r,0.3145359804232915,0.36695507168769836,0.4182660400867462,3
39,middle_01_r,0.31452151636282605,0.2675113379955292,0.3948608338832855,3
5,middle_01_r,0.3144318511088689,0.34482309222221375,0.3500672996044159,3
2,middle_01_r,0.31441959242026013,0.33145761489868164,0.36766173839569094,3
40,middle_01_r,0.31440019607543945,0.2779366075992584,0.3682943880558014,3
55,index_01_r,0.3143383860588074,0.3007560670375824,0.3634350001811981,3
37,ring_01_r,0.3142555703719457,0.33194637298583984,0.3662498712539673,3
37,ring_01_l,0.31424405177434284,0.3215903341770172,0.34393592476844786,3
17,ring_01_l,0.31394659479459125,0.32918205857276917,0.33298543095588684,3
82,LCalfTwist_02,0.3137953281402588,0.30074918270111084,0.36194639205932616,3
80,index_01_r,0.3136759201685588,0.29855096340179443,0.3447792768478394,3
58,clavicle_r,0.3136599659919739,0.34841275215148926,0.3495410680770874,3
51,index_01_r,0.31364144881566364,0.2960783541202545,0.35245798230171205,3
42,pinky_01_l,0.3135944952567418,0.3304297924041748,0.44684174060821535,3
15,ring_01_l,0.3135724862416585,0.3299202024936676,0.33016095757484437,3
35,hand_l,0.313555583357811,0.26026374101638794,0.43743041753768924,3
18,LCalfTwist_02,0.313275009393692,0.27068209648132324,0.3787771940231323,3
10,pinky_01_l,0.31325162947177887,0.31353694200515747,0.3796707510948181,3
62,pinky_01_r,0.3131427417198817,0.372452974319458,0.4104618549346924,3
59,pinky_01_r,0.3130846818288167,0.3615391254425049,0.4113731622695923,3
1,thumb_01_l,0.31303457419077557,0.30603307485580444,0.42033313512802123,3
74,pinky_01_r,0.31288457413514453,0.3669580817222595,0.4308715224266052,3
41,ring_01_r,0.312799205382665,0.3130745589733124,0.3880901515483856,3
45,RUpArmTwist_r_01,0.31279491384824115,0.2725909650325775,0.4851277530193329,3
13,neck_01,0.31274459262688953,0.2677992284297943,0.3947378575801849,3
52,middle_01_r,0.31271185477574664,0.22711539268493652,0.4345830202102661,3
56,index_01_r,0.3127013146877289,0.3038279116153717,0.359488707780838,3
13,ring_01_r,0.31259194016456604,0.338461309671402,0.3553630173206329,3
10,middle_01_r,0.31257884701093036,0.347040593624115,0.38331536054611204,3
33,pinky_01_l,0.31242431203524273,0.3559386730194092,0.3801046133041382,3
63,RUpArmTwist_r_01,0.312116801738739,0.1760731339454651,0.5723778367042541,3
19,pinky_01_l,0.312105730175972,0.3536252975463867,0.37022807598114016,3
20,spine_01,0.31197362144788104,0.26552554965019226,0.3874352157115936,3
20,ring_01_l,0.3118559618790944,0.3169274926185608,0.3229782223701477,3
31,index_01_r,0.3118412395318349,0.24754227697849274,0.41720745861530306,3
67,head,0.3118378818035126,0.2744806408882141,0.3744653344154358,3
2,ring_01_l,0.3118092268705368,0.30512914061546326,0.3820107638835907,3
44,middle_01_r,0.31169240176677704,0.23891964554786682,0.4177688658237457,3
64,thumb_01_r,0.31159943838914234,0.3194408714771271,0.36130850911140444,3
77,head,0.31156207621097565,0.3272225558757782,0.3906289517879486,3
19,ring_01_l,0.31154243151346844,0.3195202946662903,0.321200954914093,3
36,ring_01_r,0.3114895721276601,0.32018783688545227,0.353437477350235,3
5,lowerarm_r,0.31111333270867664,0.22306843101978302,0.4373881250619888,3
66,clavicle_l,0.31110437711079914,0.30988016724586487,0.3452616274356842,3
21,ring_01_l,0.310930073261261,0.30808761715888977,0.332524973154068,3
22,spine_01,0.3108690679073334,0.3499675989151001,0.4038024663925171,3
51,RUpArmTwist_l_02,0.31076974670092267,0.28126275539398193,0.4011396884918213,3
43,neck_01,0.31070205569267273,0.3440852761268616,0.37992655038833617,3
13,ball_r,0.3106888433297475,0.3322824239730835,0.369444751739502,3
68,R_ForeTwist_01,0.3105393946170807,0.28394952416419983,0.41175349354743956,3
68,thumb_01_r,0.3104928533236186,0.3239177465438843,0.364975643157959,3
24,ring_01_r,0.310447817047437,0.27225738763809204,0.4345568060874939,3
32,ring_01_l,0.3104234039783478,0.3202821910381317,0.334820431470871,3
0,head,0.31036296486854553,0.3333339989185333,0.37586877942085267,3
36,clavicle_r,0.3101966579755147,0.28620895743370056,0.37815043330192566,3
79,index_01_r,0.3100084761778514,0.3081326186656952,0.3404779613018036,3
57,index_01_r,0.3099996546904246,0.2827892601490021,0.36615970730781555,3
10,ring_01_l,0.3099675178527832,0.3285040259361267,0.3304349064826965,3
50,spine_02,0.3098950038353602,0.32176682353019714,0.3959133803844452,3
6,spine_02,0.3098318626483281,0.30624663829803467,0.36544740200042725,3
34,ball_l,0.30981723964214325,0.3462703227996826,0.35200355052947996,3
63,R_ForeTwist_01,0.3094906856616338,0.29036644101142883,0.4049875557422638,3
7,LCalfTwist_01,0.30933626492818195,0.2736659049987793,0.38897178173065183,3
10,RUpArmTwist_r_02,0.309297780195872,0.3394654095172882,0.4109058678150177,3
22,head,0.3092901408672333,0.2498854100704193,0.4807027041912079,3
13,head,0.3091462353865306,0.18150286376476288,0.507874259352684,3
18,ring_01_l,0.3090888559818268,0.2961236238479614,0.328607177734375,3
15,middle_01_r,0.30908798178037006,0.28695666790008545,0.3694401502609253,3
7,middle_01_r,0.3090175638596217,0.3483808934688568,0.3625218093395233,3
7,ring_01_l,0.30886268615722656,0.3054501414299011,0.33583472967147826,3
52,LCalfTwist_02,0.3088264564673106,0.27816569805145264,0.3534752130508423,3
53,neck_01,0.3087356984615326,0.29843607544898987,0.4219112694263458,3
22,pinky_01_l,0.3087341984113057,0.35674917697906494,0.36518058776855467,3
58,index_01_r,0.30870115756988525,0.26718324422836304,0.3697158932685852,3
58,ring_01_r,0.30849627157052356,0.2814769148826599,0.42127619981765746,3
18,neck_01,0.3083913524945577,0.3331427574157715,0.38090713024139405,3
67,RUpArmTwist_l_01,0.30830952525138855,0.1428045630455017,0.5706044554710389,3
80,ring_01_l,0.3080506771802902,0.29530417919158936,0.37201151847839353,3
33,middle_01_r,0.30801912148793537,0.26928019523620605,0.3703319787979126,3
37,middle_01_r,0.3080035448074341,0.2630312144756317,0.3761949479579926,3
49,head,0.30790507793426514,0.2793702781200409,0.40073890089988706,3
38,spine_02,0.30784330517053604,0.3438682556152344,0.4349344730377197,3
52,index_01_r,0.3077209989229838,0.30642253160476685,0.3453981041908264,3
61,index_01_r,0.30771703521410626,0.2845354378223419,0.35506892800331114,3
80,RUpArmTwist_l_02,0.3076363503932953,0.34011322259902954,0.379185688495636,3
12,middle_01_r,0.30748709042867023,0.28308331966400146,0.3687779188156128,3
81,index_01_r,0.3074558178583781,0.28809550404548645,0.3617094576358795,3
8,clavicle_r,0.3073834429184596,0.3648523688316345,0.3791312098503113,3
80,neck_01,0.3073679953813553,0.259456068277359,0.43102367520332335,3
49,thumb_01_r,0.3071844627459844,0.2938007116317749,0.3684443473815918,3
55,RUpArmTwist_r_01,0.30705733100573224,0.20830154418945312,0.5167659759521485,3
26,index_01_r,0.30696143209934235,0.20260362327098846,0.464607247710228,3
2,calf_r,0.30681974192460376,0.3268340528011322,0.4219022452831268,3
28,ring_01_r,0.3067788630723953,0.30288365483283997,0.3633857786655426,3
82,index_01_r,0.3066824674606323,0.28571954369544983,0.37279139161109925,3
9,middle_01_l,0.30660153925418854,0.2996235191822052,0.36166468262672424,3
5,RCalfTwist_02,0.3065350552399953,0.2961670160293579,0.3571382999420166,3
16,pinky_01_r,0.3063405056794484,0.32564568519592285,0.42971508502960204,3
12,RUpArmTwist_r_02,0.30607426166534424,0.2154657542705536,0.44727863669395446,3
76,index_01_r,0.30603723724683124,0.30174189805984497,0.3235300421714783,3
65,thumb_01_r,0.30592432121435803,0.31156203150749207,0.3569080293178558,3
55,ball_l,0.30585505068302155,0.32699888944625854,0.4208473086357117,3
34,pinky_01_l,0.30576981604099274,0.34993234276771545,0.3749473631381989,3
78,thumb_01_r,0.305613378683726,0.3197091817855835,0.3504951953887939,3
61,ring_01_r,0.30558889110883075,0.28417491912841797,0.4050978422164917,3
18,ring_01_r,0.30551611880461377,0.2948554754257202,0.41661415100097654,3
72,thumb_01_r,0.30549349387486774,0.3405682444572449,0.3454814553260803,3
2,ring_01_r,0.30547437568505603,0.3254326283931732,0.3401423394680023,3
33,ball_r,0.3053768277168274,0.30610379576683044,0.3369575679302216,3
30,ring_01_r,0.3052126268545787,0.308113157749176,0.3736930012702942,3
46,thumb_01_r,0.3050975849231084,0.2777164578437805,0.4049141049385071,3
45,ring_01_l,0.30507253607114154,0.3217528462409973,0.38245455026626585,3
60,index_01_r,0.3050469358762105,0.26119866967201233,0.37350526452064514,3
83,index_01_r,0.30503844221433,0.26180917024612427,0.3738225340843201,3
43,thumb_01_l,0.30468011399110156,0.3375506103038788,0.4225233018398285,3
76,pinky_01_r,0.3046765426794688,0.3287936747074127,0.4307187139987946,3
49,ring_01_l,0.3046189745267232,0.31569889187812805,0.3552179872989655,3
85,ring_01_l,0.3046113848686218,0.3124278783798218,0.3514660120010376,3
4,index_01_r,0.3045639644066493,0.2862027585506439,0.3875964105129242,3
3,thumb_01_l,0.3045314848423004,0.3831101655960083,0.3910257816314697,3
3,ball_r,0.30441135664780933,0.33816683292388916,0.33863399028778074,3
6,ring_01_l,0.3042966326077779,0.27361226081848145,0.34962007999420164,3
81,ring_01_l,0.3042113035917282,0.3074951469898224,0.3727127850055695,3
71,thumb_01_r,0.30412112176418304,0.32093286514282227,0.3526646614074707,3
60,middle_01_r,0.30403079837560654,0.36831212043762207,0.4234025001525879,3
32,ring_01_r,0.3040215919415156,0.31397953629493713,0.37585371136665346,3
45,index_01_r,0.3039565682411194,0.2721391022205353,0.36408072113990786,3
35,ring_01_r,0.30383474628130597,0.2946719527244568,0.3685600161552429,3
84,ring_01_l,0.3037512004375458,0.32348981499671936,0.34125459790229795,3
7,RUpArmTwist_l_01,0.30373333146174747,0.4059218466281891,0.40673587918281556,3
38,pinky_01_r,0.30373306820789975,0.3650316596031189,0.4193703055381775,3
73,index_01_r,0.3036489486694336,0.298706591129303,0.3163073658943176,3
1,ring_01_l,0.3035503129164378,0.28695398569107056,0.32807105779647827,3
10,head,0.3034556160370509,0.2982674539089203,0.39787206053733826,3
23,hand_l,0.3030680517355601,0.25188496708869934,0.4249675333499909,3
0,pinky_01_r,0.30273570120334625,0.31946733593940735,0.4250212013721466,3
69,thumb_01_r,0.30267156660556793,0.31382495164871216,0.35429054498672485,3
31,head,0.3025915001829465,0.38272625207901,0.4175594925880432,3
25,index_01_r,0.30253524084885913,0.19887910783290863,0.4637587755918503,3
62,R_ForeTwist_01,0.30243108173211414,0.2866098880767822,0.40019874572753905,3
59,index_01_r,0.30230457584063214,0.26524725556373596,0.3550038397312164,3
40,clavicle_r,0.30225446820259094,0.35466456413269043,0.3612346649169922,3
23,index_01_r,0.3020715018113454,0.1974833756685257,0.46203209459781647,3
84,index_01_r,0.3018796096245448,0.24733267724514008,0.40147328078746797,3
4,pinky_01_r,0.30179549256960553,0.3676728308200836,0.4019359886646271,3
23,ring_01_r,0.30172738432884216,0.2679348289966583,0.4176495850086212,3
59,ring_01_r,0.30167684455712634,0.260660856962204,0.40897859930992125,3
5,LCalfTwist_03,0.30119510491689044,0.3138589560985565,0.42702299952507017,3
30,middle_01_r,0.3011270860830943,0.2750735282897949,0.37135651111602785,3
34,ring_01_r,0.30104157825311023,0.2862538993358612,0.38376092314720156,3
28,index_01_r,0.3009999394416809,0.2045850157737732,0.43636904954910277,3
6,middle_01_r,0.30095505714416504,0.2927247881889343,0.35633655786514284,3
13,middle_01_r,0.3009156137704849,0.25448277592658997,0.38161585927009584,3
22,ring_01_l,0.30060481031735736,0.31339231133461,0.3305472910404205,3
5,spine_02,0.30059848725795746,0.30553922057151794,0.3617637574672699,3
50,ring_01_r,0.30056409537792206,0.3074636161327362,0.4129394948482513,3
51,head,0.30045544107755023,0.28208616375923157,0.38287821412086487,3
67,hand_r,0.3003547340631485,0.32563403248786926,0.4262578308582306,3
42,pinky_01_r,0.30034330983956653,0.37831512093544006,0.3858723223209381,3
26,RUpArmTwist_r_02,0.30014994740486145,0.25992339849472046,0.4325891613960266,3
59,R_ForeTwist_01,0.29987428585688275,0.27546289563179016,0.3737445890903473,3
1,RUpArmTwist_l_01,0.2994547684987386,0.19614803791046143,0.478187108039856,3
53,index_01_r,0.299448957045873,0.2999727129936218,0.32674139738082886,3
33,head,0.2994245191415151,0.2511809766292572,0.3776932418346405,3
85,index_01_r,0.2991659790277481,0.26573941111564636,0.3710926711559296,3
48,ring_01_l,0.29910847047964734,0.27809256315231323,0.3789711117744446,3
3,ring_01_l,0.29908524950345355,0.31159788370132446,0.32578476667404177,3
75,LCalfTwist_03,0.29899315039316815,0.231564462184906,0.40164271593093875,3
4,ring_01_l,0.2989451587200165,0.2770769000053406,0.3356319308280945,3
36,neck_01,0.29892656207084656,0.3055892586708069,0.31291607618331907,3
42,RUpArmTwist_r_01,0.2987770090500514,0.20559877157211304,0.4625584959983826,3
59,lowerarm_r,0.2985999832550685,0.30902335047721863,0.391428941488266,3
64,RUpArmTwist_r_01,0.29850709438323975,0.15289545059204102,0.5105627536773681,3
37,pinky_01_r,0.2985039601723353,0.34091174602508545,0.3888310194015503,3
21,ring_01_r,0.2984870473543803,0.27176713943481445,0.4034458875656128,3
48,middle_01_r,0.29847187797228497,0.28581103682518005,0.32533172965049745,3
21,ball_r,0.2984444747368495,0.3793114125728607,0.39982842803001406,3
42,thumb_01_l,0.2984197785456975,0.32199713587760925,0.4139276444911957,3
43,upperarm_r,0.2983743151028951,0.2777389883995056,0.41866477727890017,3
56,RUpArmTwist_r_01,0.298365093767643,0.30193448066711426,0.4684457778930664,3
79,ball_r,0.2982977380355199,0.2763468027114868,0.35896351337432864,3
57,ring_01_r,0.2979811529318492,0.2878091037273407,0.4024222791194916,3
69,clavicle_l,0.29789894819259644,0.2545141279697418,0.38069031834602357,3
19,clavicle_r,0.29789526760578156,0.32018402218818665,0.32840481400489807,3
9,calf_r,0.29787931342919666,0.24440284073352814,0.4106107145547867,3
55,ring_01_r,0.2978589783112208,0.28327813744544983,0.3935573875904083,3
50,LCalfTwist_03,0.2978512893120448,0.2732691466808319,0.36012555956840514,3
32,RUpArmTwist_r_02,0.2978206326564153,0.2899726629257202,0.4148543834686279,3
52,ring_01_r,0.2977120876312256,0.3100287914276123,0.36993257999420165,3
60,middle_01_l,0.2974921365578969,0.2803558111190796,0.3490018367767334,3
15,pinky_01_r,0.297406127055486,0.3298448920249939,0.4051913142204285,3
1,LCalfTwist_03,0.29729194939136505,0.37401828169822693,0.37608222365379335,3
62,hand_l,0.29725448290507,0.31175175309181213,0.3390597403049469,3
11,clavicle_l,0.29712286591529846,0.2747366428375244,0.32894101142883303,3
5,ring_01_l,0.29708900054295856,0.28747010231018066,0.330647349357605,3
45,neck_01,0.2970418433348338,0.29921481013298035,0.34988777041435243,3
22,ring_01_r,0.2968789239724477,0.28821104764938354,0.41457353830337523,3
74,index_01_r,0.2968619664510091,0.29413172602653503,0.3049085080623627,3
3,ball_l,0.2964745710293452,0.3119387924671173,0.3901296198368073,3
27,index_01_r,0.2964068055152893,0.19501717388629913,0.443956008553505,3
76,RUpArmTwist_r_02,0.29629934827486676,0.24132245779037476,0.40295461416244505,3
33,ring_01_r,0.2962963978449504,0.27824389934539795,0.36805651187896726,3
78,index_01_r,0.2961856226126353,0.3112676441669464,0.3202250063419342,3
38,index_01_r,0.29609692096710205,0.25136592984199524,0.36006222367286683,3
59,clavicle_r,0.2960924506187439,0.3305831849575043,0.33310949206352236,3
50,thumb_01_l,0.29596230387687683,0.3495711386203766,0.3534530699253082,3
14,middle_01_r,0.29589058955510456,0.2704639732837677,0.35278463959693906,3
44,thumb_01_l,0.2957153817017873,0.3363558053970337,0.3736350774765015,3
82,hand_r,0.29569051663080853,0.35526394844055176,0.4240008115768433,3
9,pinky_01_r,0.295204962293307,0.2739729881286621,0.40726094245910643,3
4,RCalfTwist_03,0.295190970102946,0.3379531502723694,0.3730663895606995,3
34,ring_01_l,0.2951446125904719,0.30413371324539185,0.33322385549545286,3
54,ring_01_r,0.2949425180753072,0.2936989665031433,0.3751958250999451,3
43,index_01_r,0.2949359615643819,0.21723590791225433,0.4763904303312302,3
28,ball_r,0.2945042500893275,0.32230135798454285,0.3317135274410248,3
28,RCalfTwist_01,0.29435433944066364,0.269284188747406,0.37159234285354614,3
81,ring_01_r,0.2942015628019969,0.23993003368377686,0.40350320339202883,3
23,calf_r,0.2941085745890935,0.2508009970188141,0.374455863237381,3
39,calf_r,0.2939985543489456,0.32188162207603455,0.34544171690940856,3
5,ball_r,0.29396794984738034,0.36072924733161926,0.4153832972049713,3
12,middle_01_l,0.2939213713010152,0.3008667230606079,0.3100487947463989,3
85,hand_l,0.2938268880049388,0.3431957960128784,0.37392287254333495,3
54,middle_01_r,0.29375160733858746,0.1902395337820053,0.44460184276103976,3
47,thumb_01_l,0.29364097118377686,0.3086004853248596,0.3100983500480652,3
73,pinky_01_r,0.29342735807100934,0.3473663628101349,0.4002183973789215,3
72,clavicle_r,0.29335703949133557,0.2565750777721405,0.37127470374107363,3
4,ring_01_r,0.2933471252520879,0.2512800395488739,0.37097315192222596,3
19,LCalfTwist_01,0.29330312709013623,0.32457464933395386,0.37494879961013794,3
20,LCalfTwist_01,0.29319607218106586,0.30856022238731384,0.3696969449520111,3
49,pinky_01_r,0.29286734759807587,0.2674744129180908,0.4232331275939941,3
20,ring_01_r,0.29274385174115497,0.27168092131614685,0.40533179640769956,3
36,middle_01_r,0.2925163557132085,0.25015246868133545,0.37071516513824465,3
35,middle_01_r,0.29235468804836273,0.25071999430656433,0.36432058215141294,3
44,RUpArmTwist_r_01,0.29235387841860455,0.15874890983104706,0.4987121671438217,3
57,middle_01_r,0.29234345257282257,0.21152594685554504,0.4345081865787506,3
9,index_01_r,0.29224524398644763,0.23677709698677063,0.40063467621803284,3
26,ring_01_r,0.2922065754731496,0.2669667899608612,0.3871945321559906,3
3,ring_01_r,0.29218581815560657,0.25666293501853943,0.36500927805900574,3
18,middle_01_r,0.2921516001224518,0.2612380087375641,0.34215882420539856,3
82,thumb_01_r,0.2921397387981415,0.2790870666503906,0.3235149621963501,3
9,ring_01_l,0.29194824894269306,0.30003705620765686,0.30323849320411683,3
51,thumb_01_l,0.2918078551689784,0.2918643057346344,0.37137568593025205,3
85,thumb_01_r,0.29180335998535156,0.29131925106048584,0.2983670711517334,3
25,ring_01_r,0.2917945086956024,0.26481661200523376,0.40474421381950376,3
45,thumb_01_r,0.29145271082719165,0.2546749413013458,0.36231964230537417,3
0,RCalfTwist_01,0.291335994998614,0.23362840712070465,0.40922985374927523,3
27,ring_01_r,0.2912713587284088,0.27351418137550354,0.36979709267616273,3
53,middle_01_r,0.29124657313028973,0.20101012289524078,0.4194142132997513,3
4,thumb_01_l,0.2910856654246648,0.2536574900150299,0.39364457726478574,3
41,RUpArmTwist_l_01,0.2908995697895686,0.2890987694263458,0.3499132454395294,3
81,thumb_01_r,0.29087292154630023,0.2876885235309601,0.32717800736427305,3
58,middle_01_r,0.2908116777737935,0.23500560224056244,0.427926704287529,3
79,thumb_01_r,0.2905561029911041,0.26894286274909973,0.34164744019508364,3
83,lowerarm_r,0.2901494900385539,0.24430350959300995,0.3984048694372177,3
32,clavicle_r,0.2900668829679489,0.24109649658203125,0.38989641666412356,3
37,ball_l,0.2900279760360718,0.3450947105884552,0.3672361433506012,3
8,ring_01_l,0.2897934913635254,0.27770254015922546,0.30772520899772643,3
67,R_ForeTwist_01,0.2897036075592041,0.2682313621044159,0.40347883105278015,3
74,thumb_01_r,0.28963907063007355,0.3185810148715973,0.32413752675056456,3
20,clavicle_r,0.2894912362098694,0.27696454524993896,0.3174479007720947,3
22,clavicle_l,0.28939784566561383,0.2651236653327942,0.3777260661125183,3
44,thumb_01_r,0.28932806352774304,0.318243145942688,0.3367856740951538,3
63,clavicle_l,0.28927623480558395,0.2697449326515198,0.4340097546577454,3
49,index_01_r,0.28897738456726074,0.2722988426685333,0.3257876455783844,3
15,RUpArmTwist_r_02,0.288951834042867,0.263139009475708,0.3487682342529297,3
78,LCalfTwist_01,0.28884458541870117,0.2918733060359955,0.29501826167106626,3
62,thumb_01_r,0.2888126422961553,0.30612677335739136,0.3217963814735413,3
31,middle_01_r,0.2886842240889867,0.2622717320919037,0.36867029070854185,3
22,middle_01_r,0.28857876857121784,0.25972384214401245,0.3326018929481506,3
72,index_01_r,0.28828783830006915,0.2911995053291321,0.2928542733192444,3
55,middle_01_r,0.2881210744380951,0.2034827470779419,0.4313579320907593,3
15,thumb_01_l,0.28803961475690204,0.26014089584350586,0.3632042407989502,3
53,ring_01_r,0.28771353264649707,0.2593229413032532,0.36022635698318484,3
63,index_01_r,0.287702351808548,0.2611966133117676,0.3283343553543091,3
38,middle_01_r,0.28763171037038165,0.23576569557189941,0.36893625259399415,3
47,RUpArmTwist_l_01,0.287613932043314,0.39930614829063416,0.4024785697460175,3
62,ring_01_r,0.2875365416208903,0.2214384377002716,0.38892386555671693,3
49,middle_01_r,0.2875346640745799,0.30024027824401855,0.3159313440322876,3
51,pinky_01_r,0.2875040719906489,0.29767194390296936,0.4033607542514801,3
58,lowerarm_r,0.2873164216677348,0.2579441964626312,0.38601128458976747,3
9,neck_01,0.2872120141983032,0.3048895597457886,0.3754154682159424,3
1,clavicle_r,0.2871562639872233,0.27769148349761963,0.37539334297180177,3
14,pinky_01_r,0.2870720128218333,0.3030385971069336,0.3926032781600952,3
82,ring_01_l,0.2870362848043442,0.28685319423675537,0.35154664516448975,3
79,ring_01_r,0.2868347416321437,0.24909761548042297,0.38941453099250795,3
62,index_01_r,0.28681035836537677,0.25912174582481384,0.3262589395046234,3
54,LCalfTwist_03,0.28676163653532666,0.27953845262527466,0.3701615214347839,3
11,middle_01_r,0.2867303987344106,0.27536365389823914,0.3667475163936615,3
63,thumb_01_r,0.28663874169190723,0.3040735423564911,0.31781410574913027,3
33,LCalfTwist_02,0.28659909466902417,0.25956159830093384,0.3662445187568665,3
63,ring_01_r,0.28651585678259534,0.21745891869068146,0.38589467108249664,3
41,ring_01_l,0.2864554822444916,0.2889045476913452,0.3029459238052368,3
51,neck_01,0.28633809089660645,0.25964632630348206,0.36296129822731016,3
56,middle_01_r,0.28621675074100494,0.20134364068508148,0.42549874484539035,3
53,ball_l,0.2861901173988978,0.26273614168167114,0.419455349445343,3
12,R_ForeTwist_01,0.2859850327173869,0.2349804937839508,0.4228443443775177,3
73,thumb_01_l,0.28595708310604095,0.30482548475265503,0.3131365180015564,3
64,clavicle_l,0.28594204286734265,0.29174670577049255,0.34287678599357607,3
11,thumb_01_r,0.2858866552511851,0.23815183341503143,0.3843842834234238,3
19,ring_01_r,0.28583629926045734,0.26230788230895996,0.3963318824768066,3
37,RUpArmTwist_l_02,0.2858251482248306,0.30615073442459106,0.32513500452041627,3
16,middle_01_r,0.28571892778078717,0.27035006880760193,0.335349839925766,3
56,ring_01_r,0.28557876745859784,0.265359491109848,0.37776915431022645,3
43,calf_r,0.28554147978623706,0.2728908360004425,0.3471204102039337,3
19,middle_01_r,0.2855023841063182,0.26554203033447266,0.3318279504776001,3
48,index_01_r,0.28544343014558154,0.3059643805027008,0.31791444420814513,3
65,RUpArmTwist_r_02,0.2854279230038325,0.31405699253082275,0.35338759422302246,3
67,clavicle_r,0.2853939433892568,0.22203493118286133,0.3765124320983887,3
34,LCalfTwist_03,0.2853516787290573,0.3096000850200653,0.3777848184108734,3
44,RCalfTwist_03,0.28500300149122876,0.29199326038360596,0.31700811386108396,3
40,pinky_01_r,0.2849748680988948,0.3163844048976898,0.42622548937797544,3
83,ring_01_l,0.2849290072917938,0.2793075740337372,0.3333468854427338,3
84,thumb_01_r,0.28480108578999835,0.28421398997306824,0.29876484274864196,3
44,neck_01,0.2847186177968979,0.2599896192550659,0.37680511474609374,3
77,RCalfTwist_03,0.28461167713006336,0.27124908566474915,0.3383092224597931,3
39,pinky_01_r,0.2845214605331421,0.3465650975704193,0.38167802691459657,3
61,middle_01_r,0.2844675729672114,0.21159303188323975,0.4148253917694092,3
0,RCalfTwist_02,0.2844531089067459,0.26846078038215637,0.32716699242591857,3
20,index_01_r,0.2844130794207255,0.18904247879981995,0.44030588269233706,3
2,RCalfTwist_02,0.2844062050183614,0.27916187047958374,0.3000207543373108,3
59,middle_01_r,0.2843908220529556,0.23221468925476074,0.4119173049926758,3
32,LCalfTwist_02,0.28436096012592316,0.23889578878879547,0.36001873314380645,3
47,index_01_r,0.28430244823296863,0.30731749534606934,0.3309206247329712,3
52,RUpArmTwist_l_02,0.28426965077718097,0.3418874144554138,0.34548271894454957,3
24,clavicle_l,0.28422542413075763,0.2932747006416321,0.3346429467201233,3
6,neck_01,0.2840125610431035,0.3564181327819824,0.38693876266479493,3
41,pinky_01_r,0.2837755158543587,0.33506062626838684,0.38392379879951477,3
56,middle_01_l,0.2837694088617961,0.2609250247478485,0.31788706183433535,3
4,clavicle_r,0.28374768793582916,0.29458388686180115,0.31276132464408873,3
37,RCalfTwist_02,0.2836468418439229,0.28196051716804504,0.29416964650154115,3
46,index_01_r,0.28354867299397785,0.3063229024410248,0.3160148561000824,3
5,thumb_01_l,0.28349851568539935,0.2358902245759964,0.3565597921609879,3
35,RUpArmTwist_r_01,0.2834939857323964,0.2128830999135971,0.44411012828350066,3
17,LCalfTwist_01,0.2834739287694295,0.2899017930030823,0.3710127234458923,3
35,LCalfTwist_02,0.2834322949250539,0.2706853747367859,0.3618276000022888,3
31,ball_r,0.28342394530773163,0.3326720893383026,0.39029313921928405,3
41,clavicle_l,0.2832931677500407,0.2808561325073242,0.3189373254776001,3
80,LCalfTwist_02,0.28322766721248627,0.27805423736572266,0.32089316844940186,3
6,thumb_01_l,0.28315486510594684,0.24531787633895874,0.36655822992324827,3
21,middle_01_r,0.2829079230626424,0.2688841223716736,0.34140979051589965,3
70,head,0.2826524426539739,0.269989550113678,0.33820494413375857,3
18,clavicle_r,0.2825901259978612,0.3256542384624481,0.33072382807731626,3
46,spine_02,0.2825712909301122,0.28845667839050293,0.33245110511779785,3
74,LCalfTwist_02,0.28251827756563824,0.28119415044784546,0.2854313015937805,3
20,middle_01_r,0.2825012455383937,0.26239752769470215,0.331078314781189,3
8,LCalfTwist_02,0.28246747454007465,0.29678529500961304,0.3389173626899719,3
16,RUpArmTwist_r_02,0.2824249317248662,0.2607403099536896,0.3483464062213898,3
4,middle_01_r,0.2823161532481511,0.2516213655471802,0.328751802444458,3
27,RUpArmTwist_r_02,0.28226732710997265,0.2183237224817276,0.3984382897615433,3
34,clavicle_r,0.2822360346714656,0.2109583020210266,0.4019045948982239,3
33,index_01_r,0.2821324070294698,0.22578351199626923,0.366193613409996,3
27,middle_01_r,0.28209494054317474,0.28423142433166504,0.3544625759124756,3
78,thumb_01_l,0.2819938212633133,0.28638821840286255,0.3262551188468933,3
36,RUpArmTwist_l_01,0.2819369087616603,0.30486345291137695,0.3289384365081787,3
85,ring_01_r,0.2819225291411082,0.2591142952442169,0.36275575757026673,3
29,thumb_01_r,0.28186119844516117,0.35202720761299133,0.369789320230484,3
52,thumb_01_l,0.28171462814013165,0.2629241645336151,0.33840426802635193,3
78,pinky_01_r,0.2817120775580406,0.3608167767524719,0.363919198513031,3
71,index_01_r,0.281622310479482,0.2863212525844574,0.2928554952144623,3
30,R_ForeTwist_01,0.28153712550799054,0.2769950330257416,0.35363256335258486,3
35,index_01_r,0.2814510762691498,0.23049327731132507,0.3649530589580536,3
54,middle_01_l,0.2814217408498128,0.27002984285354614,0.30113040208816527,3
50,index_01_r,0.2813570300738017,0.26073768734931946,0.323105388879776,3
50,middle_01_r,0.28134923179944354,0.30922257900238037,0.3372191429138184,3
38,thumb_01_r,0.28132761021455127,0.304343044757843,0.36319044828414915,3
75,thumb_01_l,0.2812328487634659,0.30390581488609314,0.3295494973659515,3
76,lowerarm_r,0.2811929037173589,0.16517619788646698,0.46162134110927583,3
73,R_ForeTwist_01,0.2810400426387787,0.2566061317920685,0.3661893904209137,3
17,middle_01_r,0.28103763858477276,0.263688325881958,0.32821040153503417,3
3,middle_01_r,0.28100396196047467,0.2311764508485794,0.35376764833927155,3
43,pinky_01_r,0.28087880462408066,0.35792696475982666,0.3649015426635742,3
70,R_ForeTwist_01,0.2808774063984553,0.2514803111553192,0.3822323739528656,3
55,middle_01_l,0.28079214692115784,0.26323291659355164,0.30851160883903506,3
8,thumb_01_r,0.28066680828730267,0.3302902281284332,0.3763859808444977,3
26,R_ForeTwist_01,0.2805640548467636,0.2572619318962097,0.36044098138809205,3
81,lowerarm_r,0.28036536524693173,0.24446898698806763,0.43658860921859743,3
64,R_ForeTwist_01,0.2803070495525996,0.2554060220718384,0.38111171722412107,3
10,middle_01_l,0.2800380339225133,0.267579048871994,0.32143945097923277,3
28,middle_01_r,0.2799512793620427,0.26777276396751404,0.36477150321006774,3
43,RUpArmTwist_r_01,0.27994803090890247,0.192488893866539,0.413115593791008,3
17,index_01_r,0.279748539129893,0.2271747589111328,0.3906594276428223,3
69,index_01_r,0.27973254521687824,0.28050947189331055,0.29928605556488036,3
5,upperarm_r,0.2796784241994222,0.2547875940799713,0.33254459500312805,3
36,index_01_r,0.27966995537281036,0.23129045963287354,0.35891146659851075,3
72,R_ForeTwist_01,0.2795753628015518,0.24994495511054993,0.37169440388679503,3
0,index_01_r,0.27957263092199963,0.257554292678833,0.3679129838943481,3
83,thumb_01_r,0.27941952149073285,0.28293314576148987,0.29346473813056945,3
1,index_01_r,0.27927710115909576,0.22459329664707184,0.36251466572284696,3
9,head,0.2792467772960663,0.2626851201057434,0.3084907174110413,3
28,calf_r,0.27923718094825745,0.23544882237911224,0.3420075386762619,3
82,ring_01_r,0.278826966881752,0.23755784332752228,0.3748042494058609,3
74,RUpArmTwist_l_02,0.27838341395060223,0.29457470774650574,0.3569118916988373,3
9,ball_r,0.27824915448824566,0.35827702283859253,0.3878867983818054,3
65,R_ForeTwist_01,0.2781897038221359,0.25887975096702576,0.3861763894557953,3
71,middle_01_r,0.27808889249960583,0.1956060826778412,0.39464704394340516,3
11,ball_r,0.2780769268671672,0.31881049275398254,0.3634446918964386,3
74,middle_01_r,0.2780435383319855,0.19467775523662567,0.39998610913753513,3
60,RUpArmTwist_l_01,0.2777800311644872,0.2881210446357727,0.3346650719642639,3
42,index_01_r,0.277746061484019,0.1813778132200241,0.43866771161556245,3
68,index_01_r,0.2776918609937032,0.2762703597545624,0.2962524354457855,3
83,clavicle_l,0.2776851604382197,0.23520749807357788,0.40138458013534545,3
29,RUpArmTwist_r_02,0.27743065853913623,0.2513478100299835,0.3802944481372833,3
76,middle_01_r,0.2774173816045125,0.207730233669281,0.3916753172874451,3
22,middle_01_l,0.2773760259151459,0.2823180854320526,0.29410311579704285,3
32,clavicle_l,0.2771802544593811,0.2334119826555252,0.37306624948978423,3
53,thumb_01_l,0.2771160304546356,0.2595629394054413,0.3078502357006073,3
45,thumb_01_l,0.2770785093307495,0.23099806904792786,0.3822913706302643,3
21,index_01_r,0.27700018386046094,0.1902649998664856,0.41790705919265747,3
18,R_ForeTwist_01,0.27698903779188794,0.28077802062034607,0.346153324842453,3
22,index_01_r,0.2769792030255,0.18395653367042542,0.4271873772144318,3
25,middle_01_l,0.2767663796742757,0.27479979395866394,0.28932103514671326,3
73,RCalfTwist_03,0.2767467697461446,0.2874104380607605,0.35683377981185915,3
7,thumb_01_l,0.27673935890197754,0.23312368988990784,0.346314412355423,3
76,thumb_01_r,0.2766077220439911,0.28629088401794434,0.3197754383087158,3
65,middle_01_r,0.27654046813646954,0.24917829036712646,0.3798682689666748,3
70,index_01_r,0.2763509551684062,0.2798954248428345,0.28177101612091066,3
17,spine_02,0.27634890874226886,0.28260883688926697,0.29476277232170106,3
64,index_01_r,0.27633076906204224,0.26039624214172363,0.2987722873687744,3
11,clavicle_r,0.27624182403087616,0.32649222016334534,0.3366706669330597,3
17,neck_01,0.2762209971745809,0.2738696336746216,0.3773262739181519,3
64,ring_01_r,0.27621541420618695,0.23422053456306458,0.3733610689640045,3
74,lowerarm_r,0.2762050877014796,0.22222252190113068,0.41583279669284823,3
50,head,0.27620021998882294,0.3047902286052704,0.33819093108177184,3
65,index_01_r,0.276156485080719,0.2531757354736328,0.31073856353759766,3
41,head,0.2761255105336507,0.3010730445384979,0.3814315736293793,3
69,middle_01_r,0.27608779072761536,0.21030740439891815,0.3838086694478989,3
62,middle_01_l,0.27600720524787903,0.27917253971099854,0.32466578483581543,3
80,ring_01_r,0.2759460111459096,0.2129223644733429,0.3714609682559967,3
61,middle_01_l,0.2758815437555313,0.2692534029483795,0.3050714790821075,3
7,thumb_01_r,0.2756635049978892,0.2975366711616516,0.3615519881248474,3
58,middle_01_l,0.2753162731726964,0.25337523221969604,0.311879026889801,3
1,RUpArmTwist_r_01,0.2751891513665517,0.33667266368865967,0.34807050228118896,3
63,middle_01_r,0.2750750680764516,0.2362038493156433,0.38584080934524534,3
70,spine_02,0.2750060160954793,0.23966406285762787,0.37647351920604705,3
79,thumb_01_l,0.27494873106479645,0.29168856143951416,0.3309909820556641,3
66,middle_01_r,0.27483007808526355,0.24341394007205963,0.37534649670124054,3
25,middle_01_r,0.27476299305756885,0.26952871680259705,0.3242965877056122,3
85,ball_l,0.27474003036816913,0.3175213038921356,0.3539446771144867,3
62,middle_01_r,0.2746628870566686,0.24161602556705475,0.38617377579212187,3
59,middle_01_l,0.2745857735474904,0.26299381256103516,0.31516764163970945,3
60,thumb_01_r,0.274440661072731,0.29327502846717834,0.3161414206027985,3
73,middle_01_r,0.27438240746657055,0.20586712658405304,0.4086388021707535,3
70,RUpArmTwist_r_02,0.27435066799322766,0.3154209554195404,0.36758188605308534,3
13,pinky_01_r,0.27434373398621875,0.27224844694137573,0.3456007122993469,3
57,LCalfTwist_03,0.2743064413468043,0.24702323973178864,0.3671587973833084,3
69,RUpArmTwist_r_02,0.2743053634961446,0.31432855129241943,0.35058815479278566,3
53,middle_01_l,0.27418086926142377,0.2800001800060272,0.285895174741745,3
80,middle_01_r,0.27411048114299774,0.25726789236068726,0.37636374235153197,3
78,ring_01_r,0.2741063932577769,0.24838335812091827,0.37760078012943266,3
80,thumb_01_r,0.2740792731444041,0.2531645894050598,0.31738015413284304,3
8,RCalfTwist_03,0.2740742117166519,0.23262394964694977,0.34074447453022005,3
80,R_ForeTwist_01,0.2740628371636073,0.23690135776996613,0.3604967027902603,3
32,index_01_r,0.27397062877813977,0.2135951966047287,0.36637588441371916,3
68,middle_01_r,0.27388641238212585,0.2180587500333786,0.37689128816127776,3
22,thumb_01_l,0.273844450712204,0.22660596668720245,0.3454784542322159,3
57,middle_01_l,0.2738030453523,0.26010841131210327,0.3036295771598816,3
67,middle_01_l,0.2737305114666621,0.30951401591300964,0.32280110716819765,3
75,middle_01_r,0.27358278632164,0.23127959668636322,0.39533261954784393,3
1,middle_01_l,0.2734944472710292,0.3183181583881378,0.31951330304145814,3
63,middle_01_l,0.27321326235930127,0.27501222491264343,0.3194685637950897,3
55,neck_01,0.2732057323058446,0.3298858404159546,0.3490128993988037,3
2,spine_01,0.2731470465660095,0.1816783845424652,0.4102401196956635,3
57,RUpArmTwist_l_02,0.273034746448199,0.28706058859825134,0.33045453429222105,3
55,LCalfTwist_03,0.2730274200439453,0.2564274072647095,0.3598701000213623,3
10,LCalfTwist_03,0.27301786839962006,0.2849571108818054,0.3784806847572327,3
75,middle_01_l,0.27292754749457043,0.2710947096347809,0.29349845051765444,3
73,thumb_01_r,0.27291208505630493,0.2738584578037262,0.3113118946552277,3
53,thumb_01_r,0.27244771520296734,0.2738552689552307,0.29871379137039183,3
23,middle_01_r,0.27240466078122455,0.26023992896080017,0.32364441752433776,3
73,ball_r,0.2723568454384804,0.34039002656936646,0.39676653146743773,3
24,thumb_01_r,0.27235232790311176,0.2863975465297699,0.3630559861660004,3
64,middle_01_l,0.2723391105731328,0.2984376847743988,0.31915757060050964,3
65,middle_01_l,0.2721114903688431,0.29113587737083435,0.32611135840415956,3
65,ring_01_r,0.2720705072085063,0.22424986958503723,0.37734864354133607,3
66,middle_01_l,0.2720068395137787,0.30617716908454895,0.32476194500923156,3
39,clavicle_r,0.27198852101961773,0.32162216305732727,0.3410127222537994,3
45,LCalfTwist_03,0.27188511192798615,0.31568095088005066,0.3415787398815155,3
70,middle_01_r,0.27186672389507294,0.2085236757993698,0.3790975660085678,3
77,thumb_01_l,0.2717749923467636,0.2886117994785309,0.3200352966785431,3
27,thumb_01_l,0.2715570280949275,0.24263964593410492,0.3383850544691086,3
56,clavicle_r,0.2715451767047246,0.2788517475128174,0.3153390884399414,3
54,thumb_01_l,0.271414190530777,0.25771549344062805,0.29599645733833313,3
64,middle_01_r,0.27139171957969666,0.22648803889751434,0.37678419053554535,3
19,index_01_r,0.27130748828252155,0.18759475648403168,0.42304958999156955,3
67,middle_01_r,0.27127981682618457,0.23262028396129608,0.37080336511135104,3
72,middle_01_r,0.2712060809135437,0.1980949491262436,0.3877999991178513,3
45,spine_02,0.27119608720143634,0.3011227548122406,0.3333860576152802,3
29,middle_01_r,0.27118346095085144,0.25194746255874634,0.36094931364059446,3
18,index_01_r,0.2711687634388606,0.20184947550296783,0.3935651332139969,3
74,ball_r,0.27110513175527257,0.27929291129112244,0.44620615839958194,3
6,RUpArmTwist_r_02,0.2710403899351756,0.3134928345680237,0.3299531817436218,3
84,thumb_01_l,0.27088593939940137,0.27285775542259216,0.3435548484325409,3
71,head,0.27069515983263653,0.3086775839328766,0.3283922255039215,3
10,thumb_01_r,0.2706759025653203,0.23880739510059357,0.3767866283655167,3
42,ring_01_r,0.2706472824017207,0.27082401514053345,0.368360698223114,3
19,thumb_01_l,0.2705358217159907,0.21636979281902313,0.34792066514492037,3
30,thumb_01_l,0.27043017248312634,0.23785585165023804,0.33735707998275755,3
1,LCalfTwist_02,0.27041663477818173,0.2427036464214325,0.4221467912197113,3
26,middle_01_r,0.27023716767628986,0.2721423804759979,0.3308323085308075,3
77,middle_01_r,0.2701885948578517,0.23189228773117065,0.3836764216423035,3
7,ball_r,0.2701038767894109,0.25857675075531006,0.3105503559112549,3
10,ball_r,0.2700507951279481,0.3778665065765381,0.3842606544494629,3
60,ball_l,0.26979318261146545,0.2219552844762802,0.3647384852170944,3
2,head,0.26948054134845734,0.28208526968955994,0.28492493033409116,3
58,RUpArmTwist_r_02,0.2693215111891429,0.20971716940402985,0.35560267269611356,3
70,middle_01_l,0.2692792812983195,0.3013108968734741,0.30333971977233887,3
21,clavicle_r,0.2690833608309428,0.2805376648902893,0.3171012759208679,3
40,LCalfTwist_02,0.2689557572205861,0.21717160940170288,0.3466164946556091,3
67,index_01_r,0.26885510484377545,0.2616186738014221,0.2803592562675476,3
66,index_01_r,0.26883406440416974,0.255557656288147,0.2910542726516724,3
44,calf_l,0.26876895626386005,0.268026739358902,0.31895514130592345,3
3,index_01_r,0.26875731845696765,0.2559264004230499,0.32966006398200987,3
77,pinky_01_r,0.26871244112650555,0.2692333459854126,0.38189880847930907,3
79,pinky_01_r,0.2686009680231412,0.2985841631889343,0.3702574610710144,3
72,middle_01_l,0.2684701681137085,0.28636932373046875,0.2883190155029297,3
44,RCalfTwist_01,0.2684219280878703,0.2645644545555115,0.32116318941116334,3
68,middle_01_l,0.26832688848177594,0.2907983362674713,0.3058157980442047,3
31,clavicle_l,0.26829175651073456,0.26066192984580994,0.35993375182151793,3
8,calf_r,0.2681807925303777,0.18363286554813385,0.4317761927843094,3
8,clavicle_l,0.2681582570075989,0.25005483627319336,0.3903031349182129,3
24,middle_01_r,0.26813165346781415,0.2577604353427887,0.3196897566318512,3
78,RUpArmTwist_l_01,0.26805642743905383,0.34004172682762146,0.3453339755535126,3
26,middle_01_l,0.26777376731236774,0.2624225318431854,0.2807548463344574,3
31,RUpArmTwist_r_02,0.26765721042950946,0.2719167172908783,0.37681919932365415,3
77,middle_01_l,0.2675997217496236,0.26138871908187866,0.2803975224494934,3
73,middle_01_l,0.2675747176011403,0.2609657347202301,0.2832182705402374,3
8,thumb_01_l,0.2675345192352931,0.2510111629962921,0.3121059238910675,3
25,thumb_01_l,0.26745355625947315,0.2313208281993866,0.33125118613243104,3
58,R_ForeTwist_01,0.2674221495787303,0.24877704679965973,0.3313374310731888,3
29,spine_01,0.2673513839642207,0.31521350145339966,0.3527176260948181,3
30,index_01_r,0.2671517978111903,0.19372034072875977,0.373139238357544,3
16,calf_r,0.2669367293516795,0.24880799651145935,0.3475516736507416,3
15,RUpArmTwist_l_01,0.2668730169534683,0.29636576771736145,0.39221137166023257,3
18,thumb_01_l,0.26662514607111615,0.21935588121414185,0.3532570242881775,3
72,spine_02,0.26648589471975964,0.18062037229537964,0.39388500452041625,3
36,RUpArmTwist_r_02,0.26628351708253223,0.2535598576068878,0.34491334557533265,3
81,middle_01_r,0.26608308653036755,0.2702178657054901,0.36262728571891784,3
2,pinky_01_r,0.26600808650255203,0.266152024269104,0.39691934585571287,3
41,clavicle_r,0.26588375369707745,0.2896316349506378,0.3586583435535431,3
6,ring_01_r,0.26562217871348065,0.2594102919101715,0.3344079315662384,3
60,RUpArmTwist_r_02,0.2653660625219345,0.2797931134700775,0.30227369666099546,3
56,L_ForeTwist_01,0.26529911657174426,0.2162674367427826,0.37021839022636416,3
72,thumb_01_l,0.26528729995091754,0.25987955927848816,0.27419671416282654,3
16,index_01_r,0.2650202065706253,0.23238037526607513,0.34896292388439176,3
14,thumb_01_l,0.26493797699610394,0.2060495913028717,0.34807332158088683,3
15,RCalfTwist_01,0.26493606964747113,0.20432251691818237,0.35186012983322146,3
82,middle_01_r,0.26490763823191327,0.24973386526107788,0.3567257523536682,3
49,thumb_01_l,0.2648521314064662,0.2632094621658325,0.3107569217681885,3
69,middle_01_l,0.26475390295187634,0.2832839787006378,0.30105906128883364,3
60,RCalfTwist_03,0.2646087557077408,0.28557050228118896,0.29976935386657716,3
19,middle_01_l,0.26445719103018445,0.26895013451576233,0.28044734597206117,3
29,RCalfTwist_02,0.26442287862300873,0.25125595927238464,0.2844315469264984,3
70,RUpArmTwist_l_01,0.2644011229276657,0.22743070125579834,0.36849336624145507,3
36,thumb_01_r,0.26430852711200714,0.2994186580181122,0.34180213809013366,3
57,RCalfTwist_01,0.2642602324485779,0.2614878714084625,0.36888778805732725,3
66,head,0.2642192343870799,0.24910901486873627,0.3369718998670578,3
80,RCalfTwist_03,0.26418959101041156,0.24963875114917755,0.3109377533197403,3
40,index_01_r,0.2641238470872243,0.22843115031719208,0.334727343916893,3
75,R_ForeTwist_01,0.2641197790702184,0.23833638429641724,0.3391077399253845,3
71,middle_01_l,0.2640071858962377,0.2930193245410919,0.2951639950275421,3
39,thumb_01_r,0.263991912206014,0.2885395884513855,0.34131025075912474,3
81,thumb_01_l,0.26396173735459644,0.3026881515979767,0.3154863893985748,3
1,pinky_01_r,0.2639518976211548,0.27476266026496887,0.4109262764453888,3
60,R_ForeTwist_01,0.26373685896396637,0.2526701092720032,0.34048727750778196,3
25,head,0.2636425445477168,0.14010626077651978,0.45745683908462526,3
12,pinky_01_r,0.26364170263210934,0.3043684959411621,0.3616600275039673,3
27,head,0.2635852595170339,0.20359091460704803,0.3798784822225571,3
67,ball_l,0.26357414821783703,0.2726171314716339,0.40738311409950256,3
68,clavicle_r,0.26349136730035144,0.3040032982826233,0.3107874751091003,3
25,R_ForeTwist_01,0.26340986291567486,0.24763262271881104,0.3379837989807129,3
16,neck_01,0.26337966322898865,0.19509291648864746,0.3738622903823853,3
66,R_ForeTwist_01,0.26324670016765594,0.24241667985916138,0.3722891449928284,3
28,thumb_01_l,0.26319747666517895,0.233677476644516,0.3291819512844086,3
23,middle_01_l,0.26309459904829663,0.27396970987319946,0.27513798475265505,3
79,middle_01_r,0.2630770057439804,0.25241371989250183,0.3676567018032074,3
46,middle_01_l,0.263051117459933,0.2473873496055603,0.3089934945106506,3
75,pinky_01_r,0.26302460332711536,0.26911962032318115,0.37232394218444825,3
74,thumb_01_l,0.2629144738117854,0.27185794711112976,0.2722618281841278,3
78,middle_01_r,0.2628391037384669,0.22888366878032684,0.38415518701076506,3
40,R_ForeTwist_01,0.26278063654899597,0.23103667795658112,0.33752465546131133,3
75,ring_01_r,0.26275570193926495,0.21115528047084808,0.344076868891716,3
23,RUpArmTwist_r_02,0.2627008656660716,0.24408671259880066,0.3473632991313934,3
83,middle_01_r,0.2625870654980342,0.22866494953632355,0.357127371430397,3
52,middle_01_l,0.26243125398953754,0.25622186064720154,0.27442371249198916,3
76,middle_01_l,0.2624235103527705,0.26696106791496277,0.27100183367729186,3
41,R_ForeTwist_01,0.26240505774815875,0.24143065512180328,0.3315723925828934,3
50,thumb_01_r,0.26238760352134705,0.25362810492515564,0.2819808661937714,3
46,LCalfTwist_02,0.2622043987115224,0.264458566904068,0.31423214077949524,3
57,spine_02,0.26207998891671497,0.28343820571899414,0.2884601354598999,3
65,LCalfTwist_01,0.2620441714922587,0.2677960991859436,0.268264377117157,3
77,thumb_01_r,0.2620236724615097,0.22776538133621216,0.310450279712677,3
59,thumb_01_r,0.26168333490689594,0.2540213465690613,0.2878881096839905,3
62,RUpArmTwist_l_01,0.2616802168389161,0.36215996742248535,0.36266140937805175,3
66,ring_01_r,0.26166071991125744,0.23492807149887085,0.36668211221694946,3
80,thumb_01_l,0.2615514000256856,0.2950570583343506,0.305988073348999,3
47,middle_01_l,0.2615315665801366,0.2702697813510895,0.3083187162876129,3
84,ring_01_r,0.26149136821428937,0.26847976446151733,0.3277948975563049,3
80,head,0.2614437093337377,0.2518685460090637,0.30346094369888305,3
31,thumb_01_r,0.2613464718063672,0.32833346724510193,0.3303744256496429,3
24,middle_01_l,0.26131827632586163,0.2656591832637787,0.26740760207176206,3
43,ring_01_l,0.2611522177855174,0.2776569426059723,0.28705063462257385,3
34,calf_r,0.2611352602640788,0.14670142531394958,0.4462889850139618,3
7,upperarm_r,0.2607835531234741,0.22432105243206024,0.3357243865728378,3
77,ring_01_r,0.2606709847847621,0.21172045171260834,0.34450013339519503,3
58,thumb_01_l,0.26065538823604584,0.25737667083740234,0.3002065420150757,3
44,RCalfTwist_02,0.2604767630497615,0.2696813941001892,0.27358120679855347,3
14,neck_01,0.2603817880153656,0.27793240547180176,0.35580108165740965,3
54,L_ForeTwist_01,0.26028571526209515,0.19902506470680237,0.3625718176364899,3
55,thumb_01_l,0.2602400581041972,0.2535513937473297,0.2699728786945343,3
28,thumb_01_r,0.2602345248063405,0.3244280517101288,0.35846549868583677,3
74,middle_01_l,0.26012130578358966,0.27019912004470825,0.27568920850753786,3
82,thumb_01_l,0.25996191302935284,0.3047168254852295,0.3067789554595947,3
0,middle_01_l,0.25991101066271466,0.23280799388885498,0.32160091400146484,3
20,middle_01_l,0.25973473489284515,0.2641179859638214,0.2726536333560944,3
46,ring_01_r,0.25968476633230847,0.28807997703552246,0.3021481275558472,3
76,thumb_01_l,0.25964683294296265,0.27225419878959656,0.28188595175743103,3
45,clavicle_l,0.2594267576932907,0.2732619047164917,0.3131984233856201,3
13,thumb_01_l,0.25932006537914276,0.23397482931613922,0.33397479355335236,3
13,thumb_01_r,0.25902102639277774,0.27311456203460693,0.36265149116516116,3
7,neck_01,0.2590167075395584,0.3202592730522156,0.37234739065170286,3
59,thumb_01_l,0.25899220009644824,0.2621458172798157,0.29622291326522826,3
6,thumb_01_r,0.25895338753859204,0.29985690116882324,0.3136491060256958,3
4,LCalfTwist_01,0.2587963789701462,0.25900015234947205,0.28900405764579773,3
37,neck_01,0.2585812931259473,0.31080830097198486,0.34980273246765137,3
48,RUpArmTwist_r_02,0.25837045659621555,0.2756326198577881,0.3709649801254272,3
54,neck_01,0.2582010477781296,0.280167818069458,0.3056782722473145,3
38,RCalfTwist_03,0.2581889033317566,0.26891788840293884,0.3166090428829193,3
39,index_01_r,0.25815482934316,0.22277450561523438,0.3218843936920166,3
85,middle_01_r,0.25809231400489807,0.22627602517604828,0.32730390727519987,3
14,thumb_01_r,0.2578626324733098,0.2783378064632416,0.34105040431022643,3
84,clavicle_l,0.25771843393643695,0.27662238478660583,0.28287226557731626,3
51,R_ForeTwist_01,0.2574940671523412,0.2548663914203644,0.2813839495182037,3
41,middle_01_l,0.25748541951179504,0.30139246582984924,0.31713669896125796,3
61,thumb_01_r,0.25742677847544354,0.24412357807159424,0.2813927173614502,3
73,ring_01_r,0.2573695331811905,0.21131731569766998,0.33766057789325715,3
24,head,0.2572900056838989,0.17487679421901703,0.3943494290113449,3
9,thumb_01_r,0.2572171439727147,0.26921346783638,0.3428507149219513,3
5,ring_01_r,0.2571037958065669,0.2690407931804657,0.3084605872631073,3
17,thumb_01_r,0.25709595282872516,0.31018170714378357,0.3242011725902557,3
40,thumb_01_r,0.25691522657871246,0.299496054649353,0.3049725770950317,3
84,middle_01_r,0.2569122314453125,0.22526513040065765,0.3223731487989426,3
33,middle_01_l,0.25687118868033093,0.24778306484222412,0.2701704502105713,3
62,thumb_01_l,0.25675693651040393,0.27045872807502747,0.29146052002906797,3
1,RUpArmTwist_l_02,0.25660163660844165,0.2564360797405243,0.27513682246208193,3
37,index_01_r,0.2565792550643285,0.22261638939380646,0.333252826333046,3
48,thumb_01_l,0.2565758277972539,0.23162057995796204,0.3119482100009918,3
22,ball_r,0.2564817989865939,0.3566736578941345,0.36459616422653196,3
23,thumb_01_r,0.2564535091320674,0.27772706747055054,0.3463089823722839,3
38,spine_01,0.2563917487859726,0.2600250244140625,0.32930095195770265,3
2,index_01_r,0.2563331723213196,0.21362636983394623,0.3506440848112106,3
55,L_ForeTwist_01,0.2562790463368098,0.20197546482086182,0.35670349597930906,3
45,LCalfTwist_02,0.25627357761065167,0.24285463988780975,0.3499177783727646,3
67,ring_01_r,0.25621364017327625,0.2446213662624359,0.35836135745048525,3
57,clavicle_r,0.256093626221021,0.24867308139801025,0.32126340866088865,3
40,middle_01_l,0.25600650409857434,0.2807677686214447,0.29363123774528505,3
2,lowerarm_r,0.25599273045857746,0.2218203991651535,0.3157200425863266,3
83,ring_01_r,0.25595758855342865,0.23764383792877197,0.3501721382141113,3
43,ring_01_r,0.25585146248340607,0.26626285910606384,0.35759117007255553,3
34,index_01_r,0.2558395167191823,0.2143048346042633,0.33822458386421206,3
71,LCalfTwist_03,0.2558275908231735,0.28348323702812195,0.33802990317344667,3
66,thumb_01_l,0.25572891036669415,0.27947354316711426,0.28034219741821287,3
26,thumb_01_l,0.2556948761145274,0.22328059375286102,0.32000795304775237,3
34,thumb_01_l,0.25553711255391437,0.2110356092453003,0.3318831443786621,3
83,thumb_01_l,0.255509614944458,0.2783193588256836,0.3095062255859375,3
63,LCalfTwist_01,0.25511451562245685,0.25360316038131714,0.2574633240699768,3
16,thumb_01_r,0.25506935516993207,0.2916947603225708,0.3260835886001587,3
25,thumb_01_r,0.25505837549765903,0.2720382809638977,0.3496875882148743,3
26,head,0.2549559970696767,0.19226005673408508,0.359047943353653,3
48,LCalfTwist_01,0.2548382232586543,0.26628750562667847,0.3017111897468567,3
56,thumb_01_l,0.2548308273156484,0.2501928508281708,0.2695391833782196,3
62,spine_01,0.25479041039943695,0.19992606341838837,0.36045700013637544,3
79,ball_l,0.2547559750576814,0.26806774735450745,0.4136040985584259,3
85,RCalfTwist_01,0.25430842737356824,0.21897533535957336,0.3363992750644684,3
80,pinky_01_r,0.2542700444658597,0.2672773003578186,0.3529833912849426,3
78,clavicle_r,0.25415270030498505,0.2665533721446991,0.28202006220817566,3
8,middle_01_l,0.2540976752837499,0.28801286220550537,0.31415553092956544,3
65,thumb_01_l,0.25389862060546875,0.2707436680793762,0.28963063955307006,3
85,thumb_01_l,0.2538627088069916,0.26562631130218506,0.31915743350982667,3
50,R_ForeTwist_01,0.25383445123831433,0.22461506724357605,0.34474794268608094,3
12,index_01_l,0.2537789543469747,0.25844132900238037,0.3174626350402832,3
78,RCalfTwist_03,0.25364722311496735,0.26212388277053833,0.2877193808555603,3
70,thumb_01_l,0.25352494418621063,0.2590295076370239,0.26888141632080076,3
26,thumb_01_r,0.25345033407211304,0.2758406698703766,0.357368403673172,3
39,thumb_01_l,0.25340519348780316,0.21740759909152985,0.32990303337574006,3
42,middle_01_l,0.25336021184921265,0.30145588517189026,0.3035581886768341,3
51,middle_01_l,0.25323977569739026,0.2380903959274292,0.2941443681716919,3
57,thumb_01_l,0.25323447585105896,0.24874156713485718,0.2727246403694153,3
42,RUpArmTwist_l_02,0.25317950050036114,0.23567885160446167,0.280935800075531,3
79,RCalfTwist_03,0.253053476413091,0.24885112047195435,0.28727997541427613,3
8,ring_01_r,0.2530026137828827,0.27298110723495483,0.2816200375556946,3
10,index_01_r,0.2529243528842926,0.19428516924381256,0.34075343906879424,3
83,head,0.252802570660909,0.27997738122940063,0.2862530589103699,3
44,spine_01,0.25279830396175385,0.23467223346233368,0.30607167184352874,3
37,thumb_01_r,0.2527248064676921,0.28615617752075195,0.3172184944152832,3
62,clavicle_l,0.25262027978897095,0.25334805250167847,0.3375501036643982,3
27,middle_01_l,0.2526072710752487,0.25578272342681885,0.27201812267303466,3
63,thumb_01_l,0.25259686013062793,0.2637748122215271,0.2862650990486145,3
70,LCalfTwist_03,0.25258337954680127,0.23900675773620605,0.3656466007232666,3
5,thumb_01_r,0.25245554745197296,0.2927525043487549,0.32294502258300783,3
31,clavicle_r,0.25236693024635315,0.2529476583003998,0.3307667672634125,3
68,ring_01_r,0.2523393779993057,0.22194088995456696,0.3463322430849075,3
30,middle_01_l,0.2523129383722941,0.25403881072998047,0.27158255577087403,3
52,thumb_01_r,0.2522411346435547,0.24743913114070892,0.2705135315656662,3
74,ring_01_r,0.2522102842728297,0.22501590847969055,0.3281842052936554,3
20,thumb_01_l,0.2521973103284836,0.21457098424434662,0.33086375892162323,3
12,RCalfTwist_03,0.25216921667257947,0.22241255640983582,0.33998417258262636,3
52,ball_l,0.25214068094889325,0.27100104093551636,0.30558754205703736,3
67,thumb_01_l,0.25164233644803363,0.2665154039859772,0.276830393075943,3
32,thumb_01_l,0.2516365945339203,0.2150290608406067,0.30419095754623415,3
79,middle_01_l,0.2515766421953837,0.26030707359313965,0.2604032516479492,3
9,RCalfTwist_02,0.251557394862175,0.2393295168876648,0.2694743275642395,3
50,RUpArmTwist_r_02,0.2514721502860387,0.27551814913749695,0.2977373778820038,3
15,thumb_01_r,0.25144536793231964,0.2685498595237732,0.341082775592804,3
75,thumb_01_r,0.2513226419687271,0.22681033611297607,0.29440596103668215,3
84,ball_r,0.2512216120958328,0.2859097719192505,0.28888394832611086,3
8,RUpArmTwist_l_01,0.250771423180898,0.256178081035614,0.302185595035553,3
35,thumb_01_r,0.25066010653972626,0.2900352478027344,0.32259981632232665,3
41,thumb_01_l,0.25064270695050556,0.23905368149280548,0.3495152145624161,3
16,clavicle_l,0.2505948493878047,0.18467627465724945,0.3479161709547043,3
52,L_ForeTwist_01,0.25054406623045605,0.17280147969722748,0.3697860687971115,3
78,middle_01_l,0.2505328406890233,0.2542431354522705,0.27564780712127684,3
43,thumb_01_r,0.25046266118685406,0.24431923031806946,0.31548569798469545,3
71,thumb_01_l,0.2503903756539027,0.246932715177536,0.26239721179008485,3
64,RUpArmTwist_l_02,0.25022552410761517,0.271905779838562,0.3471760034561157,3
32,middle_01_l,0.2502053330341975,0.24748171865940094,0.2758623868227005,3
27,thumb_01_r,0.25011396904786426,0.2932950258255005,0.35063753128051756,3
61,LCalfTwist_01,0.24985691408316293,0.2281033992767334,0.28726892471313475,3
50,pinky_01_r,0.24980537593364716,0.28481975197792053,0.3274350702762604,3
64,thumb_01_l,0.249788964788119,0.26476535201072693,0.2734121739864349,3
29,R_ForeTwist_01,0.24974455932776132,0.21981161832809448,0.3376848340034485,3
2,middle_01_l,0.24967421094576517,0.3056194484233856,0.3090243756771088,3
82,RCalfTwist_03,0.24966896573702493,0.2408626228570938,0.31919110119342803,3
49,RUpArmTwist_l_02,0.24955765902996063,0.2872832119464874,0.2896619617938995,3
58,thumb_01_r,0.24952205022176108,0.23644791543483734,0.2774492472410202,3
43,spine_01,0.24942558507124582,0.16664297878742218,0.3675549179315567,3
61,thumb_01_l,0.24941695233186087,0.25136426091194153,0.26376538872718813,3
42,ring_01_l,0.2492229292790095,0.24452248215675354,0.2609751999378204,3
76,ring_01_r,0.24902080992857614,0.22040143609046936,0.3267470896244049,3
57,thumb_01_r,0.24896453817685446,0.243242084980011,0.2762945771217346,3
16,thumb_01_l,0.24886894722779593,0.1881328970193863,0.3402870684862137,3
56,thumb_01_r,0.2488096058368683,0.24055707454681396,0.279464864730835,3
71,RUpArmTwist_r_02,0.24869880080223083,0.2661334276199341,0.3291172504425049,3
20,thumb_01_r,0.24868381023406982,0.2917693853378296,0.32446441650390623,3
53,LCalfTwist_01,0.24867493410905203,0.26027676463127136,0.29798621535301206,3
18,middle_01_l,0.24867240091164908,0.26306578516960144,0.26807095408439635,3
69,ring_01_r,0.24865825474262238,0.20806314051151276,0.33940975964069364,3
41,index_01_r,0.24860886732737222,0.20304709672927856,0.3506180167198181,3
18,ball_r,0.24860470990339914,0.28782370686531067,0.31260536313056947,3
82,pinky_01_r,0.24852041900157928,0.30726170539855957,0.3315148115158081,3
18,thumb_01_r,0.24852015574773154,0.31441614031791687,0.3194699943065643,3
72,ring_01_r,0.24828914304574332,0.23886649310588837,0.33409846723079684,3
37,RCalfTwist_03,0.24820802609125772,0.24988575279712677,0.26376892626285553,3
71,LCalfTwist_02,0.2481632580359777,0.24741709232330322,0.2849049806594849,3
37,thumb_01_l,0.24811822175979614,0.18736322224140167,0.33554898798465727,3
35,middle_01_l,0.24799351890881857,0.2513186037540436,0.26250842213630676,3
15,index_01_r,0.24799216290314993,0.21398328244686127,0.32415299117565155,3
21,middle_01_l,0.24790148933728537,0.2625497281551361,0.26739038825035094,3
69,thumb_01_l,0.2478426992893219,0.25652581453323364,0.25961679220199585,3
2,R_ForeTwist_01,0.2477802336215973,0.267678439617157,0.3028991103172302,3
0,index_01_l,0.24761528770128885,0.24664978682994843,0.258360156416893,3
32,RCalfTwist_03,0.24758732815583548,0.22954075038433075,0.28570300042629243,3
10,pinky_01_r,0.24751843015352884,0.21491886675357819,0.3490807324647903,3
55,thumb_01_r,0.24750603238741556,0.24337829649448395,0.2763738423585892,3
78,R_ForeTwist_01,0.24739998082319895,0.22471830248832703,0.34265701174736024,3
49,R_ForeTwist_01,0.2473886956771215,0.1671258509159088,0.3605809032917023,3
20,ball_r,0.24736186365286508,0.329073429107666,0.3434635877609253,3
34,middle_01_l,0.24731473624706268,0.2633611857891083,0.27924723029136655,3
13,index_01_r,0.24714343746503195,0.20263870060443878,0.34609300196170806,3
82,ball_r,0.24687825640042624,0.19337983429431915,0.3761401563882828,3
3,middle_01_l,0.24683659275372824,0.276249498128891,0.2953723847866058,3
49,RUpArmTwist_l_01,0.24678713579972586,0.17974337935447693,0.34676305651664735,3
44,upperarm_r,0.2467581828435262,0.24814656376838684,0.30238948464393617,3
52,LCalfTwist_01,0.24668323000272116,0.24708035588264465,0.29602678418159484,3
14,index_01_r,0.2466343492269516,0.2152419090270996,0.3336353302001953,3
28,clavicle_r,0.24655407667160034,0.2620292603969574,0.2990879476070404,3
55,clavicle_r,0.24625711143016815,0.26488250494003296,0.291006600856781,3
70,ring_01_r,0.24624604980150858,0.23550668358802795,0.3384282648563385,3
68,thumb_01_l,0.2461840013662974,0.25917816162109375,0.2592665910720825,3
21,thumb_01_r,0.24606682360172272,0.29279857873916626,0.32663239240646363,3
85,pinky_01_r,0.24603228022654852,0.2962850332260132,0.3335904598236084,3
53,RUpArmTwist_l_02,0.24602768818537393,0.2825199067592621,0.3129184186458588,3
15,neck_01,0.24568371971448263,0.2146090567111969,0.3256475985050201,3
12,R_ForeTwist_02,0.2456731249888738,0.20955362915992737,0.3201343357563019,3
33,thumb_01_r,0.24542599419752756,0.28610754013061523,0.3107897281646729,3
32,thumb_01_r,0.24539430439472198,0.290739506483078,0.3189713418483734,3
33,LCalfTwist_03,0.2452533890803655,0.20586656033992767,0.3019882172346115,3
37,LCalfTwist_03,0.24511286119620004,0.22635455429553986,0.3306037336587906,3
41,thumb_01_r,0.24478244284788767,0.27114778757095337,0.2991641402244568,3
42,thumb_01_r,0.24472994605700174,0.2503955662250519,0.30561609864234923,3
4,thumb_01_r,0.24457832177480063,0.2795636057853699,0.28843504190444946,3
77,R_ForeTwist_01,0.2445052315791448,0.2140733301639557,0.32055123448371886,3
13,RCalfTwist_01,0.24446424345175424,0.19673433899879456,0.3171528160572052,3
7,ring_01_r,0.24442551533381143,0.27849283814430237,0.2962631285190582,3
15,LCalfTwist_01,0.2443059633175532,0.2247091382741928,0.33105063140392305,3
71,ring_01_r,0.24430316189924875,0.20605438947677612,0.3273822426795959,3
6,head,0.24429470052321753,0.22883662581443787,0.356489485502243,3
81,pinky_01_r,0.2441533903280894,0.29216209053993225,0.32647050023078916,3
72,spine_01,0.2440534234046936,0.26128700375556946,0.28329206109046934,3
53,L_ForeTwist_01,0.24397045870622,0.1642206609249115,0.35579487681388855,3
17,thumb_01_l,0.24389003217220306,0.2000425010919571,0.340147665143013,3
11,middle_01_l,0.2438159634669622,0.2553713321685791,0.2721306562423706,3
54,thumb_01_r,0.24379111329714456,0.2454369068145752,0.269005274772644,3
16,middle_01_l,0.24371265371640524,0.25794506072998047,0.26788179874420165,3
80,middle_01_l,0.24345111846923828,0.2515403926372528,0.258974426984787,3
69,LCalfTwist_01,0.24343850215276083,0.24750831723213196,0.272611004114151,3
10,clavicle_l,0.24331222474575043,0.22222116589546204,0.31607640385627744,3
79,clavicle_l,0.24328669408957163,0.20392335951328278,0.31620548069477084,3
5,RCalfTwist_03,0.24323424200216928,0.25452032685279846,0.31130853295326233,3
37,RCalfTwist_01,0.2431545207897822,0.2335418313741684,0.29245502650737765,3
83,calf_l,0.2430995305379232,0.2159387469291687,0.3097504734992981,3
60,index_01_l,0.2430858165025711,0.20472048223018646,0.3298484295606613,3
1,neck_01,0.24303383628527322,0.2098241150379181,0.2900311052799225,3
28,middle_01_l,0.24282222986221313,0.23270326852798462,0.26052318811416625,3
5,index_01_l,0.24281080067157745,0.2619340121746063,0.29841107726097105,3
66,calf_r,0.2425968050956726,0.2660166323184967,0.2744454205036163,3
82,ball_l,0.24253098666667938,0.283277302980423,0.2949563801288605,3
9,RUpArmTwist_r_02,0.24248850345611572,0.24199938774108887,0.3298689365386963,3
22,thumb_01_r,0.2424499342838923,0.27683353424072266,0.32370743751525877,3
49,middle_01_l,0.24244062105814615,0.23488108813762665,0.3040764182806015,3
47,upperarm_r,0.24219312767187753,0.25361257791519165,0.28942581415176394,3
52,RUpArmTwist_r_02,0.24210305511951447,0.2263258993625641,0.33195605874061584,3
50,hand_l,0.24198076128959656,0.286388635635376,0.29766557216644285,3
47,index_01_l,0.24188521007696787,0.2444215714931488,0.3217317044734955,3
15,middle_01_l,0.24181654552618662,0.2637787461280823,0.26496506929397584,3
13,R_ForeTwist_01,0.2417847861846288,0.25077810883522034,0.31375821232795714,3
50,middle_01_l,0.241752823193868,0.22727584838867188,0.2889196157455444,3
42,LCalfTwist_03,0.24158780773480734,0.2672240436077118,0.2881001174449921,3
0,thumb_01_r,0.24154970049858093,0.22692091763019562,0.2861288696527481,3
35,thumb_01_l,0.24148493011792502,0.21754761040210724,0.3159175306558609,3
16,ball_r,0.24148372809092203,0.2112632691860199,0.3184025943279266,3
57,L_ForeTwist_01,0.2414404551188151,0.21217486262321472,0.309076064825058,3
17,middle_01_l,0.24137450754642487,0.2579782009124756,0.25809388160705565,3
30,thumb_01_r,0.24117697775363922,0.30348920822143555,0.32049102783203126,3
84,pinky_01_r,0.24115989357233047,0.3198302984237671,0.3274693489074707,3
51,ball_l,0.24099782605965933,0.24811162054538727,0.26788468658924103,3
65,clavicle_l,0.2407873421907425,0.17529717087745667,0.39766014218330387,3
34,thumb_01_r,0.24038498103618622,0.27042505145072937,0.3036451995372772,3
3,pinky_01_r,0.24037978053092957,0.2815087139606476,0.34926334023475647,3
65,RCalfTwist_02,0.2403709590435028,0.20486824214458466,0.29131952226161956,3
33,thumb_01_l,0.24018235504627228,0.21699552237987518,0.3009264558553696,3
46,head,0.2400800734758377,0.2405301034450531,0.296523779630661,3
48,middle_01_l,0.2396213412284851,0.2481379210948944,0.3026078402996063,3
28,R_ForeTwist_01,0.23952323198318481,0.22955717146396637,0.31405132114887235,3
21,thumb_01_l,0.2395161290963491,0.2155035138130188,0.3330743908882141,3
20,R_ForeTwist_01,0.23948888977368674,0.22658878564834595,0.31906222105026244,3
55,RUpArmTwist_r_02,0.23942947387695312,0.19604536890983582,0.3191291749477386,3
24,R_ForeTwist_01,0.23938539624214172,0.19781754910945892,0.3237740248441696,3
19,thumb_01_r,0.2390723799665769,0.2847965657711029,0.31825446486473086,3
83,pinky_01_r,0.238998144865036,0.302874356508255,0.3241089642047882,3
8,neck_01,0.23897487421830496,0.23359185457229614,0.2677474856376648,3
15,RCalfTwist_02,0.23868098358313242,0.2330697774887085,0.2621978759765625,3
48,index_01_l,0.23838174839814505,0.2801375985145569,0.29073022603988646,3
8,RCalfTwist_01,0.23825389643510184,0.260845810174942,0.29069059491157534,3
7,index_01_l,0.23815913001696268,0.23817963898181915,0.2876608997583389,3
83,ball_l,0.23815048237641653,0.28389212489128113,0.2871371448040009,3
27,index_01_l,0.23808818062146506,0.2064303755760193,0.29630242586135863,3
60,ball_r,0.2376774698495865,0.23731569945812225,0.3041518539190292,3
57,R_ForeTwist_01,0.2376257727543513,0.2062719613313675,0.2848361641168594,3
40,thumb_01_l,0.23756247262159982,0.2010648101568222,0.3190940827131271,3
4,calf_r,0.2375356207291285,0.21007874608039856,0.30661502480506897,3
31,middle_01_l,0.23752387861410776,0.24132299423217773,0.24665011167526246,3
75,L_ForeTwist_01,0.23740633328755698,0.19660356640815735,0.31829691529273985,3
36,thumb_01_l,0.23702391485373178,0.20733307301998138,0.3134853333234787,3
18,RUpArmTwist_l_01,0.23702004924416542,0.22749513387680054,0.38513103723526,3
12,thumb_01_l,0.2368392546971639,0.21128277480602264,0.3576253980398178,3
7,LCalfTwist_02,0.23638314505418143,0.26680508255958557,0.28313117623329165,3
73,index_01_l,0.23631530006726584,0.2282375991344452,0.2880567729473114,3
81,RUpArmTwist_l_01,0.23627188801765442,0.3066358268260956,0.32103161215782167,3
51,thumb_01_r,0.23550772666931152,0.24840185046195984,0.25513429045677183,3
23,thumb_01_l,0.23510623474915823,0.21931859850883484,0.3191567361354828,3
49,ring_01_r,0.23508084813753763,0.18479986488819122,0.33026088774204254,3
74,LCalfTwist_03,0.23487982402245203,0.2829604148864746,0.2988185167312622,3
72,index_01_l,0.23483692109584808,0.24741587042808533,0.27560524344444276,3
85,RUpArmTwist_l_02,0.2347861627737681,0.23297791182994843,0.3111498922109604,3
2,index_01_l,0.2347856511672338,0.23445113003253937,0.24865621626377105,3
8,RCalfTwist_02,0.23468753198782602,0.2730333209037781,0.28106404542922975,3
11,pinky_01_r,0.23424221078554788,0.20554791390895844,0.3153112858533859,3
38,middle_01_l,0.23424157996972403,0.24263174831867218,0.2456175833940506,3
4,RUpArmTwist_r_02,0.2342206041018168,0.1708340048789978,0.3269612669944763,3
26,ball_r,0.2342161883910497,0.2873484492301941,0.2892814040184021,3
29,middle_01_l,0.23401462535063425,0.23535972833633423,0.24446691274642945,3
29,ball_r,0.23391837378342947,0.213396817445755,0.2835917294025421,3
61,L_ForeTwist_01,0.23381827771663666,0.200630322098732,0.30983591377735137,3
82,head,0.2334924985965093,0.2357683628797531,0.243637153506279,3
14,clavicle_r,0.2334703654050827,0.23802243173122406,0.290087553858757,3
66,RCalfTwist_03,0.23326362669467926,0.2109251767396927,0.27325123846530913,3
19,index_01_l,0.2332589328289032,0.22358132898807526,0.27574050724506377,3
58,L_ForeTwist_01,0.23324745893478394,0.19770699739456177,0.3089213013648987,3
6,index_01_l,0.23313831786314645,0.26953133940696716,0.2917113721370697,3
48,clavicle_l,0.23311980565388998,0.18856610357761383,0.37685406506061553,3
51,L_ForeTwist_01,0.23307731250921884,0.15473096072673798,0.3484493583440781,3
36,middle_01_l,0.23303567866484323,0.23917315900325775,0.24849240481853485,3
39,middle_01_l,0.23286476731300354,0.24220022559165955,0.26451908946037295,3
12,Bip001,0.2326734314362208,0.27557703852653503,0.28666037917137144,3
43,middle_01_l,0.23245052993297577,0.2623288929462433,0.27451258301734927,3
35,clavicle_r,0.23230557640393576,0.25046828389167786,0.2857728064060211,3
70,RCalfTwist_01,0.23213369647661844,0.27573955059051514,0.28070430755615233,3
17,R_ForeTwist_01,0.23180396358172098,0.22462280094623566,0.3026644617319107,3
53,RUpArmTwist_r_02,0.23169073462486267,0.21704912185668945,0.31917557716369627,3
62,ball_r,0.231146273513635,0.27648431062698364,0.29678202867507936,3
4,RUpArmTwist_l_01,0.23111875355243683,0.1662779450416565,0.32629541158676145,3
10,R_ForeTwist_01,0.23105148474375406,0.21735139191150665,0.2977717310190201,3
4,index_01_l,0.2310173213481903,0.26677772402763367,0.2859306037425995,3
52,index_01_l,0.2309981087843577,0.2306768298149109,0.2555641770362854,3
53,index_01_l,0.23092464109261832,0.25118252635002136,0.25931689143180847,3
66,RUpArmTwist_r_02,0.230900377035141,0.23601973056793213,0.2885772943496704,3
29,thumb_01_l,0.23081868886947632,0.23508265614509583,0.2994986832141876,3
14,middle_01_l,0.23076243698596954,0.24356795847415924,0.2551667243242264,3
33,RUpArmTwist_r_02,0.2306868632634481,0.20541469752788544,0.3189768403768539,3
54,index_01_l,0.2304550607999166,0.24212345480918884,0.2596137702465057,3
48,head,0.2304018884897232,0.20647180080413818,0.36819589138031006,3
70,index_01_l,0.23032941420873007,0.25141292810440063,0.2658695101737976,3
73,L_ForeTwist_01,0.23002676665782928,0.22871433198451996,0.2702456921339035,3
65,RCalfTwist_01,0.2299286276102066,0.24711112678050995,0.3214213937520981,3
77,L_ForeTwist_01,0.22992494205633798,0.18113957345485687,0.3203776329755783,3
6,LCalfTwist_02,0.22987864911556244,0.2119414061307907,0.26022349298000336,3
75,RUpArmTwist_r_02,0.22975957890351614,0.26959460973739624,0.29983068704605104,3
37,middle_01_l,0.2295643538236618,0.25407809019088745,0.2621613144874573,3
46,LCalfTwist_01,0.2294111450513204,0.2606247067451477,0.2813005566596985,3
78,head,0.229391540090243,0.2112508863210678,0.291789647936821,3
51,index_01_l,0.22937471171220145,0.21841463446617126,0.2507445991039276,3
29,LCalfTwist_03,0.22933823863665262,0.2412109673023224,0.2710886299610138,3
56,RUpArmTwist_l_02,0.22929284473260245,0.22650286555290222,0.2916902720928192,3
82,RUpArmTwist_l_01,0.22919136037429175,0.31956738233566284,0.32286635637283323,3
43,index_01_l,0.22904010117053986,0.21696439385414124,0.25172865986824033,3
74,index_01_l,0.22899697721004486,0.2242201417684555,0.2793577641248703,3
9,RCalfTwist_01,0.22889935473601022,0.2522448003292084,0.26785153746604917,3
71,index_01_l,0.22888272007306418,0.24339041113853455,0.2698902070522308,3
56,index_01_l,0.2288235823313395,0.2284693568944931,0.2619708746671677,3
5,clavicle_l,0.2286940117677053,0.1729619801044464,0.3119477093219757,3
24,thumb_01_l,0.22867966443300247,0.23161086440086365,0.3131479680538177,3
38,thumb_01_l,0.22866279383500418,0.19074054062366486,0.29625352919101716,3
59,L_ForeTwist_01,0.22857302923997244,0.18821237981319427,0.30889160335063937,3
69,index_01_l,0.22850003838539124,0.2446160763502121,0.25900906026363374,3
55,LCalfTwist_02,0.22844442228476206,0.1891435831785202,0.294480499625206,3
38,RUpArmTwist_r_02,0.2283616065979004,0.1864635944366455,0.2929994583129883,3
31,thumb_01_l,0.22826458513736725,0.21521645784378052,0.2904889941215515,3
23,LCalfTwist_01,0.22823393841584524,0.2388160228729248,0.28896150588989256,3
71,ball_l,0.22798235217730203,0.22424818575382233,0.2792582303285599,3
71,RCalfTwist_01,0.22782762348651886,0.26615509390830994,0.27853729128837584,3
43,R_ForeTwist_01,0.22781366109848022,0.16722452640533447,0.3143243551254272,3
76,index_01_l,0.22779173652331033,0.22876793146133423,0.27525264024734497,3
44,LCalfTwist_01,0.22772476077079773,0.17457418143749237,0.3130391925573349,3
25,index_01_l,0.2276303768157959,0.2000771164894104,0.2711966633796692,3
12,spine_01,0.22755543887615204,0.24272632598876953,0.3109445571899414,3
84,RCalfTwist_03,0.227463036775589,0.21835042536258698,0.25410747826099395,3
39,LCalfTwist_02,0.22738668819268545,0.18369148671627045,0.29484669864177704,3
46,index_01_l,0.22735106448332468,0.22161121666431427,0.3017214447259903,3
34,neck_01,0.22725582122802734,0.22644858062267303,0.29784692227840426,3
78,index_01_l,0.2272032747666041,0.22702892124652863,0.2913801819086075,3
42,LCalfTwist_02,0.22715986768404642,0.20552150905132294,0.36786688268184664,3
58,index_01_l,0.22705927987893423,0.22317758202552795,0.274570494890213,3
74,L_ForeTwist_01,0.22667044897874197,0.2373546063899994,0.2538172423839569,3
60,RCalfTwist_01,0.22664800410469374,0.255638062953949,0.34981690645217894,3
38,R_ForeTwist_01,0.22660678128401437,0.18318088352680206,0.3114889770746231,3
57,index_01_l,0.22642801205317178,0.22891846299171448,0.2669371426105499,3
41,LCalfTwist_01,0.22638978560765585,0.19484803080558777,0.3412443339824677,3
68,index_01_l,0.22621052463849387,0.2460482269525528,0.25552749931812285,3
25,ball_r,0.22606906294822693,0.285124808549881,0.2961674749851227,3
24,LCalfTwist_02,0.2260521004597346,0.2263835221529007,0.2936910539865494,3
11,thumb_01_l,0.2259738196929296,0.2166648507118225,0.2961412787437439,3
36,RCalfTwist_03,0.2258355071147283,0.21764607727527618,0.2373642712831497,3
9,clavicle_l,0.22581647336483002,0.20513498783111572,0.3398308753967285,3
2,RUpArmTwist_l_02,0.22571858763694763,0.17476272583007812,0.31179745197296144,3
81,R_ForeTwist_01,0.22560817003250122,0.19651451706886292,0.30393951535224917,3
60,RCalfTwist_02,0.22559327632188797,0.21443143486976624,0.32505767941474917,3
47,ring_01_r,0.22556282579898834,0.24578534066677094,0.25406593978405,3
56,ball_l,0.22554413974285126,0.24720896780490875,0.2617805749177933,3
13,RCalfTwist_02,0.22541896005471548,0.24122963845729828,0.24335771501064302,3
76,L_ForeTwist_01,0.2253632644812266,0.1911267638206482,0.29002584218978883,3
1,thumb_01_r,0.22533947229385376,0.2034492790699005,0.2700845777988434,3
78,LCalfTwist_02,0.22532525658607483,0.19651761651039124,0.2701195776462555,3
34,index_01_l,0.22524340450763702,0.23471038043498993,0.2644181579351425,3
67,index_01_l,0.22512508432070413,0.2472594678401947,0.25864962935447694,3
57,RCalfTwist_02,0.22504542271296182,0.24177229404449463,0.24309133291244506,3
51,clavicle_r,0.2250251273314158,0.24306492507457733,0.31360467374324796,3
65,head,0.2249340613683065,0.22849984467029572,0.2928958564996719,3
81,middle_01_l,0.22492931286493936,0.2416154146194458,0.2485109567642212,3
48,R_ForeTwist_01,0.22489490608374277,0.13887929916381836,0.35035698413848876,3
63,calf_r,0.2247727190454801,0.24135522544384003,0.3151125282049179,3
26,index_01_l,0.22466175258159637,0.19802318513393402,0.2733361452817917,3
49,index_01_l,0.22464247544606528,0.2624468207359314,0.2654652714729309,3
75,RCalfTwist_02,0.22461864352226257,0.2298227697610855,0.25247412025928495,3
22,LCalfTwist_01,0.22454399367173514,0.22467830777168274,0.29276769757270815,3
13,middle_01_l,0.22448972860972086,0.23711785674095154,0.2437477171421051,3
55,index_01_l,0.224241574605306,0.23489965498447418,0.25569291412830353,3
19,RUpArmTwist_l_02,0.22405553112427393,0.27929410338401794,0.2901624858379364,3
37,R_ForeTwist_01,0.2239279846350352,0.21231873333454132,0.30657316744327545,3
66,index_01_l,0.22382809221744537,0.2420063614845276,0.26091369390487673,3
17,calf_r,0.22382516165574393,0.17730487883090973,0.2916196137666702,3
45,pinky_01_r,0.223408163835605,0.20170004665851593,0.3840590864419937,3
44,pinky_01_r,0.2233865112066269,0.22680307924747467,0.33717565834522245,3
42,clavicle_r,0.22327571113904318,0.16205638647079468,0.3096228003501892,3
35,LCalfTwist_03,0.2232626105348269,0.21063539385795593,0.3209857165813446,3
42,LCalfTwist_01,0.22322601079940796,0.18297632038593292,0.30007144510746003,3
59,index_01_l,0.22320992251237234,0.21742135286331177,0.2713802933692932,3
79,R_ForeTwist_01,0.22316455841064453,0.19883672893047333,0.3059378951787949,3
56,R_ForeTwist_01,0.22314552466074625,0.19888992607593536,0.26407183706760406,3
85,LCalfTwist_01,0.22295820713043213,0.23109516501426697,0.25579342246055603,3
6,spine_01,0.22289547820885977,0.16785380244255066,0.32647261023521423,3
42,RCalfTwist_03,0.22289102027813593,0.16636939346790314,0.34813643991947174,3
19,R_ForeTwist_01,0.22277871270974478,0.22864973545074463,0.29444165229797364,3
9,thumb_01_l,0.2227362096309662,0.23137450218200684,0.23935935497283936,3
36,LCalfTwist_03,0.22270138561725616,0.19053612649440765,0.3163023442029953,3
25,RUpArmTwist_r_02,0.22251620888710022,0.1558552086353302,0.33800786137580874,3
11,index_01_r,0.22247750063737234,0.20840604603290558,0.29167071878910067,3
10,RCalfTwist_03,0.22206403811772665,0.22843652963638306,0.2673839688301086,3
75,index_01_l,0.22202912469704947,0.214851513504982,0.26710777580738065,3
28,index_01_l,0.2220189223686854,0.19053511321544647,0.2826519340276718,3
54,ball_l,0.22195570667584738,0.227937713265419,0.25682089626789095,3
73,RUpArmTwist_r_02,0.2216325377424558,0.2769339680671692,0.28400999307632446,3
29,RCalfTwist_01,0.22144708037376404,0.22604762017726898,0.27937590777873994,3
10,thumb_01_l,0.22131850322087607,0.2564980983734131,0.25705599784851074,3
65,index_01_l,0.22123863299687704,0.22492726147174835,0.262552347779274,3
24,clavicle_r,0.2209574580192566,0.2557041645050049,0.2570255517959595,3
63,clavicle_r,0.2208679517110189,0.23997849225997925,0.28091553449630735,3
37,index_01_l,0.22064450879891714,0.1992967426776886,0.2674779713153839,3
2,thumb_01_r,0.22010629375775656,0.21958817541599274,0.2731750518083572,3
20,spine_02,0.22003093858559927,0.18413326144218445,0.31400780081748964,3
32,RUpArmTwist_l_02,0.21999025344848633,0.24152898788452148,0.24620798826217652,3
56,LCalfTwist_02,0.21977636714776358,0.186959907412529,0.2829202741384506,3
62,index_01_l,0.21972429752349854,0.22274965047836304,0.26144243478775026,3
21,index_01_l,0.2196948379278183,0.19171370565891266,0.26655586063861847,3
27,ball_r,0.21966511011123657,0.27430108189582825,0.29688101410865786,3
43,ball_r,0.2195477286974589,0.21744585037231445,0.2867295503616333,3
84,index_01_l,0.2195278157790502,0.21895849704742432,0.24650514125823975,3
75,RCalfTwist_01,0.2193840170900027,0.27747535705566406,0.2801229238510132,3
36,head,0.21911956121524176,0.19684471189975739,0.3665345460176468,3
40,LCalfTwist_01,0.21908056984345117,0.21438060700893402,0.3220945566892624,3
74,ball_l,0.21896074215571085,0.2038499116897583,0.29619760513305665,3
8,index_01_l,0.21892822782198587,0.17871475219726562,0.27651960849761964,3
47,LCalfTwist_02,0.21869121243556341,0.173642098903656,0.3210063576698303,3
69,ball_l,0.21869107087453207,0.22160200774669647,0.22547875344753265,3
77,index_01_l,0.21857434014479318,0.22327446937561035,0.2668520450592041,3
81,head,0.21850151320298514,0.18125513195991516,0.29424570202827455,3
63,index_01_l,0.21843011180559793,0.224535271525383,0.25589669644832613,3
48,ring_01_r,0.2184074024359385,0.18378034234046936,0.2927434504032135,3
20,index_01_l,0.21835957964261374,0.19338148832321167,0.2620975375175476,3
50,index_01_l,0.217803622285525,0.22098274528980255,0.2403442770242691,3
61,RUpArmTwist_l_02,0.21766460438569388,0.21011443436145782,0.3303532749414444,3
64,index_01_l,0.21734918157259622,0.22760960459709167,0.25522090792655944,3
22,spine_02,0.2173106571038564,0.17451833188533783,0.31186234652996064,3
55,clavicle_l,0.21721736093362173,0.24949142336845398,0.2766730964183807,3
41,LCalfTwist_02,0.21701881289482117,0.18662847578525543,0.34489190876483916,3
84,middle_01_l,0.21699569125970206,0.2186589390039444,0.24988501369953156,3
10,calf_r,0.2169735406835874,0.19200162589550018,0.3062213271856308,3
45,middle_01_l,0.2168207367261251,0.2136775106191635,0.22440743148326875,3
75,RUpArmTwist_l_01,0.21652082602183023,0.1836341917514801,0.29300721287727355,3
42,index_01_l,0.21624781688054404,0.223138689994812,0.23850767612457274,3
61,index_01_l,0.2162227431933085,0.21695610880851746,0.2532545506954193,3
7,RCalfTwist_03,0.21621534725030264,0.2269907146692276,0.2782802373170853,3
18,LCalfTwist_03,0.21568835775057474,0.18220151960849762,0.2928630143404007,3
43,clavicle_r,0.21543066451946893,0.2597649097442627,0.2628887176513672,3
29,RCalfTwist_03,0.21530352532863617,0.21818962693214417,0.23510921597480774,3
4,middle_01_l,0.2152848740418752,0.2103266417980194,0.2551196277141571,3
26,LCalfTwist_03,0.2150031179189682,0.202938973903656,0.27665003538131716,3
22,index_01_l,0.2149385909239451,0.22871483862400055,0.24086391031742097,3
12,RCalfTwist_02,0.21464785188436508,0.2634989619255066,0.26394068002700805,3
44,LCalfTwist_02,0.2145213484764099,0.20618578791618347,0.26539515852928164,3
31,LCalfTwist_01,0.21435216069221497,0.21564503014087677,0.25415224134922026,3
56,clavicle_l,0.21417295932769775,0.24751274287700653,0.2565115302801132,3
56,RUpArmTwist_r_02,0.21391825874646506,0.21672770380973816,0.22018863558769225,3
3,index_01_l,0.2136613428592682,0.21957217156887054,0.2581644743680954,3
41,RCalfTwist_03,0.21360340217749277,0.16692861914634705,0.2896474301815033,3
82,clavicle_r,0.2135730634133021,0.22644102573394775,0.2362106680870056,3
47,RCalfTwist_03,0.21349393824736276,0.18817941844463348,0.2611935943365097,3
1,clavicle_l,0.2133980393409729,0.22035978734493256,0.27006709277629853,3
17,clavicle_r,0.2133346994717916,0.2293788343667984,0.23660525381565095,3
23,index_01_l,0.21300220489501953,0.19101615250110626,0.25785750448703765,3
16,LCalfTwist_03,0.21255976955095926,0.2352258712053299,0.23732475340366363,3
36,index_01_l,0.2125577082236608,0.18144060671329498,0.26773433983325956,3
79,index_01_l,0.21243325372536978,0.23625120520591736,0.2608164012432098,3
21,calf_r,0.21233623723189035,0.1611780971288681,0.29987349212169645,3
83,middle_01_l,0.21220257878303528,0.23152318596839905,0.2498568117618561,3
56,head,0.21213710804780325,0.17454028129577637,0.29167327880859373,3
12,calf_r,0.21184437970320383,0.19288484752178192,0.3238229602575302,3
3,thumb_01_r,0.2116749236981074,0.16401365399360657,0.2800101101398468,3
71,L_ForeTwist_01,0.21163794895013174,0.22236254811286926,0.2365849196910858,3
0,ring_01_r,0.2115244766076406,0.23768562078475952,0.25740445852279664,3
53,RCalfTwist_01,0.2114890217781067,0.20548605918884277,0.2572209596633911,3
30,index_01_l,0.21146820982297262,0.2000075727701187,0.2498801976442337,3
44,index_01_l,0.21101808547973633,0.1760524958372116,0.272980198264122,3
54,RCalfTwist_03,0.2108333557844162,0.28005799651145935,0.28851141333580016,3
85,RUpArmTwist_r_02,0.2103275159994761,0.2189870923757553,0.24939951598644255,3
63,ball_r,0.2102197458346685,0.19558601081371307,0.32177201211452483,3
82,middle_01_l,0.21020796398321787,0.22834619879722595,0.23426702618598938,3
9,R_ForeTwist_01,0.21020196378231049,0.18772374093532562,0.2753981798887253,3
24,RUpArmTwist_r_02,0.2100941762328148,0.16635917127132416,0.3133541077375412,3
2,RCalfTwist_01,0.20977905144294104,0.18932314217090607,0.29813102781772616,3
18,index_01_l,0.20955092211564383,0.2072695642709732,0.24523396790027618,3
85,middle_01_l,0.20949998994668326,0.21947412192821503,0.2436976045370102,3
20,RCalfTwist_03,0.20945877333482107,0.19124259054660797,0.25480559170246125,3
14,R_ForeTwist_01,0.20942705372969309,0.1887407749891281,0.2692229121923447,3
35,index_01_l,0.20936845242977142,0.18895511329174042,0.24960506856441497,3
64,RUpArmTwist_l_01,0.2091186692317327,0.17753291130065918,0.3183471202850342,3
7,head,0.20905674993991852,0.18023018538951874,0.27079645097255706,3
13,index_01_l,0.2090033839146296,0.1756279319524765,0.2695868223905563,3
5,LCalfTwist_01,0.20887942612171173,0.1912362277507782,0.25678598284721377,3
2,LCalfTwist_02,0.2087321231762568,0.1839626431465149,0.26851550340652464,3
15,R_ForeTwist_01,0.2080463320016861,0.20817142724990845,0.2490268111228943,3
81,clavicle_l,0.20804615318775177,0.15290947258472443,0.2938839107751846,3
0,L_ForeTwist_01,0.20783251027266184,0.23043860495090485,0.25215220749378203,3
84,RCalfTwist_01,0.2077807386716207,0.1835697740316391,0.286134073138237,3
78,L_ForeTwist_01,0.20767614742120108,0.14153771102428436,0.3201384633779526,3
75,LCalfTwist_02,0.20756158232688904,0.2381659746170044,0.26616291999816893,3
72,L_ForeTwist_01,0.2074864705403646,0.19649097323417664,0.2681473672389984,3
32,RCalfTwist_01,0.20743239919344583,0.2114853709936142,0.26054637134075165,3
21,R_ForeTwist_01,0.2073185294866562,0.18075640499591827,0.28569590151309965,3
50,lowerarm_r,0.20729142427444458,0.16603970527648926,0.27005667686462403,3
39,index_01_l,0.2070835828781128,0.17318743467330933,0.2607571482658386,3
69,L_ForeTwist_01,0.20686585704485574,0.18434256315231323,0.25962833166122434,3
75,ball_l,0.2068416972955068,0.16156011819839478,0.29071429967880247,3
12,RUpArmTwist_l_02,0.20676898956298828,0.16201834380626678,0.3441590875387192,3
83,RUpArmTwist_l_02,0.2065540999174118,0.23938007652759552,0.25619427263736727,3
5,middle_01_l,0.20629288256168365,0.20291216671466827,0.2130657583475113,3
85,index_01_l,0.2062504142522812,0.220915287733078,0.23271269202232361,3
60,LCalfTwist_03,0.2061890885233879,0.23135046660900116,0.2902134507894516,3
23,clavicle_l,0.2061772346496582,0.21152330935001373,0.3064373999834061,3
57,RUpArmTwist_r_02,0.20604813595612845,0.1630931794643402,0.2816495358943939,3
16,R_ForeTwist_01,0.20601641138394675,0.18502022325992584,0.2612142592668533,3
80,L_ForeTwist_01,0.20584770540396372,0.16830681264400482,0.2721763104200363,3
40,RUpArmTwist_l_02,0.20562504728635153,0.2209167778491974,0.23413028120994567,3
10,clavicle_r,0.2055795987447103,0.21135184168815613,0.2630020320415497,3
38,RCalfTwist_01,0.20550668984651566,0.23605285584926605,0.2759147614240646,3
83,index_01_l,0.2053532600402832,0.2267601490020752,0.24267479181289672,3
26,LCalfTwist_02,0.20502557853857675,0.2031925916671753,0.24759423732757568,3
44,middle_01_l,0.2049571027358373,0.2180124819278717,0.2194486677646637,3
25,LCalfTwist_02,0.20489705602327982,0.1939311921596527,0.25179595351219175,3
65,LCalfTwist_02,0.2043836290637652,0.2601412832736969,0.26544793248176574,3
12,LCalfTwist_02,0.20429563025633493,0.19048276543617249,0.2503379642963409,3
83,RCalfTwist_01,0.20426852504412332,0.17531444132328033,0.25121372044086454,3
72,LCalfTwist_01,0.20415000120798746,0.22479107975959778,0.23257871270179747,3
58,RUpArmTwist_l_02,0.20404518644014993,0.19048267602920532,0.23031656742095946,3
8,RUpArmTwist_r_02,0.20399953921635947,0.24738195538520813,0.2666079580783844,3
41,index_01_l,0.20396769046783447,0.20452189445495605,0.23881903886795045,3
82,RUpArmTwist_r_02,0.20395515859127045,0.18914636969566345,0.26010562777519225,3
11,R_ForeTwist_01,0.2038375288248062,0.17780180275440216,0.26095153391361237,3
33,clavicle_l,0.20381156106789908,0.15127453207969666,0.2984137713909149,3
1,index_01_l,0.20379979411760965,0.20493845641613007,0.21247689425945282,3
11,LCalfTwist_03,0.2033299207687378,0.19036200642585754,0.2504366934299469,3
72,head,0.20329882204532623,0.1962292492389679,0.22673811316490172,3
24,index_01_l,0.20323525369167328,0.19323205947875977,0.25452849864959715,3
42,R_ForeTwist_01,0.20241451760133108,0.16383619606494904,0.26158055365085603,3
32,index_01_l,0.20235401888688406,0.20495939254760742,0.24135227203369142,3
63,L_ForeTwist_01,0.20212664703528085,0.1595698893070221,0.26225135922431947,3
64,RUpArmTwist_r_02,0.2019495666027069,0.15671813488006592,0.288515567779541,3
42,clavicle_l,0.20191146930058798,0.21202722191810608,0.23149473071098328,3
78,LCalfTwist_03,0.2018369510769844,0.21872739493846893,0.26731527745723727,3
80,index_01_l,0.20181812345981598,0.22222909331321716,0.2489081084728241,3
39,R_ForeTwist_01,0.20181114971637726,0.17925649881362915,0.2683519244194031,3
15,index_01_l,0.2017252097527186,0.2166372686624527,0.23105155527591706,3
85,RCalfTwist_02,0.2016034722328186,0.20017018914222717,0.2040925920009613,3
47,clavicle_r,0.2011517584323883,0.20295915007591248,0.24002185463905334,3
82,clavicle_l,0.20087193449338278,0.1817106008529663,0.24611549377441405,3
64,LCalfTwist_03,0.2008619730671247,0.18831633031368256,0.2983715504407883,3
29,index_01_l,0.20081407328446707,0.1852571964263916,0.27056136131286623,3
17,index_01_l,0.200023944179217,0.17858725786209106,0.23726166486740113,3
1,LCalfTwist_01,0.1999189332127571,0.2110581248998642,0.30022182166576383,3
79,RCalfTwist_01,0.19989918172359467,0.17771100997924805,0.2811716318130493,3
15,calf_r,0.19956823686758676,0.16558846831321716,0.2758797347545624,3
8,RUpArmTwist_l_02,0.19921599825223288,0.19349101185798645,0.24663968682289122,3
62,L_ForeTwist_01,0.1990798662106196,0.156755268573761,0.26195091009140015,3
45,clavicle_r,0.19896018505096436,0.21071162819862366,0.23704572319984435,3
48,RUpArmTwist_l_01,0.19889156272013983,0.19298410415649414,0.30767145156860354,3
16,RUpArmTwist_l_01,0.19863596682747206,0.2177770584821701,0.3054787963628769,3
13,L_ForeTwist_01,0.19829661150773367,0.1760103553533554,0.23715071380138397,3
18,RCalfTwist_01,0.1981749584277471,0.17748460173606873,0.26057438254356385,3
33,index_01_l,0.19810900588830313,0.19635112583637238,0.23046040832996367,3
63,LCalfTwist_02,0.1980785553654035,0.2424817532300949,0.26110521256923674,3
27,R_ForeTwist_01,0.19802525639533997,0.19018319249153137,0.26972439885139465,3
79,RCalfTwist_02,0.1979683538277944,0.19407297670841217,0.23239859640598298,3
36,R_ForeTwist_01,0.1977916012207667,0.15117990970611572,0.27641820907592773,3
39,RUpArmTwist_l_01,0.19775652885437012,0.2254815697669983,0.24719635248184205,3
82,index_01_l,0.19774900873502096,0.22597144544124603,0.23621267974376678,3
68,L_ForeTwist_01,0.19772260387738547,0.1845323145389557,0.2467107355594635,3
8,R_ForeTwist_01,0.19768892228603363,0.1600974053144455,0.26681736409664153,3
78,RCalfTwist_02,0.19755018254121146,0.21007667481899261,0.2355196326971054,3
61,RCalfTwist_01,0.19742603600025177,0.19477200508117676,0.2336573123931885,3
21,RUpArmTwist_l_01,0.19734015315771103,0.152619868516922,0.2981583893299103,3
27,LCalfTwist_02,0.19729925692081451,0.2059292048215866,0.24891069829463958,3
55,R_ForeTwist_01,0.19725710650285086,0.17354685068130493,0.2309573173522949,3
14,index_01_l,0.19668228924274445,0.17048820853233337,0.23527910113334655,3
85,RUpArmTwist_l_01,0.19660009692112604,0.19127802550792694,0.3098336786031723,3
60,clavicle_r,0.1962731530268987,0.15187595784664154,0.29362125098705294,3
47,RCalfTwist_02,0.19610456625620523,0.2088179737329483,0.21421002447605134,3
27,RUpArmTwist_l_01,0.19596781333287558,0.21701645851135254,0.257124662399292,3
19,RUpArmTwist_l_01,0.19595413158337274,0.1767578274011612,0.3323311358690262,3
3,LCalfTwist_01,0.19594310720761618,0.25235405564308167,0.26738038659095764,3
61,LCalfTwist_03,0.19585080444812775,0.2143043875694275,0.225874662399292,3
65,L_ForeTwist_01,0.1957923322916031,0.15100523829460144,0.2682163417339325,3
19,L_ForeTwist_01,0.19575206438700357,0.17240944504737854,0.2304384171962738,3
51,RUpArmTwist_r_02,0.19564764946699142,0.18133117258548737,0.27368750870227815,3
83,R_ForeTwist_01,0.19561214745044708,0.15482182800769806,0.26143561899662016,3
20,RUpArmTwist_l_02,0.19557984421650568,0.24330644309520721,0.25615561902523043,3
3,clavicle_r,0.1955714225769043,0.17970073223114014,0.23753640651702881,3
79,L_ForeTwist_01,0.19551008939743042,0.13730387389659882,0.28977120816707613,3
3,LCalfTwist_02,0.19542623062928519,0.1801946610212326,0.22736746966838836,3
14,RUpArmTwist_r_02,0.195328359802564,0.14723405241966248,0.26819373965263366,3
15,RCalfTwist_03,0.19529742747545242,0.2187526524066925,0.24322386384010314,3
23,R_ForeTwist_01,0.19518637657165527,0.15968306362628937,0.2699514299631119,3
83,RCalfTwist_03,0.19494270781675974,0.19790498912334442,0.25725899636745453,3
11,index_01_l,0.1948991840084394,0.16735999286174774,0.2681184858083725,3
70,L_ForeTwist_01,0.19485868016878763,0.17310397326946259,0.2657017320394516,3
27,L_ForeTwist_01,0.19468778868516287,0.19457216560840607,0.21321506798267365,3
20,RUpArmTwist_l_01,0.19462829331556955,0.1655295491218567,0.3087717890739441,3
27,RCalfTwist_02,0.19445461531480154,0.17216692864894867,0.22662790715694428,3
54,LCalfTwist_02,0.1937235171596209,0.15391242504119873,0.2733790874481201,3
60,L_ForeTwist_01,0.1936351110537847,0.14235413074493408,0.2915030002593994,3
77,LCalfTwist_01,0.19362043837706247,0.19740508496761322,0.19973474442958833,3
31,index_01_l,0.19343151648839316,0.17442382872104645,0.23942010700702668,3
45,RUpArmTwist_r_02,0.19316648443539938,0.21397092938423157,0.21672826409339904,3
29,LCalfTwist_02,0.19316628078619638,0.17590297758579254,0.2570976048707962,3
27,RCalfTwist_03,0.1931135356426239,0.18479974567890167,0.24003762304782866,3
28,LCalfTwist_02,0.19299285113811493,0.20429161190986633,0.24716187119483948,3
81,index_01_l,0.1929574484626452,0.22853834927082062,0.23472659885883332,3
22,R_ForeTwist_01,0.19289128482341766,0.17935587465763092,0.25574715435504913,3
47,ball_l,0.19272626688083014,0.19129014015197754,0.2590101480484009,3
20,LCalfTwist_02,0.19272379577159882,0.16728828847408295,0.25535044372081755,3
76,RCalfTwist_03,0.19259271025657654,0.16682405769824982,0.23211040794849397,3
32,RCalfTwist_02,0.19255857169628143,0.19256408512592316,0.20235531628131867,3
66,RCalfTwist_02,0.19198582073052725,0.1640234887599945,0.24095491766929628,3
81,spine_01,0.19198050101598105,0.18841040134429932,0.29203290939331056,3
14,calf_r,0.19193729013204575,0.16590867936611176,0.2754018515348434,3
45,index_01_l,0.19183442989985147,0.17700369656085968,0.26062449514865876,3
78,RCalfTwist_01,0.1917510082324346,0.1725069284439087,0.2605220556259155,3
40,index_01_l,0.19174185891946158,0.17158067226409912,0.2262555480003357,3
43,RCalfTwist_03,0.1917231430610021,0.19659589231014252,0.24647383391857147,3
0,RUpArmTwist_r_02,0.19161299616098404,0.15185576677322388,0.295951783657074,3
25,RCalfTwist_03,0.19121604164441428,0.18258535861968994,0.24832699298858643,3
51,RCalfTwist_01,0.19118520120779672,0.18959973752498627,0.2989666908979416,3
64,L_ForeTwist_01,0.19094051917394003,0.15399985015392303,0.2632321685552597,3
7,middle_01_l,0.1906369278828303,0.21542888879776,0.21779948472976685,3
34,R_ForeTwist_01,0.19060862809419632,0.16202165186405182,0.26871075928211213,3
46,RCalfTwist_03,0.19033562143643698,0.1996859461069107,0.20913940966129302,3
38,index_01_l,0.1903281311194102,0.16834016144275665,0.2424933582544327,3
60,LCalfTwist_02,0.1903267353773117,0.20869246125221252,0.28445869088172915,3
3,R_ForeTwist_01,0.19009182353814444,0.17290377616882324,0.2690124034881592,3
79,RUpArmTwist_r_02,0.1899143929282824,0.17441900074481964,0.2644118458032608,3
28,RUpArmTwist_l_01,0.18968287607034048,0.20587177574634552,0.24458955824375153,3
17,LCalfTwist_02,0.18921232223510742,0.18799711763858795,0.27863943874835967,3
79,head,0.18897922337055206,0.1911545991897583,0.23293237686157225,3
16,index_01_l,0.18855282167593637,0.17951567471027374,0.2170027881860733,3
21,LCalfTwist_01,0.18833402544260025,0.17808835208415985,0.2505562394857407,3
23,clavicle_r,0.18827809890111288,0.19857147336006165,0.21669600605964662,3
44,R_ForeTwist_01,0.18826299160718918,0.14550764858722687,0.27789651453495023,3
74,RCalfTwist_01,0.1882520169019699,0.21100172400474548,0.23397955298423767,3
34,L_ForeTwist_01,0.18820518255233765,0.18789446353912354,0.20516315698623658,3
3,calf_r,0.18809312830368677,0.2013014554977417,0.24968810081481935,3
83,L_ForeTwist_01,0.18804144859313965,0.1630852222442627,0.22969754934310913,3
52,R_ForeTwist_01,0.18796149889628092,0.1971842348575592,0.21490817666053771,3
66,RCalfTwist_01,0.18794634193181992,0.20396198332309723,0.24870589077472688,3
10,RCalfTwist_02,0.18768227100372314,0.19085992872714996,0.22479203045368196,3
81,L_ForeTwist_01,0.1876547485589981,0.13440924882888794,0.2717720627784729,3
15,L_ForeTwist_01,0.187527264157931,0.1776236593723297,0.20191981196403502,3
12,L_ForeTwist_01,0.18750148514906564,0.17634236812591553,0.23054932355880736,3
13,RUpArmTwist_r_02,0.18729843695958456,0.20446361601352692,0.21666306555271148,3
52,RCalfTwist_01,0.1871113727490107,0.17809845507144928,0.2644391804933548,3
6,middle_01_l,0.18640643854935965,0.1901077777147293,0.193677881360054,3
58,RCalfTwist_01,0.1864005426565806,0.2003760039806366,0.20355860590934755,3
40,RCalfTwist_03,0.18625017255544662,0.1877307891845703,0.2529371976852417,3
4,R_ForeTwist_01,0.18612554917732874,0.14231780171394348,0.28382590413093567,3
60,L_ForeTwist_02,0.18599978586037955,0.17583748698234558,0.22336830496788024,3
48,LCalfTwist_02,0.18582770228385925,0.17726919054985046,0.2139084279537201,3
18,RCalfTwist_02,0.18579774598280588,0.17676493525505066,0.20356107354164124,3
49,clavicle_l,0.1854527692000071,0.14861540496349335,0.24006489217281343,3
78,R_ForeTwist_02,0.18511623392502466,0.2079421430826187,0.2339002400636673,3
42,RUpArmTwist_l_01,0.18507772435744604,0.13972319662570953,0.2944729596376419,3
82,L_ForeTwist_01,0.18496777613957724,0.14108219742774963,0.24879935383796692,3
76,RCalfTwist_01,0.18491936971743902,0.17740443348884583,0.2626718819141388,3
2,L_ForeTwist_01,0.18461759388446808,0.1492716670036316,0.2493343472480774,3
19,LCalfTwist_02,0.1845801075299581,0.1627279669046402,0.2297419100999832,3
85,R_ForeTwist_01,0.18451319634914398,0.14929722249507904,0.24212221801280975,3
8,LCalfTwist_03,0.18449788043896356,0.11620263755321503,0.2992191642522812,3
54,R_ForeTwist_01,0.1844510237375895,0.17337550222873688,0.20555584728717805,3
35,RUpArmTwist_r_02,0.18423162897427878,0.17706134915351868,0.23764858841896058,3
74,RUpArmTwist_r_02,0.1841872582832972,0.18658660352230072,0.22263679206371306,3
3,head,0.1835818017522494,0.2071264237165451,0.23209768235683442,3
20,L_ForeTwist_01,0.183464785416921,0.16187503933906555,0.21967708468437194,3
3,RCalfTwist_02,0.18333848814169565,0.18830765783786774,0.2256261020898819,3
50,L_ForeTwist_01,0.18320889274279276,0.13330496847629547,0.2540853053331375,3
18,L_ForeTwist_01,0.18316246072451273,0.16446645557880402,0.21801771223545074,3
77,RUpArmTwist_l_01,0.18310378243525824,0.20347853004932404,0.2220354825258255,3
22,clavicle_r,0.18307964503765106,0.1708737313747406,0.20213060975074768,3
81,LCalfTwist_03,0.18285011996825537,0.1346588283777237,0.25827710926532743,3
43,clavicle_l,0.182673712571462,0.208556666970253,0.2099001795053482,3
10,RUpArmTwist_l_01,0.18263995399077734,0.19953162968158722,0.27051679193973543,3
0,RCalfTwist_03,0.1824659456809362,0.17916029691696167,0.23146462440490723,3
34,RUpArmTwist_r_02,0.18246333797772726,0.1679258793592453,0.23441532552242278,3
2,clavicle_r,0.18243815501530966,0.1692461520433426,0.20797832310199738,3
3,RCalfTwist_03,0.18241619070370993,0.1369522511959076,0.24779741168022157,3
61,LCalfTwist_02,0.18216149508953094,0.2011583298444748,0.22689583003520966,3
48,clavicle_r,0.18188800911108652,0.1883275955915451,0.2590239137411118,3
35,RUpArmTwist_l_01,0.18186776340007782,0.2194659411907196,0.23128630518913268,3
19,RCalfTwist_01,0.18185980121294656,0.1655658483505249,0.24816687107086183,3
12,L_ForeTwist_02,0.18183483431736627,0.17787912487983704,0.24647820591926575,3
59,RCalfTwist_01,0.18180985748767853,0.18313799798488617,0.19386789500713347,3
27,RCalfTwist_01,0.18179464091857275,0.16465438902378082,0.25041933357715607,3
13,RCalfTwist_03,0.18174261848131815,0.18038275837898254,0.1950223982334137,3
9,index_01_l,0.18173727889855704,0.14568305015563965,0.23581504821777344,3
65,clavicle_r,0.18159232288599014,0.17946383357048035,0.23389175534248352,3
67,LCalfTwist_03,0.18157642831405005,0.1761648803949356,0.2613297253847122,3
30,clavicle_r,0.18136117110649744,0.21189752221107483,0.2753394663333893,3
47,LCalfTwist_01,0.1813443327943484,0.1814534217119217,0.26502722799777984,3
28,RUpArmTwist_r_02,0.18126511325438818,0.12050376087427139,0.2699376538395882,3
21,L_ForeTwist_01,0.18094118436177573,0.16547724604606628,0.21728405356407166,3
28,L_ForeTwist_01,0.18088494737943014,0.19040608406066895,0.19926836490631103,3
12,LCalfTwist_01,0.18075100580851236,0.15185892581939697,0.22533475160598754,3
11,calf_r,0.18070296694835028,0.16990047693252563,0.259934675693512,3
62,clavicle_r,0.18043061097462973,0.1927754133939743,0.2267836421728134,3
9,RUpArmTwist_l_01,0.18036382148663202,0.21903620660305023,0.24688226878643035,3
77,RUpArmTwist_r_02,0.18023726840813956,0.15974251925945282,0.23952673375606537,3
58,LCalfTwist_01,0.1802212049563726,0.18555550277233124,0.19794884622097014,3
6,R_ForeTwist_01,0.18018052478631338,0.12284942716360092,0.26905733793973924,3
43,LCalfTwist_01,0.180126224954923,0.16234533488750458,0.2603867381811142,3
80,R_ForeTwist_02,0.18011558055877686,0.21463781595230103,0.22834508419036864,3
16,RUpArmTwist_l_02,0.18008303145567575,0.21905507147312164,0.2383805900812149,3
1,R_ForeTwist_01,0.17954126497109732,0.17897585034370422,0.2163715183734894,3
43,RCalfTwist_01,0.17936540643374124,0.12995025515556335,0.25997762084007264,3
30,L_ForeTwist_01,0.17914911111195883,0.16404595971107483,0.201656574010849,3
84,L_ForeTwist_01,0.17891850570837656,0.14843133091926575,0.23930380940437318,3
22,L_ForeTwist_01,0.17890955011049905,0.16511082649230957,0.20275444984436036,3
35,L_ForeTwist_01,0.17882363001505533,0.18746592104434967,0.19450316727161407,3
69,LCalfTwist_02,0.17878039926290512,0.21988186240196228,0.22095351815223693,3
80,RCalfTwist_01,0.1787593017021815,0.1666819155216217,0.279106479883194,3
25,L_ForeTwist_01,0.17873157560825348,0.18202318251132965,0.19478124678134917,3
62,RUpArmTwist_r_02,0.17844046155611673,0.15842923521995544,0.22874767184257508,3
7,RUpArmTwist_r_02,0.17829671005407968,0.23150067031383514,0.2352777451276779,3
85,L_ForeTwist_01,0.17825817068417868,0.14299483597278595,0.23139888346195223,3
58,R_ForeTwist_02,0.17815348505973816,0.18550878763198853,0.22110844850540162,3
68,LCalfTwist_03,0.17801870157321295,0.15405632555484772,0.26836457550525666,3
63,RUpArmTwist_r_02,0.17796659469604492,0.15454229712486267,0.23388249278068543,3
42,R_ForeTwist_02,0.17795269191265106,0.15186069905757904,0.21487168967723846,3
14,L_ForeTwist_01,0.17786315580209097,0.1761176884174347,0.19757787585258485,3
81,LCalfTwist_02,0.17786013334989548,0.17425866425037384,0.23089002668857575,3
5,clavicle_r,0.17783214648564658,0.17992565035820007,0.18763141036033631,3
20,R_ForeTwist_02,0.17772959172725677,0.1532430648803711,0.22317945957183838,3
1,L_ForeTwist_02,0.1776896889011065,0.19128751754760742,0.2387596607208252,3
33,L_ForeTwist_01,0.17762733002503714,0.16921570897102356,0.19022124409675598,3
53,RCalfTwist_02,0.17762179176012674,0.1894424855709076,0.20171776413917542,3
82,LCalfTwist_01,0.1772776742776235,0.15898585319519043,0.21070441007614135,3
44,RUpArmTwist_r_02,0.177261953552564,0.1879415512084961,0.19232627153396606,3
66,L_ForeTwist_01,0.1771527702609698,0.17413310706615448,0.227358278632164,3
78,RUpArmTwist_r_02,0.17695803195238113,0.16035622358322144,0.25232518911361695,3
62,LCalfTwist_01,0.17689216633637747,0.17243872582912445,0.18587672412395478,3
26,L_ForeTwist_01,0.17680712044239044,0.1670617312192917,0.20096544921398163,3
79,LCalfTwist_01,0.17667215565840402,0.17779067158699036,0.18996555209159852,3
26,R_ForeTwist_02,0.1766373614470164,0.16250374913215637,0.21355969309806824,3
63,RCalfTwist_01,0.1765375037988027,0.18645215034484863,0.2368065595626831,3
11,RUpArmTwist_l_01,0.176536093155543,0.1712856888771057,0.25311280488967897,3
67,L_ForeTwist_01,0.17627724756797156,0.17083169519901276,0.2350096732378006,3
58,RCalfTwist_03,0.1762715776761373,0.16695962846279144,0.1943986028432846,3
46,L_ForeTwist_01,0.17626542349656424,0.15434545278549194,0.2281004548072815,3
26,RCalfTwist_02,0.1760128786166509,0.16896937787532806,0.2106855481863022,3
10,RCalfTwist_01,0.1760116716225942,0.1946631819009781,0.1994524270296097,3
30,RUpArmTwist_r_02,0.17597908775011697,0.1407381147146225,0.25984053313732147,3
29,L_ForeTwist_01,0.17593367397785187,0.179220050573349,0.19729458689689636,3
43,LCalfTwist_02,0.175735113521417,0.17141900956630707,0.2482502669095993,3
11,RCalfTwist_03,0.17566639433304468,0.19507193565368652,0.21041429042816162,3
64,clavicle_r,0.17536484450101852,0.16317756474018097,0.24028591215610504,3
73,RUpArmTwist_l_02,0.17533636589845022,0.15836551785469055,0.23893867135047914,3
64,LCalfTwist_01,0.17523747185866037,0.18118667602539062,0.18993378877639772,3
36,L_ForeTwist_01,0.17509334286053976,0.17846840620040894,0.2041593074798584,3
32,L_ForeTwist_01,0.17505817612012228,0.15932758152484894,0.20015127956867218,3
62,RCalfTwist_01,0.1748102903366089,0.1752001792192459,0.17879909574985503,3
6,RUpArmTwist_l_01,0.17476912215352058,0.23030970990657806,0.23297997415065766,3
31,L_ForeTwist_01,0.17464555303255716,0.16778185963630676,0.19733436703681945,3
66,clavicle_r,0.17449608196814856,0.15174022316932678,0.2400745451450348,3
46,clavicle_r,0.17446642617384592,0.17050637304782867,0.1838585764169693,3
69,RCalfTwist_01,0.17446613311767578,0.1792321652173996,0.20085175931453705,3
45,RCalfTwist_03,0.17417009671529135,0.17526012659072876,0.20828962326049805,3
50,LCalfTwist_02,0.1741045614083608,0.16595233976840973,0.21344161331653594,3
46,RUpArmTwist_l_02,0.17386372635761896,0.19628579914569855,0.20009984076023102,3
20,RCalfTwist_01,0.1737665832042694,0.17942239344120026,0.22775816023349763,3
28,RUpArmTwist_l_02,0.1734978531797727,0.21632812917232513,0.22654530704021453,3
11,L_ForeTwist_01,0.17346669236818948,0.19461359083652496,0.19528307020664215,3
70,RCalfTwist_02,0.17343640824158987,0.18470101058483124,0.22534765899181367,3
47,clavicle_l,0.17304856951038042,0.15026822686195374,0.27655749917030337,3
82,R_ForeTwist_01,0.17301350583632788,0.13411448895931244,0.23721568286418915,3
83,clavicle_r,0.17291375994682312,0.17261800169944763,0.19360535740852355,3
30,LCalfTwist_01,0.17283064872026443,0.17396296560764313,0.2186619907617569,3
68,RCalfTwist_01,0.17272434880336127,0.18340477347373962,0.20713236927986145,3
59,RUpArmTwist_r_02,0.17268205185731253,0.1490985006093979,0.22184283435344695,3
47,L_ForeTwist_01,0.17261513074239096,0.1844201236963272,0.19339984953403472,3
17,L_ForeTwist_01,0.17254667977492014,0.17078128457069397,0.1869365394115448,3
43,RUpArmTwist_l_02,0.17246142029762268,0.17709068953990936,0.20203280150890351,3
37,L_ForeTwist_01,0.17242148021856943,0.16522455215454102,0.20223962068557738,3
65,LCalfTwist_03,0.17238066593805948,0.13051681220531464,0.23191486299037933,3
19,R_ForeTwist_02,0.17214809358119965,0.139020174741745,0.2225852429866791,3
1,RCalfTwist_03,0.17200959722201029,0.1523348093032837,0.2018860936164856,3
20,RCalfTwist_02,0.1716357966264089,0.1690472513437271,0.1942194491624832,3
76,RCalfTwist_02,0.17149307827154794,0.15964075922966003,0.1939836323261261,3
80,RCalfTwist_02,0.1714929739634196,0.16150294244289398,0.19262706935405732,3
19,RCalfTwist_03,0.17147408922513327,0.1723008155822754,0.2239762544631958,3
42,RUpArmTwist_r_02,0.17133502662181854,0.15042248368263245,0.217269629240036,3
60,RUpArmTwist_l_02,0.1709418979783853,0.17245297133922577,0.2810820907354355,3
84,R_ForeTwist_01,0.1708982139825821,0.13790099322795868,0.21916297376155855,3
61,R_ForeTwist_02,0.17082853863636652,0.1669950932264328,0.21825047433376313,3
4,RUpArmTwist_l_02,0.1703273964424928,0.19909442961215973,0.24357426464557647,3
7,R_ForeTwist_01,0.16979231188694635,0.09858419746160507,0.27080247849225997,3
38,LCalfTwist_02,0.1697673797607422,0.19996920228004456,0.22495381236076356,3
55,RUpArmTwist_l_02,0.16970201830069223,0.15806269645690918,0.18700941801071166,3
2,RUpArmTwist_r_02,0.16955683380365372,0.15908372402191162,0.2163901448249817,3
41,RUpArmTwist_l_02,0.16952678312857947,0.15355311334133148,0.21911364495754243,3
53,R_ForeTwist_02,0.16923274720708528,0.17862443625926971,0.2562483161687851,3
43,R_ForeTwist_02,0.16903303563594818,0.15847516059875488,0.21617549657821655,3
64,RCalfTwist_01,0.16902686655521393,0.17466723918914795,0.1841289520263672,3
51,RCalfTwist_02,0.16899515688419342,0.182351216673851,0.19503587186336518,3
50,RUpArmTwist_l_02,0.16889228920141855,0.20671752095222473,0.22248833775520324,3
79,RUpArmTwist_l_02,0.1688384066025416,0.14231489598751068,0.22605322301387787,3
19,RCalfTwist_02,0.16871593395868936,0.16329266130924225,0.19059448540210724,3
3,L_ForeTwist_01,0.1686022306481997,0.17376315593719482,0.21428588628768921,3
52,RCalfTwist_03,0.16848488400379816,0.15474672615528107,0.23440469801425934,3
31,RCalfTwist_01,0.1684585859378179,0.1704426407814026,0.19743727445602416,3
46,RUpArmTwist_l_01,0.16845817863941193,0.1763669103384018,0.19488199651241303,3
64,RCalfTwist_03,0.16830525795618692,0.15753746032714844,0.23522324562072755,3
10,RUpArmTwist_l_02,0.16826577732960382,0.1707392781972885,0.22460900247097015,3
77,RCalfTwist_01,0.16818133741617203,0.1555013507604599,0.25689763724803927,3
23,L_ForeTwist_01,0.16809716324011484,0.17643862962722778,0.1863357663154602,3
72,LCalfTwist_03,0.16802919656038284,0.11510057747364044,0.2592870146036148,3
16,L_ForeTwist_01,0.167939230799675,0.16985468566417694,0.17600582540035248,3
79,LCalfTwist_03,0.16787554323673248,0.10462579131126404,0.2653062045574188,3
66,LCalfTwist_01,0.16764111320177713,0.1598651260137558,0.1881170839071274,3
27,RUpArmTwist_l_02,0.16748618086179098,0.20101924240589142,0.21133492290973663,3
45,LCalfTwist_01,0.16734082996845245,0.1686825007200241,0.18357392251491547,3
34,RUpArmTwist_l_02,0.1673094630241394,0.1468867063522339,0.21113520860671997,3
10,index_01_l,0.16722303380568823,0.1310281604528427,0.2257250875234604,3
67,RCalfTwist_01,0.16690444201231003,0.18743589520454407,0.19275588393211365,3
79,LCalfTwist_02,0.16677075127760568,0.15427672863006592,0.24968717098236085,3
48,RCalfTwist_01,0.1666333923737208,0.17893418669700623,0.1824513018131256,3
48,RCalfTwist_03,0.16655762493610382,0.12287315726280212,0.2365125596523285,3
16,RCalfTwist_01,0.1664215475320816,0.16995568573474884,0.20330266058444976,3
77,LCalfTwist_02,0.16639488687117895,0.15248271822929382,0.22918938994407653,3
39,L_ForeTwist_01,0.16620590289433798,0.1416712999343872,0.20192240476608275,3
29,LCalfTwist_01,0.1660496120651563,0.16702431440353394,0.20153683423995972,3
38,RCalfTwist_02,0.16590669999519983,0.16421391069889069,0.20690492689609527,3
50,RCalfTwist_01,0.1655117074648539,0.18120251595973969,0.18319023549556732,3
85,LCalfTwist_02,0.16530272861321768,0.16164976358413696,0.21737266778945924,3
26,RCalfTwist_01,0.1652429277698199,0.1742003709077835,0.21284976303577424,3
54,RUpArmTwist_l_02,0.16514968127012253,0.15526947379112244,0.24837879538536073,3
6,clavicle_r,0.16503748670220375,0.22139984369277954,0.2360253691673279,3
81,clavicle_r,0.16503278414408365,0.15072105824947357,0.19351126849651337,3
21,RCalfTwist_03,0.16494118670622507,0.17890949547290802,0.1979046493768692,3
29,clavicle_r,0.1648994783560435,0.1397460252046585,0.2107704073190689,3
47,RCalfTwist_01,0.16447070240974426,0.16346383094787598,0.18265193700790405,3
70,RUpArmTwist_l_02,0.16436226417620978,0.16925324499607086,0.2262781411409378,3
14,RUpArmTwist_l_02,0.16434802611668906,0.19126668572425842,0.19354931712150575,3
24,L_ForeTwist_01,0.16400238374869028,0.1717400848865509,0.18465518355369567,3
31,RCalfTwist_03,0.1639256477355957,0.18092423677444458,0.18797798156738282,3
82,RUpArmTwist_l_02,0.16355195144812265,0.1555972397327423,0.19425941109657288,3
82,RCalfTwist_01,0.16270016133785248,0.1675129234790802,0.17245625853538513,3
39,LCalfTwist_01,0.16227334241072336,0.13170157372951508,0.22884196937084197,3
22,RCalfTwist_01,0.16216425597667694,0.1736745834350586,0.21072713136672974,3
36,RCalfTwist_02,0.16209001342455545,0.14963668584823608,0.18645293712615968,3
77,LCalfTwist_03,0.1617117847005526,0.10742932558059692,0.2613264203071594,3
24,RCalfTwist_02,0.1610773429274559,0.1497793048620224,0.19743655622005463,3
67,RCalfTwist_02,0.16094996531804404,0.150377556681633,0.19519489705562593,3
42,RCalfTwist_01,0.16088620076576868,0.14165617525577545,0.22505343258380892,3
67,RCalfTwist_03,0.1607665717601776,0.1506432294845581,0.19568448066711425,3
8,L_ForeTwist_02,0.16073792179425558,0.14082399010658264,0.18985095620155334,3
22,LCalfTwist_02,0.16065315653880438,0.16734181344509125,0.20272577702999114,3
26,RCalfTwist_03,0.1605125516653061,0.1815381497144699,0.20252773463726043,3
60,LCalfTwist_01,0.16034608955184618,0.20869457721710205,0.21640146970748902,3
29,Bip001,0.15981067965428034,0.187552347779274,0.19166845381259917,3
84,RUpArmTwist_l_01,0.15967090924580893,0.15775594115257263,0.2003885805606842,3
75,RCalfTwist_03,0.15962907920281091,0.1708832085132599,0.23450520634651184,3
24,RCalfTwist_03,0.15952612459659576,0.18373414874076843,0.18546231389045714,3
2,LCalfTwist_01,0.15944268057743707,0.14994727075099945,0.2011854261159897,3
70,LCalfTwist_01,0.15943984438975653,0.18243111670017242,0.19290192425251007,3
25,RCalfTwist_01,0.15941652655601501,0.16206325590610504,0.20404254496097565,3
4,clavicle_l,0.1592709148923556,0.195207417011261,0.20618183612823487,3
2,RCalfTwist_03,0.15911403795083365,0.14922121167182922,0.19940471053123474,3
49,RCalfTwist_01,0.15900551279385886,0.16975896060466766,0.17265321910381318,3
45,head,0.15889572848876318,0.13105648756027222,0.20472904443740844,3
71,RCalfTwist_02,0.15871927390495935,0.16144438087940216,0.19879373610019685,3
11,R_ForeTwist_02,0.15867696205774942,0.1465444713830948,0.1793559819459915,3
66,LCalfTwist_02,0.15862056612968445,0.1737220138311386,0.2109995573759079,3
23,spine_02,0.158511341859897,0.12350329756736755,0.2686343610286713,3
11,RCalfTwist_02,0.15847247590621313,0.14798414707183838,0.1967797636985779,3
6,RCalfTwist_03,0.15843754510084787,0.13310204446315765,0.20373744666576385,3
51,L_ForeTwist_02,0.15835617979367575,0.15245260298252106,0.18465189039707183,3
47,head,0.15824880202611288,0.16094236075878143,0.17521876990795135,3
7,RCalfTwist_01,0.15804260969161987,0.1413194090127945,0.1874793440103531,3
31,R_ForeTwist_01,0.15804201612869898,0.14373670518398285,0.22118848264217378,3
18,RCalfTwist_03,0.1578908438483874,0.15081332623958588,0.19516092240810395,3
7,RCalfTwist_02,0.1578302060564359,0.1796175092458725,0.1969071716070175,3
2,L_ForeTwist_02,0.1576899141073227,0.17931537330150604,0.2046530216932297,3
49,LCalfTwist_01,0.1576250766714414,0.1857517510652542,0.18660745918750762,3
57,LCalfTwist_02,0.1575805569688479,0.11040592193603516,0.2383744239807129,3
6,LCalfTwist_03,0.1575454001625379,0.1908504217863083,0.23804042041301726,3
21,R_ForeTwist_02,0.15739517907301584,0.14138497412204742,0.1932927757501602,3
1,RUpArmTwist_r_02,0.15715460975964865,0.16192010045051575,0.18395041823387145,3
23,RCalfTwist_03,0.15697475522756577,0.18538175523281097,0.19333826005458832,3
16,clavicle_r,0.15687410533428192,0.16576354205608368,0.17728099524974822,3
10,L_ForeTwist_01,0.15682031710942587,0.1757906973361969,0.17615453600883485,3
43,RCalfTwist_02,0.15670054157574972,0.15499424934387207,0.16583385467529296,3
62,RUpArmTwist_l_02,0.15662775933742523,0.14205384254455566,0.2243243098258972,3
44,R_ForeTwist_02,0.15647456049919128,0.1605847328901291,0.1672373265028,3
43,L_ForeTwist_01,0.15628785143295923,0.1602392941713333,0.199935844540596,3
64,R_ForeTwist_02,0.15627384930849075,0.15182913839817047,0.1921986609697342,3
30,RUpArmTwist_l_01,0.15607633690039316,0.0993465781211853,0.26055978536605834,3
81,RUpArmTwist_r_02,0.15601695577303568,0.15669502317905426,0.16672140657901763,3
44,RUpArmTwist_l_01,0.15595500419537225,0.16098524630069733,0.22613179981708526,3
38,L_ForeTwist_01,0.155937060713768,0.16247551143169403,0.17530936896800994,3
79,R_ForeTwist_02,0.1553973431388537,0.14897798001766205,0.197750124335289,3
83,LCalfTwist_02,0.15539169311523438,0.15453247725963593,0.21454719007015227,3
51,RCalfTwist_03,0.15534699459870657,0.1592523157596588,0.20364940762519837,3
38,Bip001,0.1553025245666504,0.1705293506383896,0.20504883229732512,3
68,LCalfTwist_01,0.15514097859462103,0.17474369704723358,0.18337518870830535,3
69,R_ForeTwist_02,0.1551313797632853,0.14822204411029816,0.1827151209115982,3
53,R_ForeTwist_01,0.15502341588338217,0.16537164151668549,0.16891237199306489,3
39,RCalfTwist_01,0.15497319400310516,0.2059483826160431,0.21101859211921692,3
65,R_ForeTwist_02,0.1546942243973414,0.15873295068740845,0.1833752989768982,3
24,RCalfTwist_01,0.1546867291132609,0.17435361444950104,0.17630248367786408,3
72,LCalfTwist_02,0.15468207746744156,0.13969923555850983,0.20756116211414338,3
59,R_ForeTwist_02,0.15462917586167654,0.15669311583042145,0.18346045315265655,3
25,R_ForeTwist_02,0.15457661698261896,0.14148300886154175,0.18872727155685426,3
63,RCalfTwist_02,0.15451125303904215,0.14281393587589264,0.18891612589359283,3
16,RCalfTwist_02,0.1544497311115265,0.13124370574951172,0.18780875205993652,3
10,R_ForeTwist_02,0.15441477795441946,0.14578582346439362,0.17835017740726472,3
70,RCalfTwist_03,0.15436789641777673,0.1358683854341507,0.20896653234958648,3
23,LCalfTwist_02,0.15390928213795027,0.2014983594417572,0.21028830409049987,3
43,RUpArmTwist_r_02,0.15389166524012884,0.16397608816623688,0.1816980391740799,3
22,RCalfTwist_02,0.15386639535427094,0.15911157429218292,0.1787364274263382,3
42,RCalfTwist_02,0.15371591846148172,0.14532425999641418,0.1977466881275177,3
68,RCalfTwist_02,0.1536526381969452,0.141525998711586,0.1799215108156204,3
42,L_ForeTwist_01,0.1535524254043897,0.1553882360458374,0.18270492553710938,3
67,LCalfTwist_02,0.1534481719136238,0.12965251505374908,0.19833410084247588,3
0,R_ForeTwist_02,0.15318184097607931,0.11825841665267944,0.2332504630088806,3
36,RUpArmTwist_l_02,0.15316883971293768,0.16811563074588776,0.1759205013513565,3
52,RCalfTwist_02,0.15291289240121841,0.18007923662662506,0.18762395679950714,3
46,RCalfTwist_02,0.15278280029694238,0.1719745248556137,0.1758112996816635,3
36,RCalfTwist_01,0.15268209328254065,0.15745778381824493,0.1762012869119644,3
39,RCalfTwist_03,0.1521888847152392,0.1640462726354599,0.2079002469778061,3
71,R_ForeTwist_02,0.15210151175657907,0.13587714731693268,0.17749654352664948,3
31,RCalfTwist_02,0.15209363400936127,0.13177454471588135,0.18443223237991332,3
16,LCalfTwist_02,0.15205679337183634,0.13609255850315094,0.17890279591083527,3
51,LCalfTwist_01,0.1518466336031755,0.13806502521038055,0.23334034383296967,3
30,LCalfTwist_02,0.15182790160179138,0.1556675136089325,0.21616924405097962,3
39,Bip001,0.1517514114578565,0.1619197130203247,0.18069992065429688,3
33,RCalfTwist_01,0.15166226277748743,0.1288192719221115,0.18680386245250702,3
54,R_ForeTwist_02,0.15154951810836792,0.13086941838264465,0.18081656098365784,3
59,RCalfTwist_03,0.1513823668162028,0.1552933305501938,0.16314772069454192,3
35,R_ForeTwist_01,0.15134070068597794,0.1492103636264801,0.2042620599269867,3
25,RCalfTwist_02,0.1511609007914861,0.13671426475048065,0.18987852036952974,3
1,L_ForeTwist_01,0.15111030141512552,0.16002140939235687,0.17812179028987885,3
49,L_ForeTwist_01,0.15089125434557596,0.157315194606781,0.17231283187866211,3
47,R_ForeTwist_01,0.15082841366529465,0.09220930188894272,0.23966805189847948,3
45,R_ForeTwist_01,0.15073774755001068,0.16982312500476837,0.1965538889169693,3
44,head,0.15055096397797266,0.13267549872398376,0.2139050304889679,3
32,LCalfTwist_01,0.15050967037677765,0.1291431337594986,0.1946447879076004,3
84,RUpArmTwist_l_02,0.15050404518842697,0.13466356694698334,0.18895795047283173,3
1,RCalfTwist_02,0.15026786923408508,0.13346201181411743,0.19185703992843628,3
17,RCalfTwist_01,0.14990817507108053,0.15692079067230225,0.16753412485122682,3
41,L_ForeTwist_01,0.14989173909028372,0.13803598284721375,0.17103371024131775,3
46,RUpArmTwist_r_02,0.1498603547612826,0.1568354070186615,0.19790083765983582,3
84,RCalfTwist_02,0.14976726224025091,0.15002113580703735,0.17766091823577881,3
84,RUpArmTwist_r_02,0.149683877825737,0.16328012943267822,0.16331098079681397,3
46,R_ForeTwist_01,0.149623841047287,0.11219365149736404,0.21657258421182632,3
19,LCalfTwist_03,0.1495276615023613,0.1244983822107315,0.22909009754657747,3
9,clavicle_r,0.14950244625409445,0.14163988828659058,0.19884278774261474,3
79,clavicle_r,0.1494301656881968,0.15543211996555328,0.16230410635471343,3
35,L_ForeTwist_02,0.14911552766958872,0.1541329324245453,0.18733872771263121,3
81,RCalfTwist_01,0.14887892454862595,0.1353216916322708,0.19869047701358794,3
31,Bip001,0.14874434222777685,0.15662966668605804,0.1874223917722702,3
3,RUpArmTwist_r_02,0.14871081709861755,0.1406242549419403,0.17995460629463195,3
69,LCalfTwist_03,0.14845417936642966,0.1217799261212349,0.2055175080895424,3
83,RUpArmTwist_r_02,0.14828563233216605,0.15935657918453217,0.16443015038967132,3
46,LCalfTwist_03,0.14813128113746643,0.15975938737392426,0.19517148435115814,3
44,RUpArmTwist_l_02,0.14792407055695853,0.1767936497926712,0.1826204925775528,3
41,R_ForeTwist_02,0.14788702378670374,0.13430288434028625,0.1949172556400299,3
21,LCalfTwist_02,0.14781632895270982,0.19489003717899323,0.19869168102741241,3
33,RUpArmTwist_l_02,0.14776743203401566,0.15353070199489594,0.17235853374004365,3
66,LCalfTwist_03,0.1477510780096054,0.16586272418498993,0.1730470508337021,3
17,RCalfTwist_03,0.1476224735379219,0.13832378387451172,0.2109486222267151,3
23,RCalfTwist_01,0.14757960538069406,0.1378978192806244,0.17231293320655822,3
69,RCalfTwist_02,0.14724683264891306,0.14025801420211792,0.16910289525985717,3
77,RCalfTwist_02,0.1471325159072876,0.14113087952136993,0.1695880800485611,3
62,LCalfTwist_02,0.14709310233592987,0.1695306897163391,0.2186367392539978,3
51,R_ForeTwist_02,0.14695211251576742,0.13193170726299286,0.18107535541057587,3
49,RCalfTwist_03,0.14684130003054938,0.1135641410946846,0.22779240757226946,3
28,Bip001,0.14673321694135666,0.1752413958311081,0.17556982934474946,3
0,L_ForeTwist_02,0.14669047047694525,0.18931545317173004,0.19199409782886506,3
36,Bip001,0.14666378498077393,0.15638551115989685,0.18788982033729554,3
83,RUpArmTwist_l_01,0.14651204893986383,0.12079771608114243,0.2359647199511528,3
18,R_ForeTwist_02,0.1465084726611773,0.13344252109527588,0.18652602434158325,3
73,LCalfTwist_02,0.1463990236322085,0.13026779890060425,0.21779518127441408,3
59,LCalfTwist_02,0.1463726485768954,0.11952608078718185,0.2156944140791893,3
50,RCalfTwist_02,0.14628363152345022,0.14540384709835052,0.15637120902538298,3
15,Bip001,0.14620307584603628,0.14485721290111542,0.16361622512340546,3
23,RCalfTwist_02,0.1461800361673037,0.12268661707639694,0.18420909494161605,3
14,RCalfTwist_01,0.14610074957211813,0.14002354443073273,0.1648983746767044,3
4,Bip001,0.14594359944264093,0.13036981225013733,0.1733024537563324,3
9,L_ForeTwist_01,0.14582560708125433,0.16372311115264893,0.17178303003311157,3
44,L_ForeTwist_02,0.1457887887954712,0.14700889587402344,0.18451087474822997,3
68,R_ForeTwist_02,0.14565115670363107,0.13341167569160461,0.16485899090766906,3
16,RCalfTwist_03,0.14543318996826807,0.15270572900772095,0.16344579458236694,3
11,L_ForeTwist_02,0.14529702564080557,0.12888534367084503,0.17293815910816193,3
12,RCalfTwist_01,0.14507591227690378,0.16398943960666656,0.17274707853794097,3
9,L_ForeTwist_02,0.1448371484875679,0.1303238570690155,0.17274919152259827,3
81,RUpArmTwist_l_02,0.14458122352759042,0.1568511724472046,0.1706346392631531,3
21,RCalfTwist_02,0.14442585408687592,0.1244622990489006,0.1748690351843834,3
5,R_ForeTwist_01,0.14438548932472864,0.10537322610616684,0.23233794420957565,3
8,L_ForeTwist_01,0.14422968278328577,0.15023192763328552,0.18198969960212708,3
40,Bip001,0.14414583643277487,0.1429353505373001,0.1729886442422867,3
42,Bip001,0.14392598221699396,0.1322183758020401,0.16901744902133942,3
43,Bip001,0.1438805709282557,0.15358643233776093,0.18005580604076385,3
39,R_ForeTwist_02,0.14383979638417563,0.16114264726638794,0.16827685832977296,3
41,RCalfTwist_02,0.14379730075597763,0.13460813462734222,0.16820431649684905,3
77,RUpArmTwist_l_02,0.1436986451347669,0.15814702212810516,0.1880169004201889,3
39,RUpArmTwist_l_02,0.14366539319356283,0.14515529572963715,0.15536539256572723,3
7,L_ForeTwist_02,0.14324764162302017,0.11916736513376236,0.18436708003282548,3
64,LCalfTwist_02,0.14320930714408556,0.16779732704162598,0.2018543601036072,3
1,R_ForeTwist_02,0.14293863624334335,0.16066430509090424,0.19476546943187714,3
74,R_ForeTwist_02,0.14283262689908346,0.15308944880962372,0.15372969806194306,3
40,L_ForeTwist_01,0.14269927640755972,0.132897287607193,0.16492121815681457,3
35,RCalfTwist_01,0.14260044197241464,0.13936945796012878,0.1659214675426483,3
59,LCalfTwist_03,0.14255172262589136,0.104163758456707,0.22307569831609728,3
7,L_ForeTwist_01,0.14244523147741953,0.1452224999666214,0.1542315274477005,3
47,spine_01,0.14238505437970161,0.09834425896406174,0.24425376504659654,3
7,clavicle_r,0.1423791547616323,0.16238734126091003,0.1924319088459015,3
24,L_ForeTwist_02,0.1423721288641294,0.15327605605125427,0.16487595438957214,3
50,L_ForeTwist_02,0.14229587217171988,0.13291436433792114,0.15846818685531616,3
9,R_ForeTwist_02,0.1422952488064766,0.14045269787311554,0.17160545885562897,3
16,Bip001,0.14229320486386618,0.1455976963043213,0.1663272500038147,3
45,RUpArmTwist_l_01,0.14228234067559242,0.16267387568950653,0.21542294919490815,3
45,L_ForeTwist_01,0.14215020835399628,0.13199637830257416,0.17354172170162202,3
24,R_ForeTwist_02,0.14200554539759955,0.1554143726825714,0.15578606724739075,3
14,Bip001,0.14188801497220993,0.14813685417175293,0.16781816482543946,3
81,RCalfTwist_03,0.1418439969420433,0.1329277753829956,0.19521960020065307,3
39,RCalfTwist_02,0.14184130479892096,0.13590651750564575,0.16879388093948364,3
43,RUpArmTwist_l_01,0.14162784814834595,0.1724308878183365,0.17738620340824127,3
55,R_ForeTwist_02,0.14158457020918527,0.1453348994255066,0.15047760009765626,3
74,RCalfTwist_03,0.1415779987970988,0.129062682390213,0.2006519019603729,3
28,LCalfTwist_03,0.14156404758493105,0.11607255786657333,0.230556420981884,3
46,RCalfTwist_01,0.14155646910270056,0.1625286191701889,0.1706044167280197,3
58,LCalfTwist_02,0.14154287551840147,0.13341966271400452,0.22661736607551575,3
33,RCalfTwist_03,0.14145896335442862,0.1650935709476471,0.18876718878746032,3
2,R_ForeTwist_02,0.14141945665081343,0.18677030503749847,0.19541212022304535,3
49,R_ForeTwist_02,0.14126669615507126,0.14703746140003204,0.1657847434282303,3
14,RCalfTwist_03,0.14120132476091385,0.15755319595336914,0.17162561416625977,3
3,R_ForeTwist_02,0.14106280853350958,0.1026371642947197,0.2133689031004906,3
38,L_ForeTwist_02,0.1409618059794108,0.15286791324615479,0.18404320478439332,3
37,Bip001,0.14091739306847254,0.14956346154212952,0.1721234977245331,3
33,R_ForeTwist_02,0.14091237261891365,0.17412598431110382,0.19444502890110016,3
61,RCalfTwist_03,0.1406454419096311,0.1245374009013176,0.18078225702047349,3
17,Bip001,0.1404071698586146,0.15341858565807343,0.15711178481578827,3
83,RCalfTwist_02,0.1402902901172638,0.1442050188779831,0.1662866324186325,3
66,R_ForeTwist_02,0.14024711648623148,0.1319577842950821,0.155872705578804,3
35,Bip001,0.14019646992286047,0.13876226544380188,0.1773725926876068,3
10,L_ForeTwist_02,0.14018994818131128,0.14347240328788757,0.17096205353736876,3
38,RUpArmTwist_l_01,0.14008740584055582,0.12674717605113983,0.1723634570837021,3
56,R_ForeTwist_02,0.14008469631274542,0.13346098363399506,0.16058054864406585,3
60,R_ForeTwist_02,0.1399677892525991,0.15227995812892914,0.1559181421995163,3
68,LCalfTwist_02,0.13990552723407745,0.11874762922525406,0.19346179515123368,3
27,Bip001,0.13986895233392715,0.15692134201526642,0.16617001593112946,3
21,RCalfTwist_01,0.13977009057998657,0.14222081005573273,0.170293453335762,3
48,L_ForeTwist_01,0.13972711563110352,0.13059207797050476,0.1534693419933319,3
11,LCalfTwist_01,0.13968770951032639,0.14420224726200104,0.15640935003757478,3
23,L_ForeTwist_02,0.1395920068025589,0.1444004774093628,0.15985890626907348,3
18,RUpArmTwist_l_02,0.13956784208615622,0.1914767175912857,0.19738707840442657,3
6,L_ForeTwist_01,0.13956478238105774,0.13357576727867126,0.15942053198814393,3
38,LCalfTwist_01,0.1394023522734642,0.11176113784313202,0.1935623973608017,3
38,R_ForeTwist_02,0.13931707789500555,0.13620859384536743,0.1762856960296631,3
68,RCalfTwist_03,0.1391604890426,0.13750571012496948,0.18130078315734863,3
3,clavicle_l,0.13912312438090643,0.1208435520529747,0.2096694990992546,3
8,Bip001,0.1390709529320399,0.1316157579421997,0.1858642578125,3
36,L_ForeTwist_02,0.13903637727101645,0.15279099345207214,0.17617364525794982,3
57,R_ForeTwist_02,0.13899300495783487,0.13235828280448914,0.15344352126121522,3
54,LCalfTwist_01,0.13881217191616693,0.1493116319179535,0.15819775462150573,3
37,R_ForeTwist_02,0.13870450109243393,0.12214822322130203,0.1698583498597145,3
41,Bip001,0.13867885371049246,0.13619528710842133,0.14724579751491546,3
45,R_ForeTwist_02,0.13843072454134622,0.12614604830741882,0.19144873023033143,3
48,R_ForeTwist_02,0.13821579764286676,0.1372944414615631,0.15604186654090882,3
75,RUpArmTwist_l_02,0.1380877917011579,0.13305789232254028,0.1533500075340271,3
47,RUpArmTwist_r_02,0.1380816213786602,0.18248802423477173,0.18812175989151,3
33,R_ForeTwist_01,0.13800606628259024,0.168173149228096,0.17851419746875763,3
74,RCalfTwist_02,0.13796441753705344,0.15427441895008087,0.15760007202625276,3
32,R_ForeTwist_01,0.13782431681950888,0.1437026411294937,0.18377793133258818,3
31,R_ForeTwist_02,0.13779780517021814,0.15325607359409332,0.1990038424730301,3
52,R_ForeTwist_02,0.1377204159895579,0.13785602152347565,0.18681122362613678,3
16,LCalfTwist_01,0.13771025588115057,0.13094653189182281,0.17872665226459503,3
40,R_ForeTwist_02,0.13768120110034943,0.15413352847099304,0.17087797522544862,3
48,RCalfTwist_02,0.1376787374416987,0.155518040060997,0.1899738520383835,3
83,LCalfTwist_03,0.13756356885035834,0.09088920801877975,0.20741282552480697,3
29,L_ForeTwist_02,0.13745025545358658,0.15469785034656525,0.15848927795886994,3
46,L_ForeTwist_02,0.13719816009203592,0.16051806509494781,0.17333249151706695,3
33,L_ForeTwist_02,0.13716734449068704,0.14368553459644318,0.15594864189624785,3
70,R_ForeTwist_02,0.1371454248825709,0.1430797278881073,0.15789948105812074,3
49,LCalfTwist_02,0.13700510809818903,0.15052174031734467,0.16939303576946257,3
40,RCalfTwist_02,0.1369082952539126,0.11104246228933334,0.17842073887586593,3
31,L_ForeTwist_02,0.13669095685084662,0.14180415868759155,0.14875167608261108,3
71,RCalfTwist_03,0.13667765259742737,0.11636737734079361,0.18731673508882524,3
67,R_ForeTwist_02,0.13661926736434302,0.14697152376174927,0.15330575704574584,3
33,Bip001,0.13660305738449097,0.12148182839155197,0.17155443280935287,3
73,R_ForeTwist_02,0.13657057782014212,0.13675448298454285,0.13818350434303284,3
30,Bip001,0.13653596490621567,0.1535109579563141,0.17330201268196105,3
35,RCalfTwist_03,0.13647953669230142,0.15474344789981842,0.1789730578660965,3
63,L_ForeTwist_02,0.13637821127971014,0.15108755230903625,0.15750905871391296,3
76,R_ForeTwist_02,0.13635031878948212,0.12800554931163788,0.15369337499141694,3
5,L_ForeTwist_02,0.13633560140927634,0.13180075585842133,0.1548898309469223,3
32,Bip001,0.1360977590084076,0.13623163104057312,0.17396623492240906,3
35,RCalfTwist_02,0.13603603094816208,0.1199571043252945,0.1685229331254959,3
25,LCalfTwist_03,0.13602768381436667,0.1233978122472763,0.2017432063817978,3
44,L_ForeTwist_01,0.13596284886201224,0.1041748970746994,0.18846939504146576,3
21,L_ForeTwist_02,0.13572434335947037,0.13880477845668793,0.15681516826152803,3
15,RUpArmTwist_l_02,0.13570084050297737,0.1801610291004181,0.18831058144569396,3
41,RUpArmTwist_r_02,0.1355622559785843,0.1328401118516922,0.1851705342531204,3
61,RCalfTwist_02,0.13545202215512595,0.12165778130292892,0.16217745393514632,3
62,L_ForeTwist_02,0.13542919357617697,0.14814196527004242,0.15227584540843964,3
70,LCalfTwist_02,0.13523314396540323,0.09521735459566116,0.19130555540323257,3
42,L_ForeTwist_02,0.13512852042913437,0.11145246773958206,0.17886139303445817,3
29,R_ForeTwist_02,0.1350977619489034,0.13426288962364197,0.16898035407066345,3
33,LCalfTwist_01,0.13504443814357123,0.12386275082826614,0.1691541329026222,3
7,Bip001,0.13493799914916357,0.09678635746240616,0.18985619097948075,3
24,Bip001,0.13493155439694723,0.15436966717243195,0.15997109711170196,3
63,LCalfTwist_03,0.13486389815807343,0.12842118740081787,0.18291834592819214,3
34,Bip001,0.1347899412115415,0.12674729526042938,0.15818932950496672,3
9,RUpArmTwist_l_02,0.13455766687790552,0.1392434984445572,0.14750039875507354,3
62,LCalfTwist_03,0.1343905876080195,0.1310882717370987,0.17989530861377717,3
64,RCalfTwist_02,0.1343327760696411,0.13363920152187347,0.14926427304744722,3
72,R_ForeTwist_02,0.134207084774971,0.12480711191892624,0.16262062638998032,3
41,RCalfTwist_01,0.13419833530982336,0.11447469145059586,0.1837233856320381,3
6,RCalfTwist_01,0.13403818507989249,0.1335449516773224,0.158581680059433,3
27,LCalfTwist_03,0.13394310077031454,0.12335111200809479,0.2214290052652359,3
5,RUpArmTwist_r_02,0.13365875681241354,0.13257180154323578,0.17310230433940887,3
13,R_ForeTwist_02,0.13353737195332846,0.12255339324474335,0.16073552072048186,3
34,L_ForeTwist_02,0.13351147125164667,0.13356855511665344,0.15675035119056702,3
5,L_ForeTwist_01,0.13348097602526346,0.13400645554065704,0.16717130243778228,3
40,RCalfTwist_01,0.13333586603403091,0.1573912650346756,0.17232965528964997,3
22,RCalfTwist_03,0.13326319555441538,0.17774823307991028,0.18198898434638977,3
7,RUpArmTwist_l_02,0.13322582095861435,0.13867835700511932,0.15766516625881194,3
51,LCalfTwist_03,0.1328515037894249,0.11561325192451477,0.16086739897727967,3
49,L_ForeTwist_02,0.1327095404267311,0.1404763013124466,0.15628508627414703,3
36,R_ForeTwist_02,0.13256883372863135,0.1390521377325058,0.1464971512556076,3
30,R_ForeTwist_02,0.13235657413800558,0.11363499611616135,0.17271507829427718,3
49,clavicle_r,0.13226462652285895,0.1520855724811554,0.19339690804481507,3
3,RUpArmTwist_l_02,0.13222524027029672,0.10051415860652924,0.18748856484889984,3
26,Bip001,0.1321152076125145,0.14775414764881134,0.16042918264865874,3
30,RUpArmTwist_l_02,0.13157213479280472,0.17930319905281067,0.1860306441783905,3
3,RCalfTwist_01,0.13135354469219843,0.1421031802892685,0.15896058976650237,3
3,L_ForeTwist_02,0.13121820241212845,0.16798879206180573,0.18644243776798247,3
6,Bip001,0.13118030379215875,0.1100071594119072,0.1794291242957115,3
6,L_ForeTwist_02,0.1311410740017891,0.12267302721738815,0.1510402664542198,3
77,R_ForeTwist_02,0.1310639244814714,0.13249599933624268,0.19067734479904175,3
50,RCalfTwist_03,0.1310372253259023,0.1438807100057602,0.17549037635326387,3
38,RUpArmTwist_l_02,0.13090506941080093,0.1317102015018463,0.14957093596458435,3
26,L_ForeTwist_02,0.1309012770652771,0.13890931010246277,0.14127817749977112,3
45,L_ForeTwist_02,0.13059801359971365,0.13006903231143951,0.136099711060524,3
58,LCalfTwist_03,0.1305586894353231,0.12179349362850189,0.17762617766857147,3
47,L_ForeTwist_02,0.1305184798936049,0.13371044397354126,0.18456269502639772,3
14,RCalfTwist_02,0.1304264242450396,0.12681375443935394,0.16723547875881195,3
62,RCalfTwist_02,0.1303833176692327,0.12119986861944199,0.1452398344874382,3
33,RCalfTwist_02,0.13026576985915503,0.11324039101600647,0.16574121117591858,3
48,L_ForeTwist_02,0.13025563955307007,0.12642377614974976,0.14672964811325073,3
13,Bip001,0.1301854501167933,0.1465190201997757,0.1542052298784256,3
18,Bip001,0.12993171314398447,0.14394085109233856,0.1503760665655136,3
47,LCalfTwist_03,0.1299302081267039,0.10649704933166504,0.1844031810760498,3
46,R_ForeTwist_02,0.12980975955724716,0.11265689879655838,0.16538779884576799,3
59,LCalfTwist_01,0.12943766514460245,0.1421341598033905,0.1468885838985443,3
17,RCalfTwist_02,0.12935726592938104,0.12300919741392136,0.1668998584151268,3
83,LCalfTwist_01,0.12931247303883234,0.15224233269691467,0.15969104170799256,3
75,R_ForeTwist_02,0.1292193904519081,0.14104396104812622,0.14825459718704223,3
38,LCalfTwist_03,0.12912753224372864,0.12534429132938385,0.13956057131290436,3
4,L_ForeTwist_02,0.128854309519132,0.1360066682100296,0.1393566757440567,3
22,L_ForeTwist_02,0.12883792569239935,0.11139874905347824,0.15325842946767806,3
48,LCalfTwist_03,0.1287365381916364,0.08931136876344681,0.19270078092813492,3
20,L_ForeTwist_02,0.12839244802792868,0.1216261237859726,0.1482215255498886,3
5,Bip001,0.12829564760128656,0.1156625747680664,0.18686895370483397,3
25,Bip001,0.12825570503870645,0.1445551961660385,0.15429019629955293,3
72,RUpArmTwist_l_02,0.128047284980615,0.11326926946640015,0.17327735424041749,3
65,L_ForeTwist_02,0.1279097000757853,0.13353970646858215,0.13612117171287536,3
32,R_ForeTwist_02,0.1276552528142929,0.1535157412290573,0.187209615111351,3
32,L_ForeTwist_02,0.12745521714289984,0.13504356145858765,0.14524732828140258,3
62,R_ForeTwist_02,0.1272685875495275,0.11813811212778091,0.15224622040987015,3
85,LCalfTwist_03,0.12692227214574814,0.10973472148180008,0.16556480079889296,3
49,LCalfTwist_03,0.12689312671621641,0.07473032921552658,0.21920214742422106,3
7,LCalfTwist_03,0.12682379161318144,0.11380425095558167,0.21288858056068422,3
63,R_ForeTwist_02,0.12649384389321008,0.12197337299585342,0.14844195395708085,3
28,R_ForeTwist_02,0.12593959520260492,0.1421470046043396,0.1439842939376831,3
23,Bip001,0.12583773334821066,0.14022196829319,0.14711038172245025,3
43,L_ForeTwist_02,0.12579589833815893,0.1111961305141449,0.19275510907173157,3
28,L_ForeTwist_02,0.12572587778170904,0.1325700283050537,0.13979202508926392,3
25,L_ForeTwist_02,0.12570650627215704,0.13400836288928986,0.13850689232349395,3
49,RCalfTwist_02,0.1256824309627215,0.12115179002285004,0.1351091593503952,3
6,RCalfTwist_02,0.1254523148139318,0.12750960886478424,0.14977811872959138,3
3,LCalfTwist_03,0.12544591228167215,0.14241711795330048,0.18670465648174286,3
81,R_ForeTwist_02,0.12513091415166855,0.11263708770275116,0.15021929442882537,3
33,RUpArmTwist_l_01,0.12509157260258993,0.1134430393576622,0.20075747221708298,3
45,RCalfTwist_01,0.12490538507699966,0.1234680637717247,0.18486451357603073,3
11,RCalfTwist_01,0.12489183464397986,0.15339769423007965,0.20077193081378936,3
9,Bip001,0.12486463536818822,0.11881278455257416,0.15583724677562713,3
59,RCalfTwist_02,0.1248210941751798,0.1234808936715126,0.1448391631245613,3
84,R_ForeTwist_02,0.12479234486818314,0.11170361936092377,0.1626836270093918,3
45,RUpArmTwist_l_02,0.12462400396664937,0.11779660731554031,0.15980811268091202,3
16,L_ForeTwist_02,0.12458994487921397,0.12829631567001343,0.1575433135032654,3
44,Bip001,0.12447035561005275,0.10112521052360535,0.18038780093193055,3
21,Bip001,0.12444303184747696,0.13465730845928192,0.14760070741176606,3
34,R_ForeTwist_02,0.12439114600419998,0.12410834431648254,0.14335668683052064,3
53,RCalfTwist_03,0.12432227283716202,0.1221650019288063,0.1327811673283577,3
83,R_ForeTwist_02,0.12416067222754161,0.12956617772579193,0.13455441892147063,3
67,Bip001,0.12387978533903758,0.13576485216617584,0.1550181895494461,3
45,RCalfTwist_02,0.12382147212823232,0.15545092523097992,0.1565801352262497,3
66,Bip001,0.12368210901816686,0.13568177819252014,0.15649062991142274,3
2,LCalfTwist_03,0.12367447217305501,0.12706784904003143,0.18237803876399994,3
79,L_ForeTwist_02,0.1236615926027298,0.1341402381658554,0.14916246831417085,3
23,R_ForeTwist_02,0.12365120152632396,0.12676841020584106,0.12736459970474243,3
3,Bip001,0.12362528840700786,0.12068932503461838,0.1333417162299156,3
17,R_ForeTwist_02,0.123588927090168,0.12249458581209183,0.14969251304864883,3
47,R_ForeTwist_02,0.12356073160966237,0.09365210682153702,0.1659778907895088,3
75,L_ForeTwist_02,0.12341924756765366,0.11764611303806305,0.13985531628131867,3
19,L_ForeTwist_02,0.12338489790757497,0.11242392659187317,0.14052852988243103,3
4,L_ForeTwist_01,0.12331852813561757,0.1232212707400322,0.1419018968939781,3
13,L_ForeTwist_02,0.123163936038812,0.12359581142663956,0.13615917712450026,3
18,L_ForeTwist_02,0.12310566504796346,0.11554577946662903,0.15041409134864808,3
82,R_ForeTwist_02,0.12302133192618687,0.1458767205476761,0.15692067444324492,3
11,Bip001,0.12287882963816325,0.13327009975910187,0.16045972406864167,3
58,RCalfTwist_02,0.12242288887500763,0.12800388038158417,0.15104651153087617,3
32,RUpArmTwist_l_01,0.12239527702331543,0.07999313622713089,0.1873478665947914,3
37,L_ForeTwist_02,0.12238799780607224,0.12725621461868286,0.1470855951309204,3
17,L_ForeTwist_02,0.12208320945501328,0.12761805951595306,0.15669221580028533,3
22,Bip001,0.12179316580295563,0.13106682896614075,0.14841554760932923,3
11,LCalfTwist_02,0.1215960830450058,0.13081352412700653,0.17176400125026703,3
48,RUpArmTwist_l_02,0.12118657554189365,0.14426183700561523,0.15551084280014038,3
77,L_ForeTwist_02,0.12117945651213329,0.11268695443868637,0.13858314007520675,3
81,L_ForeTwist_02,0.12103154261906941,0.124024897813797,0.13904878497123718,3
55,RUpArmTwist_l_01,0.12083560228347778,0.11438199132680893,0.14731893986463546,3
67,LCalfTwist_01,0.12080282966295879,0.11522389203310013,0.16171183735132216,3
85,R_ForeTwist_02,0.12079411496718724,0.11644022911787033,0.15486150830984116,3
20,Bip001,0.12065055718024571,0.13231050968170166,0.14738707542419432,3
47,Bip001,0.12017201880613963,0.12545640766620636,0.1492396265268326,3
56,LCalfTwist_01,0.12003543227910995,0.11687103658914566,0.15130012780427932,3
60,Bip001,0.11989092578490575,0.10991039872169495,0.16403769850730895,3
14,L_ForeTwist_02,0.11979424208402634,0.12009556591510773,0.1516034871339798,3
80,L_ForeTwist_02,0.11978358775377274,0.11629831045866013,0.13415020555257798,3
1,RCalfTwist_01,0.11974693089723587,0.13530351221561432,0.14349597990512847,3
81,RCalfTwist_02,0.11960072318712871,0.10930969566106796,0.13592266291379929,3
47,RUpArmTwist_l_02,0.11931034674247105,0.10218029469251633,0.1683644637465477,3
50,R_ForeTwist_02,0.11894004046916962,0.13217510282993317,0.14077096283435822,3
46,Bip001,0.11889670540889104,0.11928411573171616,0.1609640523791313,3
45,Bip001,0.11884483695030212,0.0876600593328476,0.169468292593956,3
30,L_ForeTwist_02,0.11882385859886806,0.1296391636133194,0.13278456032276154,3
48,Bip001,0.11851219832897186,0.11417406797409058,0.1342219114303589,3
82,RCalfTwist_02,0.11843344817558925,0.10446538031101227,0.14634261429309844,3
19,Bip001,0.11841342846552531,0.12208939343690872,0.14086812883615493,3
78,RUpArmTwist_l_02,0.11804616451263428,0.13089820742607117,0.14180560708045958,3
27,L_ForeTwist_02,0.11726853499809901,0.12651950120925903,0.13138729333877563,3
66,L_ForeTwist_02,0.11724557727575302,0.1155584380030632,0.12217158526182174,3
39,L_ForeTwist_02,0.11698838323354721,0.12655757367610931,0.14240836799144746,3
64,Bip001,0.11693212389945984,0.11938043683767319,0.1524709865450859,3
54,RUpArmTwist_l_01,0.1168646402657032,0.0971427708864212,0.1881327897310257,3
70,Bip001,0.11683863401412964,0.12146718055009842,0.1492576852440834,3
63,RCalfTwist_03,0.116763470073541,0.09647805988788605,0.16277511417865753,3
64,L_ForeTwist_02,0.11658044159412384,0.12431886047124863,0.1309055730700493,3
65,Bip001,0.11657798538605373,0.12177874147891998,0.15447812378406525,3
14,R_ForeTwist_02,0.11657082413633664,0.09385538846254349,0.19062181860208513,3
55,LCalfTwist_01,0.11610452830791473,0.11982700973749161,0.13041681796312332,3
43,LCalfTwist_03,0.11570593466361363,0.11721489578485489,0.1300538495182991,3
2,Bip001,0.11569807430108388,0.09959602355957031,0.14804627895355224,3
68,Bip001,0.1155593494574229,0.11730596423149109,0.15031338334083558,3
62,RCalfTwist_03,0.11488887667655945,0.08844748884439468,0.16302948743104934,3
6,RUpArmTwist_l_02,0.114708561450243,0.15066590905189514,0.15970041155815123,3
4,R_ForeTwist_02,0.1141022319595019,0.10781079530715942,0.1253143548965454,3
82,L_ForeTwist_02,0.11409180859724681,0.11777517944574356,0.12350027710199356,3
78,L_ForeTwist_02,0.1139350359638532,0.12860359251499176,0.1315216451883316,3
67,L_ForeTwist_02,0.11382557948430379,0.11528147011995316,0.11894548088312148,3
69,Bip001,0.11374655862649281,0.11260437965393066,0.1504327893257141,3
81,LCalfTwist_01,0.11369930704434712,0.13508619368076324,0.13788581192493438,3
21,RUpArmTwist_l_02,0.11369550476471584,0.1264776885509491,0.1449684202671051,3
40,L_ForeTwist_02,0.11353481064240138,0.12603439390659332,0.1309866338968277,3
16,R_ForeTwist_02,0.11346534391244252,0.09060481190681458,0.15728783011436462,3
27,R_ForeTwist_02,0.11345121264457703,0.12265949696302414,0.12544860690832138,3
10,Bip001,0.11322038372357686,0.10800659656524658,0.15364270210266112,3
35,R_ForeTwist_02,0.11300213634967804,0.11862487345933914,0.12490379959344863,3
50,LCalfTwist_01,0.11174506197373073,0.12327681481838226,0.13854375779628753,3
85,L_ForeTwist_02,0.11170074592034022,0.11282747983932495,0.1225142776966095,3
30,LCalfTwist_03,0.11156237994631131,0.11183289438486099,0.16607392579317093,3
62,Bip001,0.11123499274253845,0.10756690800189972,0.15031916201114653,3
41,L_ForeTwist_02,0.11091935634613037,0.11225920170545578,0.12049971669912338,3
71,Bip001,0.11091144134600957,0.10714919865131378,0.14977904856204988,3
83,L_ForeTwist_02,0.11085754136244456,0.11062516272068024,0.11300088465213776,3
63,Bip001,0.11075313886006673,0.10424574464559555,0.15152734965085984,3
21,LCalfTwist_03,0.1103776420156161,0.11233264207839966,0.11483051776885986,3
68,L_ForeTwist_02,0.10993958512941997,0.11850303411483765,0.12413660287857056,3
73,L_ForeTwist_02,0.10983474552631378,0.10938301682472229,0.12207478880882264,3
49,Bip001,0.10926871250073115,0.10598915070295334,0.11615902632474899,3
59,Bip001,0.10899475713570912,0.0877271294593811,0.16078321933746337,3
15,R_ForeTwist_02,0.1089358019332091,0.10328639298677444,0.15201364904642106,3
15,L_ForeTwist_02,0.10889549801747005,0.10217226296663284,0.13412275463342666,3
58,Bip001,0.10819518317778905,0.07767675817012787,0.16682885587215424,3
57,Bip001,0.10803650816281636,0.07511536777019501,0.16690236032009126,3
11,RUpArmTwist_l_02,0.10781499495108922,0.11147183924913406,0.12194456607103348,3
59,L_ForeTwist_02,0.10748881598313649,0.11292605102062225,0.12576561868190766,3
69,RCalfTwist_03,0.10742860039075215,0.11756440252065659,0.14223832339048387,3
84,L_ForeTwist_02,0.10709006836016972,0.10426139831542969,0.11724381446838379,3
72,L_ForeTwist_02,0.10694948335488637,0.10633882135152817,0.11601475924253464,3
73,LCalfTwist_01,0.10674936821063359,0.11346389353275299,0.1442374974489212,3
76,L_ForeTwist_02,0.10652496169010799,0.11146032810211182,0.12028324604034424,3
61,Bip001,0.10650380328297615,0.08061249554157257,0.15730421841144562,3
55,Bip001,0.1064004252354304,0.07275009900331497,0.15838854461908342,3
51,LCalfTwist_02,0.1061344010134538,0.04950237274169922,0.1892609238624573,3
69,L_ForeTwist_02,0.10606095939874649,0.1135178953409195,0.12120603621006013,3
1,Bip001,0.10601777583360672,0.11121087521314621,0.12891198247671126,3
70,L_ForeTwist_02,0.10594421625137329,0.10648781806230545,0.11116737872362137,3
78,Bip001,0.10585430512825648,0.09811004251241684,0.13698946684598923,3
22,R_ForeTwist_02,0.10560858498016994,0.10523469746112823,0.10760086476802826,3
17,LCalfTwist_03,0.10548673570156097,0.06027541309595108,0.18308469802141192,3
57,LCalfTwist_01,0.10527330140272777,0.12466761469841003,0.12637128233909606,3
72,Bip001,0.10486433903376262,0.10119070112705231,0.13579724133014678,3
56,Bip001,0.10483726114034653,0.07601302862167358,0.15563031435012817,3
53,Bip001,0.10471485058466594,0.08223706483840942,0.14663772583007811,3
54,Bip001,0.10448082039753596,0.06920928508043289,0.15466637760400773,3
85,Bip001,0.10394273449977239,0.09031321108341217,0.12668463289737703,3
0,Bip001,0.10322753091653188,0.10673751682043076,0.1322585389018059,3
53,L_ForeTwist_02,0.10296167433261871,0.1210159957408905,0.12432796359062195,3
56,L_ForeTwist_02,0.1025932307044665,0.11294280737638474,0.1211015447974205,3
7,R_ForeTwist_02,0.10257137070099513,0.10456573963165283,0.1048212468624115,3
74,L_ForeTwist_02,0.10194851954778035,0.1088886708021164,0.11013379991054535,3
84,Bip001,0.10183121512333553,0.09692776203155518,0.13807692527770996,3
58,L_ForeTwist_02,0.10075069963932037,0.10902249068021774,0.11159348338842393,3
82,Bip001,0.10046979288260142,0.08413222432136536,0.13130869269371032,3
61,L_ForeTwist_02,0.10017760594685872,0.1090751439332962,0.11654349863529205,3
71,L_ForeTwist_02,0.09958478808403015,0.1053655743598938,0.1157943606376648,3
8,R_ForeTwist_02,0.09742403030395508,0.10193216055631638,0.1068992480635643,3
74,Bip001,0.09671074151992798,0.0822218731045723,0.1328837528824806,3
83,Bip001,0.09599988162517548,0.07811159640550613,0.12549820095300673,3
55,L_ForeTwist_02,0.09561018894116084,0.10196366161108017,0.11123800724744796,3
35,RUpArmTwist_l_02,0.09553453077872594,0.11201310157775879,0.12074046134948731,3
52,Bip001,0.09520825246969859,0.06500368565320969,0.1426253780722618,3
44,LCalfTwist_03,0.09420762956142426,0.08409635722637177,0.11160158216953278,3
23,LCalfTwist_03,0.0930790255467097,0.06683310866355896,0.15158795714378356,3
54,L_ForeTwist_02,0.09304950634638469,0.0989614948630333,0.11160749047994614,3
6,R_ForeTwist_02,0.09278621027867,0.09259947389364243,0.10204284042119979,3
75,LCalfTwist_01,0.09275499731302261,0.08954133093357086,0.12588076889514924,3
57,L_ForeTwist_02,0.09242567420005798,0.09939314424991608,0.10015752017498017,3
79,Bip001,0.09239794810612996,0.08843862265348434,0.11507130116224289,3
61,RUpArmTwist_l_01,0.09234183530012767,0.06161355599761009,0.14839981719851494,3
24,LCalfTwist_03,0.09233346829811732,0.07794074714183807,0.14751964509487153,3
81,Bip001,0.08948190261920293,0.07932281494140625,0.11259101629257202,3
51,Bip001,0.08923718705773354,0.06603323668241501,0.134823177754879,3
73,Bip001,0.08909348274270694,0.07206545770168304,0.12144655883312226,3
50,Bip001,0.08845251550277074,0.08401524275541306,0.10370772331953049,3
76,Bip001,0.08841664964954059,0.07340731471776962,0.1211897537112236,3
22,LCalfTwist_03,0.08595775812864304,0.06801703572273254,0.1288345515727997,3
80,Bip001,0.08437188218037288,0.07943343371152878,0.10690507143735886,3
52,L_ForeTwist_02,0.08061523983875911,0.06612034887075424,0.1038063570857048,3
77,Bip001,0.07777657732367516,0.06450515985488892,0.1006492018699646,3
75,Bip001,0.072813185552756,0.057397402822971344,0.0959409549832344,3
5,R_ForeTwist_02,0.06943902000784874,0.07836481928825378,0.09081705808639526,3
20,LCalfTwist_03,0.06580300504962604,0.03920915722846985,0.110403972864151,3
