sic,bone,mean_deg,p50_deg,p90_deg,count
13,foot_l,4.512430429458618,4.709707736968994,4.888192081451416,3
32,calf_l,3.4830538431803384,3.3935635089874268,3.8069889545440674,3
37,foot_l,3.463517983754476,3.604154348373413,3.6405669689178466,3
14,foot_l,3.3729018370310464,3.4425437450408936,3.7930722713470457,3
53,ball_r,3.2962363560994468,3.3094019889831543,3.4014674186706544,3
33,foot_l,3.2500503063201904,3.159205913543701,3.504164218902588,3
13,ball_l,3.09152889251709,3.0561363697052,3.32064003944397,3
31,foot_l,2.8101457754770913,2.4028666019439697,3.424864625930786,3
53,foot_r,2.6350967486699424,2.978425979614258,3.0693376541137694,3
18,calf_l,2.56911563873291,2.674750804901123,2.7961039543151855,3
32,foot_l,2.519866387049357,2.6040594577789307,2.7198776721954347,3
17,calf_l,2.4640046755472818,2.184978485107422,2.973133850097656,3
52,ball_r,2.3002772331237793,2.4059362411499023,2.423898696899414,3
32,thigh_l,2.285976012547811,2.2197275161743164,2.4667272567749023,3
37,calf_l,2.2276633580525718,2.1115994453430176,2.451836109161377,3
71,calf_l,2.041029969851176,1.857306718826294,2.3645601749420164,3
38,foot_l,1.9997390111287434,1.8786388635635376,2.2680886507034304,3
28,calf_l,1.98119060198466,2.011622190475464,2.44685320854187,3
24,calf_l,1.9392173290252686,2.0668413639068604,2.148009157180786,3
64,calf_r,1.8592030207316081,1.9464682340621948,2.120260405540466,3
36,calf_l,1.8322654167811077,1.8085764646530151,2.0450381994247437,3
6,ball_l,1.7984225352605183,1.7528468370437622,1.902748703956604,3
31,thigh_l,1.7583028078079224,1.6295892000198364,2.0789425134658814,3
27,foot_l,1.7381887038548787,1.5630663633346558,2.02383668422699,3
85,calf_r,1.7291744152704875,1.7580249309539795,1.871107244491577,3
51,foot_r,1.6953849792480469,1.6682674884796143,1.7639145374298095,3
29,calf_l,1.6863402525583904,1.57209312915802,2.214601922035217,3
15,foot_l,1.6852247317632039,1.7216248512268066,1.8830676078796387,3
7,ball_l,1.6746424039204915,1.6660709381103516,1.7108375549316406,3
54,foot_r,1.638835350672404,1.7948330640792847,1.986760687828064,3
37,thigh_l,1.6366416215896606,1.624941349029541,1.79168701171875,3
71,calf_r,1.5707638263702393,1.477394461631775,1.7019790410995483,3
85,foot_r,1.5459492603937786,1.5346612930297852,1.7406463623046875,3
18,foot_l,1.5354889233907063,1.7320146560668945,1.7464577674865722,3
81,calf_r,1.4970920483271282,1.5428147315979004,1.6245914459228517,3
55,calf_r,1.4576865037282307,1.4631820917129517,1.5988128900527954,3
5,foot_l,1.4429489374160767,1.3559986352920532,1.7280388116836547,3
40,foot_l,1.4365220467249553,1.6311558485031128,1.633716082572937,3
41,foot_l,1.3918247818946838,1.5840559005737305,1.670923900604248,3
22,foot_l,1.376088559627533,1.2527711391448975,1.756524419784546,3
55,foot_r,1.3596300681432087,1.2042657136917114,1.6183860063552857,3
74,foot_r,1.341479778289795,1.2998955249786377,1.5007341861724854,3
22,thigh_l,1.3315164645512898,1.2686859369277954,1.4483025789260864,3
27,calf_l,1.3241814374923706,1.4976822137832642,1.6373293161392213,3
58,foot_r,1.277145783106486,1.2911263704299927,1.5075007677078247,3
71,foot_r,1.2664851546287537,1.1455813646316528,1.7605515718460083,3
24,foot_l,1.2216714024543762,1.3151943683624268,1.630096673965454,3
20,calf_l,1.2176026105880737,1.4926382303237915,1.5562860727310182,3
53,thigh_l,1.2086865305900574,1.4374457597732544,1.522730278968811,3
56,foot_r,1.2020328839619954,1.2351412773132324,1.2359169006347657,3
64,lowerarm_l,1.1910111506779988,1.4507461786270142,1.5395440340042115,3
17,foot_l,1.1821965376536052,1.380759358406067,1.467121148109436,3
34,foot_l,1.1754560470581055,1.1467534303665161,1.231982445716858,3
40,ball_l,1.173915942509969,1.1820127964019775,1.2732540607452392,3
11,foot_l,1.1580263177553813,0.9237999320030212,1.4917465090751647,3
65,upperarm_l,1.1516475876172383,0.9321439862251282,1.5585070252418518,3
26,hand_r,1.1493383248647053,1.1269243955612183,1.2801271200180053,3
62,lowerarm_l,1.144302229086558,1.2068860530853271,1.4270461559295655,3
59,upperarm_l,1.1429556409517925,1.3391335010528564,1.3757084369659425,3
14,calf_l,1.140864630540212,1.1834355592727661,1.307964825630188,3
33,calf_l,1.1307661334673564,0.930008590221405,1.5096428275108338,3
52,calf_r,1.1214712063471477,1.1989998817443848,1.2267454147338868,3
58,upperarm_l,1.1136518716812134,1.3484834432601929,1.4504173040390014,3
38,thigh_l,1.1066914995511372,1.080885410308838,1.2469386100769042,3
53,upperarm_l,1.1030063033103943,1.091098666191101,1.2680217504501343,3
74,thigh_r,1.0874948104222615,1.1929444074630737,1.4009847402572633,3
21,foot_l,1.0796183149019878,0.9822301864624023,1.3469915390014648,3
67,thigh_l,1.076885203520457,1.194168210029602,1.4118976831436156,3
57,lowerarm_l,1.0765931804974873,1.333386778831482,1.3837700605392456,3
57,upperarm_l,1.0751816630363464,1.267115831375122,1.393367624282837,3
31,calf_l,1.0664753317832947,0.9027490019798279,1.4866339564323425,3
54,ball_r,1.061741014321645,0.9947900772094727,1.1688199996948243,3
56,thigh_r,1.0589967568715413,1.115910291671753,1.1950300693511964,3
6,foot_l,1.047245721022288,0.9158411622047424,1.2423050999641418,3
56,lowerarm_l,1.0454817016919453,1.2779386043548584,1.3148413181304932,3
6,calf_l,1.0427816311518352,0.8566558361053467,1.3654344081878662,3
33,thigh_l,1.0325811703999836,1.0710422992706299,1.0946909427642821,3
30,lowerarm_l,1.0296852389971416,1.138076663017273,1.1757919073104859,3
18,hand_l,1.0257220268249512,1.0297188758850098,1.1062936782836914,3
36,foot_l,1.0246185660362244,1.2286127805709839,1.2350650548934936,3
26,hand_l,1.022489845752716,0.9336066246032715,1.158181381225586,3
20,hand_l,1.019023021062215,0.9873435497283936,1.1116610050201416,3
59,thigh_r,1.0138222972551982,0.9819406867027283,1.2180197596549989,3
4,hand_r,1.0073031981786091,1.0972468852996826,1.1148666858673095,3
57,thigh_r,1.002095341682434,1.0076521635055542,1.1249448537826539,3
66,upperarm_l,0.9999188780784607,1.0496960878372192,1.2115962266921998,3
78,calf_r,0.9961802363395691,1.0722246170043945,1.1321683883666993,3
57,foot_r,0.996076226234436,0.9562771916389465,1.3340416550636292,3
36,thigh_l,0.9959381222724915,0.9498897790908813,1.0667511224746704,3
62,upperarm_l,0.9850906729698181,0.8222893476486206,1.3742745161056518,3
62,thigh_l,0.9730517566204071,1.1867039203643799,1.3383910655975342,3
62,hand_l,0.9702656666437784,1.0525541305541992,1.0718879699707031,3
59,foot_r,0.9600204229354858,1.0263088941574097,1.0953678846359254,3
2,hand_r,0.9562003413836161,0.9794161319732666,1.0647776126861572,3
67,calf_l,0.9521650671958923,1.0574374198913574,1.2144903182983398,3
64,thigh_l,0.9498622814814249,1.0314334630966187,1.2344802618026733,3
40,thigh_l,0.9475157459576925,1.0665721893310547,1.071657371520996,3
16,calf_l,0.9470374385515848,1.147375226020813,1.3083662271499634,3
16,foot_l,0.9458147684733073,0.8580759167671204,1.4807871460914612,3
62,ball_l,0.936016579469045,0.8275379538536072,1.1208475947380065,3
72,lowerarm_l,0.9338281353314718,1.111633062362671,1.2301283359527588,3
72,calf_l,0.92678831020991,0.8117070198059082,1.153905200958252,3
84,thigh_l,0.9240482648213705,0.9421560764312744,1.1486546039581298,3
46,ball_r,0.9217249949773153,0.8043181300163269,1.2311511397361756,3
84,calf_l,0.9202180107434591,0.7943586707115173,1.1263700366020202,3
7,foot_l,0.9190854132175446,1.109246850013733,1.2849476099014283,3
21,thigh_l,0.9176413416862488,0.8750630021095276,1.0286606907844544,3
65,calf_r,0.9156686067581177,0.9544369578361511,1.0636453986167909,3
11,calf_l,0.9072866638501486,0.8776960372924805,1.18139705657959,3
2,lowerarm_l,0.9025692145029703,0.843695342540741,1.0178958296775817,3
35,thigh_l,0.901498039563497,0.9379939436912537,0.9679561972618103,3
29,foot_l,0.8962148229281107,0.9520456790924072,1.3170081615447997,3
10,foot_l,0.8897812366485596,0.8830485939979553,0.9880919575691223,3
58,thigh_r,0.8808518449465433,1.0026357173919678,1.083312749862671,3
34,thigh_r,0.8804279565811157,0.9555842280387878,1.1045337080955506,3
19,calf_l,0.8797104358673096,0.6080327033996582,1.293961524963379,3
61,foot_r,0.8767580588658651,0.7964508533477783,1.0180354595184327,3
71,thigh_r,0.8738730549812317,1.0329848527908325,1.0350981950759888,3
14,hand_r,0.8731433153152466,0.9085848331451416,0.9315996170043945,3
24,hand_r,0.867922047773997,0.8613801598548889,1.006674873828888,3
27,ball_l,0.8651562929153442,0.927269697189331,1.065713357925415,3
31,hand_l,0.8626200954119364,0.8521247506141663,0.9681228280067444,3
68,foot_r,0.8572465777397156,0.7874277830123901,1.1804600477218627,3
84,ball_l,0.8514519333839417,0.9616084694862366,1.063230049610138,3
13,hand_r,0.8470753828684489,0.7832542061805725,0.945505154132843,3
72,foot_r,0.8450175722440084,0.8783560395240784,0.893899405002594,3
71,foot_l,0.835544486840566,0.8465899229049683,1.007002329826355,3
34,hand_r,0.8349837263425192,0.8674716949462891,0.9737242698669434,3
54,thigh_l,0.8343344827493032,0.915325939655304,1.082772696018219,3
61,thigh_l,0.8333340088526408,0.6585993766784668,1.1318968772888183,3
60,foot_r,0.8324140061934789,1.064023733139038,1.2295652866363525,3
72,calf_r,0.8263408342997233,0.8831968307495117,1.00148286819458,3
30,foot_l,0.8237635890642802,0.8222280740737915,0.9096598386764526,3
39,foot_l,0.8231587409973145,0.8107112050056458,0.8795728325843811,3
76,upperarm_l,0.8187269965807596,0.8301277756690979,0.9925583004951477,3
67,calf_r,0.8150967558224996,0.7697845101356506,1.1113256573677064,3
34,calf_l,0.8150835831960043,0.7918508648872375,1.0306336998939514,3
59,ball_l,0.810696522394816,0.7286893129348755,0.9608987092971801,3
52,lowerarm_l,0.807967483997345,0.9623252153396606,0.967310118675232,3
64,upperarm_l,0.8068196773529053,0.7055224180221558,1.0736990690231323,3
27,hand_l,0.804253617922465,0.707323431968689,0.9547758817672729,3
62,thigh_r,0.8038461903731028,1.021985650062561,1.0649375200271607,3
19,lowerarm_l,0.7986476222674052,0.8296010494232178,1.0130788326263427,3
64,hand_l,0.7983294328053793,0.8985241055488586,0.9379656910896301,3
71,thigh_l,0.7974619964758555,0.5065392851829529,1.2656848788261414,3
52,thigh_l,0.7949002186457316,0.7726662755012512,1.0408207535743714,3
19,hand_l,0.7946905692418417,0.732232391834259,0.9372978806495667,3
28,foot_l,0.7906128267447153,0.5147438049316406,1.203048610687256,3
30,upperarm_l,0.7898348569869995,0.8262019157409668,0.9640865325927734,3
55,upperarm_l,0.7876674433549246,0.513065755367279,1.2655903697013855,3
19,foot_l,0.7866834923624992,1.0177310705184937,1.1895539999008178,3
42,foot_l,0.7860905925432841,0.7788227200508118,0.8015854477882385,3
63,hand_l,0.784338116645813,0.8494691848754883,0.9061760425567627,3
6,lowerarm_l,0.783029576142629,0.8277406096458435,0.8715991377830505,3
66,thigh_l,0.7806828419367472,0.7637893557548523,0.9700494170188904,3
20,foot_l,0.7771000862121582,0.8385357856750488,0.9646490097045899,3
20,upperarm_l,0.775430162747701,0.8024002313613892,0.8598552465438842,3
67,lowerarm_l,0.7688526709874471,0.8651139736175537,1.0441060543060303,3
75,foot_r,0.7658959627151489,0.7562363147735596,0.8575437068939209,3
30,hand_r,0.7651327053705851,0.7881403565406799,0.8043379426002503,3
61,upperarm_r,0.7632789015769958,0.7897782325744629,0.9164350986480713,3
5,calf_l,0.7623525857925415,0.588324785232544,1.0975956439971923,3
27,thigh_l,0.7612752318382263,0.9007540345191956,1.072948944568634,3
72,thigh_r,0.7588523427645365,0.7339359521865845,0.9569247484207153,3
34,foot_r,0.755400816599528,0.8071087002754211,0.8189734101295472,3
14,thigh_l,0.7537450790405273,0.8480684161186218,0.8942504763603211,3
55,thigh_r,0.7491594851016998,0.7525680661201477,0.9735533356666565,3
69,calf_r,0.7454555829366049,0.7210429906845093,1.0269909620285034,3
20,RUpArmTwist_r_01,0.7447075446446737,0.728513240814209,0.8816245555877685,3
67,upperarm_l,0.7425460815429688,0.8492454886436462,0.882962167263031,3
63,ball_l,0.7420868277549744,0.8118196725845337,0.862368369102478,3
68,thigh_l,0.7404193679491679,0.7734454274177551,0.9341215252876282,3
51,calf_r,0.7391394972801208,0.7094600200653076,0.9139646530151367,3
25,calf_l,0.7341844836870829,0.5369818210601807,1.1462019443511964,3
52,foot_r,0.7300732235113779,0.8110557794570923,0.9639095544815064,3
76,thigh_l,0.7294360597928365,0.733269989490509,0.7794792294502259,3
14,upperarm_r,0.7288078864415487,0.8484261631965637,0.8782059788703919,3
22,upperarm_r,0.7283609608809153,0.7693371772766113,0.9154654502868652,3
12,foot_l,0.7261329491933187,0.8281823992729187,0.8767974257469178,3
54,upperarm_l,0.7254334290822347,0.821011483669281,0.9446120142936707,3
52,upperarm_l,0.7230650186538696,0.6243914365768433,0.906900143623352,3
59,RUpArmTwist_l_01,0.7223197420438131,0.7407780885696411,0.900849986076355,3
16,lowerarm_l,0.721719483534495,0.7921977043151855,0.8670515060424805,3
74,lowerarm_l,0.7204971114794413,0.9318599104881287,1.0163013339042664,3
61,upperarm_l,0.7170983254909515,0.8820315599441528,0.902034068107605,3
2,foot_r,0.7162535389264425,0.7902429699897766,0.7968196988105773,3
19,upperarm_l,0.7122786442438761,0.7751115560531616,0.8022023439407349,3
57,calf_r,0.7109080652395884,0.6607022285461426,0.9107994556427002,3
38,thigh_r,0.7098401884237925,0.7037131786346436,0.992907190322876,3
56,upperarm_l,0.7069358130296072,0.6809026002883911,0.9948970079421997,3
59,lowerarm_l,0.7028835912545522,0.8706482648849487,0.9602057218551636,3
26,foot_l,0.7010767658551534,0.7535541653633118,0.8047800183296203,3
80,calf_r,0.7007899085680643,0.7153620719909668,0.8816855907440185,3
68,foot_l,0.700336237748464,0.688821017742157,0.7198025584220886,3
20,lowerarm_l,0.6972897251447042,0.6575028300285339,0.9239206194877625,3
61,hand_l,0.6968296766281128,0.6127123236656189,0.8219875693321228,3
74,thigh_l,0.6963700850804647,0.6906821131706238,0.7880101561546325,3
13,LCalfTwist_03,0.6952110528945923,0.692858874797821,0.7382767558097839,3
1,thigh_l,0.693192740281423,0.6576778292655945,0.7763368487358093,3
14,thigh_r,0.6916139423847198,0.8727849721908569,0.8812660932540893,3
63,upperarm_l,0.6908809542655945,0.7812814712524414,0.9523394584655762,3
55,upperarm_r,0.6900410354137421,0.5057804584503174,1.086172342300415,3
69,thigh_l,0.6883255441983541,0.7278704047203064,0.8382718443870545,3
21,hand_l,0.6872430642445883,0.7174032926559448,0.7444582223892212,3
63,thigh_l,0.6837799946467081,0.7080592513084412,0.8058300375938415,3
13,LCalfTwist_02,0.6800254185994467,0.6635825037956238,0.7456010222434998,3
65,foot_r,0.6792586942513784,0.8329896330833435,0.9083512663841248,3
68,thigh_r,0.6770818332831064,0.49650394916534424,0.9380642175674438,3
0,foot_r,0.6761830449104309,0.6607584357261658,0.7838328719139099,3
83,foot_r,0.675764799118042,0.6501146554946899,0.7444851160049438,3
83,thigh_l,0.6755374173323313,0.7598922252655029,0.7921638011932373,3
65,thigh_l,0.6750770409901937,0.6651141047477722,0.9793114066123962,3
20,upperarm_r,0.6726400752862295,0.5492651462554932,0.9354012966156006,3
25,hand_r,0.6707781553268433,0.6479228138923645,0.8224599957466125,3
78,lowerarm_l,0.6684530079364777,0.7980268001556396,0.8486500263214112,3
22,calf_l,0.6674153109391531,0.7455664873123169,0.8908467531204224,3
61,hand_r,0.6648041307926178,0.6299551129341125,0.8386397957801819,3
70,upperarm_l,0.6644351681073507,0.6583327054977417,0.6749755144119263,3
65,RUpArmTwist_l_01,0.6638226409753164,0.6204902529716492,0.8587894797325134,3
21,lowerarm_l,0.6609505216280619,0.6080019474029541,0.8732131958007813,3
58,ball_l,0.6603102187315623,0.7076316475868225,0.7727098584175109,3
26,calf_l,0.6595320105552673,0.5812265872955322,0.8221325874328613,3
45,foot_l,0.6584544976552328,0.602078378200531,0.7799382090568543,3
24,upperarm_r,0.657271146774292,0.7030107378959656,0.7076490759849549,3
81,thigh_r,0.6564605434735616,0.6490543484687805,0.7633290410041809,3
18,upperarm_l,0.6548666755358378,0.6647270917892456,0.6779376745224,3
85,upperarm_l,0.6539428432782491,0.7315981984138489,0.7480185627937317,3
23,calf_l,0.6504721939563751,0.5216208100318909,0.8938806176185609,3
24,thigh_l,0.6493489742279053,0.670555830001831,0.8321212768554688,3
29,thigh_l,0.6492948532104492,0.634300172328949,0.9352986216545105,3
55,thigh_l,0.6471252342065176,0.7484033703804016,0.7839791417121887,3
31,foot_r,0.6467245717843374,0.6929962038993835,0.8592652201652526,3
5,foot_r,0.6465448339780172,0.6595295071601868,0.6700190663337707,3
51,thigh_l,0.6461469431718191,0.4872318208217621,0.9837228000164032,3
19,RUpArmTwist_l_01,0.6455486118793488,0.6590386033058167,0.8120680928230286,3
18,hand_r,0.6441652973492941,0.6360108852386475,0.6571585655212402,3
60,thigh_l,0.6439829071362814,0.6583274602890015,0.7138726949691773,3
25,foot_l,0.6438940763473511,0.6138973832130432,0.70387202501297,3
77,thigh_l,0.640527606010437,0.6730890274047852,0.7367336273193359,3
69,foot_l,0.6394585569699606,0.6485568881034851,0.7929428458213806,3
71,upperarm_l,0.6394529441992441,0.6089662909507751,0.9074761748313904,3
19,RUpArmTwist_r_01,0.638617197672526,0.6112238764762878,0.7606058955192566,3
62,foot_r,0.6382644573847452,0.7527649998664856,0.8404347062110901,3
81,foot_r,0.637782096862793,0.6757804751396179,0.7237377524375915,3
13,LCalfTwist_01,0.6350567738215128,0.675552487373352,0.7127129793167114,3
17,upperarm_l,0.6350332101186117,0.6087355017662048,0.7339575171470643,3
29,lowerarm_l,0.6346355477968851,0.6635013818740845,0.8167242288589478,3
55,lowerarm_l,0.6336146195729574,0.4154210090637207,0.9804442405700684,3
9,thigh_l,0.6335171858469645,0.5740107893943787,0.7661327242851257,3
77,lowerarm_l,0.6331294427315394,0.8188206553459167,0.8313676238059997,3
60,upperarm_l,0.632813016573588,0.753319263458252,0.9086831092834473,3
41,upperarm_r,0.6271812915802002,0.6646016240119934,0.8668719887733459,3
38,foot_r,0.6261053085327148,0.6673675179481506,0.6907151818275452,3
2,thigh_l,0.6247147719065348,0.5997868180274963,0.7401875138282776,3
73,foot_r,0.6246348023414612,0.6673883199691772,0.7622812986373901,3
26,upperarm_r,0.6236653129259745,0.6894140243530273,0.7643064498901367,3
35,hand_r,0.6236072182655334,0.6351936459541321,0.7431062817573547,3
62,calf_l,0.6210177342096964,0.6309904456138611,0.8244624972343445,3
72,upperarm_l,0.6209149758021036,0.6008145213127136,0.8947306990623474,3
77,calf_r,0.6206275423367819,0.6563836932182312,0.7494629740715026,3
59,thigh_l,0.6197587798039118,0.5104413628578186,0.9877118229866029,3
17,lowerarm_l,0.6195705334345499,0.6373687386512756,0.7773380398750305,3
31,hand_r,0.6184058884779612,0.6720833778381348,0.703194522857666,3
0,ball_r,0.618371307849884,0.6393976807594299,0.7492747902870178,3
63,lowerarm_l,0.6174667278925577,0.6925173997879028,0.8497551679611206,3
58,foot_l,0.6168838640054067,0.6581539511680603,0.7715726733207703,3
74,upperarm_r,0.6165471176306406,0.5861251354217529,0.7795770645141602,3
6,upperarm_l,0.6164155503114065,0.5395101308822632,0.8482858419418335,3
69,upperarm_l,0.6163021524747213,0.6315294504165649,0.8197115182876586,3
83,foot_l,0.6158335506916046,0.46467095613479614,0.901050341129303,3
76,thigh_r,0.6157689094543457,0.5677466988563538,0.8999136567115784,3
30,hand_l,0.6150081157684326,0.6646474599838257,0.7044965505599976,3
65,thigh_r,0.612103283405304,0.5004184246063232,0.9028079509735107,3
64,upperarm_r,0.6090225577354431,0.5669472813606262,0.6784920811653137,3
4,upperarm_r,0.6086844503879547,0.6529078483581543,0.8410381317138672,3
57,thigh_l,0.6055684487024943,0.6026071310043335,0.6100121736526489,3
47,foot_r,0.6053708990414938,0.5903270840644836,0.726069176197052,3
28,thigh_l,0.6035412748654684,0.7916392087936401,0.8083626985549927,3
39,thigh_r,0.6033250292142233,0.5941863656044006,0.6548619866371155,3
77,upperarm_l,0.6029834846655527,0.4723358154296875,0.856114387512207,3
66,foot_r,0.6027319530646006,0.6088622808456421,0.7882131338119507,3
23,foot_l,0.601272389292717,0.5791510939598083,0.9534132838249206,3
63,foot_l,0.6003267367680868,0.5752886533737183,0.6936811208724976,3
3,upperarm_r,0.5999598304430643,0.4593818783760071,0.9310106873512268,3
75,upperarm_l,0.5991151531537374,0.5248473882675171,0.7505013227462769,3
53,lowerarm_l,0.597955197095871,0.6962534785270691,0.7718183875083924,3
14,LCalfTwist_03,0.5952370166778564,0.5771573781967163,0.666314673423767,3
6,calf_r,0.5951228042443594,0.5268054604530334,0.7194727063179016,3
56,thigh_l,0.5942952632904053,0.604316234588623,0.646894121170044,3
22,upperarm_l,0.5931043326854706,0.5326051115989685,0.7084790110588074,3
30,ball_r,0.5927098194758097,0.5270959138870239,0.8145101308822632,3
11,hand_r,0.5924522876739502,0.5623449683189392,0.7110867381095887,3
75,upperarm_r,0.5919798314571381,0.5384485721588135,0.7279467582702637,3
9,lowerarm_l,0.591260552406311,0.6144599914550781,0.6954882144927979,3
7,upperarm_r,0.5902885595957438,0.5990826487541199,0.7067202925682068,3
75,ball_r,0.589645504951477,0.5270909070968628,0.6784910440444947,3
82,lowerarm_l,0.5893385807673136,0.5983832478523254,0.8039914727210998,3
30,upperarm_r,0.5891027599573135,0.5999561548233032,0.8742599725723267,3
75,thigh_l,0.5885122617085775,0.5760870575904846,0.6743672490119934,3
44,foot_l,0.5883525808652242,0.5295903086662292,0.695019519329071,3
34,ball_r,0.5875359972318014,0.5199514627456665,0.7588578462600708,3
81,hand_r,0.5870551466941833,0.6359525322914124,0.6961174607276917,3
62,ball_r,0.5848958690961202,0.4594442546367645,0.8140698850154877,3
24,foot_r,0.5843115051587423,0.706154465675354,0.7650158643722534,3
71,lowerarm_l,0.5836232304573059,0.6759377717971802,0.7512358903884888,3
53,thigh_r,0.5820057491461436,0.680083155632019,0.7567463159561157,3
25,upperarm_r,0.5817894339561462,0.6473248600959778,0.701974356174469,3
18,lowerarm_r,0.5805215239524841,0.5785372257232666,0.862653112411499,3
81,thigh_l,0.5799763898054758,0.5660132169723511,0.7878817796707154,3
58,lowerarm_l,0.5799414416154226,0.7135210633277893,0.8264082551002503,3
39,lowerarm_l,0.5780816773573557,0.44204720854759216,0.8370363414287567,3
0,thigh_r,0.5773071646690369,0.6188103556632996,0.7372036814689636,3
33,upperarm_r,0.5767165422439575,0.662790060043335,0.7748076915740967,3
63,foot_r,0.576224168141683,0.757156491279602,0.7908868551254272,3
82,foot_r,0.5752935210863749,0.5773999094963074,0.601604163646698,3
47,foot_l,0.5750541289647421,0.6272412538528442,0.6841660261154174,3
79,thigh_l,0.5746888915697733,0.6213878393173218,0.6351138353347778,3
21,calf_l,0.5744038621584574,0.5677110552787781,0.5956755995750427,3
80,thigh_l,0.5741345882415771,0.5940548181533813,0.6050208806991577,3
15,thigh_l,0.5739088853200277,0.6631762385368347,0.7615721106529236,3
72,foot_l,0.5734377304712931,0.6498590707778931,0.6926191568374633,3
54,upperarm_r,0.5728069742520651,0.5871906876564026,0.6516636490821839,3
24,thigh_r,0.572387307882309,0.6568807363510132,0.7103613615036011,3
82,thigh_l,0.5720388193925222,0.6406837701797485,0.6536335706710815,3
21,upperarm_r,0.5717728137969971,0.5484686493873596,0.6941352009773254,3
41,thigh_l,0.5715864400068918,0.6015369892120361,0.7453840255737305,3
76,foot_r,0.5714766283830007,0.589182436466217,0.6276317238807678,3
48,foot_r,0.5706936717033386,0.6160694360733032,0.6378336191177368,3
68,upperarm_l,0.5696215927600861,0.4729878902435303,0.7994632720947266,3
78,thigh_l,0.568203071753184,0.6907368898391724,0.7404969930648804,3
13,upperarm_r,0.5678234150012335,0.6145331263542175,0.8435931086540223,3
74,upperarm_l,0.5676646033922831,0.44405701756477356,0.8303084433078766,3
71,upperarm_r,0.5668959816296896,0.6028681993484497,0.6162816286087036,3
19,thigh_r,0.5656903882821401,0.5852349996566772,0.6180704355239868,3
58,thigh_l,0.564069946606954,0.5720835328102112,0.7720935940742493,3
17,RUpArmTwist_l_01,0.5637289981047312,0.6283560395240784,0.6409374356269837,3
58,RUpArmTwist_l_01,0.5629932483037313,0.5157207250595093,0.7759315729141235,3
70,thigh_l,0.5628436009089152,0.5330950021743774,0.6873878717422486,3
78,thigh_r,0.5620559851328532,0.5337582230567932,0.6186629414558411,3
28,lowerarm_l,0.5614401201407114,0.6607344150543213,0.7100134372711182,3
54,lowerarm_l,0.5607233842213949,0.6771355867385864,0.6836248636245728,3
68,calf_r,0.56056147813797,0.6764510869979858,0.8274292707443237,3
24,RUpArmTwist_l_01,0.5580399086078008,0.528184175491333,0.8463649749755859,3
20,RUpArmTwist_l_01,0.5575180053710938,0.5394969582557678,0.7708862900733948,3
15,upperarm_r,0.557386169830958,0.5169712901115417,0.7068206667900085,3
61,calf_l,0.5573427577813467,0.5715137124061584,0.7335082650184631,3
67,foot_l,0.5570079286893209,0.5002046227455139,0.6806509137153626,3
19,upperarm_r,0.5569367110729218,0.5974014401435852,0.7708080887794495,3
14,upperarm_l,0.5566072960694631,0.4809556305408478,0.6799913465976715,3
77,thigh_r,0.5551406741142273,0.5444765686988831,0.5902262330055237,3
0,thigh_l,0.5548349668582281,0.7329639196395874,0.7730771780014039,3
37,ball_r,0.554665078719457,0.4482434391975403,0.7142807602882385,3
5,hand_l,0.5539854367574056,0.5523243546485901,0.5780691266059875,3
23,upperarm_l,0.5531494617462158,0.5762823820114136,0.6749927282333374,3
69,hand_r,0.552699863910675,0.6144421696662903,0.6414085030555725,3
31,upperarm_r,0.5524720648924509,0.5241844654083252,0.743302297592163,3
10,lowerarm_l,0.5518009960651398,0.5445929169654846,0.6415737748146058,3
83,upperarm_l,0.5505606730779012,0.5686165690422058,0.7840947985649109,3
51,upperarm_l,0.549880305926005,0.5242042541503906,0.79537992477417,3
78,foot_r,0.549120157957077,0.45595771074295044,0.6867682099342346,3
24,upperarm_l,0.548150916894277,0.48984864354133606,0.8388772547245026,3
53,upperarm_r,0.5465015470981598,0.5856422185897827,0.6595164060592651,3
13,hand_l,0.5452704230944315,0.5676321983337402,0.5988991260528564,3
85,lowerarm_l,0.5452271103858948,0.5045911073684692,0.7215689420700073,3
73,upperarm_l,0.5444306631882986,0.5449740290641785,0.6271222949028015,3
85,thigh_l,0.5443231960137686,0.551854133605957,0.6149337291717529,3
44,ball_l,0.5442952960729599,0.5740776062011719,0.7788332939147949,3
26,upperarm_l,0.5429891596237818,0.510924756526947,0.856022584438324,3
61,thigh_r,0.5412766387065252,0.3417736887931824,0.9340548872947694,3
85,upperarm_r,0.5392869909604391,0.5007743239402771,0.649910819530487,3
70,foot_r,0.538985033830007,0.5362756252288818,0.6854889869689942,3
7,lowerarm_l,0.5388330817222595,0.465278685092926,0.6673210740089417,3
33,lowerarm_l,0.5386304060618082,0.533025860786438,0.7794301271438598,3
49,lowerarm_l,0.5377762913703918,0.6080600619316101,0.7066709876060486,3
0,upperarm_r,0.5377605358759562,0.4824133813381195,0.7412902534008026,3
22,thigh_r,0.5355493724346161,0.447846919298172,0.7728684961795808,3
39,thigh_l,0.5351952711741129,0.5114182233810425,0.71428382396698,3
10,calf_l,0.5342029879490534,0.6303830742835999,0.7556000351905823,3
49,upperarm_l,0.5338239222764969,0.46199944615364075,0.8223767817020416,3
48,lowerarm_l,0.5332414905230204,0.5328541994094849,0.6726504564285278,3
80,thigh_r,0.53238778313001,0.5544258952140808,0.616513478755951,3
58,ball_r,0.5322641581296921,0.7072843909263611,0.7189300894737244,3
46,upperarm_l,0.531651516755422,0.5628821849822998,0.6536792755126953,3
29,upperarm_l,0.5310533742109934,0.5577359199523926,0.5982801914215088,3
61,ball_l,0.5309829215208689,0.5057365894317627,0.6890638828277588,3
64,thigh_r,0.53071129322052,0.5552414655685425,0.5687880277633667,3
57,ball_r,0.530071809887886,0.6395416855812073,0.7007026314735413,3
73,upperarm_r,0.5296624203523,0.5197669267654419,0.673208212852478,3
45,calf_l,0.5296232402324677,0.4412249028682709,0.7412494361400604,3
45,thigh_l,0.5289168953895569,0.6272218227386475,0.6584814071655274,3
21,hand_r,0.5269522666931152,0.5342003703117371,0.5430864691734314,3
56,upperarm_r,0.5256533225377401,0.5052455067634583,0.6878593564033508,3
2,upperarm_l,0.5245946943759918,0.35163775086402893,0.7842953979969025,3
20,thigh_r,0.5231558879216512,0.5118398666381836,0.545355224609375,3
73,lowerarm_l,0.5231289764245352,0.578565239906311,0.7938083410263062,3
59,upperarm_r,0.5228736698627472,0.5165591835975647,0.5897932171821594,3
70,thigh_r,0.5216092268625895,0.5599446892738342,0.6392722725868225,3
42,thigh_l,0.5206233461697897,0.5077610015869141,0.6020813941955566,3
1,foot_l,0.5197785844405493,0.5208539366722107,0.7507726073265075,3
70,lowerarm_l,0.5189960797627767,0.5204985737800598,0.6610678315162659,3
53,calf_l,0.5184010714292526,0.6649797558784485,0.7837974190711975,3
68,calf_l,0.5175721297661463,0.5849066376686096,0.7499310135841369,3
72,thigh_l,0.5171141624450684,0.4381260871887207,0.8275186061859131,3
58,upperarm_r,0.5170501073201498,0.5830293297767639,0.5874618172645569,3
18,foot_r,0.5148956080277761,0.5894305109977722,0.6978522658348083,3
79,lowerarm_l,0.5140534291664759,0.6311464309692383,0.6819697856903076,3
59,calf_l,0.5133599688609441,0.4449908137321472,0.8135366320610047,3
32,upperarm_r,0.5130218466122946,0.6182582974433899,0.6482636570930481,3
53,hand_l,0.5128589123487473,0.670235276222229,0.6761163949966431,3
51,upperarm_r,0.5126617203156153,0.4863453805446625,0.7690363585948944,3
39,upperarm_r,0.5123704969882965,0.41169434785842896,0.6947346329689026,3
48,foot_l,0.5095634162425995,0.36522698402404785,0.7820877552032471,3
13,thigh_l,0.5092117786407471,0.4971001148223877,0.6161542892456054,3
63,upperarm_r,0.5088969171047211,0.5159316658973694,0.5876233696937561,3
35,foot_l,0.5083996802568436,0.5875307321548462,0.7837196588516235,3
73,thigh_l,0.5072805484135946,0.4537137448787689,0.7175186336040497,3
60,lowerarm_l,0.5070034166177114,0.4222666919231415,0.669643348455429,3
56,RUpArmTwist_r_01,0.5063004990418752,0.4992854595184326,0.5743671894073487,3
57,upperarm_r,0.5058773756027222,0.5247402787208557,0.6741323113441468,3
1,upperarm_r,0.5043501754601797,0.442779004573822,0.7888800978660584,3
70,upperarm_r,0.503858894109726,0.4866895079612732,0.5437810778617859,3
27,lowerarm_l,0.5037324676911036,0.6247348189353943,0.6760850787162781,3
34,upperarm_r,0.503072073062261,0.40861332416534424,0.7468818426132202,3
30,ball_l,0.5017716189225515,0.4970846176147461,0.7317606449127197,3
68,hand_r,0.5017337799072266,0.5305972695350647,0.5622924923896789,3
77,foot_r,0.5014326075712839,0.4889245331287384,0.6003876745700836,3
0,RUpArmTwist_r_01,0.5006440381209055,0.3998604118824005,0.6755168974399567,3
42,lowerarm_l,0.5000034670035044,0.45701345801353455,0.615235584974289,3
66,calf_l,0.49995730072259903,0.6339967250823975,0.7386950016021728,3
6,foot_r,0.4997950692971547,0.5415834188461304,0.6447096586227417,3
25,upperarm_l,0.499465212225914,0.4667646884918213,0.7564858436584473,3
28,upperarm_r,0.4993334809939067,0.3443980813026428,0.762507164478302,3
62,foot_l,0.4991185963153839,0.5825976729393005,0.6771629214286804,3
17,thigh_l,0.49851397673288983,0.38378772139549255,0.7341631114482879,3
18,lowerarm_l,0.49785306056340534,0.4497533440589905,0.6848569989204407,3
14,spine_02,0.49759947260220844,0.532715916633606,0.6690839529037476,3
18,thigh_r,0.4968593120574951,0.4521636366844177,0.6180900454521179,3
22,lowerarm_l,0.49625501533349353,0.4143425524234772,0.7578510582447052,3
4,thigh_l,0.4957028925418854,0.4936676025390625,0.5417158126831054,3
64,foot_r,0.4956548387805621,0.6102694869041443,0.757597005367279,3
38,lowerarm_l,0.49418967962265015,0.35077375173568726,0.7080780386924744,3
62,upperarm_r,0.49351630608240765,0.4190469980239868,0.6266612768173218,3
14,LCalfTwist_02,0.493260125319163,0.46886980533599854,0.5413264036178589,3
69,foot_r,0.4927295744419098,0.48146307468414307,0.5568258047103882,3
57,ball_l,0.4927185078461965,0.485431432723999,0.6388170719146729,3
33,hand_r,0.4926365514596303,0.5027346611022949,0.5843834400177002,3
43,calf_l,0.49172307054201764,0.4977630078792572,0.5130970180034637,3
2,upperarm_r,0.49138795336087543,0.4768182337284088,0.6536247074604035,3
14,foot_r,0.48948345084985095,0.5993269085884094,0.6249114155769349,3
11,lowerarm_l,0.48933441440264386,0.36527127027511597,0.6709465861320496,3
53,foot_l,0.48902403314908344,0.5867315530776978,0.5973182439804077,3
2,hand_l,0.4889476994673411,0.5030204653739929,0.5327382445335388,3
65,lowerarm_l,0.4888255298137665,0.21600377559661865,0.9634792089462281,3
44,calf_l,0.48852479457855225,0.4151729345321655,0.5985225439071655,3
24,hand_l,0.4881466031074524,0.48986849188804626,0.529466313123703,3
9,foot_l,0.4873783191045125,0.4717898666858673,0.6321963369846344,3
64,ball_l,0.4871848026911418,0.5052104592323303,0.5840017914772033,3
23,upperarm_r,0.4870782395203908,0.424834281206131,0.6098181784152985,3
66,ball_l,0.4868770142396291,0.5581784248352051,0.5683266639709472,3
47,upperarm_r,0.48673449953397113,0.5315648913383484,0.5937753081321716,3
65,upperarm_r,0.4865937406818072,0.4571394920349121,0.827678918838501,3
85,ball_r,0.48624255259831745,0.5329713821411133,0.6310595989227294,3
0,foot_l,0.48606833815574646,0.5149693489074707,0.541750717163086,3
0,ball_l,0.48587727546691895,0.563284158706665,0.5801391124725341,3
69,upperarm_r,0.48548998435338336,0.5135512948036194,0.5235982060432434,3
12,upperarm_r,0.4852725068728129,0.4784722626209259,0.5383227407932282,3
76,upperarm_r,0.48485180735588074,0.5408992767333984,0.5536235332489013,3
11,thigh_l,0.4845680395762126,0.4799354076385498,0.49388556480407714,3
50,thigh_l,0.48437102635701496,0.5281708240509033,0.7495737552642823,3
11,upperarm_r,0.4839833378791809,0.5396389365196228,0.5522613406181336,3
48,upperarm_l,0.4837176402409871,0.48566189408302307,0.5368384182453155,3
14,LCalfTwist_01,0.483452171087265,0.49287670850753784,0.5400004744529724,3
18,upperarm_r,0.4826406141122182,0.3973247706890106,0.6779278218746185,3
83,upperarm_r,0.482590119043986,0.4533085227012634,0.5525876402854919,3
37,thigh_r,0.4819568296273549,0.46142905950546265,0.5331260085105896,3
25,lowerarm_r,0.4818698465824127,0.3814234435558319,0.6441313683986664,3
48,thigh_l,0.48118958870569867,0.4759890139102936,0.618680888414383,3
23,thigh_l,0.4809728761514028,0.4596397280693054,0.5745685458183288,3
18,thigh_l,0.4804692268371582,0.40233567357063293,0.6419232904911041,3
52,upperarm_r,0.47958776354789734,0.4937419593334198,0.644772332906723,3
39,hand_r,0.4793295959631602,0.49902161955833435,0.6110679328441619,3
81,upperarm_l,0.47891626755396527,0.4641985595226288,0.6576730191707612,3
15,calf_l,0.47834624846776325,0.5453294515609741,0.5771701574325562,3
41,calf_l,0.47810489932696026,0.42541342973709106,0.5607051014900207,3
75,foot_l,0.4768165747324626,0.43066325783729553,0.5526825726032257,3
30,thigh_l,0.47541165351867676,0.43307173252105713,0.5399825811386109,3
31,upperarm_l,0.47496405243873596,0.4396733343601227,0.5792046368122101,3
23,RUpArmTwist_l_01,0.47467919687430066,0.4389437437057495,0.7287821054458619,3
67,thigh_r,0.4746074974536896,0.4250895380973816,0.5999006152153015,3
1,thigh_r,0.47428856293360394,0.49715951085090637,0.5160282194614411,3
25,hand_l,0.4740077654520671,0.45181307196617126,0.6138021171092987,3
36,upperarm_r,0.4735544224580129,0.3886110186576843,0.6626465678215027,3
66,lowerarm_l,0.47308746973673504,0.43574532866477966,0.5347114264965057,3
21,upperarm_l,0.4729609414935112,0.5543084740638733,0.7122871518135071,3
29,upperarm_r,0.47288549443085987,0.6104512810707092,0.6508074879646302,3
72,upperarm_r,0.4720347424348195,0.47337737679481506,0.49288333058357237,3
73,calf_r,0.471866250038147,0.5331556797027588,0.5925350666046143,3
83,lowerarm_l,0.47049611806869507,0.5460621118545532,0.6600149393081665,3
4,foot_l,0.47004132469495136,0.41201645135879517,0.676984989643097,3
39,calf_l,0.46988818049430847,0.5350568294525146,0.5567427635192871,3
1,upperarm_l,0.46964243054389954,0.5187593102455139,0.5710060715675354,3
66,RUpArmTwist_l_01,0.4696226219336192,0.4663985073566437,0.6007916510105134,3
12,lowerarm_l,0.46958403289318085,0.40205997228622437,0.6917481780052185,3
51,calf_l,0.469055379430453,0.427757203578949,0.6993823885917664,3
55,RUpArmTwist_r_01,0.4688648184140523,0.5091345906257629,0.5228442788124085,3
65,RUpArmTwist_r_01,0.46709556380907696,0.38645413517951965,0.5995106756687164,3
21,thigh_r,0.46682844559351605,0.4496992230415344,0.7041536450386048,3
38,ball_l,0.46605995297431946,0.48570680618286133,0.5209539890289306,3
27,upperarm_r,0.4646329383055369,0.3931058347225189,0.5911900222301483,3
37,upperarm_r,0.46454378962516785,0.37229764461517334,0.695473313331604,3
8,upperarm_r,0.4645257890224457,0.301279753446579,0.7130251824855804,3
85,hand_r,0.4633548359076182,0.487723708152771,0.6096258401870728,3
54,calf_r,0.46260475118954975,0.49925848841667175,0.5144132554531098,3
82,upperarm_r,0.461704562107722,0.45356830954551697,0.5258722960948944,3
74,hand_l,0.4611940383911133,0.5244019627571106,0.5760788559913635,3
62,lowerarm_r,0.4610571761926015,0.45928677916526794,0.5530016124248505,3
68,lowerarm_l,0.46100282669067383,0.4837794899940491,0.5651858448982239,3
81,upperarm_r,0.4606943329175313,0.3698982894420624,0.5901083409786224,3
50,foot_l,0.46055953701337177,0.5030286312103271,0.5232147216796875,3
35,foot_r,0.4604332546393077,0.5111755132675171,0.5531405687332154,3
49,upperarm_r,0.4589085777600606,0.3189951479434967,0.6807378590106964,3
73,neck_01,0.45875659584999084,0.3698068857192993,0.589708685874939,3
63,ball_r,0.45840102434158325,0.33790791034698486,0.6868736505508423,3
64,calf_l,0.45840078343947727,0.5084713101387024,0.7323623776435852,3
16,upperarm_r,0.45789090792338055,0.47993892431259155,0.5120314955711365,3
63,thigh_r,0.4578082511822383,0.552768349647522,0.5859872102737427,3
78,upperarm_l,0.4577738742033641,0.37537333369255066,0.6240672528743744,3
30,thigh_r,0.457619567712148,0.4584503471851349,0.4967740118503571,3
42,calf_l,0.4575794537862142,0.46773797273635864,0.49686809778213503,3
67,foot_r,0.457000066836675,0.48087403178215027,0.5745433747768403,3
17,upperarm_r,0.4561984638373057,0.3247024714946747,0.6809726178646088,3
3,thigh_l,0.45619561274846393,0.5510416030883789,0.5783204555511474,3
45,lowerarm_l,0.45596391956011456,0.4379620850086212,0.532614666223526,3
76,lowerarm_l,0.4558814615011215,0.547217607498169,0.5705071449279785,3
5,upperarm_r,0.4552726447582245,0.46430453658103943,0.5023876368999481,3
50,upperarm_r,0.4550867776075999,0.5008537769317627,0.5451480388641358,3
28,ball_l,0.45500348508358,0.4944519102573395,0.6126448929309845,3
6,RUpArmTwist_r_01,0.45442838470141095,0.4338621199131012,0.5739430248737335,3
49,ball_r,0.45439255237579346,0.44798779487609863,0.486340594291687,3
27,upperarm_l,0.45390093326568604,0.537311851978302,0.55003582239151,3
60,upperarm_r,0.4533694287141164,0.5416624546051025,0.5862949848175049,3
45,ball_l,0.4532809058825175,0.3880092203617096,0.5875572025775909,3
57,RUpArmTwist_l_01,0.4532749156157176,0.4365934431552887,0.6360679924488067,3
50,foot_r,0.4520665208498637,0.39031943678855896,0.5513095080852508,3
27,hand_r,0.4513754149278005,0.4063454866409302,0.5567659616470337,3
33,lowerarm_r,0.45116586486498517,0.399213969707489,0.6146499991416932,3
67,upperarm_r,0.4510711232821147,0.5091930031776428,0.5293006062507629,3
40,hand_r,0.4507285455862681,0.5077137351036072,0.5243780493736268,3
68,upperarm_r,0.44978009661038715,0.4134651720523834,0.6092402279376984,3
79,thigh_r,0.44935983419418335,0.4022100865840912,0.5909838378429413,3
40,upperarm_r,0.44902004798253375,0.5026827454566956,0.5793853878974915,3
50,upperarm_l,0.4485106095671654,0.6047691106796265,0.6234294176101685,3
35,upperarm_r,0.4483521779378255,0.5604343414306641,0.5768002033233642,3
53,ball_l,0.4478580256303151,0.433723121881485,0.550718241930008,3
13,RUpArmTwist_l_01,0.44766711195309955,0.46090078353881836,0.6485371589660645,3
65,hand_r,0.4473854601383209,0.47813859581947327,0.5692681610584259,3
30,head,0.44726614157358807,0.44178301095962524,0.4565964341163635,3
57,neck_01,0.4464537401994069,0.3622538149356842,0.596782523393631,3
60,thigh_r,0.44627263645331067,0.5594615936279297,0.5620434284210205,3
37,hand_r,0.4460228979587555,0.4120643138885498,0.503649091720581,3
68,RUpArmTwist_r_01,0.4454846183458964,0.38990214467048645,0.5428494036197662,3
6,upperarm_r,0.4453456501166026,0.40648582577705383,0.5216866075992584,3
10,spine_02,0.4445612331231435,0.47507813572883606,0.5565418303012848,3
9,calf_l,0.44394055008888245,0.42822909355163574,0.7131351947784423,3
49,foot_l,0.4438196470340093,0.39713194966316223,0.6372892916202545,3
69,thigh_r,0.4437249203523,0.4374855160713196,0.6266637444496155,3
4,lowerarm_l,0.4437217315038045,0.44343873858451843,0.5087761819362641,3
44,thigh_l,0.4434737116098404,0.36146456003189087,0.6488253235816955,3
85,neck_01,0.4430481791496277,0.4232499599456787,0.5913345813751221,3
6,thigh_l,0.44232627252737683,0.40476274490356445,0.6592057704925537,3
70,foot_l,0.44229280948638916,0.4585140645503998,0.5251376330852509,3
85,ring_01_r,0.4420488278071086,0.34277021884918213,0.6191519021987915,3
51,ball_r,0.4410972793896993,0.4234626591205597,0.7041327059268951,3
22,hand_r,0.44041632612546283,0.3578522503376007,0.5960342943668365,3
43,foot_r,0.4404098739226659,0.5353272557258606,0.5692181706428527,3
79,hand_r,0.4397335449854533,0.479608416557312,0.49005560874938964,3
20,hand_r,0.4397328893343608,0.3526739478111267,0.6310050845146179,3
42,ball_r,0.4393870333830516,0.36261793971061707,0.5537857949733734,3
32,thigh_r,0.4393122096856435,0.4809974431991577,0.506716513633728,3
76,foot_l,0.43848971525828045,0.43587157130241394,0.4579422175884247,3
18,RUpArmTwist_r_01,0.4382461706797282,0.4596560001373291,0.5692054271697998,3
61,foot_l,0.43804535269737244,0.40257346630096436,0.5999838590621949,3
14,RUpArmTwist_l_01,0.4379881868759791,0.4263574182987213,0.6197183907032013,3
60,ring_01_l,0.43798185388247174,0.4710265100002289,0.4977733790874481,3
48,thigh_r,0.4378340542316437,0.3445661962032318,0.5849589526653289,3
82,foot_l,0.4376159608364105,0.3734178841114044,0.5751005232334137,3
66,hand_r,0.437212735414505,0.42660337686538696,0.4877215027809143,3
81,foot_l,0.4369785090287526,0.4652469754219055,0.490817129611969,3
77,upperarm_r,0.4366329610347748,0.4023401439189911,0.6746972024440765,3
79,upperarm_l,0.43604958057403564,0.40208807587623596,0.5185515701770782,3
10,upperarm_r,0.43590917189915973,0.4177958369255066,0.5019920706748963,3
60,hand_r,0.43540866176287335,0.48556557297706604,0.5133350193500519,3
67,hand_r,0.43512747685114544,0.42078903317451477,0.5006155073642731,3
25,thigh_l,0.43500404556592304,0.47703680396080017,0.5577609241008759,3
5,upperarm_l,0.43459736307462055,0.41738027334213257,0.5425829768180848,3
69,lowerarm_l,0.43396278222401935,0.3366953134536743,0.6578039407730103,3
8,foot_r,0.4336780508359273,0.401767373085022,0.4994590044021606,3
5,thigh_l,0.4334397514661153,0.43709269165992737,0.5318529903888702,3
84,upperarm_l,0.43306249380111694,0.558966338634491,0.5697458148002624,3
13,upperarm_l,0.43252408504486084,0.35202789306640625,0.5576749324798584,3
1,spine_02,0.4320473273595174,0.3715132474899292,0.5881832361221313,3
77,foot_l,0.4312293330828349,0.45904457569122314,0.5276562452316285,3
8,foot_l,0.4309731225172679,0.388137549161911,0.5560491979122162,3
10,hand_r,0.43095943331718445,0.46481600403785706,0.47201419472694395,3
41,foot_r,0.43084391951560974,0.46271902322769165,0.541931974887848,3
26,thigh_l,0.4302488515774409,0.44997531175613403,0.6173068642616272,3
1,ball_l,0.42925146222114563,0.4119970202445984,0.6259480357170105,3
28,upperarm_l,0.4287940561771393,0.43284863233566284,0.4632350325584412,3
76,calf_r,0.42871158321698505,0.4668979048728943,0.48990153074264525,3
30,calf_l,0.4283980516095956,0.45097616314888,0.7201278746128082,3
43,foot_l,0.42791516582171124,0.4633311629295349,0.48883949518203734,3
45,upperarm_l,0.427748570839564,0.479531466960907,0.5641928076744079,3
37,lowerarm_l,0.4271318068106969,0.48785561323165894,0.6013092875480652,3
0,ring_01_r,0.4271039366722107,0.3451140224933624,0.5834668219089508,3
73,ring_01_r,0.42671563227971393,0.4049326479434967,0.513632994890213,3
1,foot_r,0.42650372783343,0.45023688673973083,0.4629730641841888,3
7,hand_r,0.4260079363981883,0.41330572962760925,0.553042882680893,3
46,upperarm_r,0.42505862812201184,0.48513510823249817,0.5431972563266754,3
32,hand_r,0.42425333460172016,0.5002148747444153,0.5302596688270569,3
2,neck_01,0.4241530199845632,0.442537397146225,0.44381703734397887,3
80,foot_l,0.424079308907191,0.41793251037597656,0.4759232044219971,3
19,hand_r,0.42386552691459656,0.2897806763648987,0.6342388272285462,3
80,upperarm_l,0.42334579428037006,0.30673855543136597,0.5970390200614929,3
17,ball_l,0.42294934391975403,0.5025252103805542,0.5351057767868042,3
79,upperarm_r,0.4227992792924245,0.30715465545654297,0.6416435718536377,3
68,lowerarm_r,0.42215970655282337,0.4606565535068512,0.5979955971240998,3
81,hand_l,0.42206132411956787,0.44199952483177185,0.4597944676876068,3
49,RUpArmTwist_r_01,0.42168230811754864,0.35568758845329285,0.5632114827632904,3
85,foot_l,0.42161763707796734,0.38266533613204956,0.483070170879364,3
6,neck_01,0.42155953248341876,0.46535515785217285,0.48859946727752684,3
64,hand_r,0.421393483877182,0.3888729512691498,0.5114043414592743,3
20,lowerarm_r,0.42096856236457825,0.3480865955352783,0.7067633628845215,3
57,RUpArmTwist_r_01,0.42076345284779865,0.38608354330062866,0.5163509726524353,3
50,hand_r,0.420208881298701,0.40466034412384033,0.46804022789001465,3
24,lowerarm_r,0.42016403873761493,0.27334871888160706,0.754630833864212,3
19,ball_l,0.42015508313973743,0.43658509850502014,0.5985690891742707,3
59,RUpArmTwist_l_02,0.4200227955977122,0.2908434569835663,0.6231637418270112,3
43,upperarm_r,0.4197535415490468,0.3968694806098938,0.5630216240882874,3
35,lowerarm_l,0.41739750901858014,0.3698728382587433,0.6004025042057037,3
38,upperarm_r,0.41735108693440753,0.3052823841571808,0.5823712885379791,3
36,lowerarm_r,0.41667258739471436,0.29577842354774475,0.6801579296588898,3
76,spine_01,0.41642765204111737,0.4383297860622406,0.4825414836406708,3
18,RUpArmTwist_l_01,0.41599813600381214,0.40936917066574097,0.5900687098503112,3
4,foot_r,0.41598179936408997,0.42149651050567627,0.4909115552902222,3
24,lowerarm_l,0.41531382004419964,0.44377002120018005,0.5624267756938934,3
70,calf_l,0.41481110950311023,0.28977975249290466,0.6628800094127655,3
70,hand_r,0.4141917626063029,0.4002705514431,0.45733909010887147,3
7,thigh_l,0.413771520058314,0.34244364500045776,0.5745842814445495,3
41,hand_r,0.4132721225420634,0.44090449810028076,0.4866694688796997,3
3,upperarm_l,0.41297998030980426,0.38705381751060486,0.4802375018596649,3
80,upperarm_r,0.4126427272955577,0.31118854880332947,0.5851746261119842,3
48,upperarm_r,0.4121998151143392,0.372586727142334,0.505080270767212,3
84,upperarm_r,0.4106904864311218,0.42637044191360474,0.4723824143409729,3
28,neck_01,0.41037192940711975,0.3989346921443939,0.4627956569194794,3
9,upperarm_l,0.4099184572696686,0.37383902072906494,0.5030264139175415,3
84,foot_l,0.4093521535396576,0.3218095302581787,0.5704610824584961,3
57,calf_l,0.4092820684115092,0.3495182394981384,0.5167189002037048,3
37,foot_r,0.4088613986968994,0.4038925766944885,0.4482451319694519,3
78,upperarm_r,0.4087247947851817,0.44171303510665894,0.5648292899131775,3
3,foot_l,0.40847782293955487,0.27984175086021423,0.6301521480083466,3
55,ring_01_r,0.40846602121988934,0.4336179196834564,0.47367843985557556,3
19,thigh_l,0.4077746197581291,0.4936463236808777,0.5994408965110779,3
12,calf_l,0.40762148300806683,0.4497843384742737,0.6057814717292785,3
40,foot_r,0.4067694991827011,0.49101948738098145,0.523430585861206,3
58,neck_01,0.40676196416219074,0.34530892968177795,0.5400662243366241,3
82,hand_r,0.4067116578420003,0.4088115096092224,0.45964282751083374,3
8,ring_01_r,0.40666282176971436,0.3650480806827545,0.509345418214798,3
39,ring_01_r,0.40663738052050274,0.4125036299228668,0.4916731655597687,3
53,lowerarm_r,0.40626664956410724,0.351569265127182,0.5360580146312713,3
7,calf_l,0.4062185486157735,0.47377511858940125,0.48603824973106385,3
49,thigh_l,0.4056630829970042,0.34386447072029114,0.5223409712314606,3
82,upperarm_l,0.40438713630040485,0.37418997287750244,0.6176467657089233,3
1,ball_r,0.4043855865796407,0.3834594488143921,0.4565202474594116,3
42,upperarm_r,0.4030115306377411,0.3182492256164551,0.5656704902648926,3
14,neck_01,0.40223055084546405,0.37412720918655396,0.4804123520851135,3
29,RUpArmTwist_l_01,0.401088610291481,0.4062976539134979,0.5611555516719818,3
44,lowerarm_l,0.4007039964199066,0.4526377022266388,0.5553053915500641,3
7,thigh_r,0.4005325138568878,0.3457145392894745,0.4792227685451508,3
38,hand_r,0.4004104236761729,0.4608718156814575,0.4964616060256958,3
38,upperarm_l,0.4003592828909556,0.404754102230072,0.45011764764785767,3
31,lowerarm_r,0.4001021385192871,0.2680665850639343,0.6554691195487976,3
3,foot_r,0.40005091826121014,0.4504941403865814,0.5613686263561248,3
51,foot_l,0.39987210432688397,0.3287092447280884,0.5002129793167114,3
29,ball_l,0.3997291674216588,0.2861368656158447,0.6462244033813477,3
27,neck_01,0.39908936619758606,0.3589056730270386,0.4697821855545044,3
0,neck_01,0.3990463713804881,0.3719722628593445,0.5405621886253357,3
40,neck_01,0.398890882730484,0.37356963753700256,0.46778495907783507,3
53,hand_r,0.3985552092393239,0.42442551255226135,0.5026138126850128,3
84,lowerarm_l,0.3982351819674174,0.33908405900001526,0.5171767055988312,3
25,RUpArmTwist_l_01,0.39795491347710293,0.36152657866477966,0.6403529345989227,3
79,calf_l,0.3978726963202159,0.4175754189491272,0.4531822085380554,3
2,ring_01_r,0.39786482850710553,0.3506675064563751,0.48163080811500547,3
22,RUpArmTwist_l_01,0.39774129788080853,0.3736208379268646,0.5920312583446503,3
13,calf_l,0.3976808587710063,0.40527573227882385,0.47414658665657045,3
55,foot_l,0.3974741995334625,0.3061915338039398,0.5329985797405243,3
46,foot_l,0.3974672108888626,0.46564915776252747,0.5605192720890045,3
11,ball_l,0.39720117549101513,0.3252303898334503,0.564874655008316,3
63,hand_r,0.3963518738746643,0.38996487855911255,0.4264719605445862,3
78,hand_r,0.395093301932017,0.43909111618995667,0.5174175083637238,3
33,ball_r,0.3948978434006373,0.49908363819122314,0.5016614675521851,3
60,middle_01_l,0.39479472239812213,0.4048348367214203,0.46580228209495544,3
16,thigh_l,0.3943638950586319,0.4960826635360718,0.55642249584198,3
2,foot_l,0.39431599775950116,0.46304771304130554,0.4884363353252411,3
32,ring_01_r,0.39415718615055084,0.4534817636013031,0.48770141005516054,3
31,head,0.39407360553741455,0.3954741954803467,0.4636791467666626,3
16,foot_r,0.3938494722048442,0.38340291380882263,0.4537451922893524,3
61,lowerarm_l,0.39302059014638263,0.41475656628608704,0.47761908173561096,3
36,foot_r,0.3927602022886276,0.38929957151412964,0.5508225321769714,3
73,foot_l,0.39264507095019024,0.3709213435649872,0.44842509627342225,3
45,upperarm_r,0.39139408866564435,0.3909168243408203,0.41687450408935545,3
52,calf_l,0.39080487191677094,0.317472904920578,0.6059918344020844,3
64,foot_l,0.39072804649670917,0.32173997163772583,0.4903736233711243,3
53,calf_r,0.39048632979393005,0.38208508491516113,0.40862140655517576,3
6,ball_r,0.39022376636664075,0.3332739472389221,0.5686073899269104,3
83,thigh_r,0.3898698886235555,0.4433528482913971,0.5029225647449493,3
65,foot_l,0.3894714415073395,0.37915322184562683,0.46249858736991883,3
75,ring_01_r,0.38929619391759235,0.4136577844619751,0.4389552354812622,3
74,ring_01_r,0.3886851022640864,0.37431949377059937,0.5176687598228454,3
73,hand_l,0.38852061827977497,0.3634892404079437,0.5198079288005829,3
69,calf_l,0.38800693303346634,0.46355140209198,0.5743157625198364,3
31,thigh_r,0.387812077999115,0.4080878496170044,0.4088399648666382,3
61,ring_01_r,0.38697994748751324,0.3974185883998871,0.4540573537349701,3
39,upperarm_l,0.3866847405831019,0.33836111426353455,0.5419568717479706,3
11,foot_r,0.3865596304337184,0.22932574152946472,0.6518174588680268,3
38,neck_01,0.3861301740010579,0.3155617415904999,0.5164484441280365,3
41,RUpArmTwist_r_02,0.38604562481244403,0.35601234436035156,0.44756627082824707,3
56,neck_01,0.386042853196462,0.3042142689228058,0.5351003706455231,3
38,ring_01_r,0.3858153422673543,0.4209863841533661,0.43431913256645205,3
28,lowerarm_r,0.3856158306201299,0.35951319336891174,0.5822716057300568,3
84,ball_r,0.38499970237414044,0.39311501383781433,0.492349237203598,3
80,hand_r,0.384921799103419,0.37625449895858765,0.40252481698989867,3
50,ball_r,0.38485099871953327,0.43590247631073,0.4794225454330444,3
66,upperarm_r,0.3846791610121727,0.4234479069709778,0.585605013370514,3
73,thigh_r,0.3841290573279063,0.3964345157146454,0.567786306142807,3
30,foot_r,0.3835957149664561,0.3287113606929779,0.5002866446971893,3
7,ring_01_r,0.38344667355219525,0.36312994360923767,0.4481238782405853,3
23,hand_r,0.3834450344244639,0.36151063442230225,0.5203945875167847,3
21,neck_01,0.3832084536552429,0.29311251640319824,0.5331985473632812,3
3,clavicle_l,0.3830428918202718,0.3966788947582245,0.41796151995658876,3
56,RCalfTwist_03,0.3827589452266693,0.36421331763267517,0.42876662611961364,3
9,upperarm_r,0.38275226950645447,0.298493355512619,0.5317473351955414,3
59,hand_r,0.3826182782649994,0.40778684616088867,0.40813636779785156,3
54,foot_l,0.3825411746899287,0.42494499683380127,0.4875342607498169,3
24,ring_01_r,0.38239460190137226,0.3894094228744507,0.41281981468200685,3
26,lowerarm_r,0.3822253296772639,0.4673476815223694,0.48658381700515746,3
41,thigh_r,0.3817230264345805,0.3343152105808258,0.5294350445270538,3
28,hand_r,0.3816988468170166,0.41841351985931396,0.44644503593444823,3
33,ring_01_r,0.38166698813438416,0.4289856255054474,0.4660490334033966,3
19,RUpArmTwist_l_02,0.38163623958826065,0.43064427375793457,0.5630460739135742,3
9,ring_01_r,0.3807825843493144,0.43111538887023926,0.44061527252197263,3
31,lowerarm_l,0.38075997432072956,0.41770076751708984,0.5572730541229248,3
30,ring_01_r,0.3806301752726237,0.46769988536834717,0.4852107286453247,3
26,ball_l,0.3804236302773158,0.4048123359680176,0.5120730876922608,3
59,ring_01_l,0.3803922235965729,0.3602138161659241,0.43269437551498413,3
65,calf_l,0.3802435944477717,0.2526690363883972,0.6578396201133728,3
41,ball_r,0.380231869717439,0.4955494999885559,0.5170466065406799,3
52,hand_r,0.3799114028612773,0.36725881695747375,0.4279960453510284,3
61,ring_01_l,0.37990038593610126,0.3429575264453888,0.4625763714313507,3
75,hand_r,0.37988369663556415,0.34719404578208923,0.4890564143657684,3
75,thigh_r,0.379843811194102,0.41390541195869446,0.4472774088382721,3
67,RUpArmTwist_r_01,0.379842609167099,0.33945026993751526,0.4841163456439972,3
73,hand_r,0.37897338966528576,0.40404918789863586,0.5116435587406158,3
58,calf_r,0.378522386153539,0.34533005952835083,0.4416023850440979,3
51,hand_r,0.3781958818435669,0.3820795714855194,0.41772767901420593,3
16,thigh_r,0.3781149983406067,0.390428364276886,0.4285237193107605,3
49,thigh_r,0.3780907293160756,0.36772024631500244,0.4681248188018799,3
59,foot_l,0.3779391373197238,0.3868749439716339,0.62841015458107,3
80,foot_r,0.3777398467063904,0.4362862706184387,0.47774955034255984,3
58,ring_01_r,0.3777083059151967,0.41486743092536926,0.42142651677131654,3
0,upperarm_l,0.3776337703069051,0.36161741614341736,0.43330437541007993,3
72,hand_r,0.37759313980738324,0.4244301915168762,0.4754794239997864,3
7,lowerarm_r,0.3775350749492645,0.4229307472705841,0.4626442492008209,3
20,thigh_l,0.37734763820966083,0.3261498510837555,0.51465123295784,3
32,lowerarm_l,0.37734677890936535,0.3741200566291809,0.5576317429542541,3
47,upperarm_l,0.3773251573244731,0.29338350892066956,0.49965937733650206,3
30,RUpArmTwist_r_01,0.37723789115746814,0.3086090087890625,0.5411930084228516,3
11,lowerarm_r,0.3769233425458272,0.37846866250038147,0.4307580292224884,3
38,thumb_01_r,0.3766002207994461,0.3409472107887268,0.5367292523384094,3
74,hand_r,0.37636303901672363,0.480986624956131,0.5587038576602936,3
26,neck_01,0.3761552969614665,0.3339116871356964,0.4911919176578522,3
3,RUpArmTwist_r_01,0.37595096230506897,0.27040719985961914,0.5306747436523438,3
72,neck_01,0.3752825955549876,0.3427923619747162,0.4846942126750946,3
74,RUpArmTwist_r_01,0.37456876039505005,0.3487760126590729,0.5054497063159943,3
71,ring_01_r,0.37447679539521533,0.29326266050338745,0.5281682848930359,3
56,ring_01_r,0.37441955010096234,0.39969325065612793,0.452614951133728,3
74,foot_l,0.3742797573407491,0.4082704484462738,0.4403108298778534,3
15,upperarm_l,0.3742543160915375,0.35795414447784424,0.4488004922866821,3
47,ring_01_l,0.3740833302338918,0.3644164800643921,0.39828782081604003,3
77,hand_r,0.37402937312920886,0.36204734444618225,0.5062473595142365,3
54,hand_l,0.37400077780087787,0.45995187759399414,0.47358121871948244,3
62,hand_r,0.37356648842493695,0.35706454515457153,0.4438425421714783,3
34,upperarm_l,0.3733776907126109,0.4680103361606598,0.47361817955970764,3
14,ring_01_r,0.37291015187899273,0.32405316829681396,0.45967607498168944,3
72,ring_01_r,0.3728637844324112,0.32978367805480957,0.5042263507843018,3
29,thigh_r,0.3725750247637431,0.2770560085773468,0.5159197390079499,3
43,lowerarm_l,0.37139419714609784,0.3432445526123047,0.47182650566101075,3
10,upperarm_l,0.37137027581532794,0.3778740167617798,0.4516185998916626,3
22,RUpArmTwist_r_01,0.37120257318019867,0.3090630769729614,0.5351226568222046,3
48,ball_r,0.37108688056468964,0.32287976145744324,0.5683594644069672,3
62,thumb_01_l,0.3710019489129384,0.3724016547203064,0.4429850935935974,3
15,ring_01_r,0.3708072751760483,0.3814968466758728,0.4675258994102478,3
39,RUpArmTwist_r_01,0.3707358290751775,0.37811288237571716,0.5481685817241668,3
21,calf_r,0.37062252561251324,0.38947200775146484,0.4914442539215088,3
11,upperarm_l,0.37053526441256207,0.34780851006507874,0.465489798784256,3
14,lowerarm_l,0.37016981840133667,0.29825448989868164,0.47466883659362796,3
36,middle_01_l,0.37006373206774396,0.3098055422306061,0.4862510979175568,3
16,ring_01_r,0.3700010081132253,0.3285687267780304,0.46978679299354553,3
22,ring_01_r,0.3698863089084625,0.405436635017395,0.48005640506744385,3
25,ring_01_r,0.36935776472091675,0.403126984834671,0.4103922188282013,3
57,RCalfTwist_03,0.369329293568929,0.34485170245170593,0.4162877261638641,3
17,lowerarm_r,0.36929036180178326,0.3416828513145447,0.5110281348228455,3
17,foot_r,0.3691837588946025,0.28853005170822144,0.5184109568595886,3
12,thumb_01_r,0.36899320284525555,0.39279621839523315,0.4448893666267395,3
74,lowerarm_r,0.36884581049283344,0.3231484889984131,0.47806510925292967,3
47,hand_r,0.368663211663564,0.3610544502735138,0.3864453613758087,3
24,middle_01_l,0.36831727623939514,0.369279682636261,0.45521916151046754,3
22,spine_01,0.3682308743397395,0.4223359227180481,0.4656912922859192,3
22,neck_01,0.3676633487145106,0.30553969740867615,0.5122539222240448,3
56,spine_01,0.36759888132413227,0.38532328605651855,0.40879795551300047,3
59,ring_01_r,0.36751635869344074,0.397737592458725,0.418995612859726,3
33,upperarm_l,0.3673364023367564,0.35377731919288635,0.40869978070259094,3
44,upperarm_r,0.3673340827226639,0.3163495659828186,0.5137291550636292,3
2,spine_02,0.3672189613183339,0.38591429591178894,0.3925331771373749,3
43,upperarm_l,0.3670474390188853,0.3797898590564728,0.42023752331733705,3
0,hand_r,0.3669805973768234,0.449940949678421,0.5106123983860016,3
35,ring_01_r,0.36663682262102765,0.42415666580200195,0.4501957893371582,3
71,neck_01,0.36650368571281433,0.3630129098892212,0.39712064266204833,3
84,ring_01_r,0.36617572605609894,0.275852769613266,0.53483926653862,3
45,thigh_r,0.3660876005887985,0.4250561594963074,0.49099911451339723,3
56,foot_l,0.36589709917704266,0.3166017234325409,0.4713066518306732,3
55,RCalfTwist_03,0.36588814854621887,0.3416767120361328,0.41953656673431394,3
40,upperarm_l,0.365767369667689,0.34199413657188416,0.44224628806114197,3
54,thigh_r,0.3657672355572383,0.38953661918640137,0.45122437477111815,3
28,ring_01_r,0.3657520016034444,0.41985490918159485,0.44319966435432434,3
35,neck_01,0.36572367946306866,0.27995565533638,0.5163289129734039,3
29,ring_01_r,0.36565621197223663,0.4256594181060791,0.4498554468154907,3
34,ring_01_r,0.3655395557483037,0.413076788187027,0.44513729214668274,3
0,spine_02,0.36546633392572403,0.4145541191101074,0.5379096984863281,3
81,lowerarm_l,0.3652801712354024,0.35082054138183594,0.39231650829315184,3
70,neck_01,0.3652331431706746,0.35130858421325684,0.4279684066772461,3
15,neck_01,0.3650429844856262,0.3438115119934082,0.45347936153411866,3
57,ring_01_l,0.3648137350877126,0.3651053011417389,0.38659356236457826,3
18,ring_01_r,0.36445210377375287,0.3875560462474823,0.477569717168808,3
36,hand_r,0.3643770565589269,0.4045393466949463,0.4911153316497803,3
74,spine_01,0.3641132016976674,0.38496890664100647,0.4197953283786774,3
9,hand_l,0.3638243277867635,0.33287250995635986,0.44550955295562744,3
62,ring_01_l,0.36375879247983295,0.3578035533428192,0.37683066725730896,3
4,ring_01_r,0.3634823461373647,0.4026033580303192,0.4177776038646698,3
14,calf_r,0.3633783260981242,0.3705675005912781,0.4860770106315613,3
31,ring_01_r,0.36297740042209625,0.3721790909767151,0.4762770295143127,3
16,thumb_01_r,0.36292115847269696,0.3549339175224304,0.41137391328811646,3
57,foot_l,0.36284807324409485,0.3206273913383484,0.4894264101982117,3
59,spine_02,0.36278846363226575,0.34834545850753784,0.4798425555229187,3
62,ring_01_r,0.36250730355580646,0.329780638217926,0.40863200426101687,3
45,hand_r,0.36203468839327496,0.3101027011871338,0.46572022438049315,3
8,upperarm_l,0.36192603905995685,0.3401474058628082,0.4002972185611725,3
23,ring_01_r,0.3614707291126251,0.35823920369148254,0.4338038504123688,3
24,RUpArmTwist_l_02,0.36145315567652386,0.2521614134311676,0.5930129826068878,3
48,calf_r,0.3614489982525508,0.3373676836490631,0.46657584309577943,3
35,lowerarm_r,0.3614199956258138,0.33400988578796387,0.4784520626068115,3
26,ring_01_r,0.36123119791348773,0.38349002599716187,0.3973517298698425,3
64,thumb_01_l,0.36050259073575336,0.3149087131023407,0.46052679419517517,3
16,head,0.3604077597459157,0.34911754727363586,0.37788944840431216,3
2,ball_l,0.36039172609647113,0.38279756903648376,0.41394602656364443,3
0,lowerarm_l,0.3603643973668416,0.3988970220088959,0.4960628688335419,3
27,ring_01_r,0.36027897397677106,0.37686294317245483,0.4571942210197449,3
52,ring_01_l,0.35990176598231,0.385922908782959,0.4176520347595215,3
8,thigh_r,0.35968080163002014,0.3409288823604584,0.39539420008659365,3
35,thigh_r,0.35967085758845013,0.26952964067459106,0.5153924584388733,3
6,thigh_r,0.35920941332976025,0.329903781414032,0.4723337531089783,3
6,ring_01_r,0.3589962323506673,0.3616361916065216,0.44035711884498596,3
71,hand_r,0.35860074559847516,0.40837863087654114,0.43750970959663393,3
34,thigh_l,0.35857853293418884,0.3598978817462921,0.4155662596225739,3
65,thumb_01_l,0.35846741994222003,0.2881156802177429,0.45877913236618045,3
36,upperarm_l,0.35843096176783246,0.3931964635848999,0.39573700428009034,3
48,hand_r,0.35840420921643573,0.3254741132259369,0.45675238966941833,3
34,lowerarm_l,0.3583790858586629,0.3087465167045593,0.5379405856132508,3
52,thumb_01_r,0.35835757851600647,0.3244805335998535,0.461432147026062,3
16,upperarm_l,0.35816707213719684,0.39395853877067566,0.4684405982494354,3
11,middle_01_l,0.35814642409483594,0.4017752408981323,0.43638689517974855,3
84,hand_r,0.3580645024776459,0.4142821729183197,0.42796823382377625,3
79,RUpArmTwist_r_01,0.35769057273864746,0.28656458854675293,0.4848486423492432,3
79,foot_l,0.3576399087905884,0.357127845287323,0.40543287992477417,3
1,ring_01_r,0.3570583959420522,0.3382352292537689,0.5090302169322968,3
35,thumb_01_r,0.3566202123959859,0.33722007274627686,0.4446848392486572,3
44,upperarm_l,0.35646753509839374,0.3447818458080292,0.3975088059902191,3
58,ring_01_l,0.35642557342847186,0.33695748448371887,0.40780258774757383,3
10,ring_01_r,0.35634153087933856,0.3522341251373291,0.45184104442596434,3
83,ring_01_r,0.3563132385412852,0.3340485394001007,0.432565838098526,3
39,neck_01,0.35618149240811664,0.3657928705215454,0.41092886924743655,3
7,upperarm_l,0.3560310552517573,0.3687369227409363,0.43756946325302126,3
26,clavicle_l,0.3558079997698466,0.32544293999671936,0.4332751095294952,3
83,calf_l,0.3557777355114619,0.2327364832162857,0.5398763924837112,3
1,hand_r,0.35555224617322284,0.4897922873497009,0.5009507536888123,3
40,ring_01_r,0.3555468370517095,0.401117205619812,0.4356037378311157,3
35,upperarm_l,0.35527456800142926,0.36323782801628113,0.3888002812862396,3
75,lowerarm_l,0.35525643825531006,0.3548550009727478,0.4514370560646057,3
21,ring_01_r,0.3551552693049113,0.3096594214439392,0.47064136266708373,3
19,lowerarm_r,0.35512671371301013,0.39041975140571594,0.4878122389316559,3
7,thumb_01_l,0.3546832005182902,0.3463783264160156,0.42706105709075926,3
63,thumb_01_l,0.3544326325257619,0.33091607689857483,0.4385653793811798,3
7,neck_01,0.3544306010007858,0.39664801955223083,0.4146364629268646,3
30,lowerarm_r,0.3542625159025192,0.3219301104545593,0.5105717062950135,3
15,hand_r,0.3542402982711792,0.3415239453315735,0.4748733639717102,3
64,ring_01_l,0.3539678355058034,0.36080899834632874,0.3804900228977203,3
66,foot_l,0.35360150535901386,0.29682406783103943,0.48561889529228214,3
40,spine_01,0.3535539507865906,0.399906724691391,0.421587198972702,3
30,ring_01_l,0.3534799814224243,0.326839804649353,0.4238280296325684,3
13,ring_01_r,0.35343003769715625,0.3327721357345581,0.4498713493347168,3
57,ring_01_r,0.3531193683544795,0.3884979486465454,0.4267079830169678,3
76,hand_r,0.3530670801798503,0.2909470498561859,0.4649634063243866,3
69,ring_01_r,0.3530501325925191,0.288431853055954,0.5191857278347015,3
49,hand_r,0.35296959181626636,0.4696216583251953,0.4838370084762573,3
67,neck_01,0.35285889108975727,0.32100290060043335,0.4443535923957825,3
17,thigh_r,0.35252364973227185,0.3486151397228241,0.4521994054317474,3
58,hand_r,0.3524680435657501,0.34392499923706055,0.38373167514801027,3
59,thumb_01_l,0.3521477480729421,0.35220396518707275,0.42317678928375246,3
64,thumb_01_r,0.3517608344554901,0.33841511607170105,0.4726625859737396,3
61,RUpArmTwist_l_01,0.3516160051027934,0.2801782488822937,0.509633481502533,3
44,middle_01_l,0.3515818218390147,0.3685760498046875,0.42970547676086424,3
8,neck_01,0.3514898916085561,0.31888461112976074,0.4533371448516846,3
38,ball_r,0.35144763191541034,0.466521680355072,0.4692244648933411,3
68,neck_01,0.35105668505032855,0.30181729793548584,0.44973299503326414,3
4,clavicle_r,0.35098450382550556,0.36282795667648315,0.3791003584861755,3
26,middle_01_l,0.3509160826603572,0.35055258870124817,0.4785421431064606,3
40,lowerarm_l,0.3509034464756648,0.2473280429840088,0.5258118152618408,3
4,calf_l,0.3507646123568217,0.37419089674949646,0.43179287314414977,3
33,thumb_01_r,0.35062792897224426,0.3598387539386749,0.3941684067249298,3
63,thumb_01_r,0.35058526198069256,0.35736656188964844,0.4421788930892944,3
5,ball_l,0.35036540031433105,0.2916930317878723,0.5998883843421936,3
26,RUpArmTwist_l_01,0.3502878745396932,0.27929720282554626,0.5253150641918183,3
22,ball_l,0.350153053800265,0.29710274934768677,0.5336405396461487,3
72,RCalfTwist_03,0.3495496114095052,0.35142216086387634,0.360026615858078,3
50,lowerarm_l,0.3494367649157842,0.319663405418396,0.4999460458755493,3
14,lowerarm_r,0.34921907261013985,0.26635482907295227,0.647131496667862,3
20,foot_r,0.3491779491305351,0.47477445006370544,0.4936599671840668,3
40,ring_01_l,0.3491773804028829,0.34558549523353577,0.42471044659614565,3
48,ball_l,0.3490009009838104,0.44133323431015015,0.46756988763809204,3
73,ring_01_l,0.34888925155003864,0.35404789447784424,0.3865370512008667,3
57,RUpArmTwist_l_02,0.34816821416219074,0.20991167426109314,0.5451777637004852,3
74,head,0.3480434715747833,0.3433079421520233,0.3821676433086395,3
25,middle_01_l,0.34798505902290344,0.3470854163169861,0.47269076108932495,3
60,ring_01_r,0.34763037165006,0.3550144135951996,0.43861245512962344,3
33,thigh_r,0.3475651244322459,0.21585208177566528,0.5793924927711487,3
51,thigh_r,0.34752757102251053,0.3272858262062073,0.5410709977149963,3
32,thumb_01_l,0.34750156104564667,0.34566089510917664,0.44112643599510193,3
61,neck_01,0.3473059783379237,0.35986343026161194,0.4398548424243927,3
84,thumb_01_r,0.3472827623287837,0.3398045301437378,0.4818510293960571,3
39,thumb_01_r,0.34710295001665753,0.331234335899353,0.5006405115127563,3
61,thumb_01_l,0.3467756509780884,0.39015495777130127,0.41958863735198976,3
37,upperarm_l,0.3465835253397624,0.26498526334762573,0.46795881986618043,3
41,neck_01,0.34645657738049823,0.3036551773548126,0.4361521780490875,3
83,hand_r,0.3463095774253209,0.2999255359172821,0.5137142598628998,3
56,ring_01_l,0.3462495505809784,0.36064237356185913,0.36758888959884645,3
1,spine_01,0.3462473253409068,0.32009202241897583,0.45224987268447875,3
57,hand_r,0.3462252418200175,0.34495317935943604,0.4003310203552246,3
54,hand_r,0.3461909095446269,0.32017090916633606,0.43299737572669983,3
17,ball_r,0.3458046466112137,0.3121953308582306,0.46737905144691466,3
19,ring_01_r,0.34563980003197986,0.4044705331325531,0.42728492617607117,3
42,hand_r,0.34543531636397046,0.34914904832839966,0.45494900941848754,3
43,hand_r,0.3452260146538417,0.39354807138442993,0.44110473394393923,3
22,lowerarm_r,0.34517525136470795,0.3629911243915558,0.45817185044288633,3
55,RUpArmTwist_l_01,0.345130351682504,0.38322514295578003,0.5263874888420105,3
31,ball_r,0.34507032732168835,0.41597577929496765,0.4367144525051117,3
46,lowerarm_l,0.3450126300255458,0.335872083902359,0.4594430267810822,3
1,lowerarm_l,0.34488852818806964,0.40072202682495117,0.4622159719467163,3
20,ring_01_r,0.34480491777261096,0.3852425813674927,0.42129859924316404,3
61,thumb_01_r,0.3447353740533193,0.3238998055458069,0.42276300191879274,3
30,thumb_01_l,0.3445038100083669,0.30980485677719116,0.4887383818626404,3
75,neck_01,0.3444470415512721,0.30521559715270996,0.5152999877929687,3
27,lowerarm_r,0.34437379986047745,0.4453495442867279,0.4743587911128998,3
1,RCalfTwist_03,0.34357548256715137,0.3284095823764801,0.43025992512702943,3
15,lowerarm_l,0.3433486223220825,0.4478699564933777,0.47009567022323606,3
61,ball_r,0.34326789776484173,0.30687737464904785,0.46023898124694823,3
3,hand_r,0.3432646803557873,0.45603498816490173,0.5014966666698456,3
52,foot_l,0.34319423139095306,0.2909761369228363,0.4994667232036591,3
39,ball_r,0.3426804443200429,0.23839551210403442,0.5005996823310852,3
70,hand_l,0.34253813326358795,0.2886657416820526,0.5015335977077484,3
3,lowerarm_l,0.3421681026617686,0.35884734988212585,0.39600197672843934,3
5,thumb_01_l,0.342081477244695,0.29594695568084717,0.42065398693084716,3
33,middle_01_l,0.3419519017140071,0.32656165957450867,0.46350881457328796,3
21,thumb_01_l,0.3417707582314809,0.33522891998291016,0.4401514530181885,3
10,thigh_r,0.3413887719313304,0.37163522839546204,0.4707886755466461,3
70,clavicle_r,0.3413442174593608,0.33949530124664307,0.4187755823135376,3
66,thumb_01_l,0.34131015340487164,0.29635441303253174,0.42351689338684084,3
45,lowerarm_r,0.34127896030743915,0.31957507133483887,0.4680156230926514,3
59,ball_r,0.341238796710968,0.2931865453720093,0.4288524389266968,3
54,ring_01_r,0.3409639100233714,0.36688676476478577,0.4436312735080719,3
13,spine_02,0.34090933203697205,0.29789143800735474,0.4594282269477844,3
17,ring_01_r,0.34085337320963544,0.34656766057014465,0.3905047714710236,3
15,foot_r,0.34073226650555927,0.3445453941822052,0.44438682198524476,3
69,neck_01,0.3404812216758728,0.3067387640476227,0.4027255117893219,3
12,ball_l,0.3401720995704333,0.32867127656936646,0.5209812760353089,3
20,RUpArmTwist_l_02,0.3400063713391622,0.38744065165519714,0.5036727368831635,3
46,thigh_l,0.3397454122702281,0.312024861574173,0.440023809671402,3
23,neck_01,0.3395514637231827,0.29270169138908386,0.49098424315452577,3
36,neck_01,0.33940912286440533,0.3818042576313019,0.4641735851764679,3
17,thumb_01_r,0.3393343736728032,0.3304237723350525,0.4217296242713928,3
18,ring_01_l,0.3390081326166789,0.3320511281490326,0.39458667635917666,3
8,thigh_l,0.3389758418003718,0.3730432987213135,0.5162067890167237,3
39,head,0.3389444847901662,0.33441004157066345,0.3469744145870209,3
33,foot_r,0.3388388107220332,0.4261378347873688,0.4315572321414948,3
20,spine_02,0.3386722207069397,0.4118947386741638,0.4511663556098938,3
2,ring_01_l,0.3386457562446594,0.31856977939605713,0.42419388294219973,3
53,thumb_01_r,0.3386319776376088,0.3206993043422699,0.4297794759273529,3
36,ring_01_r,0.33829757074515027,0.35957327485084534,0.4057324707508087,3
35,middle_01_l,0.3382962147394816,0.29115375876426697,0.4419564664363861,3
53,ring_01_l,0.33824873963991803,0.35415753722190857,0.36141135096549987,3
34,head,0.338158259789149,0.31566712260246277,0.3811142385005951,3
63,ring_01_r,0.3379441499710083,0.3175627589225769,0.4407987236976624,3
63,ring_01_l,0.3379055658976237,0.38475722074508667,0.390121853351593,3
21,ring_01_l,0.33748294909795123,0.3661355972290039,0.3987874984741211,3
32,lowerarm_r,0.3372277071078618,0.3594677746295929,0.40504809021949767,3
72,RUpArmTwist_l_01,0.3371469626824061,0.3278443515300751,0.48053359389305117,3
69,hand_l,0.3368633488814036,0.29867687821388245,0.403944331407547,3
82,RCalfTwist_03,0.3368488947550456,0.296159565448761,0.40655893087387085,3
39,middle_01_l,0.33667856951554614,0.32838600873947144,0.44020174741744994,3
12,ring_01_r,0.33667803804079693,0.32076987624168396,0.4191279113292694,3
1,calf_r,0.3363944739103317,0.34562167525291443,0.41723665595054626,3
60,ball_r,0.3363208870093028,0.27739018201828003,0.4506313443183899,3
70,ring_01_r,0.33605072398980457,0.26968538761138916,0.4688360929489136,3
22,RUpArmTwist_l_02,0.33604062100251514,0.24076899886131287,0.4964448630809784,3
81,neck_01,0.3360386590162913,0.3357801139354706,0.43851491808891296,3
37,ring_01_r,0.335961972673734,0.37679195404052734,0.40003745555877684,3
36,ball_r,0.3359300047159195,0.27279791235923767,0.4883599936962128,3
55,hand_r,0.3358685498436292,0.41204771399497986,0.46274363398551943,3
52,thigh_r,0.33586444954077405,0.35732436180114746,0.43174893856048585,3
24,spine_02,0.33553234736124676,0.31961143016815186,0.4074440002441406,3
41,ring_01_r,0.33547979096571606,0.37932106852531433,0.4495807111263275,3
59,neck_01,0.3351784298817317,0.31800132989883423,0.46199291944503784,3
6,spine_02,0.3346131891012192,0.39990487694740295,0.4450920641422272,3
47,thigh_l,0.3345157504081726,0.34459760785102844,0.3794312059879303,3
55,spine_01,0.3342330555121104,0.34229642152786255,0.39308608770370485,3
34,middle_01_l,0.33417680362860364,0.33578863739967346,0.4506275236606598,3
13,thumb_01_l,0.33412479360898334,0.2810194194316864,0.40956785082817077,3
34,ring_01_l,0.3339640994866689,0.3505321741104126,0.38244774341583254,3
35,ball_l,0.33388205866018933,0.3171389102935791,0.5160795688629151,3
49,foot_r,0.33370943864186603,0.3280976116657257,0.4513675272464752,3
36,thumb_01_r,0.33363393942515057,0.26582852005958557,0.43343034386634827,3
46,ring_01_l,0.3333885669708252,0.30005261301994324,0.3940060079097748,3
42,ring_01_l,0.3331551154454549,0.32361507415771484,0.3521301031112671,3
63,middle_01_r,0.3328003336985906,0.3738916516304016,0.40392690896987915,3
2,head,0.33271236220995587,0.3229426145553589,0.3565052509307861,3
33,ball_l,0.33271072804927826,0.27251917123794556,0.5521870255470276,3
81,ring_01_r,0.33258795738220215,0.2927413880825043,0.3920566737651825,3
22,ring_01_l,0.33255861202875775,0.34479251503944397,0.4026786148548126,3
54,thumb_01_r,0.3324500272671382,0.3123648762702942,0.4260849833488464,3
18,neck_01,0.33233808477719623,0.32096654176712036,0.37803014516830447,3
60,foot_l,0.3318633784850438,0.384780615568161,0.43822562098503115,3
19,thumb_01_r,0.3318101763725281,0.28649866580963135,0.3991506099700928,3
70,ring_01_l,0.3317655324935913,0.3421074450016022,0.34879162907600403,3
42,thigh_r,0.33176037420829135,0.3810043931007385,0.4790958523750305,3
25,thigh_r,0.33155622084935504,0.35839396715164185,0.38987926244735716,3
67,thumb_01_l,0.3314225474993388,0.2939431071281433,0.4151337742805481,3
1,neck_01,0.33139116565386456,0.3325004577636719,0.394477915763855,3
40,thigh_r,0.3313121646642685,0.25455793738365173,0.44744040369987487,3
81,ring_01_l,0.3312135338783264,0.33326178789138794,0.3600829005241394,3
20,ball_r,0.33112379411856335,0.2654300332069397,0.4509573817253113,3
26,lowerarm_l,0.3308999339739482,0.23193936049938202,0.4782566159963608,3
15,thumb_01_r,0.3307248651981354,0.32820385694503784,0.37451318502426145,3
29,neck_01,0.3302522599697113,0.3527481257915497,0.4097180306911469,3
37,middle_01_l,0.3301876535018285,0.30196577310562134,0.4379059910774231,3
57,thumb_01_l,0.33008310198783875,0.30243128538131714,0.4065653681755066,3
49,ring_01_r,0.33005424340566,0.32256174087524414,0.34873955249786376,3
29,hand_r,0.33005305131276447,0.2753280699253082,0.42360158562660216,3
12,thumb_01_l,0.32967423399289447,0.30595862865448,0.4483414888381958,3
66,neck_01,0.32966842254002887,0.33775150775909424,0.3863294839859009,3
83,spine_01,0.3296154538790385,0.40741756558418274,0.4158643543720245,3
21,clavicle_l,0.3293059170246124,0.392077773809433,0.4123152673244476,3
3,ring_01_r,0.32915524144967395,0.35937049984931946,0.4365870296955109,3
19,middle_01_l,0.3291485905647278,0.3105047345161438,0.4173667311668396,3
9,neck_01,0.3287341793378194,0.2855819761753082,0.4018031656742096,3
25,neck_01,0.3283217151959737,0.24134092032909393,0.45829707086086274,3
65,thumb_01_r,0.32830215990543365,0.3205474019050598,0.4637743830680847,3
20,neck_01,0.3282918731371562,0.3243660032749176,0.3537577688694,3
47,ring_01_r,0.32825601597627,0.38885748386383057,0.40179464817047117,3
74,neck_01,0.3281107693910599,0.28577521443367004,0.43719616532325745,3
34,thumb_01_l,0.32798391580581665,0.3005242347717285,0.4260765552520752,3
39,foot_r,0.32796751459439594,0.3086353540420532,0.3993308305740356,3
13,neck_01,0.3277974824110667,0.2744705379009247,0.4065205276012421,3
56,thumb_01_l,0.3277263790369034,0.30716875195503235,0.41879079937934877,3
16,ring_01_l,0.3277035156885783,0.34661197662353516,0.371123743057251,3
37,ring_01_l,0.3276495734850566,0.33745092153549194,0.3609675049781799,3
75,ring_01_l,0.32757194836934406,0.32498687505722046,0.3732045769691467,3
58,hand_l,0.3273646930853526,0.3236331641674042,0.36205706000328064,3
53,head,0.3271229863166809,0.33500906825065613,0.3994460999965668,3
25,foot_r,0.3271227727333705,0.355392724275589,0.3819003164768219,3
45,thumb_01_r,0.3271143486102422,0.2763701379299164,0.4239123523235321,3
14,thumb_01_l,0.32710233827431995,0.2978445291519165,0.43285431861877444,3
34,lowerarm_r,0.3269868592421214,0.36509883403778076,0.47622978687286377,3
69,RUpArmTwist_r_01,0.3269680341084798,0.32906660437583923,0.4118915259838104,3
34,LCalfTwist_01,0.3265695621569951,0.2904711067676544,0.43277791142463684,3
72,ring_01_l,0.32652944326400757,0.32814374566078186,0.3326012194156647,3
30,neck_01,0.32649853825569153,0.2811415195465088,0.40429461002349854,3
60,hand_l,0.32645652691523236,0.18879085779190063,0.5214558720588685,3
68,ring_01_r,0.3263608366250992,0.287708580493927,0.4640853524208069,3
35,head,0.3262992898623149,0.3832308053970337,0.40137557983398436,3
15,hand_l,0.32620036602020264,0.37095898389816284,0.3985623002052307,3
20,thumb_01_l,0.3257373074690501,0.2934451103210449,0.3984587907791138,3
68,ring_01_l,0.3256904085477193,0.3256746530532837,0.3384717464447021,3
58,thumb_01_l,0.3256004850069682,0.32494276762008667,0.39251145124435427,3
56,calf_l,0.32552183667818707,0.30426672101020813,0.41973846554756167,3
21,middle_01_l,0.3254520148038864,0.31339818239212036,0.3953433632850647,3
23,middle_01_l,0.3253727008899053,0.3315058648586273,0.40422183871269224,3
22,thumb_01_r,0.32534736891587573,0.33794790506362915,0.3970818161964417,3
32,ball_r,0.325243001182874,0.34734734892845154,0.3902800500392914,3
24,ring_01_l,0.32516588767369586,0.273748517036438,0.40321533679962157,3
34,spine_01,0.32509660720825195,0.27472609281539917,0.4339561343193054,3
41,thumb_01_l,0.32501127819220227,0.34316715598106384,0.4205885112285614,3
29,thumb_01_r,0.3249940077463786,0.3346322178840637,0.38121875524520876,3
80,neck_01,0.3249864677588145,0.32526326179504395,0.3576185941696167,3
60,head,0.32488813002904254,0.34203240275382996,0.35232831835746764,3
77,RUpArmTwist_r_01,0.3247827837864558,0.26890406012535095,0.4720366656780243,3
62,middle_01_r,0.32472679018974304,0.3377552926540375,0.3733649432659149,3
18,thumb_01_r,0.32471656302611035,0.3213053345680237,0.3943065762519836,3
58,RUpArmTwist_l_02,0.32468504707018536,0.21709631383419037,0.5139457195997238,3
69,lowerarm_r,0.32465316355228424,0.3712087571620941,0.4485799252986908,3
7,calf_r,0.32461167375246686,0.33580106496810913,0.4465003848075867,3
15,ring_01_l,0.3246068060398102,0.28316283226013184,0.3968834161758423,3
32,upperarm_l,0.32442935307820636,0.21789932250976562,0.4782876968383789,3
10,thumb_01_r,0.3243921250104904,0.31614580750465393,0.39184120297431946,3
69,thumb_01_r,0.3243635247151057,0.307312548160553,0.43293596506118776,3
51,lowerarm_l,0.32420868674914044,0.3061006963253021,0.45222687125205996,3
33,neck_01,0.3241976449886958,0.2510004937648773,0.45254003405570986,3
55,thumb_01_l,0.3241179585456848,0.2905951738357544,0.4062433481216431,3
21,spine_02,0.3239907920360565,0.27594617009162903,0.4678873598575592,3
68,thumb_01_l,0.3238295018672943,0.2788059413433075,0.38862304091453553,3
84,spine_01,0.3238101899623871,0.40920621156692505,0.42711979150772095,3
77,ring_01_r,0.32369592785835266,0.31187695264816284,0.3912030100822449,3
32,ring_01_l,0.32362320522467297,0.3356758654117584,0.3937340795993805,3
4,thumb_01_r,0.3236171652873357,0.23945623636245728,0.4482941269874573,3
14,ring_01_l,0.3236082047224045,0.37238335609436035,0.38720412254333497,3
1,ring_01_l,0.32348473866780597,0.28351080417633057,0.3900125980377197,3
39,thumb_01_l,0.3234206736087799,0.27431485056877136,0.43127705454826354,3
38,lowerarm_r,0.32321759810050327,0.4079539179801941,0.4314149975776672,3
65,neck_01,0.3231923232475917,0.30454498529434204,0.40708359479904177,3
64,ring_01_r,0.32316308716932934,0.33479687571525574,0.4638513743877411,3
33,thumb_01_l,0.32314303517341614,0.3193492591381073,0.4266981780529022,3
11,thigh_r,0.3230613023042679,0.3092762231826782,0.45594043731689454,3
71,head,0.32301724950472516,0.31257355213165283,0.33792777061462403,3
4,ring_01_l,0.3229781786600749,0.37899014353752136,0.4301646649837494,3
5,thumb_01_r,0.32284020880858105,0.295156329870224,0.4613759219646454,3
71,ring_01_l,0.3226840098698934,0.3276596665382385,0.3385759234428406,3
3,spine_02,0.3226052721341451,0.25890234112739563,0.42394359707832335,3
17,ring_01_l,0.3225040038426717,0.31182798743247986,0.33816792368888854,3
36,thumb_01_l,0.3219950298468272,0.3007962703704834,0.4057450294494629,3
67,ring_01_r,0.3219650487105052,0.288636714220047,0.4800875246524811,3
53,ring_01_r,0.321953813234965,0.32324373722076416,0.43707258701324464,3
6,middle_01_r,0.321750670671463,0.2982444167137146,0.39906834363937377,3
28,thumb_01_l,0.3215511292219162,0.34352684020996094,0.4264572858810425,3
20,middle_01_l,0.321486492951711,0.2857002019882202,0.42662274837493896,3
20,ring_01_l,0.3214509189128876,0.32406607270240784,0.3430923521518707,3
43,ring_01_l,0.3214245984951655,0.3131594955921173,0.3906844913959503,3
85,middle_01_r,0.3212487002213796,0.317968487739563,0.33409078121185304,3
61,middle_01_r,0.3212127387523651,0.3254674971103668,0.36903045773506166,3
10,middle_01_l,0.3210952430963516,0.3295871913433075,0.3807226359844208,3
15,spine_02,0.3210613628228505,0.3006937503814697,0.4732884407043457,3
50,thumb_01_l,0.32099183400472003,0.30577194690704346,0.4153325319290161,3
14,middle_01_r,0.32081127166748047,0.2797030210494995,0.39530394077301023,3
45,middle_01_l,0.3204866200685501,0.36291342973709106,0.3777620196342468,3
73,middle_01_l,0.3204135050376256,0.3641115725040436,0.37791491150856016,3
67,thumb_01_r,0.3202139188845952,0.2980267107486725,0.4426350653171539,3
78,foot_l,0.32020045320192975,0.31096088886260986,0.3985213994979858,3
76,ring_01_r,0.32019375761349994,0.3517415523529053,0.3972174882888794,3
53,thumb_01_l,0.3201928933461507,0.2886231541633606,0.38720241785049436,3
72,ball_l,0.32013537486394245,0.3718380033969879,0.47464750409126283,3
82,thigh_r,0.31992509464422864,0.28548988699913025,0.4746306598186493,3
65,ring_01_l,0.31962957481543225,0.3619093894958496,0.405884838104248,3
6,thumb_01_l,0.319465567668279,0.3466816842556,0.3975676238536835,3
76,hand_l,0.3194389194250107,0.3554183840751648,0.444086492061615,3
10,foot_r,0.3193891296784083,0.3299386203289032,0.38548035025596616,3
6,thumb_01_r,0.319380243619283,0.31224045157432556,0.3881450593471527,3
5,ring_01_l,0.3193717300891876,0.2990927994251251,0.3668584167957306,3
64,neck_01,0.3192249933878581,0.28011858463287354,0.3831877946853638,3
15,thumb_01_l,0.3190707365671794,0.29691362380981445,0.39698424339294436,3
56,hand_r,0.31899334987004596,0.30220818519592285,0.40684893131256106,3
22,thumb_01_l,0.3189777781565984,0.28293102979660034,0.41131225824356077,3
33,middle_01_r,0.3189273575941722,0.2978404462337494,0.3567253530025482,3
60,pinky_01_l,0.3188919425010681,0.27688127756118774,0.3977776885032654,3
1,clavicle_r,0.31881919006506604,0.31098803877830505,0.4548377454280853,3
77,ring_01_l,0.3187539279460907,0.31838271021842957,0.34613491892814635,3
54,calf_l,0.31872136890888214,0.29971951246261597,0.4036299824714661,3
51,ring_01_l,0.3186592161655426,0.3650168478488922,0.3742715656757355,3
50,ring_01_r,0.31864943106969196,0.31471875309944153,0.36189499497413635,3
21,thumb_01_r,0.3185814768075943,0.29993176460266113,0.4147082805633545,3
66,RUpArmTwist_r_01,0.3185322235027949,0.2658589780330658,0.4392450749874115,3
7,ring_01_l,0.3184867997964223,0.31587228178977966,0.33902260661125183,3
31,pinky_01_r,0.3184848378101985,0.31697914004325867,0.4270725905895233,3
76,lowerarm_r,0.3182690391937892,0.3270714581012726,0.4156536638736725,3
84,ring_01_l,0.318161020676295,0.3077296316623688,0.37403309941291807,3
41,clavicle_r,0.3181057671705882,0.2950586974620819,0.36155754923820493,3
36,ring_01_l,0.3180803954601288,0.3426869213581085,0.35055790543556214,3
47,ball_r,0.3179865578810374,0.3201567828655243,0.39053847193717955,3
7,thumb_01_r,0.31796619296073914,0.34619298577308655,0.3566430866718292,3
76,ring_01_l,0.31795013944307965,0.3394644558429718,0.3898700296878815,3
33,RUpArmTwist_l_01,0.3177135040362676,0.37219688296318054,0.42702252268791197,3
61,head,0.31763147314389545,0.30214545130729675,0.43008303046226504,3
84,thumb_01_l,0.3175385097662608,0.3110088109970093,0.33731052875518797,3
84,pinky_01_l,0.3175198237101237,0.3104286193847656,0.40144922733306887,3
49,ring_01_l,0.31747759381930035,0.31490349769592285,0.3238457918167114,3
11,neck_01,0.31722012162208557,0.2110753059387207,0.48411240577697756,3
31,middle_01_l,0.31715822219848633,0.28847381472587585,0.3759640872478485,3
72,hand_l,0.31712573270003,0.29056936502456665,0.4861158013343811,3
32,foot_r,0.3170991539955139,0.3915320932865143,0.4515906393527985,3
24,neck_01,0.3170545647541682,0.30044764280319214,0.42535401582717897,3
83,calf_r,0.3168831119934718,0.3218580186367035,0.3746748387813568,3
72,RUpArmTwist_r_01,0.31685853004455566,0.273285448551178,0.435285222530365,3
26,thumb_01_r,0.3167393207550049,0.34686946868896484,0.3589233636856079,3
48,neck_01,0.3167018989721934,0.3149934709072113,0.387390273809433,3
42,thumb_01_l,0.31669839719931286,0.34300389885902405,0.39765809178352357,3
28,RUpArmTwist_r_01,0.31658491492271423,0.2965727746486664,0.46590573191642765,3
38,thumb_01_l,0.3165576209624608,0.2773515284061432,0.43118630051612855,3
35,thumb_01_l,0.316484197974205,0.2966777980327606,0.4233211696147919,3
18,thumb_01_l,0.3162972629070282,0.3178715407848358,0.3995292365550995,3
27,thigh_r,0.3162500311930974,0.3251268267631531,0.37790838479995725,3
66,ball_r,0.3161662220954895,0.2873939275741577,0.4597918748855591,3
45,ring_01_r,0.31602006157239276,0.3696378469467163,0.3818609952926636,3
52,neck_01,0.3160019864638646,0.3022465407848358,0.41641191840171815,3
68,thumb_01_r,0.31556370854377747,0.2854870557785034,0.43270761966705323,3
48,thumb_01_l,0.3155387391646703,0.30529096722602844,0.42240663170814513,3
32,ball_l,0.3155317505200704,0.19397351145744324,0.4893619477748871,3
36,hand_l,0.31548867623011273,0.3272448480129242,0.35761329531669617,3
66,thumb_01_r,0.31547628343105316,0.2959650456905365,0.44226595759391785,3
66,ring_01_l,0.3154383599758148,0.2819051146507263,0.3668714642524719,3
31,middle_01_r,0.3153713444868724,0.3186488747596741,0.32840791940689085,3
66,ring_01_r,0.31528715292612713,0.26783889532089233,0.45347667932510377,3
11,ring_01_r,0.3151914179325104,0.2593657076358795,0.4214233458042145,3
41,middle_01_l,0.3151461035013199,0.3397316038608551,0.3525171339511871,3
69,ring_01_l,0.3151460587978363,0.32048648595809937,0.3240493655204773,3
25,thumb_01_r,0.3151320517063141,0.3425081670284271,0.34978386759757996,3
1,thumb_01_r,0.3150672564903895,0.24556617438793182,0.4247681707143784,3
27,middle_01_l,0.315023069580396,0.32014939188957214,0.42146980166435244,3
69,thumb_01_l,0.3149605393409729,0.2810315191745758,0.37810102105140686,3
54,neck_01,0.314872682094574,0.30012738704681396,0.3892322778701782,3
17,hand_r,0.3146400898694992,0.3764323592185974,0.3841986536979675,3
65,ball_r,0.31456611057122547,0.26750001311302185,0.47822877764701843,3
31,RUpArmTwist_r_01,0.31442415714263916,0.24555189907550812,0.5087543159723282,3
49,thumb_01_l,0.3141840895016988,0.28418630361557007,0.4237512707710266,3
14,middle_01_l,0.31406553089618683,0.29117336869239807,0.405057030916214,3
16,hand_r,0.3138895034790039,0.33572056889533997,0.39739134907722473,3
41,ring_01_l,0.3138767083485921,0.32854220271110535,0.33287033438682556,3
5,thigh_r,0.31371641159057617,0.19838330149650574,0.48735074400901796,3
4,middle_01_r,0.31363684435685474,0.327849805355072,0.3869714617729187,3
10,ball_l,0.3134676516056061,0.34598106145858765,0.40294567346572874,3
65,middle_01_r,0.3132401208082835,0.3446379601955414,0.3677404820919037,3
38,RUpArmTwist_l_01,0.31318169335524243,0.21587036550045013,0.4821692913770676,3
3,neck_01,0.31294961273670197,0.26308611035346985,0.40557096600532533,3
67,ring_01_l,0.31291860342025757,0.290731281042099,0.34482309222221375,3
16,thumb_01_l,0.31285087764263153,0.316127747297287,0.39723371863365176,3
37,thumb_01_r,0.31284306446711224,0.25528284907341003,0.3940388858318329,3
53,neck_01,0.31273169815540314,0.31796419620513916,0.3772875785827637,3
80,spine_01,0.31271043916543323,0.23462411761283875,0.4436096131801605,3
18,head,0.31267781058947247,0.3365338444709778,0.34444440603256227,3
42,middle_01_l,0.312666858235995,0.30379992723464966,0.3810622334480286,3
1,calf_l,0.3126557221015294,0.28422582149505615,0.40265917778015137,3
26,foot_r,0.3122974584499995,0.34661197662353516,0.361682391166687,3
40,thumb_01_r,0.3122867892185847,0.274935245513916,0.4101547718048096,3
24,calf_r,0.3121422578891118,0.3129556477069855,0.43472281098365784,3
48,middle_01_r,0.31186892588933307,0.3118201494216919,0.32074313163757323,3
39,lowerarm_r,0.3117221842209498,0.22857646644115448,0.43034492433071136,3
82,ring_01_r,0.31168318788210553,0.3143877685070038,0.3631715953350067,3
51,thumb_01_l,0.31164324283599854,0.29862239956855774,0.36161659359931947,3
75,calf_r,0.3116414000590642,0.3143695294857025,0.37537304759025575,3
42,ring_01_r,0.3116394380728404,0.3670773208141327,0.42873710989952085,3
45,neck_01,0.31161582469940186,0.22906461358070374,0.4514794170856476,3
80,ring_01_l,0.3115866283575694,0.2852633595466614,0.3709436535835266,3
54,ring_01_l,0.3114246229330699,0.3155396282672882,0.3357234299182892,3
62,neck_01,0.3113531519969304,0.3296303451061249,0.354442423582077,3
3,thumb_01_l,0.3113469084103902,0.2851821780204773,0.39068299531936646,3
40,thumb_01_l,0.31123510499795276,0.2906363308429718,0.4156129419803619,3
38,middle_01_l,0.31113311151663464,0.3294844925403595,0.3684514343738556,3
19,foot_r,0.311086172858874,0.29444023966789246,0.4534363210201263,3
58,calf_l,0.3109206557273865,0.28706955909729004,0.3734511613845825,3
69,clavicle_r,0.3109187384446462,0.29283586144447327,0.35632994771003723,3
71,thumb_01_l,0.31076744198799133,0.27873411774635315,0.3622434437274933,3
84,neck_01,0.31055862704912823,0.24846027791500092,0.40627135932445524,3
54,thumb_01_l,0.31049783527851105,0.29059356451034546,0.3775524258613586,3
34,middle_01_r,0.3104873200257619,0.3089028000831604,0.35451263189315796,3
20,thumb_01_r,0.3104260017474492,0.27310895919799805,0.3906662940979004,3
52,thumb_01_l,0.31037450830141705,0.2883594036102295,0.3588744640350342,3
31,thumb_01_r,0.310318390528361,0.2892328202724457,0.35295183062553404,3
67,ball_l,0.31027284264564514,0.3287878632545471,0.39115341901779177,3
38,ring_01_l,0.31023675700028736,0.31845715641975403,0.36565290093421937,3
57,thumb_01_r,0.3102245231469472,0.3016199469566345,0.3851423144340515,3
37,thumb_01_l,0.31020670135815936,0.2912870943546295,0.38115585446357725,3
82,ring_01_l,0.310195858279864,0.3376934230327606,0.34321317076683044,3
28,thumb_01_r,0.3100779354572296,0.33374112844467163,0.36012791395187377,3
83,ring_01_l,0.3099993367989858,0.313141405582428,0.3274381995201111,3
11,thumb_01_r,0.30992391705513,0.3455241322517395,0.35547600984573363,3
79,ring_01_r,0.3097230792045593,0.32407844066619873,0.3433643579483032,3
43,middle_01_l,0.30966344972451526,0.29885807633399963,0.3991882145404816,3
5,ring_01_r,0.30954698224862415,0.3915662169456482,0.3969279170036316,3
29,lowerarm_r,0.3094455376267433,0.37819087505340576,0.4474182605743408,3
10,neck_01,0.309379905462265,0.28705325722694397,0.40642340779304503,3
17,middle_01_l,0.3092259665330251,0.25830355286598206,0.3967972815036774,3
47,neck_01,0.30917835235595703,0.22616855800151825,0.43410933911800387,3
16,middle_01_l,0.3091778705517451,0.2918492257595062,0.3786123216152191,3
76,ball_l,0.30912641684214276,0.3016693890094757,0.38934350609779356,3
23,ring_01_l,0.30911646286646527,0.3237364888191223,0.36751641035079957,3
80,lowerarm_l,0.3090960929791133,0.341818630695343,0.3710512757301331,3
70,thumb_01_l,0.30903975168863934,0.2749200463294983,0.3649497151374817,3
23,thumb_01_l,0.30810660123825073,0.2941233515739441,0.4073227047920227,3
85,lowerarm_r,0.30805549522240955,0.29600343108177185,0.41843435168266296,3
13,thumb_01_r,0.30767393112182617,0.31965339183807373,0.3403328418731689,3
0,pinky_01_l,0.3075875441233317,0.32922428846359253,0.36232131719589233,3
50,middle_01_r,0.3075605829556783,0.30916476249694824,0.3120530128479004,3
12,ring_01_l,0.3074215203523636,0.29053714871406555,0.3649371683597565,3
27,thumb_01_r,0.3073577086130778,0.3078579604625702,0.35315501093864443,3
19,neck_01,0.30721548199653625,0.3231412470340729,0.3920535624027252,3
59,hand_l,0.3072008242209752,0.2823866307735443,0.4373963296413422,3
26,ball_r,0.3071385324001312,0.28808078169822693,0.378906911611557,3
10,thigh_l,0.3070586770772934,0.26409581303596497,0.3903838932514191,3
58,thumb_01_r,0.306801438331604,0.27090558409690857,0.3662643373012543,3
12,hand_r,0.3067828764518102,0.3659857213497162,0.37670692801475525,3
73,thumb_01_r,0.3067070543766022,0.3049449324607849,0.34356878995895385,3
28,middle_01_l,0.3066745599110921,0.3521324098110199,0.37800914645195005,3
66,middle_01_r,0.30645735561847687,0.3345474600791931,0.3521237254142761,3
49,thumb_01_r,0.3063926001389821,0.29189759492874146,0.37192384004592893,3
39,ring_01_l,0.30624981721242267,0.3184736371040344,0.3269928336143494,3
42,foot_r,0.3062020887931188,0.21471565961837769,0.4822798609733582,3
72,thumb_01_r,0.306069552898407,0.31924334168434143,0.3404703915119171,3
78,calf_l,0.30578746398289997,0.3176388144493103,0.40887194871902466,3
32,middle_01_l,0.305703600247701,0.31994056701660156,0.39095609188079833,3
13,middle_01_l,0.30567308763662976,0.3218088150024414,0.3775892496109009,3
23,lowerarm_r,0.30561651786168414,0.35750851035118103,0.40221824049949645,3
79,ring_01_l,0.3055436611175537,0.2519600987434387,0.38730884790420533,3
67,middle_01_r,0.30551227927207947,0.3424014449119568,0.35609601736068724,3
74,ring_01_l,0.3054583768049876,0.3432927429676056,0.3492683947086334,3
59,RUpArmTwist_r_01,0.3054048915704091,0.21549755334854126,0.44007865190505985,3
25,lowerarm_l,0.30539533495903015,0.32420721650123596,0.42897565960884093,3
19,thumb_01_l,0.30534202853838605,0.2794839143753052,0.35274791717529297,3
22,middle_01_l,0.30531103909015656,0.31907254457473755,0.3988972544670105,3
7,middle_01_r,0.30526438852151233,0.3359339237213135,0.3479434013366699,3
57,spine_01,0.3052113006512324,0.3046327531337738,0.3634081304073334,3
58,middle_01_l,0.30518033107121784,0.29094812273979187,0.3346437871456146,3
25,ball_r,0.3051339586575826,0.27369946241378784,0.365086567401886,3
59,middle_01_l,0.30476094285647076,0.28686362504959106,0.3311921715736389,3
81,thumb_01_l,0.30468755463759106,0.2850241959095001,0.3931363642215729,3
37,neck_01,0.3046722362438838,0.35600459575653076,0.3564899206161499,3
28,foot_r,0.30464263757069904,0.38428089022636414,0.4062866628170013,3
14,thumb_01_r,0.304604450861613,0.3158806264400482,0.3685950219631195,3
40,middle_01_l,0.30453985432783764,0.3409578502178192,0.3493494689464569,3
31,thumb_01_l,0.3043282975753148,0.33017614483833313,0.3874604284763336,3
8,ring_01_l,0.3042904734611511,0.3125707507133484,0.31455270051956175,3
41,upperarm_l,0.3042050947745641,0.3400065302848816,0.3549315333366394,3
19,ring_01_l,0.304153174161911,0.3095717430114746,0.31827263832092284,3
9,ring_01_l,0.30399777988592785,0.2938516438007355,0.3679021894931793,3
9,ball_l,0.3039538661638896,0.3740215003490448,0.3794537723064423,3
79,neck_01,0.30394279956817627,0.26716867089271545,0.36174259781837464,3
75,RUpArmTwist_l_01,0.30377064396937686,0.37763550877571106,0.4304838001728058,3
43,thumb_01_l,0.3033650815486908,0.324581503868103,0.38451693058013914,3
4,neck_01,0.3032860408226649,0.31490737199783325,0.4078823685646057,3
28,ring_01_l,0.30328597625096637,0.2988870441913605,0.33932889103889463,3
12,foot_r,0.3032846301794052,0.3170219659805298,0.34931557178497313,3
39,ball_l,0.30316708485285443,0.3518809974193573,0.3988041341304779,3
70,thumb_01_r,0.30311939616998035,0.29036620259284973,0.3886017620563507,3
64,lowerarm_r,0.302679181098938,0.23050600290298462,0.4229997992515564,3
23,RUpArmTwist_l_02,0.30236012240250904,0.18742500245571136,0.499450895190239,3
26,ring_01_l,0.3023339907328288,0.28919148445129395,0.35728092193603517,3
23,thumb_01_r,0.3023293912410736,0.28175029158592224,0.3958979308605194,3
48,thumb_01_r,0.3022937476634979,0.31584104895591736,0.33318695425987244,3
12,upperarm_l,0.30225110054016113,0.3760637938976288,0.3852569043636322,3
48,ring_01_l,0.3022201657295227,0.29063907265663147,0.3569003641605377,3
47,thumb_01_r,0.30205275615056354,0.25477170944213867,0.3773665904998779,3
33,ring_01_l,0.3019815981388092,0.3200136423110962,0.35090200901031493,3
18,LCalfTwist_01,0.3017766972382863,0.26241517066955566,0.3909209489822388,3
16,neck_01,0.3016772468884786,0.3249594569206238,0.3574844479560852,3
3,ring_01_l,0.3016665279865265,0.32566162943840027,0.3765969932079315,3
15,ball_l,0.30146482090155285,0.34259629249572754,0.4039583206176758,3
27,clavicle_l,0.3014145294825236,0.29913583397865295,0.3360434591770172,3
30,spine_02,0.30127717306216556,0.3731009364128113,0.42642894983291624,3
65,RUpArmTwist_l_02,0.30121785402297974,0.3253991901874542,0.3932842552661896,3
84,middle_01_r,0.301197608311971,0.292744517326355,0.3145398378372192,3
35,middle_01_r,0.3011240263779958,0.2827549874782562,0.33838760256767275,3
81,thumb_01_r,0.30108893911043805,0.2711401581764221,0.38702634572982786,3
64,middle_01_r,0.3010185907284419,0.34151554107666016,0.373971152305603,3
78,neck_01,0.3009018649657567,0.2543276846408844,0.3823104202747345,3
82,thumb_01_l,0.3008063832918803,0.257779598236084,0.39903850555419923,3
15,middle_01_r,0.30044499039649963,0.27027469873428345,0.3482836365699768,3
15,middle_01_l,0.3004434456427892,0.3386223614215851,0.36056345105171206,3
76,calf_l,0.30039016405741376,0.30317065119743347,0.37298094630241396,3
14,RUpArmTwist_l_02,0.3003726402918498,0.20287039875984192,0.4561287462711334,3
56,thumb_01_r,0.30033132433891296,0.3004250228404999,0.3703025758266449,3
8,hand_r,0.3002289781967799,0.4073428809642792,0.4243596255779266,3
12,thigh_l,0.3002030352751414,0.28125959634780884,0.43378223180770875,3
46,neck_01,0.30005593101183575,0.291860431432724,0.4018514811992645,3
17,calf_r,0.29995618760585785,0.32729020714759827,0.4095760405063629,3
5,middle_01_l,0.2997627506653468,0.342668741941452,0.36346792578697207,3
35,ring_01_l,0.29962976773579914,0.3275013864040375,0.3390031039714813,3
55,head,0.29962921142578125,0.28823548555374146,0.3571468234062195,3
84,RUpArmTwist_l_02,0.2995985249678294,0.3844793438911438,0.3862301707267761,3
83,neck_01,0.29954266051451367,0.2932201325893402,0.4040874183177948,3
65,head,0.29946234822273254,0.31819188594818115,0.3202329397201538,3
49,middle_01_l,0.2993970414002736,0.29621970653533936,0.3450920104980469,3
29,thumb_01_l,0.29934126138687134,0.3598794639110565,0.38112275004386903,3
72,RCalfTwist_01,0.29934105773766834,0.3176981210708618,0.38676750659942627,3
12,neck_01,0.2993277460336685,0.2974320352077484,0.42958402037620547,3
85,middle_01_l,0.299070547024409,0.28105399012565613,0.34691829085350034,3
23,hand_l,0.29901274542013806,0.2829703688621521,0.3496815085411072,3
24,thumb_01_l,0.2990054786205292,0.28370359539985657,0.4104565441608429,3
78,ring_01_l,0.2989443987607956,0.24641786515712738,0.3959984749555588,3
44,hand_r,0.29888982822497684,0.3110349476337433,0.432112056016922,3
76,head,0.2988573412100474,0.2741565406322479,0.34605092406272886,3
61,pinky_01_l,0.2987956951061885,0.30080917477607727,0.3680120766162872,3
62,thumb_01_r,0.2985413670539856,0.251832515001297,0.3776580154895782,3
26,thumb_01_l,0.2983994384606679,0.31957298517227173,0.4013032793998718,3
80,RUpArmTwist_r_01,0.29835280279318493,0.23795229196548462,0.4057198166847229,3
85,thumb_01_r,0.2982577979564667,0.2597649097442627,0.4022167921066284,3
60,calf_r,0.29823605716228485,0.28901639580726624,0.3506248533725739,3
50,middle_01_l,0.29816174507141113,0.30801644921302795,0.3130150854587555,3
85,head,0.29808738827705383,0.3079262375831604,0.32448903322219846,3
38,calf_l,0.29806972046693164,0.2736552357673645,0.3952252745628357,3
35,ball_r,0.2979540427525838,0.28064921498298645,0.4234619438648224,3
23,ball_l,0.2978671466310819,0.2865113914012909,0.516926234960556,3
44,thumb_01_r,0.29781681299209595,0.29681363701820374,0.3044436752796173,3
27,middle_01_r,0.2978135546048482,0.2760326862335205,0.3448610782623291,3
29,middle_01_l,0.29768313467502594,0.322579026222229,0.33732612133026124,3
7,hand_l,0.29750459392865497,0.2614729702472687,0.3554417908191681,3
61,lowerarm_r,0.29741865148146945,0.3747895658016205,0.40699989199638364,3
58,middle_01_r,0.29707210262616474,0.30349498987197876,0.30759602785110474,3
13,thigh_r,0.2970314870278041,0.392385333776474,0.4235728919506073,3
0,thumb_01_l,0.29693405826886493,0.2865893840789795,0.33380870819091796,3
0,ring_01_l,0.29686446984608966,0.2858571708202362,0.31673921942710875,3
85,thumb_01_l,0.29675673445065814,0.30191951990127563,0.3291270136833191,3
79,thumb_01_l,0.29652756452560425,0.26548445224761963,0.3706440210342407,3
1,thumb_01_l,0.2964705675840378,0.2676266133785248,0.36274091601371766,3
60,middle_01_r,0.29646579921245575,0.35101962089538574,0.3730851888656616,3
55,calf_l,0.29633040229479474,0.25413909554481506,0.43043196797370914,3
51,middle_01_l,0.2962840000788371,0.3006644546985626,0.3131700813770294,3
18,LCalfTwist_03,0.2962399125099182,0.277191162109375,0.3733999729156494,3
25,ring_01_l,0.2961915334065755,0.2617343068122864,0.34563676118850706,3
4,head,0.2961423993110657,0.27283352613449097,0.35928643941879274,3
42,RUpArmTwist_r_01,0.2961411625146866,0.2326623648405075,0.45934308469295504,3
38,RUpArmTwist_l_02,0.2960214614868164,0.3206738531589508,0.3286556780338287,3
32,pinky_01_l,0.29584068556626636,0.3247229754924774,0.3254387080669403,3
44,ball_r,0.2958398461341858,0.2261006087064743,0.4079832643270493,3
78,ring_01_r,0.29568320016066235,0.3204173147678375,0.34220059514045714,3
44,ring_01_r,0.2955619792143504,0.32366544008255005,0.3558100342750549,3
19,spine_02,0.2955542852481206,0.3703261911869049,0.38886802792549136,3
51,middle_01_r,0.2955424239238103,0.2817891240119934,0.3544389605522156,3
6,head,0.2955246865749359,0.3071812093257904,0.3325941264629364,3
13,ring_01_l,0.29543398320674896,0.2951337397098541,0.3583555519580841,3
49,middle_01_r,0.2951131959756215,0.2858869135379791,0.3246451675891876,3
29,pinky_01_l,0.2950741996367772,0.3071604073047638,0.34267557263374326,3
69,middle_01_r,0.29505646228790283,0.3080129623413086,0.3457470417022705,3
18,middle_01_l,0.2950366834799449,0.2772016227245331,0.36481823325157164,3
4,middle_01_l,0.2949589689572652,0.30024245381355286,0.31776424050331115,3
56,RUpArmTwist_l_01,0.29486659665902454,0.32085075974464417,0.3639885485172272,3
55,neck_01,0.29442260166009265,0.38239142298698425,0.3831833302974701,3
82,middle_01_l,0.29434170325597125,0.31586742401123047,0.3458510160446167,3
55,thumb_01_r,0.2942995031674703,0.28284943103790283,0.3393413066864014,3
59,middle_01_r,0.29426200191179913,0.2896072566509247,0.32058083415031435,3
65,ring_01_r,0.29413927098115283,0.2751174569129944,0.4565327286720276,3
4,upperarm_l,0.2941211114327113,0.309767484664917,0.32668883800506593,3
9,clavicle_r,0.29405533770720166,0.31649601459503174,0.3234819173812866,3
51,neck_01,0.29364240169525146,0.30613234639167786,0.3295244038105011,3
75,thumb_01_r,0.2934625893831253,0.3119228184223175,0.31862733960151673,3
53,middle_01_r,0.2933552215496699,0.295171856880188,0.3388664960861206,3
3,ball_r,0.2931360999743144,0.2715602219104767,0.40044222474098207,3
42,ball_l,0.29309362918138504,0.3086640238761902,0.4795246958732605,3
3,calf_r,0.2930030971765518,0.29852625727653503,0.3972611129283905,3
43,thumb_01_r,0.2929280698299408,0.28028592467308044,0.32419700026512144,3
10,ring_01_l,0.29282363255818683,0.3084891140460968,0.3594369232654572,3
12,middle_01_l,0.2927349954843521,0.34533047676086426,0.34954419136047366,3
11,thumb_01_l,0.29256558914979297,0.31661859154701233,0.36000104546546935,3
50,neck_01,0.2925247351328532,0.2346334606409073,0.41919203102588654,3
17,thumb_01_l,0.29245125750700635,0.3141595423221588,0.3370901644229889,3
30,middle_01_l,0.2923189600308736,0.3247986137866974,0.36998658776283266,3
81,calf_l,0.29224206507205963,0.24237889051437378,0.39660717248916627,3
62,middle_01_l,0.29221467673778534,0.3136460781097412,0.34207944869995116,3
43,thigh_l,0.292031188805898,0.29563847184181213,0.3706815779209137,3
44,lowerarm_r,0.2919951428969701,0.34636855125427246,0.3553499937057495,3
80,ring_01_r,0.29156874616940814,0.2971765100955963,0.2996737778186798,3
34,RUpArmTwist_r_01,0.2910692940155665,0.26411035656929016,0.42634811997413635,3
25,clavicle_l,0.29106225570042926,0.2994425892829895,0.33447176218032837,3
73,middle_01_r,0.29089395701885223,0.25936076045036316,0.348552006483078,3
75,middle_01_r,0.290817732612292,0.24410757422447205,0.36534036993980407,3
21,spine_01,0.2907657672961553,0.31730443239212036,0.35719641447067263,3
59,thumb_01_r,0.29047685861587524,0.25451457500457764,0.37392051219940187,3
45,thumb_01_l,0.2904428591330846,0.2676870822906494,0.36028504371643066,3
52,pinky_01_l,0.2902141958475113,0.27411139011383057,0.3695194244384766,3
51,pinky_01_l,0.29015445709228516,0.3174338638782501,0.33724618554115293,3
71,hand_l,0.29009559750556946,0.2903878390789032,0.311487478017807,3
37,RUpArmTwist_l_01,0.2899308850367864,0.24658727645874023,0.4447624444961548,3
68,middle_01_r,0.2898042897383372,0.307046115398407,0.3373393177986145,3
35,RUpArmTwist_l_01,0.2896660268306732,0.35225075483322144,0.3830018162727356,3
21,pinky_01_l,0.28959786891937256,0.3177318871021271,0.3222388565540314,3
42,lowerarm_r,0.28957963983217877,0.28388047218322754,0.3186255693435669,3
61,index_01_r,0.2895350654919942,0.23893523216247559,0.42516493797302246,3
45,foot_r,0.2895292987426122,0.2896747589111328,0.34979727268218996,3
37,LCalfTwist_01,0.28946903844674426,0.20496901869773865,0.42976033091545107,3
46,calf_r,0.28938405712445575,0.25218188762664795,0.35852785110473634,3
24,thumb_01_r,0.289170707265536,0.2783588171005249,0.3731506586074829,3
84,thigh_r,0.28911259273688,0.24061599373817444,0.44506562352180484,3
9,middle_01_l,0.2890926996866862,0.27089908719062805,0.3494891464710236,3
72,middle_01_r,0.2889792323112488,0.2817033529281616,0.31738007068634033,3
74,ball_l,0.2889022355278333,0.2967425286769867,0.43452333807945254,3
78,thumb_01_l,0.2889006584882736,0.2529909312725067,0.3554713189601898,3
5,pinky_01_l,0.2888698528210322,0.32421615719795227,0.3416454613208771,3
57,middle_01_l,0.28871995210647583,0.29335424304008484,0.34116992354393005,3
79,thumb_01_r,0.28849513828754425,0.2868158221244812,0.34232577085495,3
63,neck_01,0.28835345804691315,0.32826337218284607,0.3374257743358612,3
51,RUpArmTwist_r_01,0.28829756875832874,0.2230897843837738,0.39224109053611755,3
25,thumb_01_l,0.28828276693820953,0.27800610661506653,0.3825731337070465,3
50,thigh_r,0.288117711742719,0.309149831533432,0.42904898524284363,3
72,thumb_01_l,0.2880907853444417,0.2772226929664612,0.31991406679153445,3
17,RUpArmTwist_l_02,0.28806222043931484,0.336753249168396,0.47402589321136473,3
85,calf_l,0.2878490537405014,0.33134156465530396,0.3963404059410095,3
29,RUpArmTwist_l_02,0.28772127255797386,0.3064056634902954,0.47492778301239014,3
55,ring_01_l,0.2876242895921071,0.2680648863315582,0.3164269745349884,3
27,ball_r,0.2875804156064987,0.23440596461296082,0.4087258279323578,3
28,hand_l,0.28735990325609845,0.2471284717321396,0.3845678776502609,3
42,pinky_01_l,0.2871336489915848,0.30036959052085876,0.3322917401790619,3
50,thumb_01_r,0.28703351815541583,0.26716673374176025,0.3698357343673706,3
1,middle_01_l,0.2870316505432129,0.29001814126968384,0.38680189847946167,3
26,calf_r,0.2869786073764165,0.29681119322776794,0.3692064702510834,3
71,middle_01_r,0.2869165043036143,0.28201040625572205,0.3138318955898285,3
52,lowerarm_r,0.286867876847585,0.27299556136131287,0.36334142088890076,3
83,middle_01_l,0.28677881757418316,0.2808365523815155,0.33272971510887145,3
73,head,0.28661781549453735,0.22991062700748444,0.3799650460481644,3
32,middle_01_r,0.2864603002866109,0.27907174825668335,0.3106328845024109,3
25,middle_01_r,0.2863202889760335,0.3031924068927765,0.32705329060554506,3
50,ring_01_l,0.2863021194934845,0.27801990509033203,0.2997950792312622,3
79,middle_01_r,0.2862989952166875,0.28221115469932556,0.3280397832393646,3
54,middle_01_l,0.28617727259794873,0.31022077798843384,0.33644427061080934,3
85,ring_01_l,0.286175012588501,0.29370415210723877,0.29984073638916015,3
9,thumb_01_r,0.2860297312339147,0.3045708239078522,0.3363740026950836,3
29,foot_r,0.2859729727109273,0.3004915714263916,0.32299141883850097,3
6,ring_01_l,0.28587521115938824,0.2761087715625763,0.3226679861545563,3
21,ball_r,0.2858017732699712,0.25893375277519226,0.36755160689353944,3
5,hand_r,0.2857842097679774,0.20198102295398712,0.41343347132205965,3
42,thumb_01_r,0.2855253169933955,0.24308374524116516,0.348393040895462,3
58,spine_01,0.2854878604412079,0.27294597029685974,0.34488336443901063,3
67,spine_02,0.28548429906368256,0.22964537143707275,0.38771495819091795,3
52,middle_01_r,0.285468652844429,0.2677454948425293,0.36097676753997804,3
60,thumb_01_l,0.2854453424612681,0.2703090012073517,0.31976760029792783,3
46,pinky_01_l,0.28537966807683307,0.28681015968322754,0.30460731983184813,3
68,spine_01,0.2853502631187439,0.22515563666820526,0.3957781404256821,3
85,thigh_r,0.28526902695496875,0.3431571125984192,0.4203785538673401,3
48,head,0.2851938356955846,0.2916385233402252,0.3190960466861725,3
31,RUpArmTwist_l_01,0.28514139105876285,0.2947680652141571,0.41967102885246277,3
72,middle_01_l,0.28513438006242114,0.2974439859390259,0.32645108699798586,3
56,middle_01_l,0.2850491404533386,0.29400667548179626,0.33903045058250425,3
30,clavicle_r,0.28499794999758404,0.2652044892311096,0.3344830393791199,3
76,thumb_01_l,0.28495532770951587,0.27673953771591187,0.35277079343795775,3
27,thumb_01_l,0.2849196096261342,0.27443549036979675,0.36419915556907656,3
2,middle_01_r,0.28491875529289246,0.2626514136791229,0.3261995017528534,3
76,clavicle_l,0.28488405297199887,0.3544926941394806,0.3743075907230377,3
31,ring_01_l,0.28484676281611127,0.28579357266426086,0.3033048212528229,3
25,calf_r,0.28476906816164654,0.29070138931274414,0.3651206254959106,3
2,calf_l,0.28474656244119007,0.1830463409423828,0.429648232460022,3
8,thumb_01_r,0.2845706641674042,0.3111592233181,0.32045604586601256,3
4,clavicle_l,0.2845307191212972,0.2640056014060974,0.3189514994621277,3
15,thigh_r,0.2844930738210678,0.2808482348918915,0.33557137846946716,3
70,middle_01_l,0.2844856381416321,0.29555532336235046,0.3274859607219696,3
63,pinky_01_r,0.2843945821126302,0.28301912546157837,0.28892589807510377,3
49,ball_l,0.28437670816977817,0.2806113064289093,0.44288774132728576,3
78,RUpArmTwist_r_01,0.28432534635066986,0.17990341782569885,0.43737810254096987,3
17,neck_01,0.2842707335948944,0.346833735704422,0.394697505235672,3
77,thumb_01_l,0.28381643692652386,0.27590230107307434,0.35264907479286195,3
83,thumb_01_l,0.2837680180867513,0.23323610424995422,0.37502244114875793,3
74,middle_01_r,0.2837571104367574,0.2781626880168915,0.30186941027641295,3
74,thumb_01_r,0.2837146520614624,0.30243468284606934,0.30778744220733645,3
36,middle_01_r,0.2837102562189102,0.294892281293869,0.3063783347606659,3
23,lowerarm_l,0.2837030043204625,0.32020333409309387,0.36515277028083803,3
16,lowerarm_r,0.2835371568799019,0.34416821599006653,0.41765051484107973,3
8,thumb_01_l,0.2833772401014964,0.2891969382762909,0.2921721637248993,3
74,thumb_01_l,0.28333868583043414,0.26251310110092163,0.3181858420372009,3
25,ball_l,0.28307228287061054,0.21659407019615173,0.42391523718833923,3
16,clavicle_r,0.2827478547890981,0.26613911986351013,0.30801398158073423,3
41,thumb_01_r,0.28273893396059674,0.2820827066898346,0.30373111367225647,3
12,pinky_01_l,0.2825528879960378,0.3001716732978821,0.3651427149772644,3
27,pinky_01_r,0.28242621819178265,0.3146500885486603,0.32140429615974425,3
74,calf_l,0.28226419786612195,0.25466305017471313,0.3494261860847473,3
28,clavicle_r,0.28212665021419525,0.2879173755645752,0.3374507904052734,3
83,thumb_01_r,0.28204964101314545,0.2702222168445587,0.41012898087501526,3
9,foot_r,0.28175224363803864,0.3261919319629669,0.3498294413089752,3
18,spine_01,0.28175029158592224,0.24796517193317413,0.3829547792673111,3
80,thumb_01_l,0.281504288315773,0.2397504448890686,0.36155914068222045,3
11,spine_02,0.28137191385030746,0.352429062128067,0.4034774601459503,3
47,pinky_01_l,0.2813080847263336,0.2905097007751465,0.3262874364852905,3
82,neck_01,0.2813013841708501,0.25310465693473816,0.37423195242881774,3
27,ring_01_l,0.28124915063381195,0.2784562110900879,0.3301167726516724,3
29,ring_01_l,0.2812319298585256,0.28989264369010925,0.3002097547054291,3
71,middle_01_l,0.2812285969654719,0.27099892497062683,0.3183585822582245,3
37,lowerarm_r,0.2812061806519826,0.2815649211406708,0.404679411649704,3
13,RUpArmTwist_l_02,0.2811975876490275,0.16858167946338654,0.4579553991556168,3
73,RUpArmTwist_l_01,0.2811810125907262,0.23838643729686737,0.38303752839565275,3
63,index_01_r,0.28116945922374725,0.24071161448955536,0.3575497955083847,3
73,thumb_01_l,0.28116385142008465,0.30286139249801636,0.3050869107246399,3
68,clavicle_r,0.28114540378252667,0.2637141942977905,0.3170569658279419,3
81,lowerarm_r,0.2811278998851776,0.23577344417572021,0.39522566795349123,3
66,thigh_r,0.2810699592034022,0.13693687319755554,0.4963045060634613,3
32,neck_01,0.2810411949952443,0.24891111254692078,0.3611536204814911,3
0,clavicle_r,0.2810269643863042,0.2456551194190979,0.3545885682106018,3
13,middle_01_r,0.28102464973926544,0.2428676038980484,0.3578981190919876,3
60,RUpArmTwist_r_01,0.2808171808719635,0.24668441712856293,0.39202971160411837,3
42,upperarm_l,0.28062908351421356,0.18326842784881592,0.42687668800354006,3
1,hand_l,0.2805723051230113,0.2762667238712311,0.30068026185035707,3
1,lowerarm_r,0.2804119686285655,0.2324286252260208,0.376226344704628,3
4,thumb_01_l,0.2803134669860204,0.23446831107139587,0.3592165410518646,3
26,thigh_r,0.28028524418671924,0.26566067337989807,0.38909624218940736,3
57,middle_01_r,0.280200054248174,0.29248949885368347,0.3040754020214081,3
55,middle_01_l,0.28015731771787006,0.3131237030029297,0.32223031520843504,3
56,RCalfTwist_01,0.2800661524136861,0.34107550978660583,0.3623877227306366,3
51,thumb_01_r,0.2799898833036423,0.2647418677806854,0.35418781638145447,3
37,middle_01_r,0.27994326253732044,0.29287129640579224,0.3003893256187439,3
2,pinky_01_r,0.2798730085293452,0.22821930050849915,0.39422898888587954,3
47,thigh_r,0.2797427177429199,0.3095363676548004,0.33871474862098694,3
45,ring_01_l,0.2795598606268565,0.27168208360671997,0.2935746073722839,3
58,index_01_r,0.27950141827265423,0.1963273584842682,0.3992087185382843,3
63,pinky_01_l,0.27938645084698993,0.3084736168384552,0.3097024023532867,3
51,ring_01_r,0.279377947251002,0.24289852380752563,0.355491578578949,3
23,foot_r,0.27927366892496747,0.3409501612186432,0.34242807030677797,3
44,neck_01,0.27919769783814746,0.30489587783813477,0.3711286783218384,3
77,hand_l,0.27918367087841034,0.2613983154296875,0.34216086864471434,3
70,middle_01_r,0.27916934589544934,0.2883543074131012,0.32296512722969056,3
46,middle_01_l,0.2790907820065816,0.24096880853176117,0.35630521476268767,3
34,neck_01,0.27906247476736706,0.3095395863056183,0.3611009895801544,3
28,thigh_r,0.2788943598667781,0.3219691216945648,0.3541547000408173,3
15,pinky_01_r,0.2788644681374232,0.26208651065826416,0.357354998588562,3
69,middle_01_l,0.2787475387255351,0.2957150638103485,0.30866994261741637,3
6,lowerarm_r,0.27874061465263367,0.23009777069091797,0.38704733848571776,3
75,middle_01_l,0.2786710361639659,0.32590919733047485,0.3397973418235779,3
36,ball_l,0.27861972401539487,0.3777746558189392,0.3898980975151062,3
64,RUpArmTwist_r_02,0.27818575501441956,0.2719387412071228,0.3544346928596497,3
71,thumb_01_r,0.2781440118948619,0.27698060870170593,0.3466072499752045,3
2,thumb_01_r,0.27812005082766217,0.3009672164916992,0.3175856113433838,3
13,lowerarm_l,0.27806253731250763,0.28236037492752075,0.33542226552963256,3
8,ball_l,0.27796564747889835,0.32684966921806335,0.3943831861019135,3
43,pinky_01_l,0.2778930763403575,0.32688385248184204,0.3294828772544861,3
85,pinky_01_l,0.2777305195728938,0.28286129236221313,0.3575354218482971,3
34,LCalfTwist_03,0.27769401172796887,0.2906811535358429,0.3033062994480133,3
52,middle_01_l,0.2776708205540975,0.2918483018875122,0.3156149864196777,3
26,clavicle_r,0.27756910026073456,0.21166086196899414,0.3795772075653076,3
20,head,0.2775635023911794,0.2743037939071655,0.28526878356933594,3
19,middle_01_r,0.27752920985221863,0.28332436084747314,0.2895224094390869,3
30,thumb_01_r,0.2775048265854518,0.25099971890449524,0.3443536818027496,3
0,middle_01_r,0.277464692791303,0.28357547521591187,0.30495673418045044,3
2,thigh_r,0.27742937703927356,0.1891307234764099,0.4383897662162781,3
14,RUpArmTwist_r_01,0.27728907267252606,0.24710050225257874,0.4470825493335724,3
34,LCalfTwist_02,0.2772696117560069,0.2800837755203247,0.28850088119506834,3
58,RUpArmTwist_r_01,0.2772659460703532,0.20297829806804657,0.4234463781118393,3
55,middle_01_r,0.2771134575208028,0.27697256207466125,0.2920768320560455,3
40,RUpArmTwist_l_02,0.27708541850248974,0.24497106671333313,0.40224135518074033,3
54,spine_02,0.27697766323884326,0.2773032486438751,0.38826888203620913,3
68,ball_l,0.27695555488268536,0.24491453170776367,0.39935595989227296,3
60,neck_01,0.2768915841976802,0.27933451533317566,0.3466058909893036,3
53,middle_01_l,0.2768638829390208,0.310766339302063,0.33889482021331785,3
52,hand_l,0.2768635501464208,0.2784484922885895,0.3302241384983063,3
28,pinky_01_l,0.27681122223536175,0.30346348881721497,0.3173899233341217,3
71,spine_02,0.2768075267473857,0.2794209420681,0.3285504519939423,3
31,pinky_01_l,0.27679556608200073,0.27853280305862427,0.3000723958015442,3
77,middle_01_r,0.2767870674530665,0.2609325647354126,0.31838321685791016,3
15,lowerarm_r,0.2767062336206436,0.29140302538871765,0.3843338906764984,3
3,middle_01_l,0.27665237585703534,0.2820196747779846,0.30384737253189087,3
0,lowerarm_r,0.27654066185156506,0.29369354248046875,0.32131836414337156,3
29,RUpArmTwist_r_01,0.27652407189210254,0.2747030258178711,0.4173726081848145,3
56,middle_01_r,0.27650906642278034,0.26381996273994446,0.3046278297901154,3
74,clavicle_l,0.2763801763455073,0.33295994997024536,0.3405672192573547,3
55,hand_l,0.2762223531802495,0.2517947256565094,0.31252017617225647,3
15,LCalfTwist_02,0.2759411583344142,0.2904798984527588,0.3330878734588623,3
66,middle_01_l,0.27592497567335766,0.28853440284729004,0.31974453926086427,3
84,pinky_01_r,0.2758892426888148,0.2909034192562103,0.3532124698162079,3
37,spine_01,0.27575401465098065,0.189431294798851,0.42322051227092744,3
40,clavicle_r,0.27532535791397095,0.27717292308807373,0.3302740573883057,3
39,RUpArmTwist_l_02,0.27529706557591754,0.266088604927063,0.35799465179443357,3
21,lowerarm_r,0.27519890417655307,0.323572039604187,0.37204785346984864,3
68,middle_01_l,0.2751924196879069,0.29535964131355286,0.32264330983161926,3
22,pinky_01_l,0.2746904691060384,0.2795056402683258,0.3154828131198883,3
47,lowerarm_l,0.27446742355823517,0.3253282904624939,0.33366636037826536,3
77,middle_01_l,0.2743214468161265,0.30593442916870117,0.3186911344528198,3
75,thumb_01_l,0.2740970104932785,0.3026716709136963,0.3174740314483643,3
30,pinky_01_l,0.27404368420441944,0.2640521228313446,0.3263687789440155,3
77,head,0.27394627034664154,0.3032059967517853,0.31065338253974917,3
61,middle_01_l,0.2739457885424296,0.272390753030777,0.328097802400589,3
39,spine_01,0.27391325930754346,0.22147679328918457,0.3734186887741089,3
2,pinky_01_l,0.2738877981901169,0.25653040409088135,0.31185958385467527,3
2,middle_01_l,0.2736189067363739,0.2914668321609497,0.29779701232910155,3
42,calf_r,0.2734048490722974,0.25955021381378174,0.40628504753112793,3
9,thigh_r,0.2732865313688914,0.2478061467409134,0.3167293697595596,3
78,head,0.2732554574807485,0.2968856394290924,0.3029844343662262,3
29,ball_r,0.2732244332631429,0.2393214851617813,0.3439046174287796,3
14,pinky_01_r,0.2731998960177104,0.298229455947876,0.3408650875091553,3
13,lowerarm_r,0.2731488173206647,0.3393813371658325,0.3952643871307373,3
23,pinky_01_l,0.27304958800474805,0.2921190857887268,0.3237596869468689,3
78,middle_01_r,0.2730354815721512,0.30083999037742615,0.30137547850608826,3
18,pinky_01_l,0.27302052080631256,0.26313596963882446,0.32042444944381715,3
7,pinky_01_l,0.2729599227507909,0.2948489189147949,0.30303049087524414,3
48,ring_01_r,0.2729160785675049,0.2755443751811981,0.27611505389213564,3
56,calf_r,0.272697056333224,0.1993405967950821,0.38168313801288606,3
73,calf_l,0.27251319338877994,0.2714169919490814,0.41715251803398135,3
70,RUpArmTwist_l_01,0.27242393294970196,0.3018181025981903,0.3708448350429535,3
26,middle_01_r,0.2722433457771937,0.27653881907463074,0.32531136870384214,3
5,clavicle_r,0.27221283316612244,0.24868743121623993,0.31118946969509126,3
33,spine_02,0.27216119567553204,0.2761977016925812,0.4131819784641266,3
11,RUpArmTwist_r_01,0.27202607442935306,0.25371846556663513,0.42696110606193544,3
37,LCalfTwist_02,0.2718719144662221,0.273954838514328,0.2878682792186737,3
46,ring_01_r,0.2717816233634949,0.2812548577785492,0.3482400119304657,3
9,RUpArmTwist_l_01,0.27175167699654895,0.2786972224712372,0.34973770976066587,3
21,RUpArmTwist_l_01,0.27138327558835346,0.1833634227514267,0.3965152233839035,3
1,index_01_r,0.27126192053159076,0.29149749875068665,0.3242551386356354,3
11,ring_01_l,0.27119502425193787,0.3159560561180115,0.33242093324661254,3
44,ring_01_l,0.27100404103597003,0.24109290540218353,0.35634879767894745,3
85,pinky_01_r,0.27097656826178235,0.25039422512054443,0.32996652126312254,3
16,index_01_r,0.2709483007589976,0.25037530064582825,0.301736980676651,3
12,RUpArmTwist_r_01,0.27087649206320447,0.21457716822624207,0.3911063849925995,3
38,index_01_r,0.2707829425732295,0.2621697187423706,0.29937937259674074,3
42,hand_l,0.27074354390303296,0.2561541497707367,0.3420190751552582,3
67,RUpArmTwist_l_02,0.2707292263706525,0.29564404487609863,0.3884912014007568,3
46,hand_r,0.27053726216157276,0.2969400882720947,0.3280517101287842,3
63,lowerarm_r,0.2703574299812317,0.2734189033508301,0.32500085830688474,3
47,thumb_01_l,0.27030594150225323,0.2380962073802948,0.3686473071575165,3
36,lowerarm_l,0.27017901837825775,0.20619657635688782,0.3770395338535309,3
7,ball_r,0.26994835833708447,0.22340087592601776,0.34912889897823335,3
39,index_01_r,0.2699226091305415,0.2859262228012085,0.29532666206359864,3
56,pinky_01_l,0.26981306076049805,0.2695162892341614,0.2812559723854065,3
41,pinky_01_l,0.2697904060284297,0.25606653094291687,0.31531330943107605,3
5,neck_01,0.269764910141627,0.25304320454597473,0.3932341396808624,3
21,foot_r,0.269673228263855,0.25736284255981445,0.29156687259674074,3
64,pinky_01_l,0.26963066061337787,0.2621051073074341,0.32850501537322996,3
44,middle_01_r,0.26948213080565137,0.25140681862831116,0.3242185652256012,3
82,calf_r,0.2694813956816991,0.21968810260295868,0.365042170882225,3
21,clavicle_r,0.26945547262827557,0.2575806975364685,0.31798611879348754,3
74,calf_r,0.2694490887224674,0.35598134994506836,0.39007627964019775,3
14,clavicle_r,0.26929911971092224,0.2365720123052597,0.319798681139946,3
41,lowerarm_r,0.26919614026943844,0.178726926445961,0.4624564200639725,3
77,thumb_01_r,0.2691795428593953,0.27087992429733276,0.2940064549446106,3
3,thumb_01_r,0.2691570520401001,0.2651541233062744,0.29596428871154784,3
68,pinky_01_l,0.26913491388161975,0.29097628593444824,0.32317214012145995,3
53,RUpArmTwist_l_02,0.26903440058231354,0.2923504710197449,0.35468865633010865,3
60,calf_l,0.26892020801703137,0.22841140627861023,0.3603282630443573,3
52,ring_01_r,0.26881930728753406,0.24507634341716766,0.390487465262413,3
17,middle_01_r,0.2688181897004445,0.2919640839099884,0.2971834480762482,3
20,pinky_01_l,0.26876436670621234,0.2861672341823578,0.28676039576530454,3
17,pinky_01_r,0.268725981314977,0.2616294324398041,0.2923982799053192,3
12,head,0.2686873873074849,0.28371331095695496,0.3378033101558685,3
0,thumb_01_r,0.26863284409046173,0.2790241837501526,0.2818832993507385,3
65,pinky_01_l,0.26850725710392,0.2792251408100128,0.294256454706192,3
8,lowerarm_l,0.26850297550360364,0.2945387065410614,0.3006109893321991,3
22,middle_01_r,0.2684290607770284,0.26718899607658386,0.27500283122062685,3
74,pinky_01_l,0.2683808505535126,0.2555495500564575,0.2903662919998169,3
24,head,0.26834053297837573,0.2774929106235504,0.27773168683052063,3
50,calf_l,0.26826473077138263,0.2977387309074402,0.2979191422462463,3
44,hand_l,0.2680755356947581,0.23804925382137299,0.3315984696149826,3
24,index_01_r,0.26803483565648395,0.23820900917053223,0.3268451452255249,3
19,pinky_01_l,0.26789890726407367,0.28565195202827454,0.2890820801258087,3
0,index_01_r,0.26788167655467987,0.2717619240283966,0.3171266376972198,3
5,middle_01_r,0.2678790440162023,0.2528807520866394,0.32448378801345823,3
79,middle_01_l,0.26771242419878644,0.2896385192871094,0.30602197647094725,3
46,thumb_01_l,0.2676863620678584,0.20915618538856506,0.3587589800357819,3
43,ring_01_r,0.26753829419612885,0.30956509709358215,0.3143690645694733,3
18,ball_r,0.2675377329190572,0.22318075597286224,0.34989270865917205,3
22,foot_r,0.2674358735481898,0.25099244713783264,0.3360007107257843,3
4,pinky_01_r,0.26739955445130664,0.2173382192850113,0.3685513287782669,3
16,pinky_01_l,0.26739194989204407,0.27534618973731995,0.2867434799671173,3
71,clavicle_r,0.267388994495074,0.27947017550468445,0.34073325991630554,3
24,ball_l,0.2673586557308833,0.2194448858499527,0.3828342229127884,3
81,middle_01_r,0.2672787110010783,0.26939311623573303,0.3073801338672638,3
76,middle_01_r,0.2671884000301361,0.24636602401733398,0.30573134422302245,3
0,calf_r,0.26696766912937164,0.24410893023014069,0.3458586722612381,3
83,ball_r,0.2667477975289027,0.26250725984573364,0.3615835070610046,3
55,ball_r,0.2666105975707372,0.2503368854522705,0.4403872489929199,3
20,clavicle_l,0.2664354642232259,0.29497531056404114,0.34999423623085024,3
3,ball_l,0.26634032527605694,0.2096986323595047,0.4105242401361466,3
42,neck_01,0.2663304607073466,0.1959286779165268,0.41084792315959934,3
59,index_01_r,0.26630067825317383,0.20448322594165802,0.38194877207279204,3
10,pinky_01_l,0.26630056897799176,0.25769883394241333,0.2831330418586731,3
53,RUpArmTwist_l_01,0.26629559074838954,0.32958412170410156,0.39359877109527586,3
8,RUpArmTwist_l_02,0.26612978676954907,0.1540420651435852,0.4287968754768372,3
51,pinky_01_r,0.26601800819238025,0.281556099653244,0.3061173141002655,3
77,lowerarm_r,0.2659305582443873,0.20304743945598602,0.37382579743862154,3
74,middle_01_l,0.26591747005780536,0.2679733633995056,0.2773102641105652,3
9,RUpArmTwist_r_01,0.2659025887648265,0.23236656188964844,0.4051214694976807,3
15,RUpArmTwist_l_01,0.26578520238399506,0.21870696544647217,0.36725003719329835,3
32,thumb_01_r,0.26577092707157135,0.25278183817863464,0.2957077443599701,3
53,pinky_01_l,0.2657163192828496,0.25958138704299927,0.3008955121040344,3
44,thumb_01_l,0.26567167043685913,0.21598681807518005,0.37281941771507265,3
8,pinky_01_l,0.26561884085337323,0.30115801095962524,0.32201696634292604,3
47,pinky_01_r,0.26558996240297955,0.2747650146484375,0.32231051921844484,3
18,calf_r,0.2655643473068873,0.20169034600257874,0.381291800737381,3
30,middle_01_r,0.26547300815582275,0.2653394341468811,0.29543536901474,3
83,middle_01_r,0.2654288460810979,0.25951704382896423,0.2839664876461029,3
77,neck_01,0.26540544629096985,0.24139103293418884,0.3605403363704681,3
51,RCalfTwist_02,0.26539220412572223,0.2669874429702759,0.3737040996551514,3
49,neck_01,0.2651655822992325,0.20514771342277527,0.3604535758495331,3
40,ball_r,0.2650447090466817,0.25961583852767944,0.3140729308128357,3
61,RUpArmTwist_r_02,0.2650068998336792,0.2631405293941498,0.323048347234726,3
36,thigh_r,0.26494403680165607,0.2740737497806549,0.3482521831989288,3
80,RUpArmTwist_r_02,0.26491759220759076,0.2457040250301361,0.3420609176158905,3
19,clavicle_l,0.26482418179512024,0.3303993344306946,0.3324523329734802,3
12,lowerarm_r,0.2646378427743912,0.3091132640838623,0.3553666353225708,3
65,hand_l,0.26456282536188763,0.30870407819747925,0.3549930214881897,3
38,head,0.26455236474672955,0.33108946681022644,0.3436069905757904,3
65,index_01_r,0.26447877287864685,0.2816329300403595,0.332181578874588,3
54,RUpArmTwist_l_01,0.2643967891732852,0.2692239284515381,0.4116326570510864,3
2,thumb_01_l,0.2643003463745117,0.2719176709651947,0.32489468455314635,3
65,middle_01_l,0.2642165919144948,0.2566283643245697,0.2859533250331879,3
3,hand_l,0.2642003844181697,0.28068023920059204,0.3364896416664124,3
48,middle_01_l,0.26415184140205383,0.25807368755340576,0.32860984802246096,3
7,foot_r,0.2640834003686905,0.2514806091785431,0.3382631838321686,3
71,pinky_01_l,0.26401179035504657,0.2846621572971344,0.2958645403385162,3
48,pinky_01_l,0.2639997402826945,0.27557870745658875,0.30912835001945493,3
60,Bip001,0.2639920761187871,0.2724362015724182,0.3356850028038025,3
59,head,0.2639734447002411,0.24857185781002045,0.37640258967876433,3
7,head,0.26395752529303235,0.33893704414367676,0.34564154148101806,3
41,spine_02,0.2638375659783681,0.2768697142601013,0.3183087706565857,3
66,RUpArmTwist_l_02,0.2637924700975418,0.2616075873374939,0.3633386492729187,3
69,pinky_01_l,0.26374201973279315,0.2728431522846222,0.32241385579109194,3
30,pinky_01_r,0.26367826759815216,0.2688836455345154,0.3429012417793274,3
53,spine_02,0.2636001209417979,0.21437743306159973,0.37778800129890444,3
43,ball_r,0.26356058816115063,0.2604634165763855,0.27791508436203005,3
40,lowerarm_r,0.2635505000750224,0.18637564778327942,0.4545100271701813,3
33,clavicle_r,0.2635119905074437,0.27158239483833313,0.31119912266731264,3
34,clavicle_l,0.26346024374167126,0.2932756543159485,0.3550766110420227,3
82,thumb_01_r,0.263167068362236,0.2567126154899597,0.3330641150474548,3
64,index_01_r,0.26309144000212353,0.2500869929790497,0.34494165778160096,3
35,calf_l,0.26299965878327686,0.30143672227859497,0.31764487028121946,3
34,RUpArmTwist_l_01,0.2629837642113368,0.19507546722888947,0.4010322004556656,3
60,thumb_01_r,0.26293375094731647,0.30200010538101196,0.33033500909805297,3
21,index_01_r,0.2628737936417262,0.2719825804233551,0.311007958650589,3
6,middle_01_l,0.2628567119439443,0.2800149619579315,0.3374708592891693,3
62,pinky_01_l,0.2627776314814885,0.2837263345718384,0.3078273057937622,3
81,clavicle_r,0.2626706709464391,0.23754027485847473,0.29901657700538636,3
73,index_01_r,0.2624906649192174,0.21655601263046265,0.34502307176589964,3
12,ball_r,0.2623896251122157,0.26162299513816833,0.3030791699886322,3
29,hand_l,0.2623530551791191,0.2976462244987488,0.3875426411628723,3
48,calf_l,0.2622330039739609,0.2493804544210434,0.35571663081645966,3
21,ball_l,0.2621465524037679,0.26565665006637573,0.33948167562484743,3
36,RUpArmTwist_l_02,0.26212820162375766,0.29750752449035645,0.351153564453125,3
6,pinky_01_l,0.2620552033185959,0.2643734812736511,0.28680509328842163,3
11,pinky_01_l,0.2619312107563019,0.2730428874492645,0.27403799891471864,3
76,thumb_01_r,0.2617444048325221,0.27145665884017944,0.28530360460281373,3
76,middle_01_l,0.2616250365972519,0.25855669379234314,0.27380346655845644,3
67,middle_01_l,0.26145701110363007,0.26811322569847107,0.3033672034740448,3
11,ball_r,0.26134568452835083,0.20728197693824768,0.341979318857193,3
55,pinky_01_r,0.26125188668568927,0.318103551864624,0.3320369482040405,3
47,middle_01_l,0.2611396461725235,0.24784515798091888,0.3216717690229416,3
36,LCalfTwist_01,0.261099969347318,0.18847498297691345,0.403536456823349,3
35,pinky_01_l,0.26108405490716297,0.249582901597023,0.29813323318958285,3
28,ball_r,0.26095376412073773,0.25345030426979065,0.291063529253006,3
24,pinky_01_l,0.2609282632668813,0.2535737156867981,0.31536427736282346,3
3,pinky_01_r,0.2608431726694107,0.23252101242542267,0.30920590460300446,3
63,head,0.26075342297554016,0.24461455643177032,0.32389754354953765,3
9,pinky_01_r,0.2606605837742488,0.25852856040000916,0.28134397864341737,3
45,RUpArmTwist_l_02,0.26061483720938367,0.24152378737926483,0.31875406205654144,3
71,RUpArmTwist_l_01,0.2605561912059784,0.2594486474990845,0.34867565631866454,3
24,spine_01,0.26047873000303906,0.2189779430627823,0.31976867020130156,3
36,clavicle_r,0.26039975384871167,0.20625145733356476,0.3485605150461197,3
4,RUpArmTwist_l_02,0.26031503081321716,0.3168357014656067,0.330418598651886,3
32,pinky_01_r,0.26022353519996005,0.29797041416168213,0.3521419048309326,3
30,index_01_r,0.26018205285072327,0.26133447885513306,0.3359014391899109,3
63,middle_01_l,0.26002418498198193,0.29137447476387024,0.3098215878009796,3
32,spine_02,0.25996557374795276,0.2996365427970886,0.33472930192947387,3
8,calf_l,0.25995004177093506,0.28311893343925476,0.34997798800468444,3
29,clavicle_r,0.25981015463670093,0.3073008358478546,0.31637237668037416,3
62,pinky_01_r,0.25972666839758557,0.25500571727752686,0.27411139011383057,3
66,pinky_01_l,0.25970813632011414,0.27853432297706604,0.2944834291934967,3
34,spine_02,0.2596118400494258,0.255139023065567,0.27329328656196594,3
28,clavicle_l,0.2595987766981125,0.21959561109542847,0.33386090993881223,3
40,calf_l,0.25937337179978687,0.32905757427215576,0.36665847301483157,3
75,lowerarm_r,0.25935062517722446,0.3081522583961487,0.35944310426712034,3
60,pinky_01_r,0.25932524104913074,0.2943977117538452,0.3353525161743164,3
24,RUpArmTwist_r_02,0.25919314722220105,0.2636491358280182,0.2950536787509918,3
80,middle_01_l,0.25916407505671185,0.2704296112060547,0.2916401386260986,3
78,hand_l,0.25905441244443256,0.2609032690525055,0.2810339033603668,3
79,head,0.2590051144361496,0.2653944194316864,0.3352133214473724,3
45,pinky_01_l,0.25897903243700665,0.2712916135787964,0.2979771375656128,3
54,lowerarm_r,0.25893959403038025,0.1584583967924118,0.40401452481746675,3
81,middle_01_l,0.25892606377601624,0.3201413154602051,0.3203731060028076,3
46,thumb_01_r,0.25886787474155426,0.24878926575183868,0.28730606138706205,3
3,middle_01_r,0.25880617400010425,0.27083197236061096,0.31488860249519346,3
36,pinky_01_r,0.2587910195191701,0.271136075258255,0.29841368794441225,3
16,RUpArmTwist_r_01,0.25862060487270355,0.24806956946849823,0.38501316010951997,3
22,ball_r,0.25860298176606494,0.2347833514213562,0.3074987530708313,3
10,RUpArmTwist_r_01,0.2585202306509018,0.18947003781795502,0.43301028907299044,3
31,clavicle_l,0.2584602211912473,0.33040133118629456,0.3505435287952423,3
75,RUpArmTwist_l_02,0.25842180848121643,0.28524118661880493,0.29062012434005735,3
82,calf_l,0.2582838609814644,0.2530499994754791,0.38004568219184875,3
66,pinky_01_r,0.2582428256670634,0.2648073732852936,0.2759214222431183,3
80,thumb_01_r,0.2582416633764903,0.25089767575263977,0.3051402151584625,3
5,RUpArmTwist_l_02,0.2582366069157918,0.18542687594890594,0.3709131568670273,3
20,middle_01_r,0.25799469153086346,0.2629883587360382,0.2641013443470001,3
16,ball_l,0.2579551637172699,0.2319619208574295,0.32142015993595124,3
45,RUpArmTwist_l_01,0.257940207918485,0.22662051022052765,0.3137688547372818,3
12,hand_l,0.25776204466819763,0.2683523893356323,0.32539331912994385,3
79,ball_l,0.25772057473659515,0.22573748230934143,0.3279964983463287,3
73,RCalfTwist_01,0.2575942426919937,0.2903439700603485,0.34132055640220643,3
72,clavicle_r,0.2575289209683736,0.2699536085128784,0.3174934148788452,3
63,calf_r,0.25739968319733936,0.2623142600059509,0.3597133994102478,3
16,middle_01_r,0.2573366165161133,0.22781451046466827,0.3043091207742691,3
84,clavicle_l,0.2572958668073018,0.31778934597969055,0.32527528405189515,3
44,thigh_r,0.2572466234366099,0.24810056388378143,0.2720183938741684,3
6,hand_r,0.25703762968381244,0.29469993710517883,0.3941431105136871,3
42,clavicle_r,0.25698565940062207,0.2441575676202774,0.28400981724262236,3
25,RUpArmTwist_l_02,0.25695830086867016,0.12322129309177399,0.45655787289142613,3
45,middle_01_r,0.2569485952456792,0.26400721073150635,0.29610514640808105,3
78,thumb_01_r,0.2568468600511551,0.2851128578186035,0.29818143844604494,3
84,foot_r,0.2568145841360092,0.23109564185142517,0.2985958993434906,3
23,index_01_r,0.25680673619111377,0.24453753232955933,0.2884359240531921,3
56,index_01_r,0.25671490530172986,0.22555026412010193,0.33261050581932067,3
43,ball_l,0.25668451686700183,0.19965559244155884,0.3605410695075989,3
3,head,0.2566494370500247,0.2938098609447479,0.35960044264793395,3
3,calf_l,0.25653665761152905,0.24714764952659607,0.27915226817131045,3
61,spine_02,0.2565280646085739,0.24489836394786835,0.2962116807699203,3
18,ball_l,0.2564397056897481,0.24061566591262817,0.3283133864402771,3
31,clavicle_r,0.25639013449350995,0.23736706376075745,0.30250146985054016,3
45,calf_r,0.2563869481285413,0.29830625653266907,0.3376223146915436,3
44,foot_r,0.256305252512296,0.3252422511577606,0.3498515784740448,3
5,ball_r,0.2562929292519887,0.20885251462459564,0.3772824972867966,3
16,hand_l,0.256206010778745,0.30041804909706116,0.3189931452274323,3
18,clavicle_r,0.256027693549792,0.25165265798568726,0.3215533852577209,3
85,clavicle_r,0.25592613220214844,0.2338644564151764,0.3085491955280304,3
70,lowerarm_r,0.25560861825942993,0.2719568610191345,0.3499100089073181,3
64,RUpArmTwist_l_02,0.2555866787830989,0.23725642263889313,0.31790652573108674,3
63,RUpArmTwist_l_02,0.25546663006146747,0.21389947831630707,0.36027781665325165,3
49,calf_l,0.2554508025447528,0.22224192321300507,0.38331826627254484,3
33,index_01_r,0.2552464505036672,0.23559542000293732,0.3258404642343521,3
65,lowerarm_r,0.25521806875864667,0.22271142899990082,0.33915993869304656,3
18,middle_01_r,0.25519945720831555,0.25064322352409363,0.3061548411846161,3
4,lowerarm_r,0.25519345204035443,0.26676270365715027,0.37023605704307555,3
36,index_01_r,0.25518815219402313,0.24176156520843506,0.27497353553771975,3
29,index_01_r,0.2551752229531606,0.22339238226413727,0.3205197125673294,3
67,lowerarm_r,0.2551374634106954,0.23459835350513458,0.3073651701211929,3
70,pinky_01_l,0.25503172477086383,0.2866443693637848,0.29365916848182677,3
48,RCalfTwist_03,0.25497618814309436,0.23800919950008392,0.3086522549390793,3
10,pinky_01_r,0.2549227178096771,0.22716574370861053,0.32118724286556244,3
40,pinky_01_l,0.25470978518327075,0.2462681084871292,0.27553745806217195,3
58,pinky_01_l,0.25455281138420105,0.25559669733047485,0.2559057354927063,3
67,RUpArmTwist_l_01,0.2545188404619694,0.2501749098300934,0.4218818724155426,3
72,RCalfTwist_02,0.2544215569893519,0.26327234506607056,0.2807235598564148,3
28,spine_01,0.25432264308134717,0.2659546732902527,0.2697266936302185,3
34,pinky_01_r,0.2542617122332255,0.2351061850786209,0.286563840508461,3
66,head,0.254033625125885,0.23846368491649628,0.2895000547170639,3
62,RUpArmTwist_r_02,0.2538238912820816,0.22455057501792908,0.3186985671520233,3
29,clavicle_l,0.2538183132807414,0.26954105496406555,0.30477302670478823,3
19,spine_01,0.2537991056839625,0.16577865183353424,0.3978293210268021,3
0,calf_l,0.2537235865990321,0.2695353329181671,0.28082931637763975,3
29,pinky_01_r,0.25361092885335285,0.26691025495529175,0.2670710444450378,3
57,pinky_01_l,0.2535289277633031,0.2633350193500519,0.2775357782840729,3
4,pinky_01_l,0.25351640085379284,0.22263798117637634,0.32527887225151064,3
37,RUpArmTwist_r_01,0.25340450555086136,0.2625955641269684,0.3801121056079865,3
72,head,0.2533020426829656,0.31299829483032227,0.3201270580291748,3
28,index_01_r,0.2532682418823242,0.2433481365442276,0.3169721156358719,3
72,spine_02,0.25321297844250995,0.22728025913238525,0.33531503677368163,3
71,ball_l,0.2532087291280429,0.2903124988079071,0.36596121191978453,3
16,ball_r,0.2531722237666448,0.2899801731109619,0.31690521240234376,3
15,clavicle_l,0.2530892590681712,0.27459779381752014,0.30925374627113345,3
60,ball_l,0.25304726262887317,0.1877727210521698,0.36083466410636905,3
9,lowerarm_r,0.2527589326103528,0.19913150370121002,0.41384542286396026,3
53,pinky_01_r,0.2526705712080002,0.27372369170188904,0.2937504231929779,3
34,thumb_01_r,0.2525022526582082,0.25430527329444885,0.27448959946632384,3
3,lowerarm_r,0.25242704649766284,0.1960929036140442,0.3930150628089905,3
3,RUpArmTwist_l_02,0.2523704717556636,0.28436508774757385,0.33009923100471494,3
19,ball_r,0.25237010916074115,0.2697974443435669,0.28380181789398196,3
75,index_01_r,0.2521311342716217,0.23719888925552368,0.3265470862388611,3
57,hand_l,0.25211410721143085,0.21041752398014069,0.3813733845949173,3
67,pinky_01_l,0.2520800034205119,0.25958162546157837,0.30008941888809204,3
73,ball_l,0.25191574295361835,0.22020716965198517,0.29727214872837066,3
13,foot_r,0.251801997423172,0.2966706156730652,0.30355478525161744,3
57,index_01_r,0.25178152819474536,0.19827163219451904,0.3574307918548584,3
64,RUpArmTwist_l_01,0.2517785181601842,0.2117125689983368,0.3120153367519379,3
33,pinky_01_r,0.2517492522795995,0.25422123074531555,0.3390362083911896,3
59,lowerarm_r,0.25167756527662277,0.2676723301410675,0.3787884294986725,3
62,head,0.251654456059138,0.19439028203487396,0.3596060484647751,3
82,clavicle_r,0.25154274702072144,0.21898385882377625,0.31398536562919616,3
15,index_01_r,0.251494824886322,0.24573419988155365,0.2805864542722702,3
54,middle_01_r,0.25146277248859406,0.23441150784492493,0.28334441781044006,3
17,RUpArmTwist_r_02,0.2514563898245494,0.2347659021615982,0.30499265491962435,3
18,pinky_01_r,0.251159926255544,0.23416917026042938,0.27926221787929534,3
78,middle_01_l,0.2510081082582474,0.2516792416572571,0.2589835047721863,3
41,middle_01_r,0.2510056296984355,0.2346131056547165,0.27598377168178556,3
39,RUpArmTwist_l_01,0.25095030665397644,0.30944424867630005,0.3164414525032043,3
12,RUpArmTwist_l_01,0.2509330064058304,0.2455565333366394,0.31657134294509887,3
0,middle_01_l,0.25076549251874286,0.2898302674293518,0.312778913974762,3
36,RUpArmTwist_r_01,0.2507622092962265,0.22598524391651154,0.4042877107858658,3
33,head,0.25067685544490814,0.2332623302936554,0.30589945912361144,3
33,pinky_01_l,0.25063933928807575,0.25746122002601624,0.28728147149086,3
25,clavicle_r,0.2505334864060084,0.21766681969165802,0.34779318869113923,3
48,lowerarm_r,0.25036434332529706,0.2681075632572174,0.35770595669746397,3
35,RUpArmTwist_r_01,0.250258336464564,0.1807408481836319,0.4269398480653763,3
28,RUpArmTwist_l_02,0.2502045879761378,0.191320538520813,0.3336505889892578,3
43,pinky_01_r,0.25019653638203937,0.274595707654953,0.2795142590999603,3
56,hand_l,0.250166783730189,0.2602055072784424,0.27915494441986083,3
79,spine_01,0.2501334597667058,0.1950288563966751,0.36488217413425444,3
31,neck_01,0.249942347407341,0.2471512258052826,0.3064253985881805,3
66,calf_r,0.24992035577694574,0.312165230512619,0.3228538453578949,3
32,spine_01,0.24972793956597647,0.2585192918777466,0.3866420269012451,3
6,RUpArmTwist_l_01,0.24965894222259521,0.25481149554252625,0.25487253069877625,3
64,middle_01_l,0.2496525446573893,0.2532941997051239,0.29402796626091005,3
43,middle_01_r,0.24958488841851553,0.2661779522895813,0.28992983102798464,3
80,middle_01_r,0.2495650847752889,0.24999268352985382,0.27304152548313143,3
71,RUpArmTwist_r_01,0.2495594620704651,0.27071613073349,0.32627359628677366,3
83,clavicle_l,0.2494827335079511,0.2842063903808594,0.3504448413848877,3
5,pinky_01_r,0.2493169109026591,0.28179603815078735,0.2953860878944397,3
43,thigh_r,0.24912501871585846,0.2659468948841095,0.32244389653205874,3
45,ball_r,0.24911242226759592,0.2779083847999573,0.3131757378578186,3
54,clavicle_r,0.2490182270606359,0.24929887056350708,0.28899034261703493,3
37,pinky_01_l,0.24897856513659158,0.26993048191070557,0.29525146484375,3
34,pinky_01_l,0.24897793432076773,0.2771724462509155,0.300030255317688,3
5,index_01_r,0.24894234041372934,0.23967422544956207,0.31239340603351595,3
37,calf_r,0.24894201258818308,0.19370713829994202,0.3464031994342804,3
2,lowerarm_r,0.24884019295374551,0.22104988992214203,0.29278168380260466,3
49,pinky_01_l,0.24879586199919382,0.2632412612438202,0.2930586516857147,3
8,clavicle_r,0.2487090826034546,0.24594542384147644,0.3092718780040741,3
10,thumb_01_l,0.24868924915790558,0.2780221998691559,0.2810291826725006,3
81,ball_r,0.24859151244163513,0.2488904446363449,0.2825780242681503,3
9,hand_r,0.24855677535136542,0.30355364084243774,0.32485088109970095,3
12,middle_01_r,0.24852625528971353,0.23298077285289764,0.28833630979061126,3
63,RUpArmTwist_l_01,0.2484146108229955,0.23116405308246613,0.30198897421360016,3
15,calf_r,0.2483925223350525,0.2681730389595032,0.30703436136245726,3
54,pinky_01_l,0.24832083781560263,0.23073478043079376,0.29656292498111725,3
55,RUpArmTwist_l_02,0.2480839192867279,0.22315852344036102,0.3333664745092392,3
42,RUpArmTwist_l_01,0.24798150857289633,0.22946281731128693,0.32180706560611727,3
76,pinky_01_l,0.24762112895647684,0.24288012087345123,0.25848737061023713,3
39,pinky_01_l,0.2475782185792923,0.23364156484603882,0.2799949049949646,3
8,middle_01_l,0.24754414955774942,0.2528071105480194,0.30148229002952576,3
9,head,0.24745898942152658,0.2267034500837326,0.3184473603963852,3
12,index_01_r,0.2474149465560913,0.2249545007944107,0.3221066504716873,3
80,calf_l,0.2473891427119573,0.22817151248455048,0.30750435292720796,3
15,pinky_01_l,0.24737911423047385,0.23372067511081696,0.2727328807115555,3
29,middle_01_r,0.2473287284374237,0.2744898796081543,0.29759922027587893,3
13,pinky_01_l,0.24730695287386575,0.24976740777492523,0.25093519389629365,3
22,spine_02,0.24724915126959482,0.2631831765174866,0.3303061604499817,3
4,thigh_r,0.24708480139573416,0.2728506028652191,0.3792088210582733,3
17,pinky_01_l,0.24694757660230002,0.2799266576766968,0.28918392658233644,3
52,RCalfTwist_02,0.24686318139235178,0.19353839755058289,0.3842746913433075,3
25,head,0.2468548615773519,0.2235647290945053,0.3313711374998093,3
40,spine_02,0.2465055286884308,0.2232801914215088,0.30197601318359374,3
70,calf_r,0.24641460863252482,0.26378655433654785,0.41163389682769774,3
23,spine_02,0.24624663591384888,0.24555706977844238,0.2565276622772217,3
21,RUpArmTwist_l_02,0.24620166420936584,0.23468682169914246,0.31306974291801454,3
12,calf_r,0.24618703623612723,0.2564162313938141,0.298549085855484,3
19,head,0.2461645801862081,0.24966076016426086,0.25435195565223695,3
7,index_01_r,0.24613378942012787,0.2412056028842926,0.27481778264045714,3
26,index_01_r,0.2460480978091558,0.21675443649291992,0.29868474006652834,3
18,LCalfTwist_02,0.2460466573635737,0.23487991094589233,0.29360424280166625,3
28,middle_01_r,0.24601817627747855,0.2581123113632202,0.28506438732147216,3
75,ball_l,0.24597610036532083,0.24830502271652222,0.26824713945388795,3
51,spine_01,0.24587230384349823,0.24170446395874023,0.31922881603240966,3
10,index_01_r,0.24582019944985709,0.23750059306621552,0.2951345771551132,3
72,pinky_01_l,0.2457707772652308,0.259510338306427,0.28034123182296755,3
32,index_01_r,0.24565784136454263,0.2297457754611969,0.3271249830722809,3
45,index_01_r,0.2456484337647756,0.2516973316669464,0.30549355149269103,3
18,index_01_r,0.2455408126115799,0.2573726177215576,0.28171586990356445,3
64,RCalfTwist_03,0.24536610146363577,0.208478182554245,0.3487044036388397,3
57,clavicle_l,0.2453326384226481,0.2797030210494995,0.30901622772216797,3
0,hand_l,0.2452682008345922,0.24177108705043793,0.26611253917217254,3
48,clavicle_l,0.24507132669289908,0.2678670585155487,0.2832251965999603,3
7,middle_01_l,0.245026225845019,0.26138201355934143,0.29374049305915834,3
38,middle_01_r,0.24502556522687277,0.22408711910247803,0.29076533317565917,3
27,RUpArmTwist_l_01,0.24489751954873404,0.2363051474094391,0.3249120533466339,3
31,index_01_r,0.24484041829903921,0.19729681313037872,0.3222603231668472,3
8,ball_r,0.24470652639865875,0.20436614751815796,0.3051128268241882,3
42,pinky_01_r,0.24438623587290445,0.2658550441265106,0.2944719970226288,3
27,LCalfTwist_03,0.2443583458662033,0.24851424992084503,0.29219535887241366,3
35,index_01_r,0.24428720275561014,0.2368004471063614,0.29656324684619906,3
38,spine_01,0.2442603458960851,0.22753457725048065,0.3180444806814194,3
10,head,0.24420402944087982,0.21981024742126465,0.28793213367462156,3
80,lowerarm_r,0.24419257044792175,0.1781347095966339,0.3703039944171906,3
84,lowerarm_r,0.24418856700261435,0.2873627543449402,0.3351234316825867,3
75,pinky_01_l,0.24417856335639954,0.23599165678024292,0.2792110562324524,3
30,RUpArmTwist_l_01,0.24406499663988748,0.17001982033252716,0.4134362131357193,3
80,head,0.24400962889194489,0.18203996121883392,0.3318919867277145,3
3,clavicle_r,0.2439760466416677,0.1958366334438324,0.31426376700401304,3
31,spine_02,0.24396943549315134,0.25590965151786804,0.269286698102951,3
50,pinky_01_l,0.24395403762658438,0.2764749526977539,0.28154990673065183,3
26,pinky_01_l,0.2438759207725525,0.24357041716575623,0.2866362750530243,3
44,calf_r,0.24382838606834412,0.21118491888046265,0.33480156660079957,3
4,calf_r,0.24379965662956238,0.26206734776496887,0.3266597330570221,3
32,R_ForeTwist_01,0.24373197058836618,0.24468928575515747,0.26253763437271116,3
5,spine_01,0.24342229465643564,0.19930635392665863,0.3293258398771286,3
42,middle_01_r,0.24339046080907187,0.22918008267879486,0.26423995196819305,3
46,pinky_01_r,0.2432952125867208,0.2504913806915283,0.29991636276245115,3
82,head,0.24313217401504517,0.21870963275432587,0.34134064614772797,3
73,pinky_01_l,0.24292712906996408,0.21064892411231995,0.2962961733341217,3
43,RUpArmTwist_r_01,0.2429192749162515,0.18068429827690125,0.42569417357444767,3
72,RUpArmTwist_l_02,0.24289144575595856,0.1623246669769287,0.3757046222686768,3
46,ball_l,0.2427657792965571,0.2285321056842804,0.27795124650001524,3
33,RUpArmTwist_r_01,0.24264517923196158,0.152601420879364,0.3726513981819153,3
58,head,0.24256807068983713,0.2101278454065323,0.32845714390277864,3
65,R_ForeTwist_01,0.24243034919102988,0.24990496039390564,0.2661630094051361,3
19,pinky_01_r,0.242361048857371,0.24372169375419617,0.24469260573387147,3
36,pinky_01_l,0.2421072075764338,0.23109622299671173,0.31351558268070223,3
84,spine_02,0.24203477799892426,0.25387078523635864,0.2867900013923645,3
13,index_01_r,0.24201789498329163,0.2543341815471649,0.2694847047328949,3
22,index_01_r,0.2419384022553762,0.26306992769241333,0.2745177149772644,3
55,RCalfTwist_01,0.24187629918257395,0.27340126037597656,0.305712890625,3
59,pinky_01_l,0.2417637457450231,0.24386648833751678,0.27233916223049165,3
64,R_ForeTwist_01,0.24169362088044485,0.24233530461788177,0.2647159546613693,3
35,pinky_01_r,0.24168765048185983,0.2078300565481186,0.30076615512371063,3
71,pinky_01_r,0.24168238043785095,0.24336658418178558,0.2447468966245651,3
79,ball_r,0.24166630705197653,0.26998597383499146,0.3111348509788513,3
65,pinky_01_r,0.24145348370075226,0.25718796253204346,0.27739906311035156,3
30,spine_01,0.24130845566590628,0.16783693432807922,0.34859119057655336,3
10,lowerarm_r,0.24122426907221475,0.19279268383979797,0.40323548913002016,3
10,LCalfTwist_01,0.2412158747514089,0.19699062407016754,0.3229103356599808,3
63,calf_l,0.2411771317323049,0.2477654665708542,0.25518623292446135,3
64,ball_r,0.24111617604891458,0.2530215382575989,0.32188388109207156,3
9,pinky_01_l,0.24111275871594748,0.2588871717453003,0.26884243488311765,3
41,ball_l,0.2410376047094663,0.20025530457496643,0.37701337933540346,3
20,ball_l,0.2409633273879687,0.23818452656269073,0.3796063333749771,3
83,lowerarm_r,0.24083552757898966,0.16783304512500763,0.34556783735752106,3
84,middle_01_l,0.2407966355482737,0.22974520921707153,0.2576449990272522,3
62,index_01_r,0.24060222009817758,0.21475134789943695,0.33392703235149385,3
9,spine_02,0.2405646095673243,0.23921369016170502,0.2984593600034714,3
27,pinky_01_l,0.24056089917818704,0.2362964004278183,0.26216146647930144,3
58,pinky_01_r,0.2405367890993754,0.2772606611251831,0.29004504680633547,3
8,hand_l,0.2404730369647344,0.24577315151691437,0.30507029592990875,3
3,thigh_r,0.24038630723953247,0.2440490424633026,0.27640015482902525,3
67,spine_01,0.24037677546342215,0.18416309356689453,0.31958298683166503,3
38,spine_02,0.2403688703974088,0.30087214708328247,0.3318283915519714,3
13,RUpArmTwist_r_01,0.24033612509568533,0.2799449563026428,0.34692772626876833,3
8,head,0.24010656277338663,0.2227533906698227,0.31235847175121306,3
34,ball_l,0.23984929422537485,0.25263649225234985,0.3229489684104919,3
25,index_01_r,0.23970395823319754,0.2149510532617569,0.27501120865345,3
1,pinky_01_l,0.23970154424508414,0.23301225900650024,0.26459048986434935,3
23,thigh_r,0.23967825373013815,0.2106362134218216,0.31132639944553375,3
77,ball_l,0.23962497214476267,0.2820070683956146,0.28417367339134214,3
38,pinky_01_l,0.23956077297528586,0.22004203498363495,0.28221064507961274,3
2,calf_r,0.23944378892580667,0.2340373694896698,0.2837218940258026,3
67,clavicle_r,0.2393585741519928,0.2689048647880554,0.2782662034034729,3
52,clavicle_r,0.23933751384417215,0.24436701834201813,0.30642330944538115,3
76,RUpArmTwist_l_01,0.23901075373093286,0.2362648844718933,0.337905490398407,3
33,R_ForeTwist_01,0.23867428799470267,0.2406330704689026,0.2423333168029785,3
71,lowerarm_r,0.23861250778039297,0.19383090734481812,0.32208575010299684,3
37,LCalfTwist_03,0.23856917520364126,0.2525792419910431,0.2572012484073639,3
27,calf_r,0.23854929705460867,0.18556897342205048,0.3198711723089218,3
73,RUpArmTwist_l_02,0.2384682446718216,0.17400048673152924,0.36148960292339327,3
55,clavicle_l,0.23839629193147024,0.273780882358551,0.30225237607955935,3
75,clavicle_l,0.23831980923811594,0.26550763845443726,0.3031550765037537,3
11,index_01_r,0.2383188009262085,0.24801230430603027,0.2490741491317749,3
44,RUpArmTwist_r_01,0.23817491779724756,0.20469658076763153,0.3530009359121323,3
17,clavicle_l,0.23810042440891266,0.21632041037082672,0.3250522166490555,3
74,ball_r,0.23805274069309235,0.21641823649406433,0.2778983056545258,3
41,RUpArmTwist_l_01,0.23781862358252207,0.21258395910263062,0.3006273865699768,3
2,RUpArmTwist_l_01,0.23755855609973273,0.1587747186422348,0.41021842658519747,3
14,index_01_r,0.23743762075901031,0.21046064794063568,0.2846597880125046,3
56,ball_r,0.23738813400268555,0.21107301115989685,0.31589736342430114,3
51,hand_l,0.23734918236732483,0.19029513001441956,0.31998043656349184,3
49,head,0.23713381588459015,0.22094903886318207,0.26838977038860323,3
28,pinky_01_r,0.23701420923074087,0.2319650501012802,0.28217692077159884,3
81,index_01_r,0.23697620630264282,0.2734122574329376,0.28996220231056213,3
24,middle_01_r,0.23691068092981973,0.2434794306755066,0.27700735330581666,3
78,pinky_01_r,0.23684882124265036,0.24705642461776733,0.2735667109489441,3
65,clavicle_l,0.23683211207389832,0.2137519121170044,0.27118895053863523,3
5,RUpArmTwist_l_01,0.23682725305358568,0.2566278576850891,0.3709967017173767,3
49,RUpArmTwist_l_01,0.23679914573828378,0.21051868796348572,0.28770849108695984,3
52,RUpArmTwist_l_01,0.2366955578327179,0.23226456344127655,0.3237644761800766,3
31,RUpArmTwist_l_02,0.23668497800827026,0.1437806785106659,0.3751703679561615,3
50,pinky_01_r,0.23655261596043906,0.20276421308517456,0.29123584032058714,3
14,index_01_l,0.23653451104958853,0.21566897630691528,0.32914985418319703,3
46,middle_01_r,0.236381396651268,0.25280582904815674,0.27836318016052247,3
28,RUpArmTwist_l_01,0.2363642156124115,0.19206580519676208,0.33741721510887146,3
32,clavicle_r,0.2362054760257403,0.283476859331131,0.299142462015152,3
56,clavicle_r,0.23617746929327646,0.2388950139284134,0.24957927763462068,3
17,index_01_r,0.23609179258346558,0.24243135750293732,0.2663168340921402,3
10,ball_r,0.235994686683019,0.220633402466774,0.28163240253925326,3
13,pinky_01_r,0.23599323133627573,0.22424207627773285,0.2905560940504074,3
24,ball_r,0.23597805698712668,0.2627783417701721,0.26630603075027465,3
38,clavicle_r,0.2358990510304769,0.19043688476085663,0.31662701070308685,3
24,clavicle_r,0.23564396301905313,0.17627614736557007,0.330872118473053,3
10,clavicle_l,0.2355836182832718,0.31551676988601685,0.3209840655326843,3
69,ball_r,0.2355769673983256,0.271692156791687,0.3129122734069824,3
52,pinky_01_r,0.23549975454807281,0.21969909965991974,0.2682514101266861,3
10,RUpArmTwist_l_01,0.23546028633912405,0.2428327351808548,0.33239978849887847,3
36,RUpArmTwist_l_01,0.2354381779829661,0.23252421617507935,0.3179148554801941,3
30,index_01_l,0.235306849082311,0.23945045471191406,0.29926300048828125,3
14,RUpArmTwist_r_02,0.2351271460453669,0.23993787169456482,0.2834209859371185,3
23,middle_01_r,0.23508610824743906,0.24713259935379028,0.25148109197616575,3
60,lowerarm_r,0.2350477154056231,0.23109683394432068,0.347695392370224,3
1,middle_01_r,0.23503913482030234,0.22616612911224365,0.25678458213806155,3
82,RUpArmTwist_l_02,0.23499786853790283,0.19881926476955414,0.3807207316160202,3
52,spine_02,0.23496178289254507,0.2152257114648819,0.3126529484987259,3
54,spine_01,0.23480896155039468,0.2351645678281784,0.2625459760427475,3
27,RUpArmTwist_l_02,0.2347079465786616,0.23911024630069733,0.2841728240251541,3
11,RUpArmTwist_l_01,0.2344671239455541,0.271526038646698,0.28740094900131224,3
56,RUpArmTwist_l_02,0.23445588847001395,0.21696855127811432,0.31757791340351105,3
4,index_01_r,0.23426581919193268,0.2189854234457016,0.292239186167717,3
62,RUpArmTwist_l_01,0.23418603837490082,0.2093079686164856,0.31821552515029905,3
78,ball_l,0.23400025069713593,0.1865759640932083,0.3114382892847061,3
76,neck_01,0.2339597294727961,0.2436985969543457,0.2780388593673706,3
22,pinky_01_r,0.2337535967429479,0.2482544630765915,0.2697619527578354,3
60,clavicle_r,0.23372529447078705,0.22676017880439758,0.2524884045124054,3
37,clavicle_l,0.23348242044448853,0.2723807692527771,0.32543565034866334,3
31,ball_l,0.23347659409046173,0.17483054101467133,0.32728388011455534,3
38,RUpArmTwist_r_01,0.23346810787916183,0.24325233697891235,0.3606559157371521,3
40,head,0.23345143596331278,0.24997742474079132,0.26760136187076566,3
0,clavicle_l,0.23335023721059164,0.23545588552951813,0.236058047413826,3
53,clavicle_r,0.23316234350204468,0.23100583255290985,0.26913619935512545,3
34,clavicle_r,0.23306108514467874,0.2219986468553543,0.26096555292606355,3
68,spine_02,0.23303415377934775,0.17500127851963043,0.3185311108827591,3
14,hand_l,0.23299443970123926,0.27383679151535034,0.3011264443397522,3
16,clavicle_l,0.23296967148780823,0.2565947473049164,0.2756508529186249,3
6,LCalfTwist_03,0.23291419446468353,0.2168610543012619,0.27545531690120695,3
74,pinky_01_r,0.23285885155200958,0.23032350838184357,0.2695970207452774,3
34,index_01_r,0.23282945652802786,0.2046356350183487,0.2776648074388504,3
26,RUpArmTwist_l_02,0.23279669135808945,0.16910462081432343,0.4068154662847519,3
40,middle_01_r,0.23263909916083017,0.2108030766248703,0.29222398698329927,3
4,RUpArmTwist_r_01,0.23261450231075287,0.21525005996227264,0.2611992686986923,3
47,middle_01_r,0.232598215341568,0.22555893659591675,0.2490362763404846,3
14,ball_l,0.23255998392899832,0.22045913338661194,0.3242030441761017,3
13,calf_r,0.23252527912457785,0.20795845985412598,0.32111401557922364,3
58,clavicle_l,0.23249599834283194,0.2517719566822052,0.29348562359809877,3
14,ball_r,0.2324874351421992,0.23545938730239868,0.26190162897109986,3
73,ball_r,0.23240014910697937,0.22503173351287842,0.3119978904724121,3
55,pinky_01_l,0.23237650096416473,0.2471880465745926,0.25403706133365633,3
30,calf_r,0.23229526976744333,0.18764802813529968,0.31147493720054625,3
1,pinky_01_r,0.23199544847011566,0.2558264136314392,0.2715180516242981,3
62,Bip001,0.23195707301298776,0.22351300716400146,0.26314992904663087,3
67,pinky_01_r,0.23195016384124756,0.21336497366428375,0.26043346226215364,3
38,RUpArmTwist_r_02,0.23175581792990366,0.22791101038455963,0.2500656396150589,3
26,index_01_l,0.23159039517243704,0.27886897325515747,0.30840286016464236,3
6,index_01_r,0.2315379132827123,0.26991012692451477,0.27044208645820617,3
84,RUpArmTwist_l_01,0.23140173653761545,0.24791844189167023,0.27364164888858794,3
14,pinky_01_l,0.2313933571179708,0.24431976675987244,0.25753223299980166,3
5,lowerarm_r,0.23139260709285736,0.2685436010360718,0.2747267484664917,3
25,pinky_01_l,0.23139123618602753,0.24110354483127594,0.2757729560136795,3
68,RUpArmTwist_l_02,0.23136593401432037,0.22274553775787354,0.28159170150756835,3
49,clavicle_r,0.23135574162006378,0.2586306035518646,0.27145161032676696,3
20,index_01_r,0.2311747968196869,0.25000548362731934,0.27399141788482667,3
15,clavicle_r,0.23115909099578857,0.1882430911064148,0.2972320199012756,3
37,RUpArmTwist_l_02,0.2309823433558146,0.12924841046333313,0.4018970549106598,3
41,lowerarm_l,0.23097407321135202,0.20984293520450592,0.31113875210285186,3
9,middle_01_r,0.23082475364208221,0.20832425355911255,0.26760700941085813,3
47,hand_l,0.230820303161939,0.21939070522785187,0.2574003845453262,3
61,RUpArmTwist_l_02,0.23073012381792068,0.21643050014972687,0.35149227678775785,3
54,pinky_01_r,0.23066883782545725,0.26604411005973816,0.28394166827201844,3
8,calf_r,0.23064004878203073,0.21435780823230743,0.30698601305484774,3
51,lowerarm_r,0.23063474893569946,0.23028817772865295,0.2882943212985992,3
16,RUpArmTwist_l_01,0.2306027760108312,0.18779464066028595,0.31752423346042635,3
35,clavicle_r,0.2305909146865209,0.2007298469543457,0.29985482692718507,3
37,index_01_r,0.23055494825045267,0.20784980058670044,0.2684233784675598,3
9,clavicle_l,0.23045711716016135,0.2947147488594055,0.29574261903762816,3
27,R_ForeTwist_01,0.23039861023426056,0.2510189116001129,0.28769145607948304,3
46,RUpArmTwist_l_01,0.23030043890078863,0.26749709248542786,0.3105675756931305,3
11,middle_01_r,0.2302797536055247,0.24067559838294983,0.2983218014240265,3
42,spine_02,0.2301746408144633,0.2384951412677765,0.30914488434791565,3
41,index_01_r,0.22997353971004486,0.2104615718126297,0.2742163330316544,3
85,hand_l,0.22990217556556067,0.17588065564632416,0.3580798596143723,3
39,calf_r,0.22986993193626404,0.12756551802158356,0.38521750271320343,3
40,index_01_r,0.22984602550665537,0.227926567196846,0.2619028240442276,3
35,spine_02,0.22969618936379751,0.20191018283367157,0.3108947843313217,3
36,head,0.2296907603740692,0.20915937423706055,0.29136831760406495,3
39,LCalfTwist_01,0.22963568568229675,0.2163974493741989,0.2619261831045151,3
29,LCalfTwist_03,0.22962975005308786,0.30534008145332336,0.3104795038700104,3
22,hand_l,0.22962157428264618,0.19685856997966766,0.29247201383113863,3
4,ball_l,0.22961026430130005,0.206287682056427,0.28114246129989623,3
44,pinky_01_l,0.22957939406236014,0.20376090705394745,0.2836377710103989,3
1,RCalfTwist_01,0.22950768967469534,0.2390037477016449,0.24683987498283386,3
32,RUpArmTwist_l_01,0.22949997087319693,0.2527022659778595,0.28981762528419497,3
82,RUpArmTwist_l_01,0.22943672041098276,0.263113796710968,0.28493317365646365,3
69,spine_02,0.2294350266456604,0.21719317138195038,0.2924262136220932,3
41,calf_r,0.22936889032522836,0.22587299346923828,0.3142847061157227,3
83,pinky_01_r,0.22915943463643393,0.23769629001617432,0.2714587450027466,3
44,clavicle_l,0.2291265626748403,0.24699367582798004,0.2604131489992142,3
83,RUpArmTwist_l_02,0.22912348061800003,0.2762202024459839,0.29221904277801514,3
60,RUpArmTwist_l_01,0.2290805255373319,0.24737520515918732,0.32417077124118804,3
5,lowerarm_l,0.2290640523036321,0.25723761320114136,0.26224852800369264,3
43,neck_01,0.22901775439580283,0.19360463321208954,0.32165499627590177,3
70,ball_l,0.22901774446169534,0.2414444088935852,0.30447639226913453,3
32,clavicle_l,0.22899362444877625,0.2518678307533264,0.3316691517829895,3
47,ball_l,0.22897572567065558,0.21482528746128082,0.3618955880403519,3
48,RCalfTwist_01,0.22895809511343637,0.2722581923007965,0.2805657684803009,3
77,calf_l,0.22891956319411597,0.2473108470439911,0.3020868718624115,3
50,lowerarm_r,0.228908509016037,0.19874462485313416,0.29356557726860044,3
31,R_ForeTwist_01,0.2288294086853663,0.2349419891834259,0.2695023834705353,3
54,RUpArmTwist_l_02,0.22879067560036978,0.2181352972984314,0.26244977712631223,3
12,thigh_r,0.22874005635579428,0.2297355830669403,0.2721931397914886,3
77,RUpArmTwist_l_02,0.2287221004565557,0.27391326427459717,0.28715851306915285,3
46,RUpArmTwist_l_02,0.2287160356839498,0.2121192067861557,0.33193735778331757,3
73,pinky_01_r,0.2287155737479528,0.25548338890075684,0.2779042720794678,3
23,head,0.22869443396727243,0.28602978587150574,0.30080263018608094,3
63,R_ForeTwist_01,0.22867543001969656,0.24460648000240326,0.2506731480360031,3
15,head,0.22865432997544607,0.2326200008392334,0.26594319343566897,3
39,index_01_l,0.22861900925636292,0.1997252255678177,0.2965364843606949,3
8,RUpArmTwist_l_01,0.22860734164714813,0.19561311602592468,0.33092116713523867,3
11,R_ForeTwist_01,0.22845743099848428,0.22505147755146027,0.25173217356204985,3
11,RUpArmTwist_l_02,0.2284355858961741,0.25176793336868286,0.26104251146316526,3
19,index_01_r,0.2283847282330195,0.24201905727386475,0.26225249767303466,3
83,head,0.2283135006825129,0.19753752648830414,0.3081037253141403,3
39,hand_l,0.2282317727804184,0.2633684277534485,0.28630141019821165,3
61,R_ForeTwist_01,0.2282131463289261,0.24511441588401794,0.2596059024333954,3
54,head,0.22813492516676584,0.20714718103408813,0.27741438150405884,3
37,head,0.2280637522538503,0.21771246194839478,0.26998881101608274,3
42,LCalfTwist_01,0.22784629464149475,0.21773789823055267,0.2622278183698654,3
2,RUpArmTwist_r_02,0.2277438739935557,0.2337234765291214,0.23666376173496245,3
55,index_01_r,0.22773433725039163,0.2134658396244049,0.26215010285377505,3
85,RUpArmTwist_l_01,0.2276356816291809,0.2997356653213501,0.31211185455322266,3
61,spine_01,0.22754855950673422,0.22910426557064056,0.2293819159269333,3
15,ball_r,0.22750888268152872,0.2402542233467102,0.2654422163963318,3
9,thumb_01_l,0.22747471928596497,0.2250569462776184,0.24939955472946168,3
36,LCalfTwist_03,0.22746104498704275,0.24484723806381226,0.2889492392539978,3
28,R_ForeTwist_01,0.22735471030076346,0.2551116943359375,0.25796821117401125,3
80,clavicle_r,0.22707402209440866,0.21358148753643036,0.26075094640254975,3
68,hand_l,0.22699312369028726,0.22061002254486084,0.30931720733642576,3
67,hand_l,0.22689307729403177,0.22454051673412323,0.30977576673030854,3
47,clavicle_l,0.2268089602390925,0.24975883960723877,0.26367061138153075,3
29,R_ForeTwist_01,0.22680038710435232,0.23587295413017273,0.269676011800766,3
25,index_01_l,0.22677230338255563,0.2788641154766083,0.29198524355888367,3
30,clavicle_l,0.22671032945315042,0.21213491261005402,0.24935521185398102,3
4,R_ForeTwist_01,0.22670326381921768,0.21924449503421783,0.3222574025392532,3
26,RUpArmTwist_r_02,0.2266483853260676,0.2390114814043045,0.28407410681247713,3
39,middle_01_r,0.22644000252087912,0.1934715211391449,0.28066026568412783,3
33,hand_l,0.22638735175132751,0.21063601970672607,0.27791588306427,3
56,lowerarm_r,0.22638357679049173,0.2315066009759903,0.2724999934434891,3
82,middle_01_r,0.22634544968605042,0.2168259620666504,0.24937772750854492,3
69,head,0.226340189576149,0.2072673738002777,0.27815389037132265,3
52,index_01_r,0.22627778351306915,0.21173463761806488,0.2570300310850143,3
72,index_01_r,0.22627378006776175,0.18262940645217896,0.3078766942024231,3
74,RUpArmTwist_l_01,0.22623571753501892,0.2539474368095398,0.26916979551315307,3
25,pinky_01_r,0.2261859973271688,0.2422754019498825,0.24972284734249114,3
50,RUpArmTwist_l_01,0.22616508603096008,0.22664958238601685,0.2365970492362976,3
38,hand_l,0.226116344332695,0.23903578519821167,0.24549660682678223,3
73,lowerarm_r,0.22609679400920868,0.2476879507303238,0.28486464321613314,3
47,RUpArmTwist_l_02,0.2260508934656779,0.21148085594177246,0.3162063121795654,3
83,RUpArmTwist_l_01,0.22602655490239462,0.17874528467655182,0.3101721316576004,3
70,RUpArmTwist_r_01,0.22601495683193207,0.19449879229068756,0.31575742065906526,3
49,lowerarm_r,0.22598741948604584,0.23991335928440094,0.29007079899311067,3
80,ball_r,0.22557043532530466,0.2269352227449417,0.29846161901950835,3
80,pinky_01_r,0.225495512286822,0.19806881248950958,0.26694165766239164,3
32,RUpArmTwist_r_02,0.2254876047372818,0.2274009883403778,0.25712029337882997,3
13,clavicle_l,0.2253875583410263,0.24504493176937103,0.24808087050914765,3
28,spine_02,0.22532696525255838,0.2292841374874115,0.2922894895076752,3
1,R_ForeTwist_01,0.22521771490573883,0.23577101528644562,0.24268156588077544,3
11,clavicle_l,0.2252140591541926,0.24497437477111816,0.26032803058624265,3
32,index_01_l,0.22516174614429474,0.2047041356563568,0.26313533186912536,3
8,index_01_r,0.22514280180136362,0.23150651156902313,0.25073798596858976,3
45,hand_l,0.2249124844868978,0.20872712135314941,0.2505443811416626,3
0,RUpArmTwist_l_01,0.22480438152949014,0.2178233116865158,0.28000379502773287,3
35,R_ForeTwist_01,0.22469945748647055,0.22818754613399506,0.2449110597372055,3
18,RUpArmTwist_r_02,0.2246506710847219,0.2433030605316162,0.28832545280456545,3
57,clavicle_r,0.22461607058842978,0.21654155850410461,0.25118141770362856,3
43,R_ForeTwist_01,0.22457315027713776,0.20964021980762482,0.2506730228662491,3
85,clavicle_l,0.22449026505152384,0.23246289789676666,0.2824241429567337,3
35,RUpArmTwist_l_02,0.2242224340637525,0.20923741161823273,0.3152728945016861,3
66,spine_02,0.22414014488458633,0.16510546207427979,0.3405324459075928,3
15,index_01_l,0.22411328554153442,0.218336820602417,0.27721223831176756,3
66,R_ForeTwist_01,0.2240223785241445,0.22264648973941803,0.23224081099033356,3
12,spine_02,0.22383442024389902,0.16978031396865845,0.3053446888923645,3
81,RUpArmTwist_r_01,0.22359408189853033,0.27082180976867676,0.30989794731140136,3
40,RUpArmTwist_l_01,0.22338101267814636,0.21430210769176483,0.27785957753658297,3
7,spine_01,0.22324655453364053,0.24107204377651215,0.25821809470653534,3
22,R_ForeTwist_01,0.2230628381172816,0.20749184489250183,0.2478587806224823,3
0,spine_01,0.22305170198281607,0.24936968088150024,0.2577316403388977,3
13,ball_r,0.22304479777812958,0.1936785876750946,0.2676008403301239,3
45,spine_02,0.22299241522947946,0.18213480710983276,0.28705779314041135,3
70,head,0.2229629581173261,0.2673608958721161,0.29149855971336364,3
46,thigh_r,0.2229294329881668,0.1527675986289978,0.3324733853340149,3
66,lowerarm_r,0.22290638585885367,0.23798806965351105,0.24949471056461334,3
75,spine_02,0.2228665997584661,0.19583077728748322,0.2683976322412491,3
70,spine_02,0.22259367009003958,0.22225652635097504,0.2339538186788559,3
2,clavicle_l,0.22251415252685547,0.17724469304084778,0.3254195511341095,3
56,pinky_01_r,0.22242719431718191,0.24404725432395935,0.28479031920433046,3
74,index_01_r,0.22196301321188608,0.2260124832391739,0.27086847126483915,3
64,pinky_01_r,0.22192694743474325,0.22991538047790527,0.2523513317108154,3
69,index_01_r,0.22187809646129608,0.21926435828208923,0.29275030493736265,3
78,lowerarm_r,0.22183830539385477,0.2584373652935028,0.27469908595085146,3
9,calf_r,0.22164317965507507,0.22176821529865265,0.2958313375711441,3
71,RUpArmTwist_l_02,0.2215853085120519,0.24582883715629578,0.3308554351329803,3
3,index_01_r,0.22153328359127045,0.2092311531305313,0.24231317341327668,3
73,RUpArmTwist_r_02,0.22151735424995422,0.18673373758792877,0.3031864434480667,3
8,RUpArmTwist_r_01,0.221439761420091,0.16369149088859558,0.3804108560085297,3
47,index_01_r,0.22140590846538544,0.2354481965303421,0.2750493913888931,3
79,lowerarm_r,0.22134879728158316,0.24033840000629425,0.28018511831760406,3
62,RUpArmTwist_r_01,0.22134729226430258,0.2614199221134186,0.2695285379886627,3
22,index_01_l,0.22134572764237723,0.24202148616313934,0.24205388724803925,3
41,RUpArmTwist_l_02,0.22121715048948923,0.14963340759277344,0.3408273220062256,3
23,RUpArmTwist_r_01,0.2211590794225534,0.2170923352241516,0.36134411096572877,3
79,clavicle_r,0.2210646023352941,0.2215604931116104,0.25730991661548613,3
15,LCalfTwist_01,0.22093278169631958,0.2232266515493393,0.27807349860668185,3
81,spine_02,0.2208768129348755,0.15223053097724915,0.3286050856113434,3
11,pinky_01_r,0.22070873777071634,0.195811465382576,0.2683084636926651,3
39,RCalfTwist_03,0.22052843620379767,0.26180508732795715,0.29188628792762755,3
64,clavicle_r,0.22042863070964813,0.19282670319080353,0.29954401552677157,3
84,index_01_r,0.22039286295572916,0.20188938081264496,0.273951455950737,3
7,RUpArmTwist_r_02,0.22034274538358053,0.22178202867507935,0.26223934888839723,3
67,index_01_r,0.2202374885479609,0.21037675440311432,0.27363610565662383,3
44,head,0.22022506097952524,0.22637170553207397,0.24493368864059448,3
16,RUpArmTwist_l_02,0.2201735277970632,0.24510540068149567,0.25464196503162384,3
42,LCalfTwist_03,0.2200945019721985,0.22607724368572235,0.28287735879421233,3
81,RUpArmTwist_l_02,0.22007565200328827,0.18444904685020447,0.28637661337852477,3
14,head,0.22005291283130646,0.2516647279262543,0.30179592967033386,3
66,RUpArmTwist_r_02,0.2197056065003077,0.1960681825876236,0.3016821652650833,3
26,pinky_01_r,0.2195638914903005,0.25460028648376465,0.25792608261108396,3
5,R_ForeTwist_01,0.21948440869649252,0.22859565913677216,0.24631195962429048,3
1,index_01_l,0.2192648152510325,0.19856886565685272,0.26312912404537203,3
56,index_01_l,0.2191630651553472,0.21286115050315857,0.24202148318290712,3
82,pinky_01_r,0.21914396186669668,0.2563154399394989,0.2605575740337372,3
83,spine_02,0.21905081222454706,0.19590313732624054,0.3195184379816055,3
16,pinky_01_r,0.21904938916365305,0.23639900982379913,0.25963741838932036,3
70,RUpArmTwist_l_02,0.2190248096982638,0.20457464456558228,0.35036951303482056,3
78,ball_r,0.21891134480635324,0.3142065405845642,0.3185468316078186,3
8,lowerarm_r,0.2188057154417038,0.1789267361164093,0.3433437645435333,3
17,head,0.2187431404987971,0.24063637852668762,0.25675366520881654,3
79,hand_l,0.21870111922423044,0.22602108120918274,0.23793053030967712,3
47,calf_l,0.21867693960666656,0.20995354652404785,0.2322378396987915,3
5,head,0.21852074563503265,0.18600396811962128,0.3027430385351181,3
67,head,0.21844302614529928,0.2149694859981537,0.2631628930568695,3
15,RUpArmTwist_l_02,0.21837359170118967,0.2361808717250824,0.27192301154136655,3
21,middle_01_r,0.21836579342683157,0.22294311225414276,0.23369295299053192,3
16,spine_02,0.21833892166614532,0.18436963856220245,0.31120597422122953,3
81,ball_l,0.2183158422509829,0.2676543593406677,0.26830669641494753,3
47,RUpArmTwist_l_01,0.21824171642462412,0.25080570578575134,0.26808773875236513,3
5,spine_02,0.21813458700974783,0.23357811570167542,0.3291038334369659,3
32,head,0.21800806621710458,0.24167469143867493,0.24506989121437073,3
35,LCalfTwist_01,0.2178630232810974,0.16754765808582306,0.3187287479639053,3
85,ball_l,0.2176701823870341,0.21705588698387146,0.24653629660606385,3
48,RUpArmTwist_r_01,0.21763854225476584,0.17612220346927643,0.3017543345689774,3
18,RUpArmTwist_l_02,0.2176066736380259,0.18095865845680237,0.29945347905159,3
48,index_01_r,0.21758182843526205,0.19182246923446655,0.25573431253433226,3
42,clavicle_l,0.2175113707780838,0.19312560558319092,0.2672670125961304,3
78,pinky_01_l,0.2174864113330841,0.21606683731079102,0.2247300386428833,3
45,pinky_01_r,0.21748538812001547,0.20556862652301788,0.24476901590824127,3
31,spine_01,0.21748271584510803,0.18531131744384766,0.2998008966445923,3
13,head,0.2174442708492279,0.2591463625431061,0.307105165719986,3
36,calf_r,0.2173546701669693,0.1752028912305832,0.2776811450719833,3
11,clavicle_r,0.21725686391194662,0.2024620622396469,0.28382277190685273,3
0,head,0.2172099898258845,0.2490866780281067,0.3087492823600769,3
71,index_01_r,0.21720407406489053,0.18306070566177368,0.284832227230072,3
9,RUpArmTwist_l_02,0.2171978255112966,0.20804475247859955,0.23138841092586518,3
66,clavicle_l,0.21703091263771057,0.2273622453212738,0.2516063630580902,3
17,clavicle_r,0.21702703336874643,0.19361884891986847,0.26219524443149567,3
49,calf_r,0.21687722702821097,0.21621842682361603,0.2600578933954239,3
46,lowerarm_r,0.21684574087460837,0.22784839570522308,0.26842345893383024,3
48,pinky_01_r,0.21673157314459482,0.23259037733078003,0.25838953256607056,3
77,RUpArmTwist_l_01,0.21650814513365427,0.2092420607805252,0.2416099101305008,3
49,index_01_r,0.21649777392546335,0.1936163753271103,0.26594309508800507,3
27,index_01_r,0.2164921760559082,0.19236907362937927,0.27010619044303896,3
54,index_01_r,0.2164855202039083,0.19890496134757996,0.2691062390804291,3
62,RUpArmTwist_l_02,0.21634896844625473,0.2730560004711151,0.311576122045517,3
4,RUpArmTwist_l_01,0.21629403034845987,0.21152512729167938,0.2705301851034164,3
18,clavicle_l,0.2161493500073751,0.22982965409755707,0.2865824908018112,3
37,hand_l,0.21605865160624185,0.20986633002758026,0.2661600440740585,3
73,clavicle_r,0.21603784958521524,0.21659192442893982,0.2571300208568573,3
50,ball_l,0.2160367096463839,0.1824428141117096,0.31053524613380434,3
43,lowerarm_r,0.21602518608172736,0.22909532487392426,0.30211078822612764,3
83,pinky_01_l,0.2159832219282786,0.22322134673595428,0.2628436654806137,3
17,LCalfTwist_03,0.21597232421239218,0.21485619246959686,0.2730416148900986,3
66,index_01_r,0.21579201519489288,0.19056226313114166,0.2592677384614944,3
34,hand_l,0.21570398410161337,0.24233345687389374,0.2534387677907944,3
33,index_01_l,0.21565420925617218,0.2201644331216812,0.27554443180561067,3
77,pinky_01_l,0.2151352514823278,0.2168065905570984,0.23094120025634765,3
19,calf_r,0.21510264774163565,0.21058906614780426,0.28776960670948026,3
63,Bip001,0.215045765042305,0.20237481594085693,0.25007627010345457,3
33,calf_r,0.21503845353921255,0.25980114936828613,0.3098548650741577,3
72,lowerarm_r,0.21483377118905386,0.16861513257026672,0.304248172044754,3
76,RUpArmTwist_r_02,0.21473428855339685,0.2196863740682602,0.2981193035840988,3
3,pinky_01_l,0.21471517781416574,0.22698207199573517,0.26086019575595853,3
3,RUpArmTwist_l_01,0.21468124787012735,0.25738072395324707,0.2713597536087036,3
79,RUpArmTwist_l_01,0.21467517813046774,0.22255003452301025,0.2695730447769165,3
52,clavicle_l,0.21465782324473062,0.19599515199661255,0.24742006063461303,3
57,lowerarm_r,0.21456818282604218,0.19850322604179382,0.2522781312465668,3
75,pinky_01_r,0.21451633175214133,0.24112996459007263,0.30262946486473086,3
46,clavicle_l,0.21448607246081033,0.1848754733800888,0.30305902659893036,3
59,clavicle_r,0.2144350459178289,0.20758873224258423,0.2612895846366882,3
17,hand_l,0.2143917828798294,0.2402358502149582,0.33362620770931245,3
69,RUpArmTwist_l_01,0.2142812261978785,0.17532412707805634,0.2765530675649643,3
74,spine_02,0.21415340900421143,0.16640104353427887,0.3139010459184647,3
79,RUpArmTwist_l_02,0.2141506945093473,0.2340703159570694,0.31282093822956086,3
20,pinky_01_r,0.21401778360207876,0.2032165378332138,0.23368029296398163,3
34,RCalfTwist_01,0.21398326754570007,0.194395050406456,0.2701554983854294,3
27,RUpArmTwist_r_01,0.21388020614782968,0.22803039848804474,0.3002911001443863,3
44,RUpArmTwist_l_01,0.2137608379125595,0.17822614312171936,0.2718494474887848,3
34,calf_r,0.21375037729740143,0.20094770193099976,0.27860206365585327,3
36,clavicle_l,0.2137428546945254,0.2659808099269867,0.2917953908443451,3
68,index_01_l,0.21365971366564432,0.22022823989391327,0.26005345284938813,3
82,pinky_01_l,0.2136510560909907,0.2157745510339737,0.2633839398622513,3
62,clavicle_l,0.21356778840223947,0.20466580986976624,0.24838162064552308,3
35,clavicle_l,0.21316950023174286,0.23390740156173706,0.25304213762283323,3
10,clavicle_r,0.21312647561232248,0.17928750813007355,0.2844895273447037,3
42,index_01_r,0.2130918800830841,0.20576277375221252,0.27551217675209044,3
24,index_01_l,0.21305029342571893,0.2566724121570587,0.2708477318286896,3
27,spine_01,0.2127862125635147,0.20165413618087769,0.24177614450454712,3
68,index_01_r,0.2127338002125422,0.2042585015296936,0.28419946432113646,3
37,pinky_01_r,0.21264208853244781,0.19760043919086456,0.24078742563724517,3
41,pinky_01_r,0.21254772941271463,0.22390800714492798,0.260422956943512,3
69,pinky_01_r,0.21254086991151175,0.18614962697029114,0.25576246380805967,3
63,clavicle_l,0.21254031360149384,0.223202183842659,0.22668030560016633,3
43,RUpArmTwist_l_01,0.21249385178089142,0.24741655588150024,0.26262961626052855,3
68,ball_r,0.2124373515446981,0.21007588505744934,0.28091018795967104,3
31,LCalfTwist_03,0.21234596023956934,0.231709823012352,0.2710086077451706,3
52,RUpArmTwist_l_02,0.21230819573005041,0.14472173154354095,0.3522161692380905,3
7,pinky_01_r,0.21230190495649973,0.21688996255397797,0.22115622460842133,3
64,spine_02,0.21218319982290268,0.23863764107227325,0.3128111034631729,3
16,spine_01,0.21214075883229574,0.22719426453113556,0.23981434404850005,3
56,clavicle_l,0.212077667315801,0.2517585754394531,0.2548807382583618,3
23,spine_01,0.2120614101489385,0.22707417607307434,0.251813679933548,3
15,RUpArmTwist_r_01,0.21186762054761252,0.21322482824325562,0.30462721586227415,3
54,ball_l,0.21176261206467947,0.2510291635990143,0.2554564535617828,3
43,clavicle_r,0.2117008169492086,0.2039831280708313,0.22676969766616822,3
43,head,0.2113122195005417,0.19724737107753754,0.25135268867015836,3
27,foot_r,0.21128092209498087,0.20650558173656464,0.27694896161556243,3
57,index_01_l,0.21115204195181528,0.21750615537166595,0.22811913192272187,3
44,RUpArmTwist_l_02,0.21111672123273215,0.18577052652835846,0.25305207073688507,3
60,index_01_r,0.2109262297550837,0.231218159198761,0.25490435361862185,3
25,spine_02,0.2109236071507136,0.14905530214309692,0.300409209728241,3
68,RUpArmTwist_l_01,0.2107821274548769,0.1995791643857956,0.368516144156456,3
73,clavicle_l,0.21077957252661386,0.25215691328048706,0.2529540419578552,3
70,pinky_01_r,0.21049117048581442,0.20739436149597168,0.2241603136062622,3
22,head,0.21039347102244696,0.24969252943992615,0.297467964887619,3
7,clavicle_l,0.2103684147198995,0.2115500122308731,0.22448857128620148,3
75,hand_l,0.21020216743151346,0.2026349902153015,0.2525882124900818,3
13,index_01_l,0.21012914180755615,0.22219416499137878,0.24338486790657043,3
2,L_ForeTwist_02,0.21008469412724176,0.2106887847185135,0.288176503777504,3
38,RCalfTwist_02,0.2100204130013784,0.17604811489582062,0.26453682482242585,3
4,ball_r,0.21001899739106497,0.20741678774356842,0.23991625607013703,3
54,RUpArmTwist_r_02,0.20991871257623038,0.22656095027923584,0.29048230648040774,3
47,spine_01,0.2099179575840632,0.22196552157402039,0.23399096131324768,3
79,pinky_01_l,0.20980838934580484,0.1981116384267807,0.23546869456768035,3
82,ball_l,0.2098025381565094,0.23372144997119904,0.24772066175937651,3
42,head,0.2097791681687037,0.1819697618484497,0.2639757633209229,3
22,clavicle_l,0.209733913342158,0.22687864303588867,0.31640646457672117,3
24,LCalfTwist_03,0.2097209170460701,0.1568199098110199,0.33877026438713076,3
51,R_ForeTwist_01,0.20965329806009927,0.21375256776809692,0.2260697603225708,3
60,clavicle_l,0.20963059862454733,0.20413696765899658,0.2183581829071045,3
82,ball_r,0.209605743487676,0.1942136436700821,0.23494074642658233,3
82,R_ForeTwist_01,0.20952350397904715,0.21268752217292786,0.23475469946861266,3
79,foot_r,0.2094910442829132,0.20070868730545044,0.23972076177597046,3
69,RUpArmTwist_l_02,0.20946265012025833,0.24128684401512146,0.29633850455284116,3
70,ball_r,0.20939177771409354,0.25625187158584595,0.2814625382423401,3
81,R_ForeTwist_01,0.2092988391717275,0.21595197916030884,0.2175404191017151,3
21,RUpArmTwist_r_02,0.20927884429693222,0.2205037772655487,0.2860641896724701,3
84,head,0.20923045774300894,0.21781370043754578,0.28797942996025083,3
36,spine_01,0.2092025876045227,0.20416055619716644,0.22532356679439544,3
1,RUpArmTwist_r_01,0.20917015026013056,0.19536633789539337,0.3037410885095596,3
26,head,0.20916337271531424,0.186855748295784,0.2518949180841446,3
62,R_ForeTwist_01,0.20915173490842184,0.20339059829711914,0.2294723153114319,3
32,RUpArmTwist_r_01,0.20911478499571481,0.12875235080718994,0.371088194847107,3
70,spine_01,0.20908533781766891,0.1791142225265503,0.3153270721435547,3
23,calf_r,0.20893508195877075,0.16605788469314575,0.2922081589698792,3
67,clavicle_l,0.2086263746023178,0.20364966988563538,0.22009335160255433,3
10,middle_01_r,0.20849883059660593,0.2178790122270584,0.25860187113285066,3
49,pinky_01_r,0.20832877854506174,0.16996988654136658,0.262395566701889,3
38,index_01_l,0.20832750697930655,0.1709892898797989,0.2824988394975662,3
12,R_ForeTwist_01,0.20832354327042898,0.181515634059906,0.2484775185585022,3
1,RUpArmTwist_l_01,0.2082532892624537,0.19681227207183838,0.27718405723571776,3
69,index_01_l,0.20823675890763602,0.20663902163505554,0.2744752585887909,3
70,index_01_l,0.20819294452667236,0.19663676619529724,0.2583180367946625,3
40,hand_l,0.20809802412986755,0.21340006589889526,0.2276823878288269,3
19,RUpArmTwist_r_02,0.20800632735093436,0.2530638575553894,0.2543112635612488,3
35,spine_01,0.20797231296698251,0.20174917578697205,0.22410804629325867,3
80,pinky_01_l,0.20773891111214957,0.20804286003112793,0.2186873197555542,3
15,R_ForeTwist_01,0.20769425729910532,0.21789969503879547,0.23921931087970733,3
76,pinky_01_r,0.2076792468627294,0.21681849658489227,0.2550917714834213,3
72,pinky_01_r,0.20766553282737732,0.22761498391628265,0.22958496510982512,3
43,calf_r,0.20755475262800852,0.20403318107128143,0.224326953291893,3
3,index_01_l,0.20741620163122812,0.19345343112945557,0.24034252166748046,3
8,index_01_l,0.20741545160611471,0.21579931676387787,0.24174620807170868,3
48,clavicle_r,0.207353005806605,0.20432519912719727,0.24649338722229003,3
47,RUpArmTwist_r_02,0.20725144694248834,0.20238520205020905,0.27631891071796416,3
50,calf_r,0.20723841587702432,0.1417706161737442,0.30071695148944855,3
23,clavicle_r,0.20723643402258554,0.21808947622776031,0.23547915518283843,3
52,R_ForeTwist_01,0.20723137259483337,0.19636806845664978,0.23504374623298646,3
82,index_01_r,0.20713651676972708,0.20763655006885529,0.24660297930240632,3
23,R_ForeTwist_01,0.20703348020712534,0.20911087095737457,0.22917287647724152,3
22,clavicle_r,0.20700901746749878,0.2327621728181839,0.24305568039417266,3
50,clavicle_r,0.20687337468067804,0.2164098620414734,0.2701467156410217,3
22,calf_r,0.2068266620238622,0.18056967854499817,0.2953056633472443,3
55,ball_l,0.20669331153233847,0.20701611042022705,0.23005897998809816,3
33,RUpArmTwist_l_02,0.20659687370061874,0.219063863158226,0.26761443316936495,3
53,spine_01,0.20652349293231964,0.21510049700737,0.2272641956806183,3
28,index_01_l,0.20647977789243063,0.22996334731578827,0.2673190921545029,3
30,RUpArmTwist_l_02,0.20645594596862793,0.228147953748703,0.2983748853206635,3
0,RUpArmTwist_r_02,0.20640446990728378,0.2179831713438034,0.2776052564382553,3
8,middle_01_r,0.206397145986557,0.19245250523090363,0.235308375954628,3
34,RCalfTwist_03,0.20635683834552765,0.17297004163265228,0.29260523021221163,3
61,Bip001,0.20628909766674042,0.17168816924095154,0.264688104391098,3
79,R_ForeTwist_01,0.20623226960500082,0.1915336698293686,0.23282619416713715,3
67,index_01_l,0.20615999400615692,0.21768204867839813,0.27591470181941985,3
42,R_ForeTwist_01,0.2061219314734141,0.20368263125419617,0.227387672662735,3
56,head,0.20583954453468323,0.24494093656539917,0.2585605502128601,3
80,clavicle_l,0.2058286815881729,0.17992326617240906,0.2614584624767303,3
51,clavicle_r,0.20575819412867227,0.19820000231266022,0.2511178761720657,3
61,LCalfTwist_03,0.2056836038827896,0.17354901134967804,0.26854192316532133,3
48,hand_l,0.20558151602745056,0.20562691986560822,0.2199034720659256,3
23,ball_r,0.2055333430568377,0.1941123902797699,0.27736889719963076,3
24,RUpArmTwist_r_01,0.205501526594162,0.1719902902841568,0.2842720299959183,3
53,R_ForeTwist_01,0.20545933147271475,0.20736567676067352,0.21316252648830414,3
71,RCalfTwist_01,0.20536113530397415,0.24230624735355377,0.27563760578632357,3
18,spine_02,0.2053156072894732,0.1671385020017624,0.2989668220281601,3
79,calf_r,0.20523916681607565,0.21155758202075958,0.22193242609500885,3
49,hand_l,0.2052189658085505,0.1941862851381302,0.22279211580753328,3
76,LCalfTwist_03,0.20506531993548074,0.21640978753566742,0.23213814198970795,3
16,calf_r,0.20505444953838983,0.2394140064716339,0.2550180733203888,3
84,R_ForeTwist_01,0.20499782264232635,0.20466946065425873,0.22090086638927459,3
21,index_01_l,0.2049754410982132,0.21496108174324036,0.23587778210639954,3
83,index_01_l,0.2049314628044764,0.19792193174362183,0.22803733348846436,3
56,ball_l,0.20492837329705557,0.23455768823623657,0.2478674292564392,3
6,R_ForeTwist_01,0.20489226281642914,0.2213945984840393,0.22711551189422607,3
53,index_01_r,0.20471415917078653,0.19725245237350464,0.2253725528717041,3
74,RUpArmTwist_l_02,0.2047022134065628,0.164271280169487,0.31038380563259127,3
29,spine_01,0.20468838512897491,0.09759116172790527,0.35511457920074463,3
48,RUpArmTwist_l_01,0.20460297167301178,0.240126371383667,0.24553520679473878,3
61,clavicle_l,0.20453008264303207,0.24047121405601501,0.24692869782447815,3
40,LCalfTwist_03,0.20452823241551718,0.15105663239955902,0.3474316567182541,3
14,R_ForeTwist_01,0.20447367429733276,0.21102462708950043,0.2667750805616379,3
27,index_01_l,0.204469067354997,0.23119224607944489,0.2549167901277542,3
29,calf_r,0.20443510760863623,0.16344214975833893,0.30180955231189727,3
72,ball_r,0.20436389495929083,0.21788091957569122,0.26526362001895903,3
28,calf_r,0.2043400059143702,0.1883419007062912,0.2816466897726059,3
4,Bip001,0.20431050658226013,0.1542893499135971,0.2847867697477341,3
77,index_01_r,0.20420202116171518,0.19962270557880402,0.23376051485538482,3
27,clavicle_r,0.2041858434677124,0.18372832238674164,0.28496789634227754,3
15,spine_01,0.2041801338394483,0.25945577025413513,0.2928583323955536,3
64,head,0.20407712956269583,0.2429216057062149,0.26348345577716825,3
70,index_01_r,0.20399930079778036,0.17241278290748596,0.26639309525489807,3
9,index_01_r,0.20394647618134817,0.19926005601882935,0.22926101684570313,3
85,RUpArmTwist_l_02,0.2039442385236422,0.12002504616975784,0.3274834886193276,3
3,R_ForeTwist_01,0.2038815120855967,0.2082979679107666,0.2287525415420532,3
7,spine_02,0.20379284024238586,0.24513989686965942,0.2609539866447449,3
40,index_01_l,0.20379112660884857,0.2088070958852768,0.24337818324565888,3
40,LCalfTwist_02,0.20367324352264404,0.19466954469680786,0.22576013803482056,3
46,calf_l,0.2036711424589157,0.1778389811515808,0.2520718932151794,3
43,index_01_r,0.20355338354905447,0.18681007623672485,0.23503849506378174,3
12,clavicle_r,0.20348884165287018,0.1930793672800064,0.25312929451465604,3
55,RCalfTwist_02,0.20326199134190878,0.21165154874324799,0.24014191329479218,3
81,head,0.20322596778472266,0.17390377819538116,0.3177633911371231,3
73,Bip001,0.20321480929851532,0.17918744683265686,0.26335020661354064,3
68,head,0.20319966723521551,0.24297530949115753,0.2574136883020401,3
76,RUpArmTwist_r_01,0.20319251219431558,0.1758403480052948,0.25103759169578554,3
26,RUpArmTwist_r_01,0.20316225290298462,0.19549661874771118,0.31665951013565063,3
82,lowerarm_r,0.2031127413113912,0.1829470992088318,0.2696463942527771,3
66,index_01_l,0.20304527133703232,0.21103094518184662,0.2730265349149704,3
16,R_ForeTwist_01,0.20302499334017435,0.21843071281909943,0.2326509863138199,3
4,spine_02,0.20299180348714194,0.17016392946243286,0.25627835988998415,3
29,spine_02,0.2029875765244166,0.22038741409778595,0.2398330122232437,3
35,index_01_l,0.20276777942975363,0.2039431482553482,0.2706664353609085,3
50,clavicle_l,0.20275801916917166,0.20974773168563843,0.23455725908279418,3
48,RUpArmTwist_l_02,0.20271999885638556,0.16068118810653687,0.32807987928390503,3
14,clavicle_l,0.20269567767779031,0.16993474960327148,0.2498782157897949,3
50,R_ForeTwist_01,0.20258143047491708,0.20967382192611694,0.24059101343154907,3
50,head,0.20239598800738653,0.19919784367084503,0.2719701439142227,3
61,pinky_01_r,0.202245831489563,0.2104104608297348,0.2532824963331223,3
5,index_01_l,0.20220819612344107,0.15936994552612305,0.2688300609588623,3
23,index_01_l,0.20213986933231354,0.22046104073524475,0.24183940291404724,3
26,LCalfTwist_03,0.2021047274271647,0.18965014815330505,0.24889323115348816,3
83,ball_l,0.20209290087223053,0.15689130127429962,0.27659615576267244,3
0,RUpArmTwist_l_02,0.20208516965309778,0.21692050993442535,0.2685691386461258,3
77,ball_r,0.2019800916314125,0.2320399433374405,0.28784857094287875,3
80,R_ForeTwist_01,0.20195012787977853,0.20174354314804077,0.21483653783798218,3
42,LCalfTwist_02,0.20187720159689584,0.18592794239521027,0.24937898218631743,3
10,LCalfTwist_03,0.20187682658433914,0.20154079794883728,0.2648282706737518,3
50,RUpArmTwist_r_01,0.2017772098382314,0.1530788093805313,0.30101647675037385,3
79,pinky_01_r,0.20177280406157175,0.19459250569343567,0.25638888478279115,3
5,calf_r,0.2016227344671885,0.2041706144809723,0.20427166819572448,3
73,RUpArmTwist_r_01,0.20160743097464243,0.13632789254188538,0.308711439371109,3
9,LCalfTwist_03,0.20142757395903269,0.1881343424320221,0.27196720242500305,3
2,RUpArmTwist_l_02,0.20134988923867544,0.20227563381195068,0.2877351760864258,3
0,index_01_l,0.20129206279913583,0.1825423240661621,0.25043013095855715,3
80,LCalfTwist_03,0.20127977430820465,0.210072323679924,0.212003430724144,3
31,calf_r,0.20127141972382864,0.1809586137533188,0.28667130172252653,3
53,clavicle_l,0.20123140513896942,0.21577143669128418,0.2402106285095215,3
54,RCalfTwist_01,0.20115927855173746,0.2522309124469757,0.25645349621772767,3
51,Bip001,0.20074430604775748,0.2005331665277481,0.2329193502664566,3
21,head,0.20069975654284158,0.1992783397436142,0.24681894481182098,3
41,clavicle_l,0.20066342254479727,0.19971057772636414,0.2040834367275238,3
36,index_01_l,0.20050014307101569,0.18386325240135193,0.27377907633781434,3
56,RCalfTwist_02,0.20039507249991098,0.17558534443378448,0.23554629385471343,3
59,pinky_01_r,0.2003824363152186,0.19836990535259247,0.2639845222234726,3
14,spine_01,0.20024820417165756,0.23957107961177826,0.24146179854869843,3
85,spine_02,0.19984849294026694,0.20157982409000397,0.24984484016895295,3
43,clavicle_l,0.19968360165754953,0.20873408019542694,0.2208672970533371,3
83,clavicle_r,0.19964140901962915,0.237606942653656,0.24514132738113403,3
82,RCalfTwist_01,0.199505515396595,0.18847760558128357,0.2809913337230682,3
64,clavicle_l,0.19946989913781485,0.20158569514751434,0.20722618997097014,3
76,index_01_r,0.19946444034576416,0.20942378044128418,0.21828184127807618,3
24,R_ForeTwist_01,0.1994588871796926,0.18564465641975403,0.2402266800403595,3
40,RUpArmTwist_r_01,0.19945700963338217,0.20514820516109467,0.2078844875097275,3
53,RCalfTwist_02,0.19941502064466476,0.16871175169944763,0.32010342478752135,3
7,RUpArmTwist_l_02,0.1993825783332189,0.26194554567337036,0.27004772424697876,3
15,LCalfTwist_03,0.19934292634328207,0.16810141503810883,0.27210454642772675,3
85,spine_01,0.19918918857971826,0.1677328497171402,0.3168667584657669,3
1,Bip001,0.19899559020996094,0.20685981214046478,0.20888552367687224,3
49,R_ForeTwist_01,0.1989794224500656,0.20032386481761932,0.22841140925884246,3
81,index_01_l,0.19891873002052307,0.1943991780281067,0.22662581205368043,3
27,spine_02,0.19889099895954132,0.19111251831054688,0.219132399559021,3
44,index_01_l,0.19886618852615356,0.21894724667072296,0.25663177073001864,3
10,LCalfTwist_02,0.1987591584523519,0.21228483319282532,0.22598806023597717,3
77,R_ForeTwist_01,0.19865245123704275,0.1908232867717743,0.21300967335700988,3
40,pinky_01_r,0.19851945837338766,0.19094009697437286,0.21877954304218292,3
17,spine_02,0.19843020041783652,0.2128055989742279,0.2858210265636444,3
32,LCalfTwist_03,0.1984237531820933,0.21195431053638458,0.2188528448343277,3
72,index_01_l,0.19840886195500693,0.19692273437976837,0.23089005053043365,3
78,clavicle_l,0.19836760063966116,0.19233620166778564,0.21644535064697265,3
41,hand_l,0.19828646133343378,0.21602512896060944,0.2467539817094803,3
51,ball_l,0.19827096660931906,0.17739669978618622,0.26352921426296233,3
81,pinky_01_l,0.19817263881365457,0.19111619889736176,0.2181452363729477,3
70,clavicle_l,0.19807972013950348,0.17684487998485565,0.2481823295354843,3
57,pinky_01_r,0.1978177105387052,0.2280082255601883,0.25430201590061186,3
27,head,0.1976382980744044,0.17197003960609436,0.24908810257911682,3
35,hand_l,0.19763522843519846,0.17869652807712555,0.24176903069019318,3
26,spine_02,0.19753210743268332,0.22997765243053436,0.24509017169475555,3
25,LCalfTwist_01,0.19745564957459769,0.19216832518577576,0.2187598764896393,3
10,R_ForeTwist_01,0.19724259277184805,0.19099383056163788,0.22267402112483978,3
51,head,0.1970941498875618,0.22807642817497253,0.25536879897117615,3
52,spine_01,0.1969712326924006,0.20183376967906952,0.23216697871685027,3
33,LCalfTwist_02,0.19683371484279633,0.20986005663871765,0.23136605620384215,3
33,clavicle_l,0.19681561986605325,0.18723569810390472,0.22500369250774382,3
21,R_ForeTwist_01,0.19679083923498789,0.1841929405927658,0.21880973279476165,3
46,index_01_r,0.19678478439648947,0.18928760290145874,0.21909115314483643,3
80,ball_l,0.19668090343475342,0.1991295963525772,0.20996158421039582,3
11,hand_l,0.19658095637957254,0.1778133511543274,0.22962934970855714,3
85,index_01_l,0.19630971302588782,0.19431278109550476,0.2555424630641937,3
79,index_01_r,0.19628039995829263,0.19219164550304413,0.22254339158535003,3
1,RUpArmTwist_l_02,0.19617582112550735,0.22871825098991394,0.2564652383327484,3
5,Bip001,0.19610252479712167,0.19153247773647308,0.21264201104640962,3
12,spine_01,0.19606682658195496,0.1858838051557541,0.2419799894094467,3
78,Bip001,0.1959572583436966,0.21258445084095,0.2360614210367203,3
4,RUpArmTwist_r_02,0.19572286556164423,0.19425605237483978,0.2839575260877609,3
52,LCalfTwist_03,0.19565395514170328,0.20420598983764648,0.21142876148223877,3
6,clavicle_r,0.19559441010157266,0.18693944811820984,0.23990818858146667,3
77,RUpArmTwist_r_02,0.19534693161646524,0.14403367042541504,0.27379939556121824,3
68,pinky_01_r,0.19532551864782968,0.16413584351539612,0.24545069336891176,3
58,Bip001,0.19529521216948828,0.2018972486257553,0.2532477110624313,3
27,LCalfTwist_01,0.19528239965438843,0.18972988426685333,0.23996180593967437,3
37,index_01_l,0.19527452687422434,0.17179782688617706,0.26672946512699125,3
63,RUpArmTwist_r_02,0.19524846971035004,0.1883312165737152,0.2258491814136505,3
67,R_ForeTwist_01,0.19522098203500113,0.19558532536029816,0.20641371309757234,3
56,spine_02,0.19510417928298315,0.19054707884788513,0.2940891683101654,3
69,clavicle_l,0.19489156206448874,0.19623561203479767,0.23852548897266387,3
61,clavicle_r,0.19488008817036948,0.17586544156074524,0.22234074473381044,3
49,spine_02,0.19455912709236145,0.14813749492168427,0.31576329171657563,3
20,calf_r,0.19449969132741293,0.14118991792201996,0.2949786394834518,3
75,R_ForeTwist_01,0.1944892257452011,0.21448488533496857,0.22306857407093048,3
82,RUpArmTwist_r_02,0.19448466102282205,0.1993534117937088,0.24416450560092925,3
73,RCalfTwist_02,0.1943876494963964,0.1738177388906479,0.25701667964458463,3
16,index_01_l,0.1943039745092392,0.20889820158481598,0.25331583321094514,3
12,clavicle_l,0.19419935594002405,0.20397834479808807,0.2484478086233139,3
77,pinky_01_r,0.19417369117339453,0.23613756895065308,0.2555834174156189,3
45,spine_01,0.19410553574562073,0.19887351989746094,0.2357588529586792,3
71,ball_r,0.19407897690931955,0.18960216641426086,0.21300598978996277,3
1,head,0.19386538366476694,0.14071352779865265,0.27994164526462556,3
67,ball_r,0.1936975121498108,0.203341543674469,0.2184677839279175,3
57,head,0.19358566155036291,0.17760857939720154,0.28233022093772886,3
8,spine_02,0.1935632030169169,0.1712302267551422,0.31058853268623354,3
51,clavicle_l,0.19341609378655752,0.19115050137043,0.2022543579339981,3
27,LCalfTwist_02,0.19330008824666342,0.18786539137363434,0.24709234535694122,3
35,calf_r,0.19329867760340372,0.22946713864803314,0.25077333152294157,3
60,spine_02,0.19311032692591348,0.18928952515125275,0.21832354366779327,3
50,index_01_r,0.19309108952681223,0.1945190578699112,0.21569755375385286,3
84,hand_l,0.19306892653306326,0.1664966344833374,0.23820006847381592,3
65,ball_l,0.19299431641896567,0.1675705760717392,0.24494187533855438,3
13,R_ForeTwist_01,0.19275071223576865,0.19958719611167908,0.22127843499183655,3
84,clavicle_r,0.19267990812659264,0.2399364709854126,0.27500524520874026,3
83,index_01_r,0.19252604246139526,0.21426407992839813,0.22812767922878266,3
10,RUpArmTwist_l_02,0.19248990714550018,0.15691938996315002,0.33421536087989806,3
40,LCalfTwist_01,0.19244115302960077,0.2047549933195114,0.24290595948696136,3
47,lowerarm_r,0.19239683697621027,0.1918511539697647,0.26147554218769076,3
57,R_ForeTwist_01,0.19234835108121237,0.19442780315876007,0.23231371939182283,3
12,pinky_01_r,0.19217747946580252,0.17458125948905945,0.22138543725013732,3
44,index_01_r,0.19198037187258402,0.21057471632957458,0.21671764254570008,3
2,index_01_r,0.19195100665092468,0.20739002525806427,0.216118922829628,3
46,foot_r,0.1918656826019287,0.204972043633461,0.25020935833454133,3
37,spine_02,0.1918573578198751,0.1964244544506073,0.2054232895374298,3
25,RUpArmTwist_r_01,0.19174621005853018,0.16609236598014832,0.25915133357048037,3
38,pinky_01_r,0.1917234261830648,0.1803852915763855,0.21721521615982056,3
75,head,0.19164077627162138,0.2676776051521301,0.28209298849105835,3
53,index_01_l,0.19162829220294952,0.20318494737148285,0.23937048614025117,3
50,RUpArmTwist_l_02,0.19156367083390555,0.15930108726024628,0.2425689548254013,3
40,calf_r,0.19138257453838983,0.2544672191143036,0.2710509479045868,3
49,clavicle_l,0.19127465784549713,0.186524897813797,0.22874669432640077,3
23,clavicle_l,0.19121846929192543,0.23110903799533844,0.2931270867586136,3
75,Bip001,0.19118653237819672,0.2017257660627365,0.22479099929332733,3
80,index_01_r,0.1910930871963501,0.17355163395404816,0.22017681896686553,3
47,calf_r,0.1910154571135839,0.20233319699764252,0.2153105467557907,3
78,R_ForeTwist_01,0.19097618758678436,0.19160981476306915,0.19471700489521027,3
38,calf_r,0.19092963387568793,0.2493225783109665,0.25189941823482515,3
77,clavicle_l,0.19090166687965393,0.18525120615959167,0.20046953558921815,3
9,index_01_l,0.19079208374023438,0.19463784992694855,0.21103715002536774,3
68,R_ForeTwist_01,0.19069978098074594,0.2068541944026947,0.20736578106880188,3
11,head,0.1905779391527176,0.2066182643175125,0.2174796611070633,3
23,pinky_01_r,0.19055973986784616,0.1735936552286148,0.21493641436100006,3
45,Bip001,0.19055051108201346,0.17614352703094482,0.23742308616638183,3
65,spine_02,0.19044395784536997,0.15312419831752777,0.30051650702953336,3
48,spine_02,0.19038952887058258,0.17185066640377045,0.24925126731395722,3
17,LCalfTwist_01,0.1903283471862475,0.13059671223163605,0.29652680456638336,3
36,RCalfTwist_03,0.1902593473593394,0.16341443359851837,0.27783545553684236,3
30,R_ForeTwist_01,0.1902169088522593,0.15894997119903564,0.2671405792236328,3
49,spine_01,0.18989464143911997,0.19224683940410614,0.19681027829647063,3
31,Bip001,0.1895581086476644,0.21595658361911774,0.21615449488162994,3
38,LCalfTwist_01,0.1894886295000712,0.1629238873720169,0.23031896650791167,3
76,ball_r,0.18940691153208414,0.17167435586452484,0.23629212081432344,3
54,index_01_l,0.18922867874304453,0.1796051263809204,0.22126495838165283,3
20,index_01_l,0.1891383777062098,0.19181379675865173,0.23139306902885437,3
46,head,0.18908209602038065,0.162180557847023,0.2435677081346512,3
12,index_01_l,0.18905483186244965,0.18434777855873108,0.21648748517036437,3
28,LCalfTwist_03,0.18892382085323334,0.21378350257873535,0.23856245279312133,3
48,index_01_l,0.18891548862059912,0.17523661255836487,0.25433760285377505,3
2,clavicle_r,0.1889012542863687,0.2150133103132248,0.2744277328252792,3
63,RCalfTwist_03,0.18889460961023966,0.16421934962272644,0.25709170699119566,3
6,RUpArmTwist_l_02,0.18888166546821594,0.2549155652523041,0.27056028246879577,3
59,clavicle_l,0.1888385464747747,0.18809224665164948,0.19575213491916657,3
71,index_01_l,0.18867127597332,0.16371096670627594,0.25767071545124054,3
74,RCalfTwist_03,0.18856043120225272,0.18836228549480438,0.1942879170179367,3
0,Bip001,0.18847005814313889,0.1791551560163498,0.25385676324367523,3
55,clavicle_r,0.1883393625418345,0.19790346920490265,0.2390777736902237,3
83,R_ForeTwist_01,0.18832120796044668,0.17850176990032196,0.22005623281002046,3
21,pinky_01_r,0.18807401756445566,0.18672695755958557,0.20992618203163146,3
73,spine_02,0.18774650990962982,0.19129729270935059,0.25913429260253906,3
75,RUpArmTwist_r_02,0.18773886313041052,0.1210344061255455,0.28745234459638597,3
12,RUpArmTwist_l_02,0.1876720537741979,0.12532877922058105,0.2752932071685791,3
34,index_01_l,0.18758295476436615,0.17353272438049316,0.2718566656112671,3
78,index_01_r,0.18751487135887146,0.19127939641475677,0.20564572513103485,3
80,RUpArmTwist_l_02,0.18745428323745728,0.1916530281305313,0.2357085019350052,3
80,hand_l,0.18716741601626077,0.20547699928283691,0.23080250024795532,3
71,RCalfTwist_03,0.18707515796025595,0.18277427554130554,0.19773884415626525,3
84,LCalfTwist_03,0.1869300256172816,0.1797141134738922,0.255126029253006,3
2,RCalfTwist_01,0.18674724052349725,0.21366937458515167,0.256901279091835,3
32,hand_l,0.18638443450133005,0.21971949934959412,0.22068342566490173,3
58,R_ForeTwist_01,0.18627159297466278,0.20221686363220215,0.22283973693847656,3
43,hand_l,0.18613566954930624,0.16477131843566895,0.22442134618759155,3
52,head,0.18613414963086447,0.1952880173921585,0.24629477560520172,3
11,LCalfTwist_03,0.18612775454918543,0.22358649969100952,0.22522639036178588,3
0,RCalfTwist_02,0.18611427148183188,0.14960035681724548,0.2401507318019867,3
56,RUpArmTwist_r_02,0.18567668894926706,0.2219385802745819,0.25886189341545107,3
31,index_01_l,0.1856443484624227,0.15525320172309875,0.2601338684558868,3
54,clavicle_l,0.18543082972367605,0.18124572932720184,0.21832357347011566,3
82,index_01_l,0.18536350627740225,0.1889089196920395,0.20716985166072846,3
82,clavicle_l,0.1853627860546112,0.1820463389158249,0.21085737645626068,3
20,clavicle_r,0.185149518152078,0.22054602205753326,0.2371774584054947,3
45,clavicle_r,0.18512539068857828,0.1609198898077011,0.23833305537700653,3
17,spine_01,0.18504797294735909,0.13984854519367218,0.32765325605869294,3
55,index_01_l,0.18500207861264548,0.18404792249202728,0.23793582618236542,3
7,RUpArmTwist_l_01,0.18494595090548197,0.2015371173620224,0.2147635191679001,3
31,LCalfTwist_02,0.18491552770137787,0.1911267787218094,0.22659378349781037,3
81,RUpArmTwist_l_01,0.18482685585816702,0.16052240133285522,0.22785121202468872,3
64,Bip001,0.1847123603026072,0.15534012019634247,0.23746674954891206,3
75,clavicle_r,0.18458401411771774,0.14944371581077576,0.2730699241161346,3
25,LCalfTwist_03,0.18449392169713974,0.13926324248313904,0.30879148840904236,3
73,index_01_l,0.18446242809295654,0.19725686311721802,0.22566965818405152,3
51,index_01_r,0.18439888954162598,0.18048495054244995,0.19516382217407227,3
32,calf_r,0.18427515774965286,0.19720330834388733,0.2347039043903351,3
45,R_ForeTwist_01,0.18422130992015204,0.18652576208114624,0.23150203227996827,3
33,spine_01,0.1842003439863523,0.21741744875907898,0.22157397866249084,3
6,pinky_01_r,0.18419593075911203,0.14983505010604858,0.233018958568573,3
77,clavicle_r,0.18403799583514532,0.18625792860984802,0.2509356915950775,3
59,index_01_l,0.1839148849248886,0.1737222820520401,0.22188687622547149,3
59,calf_r,0.18389854083458582,0.2049511969089508,0.218981009721756,3
28,head,0.18382912625869116,0.15965873003005981,0.2680692315101624,3
84,LCalfTwist_01,0.18380426863829294,0.20834214985370636,0.2159672886133194,3
76,RUpArmTwist_l_02,0.18377440671126047,0.13824985921382904,0.25051731765270235,3
2,RUpArmTwist_r_01,0.18370946248372397,0.19905920326709747,0.22120805084705353,3
34,RUpArmTwist_l_02,0.18363285437226295,0.21320484578609467,0.2711647242307663,3
47,index_01_l,0.1835150271654129,0.1872333288192749,0.2092808723449707,3
60,RCalfTwist_01,0.183474101126194,0.18744167685508728,0.2480773389339447,3
49,RUpArmTwist_l_02,0.1833323041598002,0.15578864514827728,0.28387543857097625,3
52,Bip001,0.18331068257490793,0.17023709416389465,0.2297453224658966,3
5,RUpArmTwist_r_01,0.18325394640366235,0.12229043990373611,0.3121386900544167,3
59,R_ForeTwist_01,0.18320580323537192,0.18059508502483368,0.2253158301115036,3
69,R_ForeTwist_01,0.1831356237332026,0.19690153002738953,0.20911192297935485,3
77,Bip001,0.18312942485014597,0.1831240952014923,0.20673033595085144,3
44,R_ForeTwist_01,0.18308866520722708,0.18656261265277863,0.22376669943332672,3
60,LCalfTwist_01,0.18305321534474692,0.13061027228832245,0.2565790742635727,3
44,pinky_01_r,0.18304223815600076,0.1863218992948532,0.18716436326503755,3
37,clavicle_r,0.18298550446828207,0.20628376305103302,0.2549644857645035,3
65,index_01_l,0.18275402237971625,0.1812479943037033,0.23963585793972014,3
70,RCalfTwist_01,0.18274867037932077,0.21162429451942444,0.24326327443122864,3
49,RCalfTwist_03,0.1825877626736959,0.16885046660900116,0.25502561032772064,3
24,pinky_01_r,0.18253384033838907,0.1645374894142151,0.21592005491256713,3
13,spine_01,0.18249813467264175,0.16123509407043457,0.28426270484924315,3
60,RUpArmTwist_l_02,0.1824446419874827,0.1822790950536728,0.21868859231472015,3
2,index_01_l,0.1824115589261055,0.1974315494298935,0.228162881731987,3
64,index_01_l,0.182346373796463,0.19103890657424927,0.21743899583816528,3
42,RUpArmTwist_l_02,0.18234344820181528,0.22653478384017944,0.25039743185043334,3
25,RUpArmTwist_r_02,0.18228215972582498,0.20908144116401672,0.21593669056892395,3
36,spine_02,0.18224919339021048,0.18883167207241058,0.21543794572353364,3
68,clavicle_l,0.18222323060035706,0.18391959369182587,0.20640922486782073,3
24,LCalfTwist_01,0.18220911423365274,0.1792503446340561,0.20763448178768157,3
66,clavicle_r,0.18215094258387884,0.20251503586769104,0.2268591344356537,3
51,LCalfTwist_01,0.18214755256970724,0.1690504401922226,0.21278811395168304,3
32,LCalfTwist_02,0.1821451485157013,0.18303121626377106,0.2193661004304886,3
78,RUpArmTwist_l_01,0.18213004867235819,0.17764419317245483,0.2277996063232422,3
78,RUpArmTwist_r_02,0.18206306298573813,0.17389419674873352,0.2402432978153229,3
78,clavicle_r,0.1820534666379293,0.19416543841362,0.202857905626297,3
73,R_ForeTwist_01,0.18166483441988626,0.1991763561964035,0.22378349006175996,3
78,RUpArmTwist_l_02,0.18147820979356766,0.2013896107673645,0.2533959746360779,3
47,clavicle_r,0.18131009737650552,0.1735377013683319,0.20284566283226013,3
7,RUpArmTwist_r_01,0.18108957260847092,0.2100270539522171,0.21263637840747834,3
75,RUpArmTwist_r_01,0.18108810732762018,0.16419923305511475,0.2629434108734131,3
11,calf_r,0.18108220646778742,0.18239115178585052,0.23026066720485688,3
66,spine_01,0.18091869354248047,0.13916786015033722,0.26367770731449125,3
8,pinky_01_r,0.1809007798631986,0.19747930765151978,0.22964314222335816,3
59,spine_01,0.1808594142397245,0.1925322264432907,0.2368376821279526,3
1,RUpArmTwist_r_02,0.18074544270833334,0.14634910225868225,0.2316010057926178,3
50,Bip001,0.1807362586259842,0.16200630366802216,0.21002058684825897,3
80,RUpArmTwist_l_01,0.18063540135820708,0.1971895694732666,0.2674751043319702,3
36,LCalfTwist_02,0.18057363231976828,0.1776544451713562,0.2135711431503296,3
18,R_ForeTwist_01,0.180546373128891,0.19912706315517426,0.20332385003566741,3
55,lowerarm_r,0.18033654491106668,0.18922343850135803,0.1940595805644989,3
29,RUpArmTwist_r_02,0.18033046027024588,0.1907825917005539,0.19118938148021697,3
75,LCalfTwist_02,0.1802142933011055,0.21542988717556,0.2261356681585312,3
61,calf_r,0.18018091470003128,0.17030087113380432,0.23703547120094298,3
82,LCalfTwist_03,0.18006827433904013,0.20200446248054504,0.24309261441230773,3
37,ball_l,0.18002386887868246,0.18424822390079498,0.18612608015537263,3
72,spine_01,0.17987552285194397,0.18766045570373535,0.23085944652557372,3
69,ball_l,0.17980403701464334,0.1838357150554657,0.2194684088230133,3
85,index_01_r,0.17976734042167664,0.17304512858390808,0.1950322687625885,3
75,spine_01,0.17971099664767584,0.23247987031936646,0.24094232320785522,3
60,LCalfTwist_02,0.17962122708559036,0.16278721392154694,0.25954449474811553,3
24,clavicle_l,0.17951248834530512,0.17981846630573273,0.2459397703409195,3
57,RCalfTwist_01,0.17945849895477295,0.2148222029209137,0.24701786637306214,3
39,spine_02,0.179397314786911,0.18905435502529144,0.218068727850914,3
51,RUpArmTwist_l_01,0.17930581917365393,0.19806991517543793,0.2416007250547409,3
63,RUpArmTwist_r_01,0.17922849456469217,0.15859544277191162,0.2187246322631836,3
42,index_01_l,0.1791984587907791,0.18104322254657745,0.20101785957813262,3
38,LCalfTwist_03,0.1791503851612409,0.20372667908668518,0.22929980158805846,3
52,ball_l,0.17912658055623373,0.17709842324256897,0.19674718976020814,3
38,clavicle_l,0.1789191079636415,0.2376089245080948,0.24778189957141877,3
6,spine_01,0.17882881810267767,0.1512899100780487,0.2677701413631439,3
34,RUpArmTwist_r_02,0.17842680712540945,0.17348678410053253,0.21550048887729645,3
49,RCalfTwist_01,0.1784172554810842,0.2075444757938385,0.23044392466545105,3
79,clavicle_l,0.17836259305477142,0.1669408679008484,0.21821906566619872,3
58,RUpArmTwist_r_02,0.1783484766880671,0.20509928464889526,0.21309610605239868,3
49,Bip001,0.1782058129707972,0.17146512866020203,0.1917666971683502,3
50,hand_l,0.1779622087876002,0.17383818328380585,0.20034928023815154,3
30,RCalfTwist_02,0.177690751850605,0.1579616367816925,0.2320545494556427,3
43,LCalfTwist_03,0.1775552680095037,0.19720414280891418,0.21477074027061463,3
45,LCalfTwist_01,0.1774550328652064,0.17786727845668793,0.1927588552236557,3
40,clavicle_l,0.17743906875451407,0.1777089387178421,0.1862978607416153,3
65,spine_01,0.1774347722530365,0.14526449143886566,0.2238309234380722,3
32,RUpArmTwist_l_02,0.17741993814706802,0.18734435737133026,0.24180127084255218,3
19,LCalfTwist_01,0.17738076051076254,0.13038131594657898,0.24568225741386415,3
46,RUpArmTwist_r_01,0.1773735135793686,0.17563025653362274,0.20030133426189423,3
35,LCalfTwist_03,0.17733021080493927,0.15315836668014526,0.21255282163619996,3
7,clavicle_r,0.17721200486024222,0.18849150836467743,0.22003996074199678,3
60,spine_01,0.17699545125166574,0.17724938690662384,0.1925130754709244,3
80,index_01_l,0.17697071532408395,0.16374190151691437,0.2199469357728958,3
71,RCalfTwist_02,0.1768038123846054,0.19198916852474213,0.2063314288854599,3
79,Bip001,0.17676836252212524,0.16095954179763794,0.2185501217842102,3
58,clavicle_r,0.17672825356324515,0.16556034982204437,0.206893989443779,3
25,R_ForeTwist_01,0.17662190894285837,0.20570364594459534,0.20677130818367004,3
6,LCalfTwist_01,0.17662058025598526,0.16428327560424805,0.22695891857147216,3
70,RCalfTwist_03,0.1765093853076299,0.15807801485061646,0.2125146985054016,3
3,Bip001,0.1764767418305079,0.14603526890277863,0.22758959829807282,3
19,clavicle_r,0.17646690706411997,0.17549434304237366,0.17988267540931702,3
73,spine_01,0.17609494179487228,0.18768861889839172,0.24223163723945618,3
35,RCalfTwist_02,0.17605571448802948,0.14663268625736237,0.23745539486408235,3
52,LCalfTwist_01,0.1760492374499639,0.16126851737499237,0.21443125903606414,3
27,Bip001,0.17595051229000092,0.16305230557918549,0.22289080321788787,3
80,Bip001,0.17576729506254196,0.2036585956811905,0.20948516428470612,3
49,index_01_l,0.1757087012132009,0.1742769330739975,0.17856157720088958,3
29,head,0.1756952553987503,0.1734343022108078,0.21633240878582,3
21,RUpArmTwist_r_01,0.17567318802078566,0.14153580367565155,0.2929625600576401,3
41,head,0.17553060253461203,0.1574605405330658,0.21765426993370057,3
17,Bip001,0.1755132128794988,0.16033662855625153,0.21299698650836946,3
65,RCalfTwist_03,0.17548943310976028,0.17829932272434235,0.2335389882326126,3
85,LCalfTwist_03,0.17537201195955276,0.20074915885925293,0.22244192361831666,3
29,index_01_l,0.17532838384310404,0.19200868904590607,0.22523970901966095,3
83,Bip001,0.1752415398756663,0.16430002450942993,0.21727204322814941,3
41,R_ForeTwist_01,0.17506244281927744,0.18613164126873016,0.2003670424222946,3
40,R_ForeTwist_01,0.17493520180384317,0.2025771588087082,0.20340770184993745,3
44,spine_01,0.17470459391673407,0.17354156076908112,0.22005969583988189,3
45,RUpArmTwist_r_01,0.17461464554071426,0.13482601940631866,0.27221592962741853,3
75,LCalfTwist_01,0.1745223750670751,0.19782646000385284,0.2470309168100357,3
59,Bip001,0.1745121031999588,0.14860138297080994,0.22394317984580994,3
66,Bip001,0.1742431844274203,0.1619407832622528,0.22268924117088318,3
71,R_ForeTwist_01,0.1741856336593628,0.16409802436828613,0.19391714334487914,3
1,clavicle_l,0.17416739215453467,0.17949549853801727,0.24713822305202485,3
41,RUpArmTwist_r_01,0.17414242774248123,0.13891689479351044,0.2404733270406723,3
71,LCalfTwist_03,0.17404495676358542,0.19402332603931427,0.20981669723987578,3
0,pinky_01_r,0.17402619868516922,0.15165863931179047,0.2629446715116501,3
9,RUpArmTwist_r_02,0.17387313147385916,0.17368432879447937,0.20197369456291198,3
63,spine_02,0.17385421444972357,0.14902912080287933,0.26451251208782195,3
43,index_01_l,0.1738011290629705,0.19306908547878265,0.20633699595928193,3
60,L_ForeTwist_01,0.17379134645064673,0.10422639548778534,0.3112698644399643,3
39,RCalfTwist_01,0.17367332677046457,0.16857554018497467,0.18927761614322663,3
79,R_ForeTwist_02,0.1735367774963379,0.16472125053405762,0.19311261177062988,3
23,LCalfTwist_03,0.17339067409435907,0.18747033178806305,0.23028819859027863,3
82,RCalfTwist_02,0.17329426109790802,0.16325415670871735,0.20033462345600128,3
3,LCalfTwist_03,0.17320074886083603,0.12850920855998993,0.25515006482601166,3
26,R_ForeTwist_01,0.17316685616970062,0.19316135346889496,0.22411145865917206,3
68,RCalfTwist_02,0.17315085728963217,0.10410650074481964,0.28551718294620515,3
22,RCalfTwist_02,0.17311656723419824,0.1379862129688263,0.2406189262866974,3
85,Bip001,0.17298786838849387,0.18300242722034454,0.22664888203144073,3
9,ball_r,0.17293682508170605,0.23092877864837646,0.2535412311553955,3
4,LCalfTwist_03,0.17280610650777817,0.16497887670993805,0.22996067106723786,3
8,spine_01,0.17275130252043405,0.15576012432575226,0.20413170158863067,3
4,hand_l,0.17264500757058462,0.16763219237327576,0.2196105420589447,3
39,RCalfTwist_02,0.17253616948922476,0.19559119641780853,0.19607820212841034,3
65,LCalfTwist_03,0.17240189015865326,0.1952824890613556,0.19605090022087096,3
47,Bip001,0.17203820745150247,0.17381736636161804,0.21221196055412292,3
46,index_01_l,0.17203237861394882,0.18561795353889465,0.20912619233131408,3
6,clavicle_l,0.17202198008696237,0.1416739821434021,0.22022414207458496,3
7,R_ForeTwist_01,0.1720215529203415,0.16772915422916412,0.17806619703769683,3
43,spine_02,0.17199301222960153,0.1788780838251114,0.2024576336145401,3
41,index_01_l,0.1719344953695933,0.1998230367898941,0.21219457685947418,3
17,RCalfTwist_02,0.17180123180150986,0.14150460064411163,0.25251218378543855,3
26,LCalfTwist_01,0.17179898917675018,0.16880261898040771,0.18202491998672485,3
54,RCalfTwist_02,0.17173481980959573,0.1668294072151184,0.18980439901351928,3
40,RUpArmTwist_r_02,0.1716910700003306,0.16085053980350494,0.189158895611763,3
44,spine_02,0.17165318876504898,0.17060960829257965,0.21878245174884797,3
17,R_ForeTwist_01,0.17162174979845682,0.1703057438135147,0.18172791302204133,3
72,clavicle_l,0.17152933279673258,0.17366982996463776,0.18909943401813506,3
50,index_01_l,0.17144141097863516,0.1811952292919159,0.18269736170768738,3
1,L_ForeTwist_02,0.17143132040898004,0.1322844922542572,0.24073209166526796,3
84,Bip001,0.17140998939673105,0.1455792784690857,0.2146512269973755,3
42,Bip001,0.1712782382965088,0.1757533699274063,0.20145930349826813,3
79,index_01_l,0.17127700398365656,0.14490346610546112,0.22642776668071748,3
44,LCalfTwist_01,0.17106017470359802,0.19133520126342773,0.20388578176498412,3
74,index_01_l,0.1709050089120865,0.1403757780790329,0.21475107371807098,3
56,R_ForeTwist_01,0.1708075851202011,0.14821355044841766,0.22122289836406708,3
84,RUpArmTwist_r_01,0.17059792826573053,0.07331579178571701,0.30719495862722396,3
13,Bip001,0.1705286204814911,0.1607184261083603,0.20829205214977264,3
2,ball_r,0.17047319809595743,0.19826248288154602,0.19865474104881287,3
61,index_01_l,0.17046368618806204,0.1656876504421234,0.2093333899974823,3
7,index_01_l,0.17045633494853973,0.17063628137111664,0.20630836188793183,3
34,R_ForeTwist_01,0.17039514084657034,0.15961304306983948,0.18757404685020446,3
1,RCalfTwist_02,0.17036806543668112,0.20351725816726685,0.21443402767181396,3
11,LCalfTwist_01,0.17009724428256354,0.19755226373672485,0.20894852876663209,3
70,RCalfTwist_02,0.17008847246567407,0.16868673264980316,0.21393016278743743,3
36,Bip001,0.17005676527818045,0.15987734496593475,0.20109791457653045,3
81,pinky_01_r,0.17001410822073618,0.13433459401130676,0.22049328684806824,3
66,RCalfTwist_02,0.17000830421845117,0.12662163376808167,0.27846348881721494,3
20,RCalfTwist_03,0.16999702155590057,0.1352609544992447,0.24578783810138702,3
46,R_ForeTwist_01,0.16998310387134552,0.15248164534568787,0.2070712625980377,3
81,RUpArmTwist_r_02,0.16997278233369192,0.13211746513843536,0.2523907572031021,3
29,Bip001,0.16982372601826987,0.1585235297679901,0.20240731835365294,3
29,LCalfTwist_01,0.16979558517535528,0.18951904773712158,0.19954534769058227,3
2,R_ForeTwist_01,0.1697605550289154,0.16073207557201385,0.18579408824443816,3
70,LCalfTwist_03,0.16974605868260065,0.21717604994773865,0.2200238049030304,3
20,spine_01,0.16968959321578345,0.08139566332101822,0.30304961949586867,3
78,spine_02,0.1696245719989141,0.1563694030046463,0.21604428589344024,3
37,RCalfTwist_03,0.16952953984340033,0.1531187742948532,0.25005234181880953,3
21,R_ForeTwist_02,0.16947162648042044,0.1813971996307373,0.18659790754318237,3
2,RCalfTwist_03,0.16946622480948767,0.1799067109823227,0.20715295970439912,3
81,spine_01,0.16937744865814844,0.17424972355365753,0.25638114511966703,3
45,index_01_l,0.16927900413672128,0.18076397478580475,0.18841698467731477,3
9,R_ForeTwist_01,0.16922898590564728,0.1828375905752182,0.18537162244319916,3
82,LCalfTwist_02,0.16904383401075998,0.17106196284294128,0.1872888386249542,3
19,index_01_l,0.169000543653965,0.1392650157213211,0.22402370274066927,3
85,LCalfTwist_02,0.16893020272254944,0.20190507173538208,0.20472365617752075,3
82,spine_02,0.16880936175584793,0.15433548390865326,0.25398370921611785,3
70,R_ForeTwist_01,0.16878126561641693,0.1737412065267563,0.18286628425121307,3
39,clavicle_r,0.16877506176630655,0.17201752960681915,0.18869927227497102,3
50,LCalfTwist_03,0.16875688234965006,0.13239972293376923,0.23244181573390962,3
79,spine_02,0.1686964531739553,0.17219260334968567,0.2130934178829193,3
51,LCalfTwist_03,0.1681805153687795,0.16583575308322906,0.17637236416339874,3
2,Bip001,0.16817817588647208,0.17090345919132233,0.17750236093997956,3
33,RUpArmTwist_r_02,0.16814147680997849,0.19490918517112732,0.22428200840950013,3
26,spine_01,0.16803987324237823,0.18709217011928558,0.20123234689235686,3
85,RUpArmTwist_r_01,0.167972169816494,0.13887913525104523,0.24789458811283113,3
6,hand_l,0.16754958033561707,0.14433452486991882,0.2096365511417389,3
65,clavicle_r,0.16753109296162924,0.1703319400548935,0.23025725781917572,3
81,clavicle_l,0.16750014324982962,0.17628097534179688,0.19103291034698486,3
62,index_01_l,0.16748604675134024,0.17960591614246368,0.19844991266727446,3
23,LCalfTwist_01,0.16745398938655853,0.1494954228401184,0.20804649591445923,3
33,LCalfTwist_01,0.16744994620482126,0.1564568281173706,0.1960700511932373,3
6,LCalfTwist_02,0.16738305737574896,0.19804008305072784,0.20548661053180695,3
51,RUpArmTwist_l_02,0.1673770621418953,0.19140873849391937,0.20837137401103972,3
82,RUpArmTwist_r_01,0.16736923779050508,0.22939294576644897,0.24866710901260375,3
65,LCalfTwist_01,0.1673103148738543,0.1439143717288971,0.2175662100315094,3
0,LCalfTwist_01,0.16727842390537262,0.15812188386917114,0.19952502250671386,3
43,Bip001,0.16692467530568442,0.16658654808998108,0.17701055407524108,3
46,spine_02,0.1668609231710434,0.16087183356285095,0.18587698340415953,3
78,index_01_l,0.16681746890147528,0.1302908957004547,0.24503615498542786,3
54,R_ForeTwist_01,0.16662269830703735,0.16388912498950958,0.20567771494388581,3
67,RCalfTwist_02,0.1664215549826622,0.10763794928789139,0.27229663282632827,3
20,R_ForeTwist_01,0.1662530650695165,0.16190126538276672,0.17336605191230775,3
37,RCalfTwist_01,0.16620898246765137,0.13478827476501465,0.21440999507904052,3
85,RCalfTwist_01,0.16613308091958365,0.16637130081653595,0.19707180559635162,3
74,Bip001,0.1659476781884829,0.19703541696071625,0.2001897782087326,3
65,Bip001,0.16558152933915457,0.1679178774356842,0.2158930003643036,3
84,index_01_l,0.16551335652669272,0.16783557832241058,0.18483760058879853,3
7,RCalfTwist_01,0.1654492715994517,0.17602746188640594,0.20289169251918793,3
19,Bip001,0.16543126106262207,0.16428153216838837,0.18019212186336517,3
84,L_ForeTwist_01,0.1654046873251597,0.10885528475046158,0.24574123173952103,3
53,RUpArmTwist_r_02,0.1652994342148304,0.1711353063583374,0.24566514492034913,3
60,RUpArmTwist_r_02,0.1652990405758222,0.16251195967197418,0.22634569704532623,3
52,RUpArmTwist_r_02,0.1652467387417952,0.14797882735729218,0.27582567632198335,3
82,Bip001,0.1652251531680425,0.1653781533241272,0.19049159288406373,3
67,LCalfTwist_02,0.16516134639581045,0.1741776019334793,0.1769491344690323,3
70,LCalfTwist_02,0.16511549552281699,0.18124862015247345,0.1860504537820816,3
74,RUpArmTwist_r_02,0.16511322557926178,0.19219376146793365,0.197966530919075,3
6,index_01_l,0.16505472362041473,0.2129686325788498,0.21425147950649262,3
14,Bip001,0.16503595560789108,0.1323118805885315,0.24261077642440795,3
52,index_01_l,0.16491596649090448,0.18187053501605988,0.19359115660190582,3
77,spine_02,0.16485352317492166,0.1454525738954544,0.2513158231973648,3
65,RUpArmTwist_r_02,0.1648112361629804,0.18267890810966492,0.1874127447605133,3
32,RCalfTwist_02,0.16480800757805505,0.17071183025836945,0.23447422087192535,3
62,clavicle_r,0.16472240537405014,0.1757928878068924,0.19104649126529694,3
66,hand_l,0.16456050425767899,0.1777884066104889,0.21169835925102234,3
71,Bip001,0.16437944024801254,0.1453608274459839,0.2364649295806885,3
23,RUpArmTwist_r_02,0.16436419387658438,0.18543876707553864,0.1999473363161087,3
24,RCalfTwist_01,0.16432125369707742,0.173111692070961,0.19206128418445587,3
5,LCalfTwist_02,0.16431612024704614,0.1914825588464737,0.21070561707019805,3
47,RUpArmTwist_r_01,0.16416827837626138,0.160075843334198,0.22218072414398193,3
32,Bip001,0.1639057199160258,0.1577342301607132,0.19055239260196685,3
39,LCalfTwist_03,0.16381263236204782,0.08047009259462357,0.2883070006966591,3
16,LCalfTwist_02,0.16370910902818045,0.19624286890029907,0.21076321601867676,3
5,clavicle_l,0.16369277238845825,0.15087847411632538,0.1967368930578232,3
8,clavicle_l,0.16367878516515097,0.17016597092151642,0.1801829844713211,3
75,index_01_l,0.16358538220326105,0.17887955904006958,0.21432560682296753,3
68,LCalfTwist_02,0.16351543615261713,0.14567714929580688,0.2054896593093872,3
12,Bip001,0.16339549918969473,0.164810448884964,0.1784563958644867,3
58,spine_02,0.16333319246768951,0.16120368242263794,0.1834494352340698,3
8,RCalfTwist_03,0.16332156707843146,0.14586812257766724,0.20673351287841796,3
18,index_01_l,0.16320318231980005,0.19211164116859436,0.20335184931755065,3
33,RCalfTwist_02,0.16319565723339716,0.16565610468387604,0.21510398685932158,3
69,spine_01,0.16315004974603653,0.11862047016620636,0.24380668699741365,3
15,Bip001,0.16309785346190134,0.13621462881565094,0.21224521696567536,3
43,LCalfTwist_01,0.16283118228117624,0.15544569492340088,0.17984060049057007,3
8,Bip001,0.16278713196516037,0.17223744094371796,0.19631629884243013,3
47,head,0.16277177880207697,0.17453472316265106,0.20169055163860322,3
11,L_ForeTwist_02,0.1626764883597692,0.17246820032596588,0.17529598772525787,3
71,clavicle_l,0.1626186321179072,0.187542125582695,0.19903418719768523,3
11,RCalfTwist_03,0.16260256866614023,0.15313318371772766,0.18292253613471984,3
5,LCalfTwist_01,0.16253059109052023,0.1724722981452942,0.18472058773040773,3
21,LCalfTwist_03,0.1623829777042071,0.20452484488487244,0.21369187235832215,3
68,LCalfTwist_01,0.16237594187259674,0.17783647775650024,0.19174747467041015,3
72,Bip001,0.16235719124476114,0.14560572803020477,0.21429408490657806,3
39,R_ForeTwist_01,0.1623057723045349,0.1448204517364502,0.1913033604621887,3
11,RUpArmTwist_r_02,0.16220964988072714,0.184449702501297,0.18546482920646667,3
35,RUpArmTwist_r_02,0.16209701697031656,0.19155631959438324,0.1965935319662094,3
39,L_ForeTwist_02,0.1619842747847239,0.14429780840873718,0.193046373128891,3
69,Bip001,0.1619258945186933,0.12237059324979782,0.24319026321172715,3
67,Bip001,0.161923718949159,0.14208249747753143,0.2143644779920578,3
82,LCalfTwist_01,0.1619218091169993,0.17054231464862823,0.1789640575647354,3
46,clavicle_r,0.16181993732849756,0.16487090289592743,0.20195809304714202,3
43,RCalfTwist_03,0.1617426797747612,0.13005071878433228,0.23552056550979614,3
6,Bip001,0.16160782178243002,0.15421053767204285,0.2208255112171173,3
65,RCalfTwist_02,0.16159899036089578,0.09969399124383926,0.2601658061146736,3
40,Bip001,0.1614984522263209,0.17713528871536255,0.1808834195137024,3
11,index_01_l,0.16142658268411955,0.2177274525165558,0.22972998023033142,3
60,R_ForeTwist_01,0.1613675281405449,0.17383411526679993,0.19395790696144105,3
5,RCalfTwist_03,0.1612687905629476,0.16197292506694794,0.1780329316854477,3
58,lowerarm_r,0.16123746832211813,0.13926219940185547,0.2055008053779602,3
84,calf_r,0.16109934945901236,0.15984268486499786,0.1630691796541214,3
71,LCalfTwist_01,0.16099144518375397,0.16050472855567932,0.1718556821346283,3
17,LCalfTwist_02,0.16095347702503204,0.1605987250804901,0.1807010591030121,3
49,LCalfTwist_03,0.16094601775209108,0.19743916392326355,0.22040147185325623,3
72,R_ForeTwist_01,0.16087094694375992,0.1769835650920868,0.1902729094028473,3
16,LCalfTwist_03,0.1608408143122991,0.1766730546951294,0.1966750741004944,3
61,RCalfTwist_01,0.16071926057338715,0.18199551105499268,0.22663921117782593,3
69,RCalfTwist_02,0.1607164740562439,0.1008136123418808,0.26810385882854465,3
33,Bip001,0.16070674856503805,0.14131543040275574,0.2058165729045868,3
28,LCalfTwist_01,0.1606839249531428,0.1771545112133026,0.1818266212940216,3
67,LCalfTwist_01,0.16068041572968164,0.18124088644981384,0.18752763867378236,3
22,RUpArmTwist_r_02,0.16062546521425247,0.19223448634147644,0.20759716629981995,3
54,RCalfTwist_03,0.16039900481700897,0.17463771998882294,0.19007392823696137,3
73,RCalfTwist_03,0.16034882267316183,0.14814624190330505,0.18635788559913635,3
69,LCalfTwist_01,0.1603087236483892,0.16649281978607178,0.1803540587425232,3
4,spine_01,0.16021100183327994,0.15601836144924164,0.262601038813591,3
25,spine_01,0.1601515511671702,0.14311383664608002,0.23983263671398164,3
43,RUpArmTwist_l_02,0.1601076970497767,0.21245677769184113,0.2187333732843399,3
76,spine_02,0.16005002707242966,0.11058066040277481,0.24192790538072587,3
38,Bip001,0.16002392520507178,0.17588333785533905,0.1791902154684067,3
45,clavicle_l,0.16000203291575113,0.18434233963489532,0.19424079954624177,3
45,LCalfTwist_03,0.15998873859643936,0.14249055087566376,0.22362788617610932,3
4,index_01_l,0.1599856118361155,0.16143621504306793,0.18761403858661652,3
64,LCalfTwist_01,0.15995163222153982,0.14567255973815918,0.1954673171043396,3
34,RCalfTwist_02,0.15989424039920172,0.19085940718650818,0.2132531225681305,3
84,RUpArmTwist_r_02,0.15969810634851456,0.11847633123397827,0.2275534749031067,3
10,index_01_l,0.15961184352636337,0.16261474788188934,0.21734622418880462,3
81,Bip001,0.15958249072233835,0.14369703829288483,0.1917592316865921,3
37,Bip001,0.15941095600525537,0.14142802357673645,0.19990434050559996,3
66,L_ForeTwist_01,0.15937934319178262,0.16141925752162933,0.16243672072887422,3
74,clavicle_r,0.15919471780459085,0.1600736826658249,0.19915792644023894,3
17,L_ForeTwist_01,0.15895604714751244,0.19950389862060547,0.2160380482673645,3
35,Bip001,0.1589042271176974,0.13464362919330597,0.2006624609231949,3
10,spine_01,0.15888551622629166,0.15631255507469177,0.19889751076698303,3
9,RCalfTwist_03,0.15883751710255942,0.15916526317596436,0.23315784931182862,3
76,R_ForeTwist_01,0.15877858301003775,0.15473414957523346,0.16819727718830108,3
53,Bip001,0.15851726631323496,0.17077144980430603,0.21182263493537903,3
38,L_ForeTwist_02,0.15846300621827444,0.15900948643684387,0.16656387448310853,3
50,L_ForeTwist_01,0.15845797210931778,0.18086425960063934,0.18652189671993255,3
68,RUpArmTwist_r_02,0.15844965477784476,0.15765823423862457,0.17583804428577424,3
70,LCalfTwist_01,0.15808028479417166,0.15286049246788025,0.18239986300468444,3
3,L_ForeTwist_02,0.1580358495314916,0.16612756252288818,0.17536602020263672,3
8,LCalfTwist_03,0.15799333155155182,0.14996337890625,0.2178802967071533,3
0,R_ForeTwist_01,0.1579490378499031,0.1591654270887375,0.1959440678358078,3
58,index_01_l,0.1578099007407824,0.17626629769802094,0.19878166615962983,3
45,head,0.1577457245439291,0.2227494865655899,0.2230106145143509,3
48,R_ForeTwist_01,0.1576918512582779,0.15838411450386047,0.17103807330131532,3
12,LCalfTwist_01,0.15760686248540878,0.12155618518590927,0.21721324175596238,3
76,Bip001,0.15760305523872375,0.18030120432376862,0.1804986983537674,3
9,spine_01,0.15750646591186523,0.16945062577724457,0.19284016788005828,3
41,RCalfTwist_03,0.15746179719765982,0.14491592347621918,0.18003738820552825,3
73,L_ForeTwist_01,0.15745187799135843,0.16748739778995514,0.17122046053409576,3
85,LCalfTwist_01,0.15742391844590506,0.15104404091835022,0.16961039900779723,3
76,index_01_l,0.15732166171073914,0.13598892092704773,0.22031645178794862,3
60,L_ForeTwist_02,0.15720108151435852,0.15249992907047272,0.16571084558963775,3
10,hand_l,0.15701574832201004,0.19100284576416016,0.20629260540008545,3
46,LCalfTwist_01,0.15692777434984842,0.157595694065094,0.16192302703857422,3
62,spine_01,0.15667453904946646,0.14926795661449432,0.19259725511074066,3
64,LCalfTwist_03,0.15666205684343973,0.1790270060300827,0.2117573469877243,3
74,R_ForeTwist_01,0.15662995974222818,0.1443656086921692,0.18692013025283813,3
15,RUpArmTwist_r_02,0.15658638129631677,0.16868677735328674,0.1996627390384674,3
50,spine_01,0.15652656058470407,0.17676782608032227,0.1782419800758362,3
24,L_ForeTwist_02,0.15643486380577087,0.15884456038475037,0.17200918793678283,3
48,RCalfTwist_02,0.1562463790178299,0.14964136481285095,0.18365450501441954,3
16,RCalfTwist_02,0.15621193995078406,0.10397589951753616,0.2552396789193153,3
12,RCalfTwist_01,0.1562094191710154,0.1575092077255249,0.17574437856674194,3
39,Bip001,0.15597969541947046,0.146428644657135,0.19551692008972169,3
21,LCalfTwist_01,0.15597824503978094,0.10579624027013779,0.23790092915296557,3
13,RUpArmTwist_r_02,0.1558791622519493,0.15743963420391083,0.18668987452983857,3
73,LCalfTwist_02,0.1557972008983294,0.1445368081331253,0.20272171795368193,3
10,L_ForeTwist_02,0.1556305487950643,0.15341654419898987,0.19015659689903258,3
30,RCalfTwist_03,0.15557021647691727,0.11903245747089386,0.22205610573291779,3
25,RCalfTwist_02,0.15555989493926367,0.1310003250837326,0.21464003026485443,3
81,RCalfTwist_03,0.1554242024819056,0.1464393138885498,0.2162245273590088,3
68,Bip001,0.15538169691960016,0.11131603270769119,0.2305939093232155,3
52,LCalfTwist_02,0.1552551289399465,0.16247133910655975,0.1652128666639328,3
19,RCalfTwist_02,0.15513622015714645,0.12180858105421066,0.22217005342245102,3
11,RCalfTwist_02,0.15511666983366013,0.13963299989700317,0.22365853786468506,3
61,RUpArmTwist_r_01,0.15510853628317514,0.1560516208410263,0.17143648564815522,3
84,RCalfTwist_02,0.1550817166765531,0.12677454948425293,0.21540933847427368,3
70,Bip001,0.15507837881644568,0.12016872316598892,0.22688117772340774,3
85,R_ForeTwist_01,0.15507534394661585,0.16747057437896729,0.19837597608566285,3
60,index_01_l,0.15503508845965067,0.1412724256515503,0.17467182874679565,3
73,R_ForeTwist_02,0.15500830113887787,0.10712168365716934,0.2284622386097908,3
20,RUpArmTwist_r_02,0.1549703280131022,0.1906130164861679,0.21038704812526704,3
57,RCalfTwist_02,0.15493230521678925,0.17408205568790436,0.1762388378381729,3
25,Bip001,0.1549073482553164,0.14093662798404694,0.19439001381397247,3
39,pinky_01_r,0.15484200914700827,0.15775738656520844,0.16661867797374724,3
83,LCalfTwist_01,0.1546794374783834,0.1429293155670166,0.17204140424728392,3
16,RCalfTwist_01,0.15461858858664831,0.15724565088748932,0.18349793255329133,3
20,Bip001,0.15451617042223612,0.14702410995960236,0.17670163214206697,3
21,RCalfTwist_01,0.15450998147328696,0.13929477334022522,0.17686064839363097,3
1,LCalfTwist_01,0.15450986474752426,0.1651884764432907,0.190768238902092,3
4,L_ForeTwist_01,0.1545048952102661,0.12964370846748352,0.21397921442985535,3
47,spine_02,0.15447691331307092,0.17000067234039307,0.17298455238342286,3
46,spine_01,0.15442186345656714,0.1385677605867386,0.19117843210697175,3
41,Bip001,0.15429115543762842,0.1671649068593979,0.1788623422384262,3
77,index_01_l,0.15417295694351196,0.16021353006362915,0.16220030784606934,3
26,Bip001,0.15412448346614838,0.1477953940629959,0.2107439309358597,3
37,R_ForeTwist_01,0.1539519876241684,0.15028487145900726,0.16220674216747283,3
55,spine_02,0.1536635309457779,0.1449669748544693,0.17863133251667024,3
33,LCalfTwist_03,0.1535201072692871,0.11657924205064774,0.23521322160959243,3
8,RCalfTwist_01,0.15348584949970245,0.18235790729522705,0.1837648034095764,3
51,L_ForeTwist_01,0.15346806993087134,0.16773630678653717,0.18568836748600007,3
62,LCalfTwist_02,0.15342619021733603,0.15443836152553558,0.16395513713359833,3
55,L_ForeTwist_02,0.15334516763687134,0.12171895802021027,0.21230193674564363,3
67,RUpArmTwist_r_02,0.1533289502064387,0.14292272925376892,0.19668288826942443,3
41,L_ForeTwist_01,0.15329725543657938,0.1560812145471573,0.1652290254831314,3
2,spine_01,0.15321783473094305,0.11251505464315414,0.2158812925219536,3
57,Bip001,0.15319433559974036,0.12409847229719162,0.22585784047842025,3
19,R_ForeTwist_01,0.1531888097524643,0.1369674950838089,0.1769866019487381,3
7,L_ForeTwist_01,0.15307306249936423,0.15440425276756287,0.15687206387519836,3
45,RCalfTwist_02,0.15300496170918146,0.11301709711551666,0.24496653378009797,3
13,clavicle_r,0.1528980409105619,0.1474795639514923,0.2299217760562897,3
17,index_01_l,0.15286396940549216,0.17886528372764587,0.19621407389640808,3
75,LCalfTwist_03,0.15253978222608566,0.13425299525260925,0.2105226218700409,3
26,RCalfTwist_02,0.1524190679192543,0.1294390857219696,0.21983590722084045,3
57,LCalfTwist_03,0.15240189681450525,0.14799772202968597,0.22494991719722748,3
51,LCalfTwist_02,0.15238994856675467,0.14516273140907288,0.16589016318321229,3
36,RCalfTwist_02,0.15233875314394632,0.18270203471183777,0.19862372279167176,3
51,spine_02,0.1522518346707026,0.1533309519290924,0.25568464398384094,3
36,R_ForeTwist_01,0.15223486721515656,0.14497120678424835,0.1649763137102127,3
5,RCalfTwist_02,0.15207557131846747,0.1221083253622055,0.22323144376277923,3
34,L_ForeTwist_02,0.15203552693128586,0.13760441541671753,0.1874093532562256,3
47,LCalfTwist_03,0.15196717033783594,0.16342757642269135,0.17875019013881682,3
63,index_01_l,0.15189534177382788,0.14702089130878448,0.20933673679828643,3
62,spine_02,0.15189324940244356,0.14078378677368164,0.23166205883026122,3
50,spine_02,0.15179187804460526,0.10811371356248856,0.2436031475663185,3
53,LCalfTwist_01,0.15177442878484726,0.12130482494831085,0.20266512930393218,3
47,LCalfTwist_01,0.15170609702666601,0.1542109251022339,0.1776881217956543,3
8,RCalfTwist_02,0.15147962669531503,0.20399466156959534,0.23749378323554993,3
75,RCalfTwist_01,0.15147355447212854,0.17994213104248047,0.18455660343170166,3
70,RUpArmTwist_r_02,0.15142512073119482,0.16913548111915588,0.1991230070590973,3
67,L_ForeTwist_01,0.15139324963092804,0.15961387753486633,0.16783323884010315,3
0,LCalfTwist_03,0.15123587846755981,0.15263384580612183,0.15748131275177002,3
79,L_ForeTwist_02,0.15117341031630835,0.13698475062847137,0.20192143619060515,3
59,LCalfTwist_02,0.15104969590902328,0.1481967568397522,0.17872484922409057,3
81,RCalfTwist_02,0.1510034998257955,0.12665638327598572,0.21088897585868835,3
21,RCalfTwist_02,0.15098713586727777,0.13139769434928894,0.21093645691871643,3
15,RCalfTwist_02,0.15093948195377985,0.0944562777876854,0.25129682272672654,3
24,Bip001,0.15091857810815176,0.1352284997701645,0.17842499911785126,3
4,RCalfTwist_03,0.15074218064546585,0.15059278905391693,0.1943773955106735,3
38,R_ForeTwist_01,0.1506831223766009,0.15551330149173737,0.17174035608768462,3
67,L_ForeTwist_02,0.15067217002312341,0.15879394114017487,0.1799558311700821,3
66,LCalfTwist_03,0.15063008666038513,0.1379234492778778,0.1753464162349701,3
10,Bip001,0.15038563559452692,0.15191051363945007,0.17026785016059875,3
21,RCalfTwist_03,0.15028206507364908,0.12530314922332764,0.2239651322364807,3
30,RCalfTwist_01,0.15026791642109552,0.13582682609558105,0.193513822555542,3
20,RCalfTwist_02,0.15025611718495688,0.13846275210380554,0.20803014636039735,3
40,L_ForeTwist_02,0.1501854658126831,0.15679217875003815,0.16372838318347932,3
55,RUpArmTwist_r_02,0.15016609181960425,0.13154949247837067,0.1861850291490555,3
65,L_ForeTwist_01,0.15013057986895242,0.13196876645088196,0.1879413306713104,3
18,Bip001,0.15010650704304376,0.1664515733718872,0.16703985929489135,3
66,LCalfTwist_01,0.15002165486415228,0.1261637806892395,0.18451703786849977,3
50,LCalfTwist_01,0.15001778801282248,0.15237660706043243,0.17154596149921417,3
78,L_ForeTwist_02,0.14998018741607666,0.13290120661258698,0.19573116600513457,3
63,LCalfTwist_03,0.14990039418141046,0.12446204572916031,0.19216358214616774,3
45,RUpArmTwist_r_02,0.14989923064907393,0.1598181426525116,0.21905997395515442,3
81,L_ForeTwist_02,0.149864395459493,0.14213258028030396,0.17438266277313233,3
62,LCalfTwist_03,0.1498542676369349,0.15315398573875427,0.16067768931388854,3
50,RUpArmTwist_r_02,0.14982783794403076,0.12903183698654175,0.20704025030136108,3
73,LCalfTwist_01,0.14980815847714743,0.13474200665950775,0.2135610193014145,3
63,spine_01,0.14980638772249222,0.1522873193025589,0.17376897633075714,3
28,RCalfTwist_02,0.14976647247870764,0.0969913974404335,0.2320306733250618,3
8,R_ForeTwist_01,0.1496916115283966,0.15003089606761932,0.15965039432048797,3
7,RCalfTwist_02,0.14964966227610907,0.15628623962402344,0.20556328296661378,3
7,Bip001,0.14963232229153314,0.15313346683979034,0.17602513134479522,3
57,RUpArmTwist_r_02,0.14958163847525915,0.16174769401550293,0.1649336576461792,3
63,LCalfTwist_01,0.14953538278738657,0.16768479347229004,0.16999945640563965,3
78,R_ForeTwist_02,0.14950126906236014,0.16034744679927826,0.18192099034786224,3
68,L_ForeTwist_02,0.14946740617354712,0.17328165471553802,0.18513040244579315,3
85,RCalfTwist_03,0.14944628377755484,0.14892858266830444,0.19231463670730592,3
57,spine_02,0.14943186938762665,0.10858156532049179,0.2347021147608757,3
28,Bip001,0.14939561982949576,0.1563490629196167,0.1883999824523926,3
28,RCalfTwist_03,0.1493720362583796,0.1292385756969452,0.20426074862480165,3
66,LCalfTwist_02,0.14933090408643088,0.16016119718551636,0.1604357361793518,3
50,RCalfTwist_01,0.14920694380998611,0.16125927865505219,0.1748490184545517,3
71,spine_01,0.14875542124112448,0.14318375289440155,0.15904700458049775,3
61,LCalfTwist_01,0.14874575038750967,0.13908818364143372,0.1730411469936371,3
54,LCalfTwist_01,0.14861381302277246,0.14385013282299042,0.18363347947597503,3
2,LCalfTwist_02,0.148603618144989,0.14767345786094666,0.15042744278907777,3
65,L_ForeTwist_02,0.14859539767106375,0.16598239541053772,0.1931263267993927,3
46,hand_l,0.14854928851127625,0.11991703510284424,0.20353775024414064,3
12,LCalfTwist_03,0.1483977014819781,0.13166014850139618,0.20840421617031096,3
44,clavicle_r,0.14827722807725272,0.1397722363471985,0.20474148988723756,3
23,L_ForeTwist_02,0.1482489357391993,0.15071545541286469,0.16199932992458344,3
20,R_ForeTwist_02,0.1482459232211113,0.16160641610622406,0.1745286077260971,3
47,R_ForeTwist_01,0.14821179459492365,0.1683741807937622,0.17877262830734253,3
29,LCalfTwist_02,0.14820206413666406,0.15230567753314972,0.17257210314273835,3
52,L_ForeTwist_01,0.14809087912241617,0.12907694280147552,0.18345076739788055,3
16,RUpArmTwist_r_02,0.1480688378214836,0.18142478168010712,0.18813668191432953,3
40,RCalfTwist_01,0.14796609183152518,0.16400201618671417,0.18176888525485993,3
11,spine_01,0.14795312533775964,0.16135695576667786,0.17801303267478943,3
58,R_ForeTwist_02,0.1479316751162211,0.09935116022825241,0.21836930364370347,3
55,R_ForeTwist_01,0.1479164039095243,0.128295436501503,0.1793862372636795,3
41,spine_01,0.14762250830729803,0.17509357631206512,0.1957863062620163,3
85,RUpArmTwist_r_02,0.1472395583987236,0.1655687838792801,0.1903042823076248,3
10,RUpArmTwist_r_02,0.14722993224859238,0.11896008253097534,0.19963617324829103,3
44,LCalfTwist_03,0.1471542865037918,0.09081659466028214,0.2392790749669075,3
36,L_ForeTwist_01,0.14714639882246652,0.13973069190979004,0.1833334445953369,3
5,LCalfTwist_03,0.147115096449852,0.1260404884815216,0.20513035655021666,3
39,RUpArmTwist_r_02,0.14710143705209097,0.18116486072540283,0.1818772315979004,3
43,RUpArmTwist_r_02,0.14702108750740686,0.16444502770900726,0.17568641602993013,3
80,L_ForeTwist_02,0.14688602089881897,0.12807250022888184,0.18584171533584595,3
39,clavicle_l,0.1468520686030388,0.128871351480484,0.2134172022342682,3
7,LCalfTwist_01,0.1467663695414861,0.1588788628578186,0.16528345346450807,3
39,LCalfTwist_02,0.14675594866275787,0.13737031817436218,0.16263951659202575,3
69,LCalfTwist_02,0.1467550297578176,0.13663189113140106,0.16161650121212007,3
71,LCalfTwist_02,0.1466325024763743,0.1673012226819992,0.1758806437253952,3
85,L_ForeTwist_01,0.1464237297574679,0.1509374976158142,0.16544864177703858,3
19,LCalfTwist_03,0.14624950289726257,0.14756682515144348,0.18684263825416564,3
64,RCalfTwist_02,0.14621825019518533,0.09174365550279617,0.23037852197885514,3
9,Bip001,0.14615671833356222,0.1420539915561676,0.15750171542167662,3
32,LCalfTwist_01,0.14585350702206293,0.15604539215564728,0.1789127379655838,3
45,LCalfTwist_02,0.1458463172117869,0.14803098142147064,0.1517461746931076,3
29,L_ForeTwist_01,0.1458152780930201,0.1431809812784195,0.16485464870929717,3
55,Bip001,0.14562968661387762,0.1658085584640503,0.19345651865005492,3
64,RCalfTwist_01,0.14561782280604044,0.1495431363582611,0.1784656226634979,3
16,Bip001,0.1455067271987597,0.13855335116386414,0.18971638083457948,3
25,LCalfTwist_02,0.14546523243188858,0.13188154995441437,0.17168456614017485,3
28,RCalfTwist_01,0.1454547643661499,0.13034053146839142,0.18105930387973784,3
34,Bip001,0.14545035362243652,0.13304565846920013,0.20089697539806367,3
37,L_ForeTwist_01,0.14544777572155,0.1449987143278122,0.17456718385219575,3
75,RCalfTwist_02,0.14518307397762933,0.17379337549209595,0.17405664920806885,3
18,L_ForeTwist_02,0.14517787098884583,0.14471517503261566,0.1698109596967697,3
13,RCalfTwist_02,0.14517436176538467,0.08313276618719101,0.24055827111005784,3
62,RCalfTwist_03,0.14512818058331808,0.1735364943742752,0.191483011841774,3
83,RUpArmTwist_r_02,0.14508785804112753,0.10694428533315659,0.21506118029356003,3
41,LCalfTwist_02,0.14507360756397247,0.14152850210666656,0.15642925798892976,3
41,LCalfTwist_03,0.1449818710486094,0.1074228435754776,0.23312816917896273,3
20,LCalfTwist_03,0.14498143394788107,0.12313750386238098,0.20493783354759218,3
21,Bip001,0.14479212711254755,0.14151470363140106,0.1773470252752304,3
61,RCalfTwist_03,0.14475634197394052,0.10554329305887222,0.20907290726900102,3
23,Bip001,0.14465978493293127,0.13962924480438232,0.17753931283950805,3
44,Bip001,0.14461847891410193,0.13613922894001007,0.17152661383152007,3
62,LCalfTwist_01,0.1445252945025762,0.16114231944084167,0.16496405005455017,3
56,Bip001,0.14434115837017694,0.10125692933797836,0.21590476483106613,3
16,LCalfTwist_01,0.14433725302418074,0.15709830820560455,0.21833150684833527,3
30,L_ForeTwist_02,0.1443251520395279,0.1180529072880745,0.18862344175577164,3
20,LCalfTwist_01,0.1441939945022265,0.10200569778680801,0.20788846760988236,3
25,RCalfTwist_03,0.14410791297753653,0.12283262610435486,0.21916453242301942,3
76,LCalfTwist_01,0.14404787371555963,0.13567525148391724,0.16893552541732787,3
75,calf_l,0.14401355882485709,0.11415567249059677,0.23439486473798754,3
77,RCalfTwist_02,0.14399131884177527,0.10636693984270096,0.20945959240198136,3
37,RCalfTwist_02,0.14393516133228937,0.16062909364700317,0.1913265347480774,3
30,Bip001,0.1439304475982984,0.151934415102005,0.15589527487754823,3
77,L_ForeTwist_02,0.1438746377825737,0.12243175506591797,0.18468164205551146,3
69,RUpArmTwist_r_02,0.1437933643658956,0.16965816915035248,0.17862808406352998,3
4,RCalfTwist_01,0.14373253285884857,0.15050053596496582,0.1513546586036682,3
24,RCalfTwist_02,0.14363018174966177,0.16697101294994354,0.1819058507680893,3
6,RUpArmTwist_r_02,0.14362824459870657,0.08779169619083405,0.23806619942188265,3
14,RCalfTwist_02,0.14352113008499146,0.08340132236480713,0.2301637411117554,3
35,LCalfTwist_02,0.14348168671131134,0.14998383820056915,0.15719259083271026,3
80,spine_02,0.14347340166568756,0.16253989934921265,0.17028729915618895,3
10,RCalfTwist_03,0.14324440310398737,0.17280155420303345,0.18830416202545167,3
20,RCalfTwist_01,0.1432123382886251,0.13358040153980255,0.17395905554294586,3
71,RUpArmTwist_r_02,0.14317302902539572,0.1483866423368454,0.17557817399501802,3
81,R_ForeTwist_02,0.1431381106376648,0.1364874690771103,0.1529064029455185,3
53,LCalfTwist_02,0.14312093208233514,0.165331169962883,0.16816897094249725,3
78,LCalfTwist_03,0.14310901115338007,0.1316634863615036,0.16513831317424774,3
72,RUpArmTwist_r_02,0.14310700198014578,0.17196817696094513,0.18925433456897736,3
57,LCalfTwist_02,0.1430490513642629,0.15750491619110107,0.16727705001831056,3
18,RCalfTwist_02,0.14301337053378424,0.09625912457704544,0.2161142244935036,3
80,RCalfTwist_01,0.1430029273033142,0.1555577665567398,0.1750118166208267,3
76,RCalfTwist_02,0.14297852665185928,0.118985615670681,0.22272941321134568,3
9,RCalfTwist_01,0.1428495223323504,0.17636433243751526,0.17996991276741028,3
22,LCalfTwist_01,0.1426530803243319,0.11100714653730392,0.21812229007482528,3
57,LCalfTwist_01,0.14264760663112006,0.12118098884820938,0.1871552899479866,3
9,L_ForeTwist_02,0.14261540522178015,0.1432129591703415,0.17833805978298187,3
77,RCalfTwist_03,0.14257535835107168,0.1711796373128891,0.18778140246868133,3
56,LCalfTwist_01,0.14252066612243652,0.1235218495130539,0.188490030169487,3
56,LCalfTwist_03,0.14237213134765625,0.1279003769159317,0.20257697403430938,3
6,RCalfTwist_02,0.1423198034365972,0.11416871100664139,0.2178574576973915,3
5,RUpArmTwist_r_02,0.1422459532817205,0.13176000118255615,0.16974616050720215,3
54,Bip001,0.14221947143475214,0.11863189935684204,0.21665440797805788,3
12,RCalfTwist_03,0.14218074083328247,0.11385389417409897,0.19901515692472457,3
36,RUpArmTwist_r_02,0.14215636253356934,0.14119714498519897,0.15445395708084106,3
22,Bip001,0.14195244759321213,0.15606489777565002,0.17179024815559388,3
50,LCalfTwist_02,0.1419455905755361,0.13682019710540771,0.1703377604484558,3
76,clavicle_r,0.14192046225070953,0.15875035524368286,0.18170835971832275,3
83,LCalfTwist_03,0.14183160662651062,0.12763477861881256,0.16199817955493928,3
22,RCalfTwist_03,0.14176229139169058,0.14214855432510376,0.1493053674697876,3
82,L_ForeTwist_01,0.14171428233385086,0.14108127355575562,0.16095051765441895,3
3,LCalfTwist_02,0.14167490601539612,0.14209410548210144,0.1519480288028717,3
82,L_ForeTwist_02,0.14166387170553207,0.13439995050430298,0.19507861137390137,3
83,L_ForeTwist_01,0.14160590867201486,0.12300438433885574,0.18629114776849748,3
30,LCalfTwist_02,0.14156934370597204,0.12446890026330948,0.2020312502980232,3
11,LCalfTwist_02,0.14150183399518332,0.14419546723365784,0.14949681162834166,3
54,LCalfTwist_02,0.14148645599683127,0.13502858579158783,0.1549229472875595,3
64,L_ForeTwist_01,0.14148587981859842,0.16288767755031586,0.16541187465190887,3
54,R_ForeTwist_02,0.14140883584817251,0.16990749537944794,0.1706591695547104,3
23,RCalfTwist_02,0.14139275501171747,0.13100002706050873,0.19695858657360077,3
73,LCalfTwist_03,0.14139260600010553,0.11924124509096146,0.1936107650399208,3
17,RUpArmTwist_r_01,0.1413512701789538,0.17371557652950287,0.19102894961833955,3
81,RCalfTwist_01,0.14128397156794867,0.14442148804664612,0.18744003176689147,3
79,RUpArmTwist_r_02,0.14126716802517572,0.16939875483512878,0.18106809258460999,3
48,LCalfTwist_02,0.1412580981850624,0.14629395306110382,0.16232362091541291,3
18,R_ForeTwist_02,0.141226626932621,0.17105317115783691,0.17316336631774903,3
59,LCalfTwist_01,0.14115739862124124,0.12320331484079361,0.2011456921696663,3
2,LCalfTwist_03,0.1411422168215116,0.13521376252174377,0.1764196574687958,3
56,LCalfTwist_02,0.14104955395062765,0.13346756994724274,0.15558249056339263,3
35,L_ForeTwist_02,0.14103627701600394,0.13381414115428925,0.16453863084316253,3
72,LCalfTwist_01,0.14097034682830176,0.12934759259223938,0.16775923371315002,3
31,L_ForeTwist_01,0.14092389245827994,0.13902924954891205,0.16050152480602264,3
83,RCalfTwist_02,0.14079499989748,0.11877540498971939,0.20671988278627396,3
58,LCalfTwist_02,0.14061939467986426,0.14130686223506927,0.15526767671108246,3
8,L_ForeTwist_02,0.14061696330706278,0.14411529898643494,0.1927732527256012,3
42,RCalfTwist_03,0.14050341645876566,0.12454811483621597,0.16795157939195632,3
30,R_ForeTwist_02,0.14038125177224478,0.142239511013031,0.17969584465026855,3
83,RCalfTwist_01,0.14034147808949152,0.1393345594406128,0.1811712622642517,3
12,RCalfTwist_02,0.14031610637903214,0.09931017458438873,0.2202306777238846,3
19,RCalfTwist_03,0.14021499454975128,0.14134560525417328,0.19481718242168428,3
51,L_ForeTwist_02,0.1401617427666982,0.11330462247133255,0.18962979465723037,3
68,LCalfTwist_03,0.14002376794815063,0.17740215361118317,0.19618506729602814,3
4,R_ForeTwist_02,0.14001494646072388,0.13313844799995422,0.15051913857460023,3
77,spine_01,0.14000687996546426,0.1718159019947052,0.1941765606403351,3
46,RCalfTwist_02,0.13985138634840646,0.13343465328216553,0.19935590028762817,3
45,RCalfTwist_01,0.1398250162601471,0.15859273076057434,0.18818344473838805,3
46,R_ForeTwist_02,0.13976648698250452,0.13292181491851807,0.16092971563339234,3
27,RCalfTwist_01,0.13975858191649118,0.12379594147205353,0.1637813001871109,3
69,L_ForeTwist_02,0.13975683599710464,0.15967871248722076,0.16867039501667022,3
83,L_ForeTwist_02,0.1397128701210022,0.13342636823654175,0.16376214027404784,3
26,LCalfTwist_02,0.1396151582400004,0.13970214128494263,0.1634437084197998,3
51,RUpArmTwist_r_02,0.13950024296840033,0.15387509763240814,0.1667725533246994,3
27,L_ForeTwist_01,0.1394262115160624,0.1505541056394577,0.16154031455516815,3
80,R_ForeTwist_02,0.1392392416795095,0.1255428045988083,0.18005289733409882,3
49,LCalfTwist_01,0.13922789444526038,0.15067337453365326,0.16799367368221282,3
4,RCalfTwist_02,0.13922486702601114,0.16211140155792236,0.16945029497146608,3
64,LCalfTwist_02,0.13913999994595846,0.14059485495090485,0.14503444731235504,3
62,L_ForeTwist_02,0.13906201720237732,0.12515340745449066,0.1950557202100754,3
74,LCalfTwist_02,0.13866546750068665,0.135982945561409,0.15937773287296295,3
7,LCalfTwist_02,0.1386339614788691,0.13686548173427582,0.14285840690135956,3
30,L_ForeTwist_01,0.13860341906547546,0.14952793717384338,0.15498254895210267,3
12,RUpArmTwist_r_02,0.13857043782869974,0.14247561991214752,0.19475007355213164,3
38,RCalfTwist_03,0.13856669515371323,0.19385287165641785,0.20258081555366517,3
1,LCalfTwist_03,0.13856401294469833,0.11726449429988861,0.17152148187160493,3
46,Bip001,0.1385574589172999,0.14966897666454315,0.18328079879283904,3
48,spine_01,0.13855449855327606,0.10583499073982239,0.2162789523601532,3
49,LCalfTwist_02,0.13855194548765817,0.13428060710430145,0.17312420308589935,3
66,L_ForeTwist_02,0.13835241893927255,0.12360067665576935,0.16985645592212678,3
15,RCalfTwist_01,0.13815401991208395,0.14451968669891357,0.1558827519416809,3
66,RCalfTwist_03,0.13810796911517778,0.1746058613061905,0.18460407555103303,3
68,L_ForeTwist_01,0.13810082276662192,0.12304805964231491,0.16571712344884873,3
58,LCalfTwist_01,0.1379211445649465,0.12257251888513565,0.17095272094011307,3
36,L_ForeTwist_02,0.13787679125865301,0.14663243293762207,0.1681814432144165,3
21,L_ForeTwist_02,0.13782438884178796,0.1461285799741745,0.1547749251127243,3
61,RCalfTwist_02,0.1378077914317449,0.10685648769140244,0.1813650533556938,3
2,LCalfTwist_01,0.1377558745443821,0.15185554325580597,0.2065974622964859,3
63,LCalfTwist_02,0.13773627827564874,0.1379736363887787,0.16469900012016297,3
48,L_ForeTwist_02,0.13768781224886575,0.14933785796165466,0.1585326611995697,3
54,L_ForeTwist_02,0.13753596941630045,0.16790671646595,0.16980781853199006,3
10,calf_r,0.1374044083058834,0.12175530195236206,0.21725468635559084,3
8,LCalfTwist_01,0.13733194271723428,0.12991802394390106,0.15739385783672333,3
59,RUpArmTwist_r_02,0.13725051283836365,0.13651502132415771,0.15148905515670777,3
82,hand_l,0.13723394771416983,0.12708985805511475,0.19547290802001954,3
44,L_ForeTwist_02,0.13718329121669134,0.13093331456184387,0.1632184326648712,3
53,L_ForeTwist_02,0.137152927617232,0.16033990681171417,0.1651923567056656,3
26,L_ForeTwist_01,0.13714403410752615,0.1407713145017624,0.1524714082479477,3
82,spine_01,0.13698220998048782,0.08687297999858856,0.20907478034496307,3
20,L_ForeTwist_02,0.13682042310635248,0.13920406997203827,0.15690792500972747,3
58,LCalfTwist_03,0.1365521972378095,0.15517719089984894,0.1694860965013504,3
45,RCalfTwist_03,0.13654207065701485,0.1290832906961441,0.2043224722146988,3
4,LCalfTwist_02,0.1364942118525505,0.1460261344909668,0.15954893827438354,3
46,L_ForeTwist_02,0.13640688608090082,0.12202325463294983,0.16392932534217836,3
42,L_ForeTwist_02,0.13639145096143088,0.13088765740394592,0.15225600600242614,3
74,LCalfTwist_03,0.13637726257244745,0.138543039560318,0.17250357270240785,3
64,L_ForeTwist_02,0.1363699734210968,0.1337750256061554,0.17269142270088195,3
59,LCalfTwist_03,0.13633363942305246,0.12012582272291183,0.19616957753896713,3
74,RCalfTwist_02,0.13626307249069214,0.12880168855190277,0.1880963534116745,3
72,LCalfTwist_02,0.1362500861287117,0.1466955542564392,0.15754995346069336,3
46,RUpArmTwist_r_02,0.13615188747644424,0.14063960313796997,0.1660844087600708,3
35,R_ForeTwist_02,0.13595998038848242,0.12773075699806213,0.15004045367240906,3
74,RCalfTwist_01,0.13584851721922556,0.13171245157718658,0.2169141560792923,3
0,LCalfTwist_02,0.13577354699373245,0.13312970101833344,0.151517590880394,3
44,RCalfTwist_01,0.1357725958029429,0.1587846428155899,0.16786133348941804,3
5,L_ForeTwist_02,0.1357040231426557,0.15870504081249237,0.1610879272222519,3
28,L_ForeTwist_01,0.1356180359919866,0.12475504726171494,0.1559539958834648,3
7,RCalfTwist_03,0.13560366382201514,0.11019386351108551,0.20191878378391268,3
41,RCalfTwist_02,0.135590814674894,0.1548011302947998,0.21257058382034302,3
81,LCalfTwist_02,0.13553772866725922,0.14086386561393738,0.1419512450695038,3
63,clavicle_r,0.13543945054213205,0.12604176998138428,0.19900908470153808,3
69,LCalfTwist_03,0.13539634024103483,0.1713828295469284,0.19496189057826996,3
16,RCalfTwist_03,0.13536745061477026,0.10665703564882278,0.2008433595299721,3
12,L_ForeTwist_02,0.13527122139930725,0.1473444253206253,0.14781940281391143,3
46,L_ForeTwist_01,0.13516488671302795,0.12598879635334015,0.14882575571537018,3
62,calf_r,0.13502813689410686,0.18558111786842346,0.1966084897518158,3
52,L_ForeTwist_02,0.13488675157229105,0.12045561522245407,0.15783487409353256,3
11,Bip001,0.1348528116941452,0.13106603920459747,0.1418262392282486,3
64,spine_01,0.1348451984425386,0.0922485962510109,0.2206821992993355,3
63,RCalfTwist_02,0.13484334821502367,0.11051729321479797,0.20956816077232363,3
7,L_ForeTwist_02,0.1348260169227918,0.13453629612922668,0.17332661747932435,3
12,R_ForeTwist_02,0.1347906415661176,0.13803228735923767,0.14614210724830629,3
7,LCalfTwist_03,0.13453911989927292,0.10592397302389145,0.1976879879832268,3
79,RCalfTwist_03,0.13448931773503622,0.13068778812885284,0.1509465366601944,3
30,LCalfTwist_03,0.13443073630332947,0.1353037804365158,0.16393236815929413,3
0,L_ForeTwist_01,0.1343235249320666,0.12317477911710739,0.1615864023566246,3
31,RUpArmTwist_r_02,0.13418210297822952,0.11599027365446091,0.1634526476264,3
61,R_ForeTwist_02,0.13395235687494278,0.11965659260749817,0.16092222332954406,3
4,LCalfTwist_01,0.13380963106950125,0.13165318965911865,0.16322137117385865,3
74,LCalfTwist_01,0.13380431880553564,0.11915143579244614,0.1556642934679985,3
29,L_ForeTwist_02,0.13357271254062653,0.13232587277889252,0.15005428493022918,3
0,L_ForeTwist_02,0.1334508260091146,0.12316536158323288,0.1985010728240013,3
79,RCalfTwist_02,0.13340322424968085,0.0979311466217041,0.19540491104125976,3
46,LCalfTwist_02,0.1333311622341474,0.14543336629867554,0.16182059049606323,3
53,LCalfTwist_03,0.13321576019128165,0.1453792005777359,0.17389437258243562,3
83,hand_l,0.13321437935034433,0.1326458901166916,0.18898975551128389,3
35,RCalfTwist_03,0.133199209968249,0.14414754509925842,0.15638164877891542,3
76,L_ForeTwist_02,0.13317407915989557,0.11192379146814346,0.18916843682527543,3
69,L_ForeTwist_01,0.1329795445005099,0.1265845149755478,0.17118079364299774,3
55,LCalfTwist_02,0.1329490194718043,0.13679145276546478,0.15038466155529023,3
45,R_ForeTwist_02,0.1329009880622228,0.14290261268615723,0.15636942386627198,3
23,RCalfTwist_03,0.13288948684930801,0.1420072764158249,0.2073521226644516,3
44,L_ForeTwist_01,0.1328524798154831,0.13189437985420227,0.13457855582237244,3
62,RCalfTwist_01,0.1326349675655365,0.13716211915016174,0.145687597990036,3
38,LCalfTwist_02,0.13253682603438696,0.13220728933811188,0.14743079245090485,3
47,LCalfTwist_02,0.13248865803082785,0.12814588844776154,0.17210905849933625,3
31,L_ForeTwist_02,0.13248698661724725,0.13666948676109314,0.15239166617393493,3
41,LCalfTwist_01,0.1323773885766665,0.13540706038475037,0.14635493159294127,3
22,L_ForeTwist_02,0.13229358196258545,0.13690131902694702,0.14233546257019042,3
80,RCalfTwist_02,0.13226730128129324,0.10525041818618774,0.21346495151519776,3
22,LCalfTwist_03,0.1320018768310547,0.1346541792154312,0.17114657461643218,3
29,RCalfTwist_02,0.13189109042286873,0.06351199001073837,0.23727765530347825,3
55,LCalfTwist_01,0.1318825532992681,0.14142261445522308,0.14701516330242156,3
27,RCalfTwist_03,0.13183550536632538,0.11188282072544098,0.17020333111286162,3
78,RCalfTwist_02,0.1318280721704165,0.1077687069773674,0.19078929275274278,3
77,LCalfTwist_02,0.1315748244524002,0.12554152309894562,0.14678472578525542,3
28,LCalfTwist_02,0.13149461150169373,0.13952471315860748,0.16583077013492584,3
10,RCalfTwist_01,0.1314241091410319,0.13994447886943817,0.15012881457805632,3
7,R_ForeTwist_02,0.13134234895308813,0.13837964832782745,0.15050187408924104,3
37,RUpArmTwist_r_02,0.13113279143969217,0.15386714041233063,0.17609672844409943,3
32,L_ForeTwist_01,0.13111094882090887,0.12340892851352692,0.1536913186311722,3
42,L_ForeTwist_01,0.13109691689411798,0.12432630360126495,0.15348342955112457,3
9,L_ForeTwist_01,0.13109276443719864,0.12273180484771729,0.15293481349945068,3
43,L_ForeTwist_02,0.13106972724199295,0.11408083885908127,0.15995672792196275,3
24,RCalfTwist_03,0.13106711581349373,0.1304074078798294,0.20096663534641265,3
32,L_ForeTwist_02,0.130880539615949,0.13321542739868164,0.13448028564453124,3
83,LCalfTwist_02,0.13080341120560965,0.14166206121444702,0.14601930379867553,3
57,L_ForeTwist_02,0.13062283645073572,0.11789587140083313,0.15784125924110412,3
77,LCalfTwist_03,0.1305802489320437,0.0997772216796875,0.18650197982788086,3
34,L_ForeTwist_01,0.13054409126440683,0.12773607671260834,0.13690621554851531,3
70,L_ForeTwist_02,0.1303341661890348,0.13510678708553314,0.15891660153865814,3
1,L_ForeTwist_01,0.13027184704939523,0.13208431005477905,0.13612871170043944,3
64,R_ForeTwist_02,0.1302000160018603,0.1370045244693756,0.14021108746528627,3
33,L_ForeTwist_02,0.13017889112234116,0.14247997105121613,0.1677297383546829,3
47,R_ForeTwist_02,0.1301313266158104,0.10879276692867279,0.1683665007352829,3
56,L_ForeTwist_02,0.1299049730102221,0.13796037435531616,0.14951670169830322,3
6,L_ForeTwist_01,0.12976393351952234,0.1292344480752945,0.16047474443912507,3
23,RCalfTwist_01,0.12971417854229608,0.1303282082080841,0.13896743655204774,3
58,L_ForeTwist_02,0.12960617244243622,0.13809645175933838,0.15078213214874267,3
40,RCalfTwist_03,0.12958575785160065,0.12960423529148102,0.15304613411426543,3
48,LCalfTwist_01,0.12943928688764572,0.1225597932934761,0.14530853182077408,3
8,LCalfTwist_02,0.12939207255840302,0.12145712226629257,0.15075943917036055,3
75,L_ForeTwist_01,0.12938566505908966,0.12140396237373352,0.1897576630115509,3
0,R_ForeTwist_02,0.12935046727458635,0.08983045816421509,0.21962724924087526,3
19,L_ForeTwist_02,0.12922831128040949,0.11211501061916351,0.1582811564207077,3
38,L_ForeTwist_01,0.12919792781273523,0.13067083060741425,0.1466483324766159,3
45,L_ForeTwist_01,0.12902684261401495,0.1452506184577942,0.1546730637550354,3
9,LCalfTwist_01,0.12901959071556726,0.1395823061466217,0.14007698893547058,3
42,RCalfTwist_02,0.1289688597122828,0.14223948121070862,0.16172598004341127,3
3,RCalfTwist_02,0.12894911815722784,0.08977962285280228,0.20323783308267593,3
35,L_ForeTwist_01,0.12890904396772385,0.1238432303071022,0.14252788573503494,3
9,RCalfTwist_02,0.12881225223342577,0.17073966562747955,0.1905636101961136,3
77,R_ForeTwist_02,0.12873809287945429,0.11085086315870285,0.16794437021017075,3
84,R_ForeTwist_02,0.1287237082918485,0.09550315141677856,0.17839039564132692,3
48,RUpArmTwist_r_02,0.1286475509405136,0.11727624386548996,0.1699071153998375,3
63,L_ForeTwist_02,0.12858661015828451,0.11114127933979034,0.16530289947986604,3
84,RCalfTwist_01,0.1285685027639071,0.12013682723045349,0.1557834565639496,3
61,LCalfTwist_02,0.12842013935248056,0.12871642410755157,0.135685470700264,3
44,RCalfTwist_02,0.12819815427064896,0.14234979450702667,0.18923255503177644,3
3,RUpArmTwist_r_02,0.12816868474086127,0.10874956101179123,0.1758901819586754,3
49,L_ForeTwist_02,0.12813715636730194,0.1245432049036026,0.13403199017047882,3
81,LCalfTwist_03,0.12800340230266252,0.1492413729429245,0.17159262597560881,3
50,RCalfTwist_02,0.12778049955765405,0.09953603148460388,0.1900916039943695,3
43,spine_01,0.12769591808319092,0.10382844507694244,0.1821481853723526,3
8,R_ForeTwist_02,0.12763302649060884,0.08839645236730576,0.21117321699857713,3
80,LCalfTwist_01,0.12761120249827704,0.1147245392203331,0.15404210537672042,3
75,L_ForeTwist_02,0.12751105924447378,0.1349608153104782,0.1485520452260971,3
53,L_ForeTwist_01,0.1274836485584577,0.11824607849121094,0.17003024816513063,3
41,L_ForeTwist_02,0.12747414161761603,0.12483014166355133,0.1376004010438919,3
64,RUpArmTwist_r_01,0.12737877915302911,0.14821554720401764,0.19840642511844636,3
27,RCalfTwist_02,0.1272781789302826,0.08747164905071259,0.20200668275356293,3
81,L_ForeTwist_01,0.12716849644978842,0.12204015254974365,0.18826788663864136,3
74,L_ForeTwist_01,0.12673483788967133,0.14305369555950165,0.14822035729885102,3
80,RCalfTwist_03,0.12672575314839682,0.1217014491558075,0.13843734860420226,3
40,L_ForeTwist_01,0.126716877023379,0.137892946600914,0.1392005890607834,3
44,LCalfTwist_02,0.12668042381604513,0.12338626384735107,0.13338488340377808,3
5,L_ForeTwist_01,0.12665754308303198,0.12766262888908386,0.1353798806667328,3
59,L_ForeTwist_02,0.1266220510005951,0.13330982625484467,0.13774363696575165,3
63,L_ForeTwist_01,0.12661263346672058,0.1164049431681633,0.15310308784246446,3
44,R_ForeTwist_02,0.1264207810163498,0.1307019293308258,0.13238927721977234,3
78,spine_01,0.12634761383136114,0.08400152623653412,0.1940263718366623,3
69,RCalfTwist_03,0.12632359067598978,0.11322043091058731,0.17712031155824662,3
3,R_ForeTwist_02,0.12631923705339432,0.1502801477909088,0.1601675808429718,3
79,LCalfTwist_01,0.12601749847332636,0.09321554750204086,0.1830533668398857,3
57,L_ForeTwist_01,0.12599221368630728,0.13850058615207672,0.13898370563983917,3
33,L_ForeTwist_01,0.12595378855864206,0.12584497034549713,0.1413022667169571,3
19,LCalfTwist_02,0.12590941786766052,0.1265988051891327,0.14095500111579895,3
26,RCalfTwist_03,0.12589257210493088,0.1377233862876892,0.13967348337173463,3
16,L_ForeTwist_02,0.12588451554377875,0.1273670643568039,0.14304961860179902,3
6,RCalfTwist_01,0.12571569035450617,0.12976478040218353,0.14854411780834198,3
18,RCalfTwist_01,0.12566555539766947,0.1339874565601349,0.16169605851173402,3
40,RCalfTwist_02,0.1253531277179718,0.10681883245706558,0.18049865514039992,3
17,L_ForeTwist_02,0.12517810116211572,0.11395363509654999,0.15825744569301606,3
37,L_ForeTwist_02,0.12511789302031198,0.13342808187007904,0.1479570597410202,3
67,LCalfTwist_03,0.12506896133224168,0.13848158717155457,0.17960665822029115,3
0,RCalfTwist_03,0.12500661114851633,0.11940935999155045,0.2009149506688118,3
45,L_ForeTwist_02,0.12485919644435246,0.1231587827205658,0.1659264624118805,3
54,LCalfTwist_03,0.12485586603482564,0.12122181057929993,0.15998347401618956,3
76,R_ForeTwist_02,0.12471868842840195,0.13802780210971832,0.1640769749879837,3
31,RCalfTwist_01,0.12460809449354808,0.14043550193309784,0.14782021939754486,3
15,RCalfTwist_03,0.12397005905707677,0.12092763185501099,0.14673110246658325,3
71,L_ForeTwist_02,0.1239327813188235,0.13010090589523315,0.15159307718276976,3
12,L_ForeTwist_01,0.12389207382996877,0.12509474158287048,0.1658818781375885,3
77,LCalfTwist_01,0.12388332188129425,0.14416095614433289,0.1457976520061493,3
36,RCalfTwist_01,0.12345074862241745,0.11317911744117737,0.17202114462852477,3
25,L_ForeTwist_02,0.12323229759931564,0.11701945960521698,0.14218944013118745,3
12,LCalfTwist_02,0.12312601258357365,0.1266818642616272,0.15218807458877565,3
1,LCalfTwist_02,0.12278508891661961,0.10822378844022751,0.1434733137488365,3
59,RCalfTwist_01,0.12236265341440837,0.10089568048715591,0.15672938376665116,3
59,RCalfTwist_03,0.12227982779343922,0.1266523152589798,0.16944258511066437,3
32,R_ForeTwist_02,0.12224653611580531,0.10862258821725845,0.15900798588991166,3
72,L_ForeTwist_02,0.12224516520897548,0.10388915985822678,0.16365851014852523,3
79,LCalfTwist_03,0.12221591671307881,0.11375626921653748,0.17331530451774596,3
69,RCalfTwist_01,0.12213318546613057,0.11784391105175018,0.13784311711788177,3
42,spine_01,0.12211533139149348,0.08705049753189087,0.17373106479644776,3
71,L_ForeTwist_01,0.12203531215588252,0.11806035786867142,0.13657430559396744,3
10,R_ForeTwist_02,0.12200442949930827,0.11754104495048523,0.15695421099662782,3
42,RUpArmTwist_r_02,0.12200014914075534,0.13801540434360504,0.1671068102121353,3
74,L_ForeTwist_02,0.12199376275142033,0.10711660236120224,0.17150677889585494,3
65,LCalfTwist_02,0.12196417649586995,0.11236976832151413,0.13614163249731065,3
28,L_ForeTwist_02,0.12193321684996287,0.11987660825252533,0.136483034491539,3
80,L_ForeTwist_01,0.12187513709068298,0.11884918808937073,0.14134718775749205,3
3,RCalfTwist_01,0.121644693116347,0.13669441640377045,0.1580623835325241,3
3,spine_01,0.12148897101481755,0.1263970136642456,0.1276870608329773,3
49,L_ForeTwist_01,0.12144366403420766,0.11359445005655289,0.1445964530110359,3
17,RCalfTwist_03,0.12143630782763164,0.1428196132183075,0.1486401379108429,3
84,LCalfTwist_02,0.12128774325052898,0.12619026005268097,0.14934910833835602,3
42,RCalfTwist_01,0.12124335765838623,0.11848888546228409,0.13529620915651322,3
11,RCalfTwist_01,0.12095337112744649,0.11733714491128922,0.13454175740480423,3
72,LCalfTwist_03,0.12092118213574092,0.10571383684873581,0.16623487323522568,3
75,RCalfTwist_03,0.12080150594313939,0.11385124921798706,0.15335023403167725,3
78,LCalfTwist_02,0.12079502145449321,0.12693563103675842,0.13496943116188048,3
37,R_ForeTwist_02,0.12074297666549683,0.09054682403802872,0.1667046383023262,3
47,L_ForeTwist_02,0.12063852697610855,0.10691548138856888,0.15186382681131363,3
59,RCalfTwist_02,0.12059023727973302,0.0974738746881485,0.17113248407840728,3
52,RCalfTwist_03,0.12056810160477956,0.12585213780403137,0.1329686939716339,3
29,RCalfTwist_03,0.12044350802898407,0.12887656688690186,0.13002098798751832,3
33,R_ForeTwist_02,0.12035645544528961,0.11685989797115326,0.12656548917293547,3
6,R_ForeTwist_02,0.12030939012765884,0.11227156966924667,0.13374606817960738,3
74,R_ForeTwist_02,0.12027642130851746,0.13865846395492554,0.1510453462600708,3
13,RCalfTwist_01,0.12018560618162155,0.11460031569004059,0.12978180944919587,3
53,RUpArmTwist_r_01,0.12012937168280284,0.11472011357545853,0.1307533636689186,3
76,LCalfTwist_02,0.12010467797517776,0.13499324023723602,0.14071196019649507,3
19,R_ForeTwist_02,0.11991142978270848,0.14510256052017212,0.14752222299575807,3
63,R_ForeTwist_02,0.11982561896244685,0.14642903208732605,0.1465828001499176,3
31,RCalfTwist_02,0.1198215236266454,0.08235713094472885,0.19534842222929003,3
14,RCalfTwist_01,0.11971960216760635,0.11208651214838028,0.13366882354021073,3
61,L_ForeTwist_02,0.11967729032039642,0.12700439989566803,0.14600482285022737,3
49,RCalfTwist_02,0.11954807490110397,0.09097407013177872,0.18118029385805132,3
72,L_ForeTwist_01,0.11952233066161473,0.11459923535585403,0.12865870147943498,3
6,L_ForeTwist_02,0.11950524399677913,0.10459226369857788,0.16383510828018188,3
68,RCalfTwist_01,0.11943683524926503,0.11710287630558014,0.13628412783145905,3
83,RUpArmTwist_r_01,0.11930592606465022,0.15093016624450684,0.1616670846939087,3
51,RCalfTwist_01,0.1192925696571668,0.07580944895744324,0.18331360220909118,3
76,RCalfTwist_03,0.1192491849263509,0.13987204432487488,0.1440434753894806,3
51,index_01_l,0.11895060042540233,0.1356387585401535,0.13862473666667938,3
84,RCalfTwist_03,0.11893398314714432,0.12752926349639893,0.14767765998840332,3
31,LCalfTwist_01,0.11881853640079498,0.12932586669921875,0.1325547456741333,3
50,RCalfTwist_03,0.11868640283743541,0.11669512838125229,0.13356504887342452,3
29,RCalfTwist_01,0.11867456138134003,0.11735280603170395,0.1320092961192131,3
65,RCalfTwist_01,0.1186438500881195,0.12161233276128769,0.14229810684919358,3
81,LCalfTwist_01,0.11835415661334991,0.1184549555182457,0.15034713000059127,3
1,R_ForeTwist_02,0.11835365742444992,0.09561330080032349,0.15873043537139891,3
14,L_ForeTwist_01,0.11829779297113419,0.12385958433151245,0.13490334749221802,3
48,LCalfTwist_03,0.11817048117518425,0.08762970566749573,0.18203913569450378,3
36,R_ForeTwist_02,0.1181630219022433,0.11983809620141983,0.14801539927721025,3
75,R_ForeTwist_02,0.11813860883315404,0.10525664687156677,0.1643688499927521,3
76,RCalfTwist_01,0.11804716164867084,0.1273503303527832,0.15810127258300782,3
43,L_ForeTwist_01,0.11800237248341243,0.10522444546222687,0.13835220634937287,3
47,RCalfTwist_02,0.11790616561969121,0.08895715326070786,0.1749420091509819,3
70,L_ForeTwist_01,0.11752110222975413,0.1017819344997406,0.1460324227809906,3
46,LCalfTwist_03,0.11736187090476354,0.09656430035829544,0.15372550636529922,3
8,RUpArmTwist_r_02,0.11733796447515488,0.1011943593621254,0.15957520753145218,3
39,R_ForeTwist_02,0.11711611102024715,0.1079544723033905,0.13647289872169494,3
9,LCalfTwist_02,0.11702789862950642,0.12632881104946136,0.15861521661281586,3
54,L_ForeTwist_01,0.11666574825843175,0.1233220025897026,0.14723460525274276,3
3,RCalfTwist_03,0.11663282848894596,0.08351722359657288,0.20509806275367737,3
29,R_ForeTwist_02,0.11654597769180934,0.1040503978729248,0.16342813968658448,3
43,RCalfTwist_01,0.11622777581214905,0.10108736902475357,0.14022765904664994,3
23,R_ForeTwist_02,0.11618913958470027,0.11847709119319916,0.1273505061864853,3
3,LCalfTwist_01,0.11608354250590007,0.11538378894329071,0.12521407306194304,3
85,RCalfTwist_02,0.1157630483309428,0.08919219672679901,0.18618538081645966,3
61,L_ForeTwist_01,0.1152035469810168,0.11701042950153351,0.13576208651065827,3
43,RCalfTwist_02,0.1150772546728452,0.0912938192486763,0.1525917187333107,3
67,RCalfTwist_03,0.11506601671377818,0.12200445681810379,0.13747066408395767,3
22,LCalfTwist_02,0.11495405435562134,0.10037679970264435,0.16132626831531524,3
60,LCalfTwist_03,0.11487290014823277,0.07808785140514374,0.19121499955654145,3
32,RCalfTwist_03,0.11478101710478465,0.08515853434801102,0.16434705406427383,3
79,RCalfTwist_01,0.11475708459814389,0.14150461554527283,0.16031329035758973,3
83,RCalfTwist_03,0.11475341270367305,0.09552231431007385,0.15317065119743348,3
50,L_ForeTwist_02,0.11471078296502431,0.1061236560344696,0.13754151463508607,3
5,RCalfTwist_01,0.11427132785320282,0.08009892702102661,0.18909258842468263,3
14,L_ForeTwist_02,0.1139633059501648,0.11951807886362076,0.13416001349687576,3
26,L_ForeTwist_02,0.11380162586768468,0.09778950363397598,0.14185283929109574,3
63,RCalfTwist_01,0.11302170654137929,0.12450366467237473,0.1271194562315941,3
73,L_ForeTwist_02,0.11277446895837784,0.12494447827339172,0.1485679805278778,3
22,R_ForeTwist_02,0.11276697119077046,0.12579654157161713,0.15152530372142792,3
60,RCalfTwist_02,0.11271609614292781,0.06881842017173767,0.18758041262626649,3
62,L_ForeTwist_01,0.11270351707935333,0.1097031682729721,0.1250183552503586,3
22,RCalfTwist_01,0.11232765763998032,0.11897705495357513,0.12852681577205657,3
25,L_ForeTwist_01,0.1123124932249387,0.11720320582389832,0.12523989081382753,3
54,RUpArmTwist_r_01,0.11226187646389008,0.10824590176343918,0.13318086713552474,3
78,LCalfTwist_01,0.11214171846707661,0.10165838897228241,0.1435297816991806,3
52,RUpArmTwist_r_01,0.11172325660785039,0.1118667796254158,0.13238740116357803,3
49,RUpArmTwist_r_02,0.11162362992763519,0.11954504251480103,0.12469931840896606,3
5,R_ForeTwist_02,0.11162068446477254,0.1072382852435112,0.1413281664252281,3
28,RUpArmTwist_r_02,0.11159279197454453,0.13941848278045654,0.16860681772232056,3
30,RUpArmTwist_r_02,0.1115504043797652,0.09463956207036972,0.17159976214170455,3
21,LCalfTwist_02,0.11122637738784154,0.1221412718296051,0.14332920908927918,3
34,R_ForeTwist_02,0.11112856368223827,0.10753472149372101,0.12161157429218292,3
19,RCalfTwist_01,0.1110808327794075,0.12485316395759583,0.15181109309196472,3
68,RCalfTwist_03,0.11088201403617859,0.10989940911531448,0.12154032737016678,3
4,L_ForeTwist_02,0.11087247480948766,0.11216471344232559,0.14401374608278275,3
59,R_ForeTwist_02,0.11073617388804753,0.08285091817378998,0.15958323180675507,3
38,R_ForeTwist_02,0.11066057036320369,0.11481406539678574,0.12034625262022018,3
16,L_ForeTwist_01,0.11050233741601308,0.1270761787891388,0.15315131545066835,3
79,L_ForeTwist_01,0.11045182993014653,0.10171777755022049,0.13952840715646744,3
18,RCalfTwist_03,0.11018186062574387,0.12162026017904282,0.13223296850919725,3
77,L_ForeTwist_01,0.11002702514330547,0.07578679174184799,0.15841755121946335,3
27,L_ForeTwist_02,0.1099260225892067,0.11740461736917496,0.12514059096574784,3
83,R_ForeTwist_02,0.10981723045309384,0.12295468151569366,0.14799512922763824,3
67,RCalfTwist_01,0.10973282903432846,0.10756218433380127,0.1220859169960022,3
69,R_ForeTwist_02,0.10971081008513768,0.12317392230033875,0.13615359663963317,3
31,R_ForeTwist_02,0.1094731663664182,0.10832972079515457,0.1384846344590187,3
58,L_ForeTwist_01,0.10928510874509811,0.10288487374782562,0.14066378772258759,3
10,RCalfTwist_02,0.10922705878814061,0.07402600347995758,0.15933418571949007,3
10,L_ForeTwist_01,0.10890916486581166,0.11514653265476227,0.1314031034708023,3
15,L_ForeTwist_01,0.10874049986402194,0.13743805885314941,0.15520713329315186,3
48,R_ForeTwist_02,0.10854139799873035,0.07672934979200363,0.17778161615133287,3
26,RCalfTwist_01,0.1084974929690361,0.10976790636777878,0.1142591580748558,3
2,L_ForeTwist_01,0.10840952893098195,0.12687738239765167,0.13649164736270905,3
53,RCalfTwist_01,0.10830010225375493,0.1078157052397728,0.1444573685526848,3
25,RCalfTwist_01,0.10807551195224126,0.10776849836111069,0.11784945577383041,3
65,R_ForeTwist_02,0.10800566524267197,0.08892597258090973,0.14551842510700225,3
78,RCalfTwist_03,0.10794616242249806,0.08544287085533142,0.1423225462436676,3
62,RCalfTwist_02,0.1077832356095314,0.08158871531486511,0.16962810158729555,3
13,L_ForeTwist_02,0.10741211473941803,0.08066709339618683,0.1464351087808609,3
20,LCalfTwist_02,0.10741098473469417,0.10158096998929977,0.11824900358915329,3
66,RCalfTwist_01,0.10735024015108745,0.10128191113471985,0.12734635472297667,3
30,LCalfTwist_01,0.10656805833180745,0.10381557792425156,0.12928082197904586,3
31,RCalfTwist_03,0.10631376753250758,0.10570978373289108,0.11899027675390243,3
44,RUpArmTwist_r_02,0.10609368979930878,0.08353228121995926,0.17192285209894181,3
48,Bip001,0.10586505383253098,0.10247617959976196,0.14437998533248902,3
52,R_ForeTwist_02,0.10566669702529907,0.10685651004314423,0.13847887217998506,3
85,R_ForeTwist_02,0.10561712893346946,0.1276514083147049,0.16147941648960112,3
23,LCalfTwist_02,0.10541343440612157,0.09753377735614777,0.11873324811458588,3
68,R_ForeTwist_02,0.10536861668030421,0.09909974038600922,0.1358649104833603,3
19,L_ForeTwist_01,0.10533170898755391,0.12986211478710175,0.13674887120723725,3
43,LCalfTwist_02,0.10531327376763026,0.09454439580440521,0.12276550233364106,3
58,RCalfTwist_02,0.10521394262711208,0.07638083398342133,0.16773328483104707,3
62,R_ForeTwist_02,0.10515776897470157,0.12712225317955017,0.13408523201942443,3
9,R_ForeTwist_02,0.1051233063141505,0.08384250849485397,0.15936176627874374,3
80,LCalfTwist_02,0.10506266603867213,0.09856265783309937,0.12014598846435547,3
48,L_ForeTwist_01,0.10504248489936192,0.10889046639204025,0.12871415466070174,3
79,LCalfTwist_02,0.10487554967403412,0.09513160586357117,0.11919308304786683,3
51,RCalfTwist_03,0.10462906956672668,0.1056470274925232,0.12853997945785522,3
56,L_ForeTwist_01,0.1044128214319547,0.08691929280757904,0.13938625752925873,3
41,RCalfTwist_01,0.10440084586540858,0.09756903350353241,0.13115106523036957,3
72,R_ForeTwist_02,0.10435020178556442,0.10365303605794907,0.14302729815244675,3
55,L_ForeTwist_01,0.10431131223837535,0.09391786903142929,0.13487828224897386,3
13,RCalfTwist_03,0.10391496866941452,0.11024682223796844,0.11775529682636261,3
15,L_ForeTwist_02,0.10384315997362137,0.09427209198474884,0.13043875992298126,3
33,RCalfTwist_03,0.10369801769653957,0.07931283861398697,0.14254978448152542,3
78,RCalfTwist_01,0.10330330083767574,0.10625749826431274,0.11913991570472718,3
24,R_ForeTwist_02,0.10311070829629898,0.10023342818021774,0.1174691841006279,3
84,L_ForeTwist_02,0.10308636476596196,0.11368775367736816,0.13771930932998658,3
49,R_ForeTwist_02,0.1029891421397527,0.08338584750890732,0.14644555300474166,3
24,LCalfTwist_02,0.10298147797584534,0.09687585383653641,0.11335018426179885,3
11,L_ForeTwist_01,0.10294707864522934,0.10363255441188812,0.13594575822353364,3
58,RCalfTwist_01,0.10284613817930222,0.10438115149736404,0.13367924839258194,3
76,L_ForeTwist_01,0.10279379536708196,0.09267393499612808,0.12051764279603958,3
59,L_ForeTwist_01,0.10252783944209416,0.10335013270378113,0.10422787070274353,3
33,RCalfTwist_01,0.10243708391984303,0.08430957794189453,0.13211029767990112,3
52,RCalfTwist_01,0.10179446637630463,0.08280189335346222,0.13824197351932527,3
6,RCalfTwist_03,0.1016729399561882,0.09900932759046555,0.10831620544195175,3
13,R_ForeTwist_02,0.10155274470647176,0.09925603121519089,0.1194016084074974,3
82,R_ForeTwist_02,0.10150490452845891,0.10725772380828857,0.12271044254302979,3
8,L_ForeTwist_01,0.10139298314849536,0.12392357736825943,0.12495332509279251,3
14,RCalfTwist_03,0.1013898178935051,0.08641873300075531,0.14390744864940644,3
57,R_ForeTwist_02,0.10121536006530125,0.10216114670038223,0.13121196776628494,3
24,L_ForeTwist_01,0.10094417631626129,0.09576214849948883,0.12050255835056305,3
77,RCalfTwist_01,0.1008146305878957,0.09261886775493622,0.11760638058185577,3
14,R_ForeTwist_02,0.10035835206508636,0.10385116934776306,0.10674655437469482,3
46,RCalfTwist_03,0.09994978706041972,0.09286210685968399,0.12855391055345536,3
85,L_ForeTwist_02,0.09985573093096416,0.08104220032691956,0.13424498438835145,3
32,RCalfTwist_01,0.09985065708557765,0.10254247486591339,0.11009562909603118,3
18,L_ForeTwist_01,0.09980191538731258,0.08678055554628372,0.12223880439996719,3
13,L_ForeTwist_01,0.09970786919196446,0.10268216580152512,0.10642406195402146,3
50,R_ForeTwist_02,0.09948883081475894,0.09723774343729019,0.13210068494081498,3
60,RCalfTwist_03,0.09902532895406087,0.08580382913351059,0.13003073185682296,3
23,L_ForeTwist_01,0.09886034578084946,0.09159106016159058,0.11233998537063598,3
27,RUpArmTwist_r_02,0.09873373371859391,0.11321896314620972,0.15174543857574463,3
53,RCalfTwist_03,0.09869801377256711,0.08790314942598343,0.1475520148873329,3
38,RCalfTwist_01,0.09798970570166905,0.07076389342546463,0.1398602619767189,3
47,L_ForeTwist_01,0.09798579166332881,0.09264462441205978,0.11635871976613998,3
66,R_ForeTwist_02,0.09752857685089111,0.10049249231815338,0.12238663733005524,3
26,R_ForeTwist_02,0.09655659397443135,0.12448140233755112,0.12496805638074875,3
43,R_ForeTwist_02,0.09652452295025189,0.09022943675518036,0.13210850656032563,3
55,R_ForeTwist_02,0.09639169896642368,0.08923394232988358,0.142707659304142,3
11,R_ForeTwist_02,0.09626910338799159,0.09131663292646408,0.10373699516057969,3
17,RCalfTwist_01,0.09590221072236697,0.10898496210575104,0.12381166517734528,3
17,R_ForeTwist_02,0.09458707273006439,0.10558997839689255,0.13595186322927474,3
51,R_ForeTwist_02,0.09422806526223819,0.10572753101587296,0.12919053584337234,3
20,L_ForeTwist_01,0.09386452039082845,0.09422167390584946,0.11614914387464523,3
2,R_ForeTwist_02,0.09382225573062897,0.1000322476029396,0.12773839980363846,3
70,R_ForeTwist_02,0.0938206637899081,0.11301670223474503,0.11569407135248184,3
56,R_ForeTwist_02,0.0938050349553426,0.0880173072218895,0.12758381813764572,3
3,L_ForeTwist_01,0.0936337485909462,0.10035896301269531,0.10771656632423401,3
40,R_ForeTwist_02,0.09304247175653775,0.0811634510755539,0.12477901875972748,3
41,R_ForeTwist_02,0.09301518897215526,0.07210895419120789,0.1258154571056366,3
46,RCalfTwist_01,0.09243674824635188,0.09746956080198288,0.10816471427679061,3
58,RCalfTwist_03,0.09223904336492221,0.06205685809254646,0.1355918325483799,3
78,L_ForeTwist_01,0.09146017332871755,0.08463601768016815,0.10254755914211273,3
53,R_ForeTwist_02,0.09069415802756946,0.09952790290117264,0.1180638924241066,3
0,RCalfTwist_01,0.09031073500712712,0.08196001499891281,0.10783094614744186,3
67,R_ForeTwist_02,0.08897255609432857,0.08628003299236298,0.11546135246753693,3
47,RCalfTwist_03,0.08817073081930478,0.10360695421695709,0.10458698570728302,3
39,L_ForeTwist_01,0.08740235616763432,0.0929456278681755,0.10804002732038498,3
25,R_ForeTwist_02,0.08508029580116272,0.09627313166856766,0.1077953353524208,3
2,RCalfTwist_02,0.08402654280265172,0.09747648239135742,0.12270601987838745,3
16,R_ForeTwist_02,0.08383955309788386,0.08439738303422928,0.10485587865114213,3
21,L_ForeTwist_01,0.0826092002292474,0.10309967398643494,0.11174454092979431,3
71,R_ForeTwist_02,0.08252538585414489,0.10849042236804962,0.12121478617191314,3
55,LCalfTwist_03,0.08236516267061234,0.06327822804450989,0.12413471341133119,3
28,R_ForeTwist_02,0.08211091657479604,0.06635239720344543,0.11968809962272645,3
22,L_ForeTwist_01,0.08103398978710175,0.07746516168117523,0.09062245190143585,3
35,RCalfTwist_01,0.08005109305183093,0.08544033020734787,0.09224492758512497,3
42,R_ForeTwist_02,0.07942157114545505,0.06431282311677933,0.11050005704164505,3
47,RCalfTwist_01,0.07734821240107219,0.079136423766613,0.10927437990903854,3
60,R_ForeTwist_02,0.07588048217197259,0.07834596931934357,0.12074210941791534,3
44,RCalfTwist_03,0.07342234005530675,0.09469962865114212,0.10166682749986648,3
15,R_ForeTwist_02,0.07255777716636658,0.0663115456700325,0.10137550979852676,3
27,R_ForeTwist_02,0.06683483098944028,0.06761664897203445,0.0868959441781044,3
