sic,bone,mean_deg,p50_deg,p90_deg,count
37,foot_l,5.451156934102376,5.603224754333496,5.975466728210449,3
36,foot_l,4.052787224451701,4.379786014556885,4.584952640533447,3
31,foot_l,3.627788702646891,3.746851921081543,3.970183753967285,3
53,ball_r,3.5752689838409424,3.790687084197998,4.181969738006591,3
13,foot_l,3.2762720584869385,2.566786766052246,4.274765968322754,3
32,calf_l,3.2626046339670816,3.273164749145508,3.538779067993164,3
60,foot_r,3.197680950164795,3.0615391731262207,3.520057773590088,3
14,foot_l,3.0010005633036294,2.6340413093566895,3.752697467803955,3
35,foot_l,2.959929625193278,3.3207945823669434,3.5772936820983885,3
52,ball_r,2.9416365226109824,3.2878732681274414,3.530389404296875,3
41,foot_l,2.8569252490997314,2.7269670963287354,3.431414842605591,3
85,foot_r,2.7683117389678955,2.826578140258789,3.2992647171020506,3
53,foot_r,2.747079531351725,2.899064540863037,2.924025821685791,3
34,foot_l,2.621645172437032,2.671576976776123,3.322350025177002,3
32,thigh_l,2.4988277753194175,2.4382030963897705,2.7670006275177004,3
27,calf_l,2.4629499912261963,2.4625301361083984,2.484366226196289,3
2,calf_l,2.446694850921631,2.510021448135376,2.5572838306427004,3
85,calf_r,2.443806807200114,2.3351197242736816,2.631974124908447,3
38,foot_l,2.421583414077759,2.7263553142547607,2.843011808395386,3
32,foot_l,2.30559774239858,2.564934492111206,2.6876119136810304,3
22,calf_l,2.2068892319997153,2.2714221477508545,2.449529218673706,3
5,calf_l,2.2017539342244468,2.219467878341675,2.3384818553924562,3
31,thigh_l,2.1344993114471436,1.93730628490448,2.4428537130355834,3
71,calf_l,2.103536685307821,2.0019967555999756,2.2692433834075927,3
42,foot_l,2.091446876525879,1.9002453088760376,2.65790855884552,3
13,ball_l,2.054827610651652,1.9608137607574463,2.2067158222198486,3
37,thigh_l,2.0306334098180137,2.165139675140381,2.2040438652038574,3
81,calf_r,2.021456321080526,2.066516637802124,2.1593766689300535,3
40,foot_l,1.9911890029907227,1.8089096546173096,2.416303110122681,3
18,foot_l,1.9455661177635193,1.903219223022461,2.7927026748657227,3
0,calf_r,1.943126122156779,1.971570372581482,2.1159769773483275,3
1,calf_r,1.9242693185806274,1.8660681247711182,2.0755831241607665,3
15,foot_l,1.9170193274815877,2.265904664993286,2.2925541400909424,3
7,foot_l,1.9104291598002117,1.9724645614624023,2.340726852416992,3
49,ball_r,1.7804515759150188,1.693827509880066,1.9156567335128785,3
31,calf_l,1.7379496494928997,1.9259216785430908,1.928962278366089,3
6,foot_l,1.6898564497629802,1.6741129159927368,1.993621563911438,3
16,foot_l,1.6883434156576793,1.5401276350021362,2.9384847402572634,3
17,foot_l,1.6881742477416992,1.5367165803909302,2.0741285562515257,3
55,foot_r,1.681606928507487,1.947109341621399,1.9720926523208617,3
36,thigh_l,1.654341697692871,1.807360053062439,1.8915989637374877,3
16,calf_l,1.4768658081690471,1.3017033338546753,1.7378217458724976,3
12,foot_l,1.4759060740470886,1.6722081899642944,2.0568100690841673,3
13,calf_l,1.4585331678390503,1.4231021404266357,1.8725568294525146,3
29,foot_l,1.4443384806315105,1.135358214378357,1.9805611371994019,3
54,ball_r,1.4072300791740417,1.5855334997177124,1.844425654411316,3
2,upperarm_l,1.4041943152745564,1.3754655122756958,1.4493655443191529,3
5,ball_l,1.379913051923116,1.3424477577209473,1.4764918327331542,3
9,foot_l,1.338322361310323,1.0723730325698853,1.7420698404312134,3
56,foot_r,1.3363097111384075,1.518812656402588,1.6651241302490234,3
40,thigh_l,1.3289261261622112,1.3433681726455688,1.4927247285842895,3
22,foot_l,1.317631483078003,0.9278063774108887,1.98362512588501,3
1,foot_l,1.3082869450251262,1.0461140871047974,1.7087710618972778,3
72,calf_l,1.2954001426696777,1.2552824020385742,1.3716193199157716,3
45,foot_l,1.2951200405756633,1.3548779487609863,1.435209083557129,3
2,lowerarm_l,1.2913021643956502,1.2133488655090332,1.5239704132080079,3
4,hand_r,1.2870731353759766,1.2513442039489746,1.4252269744873047,3
54,foot_r,1.2774625023206074,1.388214349746704,1.436143445968628,3
74,foot_r,1.2763648827870686,1.085253357887268,1.6106666803359986,3
26,hand_r,1.2668561538060505,1.317238450050354,1.3465088129043579,3
58,foot_r,1.2576352953910828,1.3807685375213623,1.5102950572967528,3
2,thigh_l,1.2471985419591267,1.2819812297821045,1.385193395614624,3
85,upperarm_l,1.2410035133361816,1.294756293296814,1.2981163740158081,3
52,foot_r,1.2407792409261067,1.3119834661483765,1.4182142972946168,3
51,ball_r,1.2399682402610779,1.4077180624008179,1.6655991315841674,3
33,foot_l,1.2394830187161763,1.4698843955993652,1.646789264678955,3
6,foot_r,1.238464633623759,1.4493669271469116,1.5111448049545289,3
71,foot_r,1.2365293502807617,1.1654813289642334,1.571674680709839,3
85,foot_l,1.207681655883789,1.2209817171096802,1.4625010728836059,3
82,calf_r,1.2028770049413045,1.2747087478637695,1.314354705810547,3
35,thigh_l,1.2005767226219177,1.3399755954742432,1.510291051864624,3
4,upperarm_r,1.1975236336390178,1.2768521308898926,1.283649730682373,3
10,foot_l,1.1603404680887859,0.7834625840187073,1.703900444507599,3
25,foot_l,1.1471806168556213,0.9896311163902283,1.6058911204338073,3
33,calf_l,1.139461596806844,0.9136992692947388,1.4602884531021119,3
5,thigh_l,1.1387229760487874,1.0878108739852905,1.304068922996521,3
80,calf_r,1.1268726984659831,1.1269298791885376,1.241219735145569,3
58,upperarm_l,1.1090939044952393,1.0245126485824585,1.2777957677841187,3
26,foot_l,1.0973798632621765,0.9425767064094543,1.4703536629676819,3
44,foot_l,1.081387718518575,0.962582528591156,1.3227586627006531,3
57,foot_r,1.078375260035197,1.2079938650131226,1.2954378843307495,3
41,thigh_l,1.0722160538037617,1.1757935285568237,1.2068930387496948,3
2,foot_r,1.0662579238414764,1.349703311920166,1.393382453918457,3
47,foot_r,1.0653775930404663,1.0004127025604248,1.2325435161590577,3
58,thigh_r,1.063734531402588,1.1703155040740967,1.1804452419281006,3
26,calf_l,1.0596581101417542,1.001623511314392,1.1668279409408568,3
0,thigh_r,1.0572768648465474,1.0535615682601929,1.3031326055526733,3
84,foot_r,1.0517770250638325,0.9930440187454224,1.286907696723938,3
46,ball_r,1.050764540831248,0.8263891935348511,1.4031899213790893,3
5,lowerarm_l,1.0400286515553792,1.1247423887252808,1.2284001111984253,3
44,ball_l,1.038763403892517,0.9632543325424194,1.1565035581588745,3
5,foot_r,1.03843758503596,1.0543818473815918,1.0735365867614746,3
39,foot_l,1.0380269885063171,0.9062358140945435,1.2351593255996705,3
50,foot_r,1.0337161819140117,1.171294093132019,1.2432970762252809,3
11,foot_l,1.0333053072293599,0.7926565408706665,1.3886265993118285,3
30,thigh_l,1.0280583500862122,0.9638476967811584,1.2134934544563294,3
0,foot_r,1.013414055109024,1.086877465248108,1.3822688341140748,3
26,hand_l,1.0121318697929382,0.9528026580810547,1.104738998413086,3
81,thigh_r,1.0092662970225017,1.0394502878189087,1.1260847330093384,3
77,calf_r,1.0038998921712239,1.060515284538269,1.0719972372055053,3
71,thigh_l,0.9958913326263428,1.0620265007019043,1.1926205635070801,3
31,hand_l,0.9953793485959371,1.0358768701553345,1.0904364824295043,3
84,thigh_l,0.9927687048912048,1.0436673164367676,1.08223876953125,3
61,calf_l,0.9891750812530518,0.9967247247695923,1.0210972070693969,3
1,lowerarm_l,0.986494799455007,1.0176602602005005,1.1802988290786742,3
4,foot_r,0.98273233572642,0.9220325350761414,1.157666528224945,3
85,calf_l,0.9798769950866699,0.9579380750656128,1.0242887258529663,3
1,ball_l,0.9695366223653158,1.0615646839141846,1.113162088394165,3
5,foot_l,0.9646504322687784,0.9018190503120422,1.2337205529212951,3
63,ball_l,0.9555496772130331,0.9658793807029724,0.9828261733055115,3
20,foot_l,0.9554142157236735,1.1191394329071045,1.2042917728424072,3
84,ball_l,0.9495827158292135,0.8749994039535522,1.0616235494613648,3
28,foot_l,0.9470950961112976,1.1304771900177002,1.1884605884552002,3
43,foot_l,0.9455169836680094,0.8763517737388611,1.1303951144218445,3
40,ball_l,0.9377562999725342,0.9666759371757507,1.034604012966156,3
62,ball_l,0.925718088944753,0.9151757955551147,0.9765546560287476,3
28,calf_l,0.923537532488505,0.9797013998031616,0.9860695600509644,3
17,thigh_l,0.9215926130612692,0.7987419962882996,1.1904054045677186,3
2,calf_r,0.9149113496144613,0.9192811250686646,1.053017544746399,3
59,thigh_l,0.9122089346249899,0.9146173000335693,1.092526388168335,3
71,foot_l,0.9028624693552653,0.975215494632721,1.1044818997383117,3
33,thigh_l,0.8950539827346802,0.7405152916908264,1.150403130054474,3
24,hand_r,0.8914069732030233,0.8991567492485046,0.928606116771698,3
30,foot_l,0.879613975683848,0.6501466035842896,1.2727111101150512,3
0,thigh_l,0.8756674329439799,0.9316439032554626,1.0655790209770202,3
68,foot_r,0.8702588379383087,1.1237003803253174,1.145648717880249,3
2,hand_r,0.8668069839477539,0.8469265699386597,1.0416558980941772,3
1,thigh_l,0.8662061293919882,0.9069398641586304,0.9155782461166382,3
38,thigh_l,0.8627768158912659,0.9779825806617737,1.0715005993843079,3
19,foot_l,0.862382968266805,0.8019967675209045,1.06341153383255,3
27,foot_l,0.8615823785463969,0.8384355306625366,1.2678505659103394,3
84,foot_l,0.8584961891174316,0.9144890308380127,1.0168891429901123,3
37,calf_l,0.8579272826512655,0.880342423915863,0.9608970999717712,3
27,ball_l,0.8560005029042562,0.8625786900520325,0.9191115975379944,3
41,ball_r,0.8545292814572653,0.7827138900756836,1.0061043739318847,3
75,calf_r,0.8525776267051697,0.9182502031326294,0.9415208578109742,3
30,hand_r,0.8482669989267985,0.7656181454658508,1.0781787514686585,3
58,ball_l,0.8464359243710836,0.8584171533584595,0.9063584089279175,3
84,upperarm_l,0.8419418136278788,0.870602011680603,0.9791743993759155,3
53,upperarm_l,0.8409123023351034,0.7760061621665955,0.9920301318168641,3
13,hand_l,0.8401957949002584,0.8248793482780457,0.9165799498558045,3
21,foot_l,0.8401631017525991,0.681198239326477,1.2925297021865845,3
31,hand_r,0.8394424517949423,0.7680151462554932,1.009891939163208,3
48,foot_r,0.8262056310971578,0.7736093997955322,1.0926536083221436,3
33,hand_r,0.8244895736376444,0.7596609592437744,1.035017728805542,3
76,calf_r,0.8190492391586304,0.8555393815040588,0.9393632054328919,3
83,foot_r,0.8155679702758789,0.7797924876213074,0.9196999430656433,3
59,foot_r,0.8148882687091827,1.0214459896087646,1.0617784976959228,3
0,lowerarm_l,0.8112347920735677,0.8018812537193298,0.9832890391349792,3
63,hand_l,0.810022751490275,0.7727948427200317,0.9087230920791626,3
81,foot_r,0.8098382353782654,0.6917955279350281,0.9757771849632263,3
64,foot_r,0.8079003095626831,0.8354311585426331,0.8945714592933655,3
14,hand_r,0.8029048244158427,0.7877140641212463,0.9151285290718079,3
1,upperarm_l,0.8007698456446329,0.7202240228652954,0.9538488626480103,3
2,ball_l,0.800127903620402,0.7649645209312439,0.8552262663841248,3
73,thigh_r,0.799867848555247,0.762420117855072,0.9811721682548523,3
79,foot_r,0.7997373342514038,0.8732869029045105,1.0397006392478942,3
8,ball_l,0.7967521746953329,0.7636277675628662,0.9354479312896729,3
0,upperarm_l,0.7958096464474996,0.8329263925552368,1.0264357805252076,3
14,upperarm_r,0.7839009960492452,0.8014037013053894,0.8510897517204284,3
11,hand_r,0.7779403924942017,0.7538250088691711,0.8510031819343566,3
5,upperarm_l,0.7778722842534384,0.7373276948928833,0.8493894338607788,3
84,calf_r,0.7774277925491333,0.6854025721549988,0.950459897518158,3
20,upperarm_l,0.7769510746002197,0.8180549144744873,0.947610330581665,3
78,foot_r,0.7764507929484049,0.998573362827301,1.027452290058136,3
75,foot_r,0.7752873202164968,0.9270805716514587,1.08543461561203,3
13,hand_r,0.7748161554336548,0.700102686882019,0.9037412405014038,3
22,thigh_l,0.7740619579950968,0.8614715933799744,1.0341297030448913,3
72,thigh_r,0.773270308971405,0.7628918886184692,0.9080613374710083,3
67,calf_l,0.7732492884000143,0.7583265900611877,0.9193342804908753,3
19,upperarm_l,0.7724332610766093,0.8085362911224365,0.9504222393035888,3
25,lowerarm_l,0.7701200445493063,0.8996403217315674,0.9565666198730469,3
5,thigh_r,0.7694653669993082,0.7102189660072327,0.8590007424354553,3
34,thigh_r,0.7684324781099955,0.8214706778526306,0.9427820086479187,3
57,ball_r,0.76626588900884,0.8881608843803406,0.9471364855766297,3
53,thigh_l,0.763519803682963,0.7484678030014038,0.9584115743637085,3
46,foot_l,0.7599238355954488,0.7795583605766296,0.9478488802909851,3
85,thigh_l,0.7567858894666036,0.740665853023529,0.8427263617515564,3
18,upperarm_l,0.751567522684733,0.7894162535667419,0.9182254672050476,3
72,thigh_l,0.7514774401982626,0.7271292209625244,0.9464617252349854,3
11,ball_l,0.7499048709869385,0.7394760847091675,0.8637809991836548,3
45,ball_r,0.7498297293980917,0.7551764249801636,0.9666070699691772,3
74,thigh_r,0.7495968540509542,0.7103477120399475,0.8479225754737854,3
67,foot_r,0.7446452577908834,0.9178429841995239,0.9682340383529663,3
58,lowerarm_l,0.7437154054641724,0.6760339140892029,0.8710761904716492,3
68,calf_l,0.7384729981422424,0.7307595014572144,0.826795220375061,3
40,calf_l,0.7378498315811157,0.6995514631271362,0.859480881690979,3
51,foot_r,0.7369670271873474,0.8545647263526917,0.9271358609199524,3
47,foot_l,0.7359340240557989,0.6443168520927429,1.1905579924583436,3
72,foot_r,0.7348858217398325,0.7029988765716553,0.9594274997711182,3
63,foot_l,0.7289368311564127,0.5955143570899963,1.0308443188667298,3
4,thigh_r,0.7275022665659586,0.761057436466217,0.7767436146736145,3
2,RUpArmTwist_l_01,0.7264395157496134,0.8050398230552673,0.8649880766868592,3
3,foot_l,0.722018321355184,0.6482192277908325,1.0303614854812622,3
36,calf_l,0.7200203537940979,0.6983629465103149,0.8331570863723755,3
49,foot_r,0.7196102440357208,0.7118671536445618,1.0027315735816955,3
59,calf_l,0.713536262512207,0.6807335019111633,0.7699552655220032,3
1,upperarm_r,0.713045060634613,0.7291096448898315,0.7914474725723266,3
34,foot_r,0.711587647596995,0.7200477719306946,0.8404164433479309,3
76,foot_r,0.7097504834334055,0.5606881976127625,1.0407527327537536,3
85,upperarm_r,0.7082288165887197,0.7601651549339294,0.8797760367393493,3
15,calf_l,0.7066863775253296,0.5148934721946716,0.9971006274223329,3
22,hand_r,0.7032307187716166,0.6389400362968445,0.8102907061576843,3
41,hand_r,0.7031095822652181,0.6893330216407776,0.7265209317207336,3
7,ball_l,0.700989842414856,0.7552888989448547,0.7831746697425842,3
4,foot_l,0.6999684274196625,0.5788595676422119,1.0974764347076416,3
69,thigh_l,0.6998917460441589,0.7321206331253052,0.7669809579849243,3
64,hand_l,0.6985022226969401,0.6439194679260254,0.786640739440918,3
17,upperarm_l,0.695150246222814,0.7299829721450806,0.8751507043838501,3
24,upperarm_r,0.6926945249239603,0.7246468663215637,0.731443464756012,3
14,LCalfTwist_03,0.6906318664550781,0.7141313552856445,0.7183199882507324,3
35,hand_r,0.6888076861699423,0.6475806832313538,0.9031715989112854,3
44,ball_r,0.6887167791525522,0.7801883220672607,0.788393211364746,3
75,upperarm_r,0.6864732901255289,0.7227436900138855,0.7335027098655701,3
24,lowerarm_l,0.6846713821093241,0.825770914554596,0.8995889782905578,3
56,ball_r,0.6822895308335623,0.821955680847168,0.8940711975097656,3
85,hand_r,0.6805060903231303,0.5474610924720764,0.8787223935127259,3
58,RUpArmTwist_l_01,0.6794011294841766,0.7925106883049011,0.8061779379844666,3
19,RUpArmTwist_l_01,0.6788985729217529,0.5360202789306641,0.9362500190734864,3
82,thigh_r,0.6782010793685913,0.6852731704711914,0.7865996360778809,3
59,upperarm_l,0.6778152883052826,0.46561500430107117,1.0171381413936615,3
0,foot_l,0.6776896218458811,0.6065744161605835,1.0765031576156616,3
29,ball_l,0.6737979451815287,0.6785533428192139,0.7154409885406494,3
77,foot_r,0.6716804007689158,0.7653105854988098,0.7831817746162415,3
17,calf_l,0.6702526013056437,0.5673494935035706,0.9448992848396301,3
58,foot_l,0.6691597203413645,0.65627521276474,0.9855838656425476,3
59,ball_l,0.6684858004252116,0.637220025062561,0.7607512712478638,3
80,foot_r,0.6663896143436432,0.7722508907318115,0.7882066249847413,3
30,upperarm_l,0.6649638414382935,0.6994624137878418,0.8287659645080566,3
14,hand_l,0.6639479796091715,0.6294283270835876,0.755729329586029,3
39,thigh_l,0.6639363765716553,0.7344818115234375,0.7409839153289794,3
6,calf_l,0.661470353603363,0.6377569437026978,0.900655198097229,3
69,calf_l,0.6602084835370382,0.7166270613670349,0.7268214583396911,3
73,calf_l,0.6576298475265503,0.6908154487609863,0.7359659671783447,3
67,thigh_l,0.6569682161013285,0.6336168646812439,0.7317097544670105,3
66,foot_r,0.6559943159421285,0.7177316546440125,0.8599748492240906,3
82,foot_r,0.6543728411197662,0.7223238945007324,0.865523099899292,3
20,RUpArmTwist_l_01,0.6529966791470846,0.5203702449798584,0.9158445835113526,3
34,hand_r,0.652353415886561,0.5164286494255066,0.8678227305412293,3
24,foot_l,0.6523530681927999,0.7631903290748596,0.9428332448005676,3
48,foot_l,0.6518170237541199,0.5965915322303772,0.7805947422981262,3
24,RUpArmTwist_l_01,0.6512259940306345,0.730073869228363,0.8473464369773864,3
10,thigh_r,0.6506236493587494,0.7070179581642151,0.8203457474708558,3
14,LCalfTwist_01,0.6492266754309336,0.6617915630340576,0.7715950012207031,3
18,hand_r,0.6489307284355164,0.6225101351737976,0.7427726149559021,3
13,LCalfTwist_03,0.6473652521769205,0.6473267078399658,0.662561559677124,3
18,RUpArmTwist_l_01,0.6448167661825815,0.5316007137298584,0.8510777473449707,3
81,hand_l,0.6420274575551351,0.5961818099021912,0.7273515105247498,3
58,ball_r,0.6410146355628967,0.6955199241638184,0.7869284629821778,3
46,thigh_l,0.6403940816720327,0.7178118228912354,0.7444679260253906,3
14,LCalfTwist_02,0.6390710473060608,0.6211968660354614,0.68867928981781,3
61,foot_r,0.6387788752714793,0.7111731767654419,0.7766692876815796,3
62,ball_r,0.6354033748308817,0.597364604473114,0.8040448069572449,3
9,foot_r,0.6319042841593424,0.6961604356765747,0.7443026304244995,3
2,hand_l,0.631365954875946,0.6509701013565063,0.7187291860580445,3
54,calf_r,0.6305452783902487,0.6133479475975037,0.7383254408836365,3
81,foot_l,0.6286195119222006,0.5817332863807678,0.793835461139679,3
83,foot_l,0.628318727016449,0.5884464979171753,0.8908502340316773,3
66,upperarm_l,0.6280076205730438,0.5638004541397095,0.8256934881210327,3
64,foot_l,0.6278891960779825,0.4804217517375946,0.857117360830307,3
19,thigh_l,0.625850627819697,0.5902326703071594,0.9797123551368714,3
64,ball_l,0.625585118929545,0.6259639263153076,0.6750076293945313,3
70,calf_r,0.6234871049722036,0.5550209283828735,0.791311526298523,3
8,foot_l,0.6233218411604563,0.49187368154525757,0.9792006373405457,3
82,foot_l,0.6217372417449951,0.5230727791786194,0.7977681756019592,3
23,foot_l,0.6202881634235382,0.5484615564346313,0.9941314935684205,3
45,upperarm_l,0.6198043425877889,0.5307989716529846,0.7622588276863098,3
65,upperarm_l,0.6182592312494913,0.5878738164901733,0.758328127861023,3
1,spine_02,0.6166771650314331,0.5592682957649231,0.697120726108551,3
61,thigh_l,0.6163858970006307,0.5847165584564209,0.7437042236328125,3
68,thigh_l,0.6142851114273071,0.6029898524284363,0.6574575781822205,3
72,foot_l,0.6121679345766703,0.7534162998199463,0.9112897872924804,3
25,hand_r,0.611856202284495,0.6174741983413696,0.6424926519393921,3
53,calf_r,0.6112031042575836,0.6919429898262024,0.705292284488678,3
23,RUpArmTwist_l_01,0.6102415025234222,0.7124550938606262,0.8079098343849183,3
37,thigh_r,0.6098258992036184,0.6170912981033325,0.7653771162033081,3
77,thigh_r,0.6098123788833618,0.6865200400352478,0.7375311255455017,3
21,hand_l,0.6089549859364828,0.5660322904586792,0.681984257698059,3
22,thigh_r,0.6078107158342997,0.6668614149093628,0.8230174779891968,3
34,thigh_l,0.6073074738184611,0.5726414918899536,0.6622098684310913,3
4,RUpArmTwist_r_01,0.6063980162143707,0.6667296290397644,0.8740293860435486,3
83,thigh_r,0.6062726577123007,0.5658121705055237,0.6770825505256652,3
6,calf_r,0.6059355636437734,0.657310426235199,0.6701787829399108,3
64,upperarm_l,0.6049205561478933,0.4997706115245819,0.8052762925624848,3
85,ball_r,0.6044625838597616,0.6264275908470154,0.652683961391449,3
5,hand_l,0.6031448642412821,0.6005058288574219,0.658269739151001,3
84,calf_l,0.6031050880750021,0.55240797996521,0.6867729187011719,3
19,hand_l,0.6024781664212545,0.6521091461181641,0.6759137630462646,3
29,thigh_l,0.6009303828080496,0.580731213092804,0.8025034546852112,3
41,upperarm_r,0.6001822153727213,0.6495691537857056,0.6570749998092651,3
3,spine_02,0.5991089940071106,0.6525598168373108,0.6969675660133362,3
6,lowerarm_l,0.5990118682384491,0.570510745048523,0.7934641599655151,3
23,hand_r,0.5973925789197286,0.5308288335800171,0.6964215517044068,3
29,lowerarm_l,0.596599668264389,0.5124503970146179,0.8461021780967712,3
62,hand_l,0.59599769115448,0.5643194913864136,0.6855785131454468,3
10,hand_r,0.5946537057558695,0.54485023021698,0.6899401903152466,3
78,thigh_r,0.5944514373938242,0.587772011756897,0.6793364763259888,3
65,foot_r,0.5938777724901835,0.43627244234085083,0.8443169236183167,3
30,calf_l,0.5928261677424113,0.3832436800003052,0.8954168558120728,3
29,upperarm_l,0.5926661491394043,0.7207395434379578,0.8140375971794128,3
17,ball_l,0.5919895271460215,0.6311390995979309,0.7507276654243469,3
71,thigh_r,0.591792474190394,0.6433520913124084,0.6548039555549622,3
33,upperarm_r,0.590505063533783,0.5480446815490723,0.6533464908599853,3
22,lowerarm_r,0.5896259347597758,0.5329163670539856,0.6768658757209778,3
65,thigh_l,0.5892142852147421,0.6154686212539673,0.6170903444290161,3
40,hand_r,0.588237484296163,0.5884607434272766,0.6009796261787415,3
2,foot_l,0.585841695467631,0.5840772390365601,0.6934212446212769,3
69,foot_r,0.5842839479446411,0.6195966601371765,0.7131354212760925,3
62,foot_l,0.5822626948356628,0.4512786567211151,0.7755037724971772,3
7,hand_l,0.5812897682189941,0.5716868042945862,0.6207631707191468,3
7,foot_r,0.5812261501948038,0.589244544506073,0.613777244091034,3
59,RUpArmTwist_l_01,0.5802578826745352,0.6781570911407471,0.679396104812622,3
81,upperarm_l,0.5778153340021769,0.4765775799751282,0.7400537133216858,3
26,lowerarm_l,0.5777689119180044,0.6911640763282776,0.7490988850593567,3
40,foot_r,0.5747844477494558,0.4433801770210266,0.7769168972969055,3
42,ball_r,0.5729212860266367,0.5303298830986023,0.6601354002952575,3
26,upperarm_l,0.572677344083786,0.6595578789710999,0.7327368855476379,3
34,calf_l,0.5726771255334219,0.6101860404014587,0.7005071043968201,3
0,hand_l,0.5722418626149496,0.6156138181686401,0.6935223817825318,3
46,upperarm_l,0.5718648334344228,0.5398740172386169,0.730266559123993,3
60,foot_l,0.5716406504313151,0.5420925617218018,0.721616268157959,3
35,calf_l,0.5705208977063497,0.5861377716064453,0.7088338375091553,3
27,thigh_l,0.5681405464808146,0.5673871636390686,0.7396846413612366,3
38,hand_r,0.5672401388486227,0.611119270324707,0.6158186435699463,3
13,LCalfTwist_01,0.5670905013879141,0.592872679233551,0.6961993336677551,3
49,hand_l,0.5670067667961121,0.6200537085533142,0.6308840632438659,3
12,thigh_r,0.5666573991378149,0.3095315992832184,1.0415675938129425,3
54,upperarm_r,0.564989964167277,0.5871580839157104,0.5940213918685913,3
59,foot_l,0.5644963582356771,0.525172233581543,0.7550126075744629,3
32,hand_r,0.5634519855181376,0.4821881353855133,0.7615001976490021,3
66,ball_l,0.5632132490475973,0.5438633561134338,0.6237527012825013,3
25,RUpArmTwist_l_01,0.5625804662704468,0.5849536061286926,0.7484392762184143,3
6,thigh_r,0.562089870373408,0.5958586931228638,0.6278062582015991,3
30,hand_l,0.561917910973231,0.5850226879119873,0.6213775157928467,3
26,upperarm_r,0.5617007315158844,0.5952551960945129,0.5977832436561584,3
73,foot_r,0.5615172485510508,0.6162831783294678,0.7001051425933837,3
61,hand_r,0.5610179901123047,0.5194712281227112,0.6523952603340148,3
65,hand_l,0.5589567025502523,0.5019527673721313,0.6431953191757203,3
81,hand_r,0.5582805871963501,0.5438985824584961,0.6152356624603271,3
23,lowerarm_l,0.5580049753189087,0.703389585018158,0.7085484385490417,3
53,foot_l,0.556305060784022,0.46942657232284546,0.7971788287162781,3
9,thigh_l,0.5538786152998606,0.6105856895446777,0.7181100845336914,3
58,upperarm_r,0.552390327056249,0.5464325547218323,0.6772286057472229,3
6,upperarm_l,0.5517922639846802,0.5779982209205627,0.5848544239997864,3
74,hand_l,0.5510712365309397,0.5051566958427429,0.6389331698417664,3
24,RUpArmTwist_r_01,0.5495117257038752,0.7196129560470581,0.7518142938613892,3
69,calf_r,0.5469717482725779,0.5451910495758057,0.6362937927246094,3
85,neck_01,0.5465775430202484,0.5457115173339844,0.7374557495117188,3
14,calf_l,0.5451246400674185,0.36591261625289917,0.8123723387718201,3
44,foot_r,0.5439785222212473,0.6141543388366699,0.6814147472381592,3
63,ball_r,0.543194462855657,0.5255241394042969,0.6756409168243408,3
51,thigh_l,0.5411737064520518,0.6196444630622864,0.7029151082038879,3
32,ball_l,0.5396307706832886,0.5329628586769104,0.5799981713294983,3
3,upperarm_r,0.5391402244567871,0.6529275178909302,0.6569782495498657,3
73,hand_r,0.5377739469210306,0.5405861139297485,0.652330470085144,3
46,hand_l,0.537766844034195,0.5732767581939697,0.6332811832427978,3
8,foot_r,0.5359952449798584,0.5844852328300476,0.6162787318229676,3
53,thigh_r,0.5350310603777567,0.4780178368091583,0.6149823725223541,3
33,foot_r,0.5333544611930847,0.5773283839225769,0.6432433009147644,3
43,foot_r,0.5321105420589447,0.5174612998962402,0.6024305820465088,3
27,hand_l,0.5319970746835073,0.45564672350883484,0.6408091485500336,3
41,thigh_r,0.5309587121009827,0.5171540379524231,0.5590448498725891,3
1,foot_r,0.5302266329526901,0.6006128787994385,0.7602054595947265,3
61,upperarm_r,0.5293627878030142,0.5300096869468689,0.5597380518913269,3
49,foot_l,0.5289846360683441,0.5246137976646423,0.6877086520195007,3
52,upperarm_l,0.5280314385890961,0.5306503772735596,0.6636078357696533,3
37,foot_r,0.5276221632957458,0.5864487886428833,0.7334328889846802,3
58,calf_r,0.527196447054545,0.5099796652793884,0.5743131518363953,3
48,ball_l,0.5267642140388489,0.5664337873458862,0.5969812154769898,3
21,hand_r,0.5266565283139547,0.5190761089324951,0.5786129474639893,3
13,LCalfTwist_02,0.5257808864116669,0.5254207253456116,0.5605238080024719,3
42,thigh_l,0.5254620214303335,0.4247617721557617,0.7702519416809083,3
20,lowerarm_l,0.5252529184023539,0.4219019412994385,0.7348953723907471,3
26,thigh_l,0.5232680390278498,0.6093327403068542,0.7165797591209412,3
60,ball_r,0.5226494669914246,0.551881730556488,0.6226044058799743,3
23,upperarm_l,0.5225391288598379,0.44421231746673584,0.780912184715271,3
30,lowerarm_l,0.522220253944397,0.42564424872398376,0.6601109206676483,3
75,upperarm_l,0.520247240861257,0.6242297887802124,0.7529186487197876,3
56,thigh_r,0.5196106433868408,0.572576642036438,0.6018437623977662,3
2,spine_02,0.5180777907371521,0.5409391522407532,0.6239345669746399,3
13,lowerarm_l,0.5176088710625967,0.4793921411037445,0.7684000194072723,3
65,foot_l,0.5163332124551138,0.41490277647972107,0.6872488677501678,3
39,thigh_r,0.516170342763265,0.532072901725769,0.5907847642898559,3
11,thigh_r,0.5160455107688904,0.5396427512168884,0.6020047068595886,3
36,foot_r,0.5160374244054159,0.48631370067596436,0.7236647367477417,3
61,foot_l,0.5157589614391327,0.5548608303070068,0.71920166015625,3
84,hand_r,0.5156961679458618,0.5562561750411987,0.6298837900161743,3
77,foot_l,0.5151409010092417,0.44992178678512573,0.6209105849266052,3
34,ball_r,0.5144432385762533,0.4993589222431183,0.6224867403507233,3
39,upperarm_l,0.5106585423151652,0.391132116317749,0.7371912956237793,3
75,foot_l,0.5100603699684143,0.4829081892967224,0.6244179606437683,3
47,thigh_l,0.5099043846130371,0.5236290693283081,0.6794676065444947,3
84,upperarm_r,0.5088335076967875,0.5769949555397034,0.6067182183265686,3
78,foot_l,0.5087544918060303,0.5669772624969482,0.6640868186950684,3
18,ball_l,0.5085961918036143,0.4440383017063141,0.6983206570148468,3
31,ball_l,0.5085299015045166,0.4894944131374359,0.5677107512950897,3
1,hand_l,0.508026917775472,0.5311528444290161,0.6143378019332886,3
19,hand_r,0.5078334013621012,0.47348669171333313,0.6359723150730133,3
39,upperarm_r,0.5076547066370646,0.5217618942260742,0.5337888717651367,3
14,thigh_l,0.507641484340032,0.49988457560539246,0.6264969766139984,3
20,thigh_l,0.5075007677078247,0.5491440892219543,0.5853032231330871,3
55,thigh_l,0.5074136157830557,0.5063142776489258,0.603190803527832,3
28,upperarm_l,0.507179836432139,0.49337413907051086,0.6836916983127594,3
12,thigh_l,0.506926417350769,0.4893474280834198,0.6868557870388031,3
58,thigh_l,0.5062921345233917,0.4308454394340515,0.613228690624237,3
22,upperarm_l,0.5061421990394592,0.48663198947906494,0.6924082040786743,3
21,foot_r,0.5020007491111755,0.5028601884841919,0.5731510400772095,3
60,upperarm_l,0.5005699098110199,0.4882998764514923,0.5298035204410553,3
62,foot_r,0.4975920518239339,0.520622193813324,0.6061707854270935,3
69,upperarm_r,0.49682867527008057,0.515304446220398,0.5796019792556762,3
36,ball_r,0.4962997039159139,0.46562692523002625,0.5996680200099945,3
20,hand_l,0.4953609009583791,0.5376683473587036,0.5699519395828248,3
63,foot_r,0.4948004384835561,0.49338293075561523,0.5327349662780761,3
20,calf_l,0.4940267999966939,0.3175189793109894,0.8134800970554352,3
35,ball_r,0.49327324827512103,0.48038429021835327,0.5957118391990661,3
24,thigh_l,0.4923257331053416,0.5293831825256348,0.5779304504394531,3
63,upperarm_r,0.49080387751261395,0.518667995929718,0.5459973931312561,3
20,thigh_r,0.49073678255081177,0.45015856623649597,0.6605980813503265,3
54,foot_l,0.49052007496356964,0.4914208650588989,0.7002488374710083,3
68,foot_l,0.48978444933891296,0.3380283713340759,0.8203967928886414,3
79,foot_l,0.4888931214809418,0.5791419744491577,0.6720560312271118,3
76,thigh_r,0.48849095900853473,0.5565045475959778,0.5679159283638,3
49,thigh_l,0.4879905581474304,0.35317957401275635,0.6963141202926636,3
52,thigh_l,0.4874391456445058,0.4693826138973236,0.552488487958908,3
18,calf_l,0.4866931587457657,0.4160888195037842,0.7494771003723145,3
58,hand_l,0.48537198702494305,0.5133732557296753,0.5641074419021607,3
12,foot_r,0.48509080211321515,0.45922890305519104,0.6114124119281769,3
21,thigh_l,0.48467962940533954,0.42742395401000977,0.6111641883850097,3
31,neck_01,0.48411858081817627,0.48297277092933655,0.5230417549610138,3
30,foot_r,0.48341672619183856,0.481849730014801,0.49547821283340454,3
2,clavicle_l,0.48279520869255066,0.4709451198577881,0.5136061668395996,3
47,calf_r,0.481174240509669,0.48282432556152344,0.5887961864471436,3
85,pinky_01_r,0.48102053503195447,0.6036922931671143,0.640183973312378,3
50,foot_l,0.4808798134326935,0.4699421525001526,0.7309188485145569,3
67,foot_l,0.4801912655433019,0.3783927857875824,0.7262429416179658,3
57,upperarm_l,0.4796449542045593,0.4051167368888855,0.7428874373435974,3
22,upperarm_r,0.479591300090154,0.44400155544281006,0.5741836309432984,3
0,upperarm_r,0.4786764482657115,0.47225138545036316,0.5230792462825775,3
26,RUpArmTwist_r_01,0.47630280752976734,0.6018718481063843,0.6425507307052613,3
46,thigh_r,0.47561564048131305,0.5520943999290466,0.6573282599449157,3
37,ball_r,0.4748818874359131,0.46959957480430603,0.5521146476268768,3
38,upperarm_l,0.47465115785598755,0.3698546290397644,0.6924102663993835,3
34,upperarm_l,0.4746214648087819,0.5137680172920227,0.5235827565193176,3
56,thigh_l,0.47446837027867633,0.3437473177909851,0.7216913580894471,3
39,spine_01,0.4743017355600993,0.37229275703430176,0.6274640083312988,3
9,upperarm_l,0.4740220407644908,0.4246290326118469,0.5500309109687805,3
80,foot_l,0.47336138288180035,0.5195513367652893,0.672243082523346,3
23,thigh_l,0.47301251689593,0.5471249222755432,0.5949586033821106,3
17,RUpArmTwist_l_01,0.4730074107646942,0.3464134633541107,0.6603208243846893,3
45,thigh_l,0.471894234418869,0.5581819415092468,0.6517557024955749,3
51,foot_l,0.47186824679374695,0.6336794495582581,0.6604296803474426,3
33,thigh_r,0.47146639227867126,0.45729732513427734,0.6109359741210938,3
70,foot_r,0.4707482357819875,0.3657565712928772,0.6929237008094787,3
38,foot_r,0.47054993112881977,0.5384294390678406,0.5407275080680847,3
12,ring_01_r,0.4702613254388173,0.4680081307888031,0.5213720023632049,3
82,thigh_l,0.47007150451342267,0.4970115125179291,0.5387928187847137,3
0,lowerarm_r,0.46996256709098816,0.5300177931785583,0.551984441280365,3
0,ball_r,0.4697139064470927,0.40035998821258545,0.5718631029129029,3
24,upperarm_l,0.46916211644808453,0.36280936002731323,0.6709945559501648,3
67,calf_r,0.468587468067805,0.43451181054115295,0.5969795048236847,3
41,ring_01_r,0.4680607517560323,0.4582292437553406,0.5249945044517517,3
83,hand_r,0.4676065941651662,0.36603277921676636,0.6512908816337586,3
80,thigh_l,0.46750213702519733,0.4861563742160797,0.5471743404865265,3
49,ring_01_r,0.46698753039042157,0.4370777904987335,0.5249231398105622,3
39,foot_r,0.4667773147424062,0.4743129312992096,0.5086985409259797,3
83,thigh_l,0.46654098232587177,0.44489413499832153,0.5473817467689515,3
20,hand_r,0.4665250976880391,0.4273638427257538,0.5935270726680756,3
40,upperarm_l,0.4662728508313497,0.35978153347969055,0.6577193796634674,3
31,upperarm_l,0.466174378991127,0.5486118793487549,0.73454909324646,3
25,upperarm_l,0.4660256505012512,0.5456863641738892,0.6278849840164185,3
16,foot_r,0.4655616879463196,0.545839250087738,0.587549340724945,3
69,foot_l,0.4654558002948761,0.331378310918808,0.7218551337718964,3
66,thigh_l,0.465443621079127,0.47199228405952454,0.5134492456912995,3
22,hand_l,0.4652465482552846,0.47238609194755554,0.4806254327297211,3
0,RUpArmTwist_r_01,0.4651024788618088,0.41603878140449524,0.6706023275852203,3
42,foot_r,0.46496737003326416,0.4367993474006653,0.5150062203407287,3
13,thigh_l,0.46475639939308167,0.542985200881958,0.5507087230682373,3
10,upperarm_r,0.4638185501098633,0.5081223249435425,0.553250002861023,3
52,foot_l,0.4635897974173228,0.3242034316062927,0.7155104041099548,3
55,foot_l,0.4634132385253906,0.5037807822227478,0.6375592589378357,3
11,thigh_l,0.4629291395346324,0.4933720529079437,0.5954695880413056,3
14,ring_01_r,0.46278876066207886,0.46356290578842163,0.5310901999473572,3
11,calf_l,0.4626065244277318,0.5126700401306152,0.655610466003418,3
47,ball_r,0.46191808581352234,0.48498302698135376,0.6085272431373596,3
31,ring_01_r,0.4614507059256236,0.47633132338523865,0.49261226058006286,3
19,RUpArmTwist_r_01,0.461426963408788,0.4148833453655243,0.6899249970912933,3
14,RUpArmTwist_l_01,0.46120739976565045,0.5104774832725525,0.5372838377952576,3
62,ring_01_r,0.4605562885602315,0.4894304573535919,0.4901550829410553,3
14,thigh_r,0.4598260323206584,0.48940446972846985,0.5882448732852936,3
18,thigh_l,0.45864709715048474,0.5054677128791809,0.7100817322731018,3
5,neck_01,0.4584573805332184,0.4903215765953064,0.4939733862876892,3
23,ball_l,0.45815951625506085,0.35430386662483215,0.6177975237369537,3
66,foot_l,0.4576735744873683,0.5426146388053894,0.6182317137718201,3
55,ball_r,0.45722393194834393,0.32789552211761475,0.7031924962997437,3
21,thigh_r,0.45693303644657135,0.5148122906684875,0.5913389801979065,3
25,thigh_l,0.4565960764884949,0.4512278735637665,0.5783688485622406,3
42,ring_01_r,0.4561660985151927,0.4389714300632477,0.5025740444660187,3
3,neck_01,0.4558452268441518,0.4425162076950073,0.4798341035842896,3
83,pinky_01_r,0.45575254658857983,0.5165448188781738,0.6316975116729736,3
65,calf_r,0.45514506101608276,0.41339167952537537,0.5208675563335419,3
76,upperarm_l,0.45474550127983093,0.5585184693336487,0.6028440117835998,3
8,hand_r,0.45427940289179486,0.36475837230682373,0.6203877687454223,3
61,thigh_r,0.45403339465459186,0.37307658791542053,0.5986328899860383,3
14,RUpArmTwist_r_01,0.453889121611913,0.5127978920936584,0.6483960747718811,3
31,ball_r,0.45388059814771015,0.4497092664241791,0.5335372149944305,3
27,ring_01_r,0.4525197048981984,0.459622323513031,0.5013989806175232,3
25,RUpArmTwist_r_01,0.45207737386226654,0.5812220573425293,0.5875484466552734,3
48,ring_01_r,0.4520711501439412,0.4339160621166229,0.48293163180351256,3
3,foot_r,0.45181505878766376,0.41640105843544006,0.6272663414478302,3
54,thigh_l,0.4514192044734955,0.46783921122550964,0.5023213326931,3
37,hand_l,0.45111432671546936,0.41789260506629944,0.5144974052906036,3
27,thigh_r,0.45063782731692,0.5337541699409485,0.56759272813797,3
50,ring_01_r,0.45056143403053284,0.45703843235969543,0.5248515665531158,3
31,foot_r,0.4504198022186756,0.5947431325912476,0.676413607597351,3
27,upperarm_l,0.4501974980036418,0.3618769645690918,0.652947998046875,3
85,spine_01,0.4492325286070506,0.45048466324806213,0.5975229561328887,3
85,ball_l,0.4487973252932231,0.44339293241500854,0.4744959235191345,3
13,ring_01_r,0.4483652114868164,0.4782886505126953,0.4910839796066284,3
24,RUpArmTwist_l_02,0.44818517565727234,0.4565662443637848,0.4746011316776276,3
26,ball_l,0.44797282417615253,0.47028782963752747,0.4918589413166046,3
66,calf_l,0.44792980949083966,0.4402930736541748,0.597452449798584,3
25,upperarm_r,0.44755322734514874,0.4861603379249573,0.48769775629043577,3
15,spine_02,0.44749672214190167,0.4497827887535095,0.5228398680686951,3
15,ring_01_r,0.4470992386341095,0.429260790348053,0.4962025284767151,3
13,thigh_r,0.4468127290407817,0.45106372237205505,0.520628708600998,3
70,upperarm_l,0.44666891793409985,0.2751990556716919,0.736567759513855,3
26,RUpArmTwist_l_01,0.44573016464710236,0.4658910036087036,0.6026151418685913,3
18,lowerarm_l,0.4455198148886363,0.39913374185562134,0.6044468522071839,3
54,upperarm_l,0.4455184539159139,0.36885175108909607,0.6268366515636444,3
73,thigh_l,0.44532085458437604,0.3652580678462982,0.5661615550518035,3
73,foot_l,0.4452360272407532,0.4397275745868683,0.5516405642032624,3
21,upperarm_l,0.4448363383611043,0.4048194885253906,0.5045470237731934,3
5,ring_01_r,0.4439554512500763,0.39206820726394653,0.5404572129249573,3
53,hand_l,0.44381415843963623,0.3785263001918793,0.5595428645610809,3
30,ring_01_r,0.4433026413122813,0.4472711384296417,0.4901993811130524,3
28,hand_r,0.4432230393091838,0.4368332028388977,0.49826117753982546,3
25,hand_l,0.4430986245473226,0.41972869634628296,0.5332511782646179,3
29,hand_l,0.44235775868097943,0.4508945047855377,0.5017790615558624,3
16,ring_01_r,0.4423060615857442,0.42101672291755676,0.481202632188797,3
0,head,0.4422595500946045,0.4990920126438141,0.5158699810504913,3
29,RUpArmTwist_l_01,0.44207234183947247,0.41343486309051514,0.6002902746200561,3
26,clavicle_l,0.4415077567100525,0.4440661072731018,0.48014007806777953,3
40,ring_01_r,0.44122371077537537,0.4244743883609772,0.5207342445850373,3
18,hand_l,0.44067078828811646,0.4007590711116791,0.5140433490276337,3
7,upperarm_r,0.4403265118598938,0.46418899297714233,0.5193721175193786,3
66,ball_r,0.43988874554634094,0.4186258614063263,0.529596334695816,3
6,thigh_l,0.4396890898545583,0.3372679650783539,0.6410229861736297,3
28,ball_l,0.4392463167508443,0.40425214171409607,0.4954047858715057,3
53,lowerarm_r,0.4391852815945943,0.4695250391960144,0.49846371412277224,3
4,neck_01,0.4389246900876363,0.4022888243198395,0.5418369114398957,3
69,hand_r,0.43888912598292035,0.44661426544189453,0.5203776836395264,3
3,ring_01_r,0.43815096219380695,0.4193035960197449,0.4991536021232605,3
85,lowerarm_l,0.438099205493927,0.47601425647735596,0.5392446279525757,3
2,head,0.43723785877227783,0.4567841589450836,0.5180103600025177,3
58,calf_l,0.43692593773206073,0.45383790135383606,0.4910962641239166,3
28,ring_01_r,0.4365595082441966,0.4367936849594116,0.4471512079238892,3
8,upperarm_l,0.43611666560173035,0.4494827091693878,0.5361050665378571,3
23,neck_01,0.436084121465683,0.41755345463752747,0.47215524315834045,3
27,hand_r,0.4354996879895528,0.4219410717487335,0.5756821215152741,3
59,hand_r,0.43534421920776367,0.3830292522907257,0.5602136671543121,3
14,upperarm_l,0.43527014056841534,0.3300125002861023,0.5884294390678406,3
26,ring_01_r,0.4352026879787445,0.40663906931877136,0.48264731764793395,3
19,foot_r,0.4351562162240346,0.5170884132385254,0.5484642028808594,3
31,head,0.4347803095976512,0.3691573441028595,0.5322112143039703,3
12,pinky_01_l,0.43439580996831256,0.4289105236530304,0.4518444359302521,3
29,ring_01_r,0.4342810312906901,0.43774762749671936,0.4566376268863678,3
7,ring_01_r,0.4340728720029195,0.3978631794452667,0.5240708410739898,3
75,hand_r,0.4335029621918996,0.4841274321079254,0.4872511446475983,3
60,ring_01_r,0.43286099036534625,0.39811259508132935,0.48626776933670046,3
19,lowerarm_l,0.4325744609038035,0.32462620735168457,0.590525484085083,3
13,spine_02,0.43232256174087524,0.37759944796562195,0.5856670796871185,3
37,hand_r,0.4317978819211324,0.47846564650535583,0.5060205638408661,3
15,hand_l,0.43091002106666565,0.39359793066978455,0.4915459811687469,3
64,upperarm_r,0.4295624792575836,0.42446786165237427,0.4721769213676453,3
1,hand_r,0.42943771680196124,0.3192949891090393,0.5846764206886291,3
56,foot_l,0.42929061750570935,0.5090929269790649,0.5297715425491333,3
59,ring_01_r,0.42893604437510174,0.4150902330875397,0.45434618592262266,3
33,ring_01_r,0.4284161527951558,0.4212496876716614,0.4398444056510925,3
71,upperarm_l,0.4281254957119624,0.3699356019496918,0.6303474605083466,3
37,ball_l,0.4278981685638428,0.46529480814933777,0.4830577790737152,3
9,hand_r,0.4277231991291046,0.4822799265384674,0.5567146599292755,3
8,ring_01_r,0.42759789029757184,0.38555508852005005,0.49784280061721803,3
43,thigh_l,0.4271744688351949,0.33121058344841003,0.6003009259700776,3
41,RUpArmTwist_r_02,0.42701345682144165,0.4196591377258301,0.44871695041656495,3
34,ball_l,0.4269461433092753,0.4241408407688141,0.5079346001148224,3
0,neck_01,0.4266946017742157,0.49647316336631775,0.5243636786937713,3
63,ring_01_r,0.42586445808410645,0.43905219435691833,0.4839059293270111,3
79,calf_r,0.42570724089940387,0.34896740317344666,0.5341993510723114,3
32,ball_r,0.4256835877895355,0.4409232437610626,0.5584890902042389,3
0,hand_r,0.425625205039978,0.27816975116729736,0.6526902437210084,3
32,ring_01_r,0.42556096116701764,0.4443378448486328,0.44464936256408694,3
4,ball_r,0.4254278639952342,0.4539355933666229,0.4866436183452606,3
57,ring_01_r,0.4250525236129761,0.4150283634662628,0.4645995914936066,3
50,ball_r,0.4249417781829834,0.348233699798584,0.5714683055877685,3
67,ball_l,0.4247734149297078,0.40178048610687256,0.48642170429229736,3
64,thigh_r,0.4245808869600296,0.46016725897789,0.584194678068161,3
29,thigh_r,0.42437193791071576,0.43982619047164917,0.5402191996574401,3
59,hand_l,0.42413942019144696,0.40890493988990784,0.510268098115921,3
69,upperarm_l,0.42411211629708606,0.2602921426296234,0.6713308513164521,3
33,lowerarm_r,0.42368966341018677,0.3775470554828644,0.5449185907840729,3
10,neck_01,0.42362375060717267,0.43605107069015503,0.4813933253288269,3
63,thigh_r,0.42332663138707477,0.43593811988830566,0.5038593769073486,3
51,ring_01_r,0.42311402161916095,0.47253692150115967,0.4824469804763794,3
68,hand_r,0.4230445623397827,0.5133768320083618,0.5161540746688843,3
84,neck_01,0.42281583944956463,0.42943331599235535,0.45615543723106383,3
6,ring_01_r,0.42240269978841144,0.4312913119792938,0.4850103795528412,3
81,thigh_l,0.42183252175649005,0.4054862856864929,0.5442148566246032,3
28,hand_l,0.4217682679494222,0.3945842385292053,0.4605913281440735,3
68,calf_r,0.4217039446036021,0.3923508822917938,0.5323671281337738,3
75,neck_01,0.42151592175165814,0.4269219934940338,0.47119765877723696,3
35,ring_01_r,0.42060571908950806,0.42947956919670105,0.438663524389267,3
53,calf_l,0.4199416786432266,0.45694392919540405,0.6137468695640564,3
32,foot_r,0.41961073378721875,0.4840796887874603,0.5718911826610565,3
35,upperarm_l,0.419282466173172,0.3933168351650238,0.5429928004741669,3
34,ring_01_r,0.4191315670808156,0.40942326188087463,0.437595397233963,3
48,ball_r,0.4182778646548589,0.4480513334274292,0.6372230291366577,3
65,ball_r,0.4176349143187205,0.3850868344306946,0.5015707612037659,3
64,ring_01_r,0.4175499379634857,0.44198909401893616,0.4728719055652618,3
74,neck_01,0.4174140691757202,0.44112998247146606,0.4842725872993469,3
59,thigh_r,0.41739190618197125,0.5147789716720581,0.5352101564407349,3
25,ball_r,0.41733089089393616,0.3691309094429016,0.5190915703773499,3
0,calf_l,0.4168004294236501,0.26866140961647034,0.6547856628894806,3
73,ring_01_r,0.41629868745803833,0.4408900737762451,0.4576809644699097,3
6,RUpArmTwist_r_01,0.4161762048800786,0.3778715431690216,0.6255393087863922,3
67,upperarm_l,0.4161313474178314,0.339792937040329,0.5377242982387542,3
12,calf_l,0.4160313904285431,0.35204368829727173,0.5415955185890198,3
13,lowerarm_r,0.4158882697423299,0.4594195485115051,0.47290836572647094,3
73,lowerarm_r,0.4158826470375061,0.45239731669425964,0.5066600263118743,3
20,ring_01_r,0.415544072786967,0.41204917430877686,0.44534764289855955,3
73,calf_r,0.4146412859360377,0.40974828600883484,0.5516241014003753,3
82,hand_r,0.41453532377878827,0.43818822503089905,0.5122328579425812,3
37,lowerarm_r,0.4144383470217387,0.3810552954673767,0.5483138918876648,3
85,spine_02,0.41417384147644043,0.35714712738990784,0.5242794334888459,3
47,neck_01,0.41410549481709796,0.39937058091163635,0.45358462929725646,3
36,ring_01_r,0.41401421030362445,0.41373592615127563,0.4335633635520935,3
37,ring_01_r,0.41381723682085675,0.416836142539978,0.428082013130188,3
8,thigh_r,0.41346752643585205,0.4654277265071869,0.49382726550102235,3
19,calf_l,0.41345568497975665,0.36909645795822144,0.5622783064842224,3
75,ring_01_r,0.41332946221033734,0.43858015537261963,0.4472787857055664,3
29,foot_r,0.41282325983047485,0.4100995361804962,0.4521802246570587,3
54,RUpArmTwist_r_01,0.41273470719655353,0.4367847740650177,0.5650790750980377,3
24,ring_01_r,0.4110998213291168,0.3883950114250183,0.458511483669281,3
43,ring_01_r,0.4110464056332906,0.3923534154891968,0.4458674192428589,3
72,neck_01,0.41089166204134625,0.4521028697490692,0.48036145567893984,3
13,thumb_01_r,0.4108536938826243,0.3920746147632599,0.44608681797981264,3
41,spine_01,0.4104284346103668,0.3127705156803131,0.5526194870471954,3
76,thigh_l,0.41042599081993103,0.3908383846282959,0.46641314029693604,3
78,neck_01,0.41028356552124023,0.42438215017318726,0.4300742506980896,3
56,ring_01_r,0.41019773483276367,0.3948025405406952,0.45318097472190855,3
25,spine_02,0.41001249353090924,0.42966046929359436,0.48485108017921447,3
41,RUpArmTwist_r_01,0.4098631838957469,0.4221711754798889,0.57710200548172,3
16,thigh_l,0.4095398286978404,0.4436771273612976,0.4619545578956604,3
53,ball_l,0.4092942774295807,0.3679637312889099,0.48721836805343627,3
35,neck_01,0.40925050775210065,0.34818699955940247,0.4990216314792633,3
47,hand_r,0.4092065592606862,0.35241150856018066,0.4947813034057617,3
72,hand_r,0.4091622978448868,0.4060245454311371,0.5543435752391815,3
44,thigh_l,0.409043421347936,0.3821119964122772,0.4967548310756683,3
84,lowerarm_l,0.4089884360631307,0.3949805200099945,0.5009495437145233,3
80,thigh_r,0.40887755155563354,0.3904869854450226,0.4716464102268219,3
31,upperarm_r,0.4088199536005656,0.346266508102417,0.5205836296081543,3
3,thigh_l,0.4087154269218445,0.4879298210144043,0.5062079906463623,3
9,neck_01,0.40869871775309247,0.4181116223335266,0.4896726727485657,3
60,neck_01,0.40838391582171124,0.4202393591403961,0.5134931385517121,3
17,ring_01_r,0.4080359141031901,0.4085356593132019,0.41337558031082156,3
11,lowerarm_l,0.407926340897878,0.37167689204216003,0.5388075768947601,3
40,thigh_r,0.4077849288781484,0.3535735309123993,0.48867730498313905,3
67,hand_r,0.4076736569404602,0.45420950651168823,0.5573251128196717,3
25,ring_01_r,0.4071393708388011,0.38520869612693787,0.4502541244029999,3
60,thigh_l,0.40711366136868793,0.4024146795272827,0.438322114944458,3
6,spine_02,0.4070127507050832,0.42588159441947937,0.47934080958366393,3
11,ring_01_r,0.4069354037443797,0.4439532458782196,0.46106080412864686,3
1,ring_01_r,0.4068901439507802,0.3856964707374573,0.4966265320777893,3
38,ball_l,0.40665669242540997,0.32762446999549866,0.5374540627002716,3
1,thigh_r,0.40641169746716815,0.40480127930641174,0.5043693840503692,3
19,ring_01_r,0.406378835439682,0.416996031999588,0.4194680988788605,3
23,ring_01_r,0.4061186611652374,0.40742766857147217,0.44380979537963866,3
65,lowerarm_r,0.40592241287231445,0.4088946282863617,0.45831977725028994,3
77,ring_01_r,0.4057301382223765,0.38485056161880493,0.4451124548912048,3
74,ring_01_r,0.4054047962029775,0.4254188537597656,0.46768190860748293,3
60,thumb_01_l,0.40510643521944684,0.34297722578048706,0.5267787337303161,3
59,neck_01,0.40501950184504193,0.4012047052383423,0.44079434871673584,3
55,hand_r,0.404730165998141,0.37887462973594666,0.5724780261516571,3
22,ring_01_r,0.4044927954673767,0.4185076951980591,0.4395458221435547,3
21,ring_01_r,0.40430058042208356,0.40244060754776,0.4125313639640808,3
71,neck_01,0.404282808303833,0.3832360804080963,0.5214729130268096,3
14,lowerarm_l,0.4041215777397156,0.3755629360675812,0.5284260809421539,3
15,thigh_l,0.4040272037188212,0.332659512758255,0.5536636888980866,3
14,spine_02,0.40379489461580914,0.38914021849632263,0.4886298835277557,3
76,foot_l,0.40371755758921307,0.4488110840320587,0.5307240068912507,3
26,thigh_r,0.40331342319647473,0.49111682176589966,0.5088881611824035,3
4,RUpArmTwist_r_02,0.402895987033844,0.4105919897556305,0.43755257725715635,3
32,thigh_r,0.4027170141537984,0.39170485734939575,0.5090612053871155,3
41,calf_r,0.4023000697294871,0.4730619490146637,0.5107090294361114,3
56,upperarm_l,0.40228474140167236,0.38135188817977905,0.5061599135398864,3
76,ring_01_r,0.4019426802794139,0.3835655748844147,0.4582101881504059,3
77,thigh_l,0.4015951454639435,0.38536185026168823,0.44124051332473757,3
30,pinky_01_r,0.40144962072372437,0.41479063034057617,0.5116452217102051,3
76,neck_01,0.40143314997355145,0.38729748129844666,0.43166670203208923,3
57,thigh_r,0.40093035499254864,0.4179205894470215,0.47233569622039795,3
84,pinky_01_r,0.4006926864385605,0.4730651378631592,0.5573003768920899,3
54,hand_r,0.4005894760290782,0.4340536892414093,0.4945344030857086,3
3,calf_l,0.4005768299102783,0.3929695188999176,0.5183896839618682,3
40,LCalfTwist_03,0.40056338906288147,0.39510977268218994,0.4397145986557007,3
84,ring_01_r,0.40052035450935364,0.357680082321167,0.48624658584594727,3
0,ring_01_r,0.4004474977652232,0.37195611000061035,0.5140977382659913,3
12,neck_01,0.4001019100348155,0.3603697717189789,0.510666674375534,3
74,foot_l,0.39988012115160626,0.3237033784389496,0.5485379874706269,3
70,neck_01,0.3998340964317322,0.37185439467430115,0.4639971911907196,3
61,RUpArmTwist_r_01,0.399335836370786,0.38691481947898865,0.6096630275249482,3
38,ring_01_r,0.3993246952692668,0.3805480897426605,0.43386165499687196,3
65,neck_01,0.39905040462811786,0.4083702564239502,0.4525698900222778,3
56,neck_01,0.3990333179632823,0.41180166602134705,0.45898050665855405,3
9,hand_l,0.39865907033284503,0.43336084485054016,0.47825143933296205,3
39,ring_01_r,0.3986489474773407,0.3994779586791992,0.4432622671127319,3
83,ring_01_r,0.3985880712668101,0.36463892459869385,0.4925024747848511,3
15,pinky_01_r,0.3982974737882614,0.47814637422561646,0.5158456444740296,3
36,upperarm_l,0.39817463358243305,0.44740843772888184,0.48636512756347655,3
66,neck_01,0.39791325728098553,0.4263051748275757,0.45038025379180907,3
9,calf_l,0.3976274828116099,0.4126896560192108,0.5086594521999359,3
57,neck_01,0.3969401717185974,0.440923810005188,0.46988544464111326,3
57,thigh_l,0.39668650428454083,0.3903200030326843,0.6091429114341735,3
57,foot_l,0.3966858188311259,0.45010700821876526,0.5599695026874543,3
14,foot_r,0.39655012885729474,0.3954482972621918,0.4466060817241669,3
24,neck_01,0.396483580271403,0.35618147253990173,0.4771076858043671,3
46,hand_r,0.39643143614133197,0.3757919669151306,0.5108671545982361,3
19,RUpArmTwist_l_02,0.39613691965738934,0.401165634393692,0.44458497166633604,3
7,calf_l,0.39604777097702026,0.34195876121520996,0.4927234172821045,3
31,lowerarm_l,0.3954196274280548,0.3296554684638977,0.5484113812446594,3
28,thigh_r,0.39529168605804443,0.39617401361465454,0.4027021288871765,3
85,pinky_01_l,0.39512959122657776,0.38623905181884766,0.4939596652984619,3
1,ball_r,0.39478762944539386,0.4290526807308197,0.43231756091117857,3
83,spine_01,0.3947849174340566,0.44694873690605164,0.5049700677394867,3
47,ring_01_r,0.394324670235316,0.4011574387550354,0.4163106560707092,3
65,ring_01_r,0.3941658039887746,0.440829873085022,0.44781692028045655,3
22,neck_01,0.39414963126182556,0.3996952772140503,0.4093747615814209,3
36,hand_r,0.3940409819285075,0.4081585109233856,0.49367732405662534,3
10,thigh_l,0.3940054774284363,0.30332261323928833,0.5456432938575745,3
80,pinky_01_r,0.39397018154462177,0.419963002204895,0.54279043674469,3
64,neck_01,0.3939021627108256,0.33605122566223145,0.4751738548278809,3
9,ring_01_r,0.39386927088101703,0.40132418274879456,0.4260161221027374,3
58,ring_01_r,0.3937437931696574,0.3987763822078705,0.4075916945934296,3
18,ring_01_r,0.3936559160550435,0.3919641375541687,0.4108391165733337,3
60,thigh_r,0.3929435908794403,0.3364182114601135,0.5131965279579163,3
45,lowerarm_l,0.3926712969938914,0.3520321846008301,0.5223021984100342,3
80,ring_01_r,0.3918599983056386,0.4178555905818939,0.46622623801231383,3
82,ring_01_r,0.39183737834294635,0.38753795623779297,0.44694626331329346,3
79,neck_01,0.39158891638120014,0.4103848338127136,0.44176613092422484,3
70,hand_r,0.39157112936178845,0.4380776286125183,0.5063011050224304,3
85,ring_01_r,0.39152398705482483,0.3082384765148163,0.5154973447322846,3
14,calf_r,0.39147254327932995,0.41783154010772705,0.5114190340042114,3
2,ring_01_r,0.3913077712059021,0.42564067244529724,0.4288197934627533,3
72,pinky_01_r,0.3912465572357178,0.46849334239959717,0.5260164022445679,3
77,neck_01,0.3911649286746979,0.37844225764274597,0.4135602653026581,3
61,hand_l,0.3911375204722087,0.3045985996723175,0.5343119204044342,3
81,pinky_01_r,0.391054888566335,0.4184837341308594,0.5513568878173828,3
56,hand_r,0.3909429957469304,0.4742356836795807,0.4903191864490509,3
3,lowerarm_l,0.39079483846823376,0.3355858325958252,0.5856907367706299,3
32,neck_01,0.39070189992586773,0.39570242166519165,0.4158347249031067,3
66,ring_01_r,0.3905227581659953,0.4398952126502991,0.4409021019935608,3
73,hand_l,0.3904479295015335,0.4503383934497833,0.4824909508228302,3
68,neck_01,0.39031505584716797,0.39587289094924927,0.3990146279335022,3
59,ball_r,0.390006144841512,0.4261696934700012,0.5315336346626282,3
56,pinky_01_r,0.38984616100788116,0.4034803509712219,0.5300766110420227,3
21,neck_01,0.3898139496644338,0.39529895782470703,0.452700138092041,3
58,neck_01,0.3896934688091278,0.35849472880363464,0.48851112723350526,3
33,upperarm_l,0.38958921035130817,0.37644049525260925,0.42180258631706236,3
61,neck_01,0.3895098865032196,0.39694374799728394,0.44785653352737426,3
82,neck_01,0.38903693358103436,0.3698304295539856,0.4674636960029602,3
81,ring_01_r,0.3889952600002289,0.3936680853366852,0.4513140022754669,3
22,foot_r,0.38876840968926746,0.3685940206050873,0.5418120086193084,3
10,ring_01_r,0.3887311617533366,0.4193479120731354,0.44506860375404356,3
65,hand_r,0.38861358165740967,0.35573941469192505,0.5571425080299377,3
43,calf_r,0.3885887861251831,0.3413636088371277,0.5131018996238709,3
75,RUpArmTwist_r_01,0.3882606426874797,0.4254901707172394,0.5479632914066315,3
62,ring_01_l,0.3880952000617981,0.3784887492656708,0.41906809210777285,3
63,ring_01_l,0.3877577781677246,0.39148643612861633,0.428305321931839,3
3,middle_01_r,0.3876829445362091,0.3286212682723999,0.5411059141159058,3
24,spine_02,0.38731537262598675,0.44121649861335754,0.44208796620368956,3
41,foot_r,0.38723594943682355,0.3421020209789276,0.5040995061397553,3
60,ball_l,0.3871687650680542,0.41319042444229126,0.4405143141746521,3
80,neck_01,0.38702183961868286,0.4177425801753998,0.4370769441127777,3
54,neck_01,0.3868236740430196,0.38959136605262756,0.41603017449378965,3
46,lowerarm_r,0.3868076155583064,0.3835228383541107,0.4992511451244354,3
63,upperarm_l,0.38657734791437787,0.306547611951828,0.5231790482997895,3
61,calf_r,0.38632004459698993,0.40813490748405457,0.4222701251506805,3
82,pinky_01_r,0.3862113952636719,0.40095973014831543,0.5561960220336915,3
69,thigh_r,0.38601937890052795,0.35687705874443054,0.4676450192928314,3
45,neck_01,0.3859332899252574,0.4008573591709137,0.4017656147480011,3
62,neck_01,0.3858724037806193,0.39624494314193726,0.4422492146492004,3
63,lowerarm_r,0.38574885328610736,0.3726843595504761,0.42325396537780763,3
60,pinky_01_l,0.38574492931365967,0.4324304759502411,0.44257535338401793,3
62,thigh_r,0.38556421796480816,0.30542126297950745,0.5257419884204865,3
28,thigh_l,0.3854325811068217,0.3514540195465088,0.48155527114868163,3
12,ball_r,0.38526642322540283,0.37553709745407104,0.4012543559074402,3
61,ring_01_r,0.38483304778734845,0.40568649768829346,0.41172606945037843,3
56,spine_01,0.3847087621688843,0.3776114881038666,0.468280428647995,3
19,thigh_r,0.38458217183748883,0.34143343567848206,0.4803485691547394,3
11,foot_r,0.3845377564430237,0.3574013411998749,0.4560117185115814,3
1,calf_l,0.3845285524924596,0.30870258808135986,0.543037724494934,3
83,upperarm_l,0.3844799002011617,0.3708665370941162,0.49323163032531736,3
67,neck_01,0.38447409868240356,0.4044683873653412,0.4059858024120331,3
7,upperarm_l,0.38442857066790265,0.4088602364063263,0.4889639437198639,3
41,calf_l,0.3840191463629405,0.38603827357292175,0.4862740457057953,3
20,RUpArmTwist_r_01,0.3835949699083964,0.3498203754425049,0.5904358386993408,3
26,foot_r,0.3835316201051076,0.3412992060184479,0.44273772835731506,3
85,clavicle_l,0.38329177101453143,0.4174994230270386,0.45923333168029784,3
72,ring_01_r,0.38305147488911945,0.39865967631340027,0.44220799803733823,3
78,pinky_01_r,0.3828907459974289,0.44530320167541504,0.5161473751068115,3
60,hand_r,0.38279936214288074,0.39291951060295105,0.5121001660823822,3
70,foot_l,0.38265129923820496,0.36466506123542786,0.499415785074234,3
63,calf_r,0.3824925522009532,0.3433368504047394,0.48295493721961974,3
7,pinky_01_l,0.38215142488479614,0.4055033326148987,0.4720255255699158,3
15,calf_r,0.38212892413139343,0.41416627168655396,0.4739549994468689,3
50,hand_l,0.3820625642935435,0.4177539646625519,0.43116951584815977,3
30,ball_l,0.3818137546380361,0.35532987117767334,0.42156052589416504,3
71,ring_01_r,0.3816407322883606,0.35400277376174927,0.44464019536972044,3
39,neck_01,0.3814922273159027,0.3055897057056427,0.4880333483219147,3
28,foot_r,0.3813965618610382,0.37933290004730225,0.4555374622344971,3
33,hand_l,0.38128916422526044,0.3840331733226776,0.40304006934165953,3
18,foot_r,0.38127000133196515,0.3824499845504761,0.3855139970779419,3
83,neck_01,0.38118041555086773,0.3439144194126129,0.4473748505115509,3
4,ring_01_r,0.38099511464436847,0.39337417483329773,0.4014319837093353,3
79,ring_01_r,0.38096800446510315,0.38977038860321045,0.43515563011169434,3
74,thigh_l,0.38086656232674915,0.3290646970272064,0.5231963336467743,3
20,lowerarm_r,0.38085826734701794,0.3656946122646332,0.5148130118846893,3
13,pinky_01_r,0.3806537141402562,0.47163066267967224,0.4867293298244476,3
24,thigh_r,0.3805649330218633,0.3302147090435028,0.530279153585434,3
23,foot_r,0.38044557968775433,0.38709384202957153,0.4515224814414978,3
47,upperarm_l,0.3803736170132955,0.3455495238304138,0.5327229380607605,3
55,upperarm_l,0.38028885920842487,0.3535088896751404,0.46616209745407106,3
43,pinky_01_l,0.37998058398564655,0.3839493989944458,0.41258654594421384,3
20,neck_01,0.3799458046754201,0.386536180973053,0.4397962212562561,3
17,hand_r,0.37981027364730835,0.3916715383529663,0.4682669162750244,3
21,upperarm_r,0.3797752062479655,0.4283568263053894,0.42939339876174926,3
60,pinky_01_r,0.37972765664259595,0.4226444661617279,0.5676342189311981,3
11,neck_01,0.37971341609954834,0.38635239005088806,0.4825868785381317,3
48,neck_01,0.3796934485435486,0.3704322278499603,0.4032435119152069,3
79,thigh_r,0.3794681231180827,0.4192104935646057,0.4557419419288635,3
77,pinky_01_r,0.3791343669096629,0.43839773535728455,0.5060037314891815,3
2,upperarm_r,0.3791337311267853,0.46701914072036743,0.47046962976455686,3
27,foot_r,0.3790883719921112,0.3569576144218445,0.424799644947052,3
65,thigh_r,0.379036009311676,0.3799396753311157,0.4771337747573853,3
33,ring_01_l,0.37871930996576947,0.37052690982818604,0.39856619834899903,3
32,pinky_01_r,0.3785458703835805,0.44992074370384216,0.4614457070827484,3
4,hand_l,0.37853898604710895,0.3975597321987152,0.4158242404460907,3
66,RUpArmTwist_l_01,0.3785339593887329,0.3266528248786926,0.5790780186653137,3
28,lowerarm_l,0.37840012709299725,0.3035602867603302,0.534605222940445,3
76,pinky_01_r,0.37826648851235706,0.4605037271976471,0.503561383485794,3
72,calf_r,0.378234068552653,0.3138761818408966,0.5071605741977692,3
24,RUpArmTwist_r_02,0.3782329857349396,0.35934898257255554,0.4056288182735443,3
20,upperarm_r,0.37817896405855816,0.40393197536468506,0.45502824783325196,3
5,upperarm_r,0.37817202011744183,0.40423545241355896,0.4591080129146576,3
3,upperarm_l,0.37796203295389813,0.3844337463378906,0.4091251611709595,3
42,thigh_r,0.3776841958363851,0.37722787261009216,0.3969540774822235,3
16,calf_r,0.377564400434494,0.43780943751335144,0.4558647334575653,3
16,lowerarm_l,0.3775097181399663,0.3039301931858063,0.5292684853076934,3
25,thigh_r,0.37726081907749176,0.40888190269470215,0.4947656154632568,3
55,ring_01_r,0.3772393862406413,0.34777751564979553,0.42197988629341127,3
30,ring_01_l,0.37681366006533307,0.3482935428619385,0.5049005031585694,3
1,neck_01,0.3765028913815816,0.34590792655944824,0.43210506439208984,3
23,ring_01_l,0.3764890134334564,0.3697721064090729,0.43446274399757384,3
6,pinky_01_l,0.3761996328830719,0.4030452370643616,0.42950872182846067,3
29,LCalfTwist_03,0.3760834038257599,0.397481769323349,0.39945175051689147,3
31,ring_01_l,0.37580672899882,0.3910117745399475,0.395276939868927,3
64,hand_r,0.3757513215144475,0.42137598991394043,0.5350419521331787,3
75,thigh_l,0.37531083822250366,0.32608383893966675,0.4565754771232605,3
13,foot_r,0.3751954634984334,0.3855762779712677,0.40273993611335757,3
53,hand_r,0.37512542804082233,0.32255977392196655,0.5518501162528991,3
4,upperarm_l,0.37503036856651306,0.3180760145187378,0.4657268762588501,3
4,pinky_01_l,0.3750117818514506,0.38840776681900024,0.4212802052497864,3
79,pinky_01_r,0.37498365839322406,0.42131415009498596,0.513025838136673,3
46,ring_01_r,0.3749215503533681,0.4155207574367523,0.42706982493400575,3
55,neck_01,0.3745100994904836,0.36042314767837524,0.4189381957054138,3
66,hand_r,0.37444037695725757,0.4137116074562073,0.5108745694160461,3
61,ring_01_l,0.3739672303199768,0.37657734751701355,0.4109519898891449,3
71,pinky_01_l,0.3735443154970805,0.3493926525115967,0.4511250972747803,3
42,calf_r,0.3732472211122513,0.44399863481521606,0.4604357123374939,3
34,LCalfTwist_03,0.3727137843767802,0.3600471019744873,0.4379373550415039,3
15,lowerarm_l,0.37246758739153546,0.34072747826576233,0.46055980324745177,3
79,calf_l,0.3724496066570282,0.3256627917289734,0.46471883058547975,3
85,thumb_01_l,0.3724491943915685,0.3639465570449829,0.47596762180328367,3
41,upperarm_l,0.372437650958697,0.3589728772640228,0.4976350009441376,3
53,upperarm_r,0.37210407853126526,0.40996935963630676,0.43387213349342346,3
73,pinky_01_r,0.37206970651944477,0.45706707239151,0.4631574749946594,3
11,upperarm_r,0.37206131716569263,0.38070014119148254,0.4662081778049469,3
34,pinky_01_r,0.3718724350134532,0.4327077865600586,0.43386619091033934,3
25,RUpArmTwist_l_02,0.3718069791793823,0.3993748724460602,0.4052110493183136,3
21,ball_r,0.37167749802271527,0.3591506779193878,0.4581968605518341,3
40,RUpArmTwist_r_01,0.3716641962528229,0.37146618962287903,0.47114687561988833,3
79,hand_r,0.3715237279733022,0.3882780969142914,0.4531767308712006,3
1,middle_01_r,0.3713400959968567,0.3590175211429596,0.48920844197273256,3
78,ring_01_r,0.37121066451072693,0.3679259717464447,0.4186908662319183,3
53,ring_01_r,0.37117857734362286,0.35467395186424255,0.4238885104656219,3
23,calf_l,0.370854248603185,0.383963406085968,0.442280113697052,3
9,spine_02,0.3707551558812459,0.2840469181537628,0.49538374543190006,3
75,lowerarm_l,0.3706663449605306,0.30993062257766724,0.48220607042312624,3
11,RUpArmTwist_r_01,0.3705037434895833,0.3863184452056885,0.4090280532836914,3
68,ring_01_r,0.37041764458020526,0.37993112206459045,0.42971723675727846,3
70,thigh_r,0.37025180955727893,0.45678308606147766,0.501729303598404,3
78,hand_r,0.37022117773691815,0.34251919388771057,0.43689342141151427,3
19,neck_01,0.3701312641302745,0.38537126779556274,0.4114867329597473,3
64,RUpArmTwist_r_01,0.3698132534821828,0.3530530333518982,0.4592554926872253,3
46,neck_01,0.3697061538696289,0.3591765761375427,0.40904649496078493,3
77,upperarm_l,0.36968130866686505,0.3699677586555481,0.42125989198684693,3
64,ring_01_l,0.3695264756679535,0.405391663312912,0.4066406190395355,3
46,upperarm_r,0.36936014393965405,0.3171621263027191,0.5095199763774871,3
3,hand_r,0.3692651242017746,0.38199731707572937,0.48580660223960875,3
23,RUpArmTwist_l_02,0.3692285418510437,0.3624808192253113,0.38681191205978394,3
62,upperarm_l,0.36921093861262005,0.3394675850868225,0.4863810181617737,3
35,lowerarm_l,0.3692056288321813,0.38353103399276733,0.48726381063461305,3
45,ring_01_r,0.36905821164449054,0.3786099851131439,0.41428553462028506,3
74,pinky_01_r,0.36903602878252667,0.45751893520355225,0.4843480110168457,3
3,RUpArmTwist_r_01,0.36896387736002606,0.3144228458404541,0.4514038324356079,3
79,thigh_l,0.3688751955827077,0.37980854511260986,0.38759560585021974,3
75,middle_01_r,0.368723804752032,0.2843083143234253,0.542547345161438,3
39,ball_r,0.3686588803927104,0.34324488043785095,0.4392429292201996,3
52,pinky_01_l,0.3685598174730937,0.4067693054676056,0.4214999496936798,3
2,neck_01,0.36854905386765796,0.3073825240135193,0.5578523993492126,3
21,calf_l,0.36847707629203796,0.345615953207016,0.4044722497463226,3
61,spine_02,0.36836819847424823,0.3740178048610687,0.45149886012077334,3
34,neck_01,0.36825454235076904,0.3805557191371918,0.3946098029613495,3
12,ring_01_l,0.3682052691777547,0.3273199796676636,0.44337899684906007,3
45,hand_l,0.3680746853351593,0.3611745238304138,0.3887683987617493,3
17,upperarm_r,0.3679163455963135,0.3180975914001465,0.47442851066589353,3
24,ring_01_l,0.3678983549276988,0.3481883108615875,0.45961180329322815,3
71,pinky_01_r,0.3678305000066757,0.4546949863433838,0.4760108947753906,3
63,neck_01,0.3676723639170329,0.32551538944244385,0.43116254806518556,3
64,lowerarm_l,0.36766864359378815,0.418699711561203,0.43979052901268006,3
30,thigh_r,0.36763808131217957,0.3055433928966522,0.4815714776515961,3
67,ring_01_r,0.3674670259157817,0.4007623493671417,0.4278682768344879,3
78,lowerarm_l,0.367434690395991,0.39682990312576294,0.458040726184845,3
53,neck_01,0.3673894802729289,0.3390505313873291,0.4508667469024658,3
11,upperarm_l,0.367366020878156,0.27934616804122925,0.5501890540122986,3
8,neck_01,0.36730461319287616,0.37293916940689087,0.3742528796195984,3
78,middle_01_r,0.3671973943710327,0.33538591861724854,0.4502267599105835,3
35,foot_r,0.3671054442723592,0.25633692741394043,0.5544106960296631,3
73,middle_01_r,0.36701637009779614,0.33231446146965027,0.5036648690700531,3
51,neck_01,0.36688904960950214,0.4277034103870392,0.47645636200904845,3
74,lowerarm_r,0.366674800713857,0.3839804530143738,0.4419411778450012,3
49,pinky_01_r,0.3657664805650711,0.4379163682460785,0.4659580409526825,3
44,lowerarm_r,0.36574549476305646,0.39505770802497864,0.47073541283607484,3
57,middle_01_r,0.3656510313351949,0.31962189078330994,0.45826296210289,3
70,ring_01_r,0.3656400442123413,0.33337777853012085,0.41342207193374636,3
70,calf_l,0.3655051340659459,0.34004369378089905,0.47632716298103334,3
56,middle_01_r,0.3653373916943868,0.34792426228523254,0.4208684742450714,3
7,lowerarm_r,0.3651983340581258,0.38107916712760925,0.4404057919979095,3
12,upperarm_l,0.3648762305577596,0.4607958495616913,0.4665399968624115,3
16,upperarm_r,0.3648626108964284,0.29098257422447205,0.48546850085258486,3
13,neck_01,0.3647489945093791,0.3950839340686798,0.3972086012363434,3
54,ring_01_r,0.3646168311436971,0.3535839319229126,0.4092068672180176,3
62,hand_r,0.3644560327132543,0.452761709690094,0.5157692074775696,3
44,ring_01_r,0.3642813762029012,0.3711162209510803,0.4052005887031555,3
83,pinky_01_l,0.3641526897748311,0.3807923197746277,0.4614079833030701,3
24,calf_l,0.3640430768330892,0.396684855222702,0.4167410314083099,3
84,spine_01,0.36400340994199115,0.3253314793109894,0.4489854395389557,3
81,neck_01,0.36397938927014667,0.3267305791378021,0.4537562310695648,3
65,calf_l,0.3636411478122075,0.4064657688140869,0.4986001491546631,3
14,thumb_01_r,0.3634689350922902,0.36254677176475525,0.39135207533836364,3
50,thigh_r,0.3633595158656438,0.43639230728149414,0.4646561861038208,3
47,pinky_01_r,0.36333875358104706,0.41736483573913574,0.45459096431732177,3
70,upperarm_r,0.3633353312810262,0.32284843921661377,0.4691802740097046,3
55,ring_01_l,0.36318741242090863,0.41001737117767334,0.423290753364563,3
73,neck_01,0.36297277609507245,0.3911944627761841,0.4355586051940918,3
39,LCalfTwist_03,0.3626941641171773,0.4131368398666382,0.41391565799713137,3
82,lowerarm_l,0.362567275762558,0.33198073506355286,0.4135231554508209,3
69,neck_01,0.36224191387494403,0.36101019382476807,0.3974708795547485,3
17,hand_l,0.3621005366245906,0.4161239564418793,0.44324650168418883,3
33,neck_01,0.36208946506182355,0.35012736916542053,0.3870531380176544,3
64,thigh_l,0.36206063628196716,0.36320528388023376,0.41517295241355895,3
38,neck_01,0.36205000678698224,0.3252256512641907,0.42810696363449097,3
10,ball_l,0.3620474934577942,0.3037809729576111,0.472305428981781,3
22,lowerarm_l,0.3618317445119222,0.31744706630706787,0.4559504747390747,3
1,lowerarm_r,0.3617076873779297,0.449333131313324,0.4532503724098206,3
59,middle_01_r,0.36156165599823,0.3118327558040619,0.45870015025138855,3
53,RUpArmTwist_l_01,0.36153002083301544,0.2757134735584259,0.5214345514774322,3
34,LCalfTwist_01,0.36145896712938946,0.4392908811569214,0.45396273136138915,3
20,RUpArmTwist_l_02,0.36104245980580646,0.37171685695648193,0.4060961723327637,3
39,clavicle_l,0.3609623809655507,0.35339322686195374,0.39673970341682435,3
52,thigh_r,0.3609614173571269,0.36501267552375793,0.42506652474403384,3
63,RUpArmTwist_r_01,0.36092273394266766,0.3617551624774933,0.5044605791568756,3
43,neck_01,0.36066269874572754,0.34035444259643555,0.40313448905944826,3
59,pinky_01_r,0.3605784972508748,0.412604421377182,0.47329222559928896,3
61,middle_01_r,0.36038320263226825,0.31489473581314087,0.4525012135505676,3
40,ball_r,0.36026189227898914,0.38911986351013184,0.4509410381317139,3
26,ball_r,0.3601704041163127,0.32718130946159363,0.46557673811912537,3
27,lowerarm_l,0.36008839805920917,0.307278573513031,0.4671619772911072,3
3,thumb_01_l,0.35970525940259296,0.3751978576183319,0.46009649634361266,3
40,upperarm_r,0.3596085011959076,0.387209415435791,0.4025976896286011,3
58,middle_01_r,0.3595847388108571,0.2803841829299927,0.4740385293960571,3
34,lowerarm_l,0.35957949856917065,0.4038637578487396,0.44371129870414733,3
11,hand_l,0.3595631718635559,0.36658188700675964,0.36988791823387146,3
7,lowerarm_l,0.3594960073630015,0.3970116674900055,0.42308438420295713,3
45,foot_r,0.35934390624364215,0.39435669779777527,0.408064192533493,3
56,lowerarm_l,0.3593328545490901,0.28028780221939087,0.5283939957618713,3
52,ring_01_r,0.3592866063117981,0.3888769745826721,0.4036779522895813,3
73,upperarm_l,0.35928573211034137,0.333138644695282,0.4265244841575623,3
75,pinky_01_r,0.3592735528945923,0.4267142117023468,0.46449974179267883,3
11,ring_01_l,0.35914019743601483,0.2802918255329132,0.4832416594028473,3
14,pinky_01_r,0.3589208523432414,0.4316841661930084,0.4592701256275177,3
70,pinky_01_r,0.3588307003180186,0.4129018783569336,0.47846169471740724,3
68,upperarm_l,0.35875633358955383,0.4028162360191345,0.4744983077049255,3
33,pinky_01_r,0.35868632793426514,0.40101927518844604,0.4402992844581604,3
1,spine_01,0.3585754930973053,0.3160552382469177,0.4411410927772522,3
32,ring_01_l,0.3585059344768524,0.3714451789855957,0.37515146732330323,3
58,spine_01,0.35834284126758575,0.344279021024704,0.4738867700099945,3
10,ring_01_l,0.35820913314819336,0.2639797627925873,0.4950409114360809,3
10,upperarm_l,0.358178769548734,0.29149916768074036,0.5303227007389069,3
37,neck_01,0.35805632670720416,0.3392539322376251,0.3992438852787018,3
16,pinky_01_r,0.35780394574006397,0.4340791404247284,0.4557614028453827,3
80,hand_r,0.35774852335453033,0.4022790193557739,0.43730199337005615,3
1,pinky_01_r,0.3577407697836558,0.42982590198516846,0.47184128761291505,3
11,spine_01,0.35747289657592773,0.36583244800567627,0.4787822484970093,3
29,thumb_01_r,0.35741886496543884,0.35104331374168396,0.3994991958141327,3
8,pinky_01_l,0.3570432762304942,0.32217341661453247,0.4269880414009094,3
48,lowerarm_l,0.3569230039914449,0.3127613067626953,0.4621150970458984,3
36,neck_01,0.35676713784535724,0.3790532350540161,0.4154261350631714,3
79,middle_01_r,0.35673047105471295,0.3038122057914734,0.44428123235702516,3
39,lowerarm_l,0.3566669275363286,0.34003010392189026,0.4864230453968048,3
53,ring_01_l,0.35652846097946167,0.34850385785102844,0.4299259722232819,3
39,middle_01_r,0.3564920673767726,0.38796037435531616,0.4438160300254822,3
73,ring_01_l,0.35647010803222656,0.3234741687774658,0.4400408029556274,3
17,foot_r,0.3563828667004903,0.3837922215461731,0.4862826943397522,3
49,calf_r,0.3562643229961395,0.349089652299881,0.41576479077339173,3
55,pinky_01_r,0.3560664802789688,0.3858475685119629,0.4474538803100586,3
63,calf_l,0.35602985819180805,0.34266284108161926,0.4007191717624664,3
72,lowerarm_r,0.3558310816685359,0.3877837359905243,0.44272324442863464,3
42,pinky_01_l,0.35579611857732135,0.360830157995224,0.3786730706691742,3
21,ring_01_l,0.355680912733078,0.3672938346862793,0.3739601135253906,3
17,pinky_01_r,0.3556470225254695,0.4211629331111908,0.4493696868419647,3
48,hand_r,0.3555314540863037,0.43663638830184937,0.44202054738998414,3
72,thumb_01_l,0.3554914891719818,0.3515668213367462,0.4772565424442291,3
36,pinky_01_r,0.35544824600219727,0.3912111520767212,0.425672721862793,3
44,neck_01,0.35523680845896405,0.3348817825317383,0.39083523750305177,3
84,thumb_01_l,0.3551852305730184,0.3945113718509674,0.45485020279884336,3
57,hand_r,0.35517412424087524,0.44392824172973633,0.4852987051010132,3
63,hand_r,0.35503292083740234,0.41710415482521057,0.49819234013557434,3
21,lowerarm_l,0.3549926181634267,0.3101204037666321,0.4582177519798279,3
2,ring_01_l,0.3547547658284505,0.29404929280281067,0.4438681900501251,3
63,lowerarm_l,0.35462642709414166,0.33105748891830444,0.43158315420150756,3
74,spine_02,0.3546249270439148,0.3859960734844208,0.4202237069606781,3
51,pinky_01_l,0.3545902669429779,0.3747151792049408,0.4135366380214691,3
11,thumb_01_r,0.3545064330101013,0.36292529106140137,0.3830378532409668,3
61,upperarm_l,0.3543485105037689,0.35734400153160095,0.49808389544487,3
46,lowerarm_l,0.354229137301445,0.298196405172348,0.5151341140270234,3
15,thumb_01_r,0.3539892335732778,0.3614189922809601,0.363735157251358,3
18,upperarm_r,0.35380664467811584,0.369924396276474,0.40415849089622496,3
62,lowerarm_r,0.35366560022036236,0.3759814202785492,0.38576275706291197,3
34,LCalfTwist_02,0.353243629137675,0.2943723499774933,0.4525966703891754,3
62,pinky_01_r,0.35309072335561115,0.3967783451080322,0.42387948036193845,3
12,ball_l,0.3528288006782532,0.2768772542476654,0.4800706088542938,3
42,ball_l,0.3528032998243968,0.32981517910957336,0.4671615660190582,3
2,middle_01_r,0.3527929037809372,0.3468582332134247,0.4690569818019867,3
44,pinky_01_l,0.3521743218104045,0.3588827848434448,0.39991416931152346,3
40,spine_01,0.35193177064259845,0.2036222219467163,0.5692721128463746,3
9,ring_01_l,0.3518801877895991,0.28792667388916016,0.48533124923706056,3
76,hand_r,0.35182812809944153,0.3524562418460846,0.4020112812519073,3
37,upperarm_l,0.3514607449372609,0.2802915573120117,0.47587971687316893,3
66,ring_01_l,0.3514195779959361,0.3761410415172577,0.3947822511196136,3
75,thigh_r,0.35138754546642303,0.36363717913627625,0.46588637232780455,3
69,ring_01_r,0.3513266444206238,0.3319586515426636,0.41517560482025145,3
69,pinky_01_l,0.3511630098025004,0.32609227299690247,0.4297667801380157,3
54,ring_01_l,0.3508976300557454,0.36192619800567627,0.4424588203430176,3
37,pinky_01_r,0.3508088042338689,0.39957791566848755,0.40976916551589965,3
47,middle_01_r,0.3507054348786672,0.2804112732410431,0.48912907242774967,3
50,hand_r,0.35032694538434345,0.4097249507904053,0.4341400384902954,3
10,RUpArmTwist_r_01,0.35005653897921246,0.2718644440174103,0.4647118628025055,3
57,pinky_01_r,0.3498855282862981,0.3926915228366852,0.45944672226905825,3
72,middle_01_r,0.3498557259639104,0.3751302659511566,0.4296193301677704,3
45,hand_r,0.34941505392392475,0.42333662509918213,0.42769362926483157,3
55,thigh_r,0.34934957325458527,0.43795228004455566,0.45805816650390624,3
77,middle_01_r,0.34927430748939514,0.2665810286998749,0.4798183858394623,3
31,thumb_01_r,0.34925830364227295,0.35545721650123596,0.39238386750221255,3
76,middle_01_r,0.34925542771816254,0.29855233430862427,0.46836715936660767,3
48,middle_01_r,0.3491546909014384,0.2866416871547699,0.4675233542919159,3
73,upperarm_r,0.34892791509628296,0.3998235762119293,0.4130954325199127,3
49,thumb_01_r,0.34885264933109283,0.3713853359222412,0.42311983108520507,3
13,thumb_01_l,0.3487974852323532,0.3249017894268036,0.4455147922039032,3
61,RUpArmTwist_r_02,0.34861376881599426,0.3523113429546356,0.3531051576137543,3
46,calf_l,0.3485604226589203,0.38421696424484253,0.39032334089279175,3
28,pinky_01_r,0.34851738313833874,0.4246407151222229,0.4384775280952454,3
52,thumb_01_r,0.3485166331132253,0.28702250123023987,0.44402444958686826,3
36,lowerarm_l,0.34848077098528546,0.3239589333534241,0.48223692178726196,3
39,RUpArmTwist_r_01,0.3484766532977422,0.2406151294708252,0.5827239990234375,3
85,ring_01_l,0.34846676389376324,0.348792165517807,0.370461243391037,3
81,RUpArmTwist_r_01,0.3481368273496628,0.28135818243026733,0.47205079793930055,3
37,spine_01,0.3479684342940648,0.3433348834514618,0.46413983702659606,3
35,pinky_01_r,0.3479598710934321,0.39404672384262085,0.4236606955528259,3
50,thumb_01_r,0.3475995361804962,0.34797203540802,0.4358811855316162,3
63,thigh_l,0.3473549683888753,0.3196415305137634,0.41333125829696654,3
0,thumb_01_l,0.34734048942724866,0.3828641474246979,0.4067955553531647,3
2,RCalfTwist_02,0.34733455379803974,0.3745298683643341,0.4235468447208405,3
84,RUpArmTwist_r_02,0.3473196228345235,0.32783523201942444,0.3804948151111603,3
18,pinky_01_r,0.34717640777428943,0.4133637845516205,0.4472296178340912,3
8,upperarm_r,0.34715624650319415,0.3198232054710388,0.3998887658119202,3
83,upperarm_r,0.34636592368284863,0.4098256528377533,0.45265344977378846,3
4,thigh_l,0.3462705910205841,0.26497316360473633,0.4639382839202881,3
52,neck_01,0.34624890486399335,0.38478633761405945,0.3934144914150238,3
3,ring_01_l,0.34621937076250714,0.3311258554458618,0.42610647678375246,3
49,neck_01,0.3461628456910451,0.347829669713974,0.4165505111217499,3
0,ball_l,0.3456185907125473,0.41473862528800964,0.4464810788631439,3
25,neck_01,0.34553758303324383,0.29838594794273376,0.41916353106498716,3
29,ring_01_l,0.3455263872941335,0.30264657735824585,0.4369811415672302,3
46,RUpArmTwist_r_01,0.34552626808484393,0.3108750879764557,0.40329676270484927,3
43,ball_r,0.3449864486853282,0.35498106479644775,0.4627654552459717,3
81,lowerarm_l,0.3448892831802368,0.31557682156562805,0.4046963036060333,3
10,middle_01_r,0.3448775112628937,0.3120984137058258,0.4176699459552765,3
81,upperarm_r,0.34486987193425495,0.3399527072906494,0.359329891204834,3
48,upperarm_l,0.34475313623746234,0.36499619483947754,0.3774158239364624,3
77,hand_r,0.34473422666390735,0.4038090407848358,0.4174914062023163,3
25,clavicle_l,0.3447254498799642,0.34410732984542847,0.3760104775428772,3
38,middle_01_r,0.3447031279404958,0.40542638301849365,0.42690818309783934,3
71,hand_r,0.34465549886226654,0.3554801940917969,0.46259663105010984,3
5,pinky_01_r,0.3446301321188609,0.38284483551979065,0.41805978417396544,3
61,lowerarm_l,0.3445652673641841,0.39822855591773987,0.44774873852729796,3
5,pinky_01_l,0.3445400297641754,0.35915425419807434,0.39954126477241514,3
58,RUpArmTwist_l_02,0.3444797396659851,0.3525986075401306,0.3870121121406555,3
23,hand_l,0.3444584806760152,0.3508400619029999,0.3602870166301727,3
70,lowerarm_l,0.34437862038612366,0.3493591547012329,0.413234806060791,3
15,LCalfTwist_02,0.3441105882326762,0.3239906430244446,0.3749346613883972,3
70,pinky_01_l,0.3440867265065511,0.317719966173172,0.42558470368385315,3
45,pinky_01_r,0.3440290341774623,0.37006843090057373,0.4180217504501343,3
34,ring_01_l,0.3437999486923218,0.36229604482650757,0.3694597363471985,3
75,ring_01_l,0.3437878092130025,0.3423134684562683,0.3742164492607117,3
80,middle_01_r,0.34375321865081787,0.33112186193466187,0.40584572553634646,3
38,pinky_01_l,0.34370847543080646,0.3302602171897888,0.41440352201461794,3
24,pinky_01_l,0.3434419333934784,0.33503657579421997,0.3707863450050354,3
54,pinky_01_l,0.3433261215686798,0.33795687556266785,0.4009278953075409,3
29,pinky_01_r,0.3432998408873876,0.4222447872161865,0.447605299949646,3
4,lowerarm_l,0.34329112867514294,0.3354451656341553,0.4916360855102539,3
32,upperarm_l,0.3432560960451762,0.36233407258987427,0.38761707544326784,3
84,thigh_r,0.34315502643585205,0.36849698424339294,0.43667683005332947,3
52,upperarm_r,0.34285781780878705,0.3586732745170593,0.38240987062454224,3
39,pinky_01_l,0.3428325951099396,0.3120398223400116,0.400081866979599,3
35,ring_01_l,0.34278662999471027,0.3618972897529602,0.38376039266586304,3
0,ring_01_l,0.3425380190213521,0.2580106854438782,0.4621646523475647,3
6,ball_l,0.3424897988637288,0.35820963978767395,0.38514111638069154,3
64,pinky_01_r,0.34241144359111786,0.4068298637866974,0.4295107662677765,3
65,ring_01_l,0.3424079517523448,0.30987367033958435,0.39458908438682555,3
80,upperarm_l,0.34234313170115155,0.25265437364578247,0.5302686810493469,3
63,thumb_01_r,0.3422498901685079,0.3654288947582245,0.3808932721614838,3
28,thumb_01_r,0.3420834044615428,0.31827855110168457,0.3968456506729126,3
50,pinky_01_l,0.34197553992271423,0.35813528299331665,0.38897019624710083,3
6,hand_r,0.3419644683599472,0.23706012964248657,0.48959265947341923,3
53,pinky_01_l,0.3415939311186473,0.37391725182533264,0.3778832256793976,3
30,head,0.3413497606913249,0.29358887672424316,0.45716817378997804,3
27,thumb_01_r,0.3412528932094574,0.3677707016468048,0.3942242205142975,3
66,lowerarm_l,0.3407055139541626,0.3589581847190857,0.3933940052986145,3
22,ring_01_l,0.3406137724717458,0.3543078899383545,0.37446601390838624,3
79,ball_r,0.34059366087118786,0.35806241631507874,0.4418429434299469,3
65,pinky_01_l,0.340477779507637,0.35989922285079956,0.42439626455307006,3
54,RUpArmTwist_r_02,0.3404269715150197,0.3361639976501465,0.35182235240936277,3
79,RUpArmTwist_r_01,0.34041741490364075,0.2606479227542877,0.45438488125801085,3
28,ring_01_l,0.34041709701220196,0.28551918268203735,0.4670026898384094,3
72,hand_l,0.34037594000498456,0.3925535976886749,0.40056405663490297,3
48,thumb_01_r,0.34034563601017,0.4108912944793701,0.42110044956207277,3
43,thumb_01_r,0.3403109461069107,0.35984882712364197,0.4110231101512909,3
22,RUpArmTwist_r_01,0.3402583400408427,0.2636418044567108,0.45561112761497496,3
83,calf_r,0.3402203321456909,0.3130384087562561,0.48399058580398563,3
52,hand_r,0.33980800211429596,0.37509799003601074,0.46092658042907714,3
35,head,0.3397887647151947,0.31051328778266907,0.40606968998909,3
40,hand_l,0.33947957555452984,0.33132556080818176,0.36035879254341124,3
40,neck_01,0.33940569559733075,0.3043869733810425,0.41703770160675047,3
61,ball_l,0.33938783407211304,0.35648420453071594,0.3825703918933868,3
23,pinky_01_l,0.3392539819081624,0.32900723814964294,0.3811978042125702,3
73,thumb_01_l,0.3390251050392787,0.374385267496109,0.459984165430069,3
61,thumb_01_r,0.33887306849161786,0.3447984457015991,0.3993610620498657,3
8,thumb_01_l,0.3387954384088516,0.3818354606628418,0.39987668991088865,3
64,thumb_01_r,0.3387787143389384,0.3333738148212433,0.40628171563148496,3
74,hand_r,0.3386128644148509,0.35050031542778015,0.4457190215587616,3
41,ball_l,0.3385840356349945,0.2667330801486969,0.4551411926746369,3
2,pinky_01_l,0.3385462462902069,0.3258807361125946,0.3765408456325531,3
72,pinky_01_l,0.33847575386365253,0.317130982875824,0.4017483353614807,3
4,middle_01_r,0.33845620850721997,0.3355424106121063,0.4329650580883026,3
74,upperarm_l,0.33843328555425006,0.38814252614974976,0.5040737509727478,3
21,pinky_01_l,0.33835844198862713,0.32554271817207336,0.3792691767215729,3
17,lowerarm_l,0.33830784757932025,0.3313393294811249,0.3490318238735199,3
7,ring_01_l,0.3382887840270996,0.3624905049800873,0.3855191648006439,3
74,thumb_01_l,0.3381106158097585,0.301638126373291,0.391618013381958,3
74,pinky_01_l,0.33806459108988446,0.3385384678840637,0.36916998624801634,3
2,pinky_01_r,0.338004894554615,0.398387610912323,0.4780331015586853,3
43,upperarm_l,0.3379757304986318,0.3458794355392456,0.36727252006530764,3
78,upperarm_l,0.3379597067832947,0.40503308176994324,0.42561652064323424,3
35,RUpArmTwist_r_01,0.3378820021947225,0.3207775950431824,0.435016405582428,3
77,ring_01_l,0.33781537413597107,0.33706191182136536,0.36252782940864564,3
36,RUpArmTwist_r_01,0.3377254505952199,0.27449390292167664,0.44564942717552186,3
8,ring_01_l,0.33760600288709003,0.3365224599838257,0.40463054180145264,3
26,ring_01_l,0.3373490522305171,0.2811836004257202,0.46028220653533936,3
3,calf_r,0.3372054398059845,0.2912774085998535,0.4346592664718628,3
1,ring_01_l,0.3371540705362956,0.2936001420021057,0.40793410539627073,3
54,pinky_01_r,0.33707664410273236,0.37788498401641846,0.41549105644226075,3
16,hand_l,0.3369735777378082,0.34885090589523315,0.36203335523605346,3
34,spine_01,0.33673613766829175,0.3590255081653595,0.4605399429798126,3
38,RUpArmTwist_r_01,0.33672450482845306,0.3376745879650116,0.406851190328598,3
17,ball_r,0.336694598197937,0.2864939570426941,0.4417309880256653,3
80,RUpArmTwist_r_01,0.33664702872435254,0.2912119925022125,0.4454247295856476,3
10,spine_02,0.33650705218315125,0.2794206142425537,0.43156962394714354,3
42,ring_01_l,0.3364632527033488,0.2817119061946869,0.4249592959880829,3
25,pinky_01_l,0.3364073733488719,0.339855432510376,0.354422926902771,3
25,foot_r,0.3363460898399353,0.3227289319038391,0.3959495186805725,3
67,ring_01_l,0.3363419870535533,0.35979121923446655,0.3919086575508118,3
41,ring_01_l,0.3363114893436432,0.31205254793167114,0.39765104055404665,3
66,thumb_01_r,0.336224893728892,0.3102986216545105,0.40724529027938844,3
70,thumb_01_l,0.336218183239301,0.34483569860458374,0.4524720311164856,3
51,thumb_01_r,0.33615568776925403,0.3059834837913513,0.42815040349960326,3
20,foot_r,0.33614690105120343,0.2825852930545807,0.48052580952644347,3
27,pinky_01_l,0.33591267466545105,0.33895984292030334,0.37294829487800596,3
35,LCalfTwist_03,0.33576324582099915,0.3129773736000061,0.41710959672927855,3
30,neck_01,0.3357190390427907,0.31839191913604736,0.36224195957183836,3
33,RUpArmTwist_r_01,0.3355838805437088,0.23757389187812805,0.48162031769752506,3
41,pinky_01_l,0.33543093005816144,0.32149529457092285,0.3609039306640625,3
2,RUpArmTwist_l_02,0.3353877663612366,0.3216422200202942,0.40484994649887085,3
57,hand_l,0.3349580466747284,0.32065728306770325,0.4340860903263092,3
35,pinky_01_l,0.33489800492922467,0.3378436863422394,0.37729097008705137,3
28,pinky_01_l,0.33485204974810284,0.3133534789085388,0.3831034302711487,3
13,ring_01_l,0.3348268965880076,0.3471502363681793,0.36230817437171936,3
67,pinky_01_r,0.33482205867767334,0.39064472913742065,0.4343768239021301,3
78,pinky_01_l,0.33479883273442584,0.34494128823280334,0.3673683226108551,3
79,ring_01_l,0.3344866732756297,0.34014564752578735,0.3526370406150818,3
34,pinky_01_l,0.3343855341275533,0.3467003405094147,0.35383339524269103,3
83,ring_01_l,0.3343457579612732,0.3184586763381958,0.3596592903137207,3
62,RUpArmTwist_r_01,0.33405029277006787,0.31003132462501526,0.421130496263504,3
65,ball_l,0.3339887658754985,0.3124024569988251,0.3648684203624725,3
52,lowerarm_r,0.3339490791161855,0.3613399565219879,0.4128646910190582,3
71,thumb_01_l,0.333882600069046,0.31000056862831116,0.39057157635688783,3
83,thumb_01_l,0.3338640630245209,0.34550532698631287,0.3982083261013031,3
31,thigh_r,0.3337770104408264,0.33871331810951233,0.3751908361911774,3
10,thumb_01_l,0.33370668689409894,0.3990616500377655,0.40019685626029966,3
65,thumb_01_r,0.33363311489423114,0.30244025588035583,0.40576803088188174,3
84,ring_01_l,0.33352341254552204,0.3274047076702118,0.3513485848903656,3
38,ball_r,0.3335055659214656,0.37574654817581177,0.42148054838180543,3
67,pinky_01_l,0.3334147135416667,0.3274262547492981,0.4171488881111145,3
40,thumb_01_r,0.33337146043777466,0.3436247408390045,0.4186436951160431,3
74,middle_01_r,0.333257590730985,0.29627445340156555,0.4501332104206085,3
81,ring_01_l,0.3331763843695323,0.3323068618774414,0.35360548496246336,3
8,clavicle_r,0.33309032519658405,0.31103166937828064,0.421699994802475,3
78,ring_01_l,0.3329274555047353,0.34483009576797485,0.34622291326522825,3
0,pinky_01_r,0.3327452490727107,0.4148538112640381,0.4246793270111084,3
57,ring_01_l,0.3326854904492696,0.3326495289802551,0.38739553689956663,3
29,pinky_01_l,0.3326358497142792,0.3097541034221649,0.386155503988266,3
45,pinky_01_l,0.33250956734021503,0.35729020833969116,0.3630735993385315,3
31,LCalfTwist_03,0.33230695128440857,0.33611753582954407,0.37107983231544495,3
16,thumb_01_r,0.33225881059964496,0.3452304005622864,0.34851917028427126,3
55,middle_01_r,0.332225223382314,0.36031848192214966,0.3707497477531433,3
22,pinky_01_l,0.3322237233320872,0.31351783871650696,0.37613781094551085,3
66,pinky_01_r,0.3319918264945348,0.4130534827709198,0.4135777413845062,3
11,middle_01_r,0.33196529746055603,0.2686029374599457,0.4252893626689911,3
58,hand_r,0.33186472952365875,0.4104771912097931,0.44673619866371156,3
79,lowerarm_l,0.33182944854100543,0.3400273621082306,0.3727007210254669,3
65,RUpArmTwist_l_01,0.3316483646631241,0.2558368444442749,0.5182202100753784,3
17,neck_01,0.33144344886144,0.34275731444358826,0.3655738294124603,3
42,hand_r,0.3313700159390767,0.31160664558410645,0.49300103187561034,3
66,RUpArmTwist_r_01,0.33129634459813434,0.26741838455200195,0.48060426712036136,3
12,spine_01,0.3312678933143616,0.18520072102546692,0.5357811987400055,3
56,ring_01_l,0.3312586297591527,0.3692958652973175,0.3932928144931793,3
82,ring_01_l,0.331203689177831,0.32846662402153015,0.34914676547050477,3
82,ball_r,0.3309934635957082,0.3170841932296753,0.41869454383850097,3
46,middle_01_r,0.3308770110209783,0.2319655567407608,0.4698792964220047,3
47,lowerarm_l,0.33087266981601715,0.33096691966056824,0.4434290587902069,3
47,pinky_01_l,0.33086804548899335,0.3339676260948181,0.340274441242218,3
35,lowerarm_r,0.3308088431755702,0.3002239167690277,0.44961904883384707,3
25,ring_01_l,0.33077652752399445,0.2986348271369934,0.4405396103858948,3
49,RUpArmTwist_r_01,0.33075331648190814,0.3319580852985382,0.4179678976535797,3
27,ring_01_l,0.33073335886001587,0.28456589579582214,0.43556405901908873,3
26,pinky_01_l,0.3307033081849416,0.341828316450119,0.3521159827709198,3
46,pinky_01_l,0.3306754529476166,0.3013644814491272,0.37753363847732546,3
76,ring_01_l,0.33054010073343915,0.32630664110183716,0.3430543065071106,3
85,head,0.3304830988248189,0.34514161944389343,0.3621330916881561,3
55,RUpArmTwist_r_01,0.3304671049118042,0.27709832787513733,0.4362644016742706,3
2,spine_01,0.33032017946243286,0.39105141162872314,0.3918382883071899,3
79,upperarm_l,0.3303138390183449,0.2896779179573059,0.5212142109870911,3
16,head,0.33014482259750366,0.2458636611700058,0.4483514040708542,3
69,pinky_01_r,0.3301429748535156,0.3692838251590729,0.44423945546150206,3
12,thumb_01_r,0.3300703962643941,0.34139537811279297,0.35642008781433104,3
67,thumb_01_r,0.3300227224826813,0.2938746213912964,0.4081180334091187,3
2,RUpArmTwist_r_01,0.32992973426977795,0.33125942945480347,0.4129878401756287,3
68,ring_01_l,0.32974688708782196,0.3386625349521637,0.41806655526161196,3
29,hand_r,0.3296455244223277,0.3673015832901001,0.40282368659973145,3
23,RUpArmTwist_r_01,0.32936011254787445,0.24299222230911255,0.4856825947761536,3
37,pinky_01_l,0.3293122450510661,0.3103998303413391,0.35827471017837526,3
82,middle_01_r,0.32928410172462463,0.3359293043613434,0.38737249970436094,3
4,pinky_01_r,0.32925007740656537,0.3758891224861145,0.45357187986373904,3
75,thumb_01_l,0.3292280286550522,0.3450438678264618,0.43270692229270935,3
84,pinky_01_l,0.32918979227542877,0.2975635826587677,0.4305117666721344,3
43,lowerarm_r,0.3291485706965129,0.3356281518936157,0.38007986545562744,3
71,RUpArmTwist_l_01,0.32886631041765213,0.42680636048316956,0.4373765766620636,3
68,pinky_01_l,0.32874450584252674,0.3107303977012634,0.4077098250389099,3
48,pinky_01_r,0.3286656141281128,0.4087524712085724,0.423905211687088,3
3,thigh_r,0.32846755782763165,0.164314404129982,0.5635506898164749,3
49,thigh_r,0.32837694386641186,0.31799691915512085,0.41621488332748413,3
1,clavicle_r,0.32824499408404034,0.35183873772621155,0.3651392996311188,3
74,upperarm_r,0.32822448511918384,0.2918839454650879,0.419099235534668,3
81,middle_01_r,0.32820528745651245,0.31694716215133667,0.39366713762283323,3
9,middle_01_r,0.32820109526316327,0.3108162581920624,0.3718049466609955,3
4,spine_02,0.3281493733326594,0.3329523801803589,0.4538465738296509,3
6,pinky_01_r,0.32807648678620654,0.37039726972579956,0.44360631704330444,3
4,thumb_01_r,0.3280616303284963,0.3181503713130951,0.35922762751579285,3
27,neck_01,0.3279119332631429,0.30865466594696045,0.42054173946380613,3
22,RUpArmTwist_l_01,0.3279040853182475,0.44924330711364746,0.46144654750823977,3
39,pinky_01_r,0.3278842916091283,0.3579167127609253,0.4145016670227051,3
34,RUpArmTwist_r_01,0.3278512805700302,0.34927570819854736,0.4011660575866699,3
36,pinky_01_l,0.32781598965326947,0.3128369152545929,0.3609042227268219,3
36,lowerarm_r,0.3277679781119029,0.29610440135002136,0.4687997281551361,3
32,RUpArmTwist_r_01,0.3276004244883855,0.274188756942749,0.429841136932373,3
20,pinky_01_l,0.32725335160891217,0.3217352032661438,0.3707702040672302,3
40,pinky_01_l,0.32723241051038104,0.2809768319129944,0.3958859801292419,3
80,ball_r,0.3271835645039876,0.3606216609477997,0.3982923924922943,3
1,pinky_01_l,0.3271515766779582,0.32863369584083557,0.348475581407547,3
46,pinky_01_r,0.32709601024786633,0.31428730487823486,0.4093843698501587,3
69,lowerarm_l,0.32682856917381287,0.31905728578567505,0.40048631429672243,3
29,calf_l,0.3266356686751048,0.3257451057434082,0.3722698450088501,3
11,pinky_01_r,0.32642344137032825,0.34434667229652405,0.4134779036045074,3
41,thumb_01_r,0.32628848155339557,0.3293776214122772,0.3772481381893158,3
71,lowerarm_l,0.3262166480223338,0.307618111371994,0.39176108241081237,3
40,head,0.3262100617090861,0.27415820956230164,0.415435665845871,3
59,upperarm_r,0.326120858391126,0.32387274503707886,0.40688050985336305,3
9,lowerarm_l,0.3260602056980133,0.32304370403289795,0.34130048751831055,3
62,thumb_01_r,0.32598939538002014,0.3409056067466736,0.38024708032608034,3
59,lowerarm_l,0.32568330069382984,0.3689446449279785,0.3950632333755493,3
38,hand_l,0.3256220767895381,0.27463939785957336,0.4231408655643463,3
38,pinky_01_r,0.3254782309134801,0.32218366861343384,0.39264856576919555,3
65,pinky_01_r,0.32541189591089886,0.39516007900238037,0.4201131582260132,3
76,pinky_01_l,0.3254021306832631,0.3319564461708069,0.34273079633712766,3
26,RUpArmTwist_r_02,0.32529967029889423,0.3231898844242096,0.3399011671543121,3
7,thigh_l,0.3252316117286682,0.2763517498970032,0.4644532799720764,3
33,thumb_01_r,0.32521653175354004,0.3310711979866028,0.3515341877937317,3
80,ring_01_l,0.3250970443089803,0.31812095642089844,0.3725477457046509,3
12,hand_r,0.32494668662548065,0.3717166483402252,0.43410211205482485,3
74,ring_01_l,0.32492708166440326,0.3085779845714569,0.374781197309494,3
30,thumb_01_r,0.32490214705467224,0.33520615100860596,0.34550981521606444,3
49,pinky_01_l,0.3248155514399211,0.33706048130989075,0.3529168665409088,3
68,pinky_01_r,0.3247780352830887,0.3586483299732208,0.4256014168262482,3
57,lowerarm_l,0.32476436098416644,0.2757834792137146,0.41585975885391235,3
51,calf_r,0.3247422178586324,0.31084173917770386,0.38018897771835325,3
41,neck_01,0.3246730963389079,0.30674809217453003,0.3881631731987,3
7,spine_01,0.32460962732632953,0.33253875374794006,0.4112286150455475,3
33,pinky_01_l,0.32426777482032776,0.33470258116722107,0.33973283171653745,3
10,lowerarm_l,0.32426536083221436,0.312073677778244,0.4088579833507538,3
67,RUpArmTwist_r_01,0.32415294647216797,0.2494748830795288,0.4741091012954712,3
18,neck_01,0.3241167465845744,0.31512337923049927,0.34628833532333375,3
5,thumb_01_l,0.32409174740314484,0.36043885350227356,0.37922261357307435,3
85,middle_01_r,0.32403339942296344,0.3475978970527649,0.40811747312545776,3
1,thumb_01_l,0.3239222566286723,0.31997376680374146,0.40090619325637816,3
42,neck_01,0.3239159385363261,0.34364745020866394,0.36177300810813906,3
15,LCalfTwist_01,0.3238818297783534,0.3451356291770935,0.4436449408531189,3
69,thumb_01_l,0.32381632427374524,0.3247824013233185,0.41820419430732725,3
84,RUpArmTwist_r_01,0.3237963318824768,0.30808860063552856,0.48156567811965945,3
50,pinky_01_r,0.3237909922997157,0.37601596117019653,0.4453385233879089,3
53,thumb_01_r,0.32375894983609516,0.29643648862838745,0.3782934069633484,3
55,pinky_01_l,0.32308871547381085,0.31011179089546204,0.3609813988208771,3
41,hand_l,0.3229418446620305,0.3057219982147217,0.40442049503326416,3
30,pinky_01_l,0.3227757116158803,0.3161226511001587,0.34344027042388914,3
13,upperarm_l,0.32273725668589276,0.35848575830459595,0.40780051946640017,3
42,thumb_01_r,0.32267118493715924,0.31827884912490845,0.3376033902168274,3
36,ring_01_l,0.3226630389690399,0.33072254061698914,0.36732990145683286,3
6,neck_01,0.3225832482179006,0.28580567240715027,0.41085185408592223,3
53,RUpArmTwist_r_01,0.32254881660143536,0.3427680730819702,0.35567800998687743,3
84,middle_01_r,0.3224262644847234,0.3236231803894043,0.4069521903991699,3
7,neck_01,0.32223960757255554,0.3274475932121277,0.41948572397232053,3
13,RUpArmTwist_r_01,0.3221791287263234,0.29449015855789185,0.3772044539451599,3
77,lowerarm_l,0.3220382630825043,0.2724209725856781,0.402434366941452,3
57,spine_01,0.32178060213724774,0.32716554403305054,0.3869297862052917,3
20,ring_01_l,0.3216383258501689,0.34119531512260437,0.35098170638084414,3
80,RUpArmTwist_r_02,0.32160783807436627,0.3120238482952118,0.3646871268749237,3
65,RUpArmTwist_r_01,0.3215920875469844,0.24279052019119263,0.4423815608024597,3
19,pinky_01_r,0.32155434290568036,0.33186864852905273,0.3998441457748413,3
37,RUpArmTwist_r_01,0.3214808851480484,0.3760140538215637,0.38007665872573854,3
82,upperarm_r,0.3213905096054077,0.3529926836490631,0.3833077967166901,3
43,ring_01_l,0.3213207970062892,0.2679298520088196,0.44660452604293827,3
73,RUpArmTwist_r_01,0.32128239174683887,0.31501778960227966,0.41916405558586123,3
22,ball_r,0.32125364740689594,0.2848065197467804,0.40976343750953675,3
19,pinky_01_l,0.32119778792063397,0.3030502498149872,0.348139351606369,3
30,ball_r,0.3207253913084666,0.2905958890914917,0.3787251949310303,3
44,lowerarm_l,0.3207218796014786,0.2550145983695984,0.42786761522293093,3
27,clavicle_l,0.3205160895983378,0.3136451840400696,0.33554121255874636,3
9,pinky_01_l,0.32022950053215027,0.3065073788166046,0.342996746301651,3
47,RUpArmTwist_r_01,0.32014596462249756,0.3182716369628906,0.3534749984741211,3
66,pinky_01_l,0.32014129559199017,0.33523431420326233,0.40079668164253235,3
83,lowerarm_l,0.32008636991182965,0.31300780177116394,0.41901442408561707,3
35,middle_01_r,0.3199586570262909,0.29678067564964294,0.38583244681358336,3
58,thumb_01_l,0.3198227137327194,0.337360680103302,0.41041940450668335,3
9,thumb_01_l,0.3197791973749797,0.3373628556728363,0.3960145890712738,3
2,thumb_01_l,0.31976725657780963,0.3091827630996704,0.3929497003555298,3
13,pinky_01_l,0.3194990356763204,0.33684253692626953,0.3406677722930908,3
0,spine_01,0.3194682200749715,0.3338717520236969,0.35764368176460265,3
58,lowerarm_r,0.3194325466950734,0.28960344195365906,0.36242865920066836,3
47,thumb_01_r,0.31942185262839,0.31355637311935425,0.40221673250198364,3
70,ring_01_l,0.31940635045369464,0.29603418707847595,0.397707599401474,3
37,ring_01_l,0.319315105676651,0.3344178795814514,0.34784301519393923,3
72,ring_01_l,0.31929988662401837,0.2665514051914215,0.3960097134113312,3
6,upperarm_r,0.31928357978661853,0.25238165259361267,0.49194738268852234,3
50,thumb_01_l,0.31927598516146344,0.31349101662635803,0.42600143551826475,3
68,lowerarm_l,0.3191438317298889,0.32408270239830017,0.36281363368034364,3
14,ring_01_l,0.3191213111082713,0.3124949336051941,0.3547006487846375,3
50,neck_01,0.31906943519910175,0.30163487792015076,0.34810501933097837,3
40,ring_01_l,0.3190370599428813,0.290770560503006,0.3763472616672516,3
32,thumb_01_r,0.3189197878042857,0.33929428458213806,0.34634022116661073,3
36,middle_01_r,0.3189142396052678,0.31773796677589417,0.3904306471347809,3
0,middle_01_r,0.3187876343727112,0.21738404035568237,0.46137250661849977,3
18,lowerarm_r,0.3186444739500682,0.3217388987541199,0.3612897276878357,3
56,RUpArmTwist_r_01,0.3186175177494685,0.23968203365802765,0.5104587703943253,3
25,middle_01_r,0.3185686320066452,0.3244074285030365,0.37495178580284116,3
85,thumb_01_r,0.3184771239757538,0.29461315274238586,0.3718877136707306,3
52,RUpArmTwist_r_01,0.31838248173395794,0.27146872878074646,0.3886399447917938,3
24,foot_r,0.318209171295166,0.30888134241104126,0.3874707818031311,3
35,thumb_01_r,0.318127304315567,0.3258015811443329,0.3733181655406952,3
68,thumb_01_r,0.31781822443008423,0.28566592931747437,0.39003826379776,3
67,lowerarm_l,0.31780088941256207,0.2870193123817444,0.3640522599220276,3
82,RUpArmTwist_r_01,0.3177325477202733,0.3596789240837097,0.3753966450691223,3
4,ring_01_l,0.31760629018147785,0.30638259649276733,0.33409260511398314,3
70,middle_01_r,0.31758270661036175,0.3349628746509552,0.3556985199451447,3
80,pinky_01_l,0.3175377498070399,0.3467644155025482,0.37011522650718687,3
42,RUpArmTwist_r_01,0.3174329847097397,0.28443822264671326,0.409168142080307,3
72,upperarm_l,0.3174207905928294,0.2541525363922119,0.5463470935821533,3
51,spine_01,0.31737297773361206,0.2985617220401764,0.3570214807987213,3
18,pinky_01_l,0.3173399766286214,0.3326627016067505,0.3413153409957886,3
7,thumb_01_r,0.3173017104466756,0.2821267247200012,0.36894108057022096,3
58,ring_01_l,0.3171589473883311,0.3149983286857605,0.34439619779586794,3
59,RUpArmTwist_l_02,0.31708524624506634,0.3191384971141815,0.3534210383892059,3
8,thigh_l,0.3170795241991679,0.2830657958984375,0.3833728313446045,3
60,head,0.3170730471611023,0.31188473105430603,0.34784814715385437,3
19,thumb_01_l,0.3170565813779831,0.3784788250923157,0.39710108041763303,3
78,RUpArmTwist_r_01,0.31698929766813916,0.35280802845954895,0.3790177881717682,3
84,thumb_01_r,0.3169625848531723,0.3085595369338989,0.38435003757476804,3
26,neck_01,0.3168553610642751,0.304725706577301,0.40919100046157836,3
31,pinky_01_l,0.3166827857494354,0.31553715467453003,0.33852821588516235,3
27,middle_01_r,0.3166593958934148,0.3017430901527405,0.3891927361488342,3
7,ball_r,0.31664514541625977,0.2925509512424469,0.3668276607990265,3
61,pinky_01_l,0.31640954812367755,0.3041958212852478,0.34219890832901,3
82,thumb_01_r,0.3163685103257497,0.3162611722946167,0.37821149826049805,3
11,thumb_01_l,0.3163049668073654,0.3460640013217926,0.40643022656440736,3
76,thumb_01_l,0.3158130645751953,0.29656118154525757,0.3606880307197571,3
68,RUpArmTwist_r_01,0.3157864212989807,0.25759750604629517,0.48081456422805785,3
8,lowerarm_l,0.31577277183532715,0.31501469016075134,0.3304299294948578,3
23,spine_02,0.3157346546649933,0.2986046075820923,0.37940642833709715,3
38,spine_01,0.31569498280684155,0.2644686698913574,0.40359034538269045,3
75,lowerarm_r,0.3156199852625529,0.3768559992313385,0.3880186378955841,3
53,pinky_01_r,0.3156169503927231,0.3403935432434082,0.3936687231063843,3
81,thumb_01_r,0.3154383947451909,0.31985387206077576,0.36887931227684023,3
65,lowerarm_l,0.3154323498408,0.30010178685188293,0.37309530377388,3
49,thumb_01_l,0.3153220017751058,0.29104354977607727,0.42000630497932434,3
19,middle_01_r,0.31521673997243244,0.2927325367927551,0.4222601056098938,3
34,head,0.31493280827999115,0.2768668234348297,0.4213472902774811,3
20,thumb_01_l,0.31482836107412976,0.3921054005622864,0.4039849638938904,3
48,pinky_01_l,0.31473421057065326,0.33424100279808044,0.33717169165611266,3
45,RUpArmTwist_r_01,0.31468812624613446,0.30915895104408264,0.37987659573554994,3
82,thumb_01_l,0.3145203987757365,0.34965279698371887,0.3933554232120514,3
48,lowerarm_r,0.31450630227724713,0.30954456329345703,0.34424409866333006,3
31,pinky_01_r,0.3144524147113164,0.3759525418281555,0.39768043756484983,3
44,pinky_01_r,0.31442443529764813,0.35427719354629517,0.40074015855789186,3
44,thumb_01_r,0.3144034842650096,0.3192667067050934,0.40602431893348695,3
22,spine_01,0.3139955401420593,0.3151427209377289,0.33200058341026306,3
61,pinky_01_r,0.3139469275871913,0.3406336009502411,0.38032168745994566,3
53,lowerarm_l,0.31388170023759204,0.35024532675743103,0.3632384955883026,3
59,thumb_01_l,0.3138267050186793,0.35350725054740906,0.38714677691459654,3
32,pinky_01_l,0.3137238423029582,0.3155122697353363,0.31617152094841006,3
7,pinky_01_r,0.3135437071323395,0.35427457094192505,0.4097084879875183,3
16,ball_r,0.3134687840938568,0.3189927935600281,0.3696159958839417,3
56,pinky_01_l,0.31343193848927814,0.29846349358558655,0.34382362961769103,3
13,calf_r,0.3132605751355489,0.24350416660308838,0.43416264057159426,3
49,middle_01_r,0.313033993045489,0.3250541090965271,0.3684436917304993,3
15,hand_r,0.3126957416534424,0.2975236475467682,0.4123526632785797,3
15,ring_01_l,0.31263668338457745,0.30304890871047974,0.33383406400680543,3
31,RUpArmTwist_r_01,0.3124345491329829,0.2158307582139969,0.4896969228982926,3
10,pinky_01_r,0.31241637965043384,0.28877508640289307,0.39648430347442626,3
82,pinky_01_l,0.3123583396275838,0.3221176564693451,0.40635737776756287,3
37,lowerarm_l,0.3122231314579646,0.329592227935791,0.36407287120819093,3
8,ball_r,0.31209416190783185,0.2979978621006012,0.35203054547309875,3
60,upperarm_r,0.3119032382965088,0.3581165671348572,0.419545567035675,3
71,ring_01_l,0.31190061569213867,0.28968870639801025,0.36801435947418215,3
24,ball_r,0.3118571937084198,0.3069688081741333,0.3870349645614624,3
44,upperarm_l,0.31181179483731586,0.3585939109325409,0.41685099005699155,3
15,thumb_01_l,0.3115779161453247,0.31243896484375,0.411236047744751,3
21,thumb_01_l,0.3114527016878128,0.33646515011787415,0.4245672285556793,3
20,middle_01_r,0.31137578189373016,0.27609777450561523,0.42011823654174807,3
10,thumb_01_r,0.31136301656564075,0.31567150354385376,0.3741651654243469,3
6,thumb_01_r,0.31131836771965027,0.2992139756679535,0.3451645314693451,3
59,ring_01_l,0.31127729018529254,0.30586713552474976,0.3435878396034241,3
3,middle_01_l,0.3112539251645406,0.2929491102695465,0.3794436275959015,3
2,thigh_r,0.3112431714932124,0.3461712896823883,0.38170726895332335,3
42,lowerarm_l,0.31112144887447357,0.28405675292015076,0.3791716516017914,3
7,thumb_01_l,0.3110964894294739,0.34723836183547974,0.3643849015235901,3
32,lowerarm_l,0.31087254484494525,0.3271520137786865,0.3349452495574951,3
17,thumb_01_l,0.3108272850513458,0.31558001041412354,0.40725343227386473,3
14,RUpArmTwist_r_02,0.3108132680257161,0.29257601499557495,0.3364419102668762,3
52,ring_01_l,0.31078864137331647,0.30143165588378906,0.3475622653961182,3
10,head,0.3107716093460719,0.2402697503566742,0.5057840049266815,3
58,pinky_01_l,0.31065548459688824,0.30720362067222595,0.3204754054546356,3
60,lowerarm_l,0.31058577199776966,0.3176579773426056,0.3946405708789825,3
38,RUpArmTwist_r_02,0.310579389333725,0.291321337223053,0.34447904825210574,3
35,thigh_r,0.31050904591878253,0.32202720642089844,0.3598663806915283,3
60,middle_01_r,0.3104798396428426,0.22212611138820648,0.45129573047161103,3
83,middle_01_r,0.3104381759961446,0.33503565192222595,0.3715327441692352,3
39,hand_r,0.31042730808258057,0.27585089206695557,0.3838120222091675,3
67,middle_01_l,0.3104172746340434,0.29207465052604675,0.3706532418727875,3
36,ball_l,0.31037736932436627,0.256291925907135,0.3887774348258972,3
64,spine_02,0.3102748195330302,0.2629134953022003,0.3845706284046173,3
5,RCalfTwist_01,0.3102490504582723,0.303629070520401,0.3242648422718048,3
70,thigh_l,0.31021848320961,0.30605727434158325,0.4555811285972595,3
27,pinky_01_r,0.3102117081483205,0.32470670342445374,0.4027054369449615,3
58,pinky_01_r,0.3101932456096013,0.34113144874572754,0.4368401527404785,3
48,ring_01_l,0.3101370831330617,0.2921111285686493,0.361586993932724,3
16,ring_01_l,0.3101358711719513,0.3069671094417572,0.3263708531856537,3
74,head,0.3100993831952413,0.2377527803182602,0.4302076786756516,3
50,upperarm_r,0.30991169810295105,0.3551119267940521,0.36388079524040223,3
5,RUpArmTwist_r_01,0.30988357464472455,0.2487681359052658,0.41125231683254243,3
36,thigh_r,0.30987808108329773,0.3399120271205902,0.40045539736747743,3
36,hand_l,0.3098397155602773,0.2778635323047638,0.41358845829963686,3
5,middle_01_r,0.309750959277153,0.2700899839401245,0.40991480350494386,3
48,thigh_r,0.30974028011163074,0.2702064514160156,0.4141799211502075,3
30,RUpArmTwist_r_01,0.30967774490515393,0.267106294631958,0.40014455318450926,3
59,pinky_01_l,0.3096039692560832,0.29589158296585083,0.3384402871131897,3
5,thumb_01_r,0.3095926841100057,0.3091112971305847,0.31949552297592165,3
29,RUpArmTwist_l_02,0.3095652262369792,0.29126203060150146,0.36131877899169923,3
12,thumb_01_l,0.3093673139810562,0.3583438992500305,0.3852690100669861,3
12,RUpArmTwist_r_01,0.30925022065639496,0.2864627242088318,0.42599729299545286,3
38,lowerarm_l,0.30916617810726166,0.29759034514427185,0.41982566714286806,3
81,thumb_01_l,0.308964545528094,0.3353978395462036,0.38403317928314207,3
9,RUpArmTwist_r_01,0.30880476037661236,0.2668101489543915,0.37169496417045594,3
26,thumb_01_r,0.30864405632019043,0.27094319462776184,0.36167662739753725,3
17,RUpArmTwist_r_01,0.3085486590862274,0.32739099860191345,0.33204545378684996,3
49,spine_01,0.30848694841067,0.32840585708618164,0.33329751491546633,3
22,middle_01_r,0.30843595167001087,0.2759110927581787,0.38063807487487794,3
17,pinky_01_l,0.30836691459019977,0.3075883388519287,0.34136922359466554,3
23,middle_01_r,0.3083013991514842,0.2801016867160797,0.3622190773487091,3
56,thumb_01_l,0.30826282501220703,0.37571290135383606,0.39159374833106997,3
68,thumb_01_l,0.3081940561532974,0.3390771746635437,0.4024541974067688,3
67,thumb_01_l,0.30810727675755817,0.316622793674469,0.4000293374061584,3
83,thumb_01_r,0.3080923755963643,0.2856002151966095,0.36122646927833557,3
46,ring_01_l,0.3079812228679657,0.3410700559616089,0.3480621576309204,3
6,ring_01_l,0.3079184889793396,0.32071733474731445,0.34056007862091064,3
79,thumb_01_r,0.30782310167948407,0.3110915422439575,0.3648708343505859,3
16,hand_r,0.30771570404370624,0.3143264949321747,0.40555972456932066,3
11,ball_r,0.30770542720953625,0.3194991648197174,0.3892588198184967,3
33,lowerarm_l,0.30760793884595233,0.3204177916049957,0.3268400728702545,3
24,thumb_01_r,0.3075738251209259,0.25874701142311096,0.3871801197528839,3
10,spine_01,0.3074857046206792,0.2320736050605774,0.41748141050338744,3
43,thigh_r,0.30733343958854675,0.2619720697402954,0.3730883836746216,3
48,thumb_01_l,0.3072126731276512,0.35709357261657715,0.4406148672103882,3
68,middle_01_l,0.3071748614311218,0.26543885469436646,0.38457843065261843,3
21,RUpArmTwist_r_01,0.3071359197298686,0.317102313041687,0.343447208404541,3
23,thumb_01_l,0.30692382901906967,0.3690851032733917,0.4232819378376007,3
13,middle_01_r,0.306867058078448,0.2433810979127884,0.4081394821405411,3
46,thumb_01_r,0.30680862565835315,0.33435750007629395,0.3616879224777222,3
8,thumb_01_r,0.3067607829968135,0.2569040358066559,0.4239143908023834,3
71,lowerarm_r,0.30662525693575543,0.3267914950847626,0.40889856219291687,3
39,LCalfTwist_02,0.30650249620278675,0.26153671741485596,0.3859313249588013,3
14,pinky_01_l,0.3063663939634959,0.30010727047920227,0.32110288739204407,3
23,index_01_r,0.30631233255068463,0.316392719745636,0.330661404132843,3
81,ball_r,0.3061795085668564,0.2991369664669037,0.39506439566612245,3
52,thumb_01_l,0.3060973882675171,0.3172861635684967,0.3926568329334259,3
5,ring_01_l,0.3060203591982524,0.3059849143028259,0.3558067917823792,3
6,head,0.30595899124940235,0.26914748549461365,0.4114710032939911,3
18,thumb_01_r,0.3058687448501587,0.2650059163570404,0.3753774583339691,3
36,thumb_01_r,0.30585987369219464,0.30038154125213623,0.3609762191772461,3
81,pinky_01_l,0.30582385261853534,0.3077754080295563,0.39053154587745664,3
24,middle_01_r,0.3057933251063029,0.2806841731071472,0.3583803057670593,3
4,RUpArmTwist_l_01,0.3057716240485509,0.35950034856796265,0.3879320025444031,3
29,ball_r,0.3056705792744954,0.31179317831993103,0.3254138171672821,3
8,pinky_01_r,0.30566370983918506,0.3219511806964874,0.3933892071247101,3
35,thumb_01_l,0.30546362201372784,0.3507135212421417,0.40978806614875796,3
13,ball_r,0.30531613032023114,0.29983052611351013,0.3490633428096771,3
34,thumb_01_r,0.3053002506494522,0.3274434506893158,0.3445561587810516,3
79,pinky_01_l,0.3051919440428416,0.32229384779930115,0.3540915668010712,3
51,RUpArmTwist_r_01,0.3051459987958272,0.287606805562973,0.39273828864097593,3
66,middle_01_l,0.3051400383313497,0.2891465723514557,0.3689622461795807,3
63,pinky_01_r,0.30505120754241943,0.32957157492637634,0.3803160130977631,3
29,RUpArmTwist_r_01,0.30503835529088974,0.20617729425430298,0.518207561969757,3
77,thumb_01_l,0.3050151815017064,0.2914954125881195,0.3694253146648407,3
26,middle_01_r,0.30492472648620605,0.2879266142845154,0.37015327215194704,3
13,RUpArmTwist_l_01,0.30477364361286163,0.3089877963066101,0.43264604806900026,3
80,spine_01,0.30472417175769806,0.2833746671676636,0.4015107870101929,3
35,LCalfTwist_01,0.3046383410692215,0.36728811264038086,0.3845114231109619,3
74,spine_01,0.3045661548773448,0.3225766718387604,0.4163652241230011,3
82,upperarm_l,0.30454295376936596,0.3235665261745453,0.34925665259361266,3
76,ball_l,0.30430187781651813,0.30886784195899963,0.33007333874702455,3
16,neck_01,0.30412675937016803,0.29676613211631775,0.3341428220272064,3
3,pinky_01_r,0.30411296089490253,0.2820049524307251,0.3379354000091553,3
38,thigh_r,0.30404065549373627,0.2898414731025696,0.42124167680740354,3
69,thumb_01_r,0.30377880732218426,0.2562829554080963,0.3789474070072174,3
51,upperarm_l,0.30363960812489194,0.38589614629745483,0.41632221937179564,3
12,middle_01_l,0.3036004404226939,0.261481374502182,0.3747344195842743,3
48,RUpArmTwist_r_01,0.3035900145769119,0.2820590138435364,0.390844452381134,3
54,thumb_01_r,0.30349528789520264,0.2787429988384247,0.3602794587612152,3
33,spine_01,0.3033609688282013,0.3104722499847412,0.44900760650634763,3
69,ring_01_l,0.30333975950876874,0.28614476323127747,0.3816343367099762,3
73,lowerarm_l,0.3031466007232666,0.28732654452323914,0.33240765929222105,3
68,middle_01_r,0.3028479317824046,0.2949272096157074,0.3358024537563324,3
78,thumb_01_l,0.3026242752869924,0.27510809898376465,0.3611732244491577,3
72,lowerarm_l,0.3025845487912496,0.29094722867012024,0.32483780980110166,3
7,hand_r,0.30257005989551544,0.3505515456199646,0.41057366132736206,3
76,spine_02,0.302497332294782,0.31763526797294617,0.3822714269161224,3
47,thumb_01_l,0.3024641275405884,0.3264719247817993,0.4249925136566162,3
62,middle_01_r,0.3022455871105194,0.27426719665527344,0.3499050855636597,3
5,hand_r,0.30221542219320935,0.332405686378479,0.4342501640319824,3
64,pinky_01_l,0.30221303304036456,0.326469749212265,0.3671608865261078,3
64,RUpArmTwist_r_02,0.3022050162156423,0.3013764023780823,0.3133320450782776,3
83,ball_r,0.30213027199109393,0.2835700213909149,0.361765593290329,3
80,thumb_01_r,0.3021048257748286,0.29751554131507874,0.3474031984806061,3
48,thigh_l,0.30210117995738983,0.3329964280128479,0.4042612910270691,3
39,thumb_01_r,0.3019196689128876,0.2464631348848343,0.40362443029880524,3
85,RUpArmTwist_r_01,0.3019196291764577,0.33107250928878784,0.41942533254623415,3
22,thumb_01_l,0.3019002949198087,0.3692949116230011,0.41540890336036684,3
58,thumb_01_r,0.3018413136402766,0.31439927220344543,0.3533222019672394,3
20,middle_01_l,0.30180654923121136,0.234599307179451,0.4213771015405655,3
17,thumb_01_r,0.3017762800057729,0.2890111207962036,0.34783377647399905,3
24,index_01_r,0.301757276058197,0.30905017256736755,0.330281537771225,3
55,spine_01,0.3013851245244344,0.336629718542099,0.34580528140068056,3
77,RUpArmTwist_r_01,0.301226665576299,0.23737192153930664,0.4453990697860718,3
38,thumb_01_r,0.3012145161628723,0.2611931562423706,0.37830314636230467,3
61,thumb_01_l,0.3011541614929835,0.308181494474411,0.356289404630661,3
1,RUpArmTwist_r_01,0.30114445090293884,0.2206864207983017,0.43513838946819305,3
57,ball_l,0.3009826789299647,0.23874974250793457,0.40721538066864016,3
31,RUpArmTwist_l_01,0.3009469111760457,0.18485206365585327,0.4681972861289978,3
1,head,0.3008607129255931,0.26913440227508545,0.3505756139755249,3
33,thumb_01_l,0.3008230874935786,0.3298198878765106,0.38692423701286316,3
31,LCalfTwist_01,0.30063697199026745,0.23323220014572144,0.43333829641342164,3
85,hand_l,0.30058274666468304,0.31630513072013855,0.36200079321861267,3
21,middle_01_r,0.30054957667986554,0.25107863545417786,0.37577694058418276,3
32,hand_l,0.30054813623428345,0.3634123206138611,0.3708651661872864,3
43,hand_r,0.3004247198502223,0.24428966641426086,0.461646181344986,3
64,middle_01_l,0.3002750376860301,0.2775307297706604,0.3458349347114563,3
16,pinky_01_l,0.30025970935821533,0.2906110882759094,0.33708375692367554,3
42,pinky_01_r,0.30023321509361267,0.2755240499973297,0.41741607785224916,3
55,thumb_01_l,0.30011113981405896,0.35611268877983093,0.371646112203598,3
80,lowerarm_l,0.29994423190752667,0.3145532011985779,0.31484600305557253,3
29,neck_01,0.2999075651168823,0.3477930426597595,0.3491820454597473,3
71,upperarm_r,0.29989193379879,0.2617071270942688,0.44377616643905643,3
15,upperarm_l,0.2998399039109548,0.3170940577983856,0.3268111884593964,3
5,middle_01_l,0.2997571478287379,0.23913858830928802,0.39349407851696017,3
32,head,0.29974283277988434,0.23213648796081543,0.4076935529708862,3
65,thumb_01_l,0.29970144232114154,0.27189940214157104,0.3508384108543396,3
45,middle_01_r,0.2996336023012797,0.25348007678985596,0.39747910499572753,3
78,thumb_01_r,0.29935335119565326,0.2818326950073242,0.3595352411270142,3
59,head,0.2993390013774236,0.2760269045829773,0.3936785817146301,3
19,ring_01_l,0.29929129282633465,0.33576104044914246,0.3385431468486786,3
69,middle_01_r,0.2991463889678319,0.29599323868751526,0.3407404005527496,3
5,RUpArmTwist_l_01,0.29914505779743195,0.1891769915819168,0.45361827909946445,3
3,hand_l,0.29906369745731354,0.3344486355781555,0.36139732599258423,3
37,middle_01_r,0.29903600613276166,0.2944670021533966,0.348840719461441,3
60,index_01_r,0.2989976753791173,0.3290998637676239,0.3573666989803314,3
28,neck_01,0.29895852506160736,0.28786420822143555,0.3859043836593628,3
14,thumb_01_l,0.2989359200000763,0.26312559843063354,0.3984541058540344,3
8,middle_01_r,0.2989113877216975,0.3063962459564209,0.3465681314468384,3
64,RUpArmTwist_l_01,0.2988819529612859,0.24923434853553772,0.46667001843452455,3
15,RUpArmTwist_r_01,0.29872607191403705,0.2333550900220871,0.4136241286993027,3
16,upperarm_l,0.2987205386161804,0.28364482522010803,0.36887324452400205,3
70,thumb_01_r,0.29863329728444415,0.2543765902519226,0.36673952341079713,3
82,spine_01,0.29863221446673077,0.3482873737812042,0.35209904313087464,3
51,pinky_01_r,0.2985367029905319,0.33384957909584045,0.37540844082832336,3
10,index_01_r,0.2985046108563741,0.28038135170936584,0.33815217614173887,3
81,calf_l,0.29847009976704914,0.28263744711875916,0.32076064944267274,3
54,thumb_01_l,0.2984657933314641,0.34300893545150757,0.363651716709137,3
18,RUpArmTwist_r_01,0.2983960608641307,0.23261936008930206,0.3952876955270767,3
79,middle_01_l,0.2983369131882985,0.2805875539779663,0.34212071895599366,3
53,RUpArmTwist_l_02,0.2982950806617737,0.29825612902641296,0.3242203652858734,3
64,thumb_01_l,0.2981767803430557,0.31783339381217957,0.3733097732067108,3
55,RCalfTwist_02,0.29817398885885876,0.30644774436950684,0.3684809923171997,3
49,hand_r,0.2981578732530276,0.33974355459213257,0.43473883867263796,3
37,thumb_01_r,0.29804455240567523,0.27175524830818176,0.3510203421115875,3
35,middle_01_l,0.2980120579401652,0.27242138981819153,0.40258505940437317,3
15,pinky_01_l,0.29780717690785724,0.308906227350235,0.3196017563343048,3
29,lowerarm_r,0.29768330852190655,0.32248854637145996,0.38575842380523684,3
14,ball_r,0.2976609468460083,0.2897436320781708,0.31145593523979187,3
38,calf_l,0.2976060410340627,0.3056187927722931,0.3959940493106842,3
57,thumb_01_l,0.2975384493668874,0.3623618483543396,0.37024837732315063,3
64,middle_01_r,0.29750147461891174,0.3162752091884613,0.31726967692375185,3
81,middle_01_l,0.29740721980730694,0.27217739820480347,0.34935296773910524,3
22,middle_01_l,0.29728583494822186,0.2717989385128021,0.41293272376060486,3
80,clavicle_l,0.29724133014678955,0.2920757830142975,0.3854037344455719,3
62,middle_01_l,0.29719729721546173,0.2433585822582245,0.3756441533565521,3
25,pinky_01_r,0.2971721440553665,0.2920301854610443,0.3597704112529755,3
25,thumb_01_r,0.29700671633084613,0.25616222620010376,0.37451881170272827,3
41,pinky_01_r,0.2969791789849599,0.2919391393661499,0.40806188583374026,3
40,clavicle_l,0.29684219757715863,0.269931435585022,0.3359314680099487,3
66,thumb_01_l,0.29676103095213574,0.2946820855140686,0.3700077414512634,3
18,thumb_01_l,0.29673777520656586,0.30451664328575134,0.39092018008232116,3
40,middle_01_r,0.2966720014810562,0.339423805475235,0.36844568848609927,3
69,clavicle_l,0.29664603372414905,0.3164162337779999,0.34918596148490905,3
48,calf_r,0.2966175029675166,0.34227254986763,0.3748883783817291,3
27,RUpArmTwist_r_01,0.29660313824812573,0.20547954738140106,0.45387862622737885,3
2,thumb_01_r,0.2964659829934438,0.2596949636936188,0.3845242321491241,3
29,spine_01,0.2963763972123464,0.29242026805877686,0.3462744474411011,3
50,thigh_l,0.2963465576370557,0.37179505825042725,0.42558560371398924,3
34,middle_01_l,0.2960263242324193,0.25580886006355286,0.42232633233070377,3
33,ball_r,0.296011080344518,0.2914493680000305,0.3089163422584534,3
51,ring_01_l,0.2960065205891927,0.2832438349723816,0.32285906076431276,3
45,thumb_01_r,0.2955608169237773,0.2629287838935852,0.37580324411392213,3
79,upperarm_r,0.2954428493976593,0.2829740345478058,0.3605332672595978,3
55,thumb_01_r,0.2953733553489049,0.29606157541275024,0.34374996423721316,3
71,ball_r,0.29536489645640057,0.2807678282260895,0.3263249933719635,3
74,lowerarm_l,0.2951982468366623,0.281962513923645,0.3519570827484131,3
25,calf_l,0.29492369294166565,0.34020960330963135,0.34846832752227785,3
23,thigh_r,0.2949109176794688,0.3489864766597748,0.35022146105766294,3
70,RUpArmTwist_l_01,0.29490987956523895,0.36647021770477295,0.4248302698135376,3
16,thumb_01_l,0.2948525547981262,0.2854900658130646,0.3974362909793854,3
79,thumb_01_l,0.2946838041146596,0.2905980944633484,0.36639608144760133,3
3,ball_r,0.2946605881055196,0.3648264706134796,0.38409906029701235,3
18,LCalfTwist_02,0.29451560974121094,0.2683219015598297,0.430584579706192,3
25,index_01_r,0.2945002019405365,0.2697235643863678,0.34489319920539857,3
41,LCalfTwist_03,0.294487605492274,0.28701505064964294,0.3223236262798309,3
14,neck_01,0.29446940620740253,0.3041800558567047,0.3570335924625397,3
77,pinky_01_l,0.294364795088768,0.32360953092575073,0.3282079339027405,3
5,index_01_r,0.29432831207911175,0.319871723651886,0.3658237338066101,3
6,thumb_01_l,0.2939923107624054,0.33003026247024536,0.33521896600723267,3
39,hand_l,0.29381340742111206,0.2878757119178772,0.3071670651435852,3
30,RUpArmTwist_l_01,0.2937827656666438,0.31731221079826355,0.3543019711971283,3
74,calf_r,0.29377272725105286,0.2695555090904236,0.45785449743270873,3
34,lowerarm_r,0.2934192220369975,0.2680186927318573,0.4226348578929901,3
15,neck_01,0.29328819612662,0.31863540410995483,0.3392640471458435,3
46,spine_01,0.29313922425111133,0.3171200752258301,0.34360835552215574,3
26,pinky_01_r,0.29303790132204693,0.3028790056705475,0.3522165358066559,3
26,calf_r,0.2928922524054845,0.35315173864364624,0.3713138699531555,3
53,spine_01,0.29276817043622333,0.3256796598434448,0.3326447010040283,3
9,index_01_r,0.2926056981086731,0.28932100534439087,0.34471734762191775,3
22,ball_l,0.2924840599298477,0.2195296734571457,0.4551014512777329,3
44,hand_r,0.2919766952594121,0.2692011594772339,0.4353437900543213,3
63,middle_01_r,0.2919148802757263,0.26314201951026917,0.34219842553138735,3
4,thumb_01_l,0.2918228656053543,0.27634865045547485,0.3760195136070251,3
52,calf_l,0.291795089840889,0.24382300674915314,0.46062258780002596,3
55,lowerarm_l,0.2917872865994771,0.3252534866333008,0.33538949489593506,3
55,RCalfTwist_03,0.29171958814064664,0.34897875785827637,0.45843005180358887,3
75,RUpArmTwist_r_02,0.29171520471572876,0.27908897399902344,0.31906120777130126,3
50,RUpArmTwist_r_01,0.2915751487016678,0.2460983693599701,0.3574199378490448,3
18,thigh_r,0.29148344198862713,0.38054484128952026,0.41178210973739626,3
10,foot_r,0.2914782166481018,0.293643057346344,0.30379270315170287,3
52,pinky_01_r,0.2913450002670288,0.3353526294231415,0.39101020693778993,3
76,lowerarm_l,0.29124200344085693,0.28907302021980286,0.3009273111820221,3
45,thigh_r,0.2912299931049347,0.2888834476470947,0.307183051109314,3
31,LCalfTwist_02,0.2912241419156392,0.2465365082025528,0.36558018028736117,3
19,middle_01_l,0.2911941061417262,0.2465609759092331,0.3958872646093369,3
8,lowerarm_r,0.2910362035036087,0.30336353182792664,0.3327591598033905,3
44,ring_01_l,0.29084942241509754,0.2482137531042099,0.3609179466962814,3
65,middle_01_l,0.29079902172088623,0.26368248462677,0.35649521350860597,3
22,pinky_01_r,0.2907019058863322,0.3102107644081116,0.33431392908096313,3
36,LCalfTwist_01,0.29070062438646954,0.35242047905921936,0.3786123812198639,3
54,middle_01_r,0.29069135586420697,0.3022511303424835,0.3315743267536163,3
34,middle_01_r,0.2905957947174708,0.2704492509365082,0.363802570104599,3
51,thumb_01_l,0.29041364292303723,0.2907615602016449,0.3590909898281097,3
20,ball_r,0.2902442415555318,0.2774604260921478,0.34960567355155947,3
32,spine_01,0.2902375062306722,0.23693768680095673,0.40360001027584075,3
67,middle_01_r,0.29013732075691223,0.26364442706108093,0.328611820936203,3
26,RUpArmTwist_l_02,0.28996114432811737,0.3106374740600586,0.3402329206466675,3
14,RUpArmTwist_l_02,0.2899557004372279,0.28148695826530457,0.3681517064571381,3
19,spine_01,0.28991473217805225,0.3010281026363373,0.36312960982322695,3
22,index_01_r,0.2898406485716502,0.27521631121635437,0.31880614161491394,3
71,thumb_01_r,0.28970932960510254,0.257398396730423,0.3611097872257233,3
73,RUpArmTwist_r_02,0.2896523376305898,0.2762746810913086,0.32006397247314455,3
4,head,0.28944298128287,0.26786375045776367,0.37372565269470215,3
19,upperarm_r,0.28917014598846436,0.23899109661579132,0.3654689460992813,3
57,pinky_01_l,0.28908587495485943,0.28397539258003235,0.3006844103336334,3
42,head,0.2889806131521861,0.25310343503952026,0.4349910855293274,3
68,thigh_r,0.28897716104984283,0.2700962722301483,0.35275368094444276,3
43,lowerarm_l,0.2889241228501002,0.3162735402584076,0.3295890748500824,3
15,foot_r,0.28883404036362964,0.31761234998703003,0.335077178478241,3
62,spine_02,0.28879354894161224,0.24131637811660767,0.36658927202224734,3
14,ball_l,0.28859373927116394,0.24296234548091888,0.42392100989818576,3
57,thumb_01_r,0.28857508798440296,0.31509068608283997,0.33572214245796206,3
61,head,0.28857291241486865,0.28417664766311646,0.3454328179359436,3
71,middle_01_r,0.2885420471429825,0.3021128177642822,0.32503447532653806,3
42,index_01_r,0.28845398624738056,0.27901458740234375,0.41361877918243406,3
1,thumb_01_r,0.2883552660544713,0.2649167478084564,0.3547499358654022,3
73,pinky_01_l,0.28821101784706116,0.28256651759147644,0.3207870423793793,3
45,calf_r,0.2882058670123418,0.29550930857658386,0.33782567381858825,3
21,index_01_r,0.2881218095620473,0.2988235652446747,0.301763242483139,3
44,RUpArmTwist_r_01,0.2879199683666229,0.23858024179935455,0.41699953377246857,3
18,ball_r,0.2879065324862798,0.2790903151035309,0.35424335598945617,3
53,head,0.2878323793411255,0.3169099688529968,0.3434388995170593,3
13,RUpArmTwist_r_02,0.2876890003681183,0.25556933879852295,0.3405376195907593,3
63,thumb_01_l,0.28763272364934284,0.29377108812332153,0.34061006307601926,3
15,ball_r,0.28739353517691296,0.2673201858997345,0.3453527271747589,3
20,pinky_01_r,0.28730803231398266,0.2915988564491272,0.34327796697616575,3
31,thumb_01_l,0.2872553914785385,0.34821996092796326,0.3516189754009247,3
60,lowerarm_r,0.2871862550576528,0.29822954535484314,0.33438560366630554,3
40,RCalfTwist_03,0.2871796786785126,0.3163721561431885,0.3328003644943237,3
27,spine_01,0.2871152808268865,0.2906719148159027,0.3795987546443939,3
33,head,0.2870601067940394,0.246834397315979,0.4028736114501953,3
53,thumb_01_l,0.2869329998890559,0.3277285397052765,0.3606551229953766,3
71,RCalfTwist_02,0.2867931028207143,0.32879912853240967,0.35528173446655276,3
48,upperarm_r,0.2867705225944519,0.2727866768836975,0.3426801562309265,3
70,clavicle_r,0.2866705358028412,0.29772260785102844,0.3480185329914093,3
0,pinky_01_l,0.2866662343343099,0.30333757400512695,0.305759334564209,3
35,LCalfTwist_02,0.286598468820254,0.24555987119674683,0.39421762228012086,3
43,hand_l,0.2865859270095825,0.29619961977005005,0.3028674483299255,3
14,clavicle_l,0.28643369674682617,0.32001596689224243,0.3360341668128967,3
57,RUpArmTwist_r_01,0.28636273245016736,0.23049858212471008,0.4364396870136261,3
38,ring_01_l,0.2862887183825175,0.2591618597507477,0.33357511162757875,3
22,RUpArmTwist_l_02,0.2862823009490967,0.294087678194046,0.29505801796913145,3
39,ball_l,0.28613564868768054,0.2378501147031784,0.39796789586544035,3
52,hand_l,0.2860020746787389,0.2817458510398865,0.375542151927948,3
18,LCalfTwist_01,0.2857992003361384,0.33513152599334717,0.3711749315261841,3
23,thumb_01_r,0.28577831387519836,0.24123190343379974,0.35770382583141325,3
23,middle_01_l,0.28573055068651837,0.24460898339748383,0.4050610035657883,3
20,spine_01,0.28546400368213654,0.25622493028640747,0.33966234922409055,3
60,LCalfTwist_03,0.2853516588608424,0.17961162328720093,0.4716328501701355,3
16,RUpArmTwist_r_01,0.28532372911771137,0.299604207277298,0.33514333367347715,3
80,thumb_01_l,0.285260871052742,0.2739681899547577,0.3232360303401947,3
59,thumb_01_r,0.28514188528060913,0.2846270203590393,0.3518680930137634,3
34,thumb_01_l,0.2850208431482315,0.32504940032958984,0.35996098518371583,3
56,thumb_01_r,0.28499925633271533,0.2821179926395416,0.34934661984443666,3
62,thumb_01_l,0.28489147623380023,0.3065732419490814,0.346489018201828,3
85,RUpArmTwist_r_02,0.28481537103652954,0.25831881165504456,0.3242867052555084,3
8,calf_l,0.2847459043065707,0.20964109897613525,0.45839269161224366,3
21,spine_01,0.28474024931589764,0.2741120755672455,0.318718284368515,3
3,clavicle_l,0.2846466600894928,0.26256266236305237,0.3228620827198029,3
83,hand_l,0.28452397386233014,0.2887163460254669,0.30851190686225893,3
60,clavicle_l,0.2844672054052353,0.28945207595825195,0.3183453559875488,3
80,middle_01_l,0.284328430891037,0.26632705330848694,0.3220976650714874,3
68,spine_01,0.2842883492509524,0.3509279787540436,0.3933751881122589,3
63,pinky_01_l,0.2842581520477931,0.3252549171447754,0.33592164516448975,3
69,RUpArmTwist_r_01,0.28409701585769653,0.2830433249473572,0.3461767792701721,3
63,middle_01_l,0.2840585609277089,0.240155428647995,0.35024866461753845,3
28,RUpArmTwist_r_01,0.28397583464781445,0.18288569152355194,0.43575678765773773,3
8,RUpArmTwist_r_01,0.28390248616536456,0.253918319940567,0.34386263489723207,3
24,thumb_01_l,0.28387264907360077,0.33770614862442017,0.38745516538619995,3
20,index_01_r,0.2838338762521744,0.2564195394515991,0.33774867057800295,3
17,head,0.2838207930326462,0.23400183022022247,0.3928837448358536,3
29,middle_01_r,0.2837887952725093,0.23059073090553284,0.37438655495643614,3
25,ball_l,0.2836756557226181,0.25819236040115356,0.32625914812088014,3
62,lowerarm_l,0.28366324305534363,0.28923070430755615,0.29754550457000734,3
17,ring_01_l,0.2836410403251648,0.30605900287628174,0.30940942764282225,3
64,lowerarm_r,0.28362613419691723,0.25131163001060486,0.34793090224266054,3
82,middle_01_l,0.2835724949836731,0.27598845958709717,0.3245260000228882,3
80,hand_l,0.2835550556580226,0.2648063600063324,0.34350170493125914,3
10,calf_l,0.28353332976500195,0.3140864968299866,0.34659160375595094,3
28,middle_01_r,0.28323308130105335,0.23416057229042053,0.3645674526691437,3
50,ring_01_l,0.2828836838404338,0.24794428050518036,0.3357012838125229,3
31,lowerarm_r,0.28276555240154266,0.2682856321334839,0.4240487813949585,3
47,ring_01_l,0.28264573216438293,0.27036914229393005,0.3059748589992523,3
75,pinky_01_l,0.282628670334816,0.2941047251224518,0.31087868809700014,3
6,middle_01_r,0.2825589527686437,0.2693331837654114,0.35609821081161497,3
9,thumb_01_r,0.2825516313314438,0.22460268437862396,0.3784101217985153,3
55,hand_l,0.2825483977794647,0.29339900612831116,0.29371045231819154,3
36,head,0.28251945475737256,0.22769826650619507,0.3616336941719055,3
43,RUpArmTwist_r_01,0.2824942320585251,0.22692398726940155,0.39508789479732515,3
41,lowerarm_r,0.28247808913389844,0.28487229347229004,0.3772055387496948,3
72,spine_01,0.2823600272337596,0.2568356990814209,0.35877628326416017,3
9,pinky_01_r,0.28233060737450916,0.2730708420276642,0.35520303845405576,3
49,ring_01_l,0.2823038051525752,0.2768370509147644,0.3210922837257385,3
44,middle_01_r,0.2822587639093399,0.2658088505268097,0.34246755242347715,3
32,thumb_01_l,0.28220415612061817,0.3393106162548065,0.3479845941066742,3
23,calf_r,0.2821450928846995,0.28314605355262756,0.38892622590065,3
36,thumb_01_l,0.28201352804899216,0.32650691270828247,0.38177486658096316,3
6,middle_01_l,0.2817671597003937,0.23991535604000092,0.3433253735303879,3
60,ring_01_l,0.28165706743796665,0.36003580689430237,0.36716018319129945,3
50,lowerarm_l,0.2815944304068883,0.26182734966278076,0.34186198711395266,3
11,RUpArmTwist_l_01,0.28143512705961865,0.3321216106414795,0.3618614196777344,3
59,RUpArmTwist_r_01,0.2813976804415385,0.24920247495174408,0.3721016377210617,3
25,RUpArmTwist_r_02,0.2813182274500529,0.2904926836490631,0.3098292171955109,3
46,thumb_01_l,0.2811276689171791,0.36812663078308105,0.3780049324035645,3
19,head,0.2810375839471817,0.2392561435699463,0.4078126192092896,3
58,RUpArmTwist_r_01,0.28095253308614093,0.3270983099937439,0.3346778988838196,3
17,middle_01_r,0.2809071938196818,0.2427871823310852,0.3707177758216858,3
19,index_01_r,0.28079212208588916,0.25505244731903076,0.33920466899871826,3
3,pinky_01_l,0.28052370250225067,0.30873823165893555,0.320562744140625,3
3,thumb_01_r,0.2804672916730245,0.2636220157146454,0.3970881402492523,3
66,hand_l,0.28046009441216785,0.2952626645565033,0.296892374753952,3
77,thumb_01_r,0.28037160634994507,0.27027538418769836,0.34151881337165835,3
10,ball_r,0.2803662618001302,0.27421095967292786,0.3107527315616608,3
45,thumb_01_l,0.28017954031626385,0.3364149332046509,0.3436809301376343,3
18,middle_01_r,0.2799798647562663,0.23077386617660522,0.37281748056411745,3
69,spine_01,0.2799001559615135,0.34143367409706116,0.367980033159256,3
21,thumb_01_r,0.2798268496990204,0.2360564023256302,0.3712922245264053,3
60,hand_l,0.27974767486254376,0.24178381264209747,0.34245394766330717,3
84,ball_r,0.2797355105479558,0.2534419596195221,0.3566797077655792,3
66,middle_01_r,0.2797043522198995,0.26978540420532227,0.30209572315216066,3
26,index_01_r,0.27956733604272205,0.27714139223098755,0.32883070707321166,3
37,thumb_01_l,0.2795608838399251,0.31141892075538635,0.37484951615333556,3
15,LCalfTwist_03,0.27934571107228595,0.2666729986667633,0.3067063629627228,3
27,calf_r,0.2792190412680308,0.309930682182312,0.33602519035339357,3
26,clavicle_r,0.2791034976641337,0.27021345496177673,0.3223890006542206,3
36,LCalfTwist_02,0.278916597366333,0.2686806321144104,0.3792639374732971,3
42,upperarm_l,0.2787921925385793,0.276470810174942,0.3319747030735016,3
37,head,0.27862733602523804,0.31726178526878357,0.3597524583339691,3
9,thigh_r,0.27861252427101135,0.25886741280555725,0.3088981926441193,3
28,ball_r,0.2786071101824443,0.29069310426712036,0.2959142327308655,3
4,clavicle_r,0.27845458686351776,0.318966269493103,0.33178861141204835,3
9,ball_r,0.27828734119733173,0.29608672857284546,0.29618340730667114,3
2,ball_r,0.2782725989818573,0.28815481066703796,0.29171566367149354,3
3,RUpArmTwist_r_02,0.27806809544563293,0.26252973079681396,0.3213289737701416,3
52,RCalfTwist_01,0.2780153503020604,0.2692483961582184,0.3374854624271393,3
22,head,0.2779839237531026,0.299314945936203,0.3644614160060883,3
16,thigh_r,0.2779541164636612,0.2883380353450775,0.33559338450431825,3
19,ball_r,0.2778233786424001,0.24590466916561127,0.3307125300168991,3
69,middle_01_l,0.27774983644485474,0.2345210313796997,0.3417230129241943,3
45,ball_l,0.2775133674343427,0.3184492886066437,0.37899861931800843,3
58,head,0.2774963031212489,0.20460961759090424,0.3897081583738327,3
21,middle_01_l,0.2774643550316493,0.2511652410030365,0.370644873380661,3
7,RUpArmTwist_r_01,0.27737507224082947,0.238820418715477,0.34376454055309297,3
50,middle_01_r,0.2770478079716365,0.278344988822937,0.3099703550338745,3
4,RCalfTwist_01,0.27702273925145465,0.26200199127197266,0.31454451084136964,3
33,middle_01_r,0.27701805035273236,0.2684401571750641,0.3623771250247955,3
18,ring_01_l,0.27698786556720734,0.27240630984306335,0.3087488353252411,3
30,index_01_r,0.2769236812988917,0.23795299232006073,0.3318397134542465,3
73,thumb_01_r,0.2769218633572261,0.25737106800079346,0.3219940185546875,3
8,index_01_r,0.2768927564223607,0.26748186349868774,0.3231982350349426,3
3,index_01_r,0.27675101657708484,0.28066253662109375,0.34185926914215087,3
85,lowerarm_r,0.2766319066286087,0.2883954346179962,0.3365605652332306,3
71,calf_r,0.27655232946077984,0.21245737373828888,0.44496702253818515,3
4,spine_01,0.27643247197071713,0.32564836740493774,0.40517081022262574,3
73,spine_01,0.2762972563505173,0.269074410200119,0.36053926348686216,3
83,RUpArmTwist_r_01,0.2762866069873174,0.28134793043136597,0.3452245831489563,3
74,ball_r,0.27625880142052966,0.2418449968099594,0.3272100180387497,3
40,lowerarm_l,0.2761230369408925,0.28853917121887207,0.3075450658798218,3
75,calf_l,0.27609726289908093,0.2842051088809967,0.37017789483070374,3
11,index_01_r,0.276079793771108,0.2908506691455841,0.31600967049598694,3
62,pinky_01_l,0.2759833137194316,0.29779788851737976,0.32303971648216245,3
70,RUpArmTwist_r_01,0.27597839136918384,0.2731814682483673,0.3433730900287628,3
27,index_01_r,0.2756769309441249,0.28575706481933594,0.3162031888961792,3
18,head,0.2756585131088893,0.22537633776664734,0.38510164618492126,3
84,index_01_r,0.2753336081902186,0.2748517394065857,0.32316073179245,3
15,upperarm_r,0.2753332058588664,0.2424505054950714,0.36802332997322085,3
36,middle_01_l,0.2753041237592697,0.2799760103225708,0.37316460609436036,3
75,thumb_01_r,0.27491440375645954,0.2624287009239197,0.3350323557853699,3
72,thumb_01_r,0.27490103244781494,0.23528531193733215,0.33834217190742494,3
37,LCalfTwist_02,0.27486824492613476,0.2564420700073242,0.36402952671051025,3
24,middle_01_l,0.2746413399775823,0.228366419672966,0.3874854177236557,3
67,hand_l,0.2745759189128876,0.27967503666877747,0.28369112610816954,3
0,index_01_r,0.27452898025512695,0.3085193932056427,0.33750112652778624,3
23,head,0.27408284942309064,0.2560470402240753,0.39139755368232726,3
42,spine_01,0.2740135192871094,0.3111032545566559,0.31502636075019835,3
70,middle_01_l,0.27401212354501087,0.23912006616592407,0.33438130617141726,3
62,thigh_l,0.27396635711193085,0.16743560135364532,0.4869658857584,3
82,hand_l,0.2737838725248973,0.2786117196083069,0.2873473048210144,3
45,ring_01_l,0.27365539968013763,0.2953779697418213,0.34122934341430666,3
41,lowerarm_l,0.2736203173796336,0.2688131034374237,0.28762328028678896,3
22,thumb_01_r,0.27342964212099713,0.2405252456665039,0.35445709228515626,3
79,index_01_r,0.2733384519815445,0.2859649658203125,0.28657729625701905,3
60,LCalfTwist_02,0.27330319583415985,0.27555781602859497,0.29456225633621214,3
12,head,0.27302488684654236,0.2188761830329895,0.38613530397415163,3
23,ball_r,0.272973229487737,0.2618691325187683,0.3077015519142151,3
34,index_01_r,0.272878165046374,0.2777459919452667,0.30180962681770324,3
69,RUpArmTwist_l_01,0.27273957679669064,0.3136211335659027,0.3920804917812347,3
56,index_01_r,0.2727051029602687,0.24726760387420654,0.35600790977478025,3
64,ball_r,0.27258264025052387,0.3127163052558899,0.3815699934959412,3
49,middle_01_l,0.2724757343530655,0.22778625786304474,0.36076764166355135,3
71,spine_02,0.2722962150971095,0.24538777768611908,0.38313471972942353,3
20,head,0.27229055762290955,0.20694498717784882,0.40524645745754245,3
39,calf_l,0.2722139706214269,0.23792660236358643,0.3500788927078247,3
46,foot_r,0.27208439509073895,0.28994831442832947,0.3443605124950409,3
27,ball_r,0.2720736215511958,0.26561760902404785,0.30506062507629395,3
17,RUpArmTwist_r_02,0.2717866450548172,0.2611252963542938,0.2988377511501312,3
82,LCalfTwist_02,0.2717684308687846,0.26090937852859497,0.35270947217941284,3
76,thumb_01_r,0.2715714027484258,0.22974523901939392,0.33401378989219666,3
5,LCalfTwist_02,0.27146672705809277,0.2443871647119522,0.3331959992647171,3
4,lowerarm_r,0.2714654505252838,0.2917671203613281,0.3795940637588501,3
77,middle_01_l,0.2713949183622996,0.23657795786857605,0.3215160071849823,3
23,spine_01,0.27132610479990643,0.27005934715270996,0.3451042413711548,3
72,RCalfTwist_02,0.2713124404350917,0.30385616421699524,0.32100206017494204,3
8,RUpArmTwist_l_01,0.2710879147052765,0.1988922357559204,0.37327122688293457,3
76,RUpArmTwist_r_01,0.27107056975364685,0.24487052857875824,0.3319761723279953,3
6,lowerarm_r,0.27083835502465564,0.31116101145744324,0.31279365420341493,3
60,RUpArmTwist_l_01,0.2707664966583252,0.2893959581851959,0.3384130775928497,3
78,middle_01_l,0.27067596713701886,0.2902979254722595,0.2989276051521301,3
6,spine_01,0.2705277005831401,0.2966606020927429,0.3198486685752869,3
51,hand_r,0.27052198847134906,0.29616016149520874,0.4270230412483215,3
19,thumb_01_r,0.2703855832417806,0.21941238641738892,0.3548759579658508,3
43,pinky_01_r,0.27026931941509247,0.24748148024082184,0.4063772946596146,3
72,RUpArmTwist_l_01,0.2702433889110883,0.3598789870738983,0.36302635073661804,3
6,ball_r,0.270137424270312,0.2847137451171875,0.31260156631469727,3
51,lowerarm_l,0.27009371916453045,0.24183183908462524,0.35571545362472534,3
6,hand_l,0.27007731795310974,0.268669992685318,0.28308187127113343,3
20,thumb_01_r,0.26997173329194385,0.2247835248708725,0.349688383936882,3
49,upperarm_l,0.26982750991980237,0.22372448444366455,0.34852325916290283,3
70,clavicle_l,0.2697117229302724,0.2842465043067932,0.32212854623794557,3
8,middle_01_l,0.2696107476949692,0.3001008629798889,0.3327073216438293,3
85,clavicle_r,0.2694544990857442,0.2829277813434601,0.3238859474658966,3
37,index_01_r,0.26938489079475403,0.27368584275245667,0.2843722403049469,3
25,clavicle_r,0.2692969391743342,0.2741564214229584,0.30187758803367615,3
41,clavicle_l,0.26919962962468463,0.2544277608394623,0.3356559216976166,3
25,thumb_01_l,0.2690832366545995,0.2988118827342987,0.36452898383140564,3
2,RCalfTwist_03,0.2684490482012431,0.26408886909484863,0.3580190658569336,3
60,RUpArmTwist_r_01,0.2684360171357791,0.20700466632843018,0.437718939781189,3
10,middle_01_l,0.26829953491687775,0.23465938866138458,0.3294986397027969,3
55,RUpArmTwist_r_02,0.2680623432000478,0.26250216364860535,0.27739710211753843,3
28,spine_01,0.26798486709594727,0.31360459327697754,0.3204424142837524,3
82,RCalfTwist_03,0.2679394135872523,0.28126364946365356,0.3557646632194519,3
5,RUpArmTwist_l_02,0.26792533695697784,0.280327171087265,0.2808607280254364,3
31,spine_01,0.2678040415048599,0.2311786413192749,0.34411437511444093,3
35,index_01_r,0.2676522930463155,0.2624379098415375,0.28402561545372007,3
85,LCalfTwist_02,0.2676481604576111,0.2222110778093338,0.3797384172677994,3
27,thumb_01_l,0.267592986424764,0.2739357650279999,0.3409890115261078,3
32,lowerarm_r,0.2675827443599701,0.273934930562973,0.36860222220420835,3
32,middle_01_l,0.26731738944848377,0.23953580856323242,0.36769852638244627,3
33,index_01_r,0.2672865738471349,0.2850835621356964,0.28945549130439757,3
74,thumb_01_r,0.2670742819706599,0.2305566966533661,0.334225195646286,3
37,upperarm_r,0.26706960797309875,0.33544862270355225,0.3368608713150024,3
45,lowerarm_r,0.2670351564884186,0.31195294857025146,0.35669746398925783,3
40,LCalfTwist_02,0.2670292953650157,0.21980297565460205,0.383009147644043,3
42,middle_01_l,0.26690585911273956,0.21620619297027588,0.3628100395202637,3
81,index_01_r,0.2666887591282527,0.26638856530189514,0.2828010141849518,3
79,hand_l,0.2666123112042745,0.27326536178588867,0.3260244607925415,3
7,head,0.2664433767398198,0.3117324113845825,0.31992387771606445,3
70,spine_01,0.26631488899389905,0.3293517827987671,0.33946027755737307,3
24,lowerarm_r,0.26615191002686817,0.20880870521068573,0.38281863629817964,3
59,middle_01_l,0.2661513189474742,0.2717845141887665,0.33159191012382505,3
42,calf_l,0.2659753660360972,0.23638911545276642,0.31739102900028227,3
32,middle_01_r,0.2659573306639989,0.23063364624977112,0.3704933226108551,3
41,middle_01_r,0.26590212682882947,0.28956854343414307,0.30844147205352784,3
75,ball_r,0.265880619486173,0.2288188338279724,0.3554014086723328,3
64,calf_l,0.26581000288327533,0.31593558192253113,0.322868674993515,3
49,lowerarm_l,0.2657684087753296,0.26888585090637207,0.32018656730651857,3
72,RCalfTwist_03,0.2656703715523084,0.2729805111885071,0.3981048226356506,3
48,RCalfTwist_02,0.26565800110499066,0.2494213879108429,0.33643444180488585,3
10,LCalfTwist_01,0.2656558205684026,0.33105605840682983,0.34080053567886354,3
38,index_01_r,0.265581746896108,0.2872471213340759,0.29783293008804324,3
56,middle_01_l,0.2655549744764964,0.27429211139678955,0.3435319423675537,3
85,LCalfTwist_01,0.26554528375466663,0.29934215545654297,0.34397168159484864,3
59,spine_02,0.265509436527888,0.2649970054626465,0.28803579807281493,3
69,clavicle_r,0.2652865598599116,0.2834121286869049,0.3512930691242218,3
77,index_01_r,0.2651485800743103,0.2802313566207886,0.3099817276000977,3
78,hand_l,0.2651335448026657,0.24006116390228271,0.309649395942688,3
33,middle_01_l,0.26511448125044507,0.2615020275115967,0.3603196382522583,3
18,index_01_r,0.26507889727751416,0.2548963725566864,0.2836786925792694,3
25,middle_01_l,0.2650267680486043,0.24761392176151276,0.3657746821641922,3
13,head,0.2650050222873688,0.28472355008125305,0.31586554646492004,3
17,index_01_r,0.26484212279319763,0.26458948850631714,0.2756607413291931,3
18,middle_01_l,0.2647596746683121,0.2697887718677521,0.33203197121620176,3
6,RCalfTwist_01,0.2647380034128825,0.25896522402763367,0.2885812699794769,3
13,middle_01_l,0.2646809866031011,0.2725301682949066,0.31567367911338806,3
38,lowerarm_r,0.2646637136737506,0.26805421710014343,0.40518314242362974,3
41,index_01_r,0.2643963396549225,0.2502283453941345,0.3586701512336731,3
45,index_01_r,0.2643789102633794,0.2833060622215271,0.3234048247337341,3
47,upperarm_r,0.2643256535132726,0.2253674566745758,0.36449487805366515,3
81,lowerarm_r,0.26430827875932056,0.2962936758995056,0.3609984517097473,3
45,upperarm_r,0.26417186359564465,0.2574400007724762,0.33909850716590884,3
31,middle_01_r,0.2641439934571584,0.19149117171764374,0.39063018262386323,3
7,middle_01_l,0.26411957045396167,0.2577006220817566,0.33772596120834353,3
71,clavicle_l,0.264061118165652,0.2422374039888382,0.295018807053566,3
39,spine_02,0.2640099475781123,0.2779034674167633,0.3010282576084137,3
58,RUpArmTwist_r_02,0.2639390826225281,0.26595431566238403,0.27270456552505495,3
81,LCalfTwist_02,0.2639300674200058,0.24390338361263275,0.33678722083568574,3
26,spine_01,0.26385362446308136,0.21416158974170685,0.34466542303562164,3
57,RUpArmTwist_l_01,0.26383206496636075,0.3345799744129181,0.3394039928913116,3
11,middle_01_l,0.2638082355260849,0.23241983354091644,0.3117571324110031,3
9,RCalfTwist_03,0.2637869367996852,0.26328805088996887,0.3552254498004913,3
36,index_01_r,0.2637262890736262,0.2701243758201599,0.27458006143569946,3
17,calf_r,0.2634022533893585,0.25504133105278015,0.3331493318080902,3
39,ring_01_l,0.26337333023548126,0.2669350206851959,0.29169595837593076,3
12,pinky_01_r,0.2633185535669327,0.24942778050899506,0.37224497497081754,3
51,thigh_r,0.2632306640346845,0.28893324732780457,0.39335312247276305,3
37,LCalfTwist_01,0.26299777378638584,0.3057103455066681,0.35129321217536924,3
52,index_01_r,0.262957826256752,0.3004095256328583,0.3248586356639862,3
26,thumb_01_l,0.26270818213621777,0.28379887342453003,0.3532185435295105,3
60,R_ForeTwist_01,0.26254717508951825,0.2774101793766022,0.3218293249607086,3
62,upperarm_r,0.26248682538668316,0.30944496393203735,0.3153462052345276,3
45,calf_l,0.2624799658854802,0.21776296198368073,0.3344011574983597,3
41,thumb_01_l,0.2623219018181165,0.3038763701915741,0.35402304530143736,3
61,middle_01_l,0.2622458189725876,0.30981141328811646,0.31550298929214476,3
29,thumb_01_l,0.2621945838133494,0.27701860666275024,0.33999680280685424,3
52,spine_01,0.26218390464782715,0.2705570161342621,0.3064769446849823,3
76,hand_l,0.2621709456046422,0.24223193526268005,0.2903000056743622,3
67,ball_r,0.26208097736040753,0.26809656620025635,0.29402258396148684,3
16,spine_01,0.26198976735274,0.2937876880168915,0.31816946864128115,3
76,upperarm_r,0.261920506755511,0.25786569714546204,0.32903040051460264,3
30,LCalfTwist_02,0.261903315782547,0.31710121035575867,0.32149073481559753,3
61,spine_01,0.26181817551453906,0.26959332823753357,0.36087843775749207,3
72,ball_r,0.2616056650876999,0.25104090571403503,0.29927257895469667,3
18,spine_01,0.261594499150912,0.2522485852241516,0.27999621629714966,3
69,ball_r,0.2615745613972346,0.25756773352622986,0.2781277596950531,3
14,lowerarm_r,0.26152896881103516,0.2993093430995941,0.3659843862056732,3
43,middle_01_r,0.261393462618192,0.24733980000019073,0.30183681547641755,3
78,spine_02,0.26123301188151044,0.23847132921218872,0.3422912240028381,3
44,thumb_01_l,0.26117318371931714,0.28588083386421204,0.31204338669776915,3
9,middle_01_l,0.2611666719118754,0.27055713534355164,0.3148257672786713,3
45,middle_01_l,0.2611185610294342,0.24439989030361176,0.3332682579755783,3
84,lowerarm_r,0.2608080431818962,0.3108935058116913,0.35468165278434755,3
70,spine_02,0.26063274840513867,0.2049233615398407,0.35798060297966006,3
26,spine_02,0.2605181634426117,0.2978840172290802,0.3063014090061188,3
78,thigh_l,0.26047809918721515,0.24922248721122742,0.33078050017356875,3
9,ball_l,0.2604248027006785,0.2445407658815384,0.30915137827396394,3
27,clavicle_r,0.26027169823646545,0.23390182852745056,0.34576703906059264,3
37,middle_01_l,0.26011910786231357,0.27848345041275024,0.36118885278701784,3
12,index_01_r,0.26004186272621155,0.30558034777641296,0.3486769378185272,3
48,RCalfTwist_03,0.2600344369808833,0.3240828216075897,0.3794975936412811,3
84,middle_01_l,0.25994368890921277,0.23267647624015808,0.32522894740104674,3
42,thumb_01_l,0.25990358491738635,0.3166980445384979,0.3235433757305145,3
3,lowerarm_r,0.2598142425219218,0.2927124798297882,0.39480734467506406,3
24,spine_01,0.25975003838539124,0.2595672011375427,0.33912800550460814,3
13,R_ForeTwist_01,0.2596304416656494,0.2911418676376343,0.29969327449798583,3
61,lowerarm_r,0.2595237543185552,0.2180578112602234,0.32103949785232544,3
53,middle_01_l,0.2595108052094777,0.20594914257526398,0.3373600870370865,3
5,ball_r,0.25938433905442554,0.2561779022216797,0.2966174602508545,3
75,hand_l,0.25927555561065674,0.25019100308418274,0.29382453560829164,3
17,middle_01_l,0.25914877156416577,0.25518813729286194,0.34234681725502014,3
7,RUpArmTwist_r_02,0.25913600126902264,0.27878105640411377,0.2979874610900879,3
47,head,0.25910496711730957,0.2617061138153076,0.28845164775848386,3
78,index_01_r,0.2590654492378235,0.2707242965698242,0.29560046195983886,3
83,RUpArmTwist_l_01,0.25884362558523816,0.284228652715683,0.29835922122001646,3
0,thumb_01_r,0.2586965411901474,0.24391816556453705,0.3556819885969162,3
8,hand_l,0.25856361786524457,0.23940181732177734,0.3232637166976929,3
40,pinky_01_r,0.25854626297950745,0.2743988633155823,0.319419801235199,3
50,index_01_r,0.2584092567364375,0.2808080315589905,0.2834591269493103,3
61,RUpArmTwist_l_01,0.258132408062617,0.24921268224716187,0.29303196668624876,3
48,head,0.2580638329188029,0.22239911556243896,0.3432790994644165,3
70,ball_r,0.25764839847882587,0.2537016272544861,0.2746035933494568,3
53,middle_01_r,0.2576316297054291,0.26201242208480835,0.2908021330833435,3
55,middle_01_l,0.2575767785310745,0.27011990547180176,0.32338039875030516,3
55,ball_l,0.25741490721702576,0.27308371663093567,0.2754013121128082,3
39,index_01_r,0.25691861907641095,0.2590714395046234,0.2747457683086395,3
30,upperarm_r,0.25685689846674603,0.2362404465675354,0.3027110457420349,3
46,ball_l,0.25678973893324536,0.2240576148033142,0.3108584523200989,3
67,index_01_r,0.2565213789542516,0.2605041265487671,0.28101966381072996,3
54,hand_l,0.2564987490574519,0.2600782513618469,0.3087504982948303,3
82,LCalfTwist_03,0.2564784685770671,0.24211359024047852,0.3080063581466675,3
41,middle_01_l,0.2563834836085637,0.23540006577968597,0.3402184695005417,3
80,ball_l,0.25634599725405377,0.23145492374897003,0.30181433260440826,3
66,calf_r,0.2562582592169444,0.2700921297073364,0.3012418508529663,3
7,middle_01_r,0.2561439673105876,0.2599838376045227,0.30267528295516966,3
32,index_01_r,0.2561374356349309,0.2411605566740036,0.29742160737514495,3
85,RCalfTwist_03,0.2560330480337143,0.25015509128570557,0.35338540077209474,3
14,spine_01,0.2558530370394389,0.24049904942512512,0.2891786158084869,3
66,index_01_r,0.2555906077226003,0.25409719347953796,0.2815910756587982,3
74,calf_l,0.2555025666952133,0.2396601289510727,0.3550395220518112,3
53,index_01_r,0.25548990070819855,0.25165900588035583,0.3335042178630829,3
13,spine_01,0.25537847975889844,0.27011215686798096,0.27946398258209226,3
56,ball_l,0.25524213413397473,0.25587818026542664,0.28063554167747495,3
4,middle_01_l,0.255121390024821,0.2665049433708191,0.2894581437110901,3
11,pinky_01_l,0.25510233640670776,0.28039953112602234,0.2907598912715912,3
54,lowerarm_r,0.2550523430109024,0.2282746583223343,0.31369046270847323,3
67,spine_01,0.25498608748118085,0.30401939153671265,0.3254095435142517,3
50,middle_01_l,0.2549530814091365,0.21670296788215637,0.32388797402381897,3
43,index_01_r,0.2549143061041832,0.2501876652240753,0.37196088433265684,3
0,middle_01_l,0.25487405558427173,0.21600237488746643,0.3467652380466461,3
12,middle_01_r,0.2548503701885541,0.17067280411720276,0.41001608967781067,3
39,thumb_01_l,0.2548437217871348,0.26865875720977783,0.3829194068908691,3
49,head,0.25471527874469757,0.24746288359165192,0.322185805439949,3
7,thigh_r,0.25462788840134937,0.3294207453727722,0.33341840505599973,3
46,middle_01_l,0.2544853985309601,0.2358803153038025,0.36520034074783325,3
51,calf_l,0.2544262260198593,0.24209357798099518,0.2749685078859329,3
13,clavicle_l,0.2542981704076131,0.26098015904426575,0.2707941114902496,3
73,ball_r,0.25425143043200177,0.2503504157066345,0.31849342584609985,3
45,RUpArmTwist_r_02,0.25409137705961865,0.22857199609279633,0.2950385302305222,3
50,upperarm_l,0.25392236312230426,0.26644188165664673,0.26889532804489136,3
51,middle_01_l,0.2537435442209244,0.19632957875728607,0.3494003742933273,3
65,upperarm_r,0.2536076406637828,0.2210008203983307,0.34842761158943175,3
38,thumb_01_l,0.2535934125383695,0.2904527485370636,0.3668479025363922,3
25,calf_r,0.25331344703833264,0.2520281970500946,0.31397818922996523,3
8,RCalfTwist_03,0.25320479770501453,0.2711277902126312,0.31914445757865906,3
44,index_01_r,0.25307876865069073,0.28230366110801697,0.342010086774826,3
34,hand_l,0.2530454645554225,0.2713521420955658,0.2799143254756927,3
3,head,0.2528579036394755,0.17725372314453125,0.3814392566680908,3
85,RUpArmTwist_l_01,0.252684086561203,0.18774652481079102,0.3648218870162964,3
67,upperarm_r,0.25260687867800397,0.19795037806034088,0.3312875539064407,3
25,lowerarm_r,0.2525830815235774,0.2500884532928467,0.33186113834381104,3
68,hand_l,0.25253521899382275,0.2663443088531494,0.2714077472686768,3
65,index_01_r,0.2524930735429128,0.2518995702266693,0.296922367811203,3
47,RUpArmTwist_r_02,0.25246186057726544,0.2732262909412384,0.27340732216835023,3
49,index_01_r,0.25245506564776105,0.24743156135082245,0.27591255605220794,3
30,lowerarm_r,0.2524417092402776,0.278998464345932,0.30625895857810975,3
4,RUpArmTwist_l_02,0.25242764751116437,0.28169745206832886,0.29137459993362425,3
52,calf_r,0.25239498416582745,0.24060125648975372,0.3271683603525162,3
30,LCalfTwist_01,0.2522500902414322,0.20564526319503784,0.40102127790451053,3
72,RUpArmTwist_r_01,0.25219660997390747,0.22143247723579407,0.34888816475868223,3
75,spine_01,0.25206265846888226,0.23559868335723877,0.32442030906677244,3
19,ball_l,0.25197447339693707,0.20912595093250275,0.32864023745059967,3
78,ball_r,0.25196025768915814,0.262424111366272,0.29794213771820066,3
56,RCalfTwist_03,0.2519552980860074,0.2425953596830368,0.38145812451839445,3
9,spine_01,0.25194066266218823,0.2337779849767685,0.311651274561882,3
48,middle_01_l,0.2518838594357173,0.2375182807445526,0.32938210368156434,3
65,middle_01_r,0.2518770794073741,0.24996517598628998,0.26403174102306365,3
45,spine_01,0.2518534113963445,0.19816996157169342,0.3584448844194412,3
15,thigh_r,0.25167426963647205,0.12303610891103745,0.4482780382037163,3
77,head,0.25166599452495575,0.23071517050266266,0.32128186523914337,3
50,calf_r,0.2516516198714574,0.24867083132266998,0.2771824151277542,3
54,spine_01,0.2515767812728882,0.25756779313087463,0.26991525292396545,3
13,index_01_r,0.25155797600746155,0.28259167075157166,0.29312474131584165,3
21,pinky_01_r,0.25136888523896533,0.2718045711517334,0.2955626964569092,3
46,head,0.25134140253067017,0.220707505941391,0.3143891036510468,3
12,calf_r,0.25121040642261505,0.2752598524093628,0.2776068687438965,3
57,middle_01_l,0.2511913279692332,0.25594261288642883,0.33268340229988097,3
31,RUpArmTwist_l_02,0.2511600504318873,0.2582625150680542,0.2654267311096191,3
31,index_01_r,0.2511108070611954,0.27110156416893005,0.27388095259666445,3
71,spine_01,0.2511033813158671,0.2352757453918457,0.27916390895843507,3
40,thumb_01_l,0.25107475866874057,0.26442524790763855,0.34692413210868833,3
71,RCalfTwist_03,0.25103506197532016,0.24984368681907654,0.3614297568798065,3
36,spine_01,0.2509600520133972,0.2758294939994812,0.3459919571876526,3
58,spine_02,0.2509538282950719,0.21617333590984344,0.31414767205715177,3
79,spine_01,0.25086408605178195,0.3000703454017639,0.3352673888206482,3
75,middle_01_l,0.2505772113800049,0.21445704996585846,0.3087852030992508,3
0,RCalfTwist_03,0.25056445101896924,0.18032285571098328,0.3707884013652802,3
67,thigh_r,0.2504530648390452,0.21496102213859558,0.3459889113903046,3
15,index_01_r,0.2503608415524165,0.22775770723819733,0.29242928326129913,3
68,index_01_r,0.2503456622362137,0.2534346282482147,0.27033039927482605,3
16,ball_l,0.25024521350860596,0.23759907484054565,0.27914789915084837,3
37,calf_r,0.25024430453777313,0.1976458877325058,0.3256230801343918,3
36,RUpArmTwist_r_02,0.249819686015447,0.2611478567123413,0.26295742988586424,3
57,head,0.24960730969905853,0.23430337011814117,0.3445704966783524,3
83,middle_01_l,0.24958236515522003,0.2328290343284607,0.2984583735466003,3
38,middle_01_l,0.24931291242440543,0.2858239412307739,0.3226278066635132,3
82,index_01_r,0.24930614233016968,0.24749518930912018,0.2767264634370804,3
28,thumb_01_l,0.24921981990337372,0.2629903554916382,0.325627064704895,3
8,spine_01,0.24917282660802206,0.25788336992263794,0.3285015940666199,3
54,middle_01_l,0.24904756744702658,0.2356138378381729,0.3121390134096146,3
14,middle_01_r,0.24903704722722372,0.20834869146347046,0.32170361280441284,3
77,RUpArmTwist_r_02,0.2489978720744451,0.23307541012763977,0.2730436146259308,3
5,RUpArmTwist_r_02,0.24891741573810577,0.23912246525287628,0.2793304592370987,3
79,clavicle_l,0.24887718260288239,0.23452487587928772,0.3433171331882477,3
68,ball_r,0.24884565671284994,0.23853184282779694,0.3121367245912552,3
76,ball_r,0.24881610771020254,0.2656615376472473,0.2902858376502991,3
15,RCalfTwist_03,0.2486043522755305,0.2639669179916382,0.2674048900604248,3
50,RUpArmTwist_l_01,0.2483212947845459,0.24138979613780975,0.3004549592733383,3
80,index_01_r,0.24825721979141235,0.24878321588039398,0.27502131164073945,3
42,middle_01_r,0.24822825690110525,0.22336457669734955,0.29665901362895963,3
28,clavicle_l,0.2480816642443339,0.2739116847515106,0.2808572709560394,3
6,index_01_r,0.24807086090246835,0.26167747378349304,0.30381852984428404,3
67,RUpArmTwist_l_01,0.24799129366874695,0.1609310656785965,0.3939854770898819,3
1,index_01_r,0.24797418216864267,0.25695252418518066,0.32006452083587644,3
16,index_01_r,0.2479601502418518,0.2392815351486206,0.29032928943634034,3
39,LCalfTwist_01,0.2478001539905866,0.19555670022964478,0.3990604758262634,3
64,index_01_r,0.24779581526915231,0.2443603128194809,0.25525581538677217,3
17,LCalfTwist_01,0.24772809445858002,0.2675996720790863,0.3054581344127655,3
54,lowerarm_l,0.24761015673478445,0.24985814094543457,0.2896813631057739,3
66,upperarm_r,0.24750199168920517,0.25551721453666687,0.3517411410808563,3
77,lowerarm_r,0.24735036492347717,0.2667046785354614,0.33723742961883546,3
47,thigh_r,0.247249536216259,0.2333703637123108,0.36488066911697387,3
57,RCalfTwist_03,0.24718505889177322,0.2526651620864868,0.3762715578079224,3
9,RUpArmTwist_l_01,0.24693196018536887,0.17189152538776398,0.3523659616708756,3
44,spine_01,0.2467193901538849,0.2968030273914337,0.33760815262794497,3
28,index_01_r,0.24667791525522867,0.2701859176158905,0.2888003528118134,3
81,spine_01,0.24665469427903494,0.272880494594574,0.27574318647384644,3
36,LCalfTwist_03,0.24663319687048593,0.2171553522348404,0.30610206425189973,3
78,upperarm_r,0.2465349386135737,0.2517661154270172,0.287874299287796,3
4,R_ForeTwist_01,0.2465173751115799,0.2617292106151581,0.26944429278373716,3
59,index_01_r,0.2464755872885386,0.21744006872177124,0.29507755041122435,3
35,hand_l,0.24629139403502145,0.24816812574863434,0.30257799923419954,3
79,RCalfTwist_01,0.24628483752409616,0.2426118403673172,0.26873749792575835,3
34,RUpArmTwist_r_02,0.2461911936601003,0.24668559432029724,0.26963748335838317,3
73,middle_01_l,0.24617819488048553,0.209166020154953,0.31556145548820497,3
27,lowerarm_r,0.24604682624340057,0.24751915037631989,0.3872728139162064,3
54,clavicle_l,0.2460461606582006,0.25932857394218445,0.3018066346645355,3
33,RUpArmTwist_r_02,0.246001069744428,0.24887704849243164,0.2689859390258789,3
72,head,0.24595337609450021,0.2089546024799347,0.3060075342655182,3
64,head,0.24590251594781876,0.275442510843277,0.3278179705142975,3
15,middle_01_r,0.24586751560370126,0.19959592819213867,0.31765716075897216,3
10,pinky_01_l,0.24581842124462128,0.27230265736579895,0.27476425766944884,3
27,middle_01_l,0.24568404257297516,0.20891332626342773,0.34222850799560545,3
43,spine_01,0.24566618104775748,0.2921552360057831,0.2979781091213226,3
60,spine_01,0.24557655056317648,0.22740599513053894,0.27425803542137145,3
25,RCalfTwist_03,0.24557340641816458,0.24116595089435577,0.26279655992984774,3
35,spine_01,0.24554317692915598,0.3013453483581543,0.3255784034729004,3
40,index_01_r,0.245473841826121,0.2431161254644394,0.2855587214231491,3
49,ball_l,0.24546147882938385,0.19402232766151428,0.34730332493782046,3
39,middle_01_l,0.24535726259152094,0.29802677035331726,0.31017271876335145,3
65,spine_01,0.24523201088110605,0.24768304824829102,0.2509070158004761,3
52,lowerarm_l,0.24518097440401712,0.22287636995315552,0.2796688675880432,3
20,ball_l,0.24513876934846243,0.20593656599521637,0.31220040619373324,3
0,RUpArmTwist_l_01,0.24511872480312982,0.16322550177574158,0.4157128512859345,3
43,head,0.24508261680603027,0.28383317589759827,0.2916957676410675,3
9,RCalfTwist_02,0.24501427014668783,0.27530187368392944,0.2989920020103455,3
29,index_01_r,0.2447865108648936,0.2652311325073242,0.2791473150253296,3
46,index_01_r,0.24467175702253977,0.2508563995361328,0.26159207820892333,3
76,index_01_r,0.24463796615600586,0.2655175030231476,0.31384080052375796,3
51,index_01_r,0.24458520114421844,0.273776113986969,0.2839073777198792,3
35,RUpArmTwist_l_01,0.24453133841355643,0.2500928044319153,0.3384694457054138,3
71,index_01_r,0.24448751658201218,0.2996355891227722,0.31954599618911744,3
81,head,0.24423944453398386,0.2554003894329071,0.28271090388298037,3
8,RCalfTwist_02,0.24418848752975464,0.24313867092132568,0.30602660179138186,3
68,upperarm_r,0.24418529868125916,0.26447638869285583,0.32093786597251894,3
21,RUpArmTwist_l_01,0.24416308601697287,0.1607372909784317,0.37761931717395786,3
76,lowerarm_r,0.24390250941117605,0.27278846502304077,0.29122809171676634,3
63,RUpArmTwist_r_02,0.24388279020786285,0.24305564165115356,0.25778859853744507,3
64,calf_r,0.24378560483455658,0.26592880487442017,0.2720582365989685,3
58,index_01_r,0.24369818468888602,0.25278958678245544,0.2728670299053192,3
38,clavicle_l,0.24355086187521616,0.23479613661766052,0.27984339594841,3
27,RCalfTwist_03,0.24329529702663422,0.2308911383152008,0.2884416878223419,3
75,head,0.24318425357341766,0.22115306556224823,0.3454036325216293,3
72,clavicle_r,0.24314551055431366,0.2387446016073227,0.272321817278862,3
0,RUpArmTwist_r_02,0.24270846943060556,0.23393689095973969,0.3411286801099777,3
78,LCalfTwist_02,0.24270178377628326,0.20258234441280365,0.30298819243907926,3
44,calf_r,0.24263617396354675,0.2649400234222412,0.3120593547821045,3
77,ball_l,0.24247300624847412,0.2541596293449402,0.2651375651359558,3
77,upperarm_r,0.24240433176358542,0.22098085284233093,0.29039475321769714,3
44,middle_01_l,0.24233650167783102,0.24074245989322662,0.27018294632434847,3
76,calf_l,0.24224266409873962,0.24793727695941925,0.3131397873163223,3
26,middle_01_l,0.24223516881465912,0.21651943027973175,0.33963595926761625,3
0,spine_02,0.2420981079339981,0.2119704931974411,0.29808016717433927,3
64,RCalfTwist_03,0.24204063912232718,0.25441184639930725,0.293237167596817,3
28,RCalfTwist_03,0.2419419139623642,0.24073244631290436,0.25016179382801057,3
30,middle_01_l,0.2419306884209315,0.24232470989227295,0.3055489301681519,3
60,thumb_01_r,0.24179809788862863,0.2184274047613144,0.27827589213848114,3
3,R_ForeTwist_01,0.241644357641538,0.2589139938354492,0.28260757923126223,3
35,RUpArmTwist_r_02,0.24161802728970846,0.23889710009098053,0.26051426231861113,3
82,RUpArmTwist_r_02,0.24144181112448374,0.2537599205970764,0.2654772400856018,3
57,index_01_r,0.24143371482690176,0.21726000308990479,0.29709835052490235,3
60,calf_l,0.24133985241254172,0.2216138243675232,0.2873887658119202,3
1,LCalfTwist_02,0.24125996232032776,0.2449803650379181,0.24686842560768127,3
51,head,0.24119050055742264,0.3056826591491699,0.32540097236633303,3
71,middle_01_l,0.24095196525255838,0.2112828493118286,0.312045693397522,3
53,clavicle_l,0.24090822537740073,0.2763645350933075,0.28482975363731383,3
66,spine_01,0.24065963923931122,0.2641618251800537,0.2810093402862549,3
43,thumb_01_l,0.24049571653207144,0.2569020688533783,0.3021488130092621,3
78,calf_r,0.24045277635256448,0.271544873714447,0.28122013807296753,3
40,LCalfTwist_01,0.24032235393921533,0.14297355711460114,0.42391262352466585,3
21,ball_l,0.24012693762779236,0.16551072895526886,0.35420655310153965,3
38,upperarm_r,0.23997617264588675,0.24650758504867554,0.29313849210739135,3
30,clavicle_l,0.23967341581980386,0.22696180641651154,0.32638215124607084,3
7,index_01_r,0.23947901030381522,0.2660689949989319,0.26944817304611207,3
34,calf_r,0.23946416874726614,0.17837248742580414,0.32768585383892057,3
81,RCalfTwist_01,0.23944666484991708,0.23357440531253815,0.26819739639759066,3
70,index_01_r,0.23936540881792703,0.2632109820842743,0.2832005679607391,3
56,hand_l,0.23919106523195902,0.24626892805099487,0.28960164785385134,3
60,R_ForeTwist_02,0.23913977295160294,0.21537916362285614,0.3593662828207016,3
50,RUpArmTwist_r_02,0.23883079985777536,0.2521224021911621,0.2615939140319824,3
77,clavicle_l,0.238817368944486,0.18546023964881897,0.3273841440677643,3
82,lowerarm_r,0.23878142734368643,0.25087571144104004,0.34895246028900145,3
55,index_01_r,0.2387698839108149,0.23068590462207794,0.3142014890909195,3
52,middle_01_l,0.23869879047075906,0.21809859573841095,0.30141989290714266,3
42,RCalfTwist_03,0.23868820071220398,0.21511593461036682,0.32750709652900695,3
77,ball_r,0.23859089612960815,0.26750680804252625,0.28285810351371765,3
16,middle_01_r,0.2383685608704885,0.19877515733242035,0.3119448870420456,3
28,head,0.23836521804332733,0.2949575185775757,0.34797229766845705,3
72,middle_01_l,0.23836022118727365,0.21071629226207733,0.28876887261867523,3
66,lowerarm_r,0.23833516736825308,0.20926159620285034,0.3145370364189148,3
70,LCalfTwist_02,0.23830739160378775,0.21501941978931427,0.28255816996097566,3
62,calf_r,0.23830716808636984,0.22771485149860382,0.26972314417362214,3
2,RUpArmTwist_r_02,0.23804044723510742,0.2416178584098816,0.2493658185005188,3
59,spine_01,0.23798223088184992,0.29576435685157776,0.3000467836856842,3
55,lowerarm_r,0.23770050704479218,0.22563762962818146,0.2749765068292618,3
75,ball_l,0.23763408760229746,0.2287171632051468,0.2548877388238907,3
4,LCalfTwist_02,0.23755902548631033,0.21482402086257935,0.3012455105781555,3
32,LCalfTwist_01,0.23755805442730585,0.17118945717811584,0.38948307633399964,3
80,calf_l,0.2373940870165825,0.25789058208465576,0.3159153699874878,3
59,R_ForeTwist_01,0.23739267388979593,0.23446492850780487,0.2670080989599228,3
29,calf_r,0.23735649387041727,0.24162237346172333,0.2696248859167099,3
29,RUpArmTwist_r_02,0.2372284233570099,0.2029617875814438,0.29104473292827604,3
58,middle_01_l,0.2370521624883016,0.24785177409648895,0.31208032071590425,3
71,ball_l,0.2370205968618393,0.24802719056606293,0.295856973528862,3
32,LCalfTwist_03,0.23699565728505453,0.2711741030216217,0.2787600576877594,3
54,index_01_r,0.23690890769163767,0.25467583537101746,0.3041826903820038,3
76,middle_01_l,0.2368693749109904,0.23835177719593048,0.2816097170114517,3
47,middle_01_l,0.23684161404768625,0.2615465819835663,0.31752731204032897,3
44,thigh_r,0.23681427041689554,0.2445581555366516,0.2806229472160339,3
41,spine_02,0.23677459359169006,0.22494299709796906,0.3030280739068985,3
57,RUpArmTwist_l_02,0.23670215408007303,0.2330927550792694,0.2710616528987885,3
77,LCalfTwist_02,0.23657742142677307,0.2541775107383728,0.2622700333595276,3
66,thigh_r,0.2365697423617045,0.22646570205688477,0.3163172960281372,3
41,RCalfTwist_03,0.23647999266783395,0.19904251396656036,0.2982669502496719,3
69,index_01_r,0.23643959065278372,0.25556090474128723,0.2742842733860016,3
15,spine_01,0.2363902529080709,0.2754935622215271,0.2915467381477356,3
18,LCalfTwist_03,0.23637862503528595,0.22466328740119934,0.28682094216346743,3
80,clavicle_r,0.236056516567866,0.20121213793754578,0.28587369322776796,3
51,RUpArmTwist_l_01,0.23562337458133698,0.21288250386714935,0.29263167083263397,3
16,clavicle_l,0.23553920288880667,0.2720828950405121,0.29279558062553407,3
29,LCalfTwist_01,0.23550781110922495,0.19820404052734375,0.36550562381744384,3
78,head,0.23543008168538412,0.21188966929912567,0.30822242200374605,3
54,RCalfTwist_02,0.23528920114040375,0.2511948049068451,0.29746009707450866,3
47,spine_01,0.2351113905509313,0.2234719842672348,0.2685880154371262,3
9,LCalfTwist_01,0.23505479594071707,0.2745616137981415,0.2992208182811737,3
27,spine_02,0.23490053912003836,0.23370487987995148,0.27275637686252596,3
3,ball_l,0.23488910496234894,0.21776480972766876,0.28855790197849274,3
16,RCalfTwist_03,0.23476812740166983,0.24113979935646057,0.25727983117103576,3
26,RCalfTwist_03,0.2347263296445211,0.1700756996870041,0.32777903974056244,3
83,lowerarm_r,0.23458764950434366,0.2604197561740875,0.31262834668159484,3
76,LCalfTwist_02,0.23457920054594675,0.2001054286956787,0.28329284191131593,3
33,RUpArmTwist_l_01,0.23453396062056223,0.2029612958431244,0.34622191786766054,3
34,RCalfTwist_02,0.23450693488121033,0.22518795728683472,0.32187756299972536,3
3,R_ForeTwist_02,0.2343056003252665,0.18878860771656036,0.33759855329990385,3
19,lowerarm_r,0.2336896906296412,0.2680330276489258,0.3211756944656372,3
5,spine_01,0.23356238504250845,0.21033141016960144,0.28951680064201357,3
29,head,0.23355493197838464,0.23703454434871674,0.32054555118083955,3
52,middle_01_r,0.2333910862604777,0.23077240586280823,0.2617017328739166,3
47,RUpArmTwist_l_01,0.23330428699652353,0.2524869441986084,0.3034149408340454,3
15,head,0.23328342040379843,0.1868218183517456,0.3354757308959961,3
62,index_01_r,0.2332415928443273,0.22059266269207,0.2706103414297104,3
5,LCalfTwist_01,0.23315764963626862,0.17597156763076782,0.3758827090263367,3
63,index_01_r,0.23310918112595877,0.22548706829547882,0.24709018766880037,3
45,head,0.23300747821728388,0.2559521496295929,0.3062577545642853,3
14,index_01_r,0.23296620945135751,0.20271550118923187,0.29413728415966034,3
54,RCalfTwist_03,0.23296291132767996,0.22506365180015564,0.25588342547416687,3
24,calf_r,0.23282487193743387,0.25891757011413574,0.2908483505249023,3
1,RCalfTwist_03,0.23280344158411026,0.23872719705104828,0.31620573699474336,3
23,RCalfTwist_03,0.23275956511497498,0.24207428097724915,0.28528664708137513,3
57,spine_02,0.23269553730885187,0.22729746997356415,0.3275993436574936,3
23,pinky_01_r,0.23266057670116425,0.24698543548583984,0.2601198196411133,3
75,LCalfTwist_02,0.23265169064203897,0.22840598225593567,0.2748712122440338,3
74,RCalfTwist_03,0.23256045579910278,0.2364804893732071,0.34124965965747833,3
71,LCalfTwist_02,0.23249320685863495,0.2346242517232895,0.24672349393367768,3
51,spine_02,0.2324891040722529,0.2112586796283722,0.32258260846138,3
41,head,0.2324882298707962,0.18233630061149597,0.33835760951042176,3
9,head,0.23246231178442636,0.22043821215629578,0.25823351740837097,3
31,middle_01_l,0.2323512484629949,0.20432019233703613,0.3205288887023926,3
1,middle_01_l,0.23223856588204703,0.2808709144592285,0.28347752094268797,3
85,index_01_r,0.23217358191808066,0.24822524189949036,0.29059959053993223,3
66,RCalfTwist_01,0.232173353433609,0.23607613146305084,0.2692152768373489,3
50,head,0.23202774922053018,0.269854336977005,0.29561832547187805,3
74,LCalfTwist_02,0.23197421928246817,0.21411684155464172,0.3055024206638336,3
25,head,0.23196869591871896,0.23472759127616882,0.24797024130821227,3
50,RCalfTwist_03,0.2318628579378128,0.16817881166934967,0.3429536134004593,3
10,hand_l,0.2318508674701055,0.23623548448085785,0.2548746794462204,3
72,LCalfTwist_02,0.23184750974178314,0.20850175619125366,0.299588143825531,3
11,R_ForeTwist_01,0.23184588054815927,0.268097460269928,0.2761826395988464,3
75,index_01_r,0.2317058245340983,0.22124327719211578,0.2747217446565628,3
11,head,0.23162772009770075,0.20258700847625732,0.36239817142486574,3
68,head,0.23159794261058173,0.27553555369377136,0.3299684464931488,3
48,index_01_l,0.23155324657758078,0.2208975851535797,0.2641093790531158,3
53,RCalfTwist_01,0.2315056174993515,0.23114269971847534,0.25371905565261843,3
32,clavicle_l,0.23118723928928375,0.22378674149513245,0.2693454086780548,3
1,RCalfTwist_02,0.2311670482158661,0.21911196410655975,0.3167525142431259,3
60,LCalfTwist_01,0.23115970691045126,0.18652023375034332,0.35064769089221953,3
24,clavicle_l,0.2309533953666687,0.2554515302181244,0.2728593051433563,3
32,upperarm_r,0.2307154436906179,0.14929062128067017,0.3805254101753235,3
2,lowerarm_r,0.23056787252426147,0.19498462975025177,0.31183032095432284,3
29,LCalfTwist_02,0.23049611349900564,0.20879796147346497,0.2835412800312042,3
48,RUpArmTwist_l_01,0.2304225116968155,0.27215325832366943,0.2750411510467529,3
8,calf_r,0.2304084748029709,0.20556838810443878,0.2995146900415421,3
83,index_01_r,0.23030746479829153,0.23421888053417206,0.2742609828710556,3
28,calf_r,0.23029393951098123,0.25021007657051086,0.26815255284309386,3
36,upperarm_r,0.23028966039419174,0.2893419861793518,0.29080566167831423,3
8,clavicle_l,0.23023181656996408,0.25701406598091125,0.26018674969673156,3
85,middle_01_l,0.2302196572224299,0.19006064534187317,0.3009131014347076,3
7,calf_r,0.2299650510152181,0.17922109365463257,0.31862856149673463,3
17,spine_01,0.22995365162690481,0.2290768027305603,0.2537650942802429,3
71,clavicle_r,0.22989356021086374,0.2451016902923584,0.2574666261672974,3
3,RUpArmTwist_l_01,0.22986411799987158,0.27421504259109497,0.29704450368881224,3
81,ball_l,0.2297521779934565,0.19666872918605804,0.2918218106031418,3
79,LCalfTwist_02,0.22959962487220764,0.2196841686964035,0.28254457414150236,3
54,head,0.22955160836378732,0.2696152329444885,0.274166476726532,3
58,R_ForeTwist_01,0.2291643569866816,0.24120712280273438,0.24940426349639894,3
7,RCalfTwist_03,0.22913889586925507,0.2364746779203415,0.25235248506069186,3
42,LCalfTwist_01,0.22912956277529398,0.21277464926242828,0.2751768618822098,3
4,RCalfTwist_03,0.2289880414803823,0.1386663019657135,0.3704765379428864,3
55,calf_r,0.22896094620227814,0.19629940390586853,0.29648918509483335,3
70,RCalfTwist_03,0.22879014909267426,0.2089172899723053,0.2645533621311188,3
65,head,0.22872574627399445,0.19013679027557373,0.308899974822998,3
12,RCalfTwist_03,0.22868502140045166,0.2190238982439041,0.31133832037448883,3
0,clavicle_r,0.22863896687825522,0.2560499608516693,0.29202279448509216,3
17,LCalfTwist_02,0.22853383173545203,0.20740041136741638,0.3520194709300995,3
76,head,0.2283996989329656,0.1929682344198227,0.3238035649061203,3
19,LCalfTwist_01,0.2282696614662806,0.2485061138868332,0.2548428863286972,3
74,index_01_r,0.2281386728088061,0.2582671046257019,0.31098049879074097,3
56,R_ForeTwist_01,0.2280926058689753,0.24173285067081451,0.2633736878633499,3
56,RCalfTwist_02,0.22807486852010092,0.2139853984117508,0.2970426470041275,3
2,LCalfTwist_02,0.22804656624794006,0.2316073626279831,0.3175326198339462,3
66,RCalfTwist_03,0.2279687076807022,0.13609454035758972,0.3742928206920624,3
47,index_01_r,0.22795083125432333,0.22247213125228882,0.23607285022735597,3
21,head,0.22791696339845657,0.22870151698589325,0.3819341748952866,3
54,RUpArmTwist_l_01,0.22783230990171432,0.21633122861385345,0.32869653403759,3
39,RCalfTwist_03,0.2277944733699163,0.23909927904605865,0.25133300125598906,3
39,calf_r,0.22776382168134054,0.23301972448825836,0.23565202057361603,3
79,lowerarm_r,0.22770875692367554,0.1965603232383728,0.33906646966934206,3
56,head,0.22756832341353098,0.22206741571426392,0.28071523904800416,3
59,RCalfTwist_03,0.22741290430227915,0.19855573773384094,0.33976147770881654,3
83,RCalfTwist_03,0.22741160790125528,0.25153952836990356,0.2622719407081604,3
55,RCalfTwist_01,0.22731007635593414,0.2170601338148117,0.27298901975154877,3
73,RCalfTwist_03,0.22717894117037454,0.21405087411403656,0.2884600132703781,3
30,spine_01,0.22716939449310303,0.19559961557388306,0.30292855501174926,3
55,spine_02,0.2271104504664739,0.17770609259605408,0.31775729060173036,3
83,LCalfTwist_02,0.22710993885993958,0.2269420623779297,0.2415817141532898,3
7,clavicle_r,0.2270118792851766,0.2425910383462906,0.24379500448703767,3
34,RUpArmTwist_l_01,0.2269479309519132,0.2019922435283661,0.337761777639389,3
63,RCalfTwist_03,0.226922536889712,0.2382386326789856,0.28688639402389526,3
85,LCalfTwist_03,0.2268473207950592,0.21140794456005096,0.2900679439306259,3
2,R_ForeTwist_01,0.22680118680000305,0.21062442660331726,0.25226251482963563,3
21,calf_r,0.226564422249794,0.15484461188316345,0.33085359930992125,3
16,middle_01_l,0.2265461285909017,0.2302478402853012,0.299084398150444,3
43,index_01_l,0.22641647358735403,0.19690552353858948,0.2692974865436554,3
72,upperarm_r,0.2261649730304877,0.26490336656570435,0.342584502696991,3
29,upperarm_r,0.22589313238859177,0.257535457611084,0.3260797500610352,3
15,ball_l,0.2258720596631368,0.17881238460540771,0.3080389738082886,3
38,R_ForeTwist_01,0.22585811217625937,0.2387392818927765,0.28036695122718813,3
37,RUpArmTwist_l_01,0.22569312155246735,0.26371926069259644,0.2746134400367737,3
50,spine_01,0.22565444807211557,0.2588389813899994,0.2732815682888031,3
77,RCalfTwist_01,0.22561953961849213,0.2108902931213379,0.25550501346588134,3
4,ball_l,0.2256059298912684,0.2095457911491394,0.2694144368171692,3
30,thumb_01_l,0.22558973481257757,0.27978867292404175,0.305022394657135,3
20,spine_02,0.2255088041226069,0.22288863360881805,0.2419474810361862,3
64,RCalfTwist_01,0.22545790672302246,0.2457106113433838,0.2521975040435791,3
68,clavicle_l,0.22538039088249207,0.21483272314071655,0.2865840315818787,3
59,LCalfTwist_02,0.22515390316645303,0.23637638986110687,0.28324038684368136,3
15,RUpArmTwist_l_01,0.22501803686221442,0.2838817238807678,0.29682456254959105,3
40,index_01_l,0.2249155342578888,0.22395089268684387,0.28008669018745425,3
44,head,0.22489085048437119,0.2760288119316101,0.2855042576789856,3
12,lowerarm_l,0.22486978769302368,0.24578481912612915,0.26619523763656616,3
48,spine_01,0.22484417508045831,0.262459933757782,0.3336187481880188,3
9,R_ForeTwist_02,0.22479629516601562,0.2134913057088852,0.2657502144575119,3
24,ball_l,0.22452774147192636,0.2424669712781906,0.25076974332332613,3
62,head,0.22439338266849518,0.18801262974739075,0.2830038368701935,3
30,RCalfTwist_03,0.22432982921600342,0.21063219010829926,0.25521890819072723,3
56,LCalfTwist_02,0.22421537836392721,0.2092198133468628,0.311564302444458,3
17,thigh_r,0.22403706486026445,0.17741285264492035,0.3991043776273728,3
84,LCalfTwist_02,0.22394845883051553,0.22779105603694916,0.23439527451992034,3
52,RUpArmTwist_l_01,0.22377817829449972,0.23224367201328278,0.3158400565385818,3
68,RCalfTwist_01,0.22371034820874533,0.21846170723438263,0.24279873669147492,3
68,clavicle_r,0.22357216477394104,0.20786471664905548,0.3063125997781754,3
49,RUpArmTwist_l_01,0.22354725499947867,0.24406848847866058,0.26604189574718473,3
14,head,0.22350307802359262,0.23504140973091125,0.27153924107551575,3
11,RUpArmTwist_r_02,0.22318194806575775,0.23322254419326782,0.25643283128738403,3
28,lowerarm_r,0.22304305930932364,0.2370295524597168,0.3084975242614746,3
24,pinky_01_r,0.22298860549926758,0.22351129353046417,0.2652208715677261,3
51,middle_01_r,0.22284350295861563,0.2186877280473709,0.23518625795841216,3
40,spine_02,0.22276040414969125,0.2551029920578003,0.30615849494934083,3
59,clavicle_r,0.22274531920750937,0.22835372388362885,0.23177922666072845,3
61,ball_r,0.2225534071524938,0.22378715872764587,0.26245452761650084,3
11,clavicle_l,0.22255036731561026,0.22169381380081177,0.26771384477615356,3
3,RCalfTwist_03,0.22254516929388046,0.25209492444992065,0.3084800124168396,3
77,spine_02,0.22250787417093912,0.21881209313869476,0.26706862151622773,3
12,LCalfTwist_02,0.22233984371026358,0.23608098924160004,0.25862683951854704,3
74,RUpArmTwist_r_02,0.22227891782919565,0.22377771139144897,0.2526964545249939,3
28,RUpArmTwist_l_01,0.22216098507245383,0.2092519998550415,0.3400787353515625,3
82,LCalfTwist_01,0.22203008582194647,0.12096872180700302,0.3682826802134514,3
25,spine_01,0.2219967097043991,0.22493816912174225,0.2963673621416092,3
3,clavicle_r,0.22185556093851724,0.18509340286254883,0.2748815298080444,3
7,RUpArmTwist_l_01,0.2217870702346166,0.1909668892621994,0.30998929440975187,3
79,spine_02,0.2215515375137329,0.17541146278381348,0.28822741508483884,3
66,RUpArmTwist_r_02,0.2215406596660614,0.21848778426647186,0.24436272084712982,3
66,head,0.22146480778853098,0.1982404589653015,0.3103486180305481,3
12,R_ForeTwist_01,0.22143957018852234,0.22006092965602875,0.26894032657146455,3
80,upperarm_r,0.2214390734831492,0.1891467422246933,0.28950314223766327,3
48,index_01_r,0.22138486802577972,0.21330492198467255,0.23512873351573943,3
32,LCalfTwist_02,0.22133229672908783,0.2424333542585373,0.26623893678188326,3
10,RUpArmTwist_l_01,0.22125577429930368,0.21162812411785126,0.2412447065114975,3
50,ball_l,0.22116910914580026,0.15335148572921753,0.3198418736457825,3
84,RCalfTwist_03,0.22112630307674408,0.14707320928573608,0.3399661898612976,3
3,Bip001,0.22112521529197693,0.19966930150985718,0.2754653811454773,3
11,calf_r,0.2210774024327596,0.2096472531557083,0.2620882421731949,3
41,index_01_l,0.22105451424916586,0.20969605445861816,0.2643103122711182,3
24,hand_l,0.22104137887557349,0.27734559774398804,0.277416980266571,3
80,RCalfTwist_01,0.2209005504846573,0.21159344911575317,0.23409957885742189,3
47,spine_02,0.2208810398976008,0.23265743255615234,0.27980780601501465,3
9,RUpArmTwist_r_02,0.22085187832514444,0.22250396013259888,0.2229421019554138,3
56,upperarm_r,0.22079039365053177,0.2230936884880066,0.33057602643966677,3
11,index_01_l,0.22073330481847128,0.2269822359085083,0.2668923854827881,3
43,RUpArmTwist_r_02,0.2204961876074473,0.24681203067302704,0.2617424100637436,3
10,R_ForeTwist_01,0.22027450799942017,0.19655777513980865,0.26780355274677276,3
29,RCalfTwist_03,0.22026698291301727,0.1681353598833084,0.30741373598575594,3
74,middle_01_l,0.22026461362838745,0.21249808371067047,0.28201024830341337,3
58,LCalfTwist_02,0.2202573617299398,0.24068744480609894,0.2670236021280289,3
55,LCalfTwist_02,0.22023171683152518,0.24893493950366974,0.27561198770999906,3
67,RCalfTwist_01,0.22007435063521066,0.2213800549507141,0.2515525698661804,3
85,RCalfTwist_02,0.22006125251452127,0.2476966232061386,0.2733435362577438,3
80,LCalfTwist_02,0.21976701418558756,0.24023784697055817,0.25376186668872835,3
29,middle_01_l,0.21966396272182465,0.24117718636989594,0.2914824694395065,3
17,LCalfTwist_03,0.21952217320601145,0.21036256849765778,0.24867339432239532,3
15,middle_01_l,0.219489187002182,0.24326372146606445,0.28221755027770995,3
69,LCalfTwist_02,0.2193928211927414,0.20740999281406403,0.26679823696613314,3
30,middle_01_r,0.21934857716163,0.22751571238040924,0.32591877281665804,3
6,RCalfTwist_03,0.2192407101392746,0.15827730298042297,0.3457155764102936,3
72,ball_l,0.2191362828016281,0.1790052205324173,0.31087166368961333,3
60,spine_02,0.2190821369489034,0.20152547955513,0.2642186939716339,3
44,RUpArmTwist_l_01,0.21904881298542023,0.20104317367076874,0.26846385896205904,3
38,RUpArmTwist_l_01,0.2188152273495992,0.15490396320819855,0.317888417840004,3
14,RCalfTwist_03,0.2187642902135849,0.18501314520835876,0.27355353236198426,3
44,upperarm_r,0.21875444799661636,0.2455594688653946,0.28062370121479036,3
55,upperarm_r,0.21873444318771362,0.17930777370929718,0.29554297029972076,3
11,lowerarm_r,0.21867971370617548,0.21196585893630981,0.3032262444496155,3
69,hand_l,0.21844971428314844,0.26378872990608215,0.281155401468277,3
70,head,0.21842572589715323,0.21915239095687866,0.27102195024490355,3
60,RUpArmTwist_r_02,0.2182622750600179,0.18817605078220367,0.2737909346818924,3
55,RUpArmTwist_l_01,0.21820182104905447,0.21282340586185455,0.240447798371315,3
48,R_ForeTwist_02,0.21816839277744293,0.2036440670490265,0.27514405846595763,3
81,LCalfTwist_01,0.2181536207596461,0.12902317941188812,0.3585403889417648,3
34,RCalfTwist_03,0.2180934101343155,0.2277000993490219,0.2749411314725876,3
81,RUpArmTwist_l_01,0.21800809601942697,0.22765138745307922,0.2459311306476593,3
43,RCalfTwist_03,0.217911829551061,0.20560133457183838,0.2583447456359863,3
34,upperarm_r,0.21759590009848276,0.23322871327400208,0.2816202700138092,3
17,lowerarm_r,0.21758694450060526,0.24203045666217804,0.3082149654626846,3
57,LCalfTwist_02,0.21728338797887167,0.23265844583511353,0.2868207097053528,3
64,RUpArmTwist_l_02,0.21725968023141226,0.24144159257411957,0.25057749450206757,3
13,upperarm_r,0.21724091470241547,0.20380255579948425,0.2464570939540863,3
48,hand_l,0.21684406946102777,0.22305487096309662,0.2950402945280075,3
59,clavicle_l,0.216805766026179,0.18145833909511566,0.2891198843717575,3
78,RCalfTwist_01,0.21670066813627878,0.19892050325870514,0.24165599644184113,3
2,LCalfTwist_01,0.21668036778767905,0.24630466103553772,0.2476316511631012,3
24,RCalfTwist_03,0.21658224860827127,0.21914292871952057,0.25380630791187286,3
50,lowerarm_r,0.21653693417708078,0.1814046949148178,0.2937205284833908,3
2,RCalfTwist_01,0.21649251381556192,0.2071365863084793,0.2658283621072769,3
72,index_01_r,0.21647236247857413,0.22708477079868317,0.28213601410388944,3
24,head,0.21626382569471994,0.16967260837554932,0.29874093532562257,3
10,RCalfTwist_03,0.2162636915842692,0.24528321623802185,0.25044867396354675,3
68,RUpArmTwist_l_01,0.21608651181062064,0.2082451432943344,0.2956357687711716,3
26,R_ForeTwist_01,0.21603413422902426,0.19257378578186035,0.26258025169372556,3
60,middle_01_l,0.2157344420750936,0.18541300296783447,0.2860989570617676,3
51,RCalfTwist_03,0.21572184562683105,0.19085915386676788,0.2695965200662613,3
73,clavicle_r,0.2156123568614324,0.22021839022636414,0.255279415845871,3
78,clavicle_l,0.21557666609684625,0.2080698311328888,0.2980730593204498,3
65,RCalfTwist_03,0.2155276983976364,0.13706238567829132,0.34131762087345124,3
68,LCalfTwist_02,0.21551024417082468,0.17719975113868713,0.28798070549964905,3
78,lowerarm_r,0.2152556578318278,0.2045043706893921,0.2943434476852417,3
13,RCalfTwist_03,0.21524270872275034,0.16619496047496796,0.3015485376119614,3
18,RUpArmTwist_l_02,0.2152387797832489,0.1831200122833252,0.26244125366210935,3
68,RCalfTwist_03,0.21508444597323736,0.13858233392238617,0.3386916130781174,3
47,hand_l,0.2149920960267385,0.19979293644428253,0.26877414286136625,3
67,LCalfTwist_02,0.21485250691572824,0.18529367446899414,0.27779355049133303,3
40,middle_01_l,0.21466181178887686,0.2064189910888672,0.2819765567779541,3
25,R_ForeTwist_01,0.21464543541272482,0.21531639993190765,0.26258778274059297,3
8,R_ForeTwist_02,0.2144805689652761,0.20460762083530426,0.28138358891010284,3
75,Bip001,0.21447283029556274,0.2118801474571228,0.2796129584312439,3
84,hand_l,0.2140876998504003,0.27233508229255676,0.28522167801856996,3
68,ball_l,0.21407084167003632,0.22023905813694,0.30598199665546416,3
42,index_01_l,0.21403956909974417,0.21918641030788422,0.26065039336681367,3
32,RUpArmTwist_r_02,0.21387333671251932,0.22135114669799805,0.25461745262145996,3
63,RUpArmTwist_l_01,0.21375261743863425,0.22033187747001648,0.3120290696620941,3
39,lowerarm_r,0.21371515095233917,0.24293480813503265,0.24555433690547943,3
56,clavicle_r,0.21370774507522583,0.2112444043159485,0.22483574151992797,3
71,RUpArmTwist_r_01,0.21362225462992987,0.1719847470521927,0.325045171380043,3
14,middle_01_l,0.2136205037434896,0.21560423076152802,0.27500759065151215,3
13,index_01_l,0.21362008651097616,0.2095687985420227,0.23557485342025758,3
73,RCalfTwist_02,0.21342126528422037,0.20519939064979553,0.2588660538196564,3
17,RCalfTwist_03,0.21337489287058511,0.1663876324892044,0.31403824388980867,3
57,R_ForeTwist_01,0.21314716835816702,0.2072117179632187,0.2550692051649094,3
18,calf_r,0.2130685349305471,0.18907864391803741,0.27757348120212555,3
54,thigh_r,0.21297735472520193,0.18850092589855194,0.2530176967382431,3
42,hand_l,0.21294280886650085,0.18956001102924347,0.26848911345005033,3
28,middle_01_l,0.21275454511245093,0.24145935475826263,0.27751667201519015,3
54,clavicle_r,0.2123796691497167,0.20632469654083252,0.24590835571289063,3
10,R_ForeTwist_02,0.2123493899901708,0.22850173711776733,0.23732707500457764,3
52,head,0.21223226437966028,0.22981807589530945,0.280642694234848,3
45,spine_02,0.212136780222257,0.21320459246635437,0.26999210715293886,3
69,RCalfTwist_03,0.21198073029518127,0.2328292727470398,0.23404213190078735,3
67,RCalfTwist_03,0.21168139825264612,0.1359875649213791,0.3447363704442978,3
62,RCalfTwist_03,0.2116503119468689,0.2114390879869461,0.21543971598148345,3
15,clavicle_l,0.21162958443164825,0.2346162050962448,0.24598489701747894,3
74,RUpArmTwist_r_01,0.2115605672200521,0.12075357139110565,0.34681468904018403,3
85,thigh_r,0.21146916846434274,0.2157004028558731,0.27375462353229524,3
22,R_ForeTwist_02,0.21144280831019083,0.20453645288944244,0.29717359840869906,3
51,hand_l,0.21139897406101227,0.2326461374759674,0.2755683958530426,3
82,head,0.21106733133395514,0.26344016194343567,0.2828278601169586,3
75,R_ForeTwist_01,0.21102427939573923,0.22277605533599854,0.26821293830871584,3
77,hand_l,0.2109930937488874,0.2448035329580307,0.2634442538022995,3
77,RCalfTwist_03,0.21095619350671768,0.16731376945972443,0.31845549643039706,3
0,Bip001,0.21091152727603912,0.2314949631690979,0.25085772275924684,3
6,RUpArmTwist_l_01,0.2109109809001287,0.20825237035751343,0.24402881860733033,3
73,R_ForeTwist_01,0.21074970066547394,0.21715454757213593,0.2684903711080551,3
78,ball_l,0.21054767072200775,0.22013027966022491,0.25615576803684237,3
10,index_01_l,0.2104980250199636,0.17003223299980164,0.27633509039878845,3
49,RCalfTwist_03,0.21040410300095877,0.2228763997554779,0.22502269148826598,3
55,head,0.2102735141913096,0.20143602788448334,0.2389577716588974,3
40,RUpArmTwist_r_02,0.21026930212974548,0.22429455816745758,0.24395237267017364,3
74,R_ForeTwist_01,0.21025014917055765,0.2203894853591919,0.22513808012008668,3
17,RUpArmTwist_l_02,0.21020967264970145,0.1893058568239212,0.24196273386478423,3
47,LCalfTwist_02,0.21012045939763388,0.1825588494539261,0.25369559824466703,3
11,clavicle_r,0.21010463684797287,0.21352216601371765,0.28417050242424013,3
46,calf_r,0.21010278165340424,0.15613047778606415,0.2947311490774155,3
39,index_01_l,0.21001132329305014,0.17044229805469513,0.2726087003946304,3
36,R_ForeTwist_01,0.2099918673435847,0.2421979457139969,0.2535090833902359,3
52,RCalfTwist_03,0.2099291111032168,0.11465772241353989,0.3569155380129814,3
21,RCalfTwist_03,0.20992040385802588,0.23919899761676788,0.28987120687961576,3
43,middle_01_l,0.20984394351641336,0.2266867756843567,0.2317705273628235,3
57,R_ForeTwist_02,0.20961549878120422,0.17735791206359863,0.28486056327819825,3
4,calf_l,0.2095662703116735,0.17172953486442566,0.2651876866817474,3
48,LCalfTwist_02,0.2095458855231603,0.2020295411348343,0.2661219030618668,3
45,RUpArmTwist_l_01,0.20931710799535116,0.11512076109647751,0.34828014224767684,3
9,upperarm_r,0.20927755534648895,0.1827506572008133,0.26341992914676665,3
79,clavicle_r,0.20920266707738241,0.15806153416633606,0.2880566418170929,3
43,calf_l,0.20912106335163116,0.20853744447231293,0.23755576312541962,3
60,RCalfTwist_02,0.20909944673379263,0.25338563323020935,0.29154638648033143,3
67,head,0.20907967537641525,0.23194743692874908,0.2964246541261673,3
8,LCalfTwist_02,0.20894363522529602,0.19253391027450562,0.24871622323989867,3
31,clavicle_r,0.20891704658667246,0.16839031875133514,0.2802600234746933,3
84,RUpArmTwist_l_01,0.20888019104798636,0.11781994998455048,0.35077403485774994,3
58,RCalfTwist_03,0.20884481569131216,0.18068473041057587,0.3151643604040146,3
6,LCalfTwist_02,0.20884263018767038,0.20585353672504425,0.26287714540958407,3
7,clavicle_l,0.20877076188723245,0.22545088827610016,0.27119119465351105,3
2,index_01_r,0.2086936036745707,0.19857043027877808,0.2816003918647766,3
31,calf_r,0.2086662550767263,0.21736909449100494,0.24033987820148467,3
35,calf_r,0.20851121346155801,0.21044032275676727,0.2121371239423752,3
4,index_01_r,0.2084620694319407,0.2441263347864151,0.2539378672838211,3
3,LCalfTwist_02,0.20832270880540213,0.1885152906179428,0.284720179438591,3
12,upperarm_r,0.20823517938454947,0.22597788274288177,0.3349659889936447,3
75,spine_02,0.20798514286677042,0.20671674609184265,0.26372482180595397,3
71,head,0.20790896813074747,0.17246514558792114,0.27174540758132937,3
61,index_01_r,0.2078933815161387,0.20873810350894928,0.21018307507038117,3
26,head,0.20788978040218353,0.22893841564655304,0.26370066702365874,3
57,clavicle_r,0.20788936813672385,0.20112338662147522,0.21930795311927795,3
29,index_01_l,0.20766796668370566,0.213680237531662,0.2519491136074066,3
8,spine_02,0.20765953262646994,0.18102917075157166,0.29229113459587097,3
1,R_ForeTwist_01,0.20761173963546753,0.2425953596830368,0.25228939950466156,3
46,R_ForeTwist_02,0.20748613278071085,0.21896538138389587,0.24325093626976013,3
65,LCalfTwist_02,0.2074728806813558,0.21744953095912933,0.23320650756359101,3
77,R_ForeTwist_02,0.20741146802902222,0.17783159017562866,0.31488364934921265,3
0,RCalfTwist_01,0.20739906032880148,0.21542493999004364,0.2219765990972519,3
18,index_01_l,0.2072253425916036,0.17399269342422485,0.27892829179763795,3
40,R_ForeTwist_01,0.20717332263787588,0.22138719260692596,0.25155366361141207,3
63,head,0.20700312157471976,0.18219640851020813,0.27970245480537415,3
50,index_01_l,0.20693866908550262,0.17701716721057892,0.2544844537973404,3
34,spine_02,0.20692457755406699,0.231395423412323,0.26189144849777224,3
79,RUpArmTwist_r_02,0.20687643190224966,0.20277009904384613,0.22735333144664766,3
51,upperarm_r,0.20682541032632193,0.1881064772605896,0.25420416593551637,3
2,middle_01_l,0.20678873360157013,0.22400547564029694,0.2575753480195999,3
72,R_ForeTwist_01,0.20678762098153433,0.2147839218378067,0.23355776369571685,3
50,LCalfTwist_02,0.20664225021998087,0.18611200153827667,0.2429980903863907,3
11,LCalfTwist_01,0.20659275849660239,0.18558460474014282,0.2507659554481506,3
27,index_01_l,0.20657508075237274,0.20853053033351898,0.23747375905513762,3
60,RCalfTwist_03,0.20624254643917084,0.22373776137828827,0.2271525591611862,3
78,R_ForeTwist_01,0.2062112589677175,0.18812498450279236,0.24485186934471131,3
62,RUpArmTwist_r_02,0.20611202716827393,0.1996808797121048,0.23177655041217804,3
79,R_ForeTwist_01,0.20589305957158408,0.17547370493412018,0.2620375663042068,3
12,lowerarm_r,0.20584018528461456,0.23552288115024567,0.25209656059741975,3
27,R_ForeTwist_01,0.20581301301717758,0.22476202249526978,0.26164764165878296,3
33,calf_r,0.2057973841826121,0.2090812474489212,0.24329337179660798,3
66,LCalfTwist_02,0.20572165151437125,0.1877589225769043,0.258315110206604,3
3,index_01_l,0.20554219683011374,0.17961741983890533,0.24574256241321563,3
5,R_ForeTwist_01,0.20545454571644464,0.20039652287960052,0.27585544288158415,3
39,RUpArmTwist_l_01,0.2054023096958796,0.15679283440113068,0.2836796909570694,3
20,RCalfTwist_03,0.20531987647215524,0.20680880546569824,0.24863967895507813,3
55,R_ForeTwist_01,0.20515278478463492,0.20379161834716797,0.2460397958755493,3
8,LCalfTwist_01,0.20500742892424265,0.2075119912624359,0.20937060713768005,3
14,clavicle_r,0.20481085032224655,0.20341075956821442,0.27643261253833773,3
17,spine_02,0.20468910038471222,0.20854908227920532,0.2509323000907898,3
81,RCalfTwist_03,0.20465552310148874,0.1529899537563324,0.2903166234493256,3
48,spine_02,0.2045465956131617,0.18103744089603424,0.28014555275440217,3
17,clavicle_r,0.20450931787490845,0.21759746968746185,0.23214430510997772,3
57,index_01_l,0.20449486374855042,0.1848166435956955,0.2618203729391098,3
22,calf_r,0.2044752116004626,0.1736135333776474,0.28817836940288544,3
80,spine_02,0.2043642650047938,0.18273672461509705,0.28091596961021426,3
76,RCalfTwist_03,0.20430117597182593,0.2151845246553421,0.2703820616006851,3
53,clavicle_r,0.20427470902601877,0.18848736584186554,0.2332773596048355,3
7,LCalfTwist_02,0.2042098492383957,0.18691523373126984,0.2690399318933487,3
73,Bip001,0.20405233899752298,0.20767274498939514,0.2436984360218048,3
5,calf_r,0.20402531822522482,0.20492172241210938,0.23717645406723023,3
26,LCalfTwist_01,0.20391065875689188,0.22093158960342407,0.2214701533317566,3
19,index_01_l,0.2038754572470983,0.16454175114631653,0.2875951111316681,3
34,R_ForeTwist_01,0.20377574861049652,0.18681086599826813,0.24908659756183624,3
41,R_ForeTwist_01,0.20364569127559662,0.18985424935817719,0.24659208953380585,3
6,clavicle_l,0.2033787121375402,0.17365749180316925,0.2787825256586075,3
43,upperarm_r,0.2032590756813685,0.23464234173297882,0.2687613397836685,3
48,RUpArmTwist_l_02,0.20325521379709244,0.18075788021087646,0.2871253967285156,3
43,RUpArmTwist_l_01,0.20325166980425516,0.1902371644973755,0.23004648685455323,3
48,clavicle_r,0.20308741430441538,0.19182181358337402,0.23032383918762206,3
47,R_ForeTwist_01,0.20301341017087302,0.203094020485878,0.24782576858997346,3
48,R_ForeTwist_01,0.20299503207206726,0.16904079914093018,0.2711115598678589,3
37,R_ForeTwist_01,0.2029129366079966,0.21119266748428345,0.24835728406906127,3
27,RUpArmTwist_l_01,0.2029099464416504,0.232005313038826,0.26102875769138334,3
60,L_ForeTwist_02,0.2029069463411967,0.21062499284744263,0.2162615180015564,3
28,spine_02,0.20288103322188059,0.20985275506973267,0.2153596043586731,3
46,R_ForeTwist_01,0.20287103950977325,0.197191521525383,0.25814543664455414,3
80,RCalfTwist_03,0.2028485188881556,0.1490541398525238,0.34396218657493594,3
45,R_ForeTwist_01,0.20282675325870514,0.19694700837135315,0.23872330784797668,3
10,LCalfTwist_02,0.20269655187924704,0.15806809067726135,0.3080642998218536,3
20,LCalfTwist_01,0.2025963564713796,0.1875976324081421,0.22892712354660033,3
25,LCalfTwist_01,0.2025482952594757,0.21393199265003204,0.2234760195016861,3
70,LCalfTwist_03,0.2025089462598165,0.18116910755634308,0.23708869516849518,3
5,RCalfTwist_02,0.20245449741681418,0.17735640704631805,0.24253989160060882,3
40,calf_r,0.20245298743247986,0.17126764357089996,0.2818823367357254,3
13,Bip001,0.20241493731737137,0.1753762811422348,0.28360011279582975,3
79,RUpArmTwist_l_01,0.2023861656586329,0.18394987285137177,0.2445518344640732,3
51,RCalfTwist_01,0.2023564875125885,0.2028348296880722,0.2388343781232834,3
41,clavicle_r,0.20218497266372046,0.23650912940502167,0.24565541446208955,3
79,index_01_l,0.20203871528307596,0.19671280682086945,0.2203906685113907,3
28,index_01_l,0.201954647898674,0.2006160318851471,0.23147550225257874,3
24,LCalfTwist_01,0.20178372661272684,0.20916427671909332,0.23924794495105745,3
67,RUpArmTwist_l_02,0.20169741412003836,0.20598356425762177,0.24198459088802338,3
27,head,0.2016108917693297,0.25771933794021606,0.2999322056770325,3
63,spine_01,0.2014861355225245,0.18809357285499573,0.24753666520118714,3
58,R_ForeTwist_02,0.2013296658794085,0.24903973937034607,0.26592578291893004,3
82,ball_l,0.20128611226876578,0.22190147638320923,0.2271484375,3
22,RCalfTwist_03,0.20126806696256003,0.17118078470230103,0.24364255666732787,3
54,LCalfTwist_02,0.20126391450564066,0.2337101399898529,0.2555125892162323,3
79,head,0.20104407519102097,0.25052234530448914,0.25173715949058534,3
44,RUpArmTwist_r_02,0.20086597154537836,0.22159087657928467,0.25362157821655273,3
62,spine_01,0.20082804560661316,0.21087954938411713,0.24382393062114716,3
55,clavicle_r,0.2006297161181768,0.19821371138095856,0.22795255482196808,3
82,clavicle_r,0.20059484243392944,0.20583337545394897,0.21385003328323365,3
70,RCalfTwist_02,0.2005376567443212,0.2066725790500641,0.2420809805393219,3
32,RCalfTwist_03,0.20052767793337503,0.20659689605236053,0.22461030185222625,3
32,R_ForeTwist_02,0.20044115682442984,0.21482044458389282,0.22879798412323,3
11,spine_02,0.200411985317866,0.2248639166355133,0.24159954190254213,3
81,index_01_l,0.2004003326098124,0.19658100605010986,0.20859291553497314,3
81,clavicle_r,0.20037555694580078,0.17980201542377472,0.23301178514957427,3
71,R_ForeTwist_02,0.20032772421836853,0.1995101422071457,0.25432623326778414,3
78,index_01_l,0.20023271441459656,0.21630004048347473,0.2216021716594696,3
58,clavicle_r,0.20007474720478058,0.2152041494846344,0.24676359295845032,3
19,RCalfTwist_03,0.19999459385871887,0.2005518674850464,0.2146060824394226,3
34,R_ForeTwist_02,0.19977574050426483,0.19113421440124512,0.23276064395904542,3
69,head,0.19975716869036356,0.21083471179008484,0.24309551119804382,3
18,RCalfTwist_03,0.1997469961643219,0.15628275275230408,0.2706597030162811,3
34,clavicle_r,0.1996970772743225,0.20354482531547546,0.21794223189353942,3
69,RUpArmTwist_r_02,0.199637105067571,0.17916642129421234,0.22909654080867767,3
14,R_ForeTwist_01,0.19961091379324594,0.2239348292350769,0.24405310153961182,3
16,RUpArmTwist_r_02,0.19955047965049744,0.1677277684211731,0.25608164072036743,3
73,LCalfTwist_02,0.19953952729701996,0.1912798434495926,0.25520452558994294,3
84,Bip001,0.19945102433363596,0.19713573157787323,0.2420646518468857,3
21,RUpArmTwist_r_02,0.19940864046414694,0.20315295457839966,0.2270724058151245,3
29,clavicle_r,0.19938953717549643,0.22199954092502594,0.2585027009248734,3
41,R_ForeTwist_02,0.19938786079486212,0.1897307187318802,0.26518119871616364,3
36,RUpArmTwist_l_01,0.19937101503213248,0.1860286295413971,0.2414025604724884,3
52,index_01_l,0.19937040905157724,0.18911489844322205,0.23246548771858216,3
23,LCalfTwist_01,0.19926572342713675,0.2162269502878189,0.2473145991563797,3
41,RUpArmTwist_l_01,0.1992561767498652,0.19482293725013733,0.23961971402168275,3
33,ball_l,0.19925519824028015,0.21221604943275452,0.23819538950920105,3
46,clavicle_r,0.19919894635677338,0.2132502794265747,0.21457165479660034,3
46,Bip001,0.1990400105714798,0.19423820078372955,0.24805932343006135,3
39,R_ForeTwist_01,0.19895684719085693,0.2342614233493805,0.2462523400783539,3
73,head,0.19890888532002768,0.18777167797088623,0.23703402280807495,3
76,R_ForeTwist_02,0.19890751441319784,0.14894145727157593,0.2835316061973572,3
50,clavicle_l,0.19885908563931784,0.1894574910402298,0.24428068697452546,3
58,index_01_l,0.19875421126683554,0.1890745311975479,0.2387065678834915,3
75,RCalfTwist_03,0.19862192372481027,0.162126362323761,0.2535636067390442,3
43,LCalfTwist_01,0.19856393337249756,0.2157437652349472,0.21906448304653167,3
67,index_01_l,0.19840648770332336,0.1950128823518753,0.23544868528842927,3
84,spine_02,0.19838054974873862,0.15678256750106812,0.2701996922492981,3
20,index_01_l,0.19833488017320633,0.16588543355464935,0.2840944975614548,3
38,RCalfTwist_03,0.19815591722726822,0.17996425926685333,0.2766467481851578,3
27,upperarm_r,0.19812742124001184,0.211099311709404,0.25444391667842864,3
84,R_ForeTwist_01,0.19801530241966248,0.15557081997394562,0.28266741335392,3
15,clavicle_r,0.1979295164346695,0.16718393564224243,0.24747289419174195,3
46,RCalfTwist_03,0.1979231188694636,0.18056704103946686,0.2347303420305252,3
74,RCalfTwist_02,0.19789706418911615,0.22965817153453827,0.25366121232509614,3
68,index_01_l,0.1978503813346227,0.20183557271957397,0.23807575702667236,3
82,index_01_l,0.1977933943271637,0.1983398050069809,0.20943277776241304,3
73,index_01_r,0.1977626532316208,0.1677931845188141,0.24175878167152404,3
33,R_ForeTwist_02,0.1975724200407664,0.18336285650730133,0.22387681305408477,3
21,LCalfTwist_01,0.19753703474998474,0.2146453559398651,0.22658645510673522,3
52,LCalfTwist_01,0.19749428083499274,0.16581368446350098,0.2862596035003662,3
52,spine_02,0.19746914009253183,0.16484183073043823,0.2881749033927917,3
23,upperarm_r,0.1974186251560847,0.20898590981960297,0.230924329161644,3
59,RCalfTwist_01,0.19739103813966116,0.17679736018180847,0.22983320355415343,3
80,lowerarm_r,0.19732690354188284,0.1609264314174652,0.3002478778362274,3
82,calf_l,0.19708798825740814,0.19358547031879425,0.21357218325138091,3
76,RUpArmTwist_r_02,0.19707475105921426,0.2047046720981598,0.22164667248725892,3
11,RCalfTwist_03,0.19705687711636224,0.18488597869873047,0.28632543087005613,3
80,LCalfTwist_03,0.19698909918467203,0.18731598556041718,0.21383243501186372,3
10,RCalfTwist_02,0.1969724694887797,0.19597214460372925,0.2605029225349426,3
42,R_ForeTwist_02,0.19694361090660095,0.18026241660118103,0.258544796705246,3
61,R_ForeTwist_01,0.19682570298512778,0.22464463114738464,0.24704846739768982,3
85,R_ForeTwist_02,0.19679983456929526,0.1604856550693512,0.2548874199390411,3
38,head,0.1967023362716039,0.21858537197113037,0.26793203353881834,3
56,R_ForeTwist_02,0.19668278843164444,0.2282877415418625,0.2553296655416489,3
84,head,0.1966592719157537,0.21307559311389923,0.27493580877780915,3
40,RCalfTwist_02,0.19662869224945703,0.22016172111034393,0.24333278834819794,3
64,spine_01,0.19660102824370065,0.17853254079818726,0.2356991648674011,3
39,clavicle_r,0.1965368539094925,0.19607126712799072,0.24384841918945313,3
40,R_ForeTwist_02,0.1964877794186274,0.1934276819229126,0.2610019683837891,3
78,R_ForeTwist_02,0.1964483583966891,0.18343912065029144,0.26978332698345187,3
22,RUpArmTwist_r_02,0.19636930525302887,0.19783270359039307,0.21925292015075684,3
27,LCalfTwist_01,0.19633760551611582,0.20281003415584564,0.2158525437116623,3
76,R_ForeTwist_01,0.19623847802480063,0.20711375772953033,0.21092056334018708,3
78,LCalfTwist_03,0.19605539739131927,0.19133371114730835,0.2027888059616089,3
18,R_ForeTwist_01,0.19602869699398676,0.16075317561626434,0.27499381005764006,3
57,upperarm_r,0.19601564233501753,0.1560756117105484,0.34707343876361846,3
0,LCalfTwist_01,0.1959812045097351,0.19069243967533112,0.20851447880268098,3
44,calf_l,0.1958695352077484,0.1787838488817215,0.247619166970253,3
31,index_01_l,0.19578362504641214,0.162477508187294,0.2680669575929642,3
21,lowerarm_r,0.1957294543584188,0.19319619238376617,0.25779729187488554,3
14,RCalfTwist_01,0.19568835695584616,0.2052224725484848,0.2148163765668869,3
75,RCalfTwist_01,0.19563628236452738,0.2097698450088501,0.21640870571136475,3
28,RUpArmTwist_l_02,0.19563197592894235,0.17775170505046844,0.242615208029747,3
59,calf_r,0.1955680251121521,0.18232201039791107,0.237401482462883,3
5,head,0.19553292791048685,0.2529252767562866,0.2678396224975586,3
16,clavicle_r,0.19552485148111978,0.20971982181072235,0.24749086797237396,3
38,clavicle_r,0.19543524086475372,0.18032899498939514,0.25522664189338684,3
60,calf_r,0.19533110161622366,0.15049141645431519,0.27022567987442014,3
30,R_ForeTwist_02,0.19518360495567322,0.18736569583415985,0.21848828494548797,3
35,R_ForeTwist_01,0.1951234961549441,0.20712162554264069,0.2577625304460526,3
59,lowerarm_r,0.19505603859821954,0.21592053771018982,0.2444661319255829,3
4,calf_r,0.19504010677337646,0.19585569202899933,0.21558085978031158,3
52,RUpArmTwist_r_02,0.1948865552743276,0.20723628997802734,0.2158735990524292,3
77,spine_01,0.19481572012106577,0.22345563769340515,0.2581488311290741,3
49,upperarm_r,0.1946862811843554,0.16739694774150848,0.27769447267055514,3
73,ball_l,0.19464191297690073,0.186364084482193,0.20679118037223815,3
22,LCalfTwist_01,0.1945003072420756,0.17378903925418854,0.2493033677339554,3
64,index_01_l,0.19444891810417175,0.18370017409324646,0.2281279981136322,3
16,LCalfTwist_01,0.1943906048933665,0.1892877221107483,0.2175678014755249,3
40,lowerarm_r,0.19418234129746756,0.1852746158838272,0.24608552753925322,3
49,R_ForeTwist_01,0.194007674853007,0.20345692336559296,0.22853606641292573,3
24,index_01_l,0.19399616122245789,0.17028094828128815,0.2346986085176468,3
30,RCalfTwist_01,0.1939542293548584,0.18837234377861023,0.2119177281856537,3
61,LCalfTwist_02,0.19393317898114523,0.1657332479953766,0.28355551362037656,3
28,upperarm_r,0.19391572972138724,0.1855042725801468,0.2621670633554459,3
5,LCalfTwist_03,0.19375116129716238,0.20740056037902832,0.2214808702468872,3
40,RUpArmTwist_l_01,0.1936083287000656,0.16207940876483917,0.25342651903629304,3
5,index_01_l,0.19356298943360647,0.190047025680542,0.19913028478622435,3
50,RCalfTwist_01,0.19348178307215372,0.16747629642486572,0.24911813735961916,3
24,clavicle_r,0.1934326390425364,0.19442257285118103,0.23600876927375794,3
15,lowerarm_r,0.19339779764413834,0.2202959656715393,0.2492109179496765,3
14,index_01_l,0.19335882862408957,0.19708728790283203,0.19969033002853392,3
32,calf_r,0.19335580865542093,0.18818692862987518,0.20171960294246674,3
44,hand_l,0.1932175358136495,0.16572760045528412,0.23627111613750457,3
83,LCalfTwist_01,0.19314704090356827,0.15761509537696838,0.2870519459247589,3
47,R_ForeTwist_02,0.19301947951316833,0.22243016958236694,0.22710564136505126,3
62,calf_l,0.1930104394753774,0.18025144934654236,0.2354661762714386,3
9,LCalfTwist_02,0.1929736410578092,0.1868169605731964,0.27051292061805726,3
25,index_01_l,0.1929225375254949,0.17387178540229797,0.22251644730567932,3
55,clavicle_l,0.19287197291851044,0.1829274743795395,0.2479974240064621,3
53,RCalfTwist_03,0.19273647169272104,0.12646484375,0.3346672296524048,3
49,clavicle_r,0.19272060692310333,0.19191515445709229,0.22123706340789795,3
20,clavicle_l,0.1926437666018804,0.17380976676940918,0.23136907815933228,3
9,LCalfTwist_03,0.19263967871665955,0.16751503944396973,0.23548729419708253,3
79,RCalfTwist_03,0.19262379904588064,0.14226371049880981,0.30235034227371216,3
26,RCalfTwist_01,0.1925088713566462,0.17825058102607727,0.21907617449760436,3
31,RUpArmTwist_r_02,0.19248321652412415,0.15399761497974396,0.2722673565149307,3
63,RCalfTwist_01,0.19242245455582938,0.20600168406963348,0.2278505176305771,3
65,RUpArmTwist_r_02,0.19236632188161215,0.20884226262569427,0.21990836560726165,3
10,calf_r,0.1923536409934362,0.20565548539161682,0.23165701031684877,3
39,RCalfTwist_01,0.1922856718301773,0.17908087372779846,0.2353820264339447,3
38,LCalfTwist_02,0.1921393945813179,0.22811834514141083,0.23826273381710053,3
72,clavicle_l,0.19206692278385162,0.1736251711845398,0.22907414436340331,3
6,R_ForeTwist_01,0.19205663104852042,0.1827280968427658,0.22817629277706147,3
38,calf_r,0.19205286105473837,0.18553511798381805,0.21791574656963347,3
44,LCalfTwist_02,0.1920239826043447,0.2105414867401123,0.23977038860321045,3
59,index_01_l,0.19200960298379263,0.15943893790245056,0.24735061526298524,3
12,hand_l,0.19200660536686578,0.12264978885650635,0.3212981462478638,3
77,RUpArmTwist_l_01,0.1919551541407903,0.18574807047843933,0.22361710667610168,3
39,R_ForeTwist_02,0.19195234775543213,0.2367805689573288,0.2661146014928818,3
50,LCalfTwist_01,0.1919191057483355,0.1570509672164917,0.293387770652771,3
53,index_01_l,0.19182594617207846,0.18715603649616241,0.22824112474918365,3
21,index_01_l,0.19182221094767252,0.15352381765842438,0.25650799572467803,3
24,R_ForeTwist_01,0.19181855271259943,0.20681095123291016,0.24122929573059082,3
80,index_01_l,0.19164834916591644,0.18490047752857208,0.20594646036624908,3
38,spine_02,0.19160347680250803,0.2092968225479126,0.25017561912536623,3
12,Bip001,0.19152932614088058,0.1698979288339615,0.27229383289813996,3
17,index_01_l,0.19152421255906424,0.16022741794586182,0.24911417961120605,3
2,R_ForeTwist_02,0.1915201817949613,0.19696860015392303,0.27002719342708587,3
71,R_ForeTwist_01,0.19150454799334207,0.20510540902614594,0.20888149440288545,3
7,R_ForeTwist_01,0.1914406716823578,0.19992417097091675,0.2304728627204895,3
83,ball_l,0.19137382010618845,0.1691032201051712,0.23838650286197663,3
7,Bip001,0.19126086930433908,0.21568506956100464,0.24875627756118773,3
30,LCalfTwist_03,0.1911613643169403,0.18802328407764435,0.2112418681383133,3
7,RCalfTwist_02,0.19114670405785242,0.16169825196266174,0.2700753271579742,3
79,ball_l,0.1911046952009201,0.19321539998054504,0.23483332991600037,3
53,R_ForeTwist_01,0.1911027580499649,0.18215426802635193,0.2306887090206146,3
45,clavicle_r,0.19093858699003854,0.1952875852584839,0.22086814641952515,3
4,R_ForeTwist_02,0.19091230630874634,0.23041491210460663,0.2517722934484482,3
71,RCalfTwist_01,0.19077462454636893,0.19307607412338257,0.19416314363479614,3
49,LCalfTwist_02,0.19077387948830923,0.16924671828746796,0.2218342036008835,3
60,clavicle_r,0.19037101169427237,0.18341368436813354,0.20664366483688354,3
2,clavicle_r,0.19026387731234232,0.2057306468486786,0.25972082018852233,3
12,index_01_l,0.19021922846635184,0.20274318754673004,0.2224560409784317,3
36,RCalfTwist_01,0.19016573329766592,0.1850183606147766,0.21314324140548707,3
5,RCalfTwist_03,0.1901160329580307,0.1395399123430252,0.26862203180789945,3
25,Bip001,0.19007393717765808,0.1929846554994583,0.25657972395420076,3
21,RCalfTwist_02,0.19003308564424515,0.2131250947713852,0.23079831302165985,3
70,lowerarm_r,0.1900317519903183,0.21411551535129547,0.2718070536851883,3
35,ball_l,0.18997486432393393,0.15926821529865265,0.24699322283267974,3
69,index_01_l,0.18993422389030457,0.18638856709003448,0.22811844646930696,3
70,index_01_l,0.18991480271021524,0.17253048717975616,0.23319253027439119,3
46,clavicle_l,0.18987723688284555,0.17532280087471008,0.2380859911441803,3
36,clavicle_r,0.18979011476039886,0.17976140975952148,0.23550721406936645,3
55,calf_l,0.18966014683246613,0.22796744108200073,0.25243316888809203,3
37,R_ForeTwist_02,0.18953808645407358,0.22582262754440308,0.23780351877212524,3
41,LCalfTwist_01,0.18951692432165146,0.1134960800409317,0.3308275490999222,3
62,R_ForeTwist_01,0.1894518236319224,0.1944103240966797,0.24158744812011718,3
12,LCalfTwist_03,0.1894442935784658,0.21606549620628357,0.2166559636592865,3
49,RUpArmTwist_r_02,0.1894200990597407,0.17466525733470917,0.2451552003622055,3
4,clavicle_l,0.18933749198913574,0.18778744339942932,0.23895884156227112,3
84,R_ForeTwist_02,0.18928813934326172,0.14813052117824554,0.26257998645305636,3
85,Bip001,0.18927894284327826,0.20827119052410126,0.23161616027355195,3
83,head,0.18920805056889853,0.16205422580242157,0.24547775685787201,3
77,Bip001,0.1891990751028061,0.18530261516571045,0.26256861686706545,3
11,R_ForeTwist_02,0.1891526828209559,0.2018551379442215,0.2286354809999466,3
66,index_01_l,0.1891247977813085,0.18388114869594574,0.2214626520872116,3
47,RCalfTwist_03,0.18909160296122232,0.16497279703617096,0.2233654409646988,3
74,LCalfTwist_01,0.1890446444352468,0.17024646699428558,0.22273918092250825,3
77,R_ForeTwist_01,0.18903684616088867,0.20314466953277588,0.2182220458984375,3
33,LCalfTwist_01,0.1890311340490977,0.169578418135643,0.23171726167201995,3
67,clavicle_r,0.18896413346131644,0.14558200538158417,0.25879972875118257,3
31,RCalfTwist_03,0.18892676134904227,0.1659008413553238,0.24929895699024202,3
57,RCalfTwist_02,0.18886902928352356,0.17945529520511627,0.2288646250963211,3
60,RUpArmTwist_l_02,0.18886296451091766,0.2001136690378189,0.2530269414186478,3
16,lowerarm_r,0.18883899102608362,0.2179822474718094,0.23812028467655183,3
7,LCalfTwist_01,0.18869799375534058,0.17198385298252106,0.2634755164384842,3
9,R_ForeTwist_01,0.18869024515151978,0.1602776199579239,0.24745235741138458,3
44,LCalfTwist_01,0.18867339690526327,0.13970144093036652,0.3191517263650894,3
49,clavicle_l,0.18855635821819305,0.1596226990222931,0.25174630284309385,3
84,clavicle_r,0.18843333423137665,0.18698649108409882,0.22879644334316254,3
37,Bip001,0.18842252840598425,0.20443321764469147,0.2319690018892288,3
30,calf_r,0.18841715653737387,0.18594393134117126,0.2248169720172882,3
23,RCalfTwist_02,0.18839098264773688,0.20744457840919495,0.23050176501274108,3
48,RCalfTwist_01,0.18835343172152838,0.23246818780899048,0.23478760719299316,3
37,LCalfTwist_03,0.18829861283302307,0.1916245073080063,0.22290280759334563,3
83,RCalfTwist_02,0.1882539466023445,0.18793141841888428,0.24403295516967774,3
70,R_ForeTwist_01,0.1882127324740092,0.1547558605670929,0.23785989880561828,3
9,clavicle_r,0.1881981442372004,0.15862441062927246,0.23413581848144532,3
63,index_01_l,0.18812485535939535,0.16803471744060516,0.22348212897777558,3
85,R_ForeTwist_01,0.18809227148691812,0.14461232721805573,0.25033223927021026,3
13,clavicle_r,0.18787780652443567,0.190802663564682,0.2803046405315399,3
0,R_ForeTwist_02,0.18782536685466766,0.18337298929691315,0.23342399895191193,3
73,RUpArmTwist_l_01,0.1878155916929245,0.19918562471866608,0.23276373445987703,3
51,LCalfTwist_01,0.18766935169696808,0.1489032804965973,0.2870418608188629,3
26,index_01_l,0.18764802813529968,0.17622098326683044,0.2105354130268097,3
12,clavicle_l,0.1876425494750341,0.13627725839614868,0.2815651774406433,3
62,clavicle_r,0.18755448857943216,0.20666983723640442,0.20720712542533876,3
17,R_ForeTwist_01,0.18744329859813055,0.15768446028232574,0.2592490702867508,3
72,LCalfTwist_01,0.18734011054039001,0.17988388240337372,0.22173602283000945,3
23,R_ForeTwist_02,0.18731997907161713,0.16557595133781433,0.24263131022453308,3
62,index_01_l,0.1873156080643336,0.1561560481786728,0.2383998602628708,3
63,R_ForeTwist_01,0.18726806342601776,0.14676377177238464,0.25278608202934266,3
85,index_01_l,0.1872189740339915,0.16316676139831543,0.252097487449646,3
12,RUpArmTwist_l_01,0.1872064620256424,0.20958448946475983,0.2731274634599686,3
49,LCalfTwist_01,0.18718942999839783,0.211425319314003,0.22951141893863677,3
12,RUpArmTwist_r_02,0.18716790775458017,0.181759774684906,0.19989298582077025,3
35,upperarm_r,0.18708540499210358,0.24626901745796204,0.2689434587955475,3
78,RUpArmTwist_l_01,0.1870660608013471,0.21506690979003906,0.25678489208221433,3
81,R_ForeTwist_01,0.18705576161543527,0.15921738743782043,0.23858392834663392,3
74,ball_l,0.18704875061909357,0.1705598533153534,0.25162364840507506,3
42,clavicle_r,0.18704298635323843,0.19531004130840302,0.21792238652706147,3
61,LCalfTwist_03,0.18687849740187326,0.18412606418132782,0.20467182099819184,3
49,calf_l,0.18684329092502594,0.1681109070777893,0.22569119930267334,3
70,hand_l,0.18677611649036407,0.15324072539806366,0.26016479432582856,3
61,Bip001,0.18676487356424332,0.21792452037334442,0.23287738263607025,3
63,R_ForeTwist_02,0.18674601366122565,0.17651523649692535,0.26349134743213654,3
56,index_01_l,0.1866577466328939,0.15945294499397278,0.2328348696231842,3
74,RUpArmTwist_l_01,0.1865209092696508,0.18653015792369843,0.21015860736370087,3
74,R_ForeTwist_02,0.18651423851648966,0.15371154248714447,0.2563756912946701,3
80,R_ForeTwist_01,0.18646023670832315,0.166737899184227,0.21520926654338837,3
82,R_ForeTwist_01,0.18640227615833282,0.15613694489002228,0.23236772119998933,3
17,clavicle_l,0.1863754838705063,0.20638717710971832,0.2192618042230606,3
47,clavicle_r,0.18636345863342285,0.16484123468399048,0.21949807405471802,3
73,LCalfTwist_01,0.18615861733754477,0.1696639358997345,0.22346929907798768,3
37,clavicle_r,0.18612204740444818,0.17572687566280365,0.2491996020078659,3
45,LCalfTwist_02,0.18609521289666495,0.17352642118930817,0.220688858628273,3
42,RUpArmTwist_l_01,0.18605034550031027,0.17634913325309753,0.22133235335350038,3
47,calf_l,0.1860237866640091,0.18960492312908173,0.21321698129177094,3
1,LCalfTwist_01,0.1857959603269895,0.1495521366596222,0.26764269471168517,3
28,R_ForeTwist_02,0.18579229960838953,0.20458252727985382,0.23342788517475127,3
25,RCalfTwist_01,0.18560079236825308,0.16507269442081451,0.215518918633461,3
46,LCalfTwist_02,0.185535396138827,0.18839412927627563,0.23490957021713257,3
24,RCalfTwist_02,0.18553219983975092,0.20116472244262695,0.23341984748840333,3
33,RCalfTwist_02,0.1855274736881256,0.16359347105026245,0.24339178800582886,3
34,Bip001,0.18537970880667368,0.22099381685256958,0.2213245987892151,3
38,RCalfTwist_01,0.18536216020584106,0.16878607869148254,0.22344012856483458,3
43,RCalfTwist_01,0.18523658563693365,0.18580707907676697,0.2403028666973114,3
15,Bip001,0.18519589553276697,0.1607992947101593,0.26666086316108706,3
23,index_01_l,0.1851508468389511,0.16656158864498138,0.23173589408397674,3
68,lowerarm_r,0.18511891116698584,0.14091534912586212,0.28683518469333646,3
54,R_ForeTwist_01,0.18495849768320718,0.14449138939380646,0.2519965797662735,3
78,RCalfTwist_03,0.1849565307299296,0.14291226863861084,0.27472610473632814,3
49,R_ForeTwist_02,0.18494698901971182,0.20538140833377838,0.2215697079896927,3
82,RUpArmTwist_l_01,0.18492289880911508,0.16693267226219177,0.24271854758262634,3
78,spine_01,0.1848798394203186,0.19160786271095276,0.22626714110374452,3
3,L_ForeTwist_02,0.18487645188967386,0.20769447088241577,0.24065500497817993,3
3,RUpArmTwist_l_02,0.1848036845525106,0.18489928543567657,0.2650775820016861,3
50,LCalfTwist_03,0.18474520246187845,0.1911468505859375,0.2019056797027588,3
28,clavicle_r,0.1847133388121923,0.20542819797992706,0.23496876060962676,3
19,RUpArmTwist_r_02,0.18467158575852713,0.1427709460258484,0.25989288091659546,3
52,LCalfTwist_02,0.18460463484128317,0.17308999598026276,0.2337207704782486,3
8,L_ForeTwist_02,0.18457496662934622,0.160034641623497,0.2444272965192795,3
55,index_01_l,0.18446391820907593,0.17116014659404755,0.21625253856182097,3
53,R_ForeTwist_02,0.1844311555226644,0.1800057590007782,0.22914528250694274,3
3,RCalfTwist_02,0.18426255136728287,0.14693349599838257,0.2906102776527405,3
46,RCalfTwist_02,0.1842393825451533,0.1386266052722931,0.25554540753364563,3
4,index_01_l,0.18423264722029367,0.19510380923748016,0.2015966385602951,3
61,index_01_l,0.1842322846253713,0.161264568567276,0.2174602210521698,3
12,clavicle_r,0.184231569369634,0.20921294391155243,0.21521151959896087,3
50,R_ForeTwist_02,0.1841518630584081,0.17029552161693573,0.2418264478445053,3
79,R_ForeTwist_02,0.18407617261012396,0.19648583233356476,0.23230750858783722,3
72,index_01_l,0.18405027190844217,0.1683139055967331,0.2303954094648361,3
32,clavicle_r,0.18404544641574225,0.1955227106809616,0.23122647702693938,3
61,RCalfTwist_03,0.18397727608680725,0.1687857210636139,0.2618493616580963,3
10,clavicle_l,0.18394840757052103,0.19282126426696777,0.19652172327041625,3
83,R_ForeTwist_02,0.18392209708690643,0.18349125981330872,0.21512506604194642,3
26,lowerarm_r,0.18391725917657217,0.1789630651473999,0.24676427841186524,3
51,ball_l,0.18389377494653067,0.19837041199207306,0.22798892557621003,3
29,R_ForeTwist_01,0.18386597683032355,0.20483295619487762,0.22674754559993743,3
62,Bip001,0.1838036154707273,0.20145957171916962,0.22399867475032806,3
42,lowerarm_r,0.18380233645439148,0.1404152512550354,0.2535237193107605,3
46,index_01_l,0.18376160164674124,0.194385826587677,0.2227059483528137,3
51,index_01_l,0.18376108010609946,0.1609542965888977,0.22396246194839478,3
0,LCalfTwist_02,0.18372857570648193,0.17976415157318115,0.23078548908233643,3
76,spine_01,0.18365574876467386,0.14226116240024567,0.2663315564393997,3
11,RCalfTwist_01,0.18362955749034882,0.17550641298294067,0.19903863668441774,3
10,lowerarm_r,0.18350842346747717,0.20030513405799866,0.23856683373451232,3
8,head,0.18348524471124014,0.15841445326805115,0.2593608319759369,3
38,Bip001,0.18337936947743097,0.17592069506645203,0.23496531844139099,3
36,Bip001,0.18330367902914682,0.20118464529514313,0.2193556934595108,3
27,Bip001,0.18328487624724707,0.14988668262958527,0.26952630579471587,3
35,index_01_l,0.18327049414316812,0.14842869341373444,0.25270619690418245,3
1,R_ForeTwist_02,0.18324268609285355,0.19000522792339325,0.2532130807638168,3
29,spine_02,0.183163250486056,0.20027372241020203,0.22916823029518127,3
16,index_01_l,0.18303432563940683,0.18259453773498535,0.20236804485321044,3
47,lowerarm_r,0.18299979468186697,0.16315503418445587,0.258292356133461,3
48,Bip001,0.18295874198277792,0.16320930421352386,0.2366806000471115,3
63,Bip001,0.18288283298412958,0.20523452758789062,0.22791377305984498,3
36,spine_02,0.18286944925785065,0.18398958444595337,0.216077983379364,3
15,index_01_l,0.18285951018333435,0.18116535246372223,0.18674748241901398,3
19,R_ForeTwist_01,0.18279892454544702,0.18395882844924927,0.2538211226463318,3
19,LCalfTwist_03,0.18278016398350397,0.17273980379104614,0.2448381543159485,3
82,R_ForeTwist_02,0.18262607355912527,0.16982044279575348,0.2378802090883255,3
80,RUpArmTwist_l_01,0.18261277923981348,0.18375860154628754,0.24201159179210663,3
35,RCalfTwist_02,0.18258662025133768,0.1640188992023468,0.21661223769187926,3
28,R_ForeTwist_01,0.18250851333141327,0.21944235265254974,0.22712994515895843,3
84,LCalfTwist_01,0.1825066258509954,0.17985211312770844,0.2621197670698166,3
84,index_01_l,0.18249265352884927,0.17755651473999023,0.23494781255722047,3
0,RCalfTwist_02,0.18247807025909424,0.1656835377216339,0.23446608185768128,3
37,RCalfTwist_03,0.18242687483628592,0.16423508524894714,0.20790085196495056,3
38,index_01_l,0.18241231391827264,0.15546774864196777,0.25190584659576415,3
43,clavicle_l,0.18224678685267767,0.22117654979228973,0.2257710427045822,3
64,LCalfTwist_02,0.18215352793534598,0.21311916410923004,0.2463518887758255,3
2,index_01_l,0.18205069502194723,0.1401260793209076,0.24395737051963806,3
69,R_ForeTwist_01,0.18202841033538184,0.16574999690055847,0.2534925162792206,3
35,clavicle_r,0.18198721607526144,0.19420616328716278,0.21924063861370086,3
43,ball_l,0.18186181286970773,0.1891782134771347,0.19571106135845184,3
76,RUpArmTwist_l_01,0.1817297413945198,0.16927796602249146,0.2734068989753723,3
45,Bip001,0.18171130120754242,0.2040809839963913,0.23288000524044036,3
33,clavicle_r,0.18164969980716705,0.18539933860301971,0.19363745152950287,3
72,RCalfTwist_01,0.18145195146401724,0.18192149698734283,0.21988580524921417,3
34,clavicle_l,0.18140206734339395,0.1572522670030594,0.23447107374668122,3
12,R_ForeTwist_02,0.18138913065195084,0.187244713306427,0.23951612710952758,3
71,RUpArmTwist_r_02,0.1813891182343165,0.17159679532051086,0.2201144278049469,3
82,Bip001,0.18138202279806137,0.15826553106307983,0.2411723256111145,3
69,ball_l,0.18135023613770804,0.19431538879871368,0.20762087404727936,3
3,spine_01,0.1813120643297831,0.13682125508785248,0.286394926905632,3
63,spine_02,0.1813027411699295,0.15661101043224335,0.24828427731990815,3
10,clavicle_r,0.1812781865398089,0.2200838029384613,0.23025683760643006,3
72,R_ForeTwist_02,0.18125603099664053,0.19035260379314423,0.24046901166439055,3
0,R_ForeTwist_01,0.18124286830425262,0.1575053185224533,0.21676070392131805,3
18,clavicle_r,0.18118289858102798,0.18317273259162903,0.23941457867622376,3
6,LCalfTwist_01,0.1811239793896675,0.16238152980804443,0.2762552499771118,3
42,LCalfTwist_02,0.18109126140673956,0.14725378155708313,0.24917076230049134,3
70,RUpArmTwist_r_02,0.18107902506987253,0.1612800657749176,0.21263716816902162,3
5,Bip001,0.18105870485305786,0.19737981259822845,0.2314800351858139,3
21,clavicle_r,0.180991401274999,0.18460960686206818,0.19330851137638091,3
77,index_01_l,0.18091106414794922,0.19484268128871918,0.19486216008663176,3
79,Bip001,0.1809089630842209,0.15176063776016235,0.24982062578201295,3
50,R_ForeTwist_01,0.18088490019241968,0.14808389544487,0.25253650546073914,3
65,R_ForeTwist_02,0.18081482499837875,0.1976495236158371,0.2185651034116745,3
76,index_01_l,0.18079559008280435,0.18077917397022247,0.21923716366291046,3
32,RCalfTwist_01,0.18070195118586221,0.18101313710212708,0.18353635668754578,3
8,R_ForeTwist_01,0.18062721689542136,0.15451127290725708,0.24610542058944704,3
33,clavicle_l,0.18060714503129324,0.19238977134227753,0.21403606832027436,3
1,Bip001,0.18057692299286524,0.183625265955925,0.24000352323055268,3
44,R_ForeTwist_01,0.18056242416302362,0.16206209361553192,0.240322145819664,3
20,clavicle_r,0.18055797119935355,0.1752227544784546,0.23592741489410402,3
3,L_ForeTwist_01,0.18047683934370676,0.16717158257961273,0.21554312407970427,3
24,LCalfTwist_03,0.18034706264734268,0.21945464611053467,0.222089684009552,3
58,Bip001,0.18028161178032556,0.1884697675704956,0.23947744369506835,3
43,R_ForeTwist_02,0.18023559947808585,0.18551479279994965,0.23800651729106903,3
65,RCalfTwist_01,0.18017244835694632,0.18384703993797302,0.2133703649044037,3
57,lowerarm_r,0.18013687680164972,0.16899652779102325,0.23836373388767243,3
4,LCalfTwist_01,0.1800402874747912,0.16672968864440918,0.2485802173614502,3
67,clavicle_l,0.1799589842557907,0.19555926322937012,0.21847294569015502,3
22,index_01_l,0.1798163652420044,0.1470327526330948,0.23590369522571564,3
65,index_01_l,0.1797318458557129,0.176690474152565,0.2017939954996109,3
59,R_ForeTwist_02,0.1797304997841517,0.21782267093658447,0.24048365354537965,3
10,RUpArmTwist_l_02,0.17968652149041495,0.20151379704475403,0.21732508540153503,3
18,clavicle_l,0.17966855565706888,0.19868774712085724,0.20950494110584258,3
75,index_01_l,0.1795779118935267,0.15995682775974274,0.21210871040821075,3
62,RUpArmTwist_l_01,0.17955691119035086,0.20981553196907043,0.23291756510734557,3
77,calf_l,0.17950626462697983,0.15260854363441467,0.27676945328712466,3
31,clavicle_l,0.1794794201850891,0.1627124696969986,0.23857784569263457,3
39,Bip001,0.17930278678735098,0.16578972339630127,0.2391345739364624,3
13,L_ForeTwist_01,0.17928092181682587,0.17933756113052368,0.1957337737083435,3
83,clavicle_r,0.1792538712422053,0.171210378408432,0.22002221941947936,3
7,index_01_l,0.1790071651339531,0.17000707983970642,0.23034271597862244,3
15,R_ForeTwist_01,0.17900213599205017,0.2253810614347458,0.225782510638237,3
11,Bip001,0.1789053479830424,0.20082348585128784,0.20756455659866332,3
36,RCalfTwist_03,0.17878941694895426,0.17254392802715302,0.1932612508535385,3
50,clavicle_r,0.17870057746767998,0.22523795068264008,0.24919995963573455,3
47,Bip001,0.17851842691500983,0.17636117339134216,0.23715495467185974,3
23,Bip001,0.1785037418206533,0.18140986561775208,0.2364674389362335,3
20,R_ForeTwist_01,0.178474227587382,0.17117148637771606,0.2468253493309021,3
16,LCalfTwist_02,0.17846723645925522,0.169101744890213,0.23624210953712463,3
27,R_ForeTwist_02,0.1784092808763186,0.17790564894676208,0.227336984872818,3
19,LCalfTwist_02,0.178408054014047,0.09173369407653809,0.31108813285827636,3
36,index_01_l,0.178384135166804,0.1466389149427414,0.24389923512935638,3
26,Bip001,0.1783609315752983,0.1689705103635788,0.2450422614812851,3
35,spine_02,0.17834190527598062,0.15947896242141724,0.21535141468048097,3
8,Bip001,0.17831683158874512,0.21306224167346954,0.2196378618478775,3
62,R_ForeTwist_02,0.1783048833409945,0.15309089422225952,0.24828611612319948,3
0,clavicle_l,0.1782528261343638,0.20804807543754578,0.25318066477775575,3
59,Bip001,0.1782222936550776,0.17032185196876526,0.2301359713077545,3
52,ball_l,0.1781372924645742,0.16965024173259735,0.20859263837337494,3
56,RCalfTwist_01,0.17811112105846405,0.18820731341838837,0.21536824405193328,3
56,calf_l,0.1780840903520584,0.1967730075120926,0.21621319353580476,3
43,LCalfTwist_02,0.17801923056443533,0.1807909458875656,0.18431298434734344,3
19,calf_r,0.17789231737454733,0.17471419274806976,0.19876961410045624,3
19,clavicle_l,0.1777476817369461,0.1623772382736206,0.19973957538604736,3
65,R_ForeTwist_01,0.17764862130085626,0.15395444631576538,0.25033849477767944,3
35,RCalfTwist_01,0.17749292651812235,0.157156303524971,0.21105540096759795,3
34,RCalfTwist_01,0.17746601750453314,0.19741320610046387,0.22422436475753785,3
34,index_01_l,0.1772752379377683,0.15645436942577362,0.23685291707515715,3
14,Bip001,0.1772612233956655,0.1446971595287323,0.252184122800827,3
30,clavicle_r,0.17716349164644876,0.14858363568782806,0.23324083983898164,3
9,RCalfTwist_01,0.1771056056022644,0.18999014794826508,0.20430758893489837,3
81,Bip001,0.1771047835548719,0.1586437225341797,0.23363168239593507,3
72,spine_02,0.17706254869699478,0.1369291990995407,0.2529013007879257,3
54,index_01_l,0.17697579662005106,0.16767354309558868,0.20080163776874543,3
19,clavicle_r,0.1769641935825348,0.1913062185049057,0.22615167796611785,3
49,Bip001,0.17691111316283545,0.17446714639663696,0.22986918687820435,3
64,R_ForeTwist_01,0.17688178271055222,0.13357533514499664,0.25452602207660674,3
54,calf_l,0.17676812410354614,0.17174765467643738,0.22064983248710632,3
7,L_ForeTwist_02,0.17668594419956207,0.16985179483890533,0.2172026664018631,3
32,RUpArmTwist_l_01,0.17667932560046515,0.18689340353012085,0.2508559823036194,3
83,Bip001,0.17648574958244959,0.20268726348876953,0.22111160755157472,3
71,hand_l,0.17642555634180704,0.17726387083530426,0.2090684086084366,3
59,LCalfTwist_01,0.17640896638234457,0.17294399440288544,0.24625652730464936,3
66,R_ForeTwist_02,0.17635527004798254,0.19239230453968048,0.21231895983219146,3
23,R_ForeTwist_01,0.17635340243577957,0.1962735801935196,0.22356105148792266,3
70,R_ForeTwist_02,0.17627617220083872,0.20033970475196838,0.2191833198070526,3
68,R_ForeTwist_01,0.17624786496162415,0.15315835177898407,0.2699859946966171,3
37,RCalfTwist_02,0.17624262471993765,0.16070431470870972,0.20552592277526854,3
37,index_01_l,0.1762207200129827,0.14550068974494934,0.22110993266105652,3
25,R_ForeTwist_02,0.17616924891869226,0.2122308760881424,0.2271494299173355,3
52,clavicle_l,0.17616653690735498,0.16818344593048096,0.23901617527008057,3
13,RCalfTwist_01,0.17600688834985098,0.17645911872386932,0.19645846784114837,3
28,LCalfTwist_02,0.17596173286437988,0.16962555050849915,0.18640660643577575,3
48,LCalfTwist_01,0.17593461771806082,0.19914089143276215,0.20113464295864106,3
50,Bip001,0.1758657991886139,0.17541782557964325,0.23542936742305756,3
84,RCalfTwist_01,0.17582836747169495,0.17294758558273315,0.21079152822494507,3
8,index_01_l,0.17580333600441614,0.19080790877342224,0.2396012246608734,3
64,Bip001,0.17573661853869757,0.18151047825813293,0.2136855661869049,3
11,RCalfTwist_02,0.1756524294614792,0.16076529026031494,0.22095421552658082,3
37,spine_02,0.17563305795192719,0.19873245060443878,0.23121786415576934,3
15,RUpArmTwist_r_02,0.17560267945130667,0.1305999904870987,0.2576123982667923,3
48,clavicle_l,0.17553245772918066,0.16416767239570618,0.2240138590335846,3
57,RCalfTwist_01,0.17537089188893637,0.17817682027816772,0.2063828706741333,3
68,LCalfTwist_01,0.1753581389784813,0.1574362963438034,0.259255513548851,3
12,L_ForeTwist_01,0.17534033209085464,0.13694880902767181,0.24474982917308807,3
44,index_01_l,0.17528140544891357,0.13543593883514404,0.2378466844558716,3
51,Bip001,0.1752509499589602,0.19206731021404266,0.228752800822258,3
47,RCalfTwist_02,0.17521517475446066,0.15646575391292572,0.2227251261472702,3
45,RCalfTwist_02,0.17514568318923315,0.14217109978199005,0.25320586264133454,3
80,head,0.17508978148301443,0.17204856872558594,0.2192119002342224,3
61,RCalfTwist_01,0.17499124010403952,0.17069798707962036,0.2115655541419983,3
9,index_01_l,0.17498765885829926,0.13548406958580017,0.25552677512168886,3
78,clavicle_r,0.1749351645509402,0.15625068545341492,0.2407956063747406,3
47,LCalfTwist_01,0.17491055528322855,0.1671292930841446,0.21776959002017976,3
1,index_01_l,0.17489700516064963,0.14163857698440552,0.2495245099067688,3
44,RCalfTwist_01,0.17472800115744272,0.15644192695617676,0.21513445377349855,3
60,L_ForeTwist_01,0.17462421456972757,0.1739201694726944,0.265623739361763,3
1,L_ForeTwist_02,0.17459956308205923,0.16642503440380096,0.20855308473110198,3
83,index_01_l,0.17455925544102988,0.17390553653240204,0.20247962176799775,3
46,RCalfTwist_01,0.1745428740978241,0.1591227799654007,0.2184506446123123,3
67,LCalfTwist_01,0.1745263934135437,0.14785170555114746,0.2617598533630371,3
70,ball_l,0.17451355109612146,0.1550646424293518,0.24738529920578003,3
35,R_ForeTwist_02,0.17449803153673807,0.17755578458309174,0.217422279715538,3
42,upperarm_r,0.17438962062199911,0.17457273602485657,0.21237409710884095,3
22,RCalfTwist_02,0.17429672181606293,0.18954333662986755,0.20256515145301818,3
53,RUpArmTwist_r_02,0.1742435246706009,0.18825431168079376,0.2092115432024002,3
28,Bip001,0.17421935498714447,0.14057394862174988,0.25652751326560974,3
49,index_01_l,0.17419305692116419,0.1574215143918991,0.22425967156887056,3
15,RCalfTwist_02,0.174112256616354,0.1873667687177658,0.2583077043294907,3
22,Bip001,0.1740675394733747,0.20152150094509125,0.21702294051647186,3
32,Bip001,0.17402343451976776,0.1957705169916153,0.21613592207431792,3
21,R_ForeTwist_01,0.17395918567975363,0.14725132286548615,0.2423288255929947,3
41,LCalfTwist_02,0.1739144946138064,0.1601342111825943,0.2459609776735306,3
51,RUpArmTwist_r_02,0.1739015281200409,0.15768152475357056,0.21757787466049194,3
56,RUpArmTwist_l_01,0.1738931487003962,0.10413029044866562,0.2959755465388298,3
49,RCalfTwist_01,0.17382844785849252,0.15596319735050201,0.22016990482807158,3
84,RCalfTwist_02,0.17357807606458664,0.1464007943868637,0.23223478496074676,3
41,RCalfTwist_01,0.17352392276128134,0.17034877836704254,0.20180685818195343,3
19,RCalfTwist_02,0.1734743764003118,0.16060005128383636,0.218587526679039,3
42,R_ForeTwist_01,0.1733577698469162,0.14713504910469055,0.2320270836353302,3
64,R_ForeTwist_02,0.17328162988026938,0.15475685894489288,0.23094266951084136,3
52,R_ForeTwist_01,0.17327532917261124,0.13053494691848755,0.2773324131965637,3
65,clavicle_l,0.1732704440752665,0.20722758769989014,0.22716104984283447,3
80,LCalfTwist_01,0.17322299629449844,0.14022290706634521,0.26993579864501954,3
81,RUpArmTwist_r_02,0.17316944897174835,0.1663307249546051,0.2698418200016022,3
6,Bip001,0.1731395199894905,0.18060840666294098,0.23360631763935089,3
40,clavicle_r,0.17312722404797873,0.1897401511669159,0.20894141793251036,3
62,RCalfTwist_01,0.17299149930477142,0.19158244132995605,0.19164845943450928,3
67,R_ForeTwist_01,0.1729744945963224,0.1534019112586975,0.2730521559715271,3
69,RUpArmTwist_l_02,0.17295042673746744,0.1904342770576477,0.19793604612350463,3
10,Bip001,0.17293564726909003,0.18452273309230804,0.21616295278072356,3
73,index_01_l,0.1729160894950231,0.15031388401985168,0.22102857232093812,3
32,index_01_l,0.17279586444298425,0.13866621255874634,0.23380459547042848,3
69,spine_02,0.1727412243684133,0.11328541487455368,0.2668830618262291,3
54,LCalfTwist_01,0.17270179092884064,0.1703079640865326,0.22604625821113586,3
27,RCalfTwist_02,0.17266583194335303,0.1515781432390213,0.24229716360569,3
58,RCalfTwist_01,0.1726409544547399,0.1773390918970108,0.22103157341480256,3
24,Bip001,0.1726266418894132,0.1651679277420044,0.2367943525314331,3
58,clavicle_l,0.17261210332314172,0.16473962366580963,0.23489191830158235,3
60,Bip001,0.1724218726158142,0.18498651683330536,0.23010916411876678,3
35,Bip001,0.17231526970863342,0.19879697263240814,0.20114655196666717,3
20,RCalfTwist_02,0.17224229872226715,0.16942603886127472,0.22081898748874665,3
33,Bip001,0.17210941513379416,0.18624942004680634,0.21369992196559906,3
47,ball_l,0.1719973882039388,0.14549443125724792,0.23150843977928162,3
25,RCalfTwist_02,0.17198931674162546,0.16575394570827484,0.19981707036495208,3
41,RUpArmTwist_l_02,0.1718428631623586,0.18354040384292603,0.18955892324447632,3
62,LCalfTwist_02,0.1717774619658788,0.18709461390972137,0.23403943479061126,3
81,LCalfTwist_03,0.17170526832342148,0.1593266874551773,0.21914716064929962,3
73,RCalfTwist_01,0.17164689302444458,0.17902350425720215,0.2188549518585205,3
32,RCalfTwist_02,0.17160144448280334,0.14500035345554352,0.21577910482883453,3
48,calf_l,0.1715699310104052,0.1802704781293869,0.23022424876689912,3
54,RCalfTwist_01,0.1714773823817571,0.15333053469657898,0.21466649174690247,3
17,RCalfTwist_01,0.17142345011234283,0.17141927778720856,0.18116052448749542,3
49,spine_02,0.17141223202149072,0.12715303897857666,0.24179418087005616,3
0,index_01_l,0.1713897263010343,0.10784436762332916,0.26234290897846224,3
35,RCalfTwist_03,0.17138038824001947,0.1342943012714386,0.2341109097003937,3
28,RCalfTwist_02,0.17131623874107996,0.17676898837089539,0.2330768883228302,3
29,Bip001,0.1713018218676249,0.12266023457050323,0.26100856363773345,3
51,lowerarm_r,0.17125706374645233,0.12704123556613922,0.2646244078874588,3
31,R_ForeTwist_01,0.1712088038523992,0.18255721032619476,0.22571103274822235,3
12,spine_02,0.17117182413736978,0.20520366728305817,0.22446711361408234,3
81,R_ForeTwist_02,0.17111875861883163,0.1821592152118683,0.21655682921409608,3
33,index_01_l,0.1710993597904841,0.1385214626789093,0.22189216017723085,3
63,LCalfTwist_02,0.17104142407576242,0.19678546488285065,0.23056886494159698,3
43,clavicle_r,0.17102985580762228,0.17791078984737396,0.22262129485607146,3
11,LCalfTwist_02,0.17100688318411508,0.13229353725910187,0.28533689081668856,3
66,R_ForeTwist_01,0.17096122105916342,0.1459926813840866,0.2451924651861191,3
29,RCalfTwist_01,0.17093289395173392,0.16620878875255585,0.18717693984508516,3
28,LCalfTwist_01,0.170924703280131,0.1334562450647354,0.22911949455738068,3
46,RUpArmTwist_l_02,0.17086746046940485,0.14270414412021637,0.2346390038728714,3
82,RCalfTwist_01,0.1708016296227773,0.15989044308662415,0.19728493094444274,3
83,RUpArmTwist_r_02,0.17076329390207926,0.14202849566936493,0.23782599866390228,3
5,R_ForeTwist_02,0.17075426379839578,0.16418930888175964,0.22563923001289368,3
16,Bip001,0.17069153487682343,0.15612612664699554,0.23714856803417206,3
71,LCalfTwist_01,0.17066254218419394,0.14757972955703735,0.23213080167770386,3
36,RCalfTwist_02,0.17065691451231638,0.18154439330101013,0.19010112881660463,3
18,spine_02,0.17062890281279883,0.17202629148960114,0.20779708921909332,3
15,R_ForeTwist_02,0.17057382067044577,0.1608133167028427,0.21151776015758514,3
12,RUpArmTwist_l_02,0.17051507035891214,0.18814879655838013,0.22973463535308838,3
22,clavicle_l,0.17036676903565726,0.15729248523712158,0.2193652868270874,3
47,clavicle_l,0.17035532494386038,0.2081293910741806,0.22740331590175628,3
1,RUpArmTwist_l_02,0.17033575475215912,0.16120260953903198,0.18853453397750855,3
67,R_ForeTwist_02,0.17021345098813376,0.19224929809570312,0.2034353494644165,3
44,R_ForeTwist_02,0.17009712507327399,0.20223219692707062,0.206870499253273,3
51,LCalfTwist_02,0.17005085945129395,0.1518043875694275,0.2028477430343628,3
29,RCalfTwist_02,0.16995365669329962,0.15207508206367493,0.22994306683540344,3
1,RUpArmTwist_l_01,0.1698994586865107,0.0875835120677948,0.28862649798393253,3
52,R_ForeTwist_02,0.16977470616499582,0.19875012338161469,0.2114183396100998,3
51,R_ForeTwist_02,0.16972054292758307,0.1581699699163437,0.21569893062114714,3
44,clavicle_r,0.16967007021109262,0.15841127932071686,0.20512540638446808,3
44,RCalfTwist_03,0.169649139046669,0.16107989847660065,0.2588934928178787,3
52,clavicle_r,0.16960271199544272,0.15672250092029572,0.23022480309009552,3
4,RCalfTwist_02,0.16959022482236227,0.14637033641338348,0.22975445687770843,3
76,Bip001,0.16947504878044128,0.17781323194503784,0.23147038221359253,3
8,RCalfTwist_01,0.16938183705012003,0.16470451653003693,0.20062287151813507,3
13,RUpArmTwist_l_02,0.16936531911293665,0.13281479477882385,0.24264948964118957,3
56,spine_02,0.16932044426600137,0.12463453412055969,0.2681595623493195,3
42,RCalfTwist_01,0.16913472612698874,0.17425000667572021,0.19388761520385742,3
53,LCalfTwist_01,0.16901720315217972,0.17762413620948792,0.22158477902412416,3
65,LCalfTwist_01,0.16899354259173074,0.15966328978538513,0.23430249094963074,3
69,LCalfTwist_01,0.1688992828130722,0.14552485942840576,0.2539603471755981,3
18,R_ForeTwist_02,0.16882061461607614,0.1856480836868286,0.18858180046081544,3
16,R_ForeTwist_02,0.16878027220567068,0.16669070720672607,0.19417846202850342,3
26,LCalfTwist_03,0.16865617036819458,0.1665145605802536,0.17250799834728242,3
53,LCalfTwist_02,0.1685094212492307,0.19397704303264618,0.2277718871831894,3
19,L_ForeTwist_01,0.16850091020266214,0.19398173689842224,0.19506632685661315,3
38,LCalfTwist_01,0.16848304371039072,0.1143987700343132,0.2565576896071434,3
37,RCalfTwist_01,0.16840157906214395,0.16894501447677612,0.19092177152633666,3
17,Bip001,0.1683920199672381,0.18682417273521423,0.22069048285484313,3
13,R_ForeTwist_02,0.1683807522058487,0.16310790181159973,0.23300238251686095,3
33,RCalfTwist_03,0.1683681160211563,0.18034091591835022,0.1849473536014557,3
56,lowerarm_r,0.1683666134874026,0.189680278301239,0.1966147541999817,3
21,R_ForeTwist_02,0.16829625517129898,0.17748533189296722,0.22435425221920013,3
56,calf_r,0.16814499100049338,0.13340750336647034,0.22463995814323426,3
64,L_ForeTwist_02,0.16807746390501657,0.1836639642715454,0.19536012411117554,3
75,R_ForeTwist_02,0.1679390693704287,0.12604457139968872,0.251600444316864,3
74,Bip001,0.16788394252459207,0.18649998307228088,0.21447675824165344,3
6,RUpArmTwist_r_02,0.16777114073435465,0.10983726382255554,0.2757220447063446,3
1,RUpArmTwist_r_02,0.1677655130624771,0.1502600908279419,0.21923505067825316,3
66,LCalfTwist_01,0.16773887226978937,0.1556345522403717,0.2431507647037506,3
47,index_01_l,0.16763641933600107,0.16225717961788177,0.19824680984020232,3
20,RUpArmTwist_r_02,0.16760837535063425,0.1445571780204773,0.20425690412521363,3
22,LCalfTwist_02,0.16759168605009714,0.1643027663230896,0.2197672724723816,3
30,index_01_l,0.1675858497619629,0.16272906959056854,0.2019798845052719,3
69,R_ForeTwist_02,0.16746708254019418,0.19884337484836578,0.20749588310718536,3
20,L_ForeTwist_01,0.16744866967201233,0.18792624771595,0.20462887585163117,3
74,index_01_l,0.16744663814703623,0.1416541486978531,0.21292815506458282,3
6,clavicle_r,0.1672332634528478,0.1279151737689972,0.23050134778022766,3
33,R_ForeTwist_01,0.16719856609900793,0.19363969564437866,0.21499816179275513,3
83,R_ForeTwist_01,0.16716441015402475,0.1672220230102539,0.19507654905319213,3
16,R_ForeTwist_01,0.16711774468421936,0.17623384296894073,0.2208666831254959,3
57,Bip001,0.16710881888866425,0.1625540554523468,0.21360636353492737,3
19,Bip001,0.16707843542099,0.19541069865226746,0.20750705599784852,3
57,LCalfTwist_03,0.16699056078990301,0.18295414745807648,0.19883096516132354,3
54,R_ForeTwist_02,0.16690411667029062,0.12958043813705444,0.2612775683403015,3
58,RCalfTwist_02,0.16682577381531397,0.17951174080371857,0.19882679283618926,3
41,RCalfTwist_02,0.16679851214090982,0.16294905543327332,0.1793307840824127,3
66,clavicle_r,0.16671458880106607,0.1711895614862442,0.23060086071491243,3
44,Bip001,0.1666828046242396,0.19140222668647766,0.23274052739143372,3
27,RCalfTwist_01,0.16665411988894144,0.16474230587482452,0.18025268614292145,3
77,clavicle_r,0.16663547853628793,0.15798312425613403,0.21669827699661254,3
5,clavicle_r,0.16658085336287817,0.10293103754520416,0.25770104229450225,3
76,clavicle_r,0.16652441521485647,0.17940208315849304,0.201042777299881,3
74,clavicle_r,0.16649689277013144,0.1566113531589508,0.2065855085849762,3
17,R_ForeTwist_02,0.16647413869698843,0.17181630432605743,0.18344874680042267,3
6,index_01_l,0.1664710988601049,0.16726507246494293,0.1728794366121292,3
72,Bip001,0.16639444231987,0.16951289772987366,0.2041984736919403,3
75,RUpArmTwist_l_01,0.1663133924206098,0.10914227366447449,0.26200799345970155,3
42,LCalfTwist_03,0.16616113235553107,0.15891891717910767,0.23715308904647828,3
55,R_ForeTwist_02,0.16609962036212286,0.1945715695619583,0.2405163437128067,3
79,RCalfTwist_02,0.16605555017789206,0.1796651929616928,0.1982225149869919,3
38,L_ForeTwist_02,0.16599773615598679,0.17493797838687897,0.23878734409809113,3
42,Bip001,0.16595045228799185,0.19594116508960724,0.22178294956684114,3
56,clavicle_l,0.16577870398759842,0.13416537642478943,0.22593619227409364,3
7,R_ForeTwist_02,0.1656672035654386,0.1926143318414688,0.20903176367282866,3
63,L_ForeTwist_02,0.16556749244530997,0.15989536046981812,0.19134817123413086,3
26,RCalfTwist_02,0.16539721439282098,0.16091765463352203,0.2060802012681961,3
68,Bip001,0.16527365644772848,0.16341949999332428,0.19727495014667512,3
41,L_ForeTwist_01,0.16520564258098602,0.1609848141670227,0.172470760345459,3
80,Bip001,0.16504046320915222,0.1498100459575653,0.22718265652656555,3
30,Bip001,0.16502496848503748,0.17798718810081482,0.21413158774375915,3
47,RCalfTwist_01,0.16501240680615106,0.18394702672958374,0.1933692455291748,3
53,Bip001,0.16500842571258545,0.20059500634670258,0.20248624980449675,3
76,RCalfTwist_01,0.1649097502231598,0.17496125400066376,0.18995101153850555,3
17,RCalfTwist_02,0.16485692063967386,0.15167003870010376,0.1974010467529297,3
61,LCalfTwist_01,0.16485160340865454,0.15956848859786987,0.2256985306739807,3
69,lowerarm_r,0.16480906307697296,0.12970991432666779,0.24422902166843416,3
76,LCalfTwist_01,0.16475666562716165,0.16486620903015137,0.19114807844161988,3
58,LCalfTwist_01,0.1645609810948372,0.17862774431705475,0.1923995643854141,3
20,Bip001,0.16452087461948395,0.1913660317659378,0.19863822758197786,3
76,RCalfTwist_02,0.16448315729697546,0.15624530613422394,0.21778861582279205,3
24,R_ForeTwist_02,0.16447105258703232,0.18276885151863098,0.21309253573417664,3
62,clavicle_l,0.16439530005057654,0.13580220937728882,0.241635525226593,3
67,lowerarm_r,0.164358581105868,0.10725999623537064,0.26765911728143693,3
42,RUpArmTwist_r_02,0.16425094256798425,0.1309424489736557,0.25277902781963346,3
7,spine_02,0.1642158403992653,0.13694073259830475,0.221719029545784,3
39,RCalfTwist_02,0.16419953107833862,0.1631220281124115,0.16683440804481506,3
52,Bip001,0.1641972983876864,0.1916312873363495,0.2205834925174713,3
61,L_ForeTwist_01,0.1641883204380671,0.16823707520961761,0.17211634814739227,3
82,RCalfTwist_02,0.16393589228391647,0.141252338886261,0.22839804887771606,3
45,RCalfTwist_03,0.16391911605993906,0.15986301004886627,0.20799688398838043,3
62,LCalfTwist_01,0.16384313255548477,0.1720026135444641,0.22821438312530518,3
69,RCalfTwist_01,0.16383685171604156,0.1630779504776001,0.18810393810272216,3
35,L_ForeTwist_01,0.16380350788434347,0.17642924189567566,0.1853157103061676,3
9,Bip001,0.1637494390209516,0.1864238828420639,0.21324523389339448,3
21,spine_02,0.16373756527900696,0.1515163630247116,0.19647415578365326,3
29,R_ForeTwist_02,0.16366099317868552,0.18779531121253967,0.22257201075553895,3
60,index_01_l,0.16363601138194403,0.16614584624767303,0.2056952089071274,3
22,L_ForeTwist_01,0.16361719369888306,0.16350997984409332,0.17008946239948272,3
51,clavicle_l,0.16347248355547586,0.17100568115711212,0.20517338812351227,3
27,LCalfTwist_02,0.1634664386510849,0.12668879330158234,0.23308433592319489,3
56,LCalfTwist_03,0.16343377033869425,0.18608172237873077,0.1945494920015335,3
38,RCalfTwist_02,0.16339830060799918,0.15677082538604736,0.18222198486328126,3
9,calf_r,0.1633907308181127,0.16144774854183197,0.19222037494182587,3
70,LCalfTwist_01,0.16324544449647269,0.14451058208942413,0.24648787081241608,3
64,clavicle_l,0.16319183756907782,0.17315901815891266,0.1995122104883194,3
66,L_ForeTwist_02,0.16312800844510397,0.17846722900867462,0.20549829304218292,3
38,LCalfTwist_03,0.1629570002357165,0.17063605785369873,0.19391942024230957,3
53,L_ForeTwist_02,0.1629332428177198,0.1707206517457962,0.19180693924427034,3
59,RCalfTwist_02,0.16288421551386514,0.19118879735469818,0.19439536035060884,3
39,head,0.16280019780000052,0.2128073126077652,0.2301324874162674,3
36,R_ForeTwist_02,0.16278507560491562,0.17395879328250885,0.20866518318653107,3
78,RUpArmTwist_r_02,0.16273886958758035,0.13659189641475677,0.20241493880748748,3
56,Bip001,0.16273459295431772,0.15189874172210693,0.19836331605911256,3
71,index_01_l,0.16273387024799982,0.14884428679943085,0.20164446532726288,3
78,Bip001,0.16269592444101968,0.14050112664699554,0.22855164706707,3
13,RCalfTwist_02,0.162577914694945,0.13517463207244873,0.22201249599456788,3
78,LCalfTwist_01,0.1625119000673294,0.17897377908229828,0.19420966804027556,3
35,clavicle_l,0.16250652074813843,0.1462899148464203,0.23525492548942567,3
79,LCalfTwist_01,0.16242373238007227,0.16557060182094574,0.22696878612041474,3
16,RCalfTwist_02,0.16238121191660562,0.1780480593442917,0.23108278214931488,3
16,RUpArmTwist_l_01,0.1623444048066934,0.1773868203163147,0.23463103771209717,3
18,Bip001,0.1623156319061915,0.1945452243089676,0.20168865025043486,3
64,clavicle_r,0.16205458591381708,0.18341487646102905,0.21612658500671386,3
42,RCalfTwist_02,0.16202117005983988,0.16573360562324524,0.18575409054756165,3
10,RCalfTwist_01,0.16187220563491186,0.17568498849868774,0.1867957353591919,3
47,L_ForeTwist_01,0.1618131697177887,0.14820830523967743,0.1862644523382187,3
25,LCalfTwist_03,0.16181148091952005,0.17928405106067657,0.18212132751941681,3
22,RCalfTwist_01,0.16167099277178446,0.1568847894668579,0.20257822275161744,3
18,RCalfTwist_01,0.16164256632328033,0.15652823448181152,0.18189271688461303,3
76,LCalfTwist_03,0.1616410513718923,0.15678533911705017,0.1744495451450348,3
26,R_ForeTwist_02,0.16144893070062002,0.17269138991832733,0.23604973256587983,3
12,LCalfTwist_01,0.1614204396804174,0.11020465940237045,0.24736170023679735,3
66,Bip001,0.16141619781653085,0.1765928715467453,0.20089196860790254,3
9,L_ForeTwist_02,0.16131403048833212,0.12564927339553833,0.2116255283355713,3
25,LCalfTwist_02,0.16121500233809152,0.12492841482162476,0.2391907811164856,3
38,R_ForeTwist_02,0.1611174667874972,0.21703670918941498,0.21765136420726777,3
48,RUpArmTwist_r_02,0.16104948272307715,0.15993690490722656,0.20674946308135986,3
23,clavicle_l,0.16101445257663727,0.1641833484172821,0.19472089409828186,3
54,ball_l,0.16095709055662155,0.1285138875246048,0.21051222383975984,3
63,clavicle_l,0.16083239018917084,0.1220363900065422,0.22625695317983627,3
9,clavicle_l,0.16074166695276895,0.16226032376289368,0.17871840596199035,3
56,LCalfTwist_01,0.16071257491906485,0.19989700615406036,0.2018302470445633,3
2,L_ForeTwist_02,0.16056322554747263,0.1459328532218933,0.1971532940864563,3
65,clavicle_r,0.1605615864197413,0.17914961278438568,0.21547015607357026,3
46,RUpArmTwist_l_01,0.1605516771475474,0.12718409299850464,0.2278548836708069,3
18,L_ForeTwist_01,0.16029341518878937,0.16043630242347717,0.1761254608631134,3
62,RCalfTwist_02,0.15998285512129465,0.1328287273645401,0.22457440197467804,3
51,R_ForeTwist_01,0.15991746882597604,0.1016123816370964,0.26671300977468493,3
48,L_ForeTwist_01,0.1599080761273702,0.14629796147346497,0.1828055799007416,3
66,LCalfTwist_03,0.15984492003917694,0.16626565158367157,0.1733994096517563,3
42,L_ForeTwist_01,0.15983755389849344,0.15851305425167084,0.1654026359319687,3
24,RCalfTwist_01,0.15983707457780838,0.14586657285690308,0.2025490403175354,3
83,RCalfTwist_01,0.15982082982858023,0.1627197116613388,0.1945408195257187,3
22,spine_02,0.1598090281089147,0.15570974349975586,0.17797739505767823,3
69,Bip001,0.15975098311901093,0.1592245101928711,0.20133801698684692,3
23,RCalfTwist_01,0.15973503390947977,0.16526484489440918,0.19606012105941772,3
56,RUpArmTwist_r_02,0.15971332788467407,0.09927132725715637,0.2592014133930206,3
31,Bip001,0.15968474497397742,0.14225128293037415,0.21782627701759338,3
53,RCalfTwist_02,0.15956770877043405,0.17095276713371277,0.17981837391853334,3
18,RCalfTwist_02,0.15951150159041086,0.15085801482200623,0.1847881019115448,3
67,Bip001,0.15947735806306204,0.16100963950157166,0.19879119992256164,3
0,L_ForeTwist_02,0.15946701169013977,0.14461418986320496,0.19269388318061828,3
66,clavicle_l,0.15945087124903998,0.14872288703918457,0.20303584337234498,3
61,clavicle_l,0.15944489339987436,0.17208699882030487,0.2079711526632309,3
64,LCalfTwist_01,0.15940956523021063,0.19210262596607208,0.21520034372806549,3
63,clavicle_r,0.1592096413175265,0.15684030950069427,0.21340483129024507,3
54,Bip001,0.1591683328151703,0.18304860591888428,0.19877692461013793,3
39,L_ForeTwist_02,0.15896372745434442,0.17046958208084106,0.22139536142349242,3
22,R_ForeTwist_01,0.1589330956339836,0.18701323866844177,0.20831167101860046,3
45,LCalfTwist_01,0.15890900790691376,0.1175023764371872,0.2600957006216049,3
68,R_ForeTwist_02,0.15876774489879608,0.1833542287349701,0.18885686993598938,3
41,Bip001,0.15858792016903558,0.1726117581129074,0.2114262193441391,3
67,L_ForeTwist_02,0.1584635650118192,0.1706792116165161,0.2037440538406372,3
17,L_ForeTwist_01,0.15844793121019998,0.1732698678970337,0.20936044454574584,3
75,RCalfTwist_02,0.15833316495021185,0.13072191178798676,0.20302253663539888,3
61,clavicle_r,0.15820042540629706,0.15569806098937988,0.20865027904510497,3
30,R_ForeTwist_01,0.15814857433239618,0.12626968324184418,0.20841841399669647,3
65,LCalfTwist_03,0.15813270211219788,0.16115769743919373,0.17103508114814758,3
69,LCalfTwist_03,0.15799460311730704,0.13376037776470184,0.2008532851934433,3
31,RCalfTwist_02,0.15793039401372275,0.12279978394508362,0.23858099579811096,3
3,RCalfTwist_01,0.15788741409778595,0.14108842611312866,0.18968141078948975,3
2,Bip001,0.15780732035636902,0.1743067055940628,0.20650431215763093,3
14,L_ForeTwist_01,0.15779896080493927,0.16448760032653809,0.1666780948638916,3
49,L_ForeTwist_01,0.15773277978102365,0.1571430265903473,0.15859376788139343,3
81,clavicle_l,0.15768959621588388,0.14530770480632782,0.20943334996700286,3
57,LCalfTwist_01,0.15767866124709448,0.17591987550258636,0.21244748532772065,3
44,LCalfTwist_03,0.1576614404718081,0.1686420887708664,0.19605954587459565,3
45,R_ForeTwist_02,0.1576512282093366,0.17611737549304962,0.1855300098657608,3
11,RUpArmTwist_l_02,0.15759770820538202,0.16140002012252808,0.2204277753829956,3
6,R_ForeTwist_02,0.15756868571043015,0.1571783572435379,0.20902786552906036,3
85,RCalfTwist_01,0.15754254162311554,0.16913676261901855,0.1920315742492676,3
57,RUpArmTwist_r_02,0.15734515339136124,0.1425965279340744,0.2041803330183029,3
65,Bip001,0.15706880887349448,0.17868776619434357,0.21130909025669098,3
37,RUpArmTwist_r_02,0.1570652723312378,0.10345633327960968,0.23261956274509432,3
37,L_ForeTwist_01,0.15699943403402963,0.14318697154521942,0.17683005034923555,3
75,LCalfTwist_01,0.156967264910539,0.13190621137619019,0.21923688650131226,3
22,L_ForeTwist_02,0.15691018601258597,0.14254510402679443,0.19020495414733887,3
73,clavicle_l,0.1569054921468099,0.17864593863487244,0.18794389367103576,3
83,spine_02,0.15675619492928186,0.155409038066864,0.2102679967880249,3
68,spine_02,0.1566795359055201,0.11980564147233963,0.24040361791849138,3
30,RCalfTwist_02,0.15667939434448877,0.15685613453388214,0.21248622238636017,3
36,calf_r,0.15653378268082938,0.1448664516210556,0.18305117785930633,3
32,R_ForeTwist_01,0.15646656105915704,0.1480056345462799,0.21555418372154236,3
19,spine_02,0.1563746432463328,0.1570507287979126,0.1579479455947876,3
55,LCalfTwist_01,0.15635749697685242,0.18052703142166138,0.20812090635299682,3
50,L_ForeTwist_01,0.15626311798890433,0.1410810500383377,0.18192206919193268,3
28,RCalfTwist_01,0.1559648315111796,0.15018367767333984,0.16467323303222656,3
45,index_01_l,0.1559002324938774,0.11728095263242722,0.21942409127950668,3
3,LCalfTwist_01,0.15589947253465652,0.17131024599075317,0.20982766151428223,3
77,LCalfTwist_01,0.15576041986544928,0.12513597309589386,0.22827352583408356,3
39,L_ForeTwist_01,0.15573481718699136,0.16612787544727325,0.168980672955513,3
5,lowerarm_r,0.1557302623987198,0.1238517016172409,0.21322488486766816,3
42,clavicle_l,0.15565151224533716,0.12874291837215424,0.20767626464366912,3
23,LCalfTwist_03,0.1555990676085154,0.14654900133609772,0.1739528924226761,3
70,Bip001,0.15549475948015848,0.1556171476840973,0.1899236261844635,3
1,RCalfTwist_01,0.15539787213007608,0.168241947889328,0.168437260389328,3
77,L_ForeTwist_01,0.1553644339243571,0.15748701989650726,0.15828690230846404,3
68,RCalfTwist_02,0.1553283085425695,0.1685088723897934,0.1739938110113144,3
49,RCalfTwist_02,0.15525459001461664,0.1589978188276291,0.18070548474788667,3
21,clavicle_l,0.155059897651275,0.11350927501916885,0.25513004809617995,3
21,L_ForeTwist_01,0.15499373773733774,0.1507061868906021,0.1752797156572342,3
23,clavicle_r,0.15479576587677002,0.14716914296150208,0.1679706871509552,3
55,RUpArmTwist_l_02,0.15474136422077814,0.12096249312162399,0.22141287177801133,3
55,Bip001,0.15473399808009466,0.17607533931732178,0.18954088687896728,3
62,L_ForeTwist_01,0.15469529728094736,0.13510701060295105,0.19566206336021424,3
27,RUpArmTwist_r_02,0.15459092458089194,0.08830059319734573,0.26582694202661517,3
37,RUpArmTwist_l_02,0.15454489489396414,0.10968556255102158,0.2195976421236992,3
80,R_ForeTwist_02,0.1544970447818438,0.17062707245349884,0.21451621353626252,3
1,LCalfTwist_03,0.15449278553326926,0.15924909710884094,0.19256996512413024,3
82,L_ForeTwist_01,0.1543739934762319,0.14035162329673767,0.20904820561408996,3
26,LCalfTwist_02,0.1542717715104421,0.12277703732252121,0.21895909160375596,3
20,L_ForeTwist_02,0.15419941147168478,0.13219858705997467,0.18741996586322784,3
29,clavicle_l,0.15400354067484537,0.16385480761528015,0.19381290078163146,3
80,L_ForeTwist_01,0.153909037510554,0.1406230926513672,0.18388210535049437,3
33,LCalfTwist_03,0.15386866529782614,0.18684478104114532,0.18709491789340973,3
36,L_ForeTwist_01,0.1538261423508326,0.1744745522737503,0.17576660215854645,3
65,L_ForeTwist_01,0.15367293854554495,0.1527596116065979,0.1713150143623352,3
52,LCalfTwist_03,0.15363273521264395,0.15756812691688538,0.17281857132911682,3
27,L_ForeTwist_01,0.15349877625703812,0.17528969049453735,0.18164037466049193,3
22,LCalfTwist_03,0.15348081290721893,0.15706299245357513,0.16770529448986055,3
20,calf_r,0.15346957246462503,0.15705625712871552,0.15717060267925262,3
30,RUpArmTwist_r_02,0.153447937220335,0.14584724605083466,0.23777922093868256,3
19,R_ForeTwist_02,0.15342707931995392,0.16992302238941193,0.17318550646305084,3
21,Bip001,0.1534243250886599,0.17128987610340118,0.19429570734500884,3
46,RUpArmTwist_r_02,0.15318193038304648,0.14116041362285614,0.19085614383220673,3
75,clavicle_r,0.15310828884442648,0.14255236089229584,0.17257437407970427,3
33,RCalfTwist_01,0.15296853830416998,0.16196511685848236,0.1717762440443039,3
63,L_ForeTwist_01,0.15295733759800592,0.1474796086549759,0.18073540031909943,3
77,LCalfTwist_03,0.15288008997837702,0.15426695346832275,0.18462212085723878,3
63,LCalfTwist_01,0.15282262861728668,0.18271739780902863,0.19316165745258332,3
20,R_ForeTwist_02,0.1527401258548101,0.16778625547885895,0.17100010216236114,3
65,L_ForeTwist_02,0.15269021689891815,0.14900709688663483,0.19567478001117705,3
51,L_ForeTwist_02,0.1526143898566564,0.14392094314098358,0.20597072541713715,3
12,RCalfTwist_01,0.15258492777744928,0.1629396378993988,0.19371764063835145,3
81,spine_02,0.15256868799527487,0.17396478354930878,0.18496447503566743,3
33,LCalfTwist_02,0.15252558390299478,0.1433384269475937,0.18543793857097626,3
57,calf_l,0.1524610494573911,0.15075697004795074,0.21369008123874664,3
22,clavicle_r,0.1524054929614067,0.15133896470069885,0.18628905415534974,3
74,RCalfTwist_01,0.152394933005174,0.16731028258800507,0.17953768670558928,3
40,L_ForeTwist_01,0.15226640303929648,0.14215165376663208,0.17545547485351562,3
33,L_ForeTwist_01,0.1522449553012848,0.14841172099113464,0.16224241852760315,3
28,RUpArmTwist_r_02,0.15220710386832556,0.07832390815019608,0.27100304514169693,3
15,L_ForeTwist_01,0.15217193961143494,0.14856767654418945,0.16989445686340332,3
51,L_ForeTwist_01,0.15216666956742605,0.14378637075424194,0.17409148216247558,3
31,R_ForeTwist_02,0.15215197205543518,0.1551702916622162,0.18614186644554137,3
56,RUpArmTwist_l_02,0.1520617182056109,0.1514715999364853,0.17485516965389253,3
69,RCalfTwist_02,0.1520420710245768,0.1502547562122345,0.1694672405719757,3
34,RUpArmTwist_l_02,0.15197371194760004,0.11527244746685028,0.22270570695400238,3
73,R_ForeTwist_02,0.151957705616951,0.13253554701805115,0.20459828972816468,3
81,L_ForeTwist_01,0.15179234246412912,0.14416825771331787,0.1720974326133728,3
64,L_ForeTwist_01,0.15174206097920737,0.15687987208366394,0.16054986119270326,3
70,RUpArmTwist_l_02,0.1516913821299871,0.1583673059940338,0.1850786030292511,3
68,RUpArmTwist_r_02,0.15162034084399542,0.15255425870418549,0.2037604421377182,3
40,RCalfTwist_01,0.1516189177831014,0.16373470425605774,0.19794637560844422,3
5,spine_02,0.15155227854847908,0.17711031436920166,0.22673639059066772,3
53,LCalfTwist_03,0.15153747548659643,0.14442530274391174,0.20845724940299987,3
19,RCalfTwist_01,0.1515340507030487,0.1502773016691208,0.16970376670360565,3
20,RCalfTwist_01,0.1514794280131658,0.1558060199022293,0.177509668469429,3
7,L_ForeTwist_01,0.1513716777165731,0.16667604446411133,0.2062725305557251,3
38,L_ForeTwist_01,0.15128914266824722,0.1661635786294937,0.187362602353096,3
29,L_ForeTwist_01,0.15122712651888529,0.14624227583408356,0.15868047773838043,3
68,L_ForeTwist_02,0.15110795944929123,0.1656331866979599,0.19328183829784393,3
7,RUpArmTwist_l_02,0.1510805735985438,0.1435355395078659,0.17663149535655975,3
25,L_ForeTwist_01,0.15103482206662497,0.15015548467636108,0.15536715984344482,3
8,L_ForeTwist_01,0.15097996592521667,0.18223874270915985,0.18238045871257783,3
21,LCalfTwist_02,0.1509742240111033,0.1059645488858223,0.21610964685678483,3
9,lowerarm_r,0.15059838443994522,0.149986132979393,0.181433829665184,3
66,RUpArmTwist_l_02,0.15053228785594305,0.12976214289665222,0.19527494311332702,3
83,L_ForeTwist_01,0.15041320522626242,0.12523917853832245,0.21004088819026948,3
16,RCalfTwist_01,0.15038572748502096,0.1649322360754013,0.17556489408016204,3
44,clavicle_l,0.15010062356789908,0.17404350638389587,0.1904771387577057,3
23,lowerarm_r,0.1500734637180964,0.16046679019927979,0.19980065822601317,3
5,L_ForeTwist_01,0.1500574747721354,0.13281118869781494,0.1861155867576599,3
59,L_ForeTwist_01,0.1494701753060023,0.165857195854187,0.16941272020339965,3
62,L_ForeTwist_02,0.14943069716294607,0.126921147108078,0.18179026246070862,3
33,RUpArmTwist_l_02,0.14941624055306116,0.1021050363779068,0.21746101677417756,3
44,RCalfTwist_02,0.14937557776769003,0.1379462033510208,0.18710205852985382,3
4,LCalfTwist_03,0.14931154747804007,0.1768803745508194,0.18151406347751617,3
47,LCalfTwist_03,0.14928912619749704,0.15079908072948456,0.1607331246137619,3
8,RUpArmTwist_r_02,0.14925321439901987,0.09019071608781815,0.23472768217325213,3
34,L_ForeTwist_01,0.14921078582604727,0.14340808987617493,0.167779141664505,3
54,L_ForeTwist_02,0.1492029329140981,0.1613474190235138,0.18651264309883117,3
20,LCalfTwist_02,0.14917456607023874,0.11630672961473465,0.2526558771729469,3
28,L_ForeTwist_01,0.14913060267766318,0.1513514369726181,0.15642571151256562,3
54,LCalfTwist_03,0.14903629571199417,0.1585540473461151,0.1975276529788971,3
40,Bip001,0.14878859867652258,0.13425213098526,0.21303805112838745,3
76,RUpArmTwist_l_02,0.14878325164318085,0.12769815325737,0.18001387715339662,3
14,RCalfTwist_02,0.14877109974622726,0.13937802612781525,0.19607085287570952,3
44,spine_02,0.14866777509450912,0.17861907184123993,0.1851862519979477,3
31,RCalfTwist_01,0.14866718649864197,0.14877569675445557,0.15705751180648803,3
32,spine_02,0.1484590545296669,0.12987938523292542,0.20584165453910827,3
14,R_ForeTwist_02,0.14839466164509454,0.1222521960735321,0.21171068549156188,3
27,LCalfTwist_03,0.14826283603906631,0.17014378309249878,0.175653338432312,3
45,LCalfTwist_03,0.14819526920715967,0.166856050491333,0.19223324060440064,3
45,RCalfTwist_01,0.14805743098258972,0.15431734919548035,0.1619807779788971,3
72,RUpArmTwist_l_02,0.14801633854707083,0.1504206359386444,0.17070286870002746,3
81,RCalfTwist_02,0.14787808060646057,0.13946868479251862,0.17703746855258942,3
23,L_ForeTwist_01,0.14774657785892487,0.1263357251882553,0.189200958609581,3
7,RCalfTwist_01,0.14752433200677237,0.11708282679319382,0.20295818895101547,3
55,LCalfTwist_03,0.1473097080985705,0.1613268405199051,0.18832614719867707,3
36,clavicle_l,0.1473001465201378,0.15388281643390656,0.19621143639087676,3
42,spine_02,0.14722562581300735,0.12026577442884445,0.18891554921865464,3
46,LCalfTwist_01,0.1472224568327268,0.15267179906368256,0.19868124425411224,3
52,RCalfTwist_02,0.14715736359357834,0.13224028050899506,0.1860419124364853,3
56,L_ForeTwist_01,0.1471498062213262,0.14153845608234406,0.18063963949680328,3
68,LCalfTwist_03,0.1471361368894577,0.11966407299041748,0.18861435651779174,3
21,RCalfTwist_01,0.1471248542269071,0.13655084371566772,0.1820798397064209,3
67,RCalfTwist_02,0.14693200836579004,0.1587923765182495,0.1636496901512146,3
30,L_ForeTwist_02,0.14682119339704514,0.13854296505451202,0.17039739191532136,3
35,L_ForeTwist_02,0.14678265899419785,0.12926553189754486,0.19938138425350188,3
51,clavicle_r,0.14669148872296014,0.12502893805503845,0.17889155745506286,3
26,L_ForeTwist_01,0.14644207060337067,0.1586190164089203,0.17699649930000305,3
43,R_ForeTwist_01,0.1462788643936316,0.1186680719256401,0.2314390167593956,3
19,L_ForeTwist_02,0.14627503355344137,0.13774147629737854,0.1860274612903595,3
12,RCalfTwist_02,0.14627102514108023,0.154801145195961,0.20347833931446074,3
66,L_ForeTwist_01,0.14605698734521866,0.1208934560418129,0.18227338343858718,3
61,R_ForeTwist_02,0.1460088094075521,0.11796626448631287,0.21122542023658752,3
6,L_ForeTwist_01,0.14595718185106912,0.1364079713821411,0.1776694178581238,3
23,LCalfTwist_02,0.1459567497173945,0.14731933176517487,0.20457853376865387,3
43,Bip001,0.14594785372416177,0.15564028918743134,0.21579693257808685,3
5,clavicle_l,0.1458611140648524,0.11868502199649811,0.2295209914445877,3
18,RUpArmTwist_r_02,0.14584684123595557,0.0884760394692421,0.24104561358690263,3
49,lowerarm_r,0.14571517209211984,0.11355438083410263,0.23050837963819504,3
15,RCalfTwist_01,0.14535723874966303,0.14215083420276642,0.170279398560524,3
16,L_ForeTwist_01,0.14512920379638672,0.14227646589279175,0.18608264923095702,3
55,L_ForeTwist_01,0.14504105846087137,0.14826540648937225,0.15786276757717133,3
28,LCalfTwist_03,0.14495355635881424,0.17533031105995178,0.1762883722782135,3
23,RUpArmTwist_r_02,0.14479767034451166,0.12456585466861725,0.21290561258792878,3
3,LCalfTwist_03,0.14468473196029663,0.12180088460445404,0.1864353746175766,3
31,spine_02,0.14453790336847305,0.14387944340705872,0.20066125988960265,3
57,calf_r,0.14453760534524918,0.15101061761379242,0.16337980926036835,3
78,RUpArmTwist_l_02,0.14451811214288077,0.12451433390378952,0.18324844688177108,3
24,L_ForeTwist_01,0.1444296563665072,0.1419791877269745,0.17586488127708436,3
10,LCalfTwist_03,0.14431945234537125,0.15996423363685608,0.18130542635917662,3
57,L_ForeTwist_01,0.1442042738199234,0.16765207052230835,0.1842832088470459,3
30,RUpArmTwist_l_02,0.14411121855179468,0.09322593361139297,0.24116766005754472,3
71,Bip001,0.14402986317873,0.16689398884773254,0.1865165650844574,3
32,L_ForeTwist_01,0.14390272895495096,0.15053415298461914,0.16363152265548705,3
75,clavicle_l,0.14377853274345398,0.11001065373420715,0.21254443526268005,3
40,RUpArmTwist_l_02,0.14366732041041055,0.12490884959697723,0.20360806882381438,3
83,clavicle_l,0.14357417821884155,0.15008901059627533,0.20280153453350067,3
65,RUpArmTwist_l_02,0.14352086931467056,0.17539645731449127,0.1980821043252945,3
67,LCalfTwist_03,0.14347878098487854,0.13222506642341614,0.17533966898918152,3
63,RCalfTwist_02,0.1434668724735578,0.12961046397686005,0.1853998512029648,3
63,RUpArmTwist_l_02,0.14331508179505667,0.1401190161705017,0.1815924882888794,3
75,L_ForeTwist_01,0.14324278136094412,0.1416010856628418,0.15094001293182374,3
74,LCalfTwist_03,0.14321289956569672,0.1587255895137787,0.1590835392475128,3
46,L_ForeTwist_02,0.14317570875088373,0.1550992876291275,0.1741544634103775,3
10,RUpArmTwist_r_02,0.1430902580420176,0.12194386124610901,0.18464118838310242,3
36,L_ForeTwist_02,0.14303877701361975,0.11348335444927216,0.19532457292079927,3
39,RUpArmTwist_l_02,0.14302103221416473,0.11211499571800232,0.19599042534828187,3
21,L_ForeTwist_02,0.14288178582986197,0.11255358159542084,0.18582631051540374,3
27,RUpArmTwist_l_02,0.14257854968309402,0.12231330573558807,0.18116690814495087,3
4,Bip001,0.1425430936117967,0.1481967568397522,0.20344207286834717,3
1,clavicle_l,0.142486701409022,0.16661830246448517,0.1698439508676529,3
43,RCalfTwist_02,0.14244044572114944,0.14331546425819397,0.15653476119041443,3
67,RUpArmTwist_r_02,0.14243830119570097,0.15601855516433716,0.2077455997467041,3
84,L_ForeTwist_02,0.142214955141147,0.1422766149044037,0.20947991013526918,3
46,L_ForeTwist_01,0.14212500552336374,0.16242554783821106,0.1632716715335846,3
57,clavicle_l,0.14209250112374625,0.15337927639484406,0.17143254578113556,3
24,LCalfTwist_02,0.14202836280067763,0.12172234803438187,0.21959226280450822,3
77,RCalfTwist_02,0.14198166380325952,0.15782777965068817,0.18665662705898284,3
71,RUpArmTwist_l_02,0.14191549022992453,0.1284378468990326,0.1633101522922516,3
70,RCalfTwist_01,0.14174900949001312,0.15575815737247467,0.15994066298007964,3
21,LCalfTwist_03,0.1416961302359899,0.1645878404378891,0.16565395295619964,3
39,RUpArmTwist_r_02,0.14164218430717787,0.07410129904747009,0.2700535476207733,3
2,LCalfTwist_03,0.14149163911739984,0.12925685942173004,0.174903205037117,3
64,LCalfTwist_03,0.14143472661574683,0.11269744485616684,0.18740386217832566,3
64,RCalfTwist_02,0.1413900430003802,0.14113785326480865,0.16274079382419587,3
79,L_ForeTwist_01,0.14133875568707785,0.12826655805110931,0.16100184619426727,3
83,calf_l,0.14121660590171814,0.12026370316743851,0.20922941118478774,3
67,L_ForeTwist_01,0.1411474347114563,0.12917712330818176,0.1641291320323944,3
80,RCalfTwist_02,0.14063367744286856,0.14627018570899963,0.18679739832878112,3
54,L_ForeTwist_01,0.14027348160743713,0.14421962201595306,0.15341202914714813,3
10,L_ForeTwist_02,0.14013157536586127,0.12275249511003494,0.16977219730615617,3
47,RUpArmTwist_l_02,0.14003287007411322,0.12256569415330887,0.19291645437479019,3
82,L_ForeTwist_02,0.13998331626256308,0.13240347802639008,0.19924236238002777,3
76,L_ForeTwist_01,0.13980576892693838,0.15033400058746338,0.1523335337638855,3
50,spine_02,0.13966097682714462,0.13419009745121002,0.22448151409626008,3
31,L_ForeTwist_01,0.13925348470608392,0.13307994604110718,0.17012310028076172,3
84,clavicle_l,0.1392335519194603,0.12438870966434479,0.17201586067676544,3
85,RUpArmTwist_l_02,0.13911458601554236,0.11583881080150604,0.18783278167247772,3
78,RCalfTwist_02,0.1391087199250857,0.1702168583869934,0.1875665783882141,3
59,RUpArmTwist_r_02,0.13908694684505463,0.0904063880443573,0.2164137065410614,3
50,RUpArmTwist_l_02,0.1390522743264834,0.11170956492424011,0.18217818140983583,3
45,clavicle_l,0.13902189334233603,0.1097777783870697,0.18804132342338561,3
6,RCalfTwist_02,0.138978511095047,0.14797669649124146,0.17016750574111938,3
84,L_ForeTwist_01,0.1389625295996666,0.14766481518745422,0.17141807675361634,3
84,LCalfTwist_03,0.1386303131779035,0.10987487435340881,0.18239617943763733,3
34,L_ForeTwist_02,0.13860999047756195,0.1433212161064148,0.1768733501434326,3
85,L_ForeTwist_02,0.13859775041540465,0.14889414608478546,0.21610240042209625,3
30,L_ForeTwist_01,0.13834680865208307,0.13581597805023193,0.17449193000793456,3
60,RCalfTwist_01,0.13822550078233084,0.12950929999351501,0.1669672429561615,3
77,RUpArmTwist_l_02,0.13788160185019174,0.11397077888250351,0.18022847622632981,3
68,L_ForeTwist_01,0.137214923898379,0.13150392472743988,0.15521959960460663,3
76,clavicle_l,0.1369811793168386,0.12014678865671158,0.18522558957338334,3
40,L_ForeTwist_02,0.13670016328493753,0.14722910523414612,0.18922268748283386,3
66,RCalfTwist_02,0.1366130312283834,0.14086420834064484,0.15418974459171295,3
25,L_ForeTwist_02,0.13655475030342737,0.11935745179653168,0.16891264617443086,3
52,L_ForeTwist_02,0.13652635365724564,0.12299072742462158,0.17471868991851808,3
61,RCalfTwist_02,0.13647454231977463,0.11964861303567886,0.16283582001924515,3
74,RUpArmTwist_l_02,0.13645197451114655,0.1524694412946701,0.1666039675474167,3
55,L_ForeTwist_02,0.13632025321324667,0.14955666661262512,0.17050779461860657,3
81,L_ForeTwist_02,0.13628816107908884,0.1291196644306183,0.19035921692848207,3
23,L_ForeTwist_02,0.13610486686229706,0.12522295117378235,0.1704906165599823,3
45,RUpArmTwist_l_02,0.13570797940095267,0.12853969633579254,0.19226990044116973,3
78,L_ForeTwist_01,0.13556877772013345,0.1348848044872284,0.14190046191215516,3
48,LCalfTwist_03,0.13526375343402228,0.14773090183734894,0.1634391576051712,3
75,L_ForeTwist_02,0.1350045601526896,0.13132108747959137,0.17399066984653472,3
71,LCalfTwist_03,0.13497090836366019,0.14951786398887634,0.15816025137901307,3
11,L_ForeTwist_01,0.13458562145630518,0.129238560795784,0.14598239958286285,3
50,RCalfTwist_02,0.13455131401618323,0.1428695172071457,0.15630851686000824,3
82,spine_02,0.13427830735842386,0.15322472155094147,0.17188418209552764,3
83,L_ForeTwist_02,0.1341856742898623,0.13826152682304382,0.2058468520641327,3
65,RCalfTwist_02,0.13416727632284164,0.13426688313484192,0.17111275792121888,3
37,clavicle_l,0.1341635063290596,0.13225650787353516,0.14806718826293946,3
58,L_ForeTwist_01,0.13369116932153702,0.15387749671936035,0.16853270530700684,3
9,RUpArmTwist_l_02,0.1336851716041565,0.11715922504663467,0.17288008481264114,3
58,LCalfTwist_03,0.1336675633986791,0.14012855291366577,0.16151864528656007,3
18,L_ForeTwist_02,0.13353560119867325,0.1261778026819229,0.17833811342716216,3
63,LCalfTwist_03,0.13349177688360214,0.1263260543346405,0.16761054396629332,3
74,L_ForeTwist_01,0.1333668182293574,0.16211587190628052,0.18859353065490722,3
78,calf_l,0.13294815023740134,0.12095730006694794,0.18374437987804412,3
11,LCalfTwist_03,0.13249407956997553,0.11086571216583252,0.17665667533874513,3
72,RUpArmTwist_r_02,0.13223382085561752,0.0765380859375,0.225359582901001,3
53,L_ForeTwist_01,0.1321955199042956,0.13591359555721283,0.13893247544765472,3
43,L_ForeTwist_01,0.13164179275433222,0.116617850959301,0.1541679844260216,3
9,L_ForeTwist_01,0.13161701460679373,0.14216402173042297,0.14441128373146056,3
54,spine_02,0.13149036467075348,0.0646570697426796,0.22710742503404618,3
79,LCalfTwist_03,0.13121087849140167,0.11549960821866989,0.17167203277349471,3
52,L_ForeTwist_01,0.13075010975201926,0.11719836294651031,0.15771320164203645,3
45,L_ForeTwist_01,0.1307424952586492,0.14011342823505402,0.1684216171503067,3
59,LCalfTwist_03,0.13069391250610352,0.11927886307239532,0.16216733753681184,3
16,L_ForeTwist_02,0.13046379387378693,0.12943972647190094,0.15689031183719634,3
37,L_ForeTwist_02,0.13031753152608871,0.1144578829407692,0.17822188884019852,3
85,L_ForeTwist_01,0.1302753041187922,0.1387121081352234,0.16748354434967042,3
45,L_ForeTwist_02,0.13012648870547613,0.12815871834754944,0.17951179146766663,3
24,L_ForeTwist_02,0.1299648235241572,0.11589587479829788,0.16762133985757827,3
79,RUpArmTwist_l_02,0.12992054969072342,0.12482600659132004,0.17782111018896102,3
79,L_ForeTwist_02,0.12979531784852347,0.11603035032749176,0.1735585957765579,3
44,L_ForeTwist_01,0.12955639014641443,0.12614034116268158,0.14044129550457002,3
5,L_ForeTwist_02,0.12954438974459967,0.15826232731342316,0.16274482309818267,3
17,L_ForeTwist_02,0.12954345842202505,0.12281262129545212,0.16549036353826524,3
0,L_ForeTwist_01,0.12938412030537924,0.1410665512084961,0.15446590185165404,3
50,L_ForeTwist_02,0.12923341989517212,0.09802301973104477,0.17943572252988815,3
21,RUpArmTwist_l_02,0.12916119396686554,0.10481883585453033,0.17686797678470612,3
46,LCalfTwist_03,0.12909994646906853,0.17364636063575745,0.17718636393547058,3
73,L_ForeTwist_01,0.12888309235374132,0.1435825526714325,0.17644317746162413,3
20,LCalfTwist_03,0.12882687151432037,0.14013803005218506,0.1466166138648987,3
69,L_ForeTwist_02,0.12863904734452566,0.12917394936084747,0.17825181782245636,3
49,L_ForeTwist_02,0.12827577690283457,0.13846416771411896,0.18045871555805207,3
77,L_ForeTwist_02,0.1281024068593979,0.12027168273925781,0.1766643524169922,3
62,LCalfTwist_03,0.12791331360737482,0.12534861266613007,0.15797464549541473,3
69,L_ForeTwist_01,0.12774471938610077,0.13040922582149506,0.13049356639385223,3
4,L_ForeTwist_02,0.12752236425876617,0.13012656569480896,0.17040570378303527,3
70,L_ForeTwist_02,0.12723720694581667,0.12243818491697311,0.18236048072576522,3
53,spine_02,0.12680220852295557,0.07822242379188538,0.21122050881385804,3
26,L_ForeTwist_02,0.12666197617848715,0.10902814567089081,0.1564275711774826,3
83,LCalfTwist_03,0.12655065457026163,0.12605570256710052,0.14908164441585542,3
70,L_ForeTwist_01,0.1256501947840055,0.12570403516292572,0.13564116656780242,3
35,RUpArmTwist_l_02,0.12562969326972961,0.08651650696992874,0.18822230249643326,3
10,L_ForeTwist_01,0.12551093846559525,0.13621072471141815,0.14014968574047088,3
49,LCalfTwist_03,0.12550569822390875,0.13558773696422577,0.1523888438940048,3
30,spine_02,0.12518357237180075,0.08350621163845062,0.19847263991832734,3
73,L_ForeTwist_02,0.12499554455280304,0.1276572048664093,0.16829718947410582,3
80,L_ForeTwist_02,0.124223992228508,0.1267753690481186,0.16487803161144257,3
82,RUpArmTwist_l_02,0.12419722974300385,0.14705434441566467,0.15952977538108826,3
73,spine_02,0.12381028632322948,0.10338282585144043,0.1835971713066101,3
50,calf_l,0.12369673202435176,0.15050776302814484,0.15853308737277985,3
71,L_ForeTwist_01,0.12329155206680298,0.14629150927066803,0.1610674411058426,3
49,RUpArmTwist_l_02,0.1230758676926295,0.07439249753952026,0.19476536512374878,3
51,RCalfTwist_02,0.12282646199067433,0.11674623936414719,0.15154831260442733,3
73,LCalfTwist_03,0.1222911924123764,0.12042920291423798,0.14389542043209075,3
44,RUpArmTwist_l_02,0.12224735567967097,0.10118886083364487,0.17107568234205245,3
75,LCalfTwist_03,0.12177225450674693,0.1158469170331955,0.15253350436687468,3
16,LCalfTwist_03,0.12150763720273972,0.13795696198940277,0.14962420165538787,3
56,L_ForeTwist_02,0.12092503160238266,0.1406659334897995,0.15564788281917571,3
15,L_ForeTwist_02,0.12022851407527924,0.13783948123455048,0.14551326930522918,3
6,LCalfTwist_03,0.12006053825219472,0.11034104973077774,0.15200356990098954,3
33,spine_02,0.12003789593776067,0.11317147314548492,0.1498150497674942,3
28,L_ForeTwist_02,0.1199949284394582,0.12556780874729156,0.14981761276721955,3
1,L_ForeTwist_01,0.11931279301643372,0.13899365067481995,0.1422882378101349,3
0,RUpArmTwist_l_02,0.11927914867798488,0.10657185316085815,0.14846153259277345,3
43,LCalfTwist_03,0.11919845889012019,0.11800521612167358,0.15940285921096803,3
61,L_ForeTwist_02,0.11908738315105438,0.15688146650791168,0.16464886963367462,3
43,RUpArmTwist_l_02,0.11893405516942342,0.08832564204931259,0.1650881811976433,3
11,L_ForeTwist_02,0.1186902125676473,0.10012486577033997,0.14770179390907287,3
65,spine_02,0.11849054942528407,0.07676414400339127,0.18472125083208085,3
16,spine_02,0.11834643284479777,0.10483615100383759,0.14153830707073212,3
82,clavicle_l,0.11834424237410228,0.10203464329242706,0.15790853798389434,3
44,L_ForeTwist_02,0.11834050218264262,0.11286228895187378,0.15821287631988526,3
76,L_ForeTwist_02,0.11777617037296295,0.10858326405286789,0.16201653331518173,3
72,L_ForeTwist_01,0.11716676751772563,0.1308685541152954,0.13729071617126465,3
43,spine_02,0.11701934536298116,0.12375614792108536,0.1331031873822212,3
54,RUpArmTwist_l_02,0.11700659866134326,0.10517290234565735,0.18253865838050842,3
80,RUpArmTwist_l_02,0.11637343031664689,0.11408025026321411,0.19097959995269775,3
51,LCalfTwist_03,0.11611866454283397,0.12168005108833313,0.14101315140724183,3
47,L_ForeTwist_02,0.11610049878557523,0.15281115472316742,0.15966694056987762,3
27,L_ForeTwist_02,0.11605554570754369,0.10524842888116837,0.15625676661729812,3
38,RUpArmTwist_l_02,0.1148552695910136,0.11173480749130249,0.15819458961486815,3
46,spine_02,0.11452026044329007,0.0814390629529953,0.18240205943584442,3
72,LCalfTwist_03,0.11421870440244675,0.11518511176109314,0.12234651446342468,3
14,L_ForeTwist_02,0.11420681824286778,0.13543182611465454,0.13965927362442015,3
6,L_ForeTwist_02,0.1140812560915947,0.13647755980491638,0.15621139407157897,3
16,RUpArmTwist_l_02,0.11373808979988098,0.0781378448009491,0.1708792269229889,3
41,L_ForeTwist_02,0.11361862967411678,0.12422408163547516,0.13058543503284453,3
66,spine_02,0.11292535687486331,0.07114548236131668,0.18118493705987931,3
75,RUpArmTwist_l_02,0.11285883684953053,0.11279301345348358,0.1345065325498581,3
72,L_ForeTwist_02,0.11279745648304622,0.09263831377029419,0.16962213516235353,3
52,RUpArmTwist_l_02,0.11215300485491753,0.12204553186893463,0.1658223420381546,3
62,RUpArmTwist_l_02,0.11194876829783122,0.09200755506753922,0.15945149213075638,3
74,L_ForeTwist_02,0.11190809557835261,0.084466852247715,0.15969625264406204,3
32,L_ForeTwist_02,0.11136851459741592,0.10589952021837234,0.13131921440362931,3
4,L_ForeTwist_01,0.11128677427768707,0.11168671399354935,0.12233662754297256,3
78,L_ForeTwist_02,0.11085621267557144,0.09142672270536423,0.15384447425603867,3
32,RUpArmTwist_l_02,0.11055214175333579,0.0876302495598793,0.20055945664644242,3
42,RUpArmTwist_l_02,0.11006332809726398,0.08357465267181396,0.17682422399520875,3
6,RUpArmTwist_l_02,0.1096515916287899,0.11031584441661835,0.18196172416210174,3
15,RUpArmTwist_l_02,0.10944206267595291,0.07790498435497284,0.15673150718212128,3
2,L_ForeTwist_01,0.10895746449629466,0.12114085257053375,0.12711155712604522,3
33,L_ForeTwist_02,0.10872132082780202,0.10641209036111832,0.1334228113293648,3
68,RUpArmTwist_l_02,0.10864771405855815,0.11363715678453445,0.1606625571846962,3
61,RUpArmTwist_l_02,0.10844839736819267,0.06313098222017288,0.17418184429407121,3
73,RUpArmTwist_l_02,0.10807477682828903,0.08493810147047043,0.14926928132772446,3
36,RUpArmTwist_l_02,0.10796251272161801,0.08631347864866257,0.17012672275304794,3
74,clavicle_l,0.10790033390124638,0.1130535751581192,0.13929668962955474,3
0,LCalfTwist_03,0.10655496766169865,0.10441560298204422,0.11625411063432693,3
42,L_ForeTwist_02,0.10578893621762593,0.10186202079057693,0.11626245528459549,3
43,L_ForeTwist_02,0.1054375891884168,0.11188045889139175,0.12078957706689834,3
51,RUpArmTwist_l_02,0.10539767642815907,0.1179189383983612,0.16329554915428163,3
83,RUpArmTwist_l_02,0.10520671370128791,0.1093403697013855,0.16790930032730103,3
71,L_ForeTwist_02,0.10490253070990245,0.06642395257949829,0.16889886856079103,3
29,L_ForeTwist_02,0.1042100340127945,0.11157684773206711,0.14402104467153548,3
31,L_ForeTwist_02,0.1040245493253072,0.09647054225206375,0.14619002491235733,3
67,spine_02,0.10368552679816882,0.05334046483039856,0.186332243680954,3
81,RUpArmTwist_l_02,0.10125533925990264,0.1172855943441391,0.155324324965477,3
12,L_ForeTwist_02,0.10110779354969661,0.10144981741905212,0.1178321123123169,3
48,L_ForeTwist_02,0.09938834235072136,0.12024026364088058,0.12976900190114976,3
8,LCalfTwist_03,0.09874358773231506,0.09810575842857361,0.10339665412902832,3
7,LCalfTwist_03,0.09736815840005875,0.07811084389686584,0.13223305344581604,3
8,RUpArmTwist_l_02,0.09661520645022392,0.1159374862909317,0.12598115503787993,3
84,RUpArmTwist_l_02,0.09147839993238449,0.11357861757278442,0.13145890235900878,3
13,L_ForeTwist_02,0.09077770418177049,0.11613678932189941,0.13597288131713867,3
57,L_ForeTwist_02,0.08940286686023076,0.10329923033714294,0.12405470013618469,3
58,L_ForeTwist_02,0.08519518189132214,0.08318553864955902,0.12973237931728362,3
59,L_ForeTwist_02,0.07559102773666382,0.0718802735209465,0.11728247255086899,3
