sic,bone,mean_deg,p50_deg,p90_deg,count
12,pinky_01_l,51.074214935302734,51.074214935302734,51.074214935302734,1
24,pinky_01_l,49.924591064453125,49.924591064453125,49.924591064453125,1
29,pinky_01_l,49.8301887512207,49.8301887512207,49.8301887512207,1
23,pinky_01_l,49.779361724853516,49.779361724853516,49.779361724853516,1
17,pinky_01_l,49.72928237915039,49.72928237915039,49.72928237915039,1
21,pinky_01_l,49.71561050415039,49.71561050415039,49.71561050415039,1
26,pinky_01_l,49.57688903808594,49.57688903808594,49.57688903808594,1
16,pinky_01_l,49.551025390625,49.551025390625,49.551025390625,1
25,pinky_01_l,49.54825210571289,49.54825210571289,49.54825210571289,1
20,pinky_01_l,49.54507827758789,49.54507827758789,49.54507827758789,1
27,pinky_01_l,49.52982711791992,49.52982711791992,49.52982711791992,1
28,pinky_01_l,49.516056060791016,49.516056060791016,49.516056060791016,1
18,pinky_01_l,49.479244232177734,49.479244232177734,49.479244232177734,1
14,pinky_01_l,49.46540069580078,49.46540069580078,49.46540069580078,1
31,pinky_01_l,49.426753997802734,49.426753997802734,49.426753997802734,1
19,pinky_01_l,49.42201232910156,49.42201232910156,49.42201232910156,1
22,pinky_01_l,49.326786041259766,49.326786041259766,49.326786041259766,1
13,pinky_01_l,49.31406021118164,49.31406021118164,49.31406021118164,1
15,pinky_01_l,49.13263702392578,49.13263702392578,49.13263702392578,1
11,pinky_01_l,49.09992599487305,49.09992599487305,49.09992599487305,1
38,pinky_01_l,48.93431854248047,48.93431854248047,48.93431854248047,1
33,pinky_01_l,48.84227752685547,48.84227752685547,48.84227752685547,1
35,pinky_01_l,48.84002685546875,48.84002685546875,48.84002685546875,1
36,pinky_01_l,48.8287467956543,48.8287467956543,48.8287467956543,1
30,pinky_01_l,48.805965423583984,48.805965423583984,48.805965423583984,1
32,pinky_01_l,48.713043212890625,48.713043212890625,48.713043212890625,1
39,pinky_01_l,48.22684097290039,48.22684097290039,48.22684097290039,1
34,pinky_01_l,48.21670913696289,48.21670913696289,48.21670913696289,1
37,pinky_01_l,48.173301696777344,48.173301696777344,48.173301696777344,1
10,pinky_01_l,47.96889877319336,47.96889877319336,47.96889877319336,1
40,pinky_01_l,47.87147903442383,47.87147903442383,47.87147903442383,1
41,pinky_01_l,46.9229850769043,46.9229850769043,46.9229850769043,1
9,pinky_01_l,46.7376823425293,46.7376823425293,46.7376823425293,1
8,pinky_01_l,44.571250915527344,44.571250915527344,44.571250915527344,1
42,pinky_01_l,44.570926666259766,44.570926666259766,44.570926666259766,1
43,pinky_01_l,42.87702560424805,42.87702560424805,42.87702560424805,1
7,pinky_01_l,41.785675048828125,41.785675048828125,41.785675048828125,1
5,pinky_01_l,40.338401794433594,40.338401794433594,40.338401794433594,1
6,pinky_01_l,39.99273681640625,39.99273681640625,39.99273681640625,1
4,pinky_01_l,38.829795837402344,38.829795837402344,38.829795837402344,1
44,pinky_01_l,38.82172775268555,38.82172775268555,38.82172775268555,1
81,calf_r,37.68461227416992,37.68461227416992,37.68461227416992,1
80,calf_r,37.52850341796875,37.52850341796875,37.52850341796875,1
82,calf_r,36.50880813598633,36.50880813598633,36.50880813598633,1
79,calf_r,36.25022888183594,36.25022888183594,36.25022888183594,1
17,calf_l,35.833133697509766,35.833133697509766,35.833133697509766,1
16,calf_l,35.69441604614258,35.69441604614258,35.69441604614258,1
18,calf_l,35.43878173828125,35.43878173828125,35.43878173828125,1
45,pinky_01_l,35.14422607421875,35.14422607421875,35.14422607421875,1
3,pinky_01_l,35.11568832397461,35.11568832397461,35.11568832397461,1
15,calf_l,35.07639694213867,35.07639694213867,35.07639694213867,1
78,calf_r,34.864234924316406,34.864234924316406,34.864234924316406,1
83,calf_r,34.71371078491211,34.71371078491211,34.71371078491211,1
19,calf_l,34.443115234375,34.443115234375,34.443115234375,1
14,calf_l,33.750484466552734,33.750484466552734,33.750484466552734,1
77,calf_r,32.93143081665039,32.93143081665039,32.93143081665039,1
20,calf_l,32.892967224121094,32.892967224121094,32.892967224121094,1
84,calf_r,32.533573150634766,32.533573150634766,32.533573150634766,1
1,pinky_01_l,32.50798034667969,32.50798034667969,32.50798034667969,1
2,pinky_01_l,31.887483596801758,31.887483596801758,31.887483596801758,1
13,calf_l,31.716407775878906,31.716407775878906,31.716407775878906,1
85,calf_r,31.441574096679688,31.441574096679688,31.441574096679688,1
76,calf_r,31.011838912963867,31.011838912963867,31.011838912963867,1
21,calf_l,30.757919311523438,30.757919311523438,30.757919311523438,1
46,pinky_01_l,30.11256980895996,30.11256980895996,30.11256980895996,1
12,calf_l,28.825212478637695,28.825212478637695,28.825212478637695,1
0,pinky_01_l,28.74318504333496,28.74318504333496,28.74318504333496,1
75,calf_r,28.165414810180664,28.165414810180664,28.165414810180664,1
22,calf_l,28.090993881225586,28.090993881225586,28.090993881225586,1
47,pinky_01_l,27.906312942504883,27.906312942504883,27.906312942504883,1
12,foot_l,25.93235969543457,25.93235969543457,25.93235969543457,1
11,calf_l,25.780351638793945,25.780351638793945,25.780351638793945,1
0,calf_r,25.75794792175293,25.75794792175293,25.75794792175293,1
74,calf_r,25.29156494140625,25.29156494140625,25.29156494140625,1
84,thigh_l,25.108694076538086,25.108694076538086,25.108694076538086,1
48,pinky_01_l,24.97528648376465,24.97528648376465,24.97528648376465,1
84,pinky_01_l,24.910390853881836,24.910390853881836,24.910390853881836,1
23,calf_l,24.794641494750977,24.794641494750977,24.794641494750977,1
83,thigh_l,24.62249755859375,24.62249755859375,24.62249755859375,1
13,foot_l,24.50848388671875,24.50848388671875,24.50848388671875,1
85,pinky_01_l,24.466569900512695,24.466569900512695,24.466569900512695,1
85,thigh_l,24.425731658935547,24.425731658935547,24.425731658935547,1
82,thigh_l,24.292922973632812,24.292922973632812,24.292922973632812,1
11,foot_l,24.262006759643555,24.262006759643555,24.262006759643555,1
49,pinky_01_l,24.251983642578125,24.251983642578125,24.251983642578125,1
83,pinky_01_l,24.212081909179688,24.212081909179688,24.212081909179688,1
81,thigh_l,24.03400993347168,24.03400993347168,24.03400993347168,1
82,pinky_01_l,23.884708404541016,23.884708404541016,23.884708404541016,1
12,thumb_01_l,23.872892379760742,23.872892379760742,23.872892379760742,1
81,pinky_01_l,23.81439971923828,23.81439971923828,23.81439971923828,1
80,thigh_l,23.776826858520508,23.776826858520508,23.776826858520508,1
79,thigh_l,23.61879539489746,23.61879539489746,23.61879539489746,1
50,pinky_01_l,23.53989028930664,23.53989028930664,23.53989028930664,1
78,thigh_l,23.51885223388672,23.51885223388672,23.51885223388672,1
80,pinky_01_l,23.46222496032715,23.46222496032715,23.46222496032715,1
24,thumb_01_l,23.45527458190918,23.45527458190918,23.45527458190918,1
29,thumb_01_l,23.426271438598633,23.426271438598633,23.426271438598633,1
23,thumb_01_l,23.39594268798828,23.39594268798828,23.39594268798828,1
17,thumb_01_l,23.38340187072754,23.38340187072754,23.38340187072754,1
21,thumb_01_l,23.368820190429688,23.368820190429688,23.368820190429688,1
77,thigh_l,23.36677360534668,23.36677360534668,23.36677360534668,1
79,pinky_01_l,23.345569610595703,23.345569610595703,23.345569610595703,1
26,thumb_01_l,23.325542449951172,23.325542449951172,23.325542449951172,1
25,thumb_01_l,23.316661834716797,23.316661834716797,23.316661834716797,1
27,thumb_01_l,23.31643295288086,23.31643295288086,23.31643295288086,1
20,thumb_01_l,23.307838439941406,23.307838439941406,23.307838439941406,1
16,thumb_01_l,23.307342529296875,23.307342529296875,23.307342529296875,1
28,thumb_01_l,23.307138442993164,23.307138442993164,23.307138442993164,1
18,thumb_01_l,23.283763885498047,23.283763885498047,23.283763885498047,1
14,thumb_01_l,23.280406951904297,23.280406951904297,23.280406951904297,1
19,thumb_01_l,23.263330459594727,23.263330459594727,23.263330459594727,1
31,thumb_01_l,23.262609481811523,23.262609481811523,23.262609481811523,1
22,thumb_01_l,23.222814559936523,23.222814559936523,23.222814559936523,1
13,thumb_01_l,23.219810485839844,23.219810485839844,23.219810485839844,1
77,pinky_01_l,23.213848114013672,23.213848114013672,23.213848114013672,1
75,pinky_01_l,23.1688175201416,23.1688175201416,23.1688175201416,1
78,pinky_01_l,23.154098510742188,23.154098510742188,23.154098510742188,1
15,thumb_01_l,23.153318405151367,23.153318405151367,23.153318405151367,1
0,thigh_l,23.144777297973633,23.144777297973633,23.144777297973633,1
11,thumb_01_l,23.10163688659668,23.10163688659668,23.10163688659668,1
38,thumb_01_l,23.07219123840332,23.07219123840332,23.07219123840332,1
51,pinky_01_l,23.026203155517578,23.026203155517578,23.026203155517578,1
36,thumb_01_l,23.023895263671875,23.023895263671875,23.023895263671875,1
35,thumb_01_l,23.023313522338867,23.023313522338867,23.023313522338867,1
30,thumb_01_l,23.021747589111328,23.021747589111328,23.021747589111328,1
33,thumb_01_l,23.01932716369629,23.01932716369629,23.01932716369629,1
32,thumb_01_l,22.973587036132812,22.973587036132812,22.973587036132812,1
73,pinky_01_l,22.964160919189453,22.964160919189453,22.964160919189453,1
76,pinky_01_l,22.950971603393555,22.950971603393555,22.950971603393555,1
74,pinky_01_l,22.872108459472656,22.872108459472656,22.872108459472656,1
76,thigh_l,22.85938262939453,22.85938262939453,22.85938262939453,1
52,pinky_01_l,22.842050552368164,22.842050552368164,22.842050552368164,1
72,pinky_01_l,22.815441131591797,22.815441131591797,22.815441131591797,1
39,thumb_01_l,22.78851890563965,22.78851890563965,22.78851890563965,1
34,thumb_01_l,22.769906997680664,22.769906997680664,22.769906997680664,1
37,thumb_01_l,22.759681701660156,22.759681701660156,22.759681701660156,1
53,pinky_01_l,22.737525939941406,22.737525939941406,22.737525939941406,1
71,pinky_01_l,22.72695541381836,22.72695541381836,22.72695541381836,1
70,pinky_01_l,22.723787307739258,22.723787307739258,22.723787307739258,1
54,pinky_01_l,22.715486526489258,22.715486526489258,22.715486526489258,1
69,pinky_01_l,22.697843551635742,22.697843551635742,22.697843551635742,1
68,pinky_01_l,22.692455291748047,22.692455291748047,22.692455291748047,1
56,pinky_01_l,22.687108993530273,22.687108993530273,22.687108993530273,1
55,pinky_01_l,22.681570053100586,22.681570053100586,22.681570053100586,1
61,pinky_01_l,22.680147171020508,22.680147171020508,22.680147171020508,1
67,pinky_01_l,22.66741371154785,22.66741371154785,22.66741371154785,1
64,pinky_01_l,22.660993576049805,22.660993576049805,22.660993576049805,1
57,pinky_01_l,22.659685134887695,22.659685134887695,22.659685134887695,1
59,pinky_01_l,22.645559310913086,22.645559310913086,22.645559310913086,1
63,pinky_01_l,22.645275115966797,22.645275115966797,22.645275115966797,1
66,pinky_01_l,22.641578674316406,22.641578674316406,22.641578674316406,1
62,pinky_01_l,22.640506744384766,22.640506744384766,22.640506744384766,1
58,pinky_01_l,22.637386322021484,22.637386322021484,22.637386322021484,1
40,thumb_01_l,22.634883880615234,22.634883880615234,22.634883880615234,1
65,pinky_01_l,22.632722854614258,22.632722854614258,22.632722854614258,1
10,thumb_01_l,22.621166229248047,22.621166229248047,22.621166229248047,1
75,thigh_l,22.56477165222168,22.56477165222168,22.56477165222168,1
60,pinky_01_l,22.55610466003418,22.55610466003418,22.55610466003418,1
41,thumb_01_l,22.231046676635742,22.231046676635742,22.231046676635742,1
74,thigh_l,22.16604995727539,22.16604995727539,22.16604995727539,1
9,thumb_01_l,22.077016830444336,22.077016830444336,22.077016830444336,1
1,thigh_l,22.069250106811523,22.069250106811523,22.069250106811523,1
57,calf_r,21.94414520263672,21.94414520263672,21.94414520263672,1
58,calf_r,21.932884216308594,21.932884216308594,21.932884216308594,1
4,thigh_l,21.848773956298828,21.848773956298828,21.848773956298828,1
10,calf_l,21.847509384155273,21.847509384155273,21.847509384155273,1
73,thigh_l,21.794984817504883,21.794984817504883,21.794984817504883,1
2,thigh_l,21.79421043395996,21.79421043395996,21.79421043395996,1
3,thigh_l,21.758541107177734,21.758541107177734,21.758541107177734,1
1,calf_r,21.520471572875977,21.520471572875977,21.520471572875977,1
59,calf_r,21.473323822021484,21.473323822021484,21.473323822021484,1
56,calf_r,21.4334659576416,21.4334659576416,21.4334659576416,1
73,calf_r,21.4212589263916,21.4212589263916,21.4212589263916,1
72,thigh_l,21.412925720214844,21.412925720214844,21.412925720214844,1
5,thigh_l,21.300251007080078,21.300251007080078,21.300251007080078,1
42,thumb_01_l,21.2453556060791,21.2453556060791,21.2453556060791,1
10,foot_l,21.16790771484375,21.16790771484375,21.16790771484375,1
8,thumb_01_l,21.166608810424805,21.166608810424805,21.166608810424805,1
71,thigh_l,20.994014739990234,20.994014739990234,20.994014739990234,1
32,calf_l,20.950332641601562,20.950332641601562,20.950332641601562,1
14,foot_l,20.893165588378906,20.893165588378906,20.893165588378906,1
33,calf_l,20.79926872253418,20.79926872253418,20.79926872253418,1
24,calf_l,20.785070419311523,20.785070419311523,20.785070419311523,1
46,thigh_r,20.596176147460938,20.596176147460938,20.596176147460938,1
34,calf_l,20.557235717773438,20.557235717773438,20.557235717773438,1
43,thumb_01_l,20.545724868774414,20.545724868774414,20.545724868774414,1
35,calf_l,20.537914276123047,20.537914276123047,20.537914276123047,1
60,calf_r,20.52229118347168,20.52229118347168,20.52229118347168,1
55,calf_r,20.488304138183594,20.488304138183594,20.488304138183594,1
6,thigh_l,20.474742889404297,20.474742889404297,20.474742889404297,1
36,calf_l,20.451000213623047,20.451000213623047,20.451000213623047,1
38,calf_l,20.386491775512695,20.386491775512695,20.386491775512695,1
47,thigh_r,20.308454513549805,20.308454513549805,20.308454513549805,1
39,calf_l,20.306692123413086,20.306692123413086,20.306692123413086,1
48,ball_r,20.29353904724121,20.29353904724121,20.29353904724121,1
37,calf_l,20.284727096557617,20.284727096557617,20.284727096557617,1
40,calf_l,20.279821395874023,20.279821395874023,20.279821395874023,1
45,thigh_r,20.205490112304688,20.205490112304688,20.205490112304688,1
7,thumb_01_l,20.036897659301758,20.036897659301758,20.036897659301758,1
41,calf_l,19.78538703918457,19.78538703918457,19.78538703918457,1
48,thigh_r,19.66704559326172,19.66704559326172,19.66704559326172,1
5,thumb_01_l,19.489778518676758,19.489778518676758,19.489778518676758,1
2,calf_r,19.48863983154297,19.48863983154297,19.48863983154297,1
61,calf_r,19.43223762512207,19.43223762512207,19.43223762512207,1
44,thigh_r,19.42376708984375,19.42376708984375,19.42376708984375,1
6,thumb_01_l,19.357406616210938,19.357406616210938,19.357406616210938,1
75,calf_l,19.284015655517578,19.284015655517578,19.284015655517578,1
77,calf_l,19.27912139892578,19.27912139892578,19.27912139892578,1
70,thigh_l,19.233381271362305,19.233381271362305,19.233381271362305,1
54,calf_r,19.21346664428711,19.21346664428711,19.21346664428711,1
73,calf_l,19.139501571655273,19.139501571655273,19.139501571655273,1
7,thigh_l,19.107643127441406,19.107643127441406,19.107643127441406,1
76,calf_l,19.060060501098633,19.060060501098633,19.060060501098633,1
74,calf_l,19.004709243774414,19.004709243774414,19.004709243774414,1
49,ball_r,18.996326446533203,18.996326446533203,18.996326446533203,1
71,calf_l,18.96888542175293,18.96888542175293,18.96888542175293,1
72,calf_l,18.959936141967773,18.959936141967773,18.959936141967773,1
44,thumb_01_l,18.95531463623047,18.95531463623047,18.95531463623047,1
4,thumb_01_l,18.942441940307617,18.942441940307617,18.942441940307617,1
49,thigh_r,18.765777587890625,18.765777587890625,18.765777587890625,1
78,calf_l,18.739089965820312,18.739089965820312,18.739089965820312,1
47,ball_r,18.70718765258789,18.70718765258789,18.70718765258789,1
9,foot_l,18.60896110534668,18.60896110534668,18.60896110534668,1
84,lowerarm_l,18.250919342041016,18.250919342041016,18.250919342041016,1
79,calf_l,18.2115478515625,18.2115478515625,18.2115478515625,1
8,thigh_l,18.203466415405273,18.203466415405273,18.203466415405273,1
43,thigh_r,18.194700241088867,18.194700241088867,18.194700241088867,1
83,lowerarm_l,18.177488327026367,18.177488327026367,18.177488327026367,1
82,lowerarm_l,18.02562713623047,18.02562713623047,18.02562713623047,1
85,lowerarm_l,18.002723693847656,18.002723693847656,18.002723693847656,1
69,thigh_l,17.989402770996094,17.989402770996094,17.989402770996094,1
80,calf_l,17.837846755981445,17.837846755981445,17.837846755981445,1
9,calf_l,17.82004165649414,17.82004165649414,17.82004165649414,1
81,lowerarm_l,17.776718139648438,17.776718139648438,17.776718139648438,1
62,calf_r,17.746259689331055,17.746259689331055,17.746259689331055,1
3,thumb_01_l,17.73578643798828,17.73578643798828,17.73578643798828,1
45,thumb_01_l,17.71438217163086,17.71438217163086,17.71438217163086,1
50,thigh_r,17.581012725830078,17.581012725830078,17.581012725830078,1
81,calf_l,17.517780303955078,17.517780303955078,17.517780303955078,1
72,calf_r,17.440345764160156,17.440345764160156,17.440345764160156,1
42,thigh_r,17.425689697265625,17.425689697265625,17.425689697265625,1
80,lowerarm_l,17.402204513549805,17.402204513549805,17.402204513549805,1
13,upperarm_r,17.358991622924805,17.358991622924805,17.358991622924805,1
53,calf_r,17.349428176879883,17.349428176879883,17.349428176879883,1
15,foot_l,17.335041046142578,17.335041046142578,17.335041046142578,1
42,calf_l,17.153718948364258,17.153718948364258,17.153718948364258,1
68,thigh_l,17.098817825317383,17.098817825317383,17.098817825317383,1
15,upperarm_r,17.02342987060547,17.02342987060547,17.02342987060547,1
82,calf_l,17.02054786682129,17.02054786682129,17.02054786682129,1
1,thumb_01_l,16.980003356933594,16.980003356933594,16.980003356933594,1
84,calf_l,16.979909896850586,16.979909896850586,16.979909896850586,1
79,lowerarm_l,16.92164421081543,16.92164421081543,16.92164421081543,1
9,thigh_l,16.857789993286133,16.857789993286133,16.857789993286133,1
2,thumb_01_l,16.823455810546875,16.823455810546875,16.823455810546875,1
12,upperarm_r,16.78342628479004,16.78342628479004,16.78342628479004,1
11,upperarm_r,16.755451202392578,16.755451202392578,16.755451202392578,1
83,calf_l,16.68081283569336,16.68081283569336,16.68081283569336,1
8,foot_l,16.5965576171875,16.5965576171875,16.5965576171875,1
41,thigh_r,16.58148765563965,16.58148765563965,16.58148765563965,1
31,calf_l,16.540863037109375,16.540863037109375,16.540863037109375,1
16,upperarm_r,16.534833908081055,16.534833908081055,16.534833908081055,1
51,thigh_r,16.497949600219727,16.497949600219727,16.497949600219727,1
17,upperarm_r,16.44367790222168,16.44367790222168,16.44367790222168,1
14,upperarm_r,16.43258285522461,16.43258285522461,16.43258285522461,1
77,upperarm_r,16.394845962524414,16.394845962524414,16.394845962524414,1
25,calf_l,16.38776206970215,16.38776206970215,16.38776206970215,1
10,upperarm_r,16.35007667541504,16.35007667541504,16.35007667541504,1
9,upperarm_r,16.33915138244629,16.33915138244629,16.33915138244629,1
46,thumb_01_l,16.315401077270508,16.315401077270508,16.315401077270508,1
35,upperarm_l,16.30960464477539,16.30960464477539,16.30960464477539,1
70,calf_l,16.295259475708008,16.295259475708008,16.295259475708008,1
8,upperarm_r,16.292064666748047,16.292064666748047,16.292064666748047,1
74,upperarm_r,16.28526496887207,16.28526496887207,16.28526496887207,1
19,RUpArmTwist_r_01,16.278833389282227,16.278833389282227,16.278833389282227,1
76,upperarm_r,16.27471923828125,16.27471923828125,16.27471923828125,1
78,lowerarm_l,16.263521194458008,16.263521194458008,16.263521194458008,1
34,upperarm_l,16.259246826171875,16.259246826171875,16.259246826171875,1
67,thigh_l,16.209257125854492,16.209257125854492,16.209257125854492,1
19,upperarm_r,16.208919525146484,16.208919525146484,16.208919525146484,1
78,upperarm_r,16.191246032714844,16.191246032714844,16.191246032714844,1
33,upperarm_l,16.17565155029297,16.17565155029297,16.17565155029297,1
36,upperarm_l,16.158248901367188,16.158248901367188,16.158248901367188,1
18,upperarm_r,16.133380889892578,16.133380889892578,16.133380889892578,1
69,hand_r,16.131216049194336,16.131216049194336,16.131216049194336,1
0,lowerarm_l,16.079299926757812,16.079299926757812,16.079299926757812,1
40,thigh_r,16.075170516967773,16.075170516967773,16.075170516967773,1
18,RUpArmTwist_r_01,16.064891815185547,16.064891815185547,16.064891815185547,1
71,hand_r,16.038616180419922,16.038616180419922,16.038616180419922,1
17,RUpArmTwist_r_01,16.024784088134766,16.024784088134766,16.024784088134766,1
20,RUpArmTwist_r_01,16.01959800720215,16.01959800720215,16.01959800720215,1
37,upperarm_l,16.01326560974121,16.01326560974121,16.01326560974121,1
32,upperarm_l,16.0075740814209,16.0075740814209,16.0075740814209,1
0,thumb_01_l,16.00168800354004,16.00168800354004,16.00168800354004,1
26,upperarm_l,15.993552207946777,15.993552207946777,15.993552207946777,1
74,hand_r,15.988207817077637,15.988207817077637,15.988207817077637,1
70,hand_r,15.988091468811035,15.988091468811035,15.988091468811035,1
10,thigh_l,15.974583625793457,15.974583625793457,15.974583625793457,1
79,upperarm_r,15.970380783081055,15.970380783081055,15.970380783081055,1
25,upperarm_l,15.959517478942871,15.959517478942871,15.959517478942871,1
46,ball_r,15.920248985290527,15.920248985290527,15.920248985290527,1
76,hand_r,15.916690826416016,15.916690826416016,15.916690826416016,1
68,hand_r,15.912487983703613,15.912487983703613,15.912487983703613,1
24,upperarm_l,15.901313781738281,15.901313781738281,15.901313781738281,1
72,hand_r,15.872663497924805,15.872663497924805,15.872663497924805,1
15,RUpArmTwist_r_01,15.871512413024902,15.871512413024902,15.871512413024902,1
75,hand_r,15.869160652160645,15.869160652160645,15.869160652160645,1
20,upperarm_r,15.855177879333496,15.855177879333496,15.855177879333496,1
16,RUpArmTwist_r_01,15.85091781616211,15.85091781616211,15.85091781616211,1
75,upperarm_r,15.842096328735352,15.842096328735352,15.842096328735352,1
77,hand_r,15.823352813720703,15.823352813720703,15.823352813720703,1
73,hand_r,15.81617259979248,15.81617259979248,15.81617259979248,1
5,upperarm_r,15.81112289428711,15.81112289428711,15.81112289428711,1
3,calf_r,15.808430671691895,15.808430671691895,15.808430671691895,1
31,upperarm_l,15.789376258850098,15.789376258850098,15.789376258850098,1
47,thumb_01_l,15.774150848388672,15.774150848388672,15.774150848388672,1
73,upperarm_r,15.769129753112793,15.769129753112793,15.769129753112793,1
81,hand_r,15.762526512145996,15.762526512145996,15.762526512145996,1
27,upperarm_l,15.762161254882812,15.762161254882812,15.762161254882812,1
63,calf_r,15.746220588684082,15.746220588684082,15.746220588684082,1
80,upperarm_r,15.744677543640137,15.744677543640137,15.744677543640137,1
78,hand_r,15.743815422058105,15.743815422058105,15.743815422058105,1
7,ball_l,15.728344917297363,15.728344917297363,15.728344917297363,1
1,upperarm_r,15.722575187683105,15.722575187683105,15.722575187683105,1
79,hand_r,15.691915512084961,15.691915512084961,15.691915512084961,1
28,upperarm_l,15.682639122009277,15.682639122009277,15.682639122009277,1
23,upperarm_l,15.672258377075195,15.672258377075195,15.672258377075195,1
67,hand_r,15.669456481933594,15.669456481933594,15.669456481933594,1
38,upperarm_l,15.663256645202637,15.663256645202637,15.663256645202637,1
66,hand_r,15.6597900390625,15.6597900390625,15.6597900390625,1
29,upperarm_l,15.641290664672852,15.641290664672852,15.641290664672852,1
39,thigh_r,15.616966247558594,15.616966247558594,15.616966247558594,1
73,upperarm_l,15.599211692810059,15.599211692810059,15.599211692810059,1
72,upperarm_l,15.597471237182617,15.597471237182617,15.597471237182617,1
30,upperarm_l,15.5858154296875,15.5858154296875,15.5858154296875,1
80,hand_r,15.58220386505127,15.58220386505127,15.58220386505127,1
72,upperarm_r,15.579239845275879,15.579239845275879,15.579239845275879,1
3,upperarm_r,15.572461128234863,15.572461128234863,15.572461128234863,1
82,hand_r,15.562420845031738,15.562420845031738,15.562420845031738,1
6,upperarm_r,15.557849884033203,15.557849884033203,15.557849884033203,1
71,upperarm_l,15.539617538452148,15.539617538452148,15.539617538452148,1
39,upperarm_l,15.521227836608887,15.521227836608887,15.521227836608887,1
66,thigh_l,15.517685890197754,15.517685890197754,15.517685890197754,1
77,lowerarm_l,15.496780395507812,15.496780395507812,15.496780395507812,1
47,lowerarm_l,15.496671676635742,15.496671676635742,15.496671676635742,1
7,upperarm_r,15.484880447387695,15.484880447387695,15.484880447387695,1
46,lowerarm_l,15.484708786010742,15.484708786010742,15.484708786010742,1
48,lowerarm_l,15.484411239624023,15.484411239624023,15.484411239624023,1
22,RUpArmTwist_r_01,15.451614379882812,15.451614379882812,15.451614379882812,1
70,upperarm_l,15.416873931884766,15.416873931884766,15.416873931884766,1
21,RUpArmTwist_r_01,15.404224395751953,15.404224395751953,15.404224395751953,1
74,upperarm_l,15.39957046508789,15.39957046508789,15.39957046508789,1
65,hand_r,15.385210990905762,15.385210990905762,15.385210990905762,1
50,ball_r,15.376408576965332,15.376408576965332,15.376408576965332,1
40,upperarm_l,15.3660888671875,15.3660888671875,15.3660888671875,1
7,foot_l,15.3463134765625,15.3463134765625,15.3463134765625,1
81,upperarm_r,15.332355499267578,15.332355499267578,15.332355499267578,1
13,RUpArmTwist_r_01,15.312164306640625,15.312164306640625,15.312164306640625,1
64,hand_r,15.29784107208252,15.29784107208252,15.29784107208252,1
63,hand_r,15.296869277954102,15.296869277954102,15.296869277954102,1
52,thigh_r,15.197229385375977,15.197229385375977,15.197229385375977,1
71,upperarm_r,15.191736221313477,15.191736221313477,15.191736221313477,1
41,upperarm_l,15.166925430297852,15.166925430297852,15.166925430297852,1
22,upperarm_l,15.163858413696289,15.163858413696289,15.163858413696289,1
84,hand_r,15.159649848937988,15.159649848937988,15.159649848937988,1
38,thigh_r,15.140007972717285,15.140007972717285,15.140007972717285,1
85,calf_l,15.119131088256836,15.119131088256836,15.119131088256836,1
22,upperarm_r,15.116344451904297,15.116344451904297,15.116344451904297,1
1,lowerarm_l,15.103971481323242,15.103971481323242,15.103971481323242,1
14,RUpArmTwist_r_01,15.085617065429688,15.085617065429688,15.085617065429688,1
69,upperarm_l,15.084625244140625,15.084625244140625,15.084625244140625,1
84,thumb_01_l,15.077823638916016,15.077823638916016,15.077823638916016,1
48,thumb_01_l,15.077166557312012,15.077166557312012,15.077166557312012,1
62,hand_r,15.062335014343262,15.062335014343262,15.062335014343262,1
61,hand_r,15.057266235351562,15.057266235351562,15.057266235351562,1
0,upperarm_r,15.026199340820312,15.026199340820312,15.026199340820312,1
83,hand_r,15.017494201660156,15.017494201660156,15.017494201660156,1
75,upperarm_l,15.016489028930664,15.016489028930664,15.016489028930664,1
37,thigh_r,15.009115219116211,15.009115219116211,15.009115219116211,1
2,hand_r,14.992050170898438,14.992050170898438,14.992050170898438,1
21,upperarm_r,14.987675666809082,14.987675666809082,14.987675666809082,1
82,upperarm_r,14.98219108581543,14.98219108581543,14.98219108581543,1
85,thumb_01_l,14.968706130981445,14.968706130981445,14.968706130981445,1
49,lowerarm_l,14.948282241821289,14.948282241821289,14.948282241821289,1
49,thumb_01_l,14.906913757324219,14.906913757324219,14.906913757324219,1
42,upperarm_l,14.902079582214355,14.902079582214355,14.902079582214355,1
83,thumb_01_l,14.9006929397583,14.9006929397583,14.9006929397583,1
23,RUpArmTwist_r_01,14.857983589172363,14.857983589172363,14.857983589172363,1
82,thumb_01_l,14.82612419128418,14.82612419128418,14.82612419128418,1
83,upperarm_r,14.818778991699219,14.818778991699219,14.818778991699219,1
65,thigh_l,14.812851905822754,14.812851905822754,14.812851905822754,1
81,thumb_01_l,14.803231239318848,14.803231239318848,14.803231239318848,1
85,hand_r,14.767902374267578,14.767902374267578,14.767902374267578,1
52,calf_r,14.75927734375,14.75927734375,14.75927734375,1
76,upperarm_l,14.753090858459473,14.753090858459473,14.753090858459473,1
50,thumb_01_l,14.737814903259277,14.737814903259277,14.737814903259277,1
80,thumb_01_l,14.728055000305176,14.728055000305176,14.728055000305176,1
4,upperarm_r,14.702252388000488,14.702252388000488,14.702252388000488,1
79,thumb_01_l,14.702099800109863,14.702099800109863,14.702099800109863,1
70,upperarm_r,14.697160720825195,14.697160720825195,14.697160720825195,1
4,hand_r,14.694934844970703,14.694934844970703,14.694934844970703,1
77,thumb_01_l,14.676246643066406,14.676246643066406,14.676246643066406,1
75,thumb_01_l,14.66614055633545,14.66614055633545,14.66614055633545,1
45,lowerarm_l,14.663426399230957,14.663426399230957,14.663426399230957,1
78,thumb_01_l,14.658331871032715,14.658331871032715,14.658331871032715,1
16,foot_l,14.65551471710205,14.65551471710205,14.65551471710205,1
51,thumb_01_l,14.62989330291748,14.62989330291748,14.62989330291748,1
76,thumb_01_l,14.623944282531738,14.623944282531738,14.623944282531738,1
73,thumb_01_l,14.623424530029297,14.623424530029297,14.623424530029297,1
43,upperarm_l,14.61925983428955,14.61925983428955,14.61925983428955,1
21,upperarm_l,14.615245819091797,14.615245819091797,14.615245819091797,1
60,thumb_01_l,14.608490943908691,14.608490943908691,14.608490943908691,1
74,thumb_01_l,14.608113288879395,14.608113288879395,14.608113288879395,1
56,thumb_01_l,14.607022285461426,14.607022285461426,14.607022285461426,1
59,thumb_01_l,14.605772018432617,14.605772018432617,14.605772018432617,1
61,thumb_01_l,14.605566024780273,14.605566024780273,14.605566024780273,1
58,thumb_01_l,14.604985237121582,14.604985237121582,14.604985237121582,1
59,hand_r,14.603771209716797,14.603771209716797,14.603771209716797,1
57,thumb_01_l,14.602592468261719,14.602592468261719,14.602592468261719,1
55,thumb_01_l,14.602209091186523,14.602209091186523,14.602209091186523,1
62,thumb_01_l,14.602065086364746,14.602065086364746,14.602065086364746,1
72,thumb_01_l,14.60204792022705,14.60204792022705,14.60204792022705,1
63,thumb_01_l,14.601988792419434,14.601988792419434,14.601988792419434,1
65,thumb_01_l,14.600716590881348,14.600716590881348,14.600716590881348,1
52,thumb_01_l,14.597522735595703,14.597522735595703,14.597522735595703,1
54,thumb_01_l,14.597204208374023,14.597204208374023,14.597204208374023,1
69,thumb_01_l,14.59621524810791,14.59621524810791,14.59621524810791,1
68,thumb_01_l,14.596148490905762,14.596148490905762,14.596148490905762,1
64,thumb_01_l,14.596100807189941,14.596100807189941,14.596100807189941,1
2,upperarm_r,14.59534740447998,14.59534740447998,14.59534740447998,1
70,thumb_01_l,14.593853950500488,14.593853950500488,14.593853950500488,1
66,thumb_01_l,14.59377670288086,14.59377670288086,14.59377670288086,1
67,thumb_01_l,14.593225479125977,14.593225479125977,14.593225479125977,1
71,thumb_01_l,14.59321117401123,14.59321117401123,14.59321117401123,1
53,thumb_01_l,14.58756160736084,14.58756160736084,14.58756160736084,1
50,lowerarm_l,14.534096717834473,14.534096717834473,14.534096717834473,1
69,calf_l,14.512975692749023,14.512975692749023,14.512975692749023,1
77,upperarm_l,14.511896133422852,14.511896133422852,14.511896133422852,1
68,upperarm_l,14.503663063049316,14.503663063049316,14.503663063049316,1
12,RUpArmTwist_r_01,14.503296852111816,14.503296852111816,14.503296852111816,1
6,ball_l,14.491402626037598,14.491402626037598,14.491402626037598,1
60,hand_r,14.479763984680176,14.479763984680176,14.479763984680176,1
76,lowerarm_l,14.458534240722656,14.458534240722656,14.458534240722656,1
84,upperarm_r,14.438080787658691,14.438080787658691,14.438080787658691,1
58,hand_r,14.394144058227539,14.394144058227539,14.394144058227539,1
78,upperarm_l,14.393351554870605,14.393351554870605,14.393351554870605,1
23,upperarm_r,14.348566055297852,14.348566055297852,14.348566055297852,1
44,upperarm_l,14.311960220336914,14.311960220336914,14.311960220336914,1
36,thigh_r,14.271355628967285,14.271355628967285,14.271355628967285,1
53,foot_r,14.252204895019531,14.252204895019531,14.252204895019531,1
0,hand_r,14.247228622436523,14.247228622436523,14.247228622436523,1
53,thigh_r,14.244613647460938,14.244613647460938,14.244613647460938,1
69,upperarm_r,14.213988304138184,14.213988304138184,14.213988304138184,1
11,RUpArmTwist_r_01,14.166136741638184,14.166136741638184,14.166136741638184,1
11,thigh_l,14.131896018981934,14.131896018981934,14.131896018981934,1
51,lowerarm_l,14.11762523651123,14.11762523651123,14.11762523651123,1
44,lowerarm_l,14.095667839050293,14.095667839050293,14.095667839050293,1
79,upperarm_l,14.086774826049805,14.086774826049805,14.086774826049805,1
85,upperarm_r,14.08338451385498,14.08338451385498,14.08338451385498,1
57,hand_r,14.027963638305664,14.027963638305664,14.027963638305664,1
67,upperarm_l,14.025150299072266,14.025150299072266,14.025150299072266,1
68,upperarm_r,14.004310607910156,14.004310607910156,14.004310607910156,1
43,calf_l,14.00368595123291,14.00368595123291,14.00368595123291,1
1,hand_r,13.984579086303711,13.984579086303711,13.984579086303711,1
64,thigh_l,13.967865943908691,13.967865943908691,13.967865943908691,1
59,upperarm_l,13.966559410095215,13.966559410095215,13.966559410095215,1
24,RUpArmTwist_r_01,13.853365898132324,13.853365898132324,13.853365898132324,1
6,foot_l,13.846866607666016,13.846866607666016,13.846866607666016,1
58,upperarm_l,13.841952323913574,13.841952323913574,13.841952323913574,1
37,foot_r,13.841144561767578,13.841144561767578,13.841144561767578,1
47,upperarm_l,13.84019660949707,13.84019660949707,13.84019660949707,1
54,thigh_r,13.838976860046387,13.838976860046387,13.838976860046387,1
35,thigh_r,13.830954551696777,13.830954551696777,13.830954551696777,1
38,foot_r,13.813111305236816,13.813111305236816,13.813111305236816,1
56,hand_r,13.810447692871094,13.810447692871094,13.810447692871094,1
39,foot_r,13.768333435058594,13.768333435058594,13.768333435058594,1
45,upperarm_l,13.767308235168457,13.767308235168457,13.767308235168457,1
80,upperarm_l,13.758587837219238,13.758587837219238,13.758587837219238,1
48,upperarm_l,13.75522232055664,13.75522232055664,13.75522232055664,1
20,upperarm_l,13.744584083557129,13.744584083557129,13.744584083557129,1
46,upperarm_l,13.703946113586426,13.703946113586426,13.703946113586426,1
52,lowerarm_l,13.675729751586914,13.675729751586914,13.675729751586914,1
36,foot_r,13.67150592803955,13.67150592803955,13.67150592803955,1
3,hand_r,13.666975021362305,13.666975021362305,13.666975021362305,1
25,RUpArmTwist_r_01,13.625245094299316,13.625245094299316,13.625245094299316,1
67,upperarm_r,13.586793899536133,13.586793899536133,13.586793899536133,1
40,foot_r,13.570237159729004,13.570237159729004,13.570237159729004,1
60,upperarm_l,13.565450668334961,13.565450668334961,13.565450668334961,1
10,RUpArmTwist_r_01,13.536091804504395,13.536091804504395,13.536091804504395,1
34,thigh_r,13.534074783325195,13.534074783325195,13.534074783325195,1
66,upperarm_l,13.499439239501953,13.499439239501953,13.499439239501953,1
68,calf_l,13.489907264709473,13.489907264709473,13.489907264709473,1
55,hand_r,13.456570625305176,13.456570625305176,13.456570625305176,1
64,calf_r,13.448677062988281,13.448677062988281,13.448677062988281,1
57,upperarm_l,13.4423828125,13.4423828125,13.4423828125,1
56,thigh_r,13.419393539428711,13.419393539428711,13.419393539428711,1
49,upperarm_l,13.412458419799805,13.412458419799805,13.412458419799805,1
35,foot_r,13.411863327026367,13.411863327026367,13.411863327026367,1
55,thigh_r,13.39976978302002,13.39976978302002,13.39976978302002,1
75,lowerarm_l,13.371833801269531,13.371833801269531,13.371833801269531,1
41,foot_r,13.36754035949707,13.36754035949707,13.36754035949707,1
81,upperarm_l,13.35397720336914,13.35397720336914,13.35397720336914,1
53,lowerarm_l,13.3251371383667,13.3251371383667,13.3251371383667,1
39,RUpArmTwist_r_01,13.315260887145996,13.315260887145996,13.315260887145996,1
19,upperarm_l,13.309870719909668,13.309870719909668,13.309870719909668,1
2,lowerarm_l,13.308182716369629,13.308182716369629,13.308182716369629,1
5,hand_r,13.297175407409668,13.297175407409668,13.297175407409668,1
63,thigh_l,13.295291900634766,13.295291900634766,13.295291900634766,1
54,hand_r,13.2903470993042,13.2903470993042,13.2903470993042,1
61,upperarm_l,13.262514114379883,13.262514114379883,13.262514114379883,1
65,upperarm_l,13.247101783752441,13.247101783752441,13.247101783752441,1
26,hand_r,13.228317260742188,13.228317260742188,13.228317260742188,1
66,upperarm_r,13.200920104980469,13.200920104980469,13.200920104980469,1
53,hand_r,13.162138938903809,13.162138938903809,13.162138938903809,1
26,RUpArmTwist_r_01,13.156254768371582,13.156254768371582,13.156254768371582,1
71,calf_r,13.133495330810547,13.133495330810547,13.133495330810547,1
8,ball_l,13.127900123596191,13.127900123596191,13.127900123596191,1
27,RUpArmTwist_r_01,13.124235153198242,13.124235153198242,13.124235153198242,1
42,foot_r,13.11471939086914,13.11471939086914,13.11471939086914,1
54,lowerarm_l,13.101911544799805,13.101911544799805,13.101911544799805,1
62,upperarm_l,13.10143756866455,13.10143756866455,13.10143756866455,1
28,RUpArmTwist_r_01,13.092811584472656,13.092811584472656,13.092811584472656,1
63,upperarm_l,13.088470458984375,13.088470458984375,13.088470458984375,1
24,upperarm_r,13.074016571044922,13.074016571044922,13.074016571044922,1
7,hand_r,13.071660995483398,13.071660995483398,13.071660995483398,1
52,hand_r,13.067769050598145,13.067769050598145,13.067769050598145,1
34,foot_r,13.067227363586426,13.067227363586426,13.067227363586426,1
64,upperarm_l,13.061766624450684,13.061766624450684,13.061766624450684,1
6,hand_r,13.046252250671387,13.046252250671387,13.046252250671387,1
8,calf_l,13.045941352844238,13.045941352844238,13.045941352844238,1
50,upperarm_l,13.032426834106445,13.032426834106445,13.032426834106445,1
43,lowerarm_l,13.02204418182373,13.02204418182373,13.02204418182373,1
29,RUpArmTwist_r_01,13.006915092468262,13.006915092468262,13.006915092468262,1
30,RUpArmTwist_r_01,12.968058586120605,12.968058586120605,12.968058586120605,1
10,hand_r,12.964426040649414,12.964426040649414,12.964426040649414,1
38,RUpArmTwist_r_01,12.963606834411621,12.963606834411621,12.963606834411621,1
33,thigh_r,12.944894790649414,12.944894790649414,12.944894790649414,1
11,hand_r,12.938355445861816,12.938355445861816,12.938355445861816,1
51,hand_r,12.906753540039062,12.906753540039062,12.906753540039062,1
37,RUpArmTwist_r_01,12.874893188476562,12.874893188476562,12.874893188476562,1
52,foot_r,12.86868953704834,12.86868953704834,12.86868953704834,1
17,foot_l,12.86517333984375,12.86517333984375,12.86517333984375,1
9,hand_r,12.859114646911621,12.859114646911621,12.859114646911621,1
51,upperarm_l,12.842570304870605,12.842570304870605,12.842570304870605,1
18,upperarm_l,12.842357635498047,12.842357635498047,12.842357635498047,1
34,RUpArmTwist_r_01,12.83073616027832,12.83073616027832,12.83073616027832,1
40,RUpArmTwist_r_01,12.820115089416504,12.820115089416504,12.820115089416504,1
50,hand_r,12.818730354309082,12.818730354309082,12.818730354309082,1
57,thigh_r,12.805006980895996,12.805006980895996,12.805006980895996,1
35,RUpArmTwist_r_01,12.799016952514648,12.799016952514648,12.799016952514648,1
24,hand_r,12.793798446655273,12.793798446655273,12.793798446655273,1
32,RUpArmTwist_r_01,12.78074836730957,12.78074836730957,12.78074836730957,1
82,upperarm_l,12.77148151397705,12.77148151397705,12.77148151397705,1
31,RUpArmTwist_r_01,12.768231391906738,12.768231391906738,12.768231391906738,1
12,thigh_l,12.763851165771484,12.763851165771484,12.763851165771484,1
56,upperarm_l,12.760123252868652,12.760123252868652,12.760123252868652,1
9,RUpArmTwist_r_01,12.753605842590332,12.753605842590332,12.753605842590332,1
36,RUpArmTwist_r_01,12.751935005187988,12.751935005187988,12.751935005187988,1
65,upperarm_r,12.74905014038086,12.74905014038086,12.74905014038086,1
25,upperarm_r,12.743856430053711,12.743856430053711,12.743856430053711,1
42,lowerarm_l,12.728403091430664,12.728403091430664,12.728403091430664,1
12,hand_r,12.69884967803955,12.69884967803955,12.69884967803955,1
8,hand_r,12.692997932434082,12.692997932434082,12.692997932434082,1
33,foot_r,12.66034984588623,12.66034984588623,12.66034984588623,1
42,RUpArmTwist_r_01,12.636320114135742,12.636320114135742,12.636320114135742,1
33,RUpArmTwist_r_01,12.634918212890625,12.634918212890625,12.634918212890625,1
5,foot_l,12.613212585449219,12.613212585449219,12.613212585449219,1
25,hand_r,12.600027084350586,12.600027084350586,12.600027084350586,1
55,lowerarm_l,12.589616775512695,12.589616775512695,12.589616775512695,1
49,hand_r,12.57849407196045,12.57849407196045,12.57849407196045,1
67,calf_l,12.56584644317627,12.56584644317627,12.56584644317627,1
41,RUpArmTwist_r_01,12.547220230102539,12.547220230102539,12.547220230102539,1
4,foot_l,12.53420639038086,12.53420639038086,12.53420639038086,1
48,hand_r,12.504754066467285,12.504754066467285,12.504754066467285,1
43,RUpArmTwist_r_01,12.475054740905762,12.475054740905762,12.475054740905762,1
30,hand_r,12.472689628601074,12.472689628601074,12.472689628601074,1
28,hand_r,12.472661018371582,12.472661018371582,12.472661018371582,1
34,lowerarm_l,12.4690523147583,12.4690523147583,12.4690523147583,1
43,foot_r,12.463199615478516,12.463199615478516,12.463199615478516,1
56,lowerarm_l,12.451780319213867,12.451780319213867,12.451780319213867,1
32,thigh_r,12.429139137268066,12.429139137268066,12.429139137268066,1
5,ball_l,12.419293403625488,12.419293403625488,12.419293403625488,1
32,lowerarm_l,12.39431381225586,12.39431381225586,12.39431381225586,1
37,lowerarm_l,12.39023494720459,12.39023494720459,12.39023494720459,1
30,lowerarm_l,12.368769645690918,12.368769645690918,12.368769645690918,1
55,upperarm_l,12.366496086120605,12.366496086120605,12.366496086120605,1
17,upperarm_l,12.34875774383545,12.34875774383545,12.34875774383545,1
62,thigh_l,12.272196769714355,12.272196769714355,12.272196769714355,1
52,upperarm_l,12.268779754638672,12.268779754638672,12.268779754638672,1
32,foot_r,12.247056007385254,12.247056007385254,12.247056007385254,1
4,calf_r,12.243707656860352,12.243707656860352,12.243707656860352,1
29,hand_r,12.217164039611816,12.217164039611816,12.217164039611816,1
83,upperarm_l,12.214775085449219,12.214775085449219,12.214775085449219,1
45,ball_r,12.212626457214355,12.212626457214355,12.212626457214355,1
39,lowerarm_l,12.200592041015625,12.200592041015625,12.200592041015625,1
37,thigh_l,12.200173377990723,12.200173377990723,12.200173377990723,1
64,upperarm_r,12.19910717010498,12.19910717010498,12.19910717010498,1
33,lowerarm_l,12.1896333694458,12.1896333694458,12.1896333694458,1
47,hand_r,12.186144828796387,12.186144828796387,12.186144828796387,1
14,hand_r,12.173213958740234,12.173213958740234,12.173213958740234,1
31,lowerarm_l,12.14708137512207,12.14708137512207,12.14708137512207,1
36,lowerarm_l,12.133028984069824,12.133028984069824,12.133028984069824,1
35,lowerarm_l,12.127386093139648,12.127386093139648,12.127386093139648,1
58,thigh_r,12.109796524047852,12.109796524047852,12.109796524047852,1
8,RUpArmTwist_r_01,12.107855796813965,12.107855796813965,12.107855796813965,1
41,lowerarm_l,12.099430084228516,12.099430084228516,12.099430084228516,1
74,lowerarm_l,12.091458320617676,12.091458320617676,12.091458320617676,1
54,foot_r,12.076498985290527,12.076498985290527,12.076498985290527,1
44,RUpArmTwist_r_01,12.061824798583984,12.061824798583984,12.061824798583984,1
38,lowerarm_l,12.046974182128906,12.046974182128906,12.046974182128906,1
26,upperarm_r,12.044504165649414,12.044504165649414,12.044504165649414,1
27,hand_r,12.043501853942871,12.043501853942871,12.043501853942871,1
40,lowerarm_l,12.022829055786133,12.022829055786133,12.022829055786133,1
16,upperarm_l,12.020153045654297,12.020153045654297,12.020153045654297,1
54,upperarm_l,11.99018669128418,11.99018669128418,11.99018669128418,1
0,calf_l,11.96186351776123,11.96186351776123,11.96186351776123,1
66,calf_l,11.952220916748047,11.952220916748047,11.952220916748047,1
3,lowerarm_l,11.923444747924805,11.923444747924805,11.923444747924805,1
53,upperarm_l,11.910958290100098,11.910958290100098,11.910958290100098,1
84,upperarm_l,11.894444465637207,11.894444465637207,11.894444465637207,1
3,foot_l,11.88850212097168,11.88850212097168,11.88850212097168,1
46,hand_r,11.824973106384277,11.824973106384277,11.824973106384277,1
27,upperarm_r,11.819592475891113,11.819592475891113,11.819592475891113,1
31,foot_r,11.787214279174805,11.787214279174805,11.787214279174805,1
59,thigh_r,11.776877403259277,11.776877403259277,11.776877403259277,1
68,RUpArmTwist_r_01,11.762396812438965,11.762396812438965,11.762396812438965,1
29,lowerarm_l,11.759913444519043,11.759913444519043,11.759913444519043,1
21,hand_r,11.759261131286621,11.759261131286621,11.759261131286621,1
34,hand_r,11.742803573608398,11.742803573608398,11.742803573608398,1
18,hand_r,11.718978881835938,11.718978881835938,11.718978881835938,1
41,hand_r,11.714258193969727,11.714258193969727,11.714258193969727,1
12,RUpArmTwist_l_01,11.703798294067383,11.703798294067383,11.703798294067383,1
4,ball_l,11.673935890197754,11.673935890197754,11.673935890197754,1
45,hand_r,11.669333457946777,11.669333457946777,11.669333457946777,1
67,RUpArmTwist_r_01,11.668893814086914,11.668893814086914,11.668893814086914,1
31,thigh_r,11.666008949279785,11.666008949279785,11.666008949279785,1
36,thigh_l,11.654314994812012,11.654314994812012,11.654314994812012,1
37,foot_l,11.639596939086914,11.639596939086914,11.639596939086914,1
45,RUpArmTwist_r_01,11.627306938171387,11.627306938171387,11.627306938171387,1
15,upperarm_l,11.622907638549805,11.622907638549805,11.622907638549805,1
63,upperarm_r,11.619898796081543,11.619898796081543,11.619898796081543,1
57,lowerarm_l,11.619213104248047,11.619213104248047,11.619213104248047,1
18,foot_l,11.614834785461426,11.614834785461426,11.614834785461426,1
69,RUpArmTwist_r_01,11.606828689575195,11.606828689575195,11.606828689575195,1
38,thigh_l,11.597015380859375,11.597015380859375,11.597015380859375,1
13,RUpArmTwist_l_01,11.591632843017578,11.591632843017578,11.591632843017578,1
70,RUpArmTwist_r_01,11.570125579833984,11.570125579833984,11.570125579833984,1
14,RUpArmTwist_l_01,11.56679916381836,11.56679916381836,11.56679916381836,1
40,hand_r,11.560592651367188,11.560592651367188,11.560592651367188,1
42,hand_r,11.538529396057129,11.538529396057129,11.538529396057129,1
43,hand_r,11.533332824707031,11.533332824707031,11.533332824707031,1
66,RUpArmTwist_r_01,11.533245086669922,11.533245086669922,11.533245086669922,1
71,RUpArmTwist_r_01,11.528035163879395,11.528035163879395,11.528035163879395,1
30,foot_r,11.524148941040039,11.524148941040039,11.524148941040039,1
44,foot_r,11.521750450134277,11.521750450134277,11.521750450134277,1
51,RUpArmTwist_r_01,11.50558853149414,11.50558853149414,11.50558853149414,1
32,hand_r,11.505167961120605,11.505167961120605,11.505167961120605,1
44,hand_r,11.502453804016113,11.502453804016113,11.502453804016113,1
28,upperarm_r,11.479056358337402,11.479056358337402,11.479056358337402,1
23,hand_r,11.465845108032227,11.465845108032227,11.465845108032227,1
28,lowerarm_l,11.452604293823242,11.452604293823242,11.452604293823242,1
49,RUpArmTwist_r_01,11.447171211242676,11.447171211242676,11.447171211242676,1
38,hand_r,11.430587768554688,11.430587768554688,11.430587768554688,1
46,thigh_l,11.429960250854492,11.429960250854492,11.429960250854492,1
17,hand_r,11.402304649353027,11.402304649353027,11.402304649353027,1
85,upperarm_l,11.399778366088867,11.399778366088867,11.399778366088867,1
61,thigh_l,11.38404369354248,11.38404369354248,11.38404369354248,1
72,RUpArmTwist_r_01,11.379061698913574,11.379061698913574,11.379061698913574,1
65,calf_l,11.36417293548584,11.36417293548584,11.36417293548584,1
65,RUpArmTwist_r_01,11.357810974121094,11.357810974121094,11.357810974121094,1
2,foot_l,11.354308128356934,11.354308128356934,11.354308128356934,1
45,thigh_l,11.34824275970459,11.34824275970459,11.34824275970459,1
26,calf_l,11.341924667358398,11.341924667358398,11.341924667358398,1
62,upperarm_r,11.341272354125977,11.341272354125977,11.341272354125977,1
50,RUpArmTwist_r_01,11.318917274475098,11.318917274475098,11.318917274475098,1
1,foot_l,11.310820579528809,11.310820579528809,11.310820579528809,1
36,foot_l,11.277885437011719,11.277885437011719,11.277885437011719,1
30,calf_l,11.267784118652344,11.267784118652344,11.267784118652344,1
37,hand_r,11.266505241394043,11.266505241394043,11.266505241394043,1
15,hand_r,11.266404151916504,11.266404151916504,11.266404151916504,1
36,hand_r,11.261055946350098,11.261055946350098,11.261055946350098,1
14,upperarm_l,11.259581565856934,11.259581565856934,11.259581565856934,1
20,hand_r,11.247488975524902,11.247488975524902,11.247488975524902,1
31,hand_r,11.245658874511719,11.245658874511719,11.245658874511719,1
52,RUpArmTwist_r_01,11.237741470336914,11.237741470336914,11.237741470336914,1
51,calf_r,11.23147201538086,11.23147201538086,11.23147201538086,1
16,hand_r,11.222949028015137,11.222949028015137,11.222949028015137,1
15,RUpArmTwist_l_01,11.211295127868652,11.211295127868652,11.211295127868652,1
39,hand_r,11.193167686462402,11.193167686462402,11.193167686462402,1
53,RUpArmTwist_r_01,11.168139457702637,11.168139457702637,11.168139457702637,1
7,RUpArmTwist_r_01,11.161588668823242,11.161588668823242,11.161588668823242,1
46,RUpArmTwist_r_01,11.132367134094238,11.132367134094238,11.132367134094238,1
56,RUpArmTwist_r_01,11.110006332397461,11.110006332397461,11.110006332397461,1
55,RUpArmTwist_r_01,11.107926368713379,11.107926368713379,11.107926368713379,1
47,RUpArmTwist_r_01,11.104565620422363,11.104565620422363,11.104565620422363,1
29,foot_r,11.103391647338867,11.103391647338867,11.103391647338867,1
35,thigh_l,11.100056648254395,11.100056648254395,11.100056648254395,1
19,hand_r,11.094983100891113,11.094983100891113,11.094983100891113,1
44,thigh_l,11.079841613769531,11.079841613769531,11.079841613769531,1
4,lowerarm_l,11.07190227508545,11.07190227508545,11.07190227508545,1
13,hand_r,11.046695709228516,11.046695709228516,11.046695709228516,1
22,hand_r,11.030742645263672,11.030742645263672,11.030742645263672,1
64,RUpArmTwist_r_01,11.019607543945312,11.019607543945312,11.019607543945312,1
30,thigh_r,11.0106201171875,11.0106201171875,11.0106201171875,1
23,RUpArmTwist_l_01,11.001019477844238,11.001019477844238,11.001019477844238,1
13,thigh_l,10.99138069152832,10.99138069152832,10.99138069152832,1
29,upperarm_r,10.988784790039062,10.988784790039062,10.988784790039062,1
16,RUpArmTwist_l_01,10.978423118591309,10.978423118591309,10.978423118591309,1
74,RUpArmTwist_r_01,10.969078063964844,10.969078063964844,10.969078063964844,1
33,hand_r,10.957691192626953,10.957691192626953,10.957691192626953,1
73,RUpArmTwist_r_01,10.94571590423584,10.94571590423584,10.94571590423584,1
54,RUpArmTwist_r_01,10.943870544433594,10.943870544433594,10.943870544433594,1
60,thigh_r,10.943081855773926,10.943081855773926,10.943081855773926,1
48,RUpArmTwist_r_01,10.941643714904785,10.941643714904785,10.941643714904785,1
35,hand_r,10.939739227294922,10.939739227294922,10.939739227294922,1
57,RUpArmTwist_r_01,10.931265830993652,10.931265830993652,10.931265830993652,1
11,RUpArmTwist_l_01,10.912242889404297,10.912242889404297,10.912242889404297,1
33,calf_r,10.903999328613281,10.903999328613281,10.903999328613281,1
27,lowerarm_l,10.896024703979492,10.896024703979492,10.896024703979492,1
34,calf_r,10.883461952209473,10.883461952209473,10.883461952209473,1
32,calf_r,10.88183307647705,10.88183307647705,10.88183307647705,1
6,RUpArmTwist_r_01,10.865408897399902,10.865408897399902,10.865408897399902,1
24,RUpArmTwist_l_01,10.864320755004883,10.864320755004883,10.864320755004883,1
22,RUpArmTwist_l_01,10.863285064697266,10.863285064697266,10.863285064697266,1
51,ball_r,10.823782920837402,10.823782920837402,10.823782920837402,1
28,foot_r,10.813291549682617,10.813291549682617,10.813291549682617,1
64,calf_l,10.795652389526367,10.795652389526367,10.795652389526367,1
73,lowerarm_l,10.780719757080078,10.780719757080078,10.780719757080078,1
35,calf_r,10.775206565856934,10.775206565856934,10.775206565856934,1
4,thigh_r,10.770404815673828,10.770404815673828,10.770404815673828,1
47,thigh_l,10.768954277038574,10.768954277038574,10.768954277038574,1
31,calf_r,10.767982482910156,10.767982482910156,10.767982482910156,1
63,RUpArmTwist_r_01,10.756563186645508,10.756563186645508,10.756563186645508,1
59,RUpArmTwist_r_01,10.755184173583984,10.755184173583984,10.755184173583984,1
9,ball_l,10.731220245361328,10.731220245361328,10.731220245361328,1
62,RUpArmTwist_r_01,10.712268829345703,10.712268829345703,10.712268829345703,1
30,upperarm_r,10.708720207214355,10.708720207214355,10.708720207214355,1
13,upperarm_l,10.679767608642578,10.679767608642578,10.679767608642578,1
65,calf_r,10.67368221282959,10.67368221282959,10.67368221282959,1
0,foot_l,10.672261238098145,10.672261238098145,10.672261238098145,1
39,thigh_l,10.66986083984375,10.66986083984375,10.66986083984375,1
61,upperarm_r,10.660280227661133,10.660280227661133,10.660280227661133,1
21,RUpArmTwist_l_01,10.646942138671875,10.646942138671875,10.646942138671875,1
58,RUpArmTwist_r_01,10.623058319091797,10.623058319091797,10.623058319091797,1
36,calf_r,10.602883338928223,10.602883338928223,10.602883338928223,1
17,RUpArmTwist_l_01,10.599552154541016,10.599552154541016,10.599552154541016,1
4,lowerarm_r,10.595355033874512,10.595355033874512,10.595355033874512,1
3,thigh_r,10.55539321899414,10.55539321899414,10.55539321899414,1
60,RUpArmTwist_r_01,10.518157005310059,10.518157005310059,10.518157005310059,1
3,lowerarm_r,10.516263008117676,10.516263008117676,10.516263008117676,1
5,lowerarm_r,10.510682106018066,10.510682106018066,10.510682106018066,1
27,foot_r,10.507689476013184,10.507689476013184,10.507689476013184,1
38,foot_l,10.50643253326416,10.50643253326416,10.50643253326416,1
5,RUpArmTwist_r_01,10.50308895111084,10.50308895111084,10.50308895111084,1
30,calf_r,10.500617027282715,10.500617027282715,10.500617027282715,1
44,calf_l,10.497899055480957,10.497899055480957,10.497899055480957,1
43,thigh_l,10.486978530883789,10.486978530883789,10.486978530883789,1
25,RUpArmTwist_l_01,10.486373901367188,10.486373901367188,10.486373901367188,1
61,RUpArmTwist_r_01,10.462543487548828,10.462543487548828,10.462543487548828,1
61,thigh_r,10.41561508178711,10.41561508178711,10.41561508178711,1
60,thigh_l,10.386418342590332,10.386418342590332,10.386418342590332,1
5,thigh_r,10.385210990905762,10.385210990905762,10.385210990905762,1
19,foot_l,10.381744384765625,10.381744384765625,10.381744384765625,1
18,RUpArmTwist_l_01,10.378101348876953,10.378101348876953,10.378101348876953,1
58,lowerarm_l,10.371965408325195,10.371965408325195,10.371965408325195,1
37,calf_r,10.369714736938477,10.369714736938477,10.369714736938477,1
51,foot_r,10.327557563781738,10.327557563781738,10.327557563781738,1
60,upperarm_r,10.312272071838379,10.312272071838379,10.312272071838379,1
19,RUpArmTwist_l_01,10.277111053466797,10.277111053466797,10.277111053466797,1
6,lowerarm_r,10.260011672973633,10.260011672973633,10.260011672973633,1
2,lowerarm_r,10.25710678100586,10.25710678100586,10.25710678100586,1
34,thigh_l,10.248632431030273,10.248632431030273,10.248632431030273,1
26,lowerarm_l,10.244155883789062,10.244155883789062,10.244155883789062,1
63,calf_l,10.243612289428711,10.243612289428711,10.243612289428711,1
20,RUpArmTwist_l_01,10.237004280090332,10.237004280090332,10.237004280090332,1
26,foot_r,10.208585739135742,10.208585739135742,10.208585739135742,1
29,calf_r,10.198657035827637,10.198657035827637,10.198657035827637,1
2,thigh_r,10.18412971496582,10.18412971496582,10.18412971496582,1
12,upperarm_l,10.150609016418457,10.150609016418457,10.150609016418457,1
42,thigh_l,10.142912864685059,10.142912864685059,10.142912864685059,1
39,upperarm_r,10.120993614196777,10.120993614196777,10.120993614196777,1
26,RUpArmTwist_l_01,10.090587615966797,10.090587615966797,10.090587615966797,1
29,thigh_r,10.085396766662598,10.085396766662598,10.085396766662598,1
75,RUpArmTwist_r_01,10.057745933532715,10.057745933532715,10.057745933532715,1
45,foot_l,10.050646781921387,10.050646781921387,10.050646781921387,1
48,thigh_l,10.010087013244629,10.010087013244629,10.010087013244629,1
1,calf_l,10.001001358032227,10.001001358032227,10.001001358032227,1
1,thigh_r,9.988199234008789,9.988199234008789,9.988199234008789,1
35,foot_l,9.980164527893066,9.980164527893066,9.980164527893066,1
62,thigh_r,9.973057746887207,9.973057746887207,9.973057746887207,1
45,foot_r,9.961419105529785,9.961419105529785,9.961419105529785,1
10,RUpArmTwist_l_01,9.934402465820312,9.934402465820312,9.934402465820312,1
38,calf_r,9.930268287658691,9.930268287658691,9.930268287658691,1
25,foot_r,9.919663429260254,9.919663429260254,9.919663429260254,1
5,calf_r,9.914724349975586,9.914724349975586,9.914724349975586,1
28,calf_r,9.890445709228516,9.890445709228516,9.890445709228516,1
76,RUpArmTwist_r_01,9.887960433959961,9.887960433959961,9.887960433959961,1
1,lowerarm_r,9.87899112701416,9.87899112701416,9.87899112701416,1
59,upperarm_r,9.876354217529297,9.876354217529297,9.876354217529297,1
7,lowerarm_r,9.860304832458496,9.860304832458496,9.860304832458496,1
0,upperarm_l,9.859108924865723,9.859108924865723,9.859108924865723,1
14,thigh_l,9.852045059204102,9.852045059204102,9.852045059204102,1
32,upperarm_r,9.846556663513184,9.846556663513184,9.846556663513184,1
31,upperarm_r,9.83294677734375,9.83294677734375,9.83294677734375,1
59,thigh_l,9.822965621948242,9.822965621948242,9.822965621948242,1
8,lowerarm_r,9.82120132446289,9.82120132446289,9.82120132446289,1
40,thigh_l,9.807577133178711,9.807577133178711,9.807577133178711,1
25,lowerarm_l,9.777377128601074,9.777377128601074,9.777377128601074,1
63,thigh_r,9.686193466186523,9.686193466186523,9.686193466186523,1
24,foot_r,9.67331600189209,9.67331600189209,9.67331600189209,1
35,upperarm_r,9.648932456970215,9.648932456970215,9.648932456970215,1
34,upperarm_r,9.645163536071777,9.645163536071777,9.645163536071777,1
77,RUpArmTwist_r_01,9.560375213623047,9.560375213623047,9.560375213623047,1
3,ball_l,9.558296203613281,9.558296203613281,9.558296203613281,1
27,calf_r,9.554619789123535,9.554619789123535,9.554619789123535,1
9,lowerarm_r,9.551639556884766,9.551639556884766,9.551639556884766,1
58,RUpArmTwist_l_01,9.550886154174805,9.550886154174805,9.550886154174805,1
58,upperarm_r,9.53526496887207,9.53526496887207,9.53526496887207,1
23,foot_r,9.533900260925293,9.533900260925293,9.533900260925293,1
28,thigh_r,9.530683517456055,9.530683517456055,9.530683517456055,1
37,upperarm_r,9.528158187866211,9.528158187866211,9.528158187866211,1
5,lowerarm_l,9.518357276916504,9.518357276916504,9.518357276916504,1
38,upperarm_r,9.51305866241455,9.51305866241455,9.51305866241455,1
36,upperarm_r,9.497285842895508,9.497285842895508,9.497285842895508,1
59,RUpArmTwist_l_01,9.484855651855469,9.484855651855469,9.484855651855469,1
41,thigh_l,9.479722023010254,9.479722023010254,9.479722023010254,1
64,thigh_r,9.473666191101074,9.473666191101074,9.473666191101074,1
12,ring_01_l,9.47142219543457,9.47142219543457,9.47142219543457,1
72,lowerarm_l,9.457233428955078,9.457233428955078,9.457233428955078,1
46,foot_l,9.424970626831055,9.424970626831055,9.424970626831055,1
0,lowerarm_r,9.420092582702637,9.420092582702637,9.420092582702637,1
2,foot_r,9.416044235229492,9.416044235229492,9.416044235229492,1
57,upperarm_r,9.401114463806152,9.401114463806152,9.401114463806152,1
39,calf_r,9.398893356323242,9.398893356323242,9.398893356323242,1
27,RUpArmTwist_l_01,9.393064498901367,9.393064498901367,9.393064498901367,1
22,foot_r,9.3701753616333,9.3701753616333,9.3701753616333,1
65,thigh_r,9.353625297546387,9.353625297546387,9.353625297546387,1
40,upperarm_r,9.342255592346191,9.342255592346191,9.342255592346191,1
59,lowerarm_l,9.339927673339844,9.339927673339844,9.339927673339844,1
33,upperarm_r,9.321813583374023,9.321813583374023,9.321813583374023,1
42,upperarm_r,9.299983978271484,9.299983978271484,9.299983978271484,1
44,foot_l,9.282463073730469,9.282463073730469,9.282463073730469,1
57,RUpArmTwist_l_01,9.281160354614258,9.281160354614258,9.281160354614258,1
24,ring_01_l,9.259366035461426,9.259366035461426,9.259366035461426,1
20,foot_l,9.245965957641602,9.245965957641602,9.245965957641602,1
29,ring_01_l,9.238571166992188,9.238571166992188,9.238571166992188,1
23,ring_01_l,9.229734420776367,9.229734420776367,9.229734420776367,1
26,calf_r,9.222073554992676,9.222073554992676,9.222073554992676,1
17,ring_01_l,9.221299171447754,9.221299171447754,9.221299171447754,1
6,thigh_r,9.220008850097656,9.220008850097656,9.220008850097656,1
21,ring_01_l,9.214548110961914,9.214548110961914,9.214548110961914,1
66,thigh_r,9.213395118713379,9.213395118713379,9.213395118713379,1
24,lowerarm_l,9.20937442779541,9.20937442779541,9.20937442779541,1
26,ring_01_l,9.191866874694824,9.191866874694824,9.191866874694824,1
25,ring_01_l,9.188705444335938,9.188705444335938,9.188705444335938,1
27,ring_01_l,9.185791015625,9.185791015625,9.185791015625,1
20,ring_01_l,9.184150695800781,9.184150695800781,9.184150695800781,1
16,ring_01_l,9.179245948791504,9.179245948791504,9.179245948791504,1
28,ring_01_l,9.177704811096191,9.177704811096191,9.177704811096191,1
10,lowerarm_r,9.174856185913086,9.174856185913086,9.174856185913086,1
21,foot_r,9.1738920211792,9.1738920211792,9.1738920211792,1
21,spine_01,9.172150611877441,9.172150611877441,9.172150611877441,1
18,ring_01_l,9.169236183166504,9.169236183166504,9.169236183166504,1
14,ring_01_l,9.162688255310059,9.162688255310059,9.162688255310059,1
19,ring_01_l,9.161995887756348,9.161995887756348,9.161995887756348,1
31,ring_01_l,9.152107238769531,9.152107238769531,9.152107238769531,1
56,upperarm_r,9.146218299865723,9.146218299865723,9.146218299865723,1
22,ring_01_l,9.141204833984375,9.141204833984375,9.141204833984375,1
22,spine_01,9.139322280883789,9.139322280883789,9.139322280883789,1
23,spine_01,9.137228965759277,9.137228965759277,9.137228965759277,1
13,ring_01_l,9.131155014038086,9.131155014038086,9.131155014038086,1
19,spine_01,9.129560470581055,9.129560470581055,9.129560470581055,1
15,ring_01_l,9.0975341796875,9.0975341796875,9.0975341796875,1
55,upperarm_r,9.090986251831055,9.090986251831055,9.090986251831055,1
20,spine_01,9.08594036102295,9.08594036102295,9.08594036102295,1
78,RUpArmTwist_r_01,9.085222244262695,9.085222244262695,9.085222244262695,1
24,spine_01,9.078207015991211,9.078207015991211,9.078207015991211,1
18,spine_01,9.070240020751953,9.070240020751953,9.070240020751953,1
11,ring_01_l,9.065135955810547,9.065135955810547,9.065135955810547,1
62,calf_l,9.063941955566406,9.063941955566406,9.063941955566406,1
4,RUpArmTwist_r_01,9.053731918334961,9.053731918334961,9.053731918334961,1
43,upperarm_r,9.049274444580078,9.049274444580078,9.049274444580078,1
38,ring_01_l,9.047270774841309,9.047270774841309,9.047270774841309,1
15,thigh_l,9.04382610321045,9.04382610321045,9.04382610321045,1
0,thigh_r,9.03266429901123,9.03266429901123,9.03266429901123,1
30,ring_01_l,9.027833938598633,9.027833938598633,9.027833938598633,1
3,foot_r,9.02725887298584,9.02725887298584,9.02725887298584,1
33,ring_01_l,9.026057243347168,9.026057243347168,9.026057243347168,1
35,ring_01_l,9.025700569152832,9.025700569152832,9.025700569152832,1
36,ring_01_l,9.023233413696289,9.023233413696289,9.023233413696289,1
60,RUpArmTwist_l_01,9.020090103149414,9.020090103149414,9.020090103149414,1
41,upperarm_r,9.011801719665527,9.011801719665527,9.011801719665527,1
32,ring_01_l,9.002090454101562,9.002090454101562,9.002090454101562,1
1,foot_r,8.997366905212402,8.997366905212402,8.997366905212402,1
67,thigh_r,8.993914604187012,8.993914604187012,8.993914604187012,1
3,RUpArmTwist_r_01,8.991637229919434,8.991637229919434,8.991637229919434,1
9,RUpArmTwist_l_01,8.98094367980957,8.98094367980957,8.98094367980957,1
17,spine_01,8.963126182556152,8.963126182556152,8.963126182556152,1
27,thigh_r,8.957722663879395,8.957722663879395,8.957722663879395,1
25,spine_01,8.948826789855957,8.948826789855957,8.948826789855957,1
1,upperarm_l,8.943331718444824,8.943331718444824,8.943331718444824,1
28,RUpArmTwist_l_01,8.942207336425781,8.942207336425781,8.942207336425781,1
44,ball_r,8.91633129119873,8.91633129119873,8.91633129119873,1
6,calf_r,8.91452407836914,8.91452407836914,8.91452407836914,1
39,ring_01_l,8.901329040527344,8.901329040527344,8.901329040527344,1
34,ring_01_l,8.895593643188477,8.895593643188477,8.895593643188477,1
23,lowerarm_l,8.891651153564453,8.891651153564453,8.891651153564453,1
25,calf_r,8.887459754943848,8.887459754943848,8.887459754943848,1
37,ring_01_l,8.886636734008789,8.886636734008789,8.886636734008789,1
11,upperarm_l,8.884501457214355,8.884501457214355,8.884501457214355,1
84,lowerarm_r,8.867179870605469,8.867179870605469,8.867179870605469,1
22,lowerarm_l,8.864675521850586,8.864675521850586,8.864675521850586,1
85,lowerarm_r,8.84166431427002,8.84166431427002,8.84166431427002,1
83,lowerarm_r,8.839448928833008,8.839448928833008,8.839448928833008,1
40,ring_01_l,8.823182106018066,8.823182106018066,8.823182106018066,1
20,foot_r,8.819478034973145,8.819478034973145,8.819478034973145,1
10,ring_01_l,8.812812805175781,8.812812805175781,8.812812805175781,1
56,RUpArmTwist_l_01,8.81112289428711,8.81112289428711,8.81112289428711,1
16,spine_01,8.807443618774414,8.807443618774414,8.807443618774414,1
26,spine_01,8.8064603805542,8.8064603805542,8.8064603805542,1
40,calf_r,8.805964469909668,8.805964469909668,8.805964469909668,1
68,lowerarm_r,8.805964469909668,8.805964469909668,8.805964469909668,1
55,foot_r,8.804652214050293,8.804652214050293,8.804652214050293,1
69,lowerarm_r,8.7731351852417,8.7731351852417,8.7731351852417,1
15,spine_01,8.769808769226074,8.769808769226074,8.769808769226074,1
49,thigh_l,8.763833045959473,8.763833045959473,8.763833045959473,1
82,lowerarm_r,8.748140335083008,8.748140335083008,8.748140335083008,1
55,RUpArmTwist_l_01,8.744272232055664,8.744272232055664,8.744272232055664,1
33,thigh_l,8.722057342529297,8.722057342529297,8.722057342529297,1
34,foot_l,8.695920944213867,8.695920944213867,8.695920944213867,1
67,lowerarm_r,8.693046569824219,8.693046569824219,8.693046569824219,1
24,calf_r,8.67775821685791,8.67775821685791,8.67775821685791,1
79,RUpArmTwist_r_01,8.658648490905762,8.658648490905762,8.658648490905762,1
11,lowerarm_r,8.648173332214355,8.648173332214355,8.648173332214355,1
70,calf_r,8.645562171936035,8.645562171936035,8.645562171936035,1
68,thigh_r,8.63003921508789,8.63003921508789,8.63003921508789,1
23,thigh_l,8.629819869995117,8.629819869995117,8.629819869995117,1
41,ring_01_l,8.618288040161133,8.618288040161133,8.618288040161133,1
14,spine_01,8.616790771484375,8.616790771484375,8.616790771484375,1
81,lowerarm_r,8.605783462524414,8.605783462524414,8.605783462524414,1
27,spine_01,8.601258277893066,8.601258277893066,8.601258277893066,1
70,lowerarm_r,8.599905014038086,8.599905014038086,8.599905014038086,1
44,upperarm_r,8.56220531463623,8.56220531463623,8.56220531463623,1
24,thigh_l,8.55389404296875,8.55389404296875,8.55389404296875,1
19,foot_r,8.54957389831543,8.54957389831543,8.54957389831543,1
61,calf_l,8.54906177520752,8.54906177520752,8.54906177520752,1
13,spine_01,8.534401893615723,8.534401893615723,8.534401893615723,1
9,ring_01_l,8.526219367980957,8.526219367980957,8.526219367980957,1
29,RUpArmTwist_l_01,8.52231502532959,8.52231502532959,8.52231502532959,1
25,thigh_l,8.499662399291992,8.499662399291992,8.499662399291992,1
22,thigh_l,8.482775688171387,8.482775688171387,8.482775688171387,1
12,spine_01,8.480242729187012,8.480242729187012,8.480242729187012,1
61,RUpArmTwist_l_01,8.479294776916504,8.479294776916504,8.479294776916504,1
47,foot_l,8.474053382873535,8.474053382873535,8.474053382873535,1
66,lowerarm_r,8.462053298950195,8.462053298950195,8.462053298950195,1
80,lowerarm_r,8.449087142944336,8.449087142944336,8.449087142944336,1
16,thigh_l,8.438015937805176,8.438015937805176,8.438015937805176,1
26,thigh_r,8.42698860168457,8.42698860168457,8.42698860168457,1
71,lowerarm_r,8.41100025177002,8.41100025177002,8.41100025177002,1
7,thigh_r,8.398300170898438,8.398300170898438,8.398300170898438,1
28,spine_01,8.397543907165527,8.397543907165527,8.397543907165527,1
7,calf_l,8.39600944519043,8.39600944519043,8.39600944519043,1
54,upperarm_r,8.390480995178223,8.390480995178223,8.390480995178223,1
53,upperarm_r,8.387700080871582,8.387700080871582,8.387700080871582,1
48,foot_l,8.352560043334961,8.352560043334961,8.352560043334961,1
21,lowerarm_l,8.342068672180176,8.342068672180176,8.342068672180176,1
23,calf_r,8.338486671447754,8.338486671447754,8.338486671447754,1
85,foot_l,8.327142715454102,8.327142715454102,8.327142715454102,1
58,thigh_l,8.325774192810059,8.325774192810059,8.325774192810059,1
26,thigh_l,8.282938003540039,8.282938003540039,8.282938003540039,1
18,foot_r,8.278019905090332,8.278019905090332,8.278019905090332,1
54,RUpArmTwist_l_01,8.272205352783203,8.272205352783203,8.272205352783203,1
79,lowerarm_r,8.252655029296875,8.252655029296875,8.252655029296875,1
65,lowerarm_r,8.252117156982422,8.252117156982422,8.252117156982422,1
46,foot_r,8.248598098754883,8.248598098754883,8.248598098754883,1
1,RUpArmTwist_r_01,8.236355781555176,8.236355781555176,8.236355781555176,1
29,spine_01,8.224669456481934,8.224669456481934,8.224669456481934,1
80,RUpArmTwist_r_01,8.216839790344238,8.216839790344238,8.216839790344238,1
72,lowerarm_r,8.200854301452637,8.200854301452637,8.200854301452637,1
12,lowerarm_r,8.198387145996094,8.198387145996094,8.198387145996094,1
51,upperarm_r,8.197797775268555,8.197797775268555,8.197797775268555,1
69,thigh_r,8.188939094543457,8.188939094543457,8.188939094543457,1
43,foot_l,8.187911987304688,8.187911987304688,8.187911987304688,1
52,upperarm_r,8.186569213867188,8.186569213867188,8.186569213867188,1
21,foot_l,8.181743621826172,8.181743621826172,8.181743621826172,1
21,thigh_l,8.17030143737793,8.17030143737793,8.17030143737793,1
50,foot_r,8.158098220825195,8.158098220825195,8.158098220825195,1
45,upperarm_r,8.13474178314209,8.13474178314209,8.13474178314209,1
78,lowerarm_r,8.124872207641602,8.124872207641602,8.124872207641602,1
60,lowerarm_l,8.12374210357666,8.12374210357666,8.12374210357666,1
42,ring_01_l,8.113700866699219,8.113700866699219,8.113700866699219,1
20,lowerarm_l,8.103336334228516,8.103336334228516,8.103336334228516,1
17,foot_r,8.08896541595459,8.08896541595459,8.08896541595459,1
30,RUpArmTwist_l_01,8.084702491760254,8.084702491760254,8.084702491760254,1
0,foot_r,8.077350616455078,8.077350616455078,8.077350616455078,1
77,lowerarm_r,8.073203086853027,8.073203086853027,8.073203086853027,1
71,lowerarm_l,8.070962905883789,8.070962905883789,8.070962905883789,1
8,ring_01_l,8.04784870147705,8.04784870147705,8.04784870147705,1
11,spine_01,8.044512748718262,8.044512748718262,8.044512748718262,1
31,RUpArmTwist_l_01,8.039934158325195,8.039934158325195,8.039934158325195,1
41,calf_r,8.037229537963867,8.037229537963867,8.037229537963867,1
73,lowerarm_r,8.035996437072754,8.035996437072754,8.035996437072754,1
49,upperarm_r,8.030630111694336,8.030630111694336,8.030630111694336,1
4,foot_r,8.017254829406738,8.017254829406738,8.017254829406738,1
76,lowerarm_r,8.012517929077148,8.012517929077148,8.012517929077148,1
16,foot_r,8.01116943359375,8.01116943359375,8.01116943359375,1
74,lowerarm_r,8.00174617767334,8.00174617767334,8.00174617767334,1
64,lowerarm_r,8.00158405303955,8.00158405303955,8.00158405303955,1
22,calf_r,7.99891996383667,7.99891996383667,7.99891996383667,1
75,lowerarm_r,7.99631929397583,7.99631929397583,7.99631929397583,1
32,RUpArmTwist_l_01,7.976179599761963,7.976179599761963,7.976179599761963,1
19,RUpArmTwist_r_02,7.965656280517578,7.965656280517578,7.965656280517578,1
18,RUpArmTwist_r_02,7.965073108673096,7.965073108673096,7.965073108673096,1
62,RUpArmTwist_l_01,7.944937705993652,7.944937705993652,7.944937705993652,1
85,thigh_r,7.937523365020752,7.937523365020752,7.937523365020752,1
30,spine_01,7.934709548950195,7.934709548950195,7.934709548950195,1
20,thigh_l,7.930249214172363,7.930249214172363,7.930249214172363,1
27,thigh_l,7.916016101837158,7.916016101837158,7.916016101837158,1
31,foot_l,7.915334701538086,7.915334701538086,7.915334701538086,1
8,RUpArmTwist_l_01,7.908864974975586,7.908864974975586,7.908864974975586,1
17,thigh_l,7.9029974937438965,7.9029974937438965,7.9029974937438965,1
39,foot_l,7.891063690185547,7.891063690185547,7.891063690185547,1
25,thigh_r,7.876651287078857,7.876651287078857,7.876651287078857,1
53,RUpArmTwist_l_01,7.868012428283691,7.868012428283691,7.868012428283691,1
31,spine_01,7.862636566162109,7.862636566162109,7.862636566162109,1
33,RUpArmTwist_l_01,7.838079929351807,7.838079929351807,7.838079929351807,1
2,ball_l,7.832876205444336,7.832876205444336,7.832876205444336,1
50,upperarm_r,7.81280517578125,7.81280517578125,7.81280517578125,1
0,RUpArmTwist_r_01,7.810612678527832,7.810612678527832,7.810612678527832,1
15,foot_r,7.78196907043457,7.78196907043457,7.78196907043457,1
19,thigh_l,7.77226448059082,7.77226448059082,7.77226448059082,1
63,lowerarm_r,7.770445823669434,7.770445823669434,7.770445823669434,1
2,calf_l,7.763156414031982,7.763156414031982,7.763156414031982,1
46,upperarm_r,7.752318382263184,7.752318382263184,7.752318382263184,1
21,calf_r,7.751726150512695,7.751726150512695,7.751726150512695,1
15,RUpArmTwist_r_02,7.7514519691467285,7.7514519691467285,7.7514519691467285,1
43,ring_01_l,7.750860214233398,7.750860214233398,7.750860214233398,1
18,thigh_l,7.739323139190674,7.739323139190674,7.739323139190674,1
2,RUpArmTwist_r_01,7.7299418449401855,7.7299418449401855,7.7299418449401855,1
17,RUpArmTwist_r_02,7.726352691650391,7.726352691650391,7.726352691650391,1
20,RUpArmTwist_r_02,7.717960834503174,7.717960834503174,7.717960834503174,1
16,RUpArmTwist_r_02,7.711638927459717,7.711638927459717,7.711638927459717,1
47,upperarm_r,7.703680038452148,7.703680038452148,7.703680038452148,1
81,RUpArmTwist_r_01,7.692779064178467,7.692779064178467,7.692779064178467,1
49,foot_l,7.679550647735596,7.679550647735596,7.679550647735596,1
52,RUpArmTwist_l_01,7.6628737449646,7.6628737449646,7.6628737449646,1
35,RUpArmTwist_l_01,7.648462772369385,7.648462772369385,7.648462772369385,1
60,calf_l,7.6463165283203125,7.6463165283203125,7.6463165283203125,1
7,calf_r,7.639815807342529,7.639815807342529,7.639815807342529,1
32,spine_01,7.623624324798584,7.623624324798584,7.623624324798584,1
19,lowerarm_l,7.619454383850098,7.619454383850098,7.619454383850098,1
70,thigh_r,7.605532646179199,7.605532646179199,7.605532646179199,1
52,foot_l,7.600165843963623,7.600165843963623,7.600165843963623,1
66,calf_r,7.600128173828125,7.600128173828125,7.600128173828125,1
34,RUpArmTwist_l_01,7.5936479568481445,7.5936479568481445,7.5936479568481445,1
53,foot_l,7.590285301208496,7.590285301208496,7.590285301208496,1
51,foot_l,7.569143295288086,7.569143295288086,7.569143295288086,1
50,thigh_l,7.557340621948242,7.557340621948242,7.557340621948242,1
8,thigh_r,7.551456451416016,7.551456451416016,7.551456451416016,1
10,ball_l,7.551414489746094,7.551414489746094,7.551414489746094,1
48,upperarm_r,7.5500407218933105,7.5500407218933105,7.5500407218933105,1
10,spine_01,7.544803619384766,7.544803619384766,7.544803619384766,1
28,thigh_l,7.538231372833252,7.538231372833252,7.538231372833252,1
42,foot_l,7.535292625427246,7.535292625427246,7.535292625427246,1
33,spine_01,7.516258716583252,7.516258716583252,7.516258716583252,1
84,foot_l,7.504144668579102,7.504144668579102,7.504144668579102,1
2,upperarm_l,7.503635883331299,7.503635883331299,7.503635883331299,1
22,foot_l,7.484594821929932,7.484594821929932,7.484594821929932,1
10,upperarm_l,7.484537601470947,7.484537601470947,7.484537601470947,1
62,lowerarm_r,7.4843974113464355,7.4843974113464355,7.4843974113464355,1
50,foot_l,7.479165554046631,7.479165554046631,7.479165554046631,1
45,calf_l,7.478837013244629,7.478837013244629,7.478837013244629,1
30,foot_l,7.4775495529174805,7.4775495529174805,7.4775495529174805,1
21,RUpArmTwist_r_02,7.471254825592041,7.471254825592041,7.471254825592041,1
84,thigh_r,7.470247268676758,7.470247268676758,7.470247268676758,1
36,RUpArmTwist_l_01,7.461202144622803,7.461202144622803,7.461202144622803,1
22,RUpArmTwist_r_02,7.450595855712891,7.450595855712891,7.450595855712891,1
7,ring_01_l,7.448383808135986,7.448383808135986,7.448383808135986,1
50,calf_r,7.421109676361084,7.421109676361084,7.421109676361084,1
38,spine_01,7.420996189117432,7.420996189117432,7.420996189117432,1
14,RUpArmTwist_r_02,7.416426181793213,7.416426181793213,7.416426181793213,1
39,spine_01,7.414892673492432,7.414892673492432,7.414892673492432,1
63,RUpArmTwist_l_01,7.409163951873779,7.409163951873779,7.409163951873779,1
13,RUpArmTwist_r_02,7.4077277183532715,7.4077277183532715,7.4077277183532715,1
37,RUpArmTwist_l_01,7.401725769042969,7.401725769042969,7.401725769042969,1
51,RUpArmTwist_l_01,7.3949971199035645,7.3949971199035645,7.3949971199035645,1
54,foot_l,7.3909220695495605,7.3909220695495605,7.3909220695495605,1
40,spine_01,7.380463600158691,7.380463600158691,7.380463600158691,1
34,lowerarm_r,7.371140003204346,7.371140003204346,7.371140003204346,1
41,spine_01,7.36030912399292,7.36030912399292,7.36030912399292,1
34,spine_01,7.352212905883789,7.352212905883789,7.352212905883789,1
14,foot_r,7.347934722900391,7.347934722900391,7.347934722900391,1
39,RUpArmTwist_l_01,7.344848155975342,7.344848155975342,7.344848155975342,1
37,spine_01,7.337667942047119,7.337667942047119,7.337667942047119,1
35,spine_01,7.330559730529785,7.330559730529785,7.330559730529785,1
57,thigh_l,7.329251766204834,7.329251766204834,7.329251766204834,1
35,lowerarm_r,7.325041770935059,7.325041770935059,7.325041770935059,1
43,spine_01,7.319563865661621,7.319563865661621,7.319563865661621,1
42,spine_01,7.308480262756348,7.308480262756348,7.308480262756348,1
27,foot_l,7.294554233551025,7.294554233551025,7.294554233551025,1
36,spine_01,7.290435791015625,7.290435791015625,7.290435791015625,1
82,RUpArmTwist_r_01,7.285851001739502,7.285851001739502,7.285851001739502,1
38,RUpArmTwist_l_01,7.283867359161377,7.283867359161377,7.283867359161377,1
24,thigh_r,7.279323577880859,7.279323577880859,7.279323577880859,1
33,lowerarm_r,7.271301746368408,7.271301746368408,7.271301746368408,1
13,lowerarm_r,7.264761924743652,7.264761924743652,7.264761924743652,1
6,lowerarm_l,7.256513595581055,7.256513595581055,7.256513595581055,1
40,RUpArmTwist_l_01,7.249835014343262,7.249835014343262,7.249835014343262,1
55,foot_l,7.242192268371582,7.242192268371582,7.242192268371582,1
36,lowerarm_r,7.234185695648193,7.234185695648193,7.234185695648193,1
23,RUpArmTwist_r_02,7.223268985748291,7.223268985748291,7.223268985748291,1
32,thigh_l,7.211598873138428,7.211598873138428,7.211598873138428,1
42,calf_r,7.205089092254639,7.205089092254639,7.205089092254639,1
36,hand_l,7.202821254730225,7.202821254730225,7.202821254730225,1
61,lowerarm_r,7.202126502990723,7.202126502990723,7.202126502990723,1
28,foot_l,7.190680027008057,7.190680027008057,7.190680027008057,1
20,calf_r,7.186746597290039,7.186746597290039,7.186746597290039,1
67,RUpArmTwist_r_02,7.178173065185547,7.178173065185547,7.178173065185547,1
68,RUpArmTwist_r_02,7.172940254211426,7.172940254211426,7.172940254211426,1
29,foot_l,7.166956901550293,7.166956901550293,7.166956901550293,1
44,spine_01,7.163539886474609,7.163539886474609,7.163539886474609,1
83,thigh_r,7.161562919616699,7.161562919616699,7.161562919616699,1
37,hand_l,7.159448623657227,7.159448623657227,7.159448623657227,1
13,foot_r,7.156945705413818,7.156945705413818,7.156945705413818,1
30,thigh_l,7.154940605163574,7.154940605163574,7.154940605163574,1
5,ring_01_l,7.1484785079956055,7.1484785079956055,7.1484785079956055,1
29,thigh_l,7.1283745765686035,7.1283745765686035,7.1283745765686035,1
32,foot_l,7.12357234954834,7.12357234954834,7.12357234954834,1
37,lowerarm_r,7.105140686035156,7.105140686035156,7.105140686035156,1
80,thigh_r,7.100208759307861,7.100208759307861,7.100208759307861,1
69,RUpArmTwist_r_02,7.093584060668945,7.093584060668945,7.093584060668945,1
70,RUpArmTwist_r_02,7.088967323303223,7.088967323303223,7.088967323303223,1
71,RUpArmTwist_r_02,7.087814807891846,7.087814807891846,7.087814807891846,1
79,thigh_r,7.082230567932129,7.082230567932129,7.082230567932129,1
23,foot_l,7.081384181976318,7.081384181976318,7.081384181976318,1
50,RUpArmTwist_l_01,7.080729961395264,7.080729961395264,7.080729961395264,1
83,foot_l,7.078531265258789,7.078531265258789,7.078531265258789,1
6,ring_01_l,7.075812339782715,7.075812339782715,7.075812339782715,1
71,thigh_r,7.075735092163086,7.075735092163086,7.075735092163086,1
72,RUpArmTwist_r_02,7.075325965881348,7.075325965881348,7.075325965881348,1
32,lowerarm_r,7.052608013153076,7.052608013153076,7.052608013153076,1
38,hand_l,7.043176174163818,7.043176174163818,7.043176174163818,1
41,RUpArmTwist_l_01,7.038631439208984,7.038631439208984,7.038631439208984,1
35,hand_l,7.0208635330200195,7.0208635330200195,7.0208635330200195,1
82,thigh_r,7.006379127502441,7.006379127502441,7.006379127502441,1
83,RUpArmTwist_r_01,7.005089282989502,7.005089282989502,7.005089282989502,1
24,foot_l,6.997212886810303,6.997212886810303,6.997212886810303,1
31,thigh_l,6.9816741943359375,6.9816741943359375,6.9816741943359375,1
26,foot_l,6.978373050689697,6.978373050689697,6.978373050689697,1
12,RUpArmTwist_r_02,6.978242874145508,6.978242874145508,6.978242874145508,1
3,upperarm_l,6.970850467681885,6.970850467681885,6.970850467681885,1
18,lowerarm_l,6.970831871032715,6.970831871032715,6.970831871032715,1
59,calf_l,6.965770244598389,6.965770244598389,6.965770244598389,1
65,RUpArmTwist_r_02,6.9646453857421875,6.9646453857421875,6.9646453857421875,1
45,spine_01,6.962879657745361,6.962879657745361,6.962879657745361,1
66,RUpArmTwist_r_02,6.960184574127197,6.960184574127197,6.960184574127197,1
56,RUpArmTwist_r_02,6.9551472663879395,6.9551472663879395,6.9551472663879395,1
51,RUpArmTwist_r_02,6.955060958862305,6.955060958862305,6.955060958862305,1
34,hand_l,6.943465709686279,6.943465709686279,6.943465709686279,1
53,RUpArmTwist_r_02,6.937274932861328,6.937274932861328,6.937274932861328,1
9,spine_01,6.93505334854126,6.93505334854126,6.93505334854126,1
81,thigh_r,6.933382511138916,6.933382511138916,6.933382511138916,1
23,thigh_r,6.920888423919678,6.920888423919678,6.920888423919678,1
52,RUpArmTwist_r_02,6.919861316680908,6.919861316680908,6.919861316680908,1
9,thigh_r,6.89990758895874,6.89990758895874,6.89990758895874,1
78,thigh_r,6.892831802368164,6.892831802368164,6.892831802368164,1
56,foot_l,6.892712593078613,6.892712593078613,6.892712593078613,1
44,ring_01_l,6.882657527923584,6.882657527923584,6.882657527923584,1
33,hand_l,6.861464977264404,6.861464977264404,6.861464977264404,1
19,calf_r,6.8577399253845215,6.8577399253845215,6.8577399253845215,1
11,RUpArmTwist_r_02,6.850793361663818,6.850793361663818,6.850793361663818,1
60,lowerarm_r,6.84877347946167,6.84877347946167,6.84877347946167,1
4,ring_01_l,6.8413872718811035,6.8413872718811035,6.8413872718811035,1
12,foot_r,6.8402628898620605,6.8402628898620605,6.8402628898620605,1
84,RUpArmTwist_r_01,6.839107990264893,6.839107990264893,6.839107990264893,1
64,RUpArmTwist_l_01,6.806325912475586,6.806325912475586,6.806325912475586,1
7,RUpArmTwist_l_01,6.797548770904541,6.797548770904541,6.797548770904541,1
61,lowerarm_l,6.784185409545898,6.784185409545898,6.784185409545898,1
25,foot_l,6.78161096572876,6.78161096572876,6.78161096572876,1
49,RUpArmTwist_l_01,6.779770374298096,6.779770374298096,6.779770374298096,1
57,foot_l,6.751557350158691,6.751557350158691,6.751557350158691,1
70,lowerarm_l,6.747511386871338,6.747511386871338,6.747511386871338,1
62,RUpArmTwist_r_02,6.742046356201172,6.742046356201172,6.742046356201172,1
59,RUpArmTwist_r_02,6.741841793060303,6.741841793060303,6.741841793060303,1
63,RUpArmTwist_r_02,6.740720272064209,6.740720272064209,6.740720272064209,1
64,RUpArmTwist_r_02,6.736517429351807,6.736517429351807,6.736517429351807,1
57,RUpArmTwist_r_02,6.736269474029541,6.736269474029541,6.736269474029541,1
55,RUpArmTwist_r_02,6.732337951660156,6.732337951660156,6.732337951660156,1
33,foot_l,6.731452941894531,6.731452941894531,6.731452941894531,1
24,RUpArmTwist_r_02,6.723836898803711,6.723836898803711,6.723836898803711,1
54,RUpArmTwist_r_02,6.723151206970215,6.723151206970215,6.723151206970215,1
25,RUpArmTwist_r_02,6.7025651931762695,6.7025651931762695,6.7025651931762695,1
50,RUpArmTwist_r_02,6.700932502746582,6.700932502746582,6.700932502746582,1
74,RUpArmTwist_r_02,6.684542179107666,6.684542179107666,6.684542179107666,1
38,lowerarm_r,6.679835319519043,6.679835319519043,6.679835319519043,1
70,hand_l,6.678867340087891,6.678867340087891,6.678867340087891,1
73,RUpArmTwist_r_02,6.6741766929626465,6.6741766929626465,6.6741766929626465,1
49,RUpArmTwist_r_02,6.667264461517334,6.667264461517334,6.667264461517334,1
48,RUpArmTwist_l_01,6.666962146759033,6.666962146759033,6.666962146759033,1
71,hand_l,6.666203022003174,6.666203022003174,6.666203022003174,1
47,foot_r,6.637868404388428,6.637868404388428,6.637868404388428,1
5,foot_r,6.635170936584473,6.635170936584473,6.635170936584473,1
42,RUpArmTwist_l_01,6.634831428527832,6.634831428527832,6.634831428527832,1
1,ball_l,6.632220268249512,6.632220268249512,6.632220268249512,1
85,RUpArmTwist_r_01,6.631946086883545,6.631946086883545,6.631946086883545,1
22,thigh_r,6.6279520988464355,6.6279520988464355,6.6279520988464355,1
39,hand_l,6.627060413360596,6.627060413360596,6.627060413360596,1
77,thigh_r,6.606120586395264,6.606120586395264,6.606120586395264,1
5,thumb_01_r,6.601754665374756,6.601754665374756,6.601754665374756,1
6,thumb_01_r,6.597243309020996,6.597243309020996,6.597243309020996,1
7,thumb_01_r,6.597170352935791,6.597170352935791,6.597170352935791,1
10,RUpArmTwist_r_02,6.592450141906738,6.592450141906738,6.592450141906738,1
44,thumb_01_r,6.58550500869751,6.58550500869751,6.58550500869751,1
4,thumb_01_r,6.580324172973633,6.580324172973633,6.580324172973633,1
46,spine_01,6.568160533905029,6.568160533905029,6.568160533905029,1
56,foot_r,6.567329406738281,6.567329406738281,6.567329406738281,1
69,hand_l,6.56654691696167,6.56654691696167,6.56654691696167,1
39,RUpArmTwist_r_02,6.565000057220459,6.565000057220459,6.565000057220459,1
72,hand_l,6.559903144836426,6.559903144836426,6.559903144836426,1
43,thumb_01_r,6.548620223999023,6.548620223999023,6.548620223999023,1
18,calf_r,6.54397439956665,6.54397439956665,6.54397439956665,1
31,lowerarm_r,6.539306640625,6.539306640625,6.539306640625,1
60,RUpArmTwist_r_02,6.538397789001465,6.538397789001465,6.538397789001465,1
72,thigh_r,6.524706840515137,6.524706840515137,6.524706840515137,1
58,RUpArmTwist_r_02,6.5199127197265625,6.5199127197265625,6.5199127197265625,1
8,thumb_01_r,6.518645763397217,6.518645763397217,6.518645763397217,1
61,RUpArmTwist_r_02,6.513759136199951,6.513759136199951,6.513759136199951,1
14,lowerarm_r,6.506579875946045,6.506579875946045,6.506579875946045,1
4,pinky_01_r,6.497986316680908,6.497986316680908,6.497986316680908,1
11,foot_r,6.4953155517578125,6.4953155517578125,6.4953155517578125,1
32,hand_l,6.490119457244873,6.490119457244873,6.490119457244873,1
45,thumb_01_r,6.48608922958374,6.48608922958374,6.48608922958374,1
6,pinky_01_r,6.484259605407715,6.484259605407715,6.484259605407715,1
43,RUpArmTwist_l_01,6.483959197998047,6.483959197998047,6.483959197998047,1
44,pinky_01_r,6.483834743499756,6.483834743499756,6.483834743499756,1
5,pinky_01_r,6.475789546966553,6.475789546966553,6.475789546966553,1
3,thumb_01_r,6.475368976593018,6.475368976593018,6.475368976593018,1
42,thumb_01_r,6.474746227264404,6.474746227264404,6.474746227264404,1
59,lowerarm_r,6.472681999206543,6.472681999206543,6.472681999206543,1
8,calf_r,6.467410087585449,6.467410087585449,6.467410087585449,1
26,RUpArmTwist_r_02,6.448573112487793,6.448573112487793,6.448573112487793,1
27,RUpArmTwist_r_02,6.4455437660217285,6.4455437660217285,6.4455437660217285,1
28,RUpArmTwist_r_02,6.4409637451171875,6.4409637451171875,6.4409637451171875,1
40,hand_l,6.437582492828369,6.437582492828369,6.437582492828369,1
64,ball_r,6.435581684112549,6.435581684112549,6.435581684112549,1
47,RUpArmTwist_l_01,6.430384159088135,6.430384159088135,6.430384159088135,1
48,RUpArmTwist_r_02,6.427480220794678,6.427480220794678,6.427480220794678,1
76,thigh_r,6.425195693969727,6.425195693969727,6.425195693969727,1
56,thigh_l,6.424651145935059,6.424651145935059,6.424651145935059,1
7,pinky_01_r,6.422956943511963,6.422956943511963,6.422956943511963,1
3,pinky_01_r,6.421541213989258,6.421541213989258,6.421541213989258,1
52,ball_r,6.421131610870361,6.421131610870361,6.421131610870361,1
45,pinky_01_r,6.415882587432861,6.415882587432861,6.415882587432861,1
30,RUpArmTwist_r_02,6.392854690551758,6.392854690551758,6.392854690551758,1
68,hand_l,6.391030311584473,6.391030311584473,6.391030311584473,1
9,thumb_01_r,6.377737998962402,6.377737998962402,6.377737998962402,1
51,thigh_l,6.374351978302002,6.374351978302002,6.374351978302002,1
59,foot_l,6.373802185058594,6.373802185058594,6.373802185058594,1
67,hand_l,6.373350143432617,6.373350143432617,6.373350143432617,1
1,thumb_01_r,6.364480972290039,6.364480972290039,6.364480972290039,1
47,spine_01,6.363622188568115,6.363622188568115,6.363622188568115,1
43,pinky_01_r,6.361425876617432,6.361425876617432,6.361425876617432,1
37,RUpArmTwist_r_02,6.348912239074707,6.348912239074707,6.348912239074707,1
10,foot_r,6.345911979675293,6.345911979675293,6.345911979675293,1
12,ball_r,6.342552185058594,6.342552185058594,6.342552185058594,1
40,foot_l,6.339254856109619,6.339254856109619,6.339254856109619,1
58,foot_l,6.328661918640137,6.328661918640137,6.328661918640137,1
40,RUpArmTwist_r_02,6.3266682624816895,6.3266682624816895,6.3266682624816895,1
17,ball_r,6.320315837860107,6.320315837860107,6.320315837860107,1
39,lowerarm_r,6.318423748016357,6.318423748016357,6.318423748016357,1
49,foot_r,6.317020416259766,6.317020416259766,6.317020416259766,1
14,ball_r,6.3169169425964355,6.3169169425964355,6.3169169425964355,1
2,thumb_01_r,6.3165602684021,6.3165602684021,6.3165602684021,1
41,thumb_01_r,6.31591272354126,6.31591272354126,6.31591272354126,1
13,ball_r,6.315110206604004,6.315110206604004,6.315110206604004,1
15,ball_r,6.311341762542725,6.311341762542725,6.311341762542725,1
11,ball_r,6.310688018798828,6.310688018798828,6.310688018798828,1
42,RUpArmTwist_r_02,6.309277534484863,6.309277534484863,6.309277534484863,1
67,ball_r,6.305650234222412,6.305650234222412,6.305650234222412,1
1,pinky_01_r,6.302220821380615,6.302220821380615,6.302220821380615,1
75,thigh_r,6.295297622680664,6.295297622680664,6.295297622680664,1
2,pinky_01_r,6.293822288513184,6.293822288513184,6.293822288513184,1
76,RUpArmTwist_r_02,6.293691158294678,6.293691158294678,6.293691158294678,1
66,hand_l,6.282244682312012,6.282244682312012,6.282244682312012,1
75,RUpArmTwist_r_02,6.274587154388428,6.274587154388428,6.274587154388428,1
65,RUpArmTwist_l_01,6.272850513458252,6.272850513458252,6.272850513458252,1
65,ball_r,6.266506195068359,6.266506195068359,6.266506195068359,1
69,ball_r,6.261841773986816,6.261841773986816,6.261841773986816,1
43,ball_r,6.260751247406006,6.260751247406006,6.260751247406006,1
10,thumb_01_r,6.25754976272583,6.25754976272583,6.25754976272583,1
68,ball_r,6.2468976974487305,6.2468976974487305,6.2468976974487305,1
73,hand_l,6.239416122436523,6.239416122436523,6.239416122436523,1
8,pinky_01_r,6.233250141143799,6.233250141143799,6.233250141143799,1
40,thumb_01_r,6.22705602645874,6.22705602645874,6.22705602645874,1
41,foot_l,6.225816249847412,6.225816249847412,6.225816249847412,1
44,RUpArmTwist_l_01,6.224313259124756,6.224313259124756,6.224313259124756,1
42,pinky_01_r,6.223551273345947,6.223551273345947,6.223551273345947,1
17,calf_r,6.220028877258301,6.220028877258301,6.220028877258301,1
58,ball_r,6.211459636688232,6.211459636688232,6.211459636688232,1
9,foot_r,6.208930015563965,6.208930015563965,6.208930015563965,1
73,thigh_r,6.206667423248291,6.206667423248291,6.206667423248291,1
46,thumb_01_r,6.2058281898498535,6.2058281898498535,6.2058281898498535,1
29,RUpArmTwist_r_02,6.205811977386475,6.205811977386475,6.205811977386475,1
66,ball_r,6.199589252471924,6.199589252471924,6.199589252471924,1
37,thumb_01_r,6.199097633361816,6.199097633361816,6.199097633361816,1
34,thumb_01_r,6.195109844207764,6.195109844207764,6.195109844207764,1
43,RUpArmTwist_r_02,6.19284200668335,6.19284200668335,6.19284200668335,1
39,thumb_01_r,6.191314697265625,6.191314697265625,6.191314697265625,1
38,RUpArmTwist_r_02,6.184077739715576,6.184077739715576,6.184077739715576,1
35,RUpArmTwist_r_02,6.1822099685668945,6.1822099685668945,6.1822099685668945,1
36,RUpArmTwist_r_02,6.179040431976318,6.179040431976318,6.179040431976318,1
31,RUpArmTwist_r_02,6.178774356842041,6.178774356842041,6.178774356842041,1
46,pinky_01_r,6.176628589630127,6.176628589630127,6.176628589630127,1
74,thigh_r,6.170581817626953,6.170581817626953,6.170581817626953,1
47,RUpArmTwist_r_02,6.166189193725586,6.166189193725586,6.166189193725586,1
70,ball_r,6.1636247634887695,6.1636247634887695,6.1636247634887695,1
46,RUpArmTwist_r_02,6.161522388458252,6.161522388458252,6.161522388458252,1
44,RUpArmTwist_r_02,6.159631252288818,6.159631252288818,6.159631252288818,1
82,foot_l,6.146158218383789,6.146158218383789,6.146158218383789,1
21,thigh_r,6.145949363708496,6.145949363708496,6.145949363708496,1
32,thumb_01_r,6.144619464874268,6.144619464874268,6.144619464874268,1
9,RUpArmTwist_r_02,6.144567966461182,6.144567966461182,6.144567966461182,1
34,RUpArmTwist_r_02,6.141245365142822,6.141245365142822,6.141245365142822,1
33,RUpArmTwist_r_02,6.139172077178955,6.139172077178955,6.139172077178955,1
45,ring_01_l,6.139115333557129,6.139115333557129,6.139115333557129,1
43,calf_r,6.135376930236816,6.135376930236816,6.135376930236816,1
36,thumb_01_r,6.134341716766357,6.134341716766357,6.134341716766357,1
33,thumb_01_r,6.131729602813721,6.131729602813721,6.131729602813721,1
35,thumb_01_r,6.131489276885986,6.131489276885986,6.131489276885986,1
30,thumb_01_r,6.13112211227417,6.13112211227417,6.13112211227417,1
32,RUpArmTwist_r_02,6.1310858726501465,6.1310858726501465,6.1310858726501465,1
11,thumb_01_r,6.1304402351379395,6.1304402351379395,6.1304402351379395,1
0,thumb_01_r,6.129935264587402,6.129935264587402,6.129935264587402,1
38,thumb_01_r,6.123065948486328,6.123065948486328,6.123065948486328,1
3,ring_01_l,6.1224775314331055,6.1224775314331055,6.1224775314331055,1
49,spine_01,6.1171064376831055,6.1171064376831055,6.1171064376831055,1
8,spine_01,6.113590240478516,6.113590240478516,6.113590240478516,1
15,thumb_01_r,6.10064697265625,6.10064697265625,6.10064697265625,1
41,hand_l,6.098151206970215,6.098151206970215,6.098151206970215,1
59,ball_r,6.098076343536377,6.098076343536377,6.098076343536377,1
26,ball_r,6.0968451499938965,6.0968451499938965,6.0968451499938965,1
75,foot_r,6.096130847930908,6.096130847930908,6.096130847930908,1
21,ball_r,6.096039295196533,6.096039295196533,6.096039295196533,1
63,ball_r,6.096039295196533,6.096039295196533,6.096039295196533,1
25,ball_r,6.095986843109131,6.095986843109131,6.095986843109131,1
20,ball_r,6.093925476074219,6.093925476074219,6.093925476074219,1
16,ball_r,6.0935959815979,6.0935959815979,6.0935959815979,1
18,ball_r,6.09348201751709,6.09348201751709,6.09348201751709,1
57,ball_r,6.090879917144775,6.090879917144775,6.090879917144775,1
22,ball_r,6.089987277984619,6.089987277984619,6.089987277984619,1
13,thumb_01_r,6.087457180023193,6.087457180023193,6.087457180023193,1
61,ball_r,6.086043834686279,6.086043834686279,6.086043834686279,1
30,ball_r,6.084392547607422,6.084392547607422,6.084392547607422,1
71,ball_r,6.082000732421875,6.082000732421875,6.082000732421875,1
0,pinky_01_r,6.078381538391113,6.078381538391113,6.078381538391113,1
60,ball_r,6.078228950500488,6.078228950500488,6.078228950500488,1
58,lowerarm_r,6.072525978088379,6.072525978088379,6.072525978088379,1
42,hand_l,6.06921911239624,6.06921911239624,6.06921911239624,1
22,thumb_01_r,6.068365573883057,6.068365573883057,6.068365573883057,1
4,upperarm_l,6.066983699798584,6.066983699798584,6.066983699798584,1
14,thumb_01_r,6.066718578338623,6.066718578338623,6.066718578338623,1
31,thumb_01_r,6.066383361816406,6.066383361816406,6.066383361816406,1
17,lowerarm_l,6.065199851989746,6.065199851989746,6.065199851989746,1
46,RUpArmTwist_l_01,6.059444427490234,6.059444427490234,6.059444427490234,1
19,thumb_01_r,6.05939245223999,6.05939245223999,6.05939245223999,1
16,thumb_01_r,6.057188510894775,6.057188510894775,6.057188510894775,1
18,thumb_01_r,6.056858539581299,6.056858539581299,6.056858539581299,1
47,thumb_01_r,6.0563483238220215,6.0563483238220215,6.0563483238220215,1
28,thumb_01_r,6.0512495040893555,6.0512495040893555,6.0512495040893555,1
10,ball_r,6.049762725830078,6.049762725830078,6.049762725830078,1
20,thumb_01_r,6.047712326049805,6.047712326049805,6.047712326049805,1
41,RUpArmTwist_r_02,6.047023296356201,6.047023296356201,6.047023296356201,1
27,thumb_01_r,6.044003963470459,6.044003963470459,6.044003963470459,1
26,thumb_01_r,6.041487216949463,6.041487216949463,6.041487216949463,1
25,thumb_01_r,6.041075229644775,6.041075229644775,6.041075229644775,1
51,spine_01,6.034761428833008,6.034761428833008,6.034761428833008,1
21,thumb_01_r,6.0324883460998535,6.0324883460998535,6.0324883460998535,1
17,thumb_01_r,6.030676364898682,6.030676364898682,6.030676364898682,1
48,spine_01,6.028716564178467,6.028716564178467,6.028716564178467,1
9,ball_r,6.026130199432373,6.026130199432373,6.026130199432373,1
23,thumb_01_r,6.021838665008545,6.021838665008545,6.021838665008545,1
3,calf_l,6.021507740020752,6.021507740020752,6.021507740020752,1
45,RUpArmTwist_r_02,6.020542144775391,6.020542144775391,6.020542144775391,1
47,pinky_01_r,6.020027160644531,6.020027160644531,6.020027160644531,1
29,thumb_01_r,6.019267559051514,6.019267559051514,6.019267559051514,1
24,thumb_01_r,6.0049333572387695,6.0049333572387695,6.0049333572387695,1
62,ball_r,5.993813514709473,5.993813514709473,5.993813514709473,1
9,pinky_01_r,5.9916486740112305,5.9916486740112305,5.9916486740112305,1
51,clavicle_l,5.988621234893799,5.988621234893799,5.988621234893799,1
52,spine_01,5.986177444458008,5.986177444458008,5.986177444458008,1
8,RUpArmTwist_r_02,5.984517574310303,5.984517574310303,5.984517574310303,1
9,upperarm_l,5.984304428100586,5.984304428100586,5.984304428100586,1
8,ball_r,5.980271339416504,5.980271339416504,5.980271339416504,1
56,ball_r,5.979128360748291,5.979128360748291,5.979128360748291,1
72,ball_r,5.976229667663574,5.976229667663574,5.976229667663574,1
50,spine_01,5.970580577850342,5.970580577850342,5.970580577850342,1
6,RUpArmTwist_l_01,5.969258785247803,5.969258785247803,5.969258785247803,1
41,pinky_01_r,5.941184043884277,5.941184043884277,5.941184043884277,1
73,ball_r,5.9377031326293945,5.9377031326293945,5.9377031326293945,1
74,foot_r,5.936230182647705,5.936230182647705,5.936230182647705,1
55,ball_r,5.931052207946777,5.931052207946777,5.931052207946777,1
52,clavicle_l,5.92891263961792,5.92891263961792,5.92891263961792,1
53,spine_01,5.92360782623291,5.92360782623291,5.92360782623291,1
16,calf_r,5.923197269439697,5.923197269439697,5.923197269439697,1
30,lowerarm_r,5.920004367828369,5.920004367828369,5.920004367828369,1
60,foot_l,5.90881872177124,5.90881872177124,5.90881872177124,1
12,thumb_01_r,5.907215595245361,5.907215595245361,5.907215595245361,1
58,calf_l,5.903920650482178,5.903920650482178,5.903920650482178,1
56,spine_01,5.893064975738525,5.893064975738525,5.893064975738525,1
78,RUpArmTwist_r_02,5.892053127288818,5.892053127288818,5.892053127288818,1
50,clavicle_l,5.889789581298828,5.889789581298828,5.889789581298828,1
77,RUpArmTwist_r_02,5.889453887939453,5.889453887939453,5.889453887939453,1
10,thigh_r,5.888490676879883,5.888490676879883,5.888490676879883,1
27,calf_l,5.887919902801514,5.887919902801514,5.887919902801514,1
45,RUpArmTwist_l_01,5.8858256340026855,5.8858256340026855,5.8858256340026855,1
29,ball_r,5.883661270141602,5.883661270141602,5.883661270141602,1
24,ball_r,5.881537437438965,5.881537437438965,5.881537437438965,1
27,ball_r,5.88023042678833,5.88023042678833,5.88023042678833,1
28,ball_r,5.879220485687256,5.879220485687256,5.879220485687256,1
23,ball_r,5.878820419311523,5.878820419311523,5.878820419311523,1
19,ball_r,5.874191761016846,5.874191761016846,5.874191761016846,1
74,hand_l,5.872945785522461,5.872945785522461,5.872945785522461,1
66,RUpArmTwist_l_01,5.869772911071777,5.869772911071777,5.869772911071777,1
43,hand_l,5.867866516113281,5.867866516113281,5.867866516113281,1
53,clavicle_l,5.8542561531066895,5.8542561531066895,5.8542561531066895,1
54,spine_01,5.853836536407471,5.853836536407471,5.853836536407471,1
8,foot_r,5.843709468841553,5.843709468841553,5.843709468841553,1
49,clavicle_l,5.82480525970459,5.82480525970459,5.82480525970459,1
40,lowerarm_r,5.822653293609619,5.822653293609619,5.822653293609619,1
9,calf_r,5.820045471191406,5.820045471191406,5.820045471191406,1
74,ball_r,5.819985389709473,5.819985389709473,5.819985389709473,1
10,pinky_01_r,5.807601451873779,5.807601451873779,5.807601451873779,1
40,pinky_01_r,5.805957794189453,5.805957794189453,5.805957794189453,1
55,spine_01,5.789183616638184,5.789183616638184,5.789183616638184,1
84,thumb_01_r,5.78859806060791,5.78859806060791,5.78859806060791,1
48,thumb_01_r,5.7877373695373535,5.7877373695373535,5.7877373695373535,1
85,ball_r,5.785956382751465,5.785956382751465,5.785956382751465,1
76,foot_r,5.7852559089660645,5.7852559089660645,5.7852559089660645,1
15,lowerarm_r,5.779208183288574,5.779208183288574,5.779208183288574,1
78,ball_r,5.764418601989746,5.764418601989746,5.764418601989746,1
37,pinky_01_r,5.7616167068481445,5.7616167068481445,5.7616167068481445,1
77,ball_r,5.754398345947266,5.754398345947266,5.754398345947266,1
65,hand_l,5.753209590911865,5.753209590911865,5.753209590911865,1
39,pinky_01_r,5.7530903816223145,5.7530903816223145,5.7530903816223145,1
34,pinky_01_r,5.751904487609863,5.751904487609863,5.751904487609863,1
18,head,5.751060485839844,5.751060485839844,5.751060485839844,1
76,ball_r,5.740943431854248,5.740943431854248,5.740943431854248,1
29,calf_l,5.739985942840576,5.739985942840576,5.739985942840576,1
43,clavicle_l,5.727529048919678,5.727529048919678,5.727529048919678,1
48,pinky_01_r,5.722357749938965,5.722357749938965,5.722357749938965,1
31,hand_l,5.7198028564453125,5.7198028564453125,5.7198028564453125,1
85,thumb_01_r,5.719451904296875,5.719451904296875,5.719451904296875,1
19,head,5.713987350463867,5.713987350463867,5.713987350463867,1
44,calf_r,5.707904815673828,5.707904815673828,5.707904815673828,1
16,head,5.703850269317627,5.703850269317627,5.703850269317627,1
17,head,5.703407287597656,5.703407287597656,5.703407287597656,1
26,clavicle_l,5.703037261962891,5.703037261962891,5.703037261962891,1
54,clavicle_l,5.701893329620361,5.701893329620361,5.701893329620361,1
6,foot_r,5.7017669677734375,5.7017669677734375,5.7017669677734375,1
75,ball_r,5.701574802398682,5.701574802398682,5.701574802398682,1
57,spine_01,5.699391841888428,5.699391841888428,5.699391841888428,1
7,lowerarm_l,5.6991777420043945,5.6991777420043945,5.6991777420043945,1
44,clavicle_l,5.698589324951172,5.698589324951172,5.698589324951172,1
7,ball_r,5.697850227355957,5.697850227355957,5.697850227355957,1
81,foot_l,5.697721481323242,5.697721481323242,5.697721481323242,1
49,thumb_01_r,5.694151401519775,5.694151401519775,5.694151401519775,1
84,pinky_01_r,5.691499710083008,5.691499710083008,5.691499710083008,1
83,thumb_01_r,5.6881632804870605,5.6881632804870605,5.6881632804870605,1
48,clavicle_l,5.683596134185791,5.683596134185791,5.683596134185791,1
20,thigh_r,5.681528091430664,5.681528091430664,5.681528091430664,1
79,ball_r,5.672815799713135,5.672815799713135,5.672815799713135,1
7,foot_r,5.668992519378662,5.668992519378662,5.668992519378662,1
32,pinky_01_r,5.666696548461914,5.666696548461914,5.666696548461914,1
31,ball_r,5.665188789367676,5.665188789367676,5.665188789367676,1
81,ball_r,5.663480758666992,5.663480758666992,5.663480758666992,1
20,head,5.662996768951416,5.662996768951416,5.662996768951416,1
36,pinky_01_r,5.661121368408203,5.661121368408203,5.661121368408203,1
35,pinky_01_r,5.655858039855957,5.655858039855957,5.655858039855957,1
80,ball_r,5.655372619628906,5.655372619628906,5.655372619628906,1
12,RUpArmTwist_l_02,5.654987812042236,5.654987812042236,5.654987812042236,1
33,ball_r,5.653955459594727,5.653955459594727,5.653955459594727,1
35,ball_r,5.6533122062683105,5.6533122062683105,5.6533122062683105,1
82,ball_r,5.6527228355407715,5.6527228355407715,5.6527228355407715,1
33,pinky_01_r,5.652368545532227,5.652368545532227,5.652368545532227,1
32,ball_r,5.65200138092041,5.65200138092041,5.65200138092041,1
30,pinky_01_r,5.648764133453369,5.648764133453369,5.648764133453369,1
38,pinky_01_r,5.64547872543335,5.64547872543335,5.64547872543335,1
34,ball_r,5.64337158203125,5.64337158203125,5.64337158203125,1
14,RUpArmTwist_l_02,5.642279624938965,5.642279624938965,5.642279624938965,1
27,clavicle_l,5.641528129577637,5.641528129577637,5.641528129577637,1
13,RUpArmTwist_l_02,5.641244888305664,5.641244888305664,5.641244888305664,1
1,ring_01_l,5.639496803283691,5.639496803283691,5.639496803283691,1
45,clavicle_l,5.6368889808654785,5.6368889808654785,5.6368889808654785,1
15,calf_r,5.633755207061768,5.633755207061768,5.633755207061768,1
47,clavicle_l,5.6331377029418945,5.6331377029418945,5.6331377029418945,1
54,ball_r,5.63311243057251,5.63311243057251,5.63311243057251,1
82,thumb_01_r,5.632378578186035,5.632378578186035,5.632378578186035,1
28,hand_l,5.630265235900879,5.630265235900879,5.630265235900879,1
11,pinky_01_r,5.629437446594238,5.629437446594238,5.629437446594238,1
3,spine_02,5.629119396209717,5.629119396209717,5.629119396209717,1
85,pinky_01_r,5.627981185913086,5.627981185913086,5.627981185913086,1
49,pinky_01_r,5.62478494644165,5.62478494644165,5.62478494644165,1
81,thumb_01_r,5.619054317474365,5.619054317474365,5.619054317474365,1
44,hand_l,5.617917537689209,5.617917537689209,5.617917537689209,1
48,foot_r,5.608310222625732,5.608310222625732,5.608310222625732,1
75,hand_l,5.605020999908447,5.605020999908447,5.605020999908447,1
67,RUpArmTwist_l_01,5.601179122924805,5.601179122924805,5.601179122924805,1
46,hand_l,5.600551128387451,5.600551128387451,5.600551128387451,1
15,pinky_01_r,5.598615646362305,5.598615646362305,5.598615646362305,1
42,clavicle_l,5.595439910888672,5.595439910888672,5.595439910888672,1
61,foot_l,5.593320369720459,5.593320369720459,5.593320369720459,1
25,clavicle_l,5.592833042144775,5.592833042144775,5.592833042144775,1
83,pinky_01_r,5.590480804443359,5.590480804443359,5.590480804443359,1
45,hand_l,5.580911159515381,5.580911159515381,5.580911159515381,1
13,pinky_01_r,5.57172966003418,5.57172966003418,5.57172966003418,1
0,ball_l,5.5686235427856445,5.5686235427856445,5.5686235427856445,1
83,ball_r,5.5683112144470215,5.5683112144470215,5.5683112144470215,1
50,thumb_01_r,5.560372829437256,5.560372829437256,5.560372829437256,1
14,pinky_01_r,5.552958965301514,5.552958965301514,5.552958965301514,1
31,pinky_01_r,5.551667213439941,5.551667213439941,5.551667213439941,1
22,pinky_01_r,5.550525665283203,5.550525665283203,5.550525665283203,1
57,lowerarm_r,5.550319194793701,5.550319194793701,5.550319194793701,1
27,hand_l,5.539927005767822,5.539927005767822,5.539927005767822,1
19,pinky_01_r,5.539019584655762,5.539019584655762,5.539019584655762,1
46,clavicle_l,5.538269996643066,5.538269996643066,5.538269996643066,1
18,pinky_01_r,5.537651062011719,5.537651062011719,5.537651062011719,1
16,pinky_01_r,5.537451267242432,5.537451267242432,5.537451267242432,1
58,spine_01,5.537430286407471,5.537430286407471,5.537430286407471,1
82,pinky_01_r,5.536106586456299,5.536106586456299,5.536106586456299,1
80,thumb_01_r,5.535216808319092,5.535216808319092,5.535216808319092,1
21,head,5.534364223480225,5.534364223480225,5.534364223480225,1
28,pinky_01_r,5.5320048332214355,5.5320048332214355,5.5320048332214355,1
84,ball_r,5.529173851013184,5.529173851013184,5.529173851013184,1
2,ring_01_l,5.524745464324951,5.524745464324951,5.524745464324951,1
29,hand_l,5.522823810577393,5.522823810577393,5.522823810577393,1
27,pinky_01_r,5.522078990936279,5.522078990936279,5.522078990936279,1
81,pinky_01_r,5.521042823791504,5.521042823791504,5.521042823791504,1
28,clavicle_l,5.5209431648254395,5.5209431648254395,5.5209431648254395,1
20,pinky_01_r,5.519656658172607,5.519656658172607,5.519656658172607,1
10,calf_r,5.517275810241699,5.517275810241699,5.517275810241699,1
26,pinky_01_r,5.515880107879639,5.515880107879639,5.515880107879639,1
85,hand_l,5.515477657318115,5.515477657318115,5.515477657318115,1
41,clavicle_l,5.515139579772949,5.515139579772949,5.515139579772949,1
25,pinky_01_r,5.5150604248046875,5.5150604248046875,5.5150604248046875,1
15,head,5.513545989990234,5.513545989990234,5.513545989990234,1
79,thumb_01_r,5.50670051574707,5.50670051574707,5.50670051574707,1
76,hand_l,5.505949020385742,5.505949020385742,5.505949020385742,1
50,pinky_01_r,5.505805969238281,5.505805969238281,5.505805969238281,1
55,clavicle_l,5.503061294555664,5.503061294555664,5.503061294555664,1
21,pinky_01_r,5.502719402313232,5.502719402313232,5.502719402313232,1
17,pinky_01_r,5.498261451721191,5.498261451721191,5.498261451721191,1
79,RUpArmTwist_r_02,5.4979753494262695,5.4979753494262695,5.4979753494262695,1
5,RUpArmTwist_l_01,5.49058723449707,5.49058723449707,5.49058723449707,1
23,pinky_01_r,5.485813140869141,5.485813140869141,5.485813140869141,1
29,pinky_01_r,5.482624530792236,5.482624530792236,5.482624530792236,1
4,spine_02,5.480007648468018,5.480007648468018,5.480007648468018,1
1,spine_02,5.475606918334961,5.475606918334961,5.475606918334961,1
5,ball_r,5.468897342681885,5.468897342681885,5.468897342681885,1
77,thumb_01_r,5.464792728424072,5.464792728424072,5.464792728424072,1
80,pinky_01_r,5.464104652404785,5.464104652404785,5.464104652404785,1
77,foot_r,5.462255954742432,5.462255954742432,5.462255954742432,1
24,pinky_01_r,5.461108684539795,5.461108684539795,5.461108684539795,1
6,ball_r,5.4607930183410645,5.4607930183410645,5.4607930183410645,1
78,thumb_01_r,5.457344055175781,5.457344055175781,5.457344055175781,1
57,neck_01,5.456649303436279,5.456649303436279,5.456649303436279,1
75,thumb_01_r,5.451333522796631,5.451333522796631,5.451333522796631,1
41,lowerarm_r,5.447286128997803,5.447286128997803,5.447286128997803,1
7,RUpArmTwist_r_02,5.445160865783691,5.445160865783691,5.445160865783691,1
58,neck_01,5.444693565368652,5.444693565368652,5.444693565368652,1
79,pinky_01_r,5.442242622375488,5.442242622375488,5.442242622375488,1
14,calf_r,5.439183712005615,5.439183712005615,5.439183712005615,1
36,ball_r,5.437921047210693,5.437921047210693,5.437921047210693,1
22,head,5.427423000335693,5.427423000335693,5.427423000335693,1
77,pinky_01_r,5.42455530166626,5.42455530166626,5.42455530166626,1
75,pinky_01_r,5.419275760650635,5.419275760650635,5.419275760650635,1
62,foot_l,5.41235876083374,5.41235876083374,5.41235876083374,1
78,pinky_01_r,5.408095836639404,5.408095836639404,5.408095836639404,1
51,pinky_01_r,5.402279853820801,5.402279853820801,5.402279853820801,1
51,thumb_01_r,5.402197360992432,5.402197360992432,5.402197360992432,1
68,RUpArmTwist_l_01,5.399054050445557,5.399054050445557,5.399054050445557,1
57,foot_r,5.392829418182373,5.392829418182373,5.392829418182373,1
59,neck_01,5.390979766845703,5.390979766845703,5.390979766845703,1
73,thumb_01_r,5.382640838623047,5.382640838623047,5.382640838623047,1
53,ball_r,5.3810505867004395,5.3810505867004395,5.3810505867004395,1
56,neck_01,5.375974655151367,5.375974655151367,5.375974655151367,1
73,pinky_01_r,5.375089645385742,5.375089645385742,5.375089645385742,1
60,neck_01,5.3732171058654785,5.3732171058654785,5.3732171058654785,1
76,pinky_01_r,5.371831893920898,5.371831893920898,5.371831893920898,1
76,thumb_01_r,5.368479251861572,5.368479251861572,5.368479251861572,1
30,hand_l,5.365500450134277,5.365500450134277,5.365500450134277,1
29,clavicle_l,5.3644866943359375,5.3644866943359375,5.3644866943359375,1
52,pinky_01_r,5.359360694885254,5.359360694885254,5.359360694885254,1
69,lowerarm_l,5.358829021453857,5.358829021453857,5.358829021453857,1
74,pinky_01_r,5.35420036315918,5.35420036315918,5.35420036315918,1
6,RUpArmTwist_r_02,5.342765808105469,5.342765808105469,5.342765808105469,1
40,clavicle_l,5.340601444244385,5.340601444244385,5.340601444244385,1
72,pinky_01_r,5.340423583984375,5.340423583984375,5.340423583984375,1
24,RUpArmTwist_l_02,5.337788105010986,5.337788105010986,5.337788105010986,1
23,RUpArmTwist_l_02,5.336606502532959,5.336606502532959,5.336606502532959,1
74,thumb_01_r,5.335608005523682,5.335608005523682,5.335608005523682,1
11,calf_r,5.335466384887695,5.335466384887695,5.335466384887695,1
16,RUpArmTwist_l_02,5.334287166595459,5.334287166595459,5.334287166595459,1
22,RUpArmTwist_l_02,5.33283805847168,5.33283805847168,5.33283805847168,1
15,RUpArmTwist_l_02,5.331454753875732,5.331454753875732,5.331454753875732,1
53,pinky_01_r,5.330732345581055,5.330732345581055,5.330732345581055,1
11,RUpArmTwist_l_02,5.329061985015869,5.329061985015869,5.329061985015869,1
54,pinky_01_r,5.327545166015625,5.327545166015625,5.327545166015625,1
24,clavicle_l,5.3259782791137695,5.3259782791137695,5.3259782791137695,1
56,pinky_01_r,5.324061393737793,5.324061393737793,5.324061393737793,1
52,thumb_01_r,5.321650981903076,5.321650981903076,5.321650981903076,1
12,calf_r,5.321649551391602,5.321649551391602,5.321649551391602,1
71,pinky_01_r,5.321381568908691,5.321381568908691,5.321381568908691,1
55,pinky_01_r,5.320448875427246,5.320448875427246,5.320448875427246,1
70,pinky_01_r,5.318990230560303,5.318990230560303,5.318990230560303,1
77,hand_l,5.317924499511719,5.317924499511719,5.317924499511719,1
61,pinky_01_r,5.317193508148193,5.317193508148193,5.317193508148193,1
69,pinky_01_r,5.316504955291748,5.316504955291748,5.316504955291748,1
57,pinky_01_r,5.3162946701049805,5.3162946701049805,5.3162946701049805,1
68,pinky_01_r,5.3143839836120605,5.3143839836120605,5.3143839836120605,1
13,calf_r,5.31067419052124,5.31067419052124,5.31067419052124,1
58,pinky_01_r,5.310510158538818,5.310510158538818,5.310510158538818,1
62,lowerarm_l,5.309981822967529,5.309981822967529,5.309981822967529,1
59,pinky_01_r,5.308933734893799,5.308933734893799,5.308933734893799,1
63,pinky_01_r,5.306801795959473,5.306801795959473,5.306801795959473,1
64,pinky_01_r,5.3058695793151855,5.3058695793151855,5.3058695793151855,1
67,pinky_01_r,5.30562162399292,5.30562162399292,5.30562162399292,1
62,pinky_01_r,5.304434776306152,5.304434776306152,5.304434776306152,1
72,thumb_01_r,5.303408622741699,5.303408622741699,5.303408622741699,1
79,foot_r,5.301997184753418,5.301997184753418,5.301997184753418,1
65,pinky_01_r,5.3015241622924805,5.3015241622924805,5.3015241622924805,1
66,pinky_01_r,5.301386833190918,5.301386833190918,5.301386833190918,1
52,clavicle_r,5.297371864318848,5.297371864318848,5.297371864318848,1
56,clavicle_l,5.2967705726623535,5.2967705726623535,5.2967705726623535,1
12,pinky_01_r,5.293901443481445,5.293901443481445,5.293901443481445,1
69,RUpArmTwist_l_01,5.289186477661133,5.289186477661133,5.289186477661133,1
60,pinky_01_r,5.2883758544921875,5.2883758544921875,5.2883758544921875,1
78,foot_r,5.284280300140381,5.284280300140381,5.284280300140381,1
53,clavicle_r,5.278469562530518,5.278469562530518,5.278469562530518,1
19,thigh_r,5.2767229080200195,5.2767229080200195,5.2767229080200195,1
84,hand_l,5.276449203491211,5.276449203491211,5.276449203491211,1
59,spine_01,5.265069484710693,5.265069484710693,5.265069484710693,1
73,foot_r,5.256393909454346,5.256393909454346,5.256393909454346,1
23,head,5.255640029907227,5.255640029907227,5.255640029907227,1
53,thumb_01_r,5.251879692077637,5.251879692077637,5.251879692077637,1
29,lowerarm_r,5.248077392578125,5.248077392578125,5.248077392578125,1
71,thumb_01_r,5.2451090812683105,5.2451090812683105,5.2451090812683105,1
70,thumb_01_r,5.242850303649902,5.242850303649902,5.242850303649902,1
16,lowerarm_l,5.241805553436279,5.241805553436279,5.241805553436279,1
80,foot_r,5.238530158996582,5.238530158996582,5.238530158996582,1
61,neck_01,5.231266498565674,5.231266498565674,5.231266498565674,1
69,thumb_01_r,5.217817783355713,5.217817783355713,5.217817783355713,1
51,clavicle_r,5.217386245727539,5.217386245727539,5.217386245727539,1
54,thumb_01_r,5.213006019592285,5.213006019592285,5.213006019592285,1
68,thumb_01_r,5.2123637199401855,5.2123637199401855,5.2123637199401855,1
16,lowerarm_r,5.212020397186279,5.212020397186279,5.212020397186279,1
83,hand_l,5.210350036621094,5.210350036621094,5.210350036621094,1
52,thigh_l,5.207395076751709,5.207395076751709,5.207395076751709,1
2,spine_02,5.20179557800293,5.20179557800293,5.20179557800293,1
54,clavicle_r,5.200865745544434,5.200865745544434,5.200865745544434,1
46,ring_01_l,5.193554401397705,5.193554401397705,5.193554401397705,1
26,hand_l,5.192202091217041,5.192202091217041,5.192202091217041,1
67,thumb_01_r,5.191140651702881,5.191140651702881,5.191140651702881,1
62,neck_01,5.190652847290039,5.190652847290039,5.190652847290039,1
55,neck_01,5.188688278198242,5.188688278198242,5.188688278198242,1
39,clavicle_l,5.188286304473877,5.188286304473877,5.188286304473877,1
47,hand_l,5.185065269470215,5.185065269470215,5.185065269470215,1
5,RUpArmTwist_r_02,5.183818340301514,5.183818340301514,5.183818340301514,1
11,thigh_r,5.17790412902832,5.17790412902832,5.17790412902832,1
30,clavicle_l,5.175529956817627,5.175529956817627,5.175529956817627,1
56,thumb_01_r,5.1754560470581055,5.1754560470581055,5.1754560470581055,1
64,thumb_01_r,5.173527717590332,5.173527717590332,5.173527717590332,1
55,thumb_01_r,5.172755718231201,5.172755718231201,5.172755718231201,1
66,thumb_01_r,5.168035507202148,5.168035507202148,5.168035507202148,1
7,spine_01,5.167761325836182,5.167761325836182,5.167761325836182,1
61,thumb_01_r,5.164828777313232,5.164828777313232,5.164828777313232,1
42,lowerarm_r,5.160857677459717,5.160857677459717,5.160857677459717,1
82,hand_l,5.159853458404541,5.159853458404541,5.159853458404541,1
57,thumb_01_r,5.15860652923584,5.15860652923584,5.15860652923584,1
63,thumb_01_r,5.147863864898682,5.147863864898682,5.147863864898682,1
65,thumb_01_r,5.14503288269043,5.14503288269043,5.14503288269043,1
62,thumb_01_r,5.1441874504089355,5.1441874504089355,5.1441874504089355,1
59,thumb_01_r,5.138306140899658,5.138306140899658,5.138306140899658,1
50,clavicle_r,5.136214733123779,5.136214733123779,5.136214733123779,1
14,head,5.134031772613525,5.134031772613525,5.134031772613525,1
58,thumb_01_r,5.131371974945068,5.131371974945068,5.131371974945068,1
24,head,5.125268459320068,5.125268459320068,5.125268459320068,1
63,neck_01,5.117100715637207,5.117100715637207,5.117100715637207,1
57,clavicle_l,5.111291885375977,5.111291885375977,5.111291885375977,1
17,RUpArmTwist_l_02,5.11054801940918,5.11054801940918,5.11054801940918,1
21,RUpArmTwist_l_02,5.110158920288086,5.110158920288086,5.110158920288086,1
25,RUpArmTwist_l_02,5.109636306762695,5.109636306762695,5.109636306762695,1
18,RUpArmTwist_l_02,5.108015537261963,5.108015537261963,5.108015537261963,1
80,RUpArmTwist_r_02,5.107587814331055,5.107587814331055,5.107587814331055,1
5,spine_02,5.104862689971924,5.104862689971924,5.104862689971924,1
65,neck_01,5.1042094230651855,5.1042094230651855,5.1042094230651855,1
55,clavicle_r,5.102527141571045,5.102527141571045,5.102527141571045,1
4,ball_r,5.102421760559082,5.102421760559082,5.102421760559082,1
64,neck_01,5.1008195877075195,5.1008195877075195,5.1008195877075195,1
45,calf_r,5.097104072570801,5.097104072570801,5.097104072570801,1
66,neck_01,5.094638347625732,5.094638347625732,5.094638347625732,1
78,hand_l,5.092886447906494,5.092886447906494,5.092886447906494,1
81,RUpArmTwist_r_02,5.088479518890381,5.088479518890381,5.088479518890381,1
67,neck_01,5.085049629211426,5.085049629211426,5.085049629211426,1
70,RUpArmTwist_l_01,5.077052593231201,5.077052593231201,5.077052593231201,1
0,hand_l,5.064418315887451,5.064418315887451,5.064418315887451,1
4,RUpArmTwist_l_01,5.059780597686768,5.059780597686768,5.059780597686768,1
60,thumb_01_r,5.055592060089111,5.055592060089111,5.055592060089111,1
57,RUpArmTwist_l_02,5.04787540435791,5.04787540435791,5.04787540435791,1
59,RUpArmTwist_l_02,5.047640800476074,5.047640800476074,5.047640800476074,1
58,RUpArmTwist_l_02,5.047187805175781,5.047187805175781,5.047187805175781,1
54,neck_01,5.046535015106201,5.046535015106201,5.046535015106201,1
68,neck_01,5.045634746551514,5.045634746551514,5.045634746551514,1
58,clavicle_l,5.037492752075195,5.037492752075195,5.037492752075195,1
23,clavicle_l,5.032783508300781,5.032783508300781,5.032783508300781,1
56,clavicle_r,5.030956268310547,5.030956268310547,5.030956268310547,1
80,hand_l,5.030434608459473,5.030434608459473,5.030434608459473,1
7,hand_l,5.024065017700195,5.024065017700195,5.024065017700195,1
37,ball_r,5.02187967300415,5.02187967300415,5.02187967300415,1
60,spine_01,5.010194301605225,5.010194301605225,5.010194301605225,1
59,clavicle_l,5.009459018707275,5.009459018707275,5.009459018707275,1
10,RUpArmTwist_l_02,5.00907564163208,5.00907564163208,5.00907564163208,1
0,ball_r,5.007923603057861,5.007923603057861,5.007923603057861,1
9,spine_02,4.997953414916992,4.997953414916992,4.997953414916992,1
8,hand_l,4.992743015289307,4.992743015289307,4.992743015289307,1
12,index_01_l,4.991218566894531,4.991218566894531,4.991218566894531,1
64,hand_l,4.9860029220581055,4.9860029220581055,4.9860029220581055,1
79,hand_l,4.985288143157959,4.985288143157959,4.985288143157959,1
61,head,4.984574317932129,4.984574317932129,4.984574317932129,1
31,clavicle_l,4.979946613311768,4.979946613311768,4.979946613311768,1
8,spine_02,4.970974445343018,4.970974445343018,4.970974445343018,1
38,clavicle_l,4.9576497077941895,4.9576497077941895,4.9576497077941895,1
70,neck_01,4.9523234367370605,4.9523234367370605,4.9523234367370605,1
0,ring_01_l,4.950112819671631,4.950112819671631,4.950112819671631,1
25,head,4.945154190063477,4.945154190063477,4.945154190063477,1
49,clavicle_r,4.944146156311035,4.944146156311035,4.944146156311035,1
69,neck_01,4.943955898284912,4.943955898284912,4.943955898284912,1
8,upperarm_l,4.939804553985596,4.939804553985596,4.939804553985596,1
56,lowerarm_r,4.93752908706665,4.93752908706665,4.93752908706665,1
57,clavicle_r,4.933779716491699,4.933779716491699,4.933779716491699,1
11,ball_l,4.9314866065979,4.9314866065979,4.9314866065979,1
7,spine_02,4.920844078063965,4.920844078063965,4.920844078063965,1
80,foot_l,4.919561862945557,4.919561862945557,4.919561862945557,1
5,upperarm_l,4.917352199554443,4.917352199554443,4.917352199554443,1
61,spine_01,4.911166667938232,4.911166667938232,4.911166667938232,1
62,head,4.909099102020264,4.909099102020264,4.909099102020264,1
60,clavicle_l,4.9050612449646,4.9050612449646,4.9050612449646,1
24,index_01_l,4.902612686157227,4.902612686157227,4.902612686157227,1
71,neck_01,4.901444435119629,4.901444435119629,4.901444435119629,1
29,index_01_l,4.895118713378906,4.895118713378906,4.895118713378906,1
23,index_01_l,4.891305923461914,4.891305923461914,4.891305923461914,1
64,head,4.891211986541748,4.891211986541748,4.891211986541748,1
53,neck_01,4.890174865722656,4.890174865722656,4.890174865722656,1
17,index_01_l,4.887953758239746,4.887953758239746,4.887953758239746,1
21,index_01_l,4.8854851722717285,4.8854851722717285,4.8854851722717285,1
26,RUpArmTwist_l_02,4.8842692375183105,4.8842692375183105,4.8842692375183105,1
20,RUpArmTwist_l_02,4.883299827575684,4.883299827575684,4.883299827575684,1
19,RUpArmTwist_l_02,4.882522106170654,4.882522106170654,4.882522106170654,1
26,index_01_l,4.87660551071167,4.87660551071167,4.87660551071167,1
25,index_01_l,4.875307083129883,4.875307083129883,4.875307083129883,1
27,index_01_l,4.874451160430908,4.874451160430908,4.874451160430908,1
20,index_01_l,4.874360084533691,4.874360084533691,4.874360084533691,1
3,ball_r,4.8738484382629395,4.8738484382629395,4.8738484382629395,1
16,index_01_l,4.8720808029174805,4.8720808029174805,4.8720808029174805,1
28,index_01_l,4.87117338180542,4.87117338180542,4.87117338180542,1
18,thigh_r,4.868585109710693,4.868585109710693,4.868585109710693,1
18,index_01_l,4.867827415466309,4.867827415466309,4.867827415466309,1
14,index_01_l,4.86639404296875,4.86639404296875,4.86639404296875,1
19,index_01_l,4.865458965301514,4.865458965301514,4.865458965301514,1
31,index_01_l,4.862823009490967,4.862823009490967,4.862823009490967,1
12,thigh_r,4.858649253845215,4.858649253845215,4.858649253845215,1
22,index_01_l,4.856839656829834,4.856839656829834,4.856839656829834,1
63,head,4.8566813468933105,4.8566813468933105,4.8566813468933105,1
13,index_01_l,4.8566694259643555,4.8566694259643555,4.8566694259643555,1
72,neck_01,4.855659008026123,4.855659008026123,4.855659008026123,1
26,head,4.85075569152832,4.85075569152832,4.85075569152832,1
13,head,4.84631872177124,4.84631872177124,4.84631872177124,1
15,index_01_l,4.841229438781738,4.841229438781738,4.841229438781738,1
22,clavicle_l,4.840653896331787,4.840653896331787,4.840653896331787,1
9,hand_l,4.838876247406006,4.838876247406006,4.838876247406006,1
11,index_01_l,4.8369526863098145,4.8369526863098145,4.8369526863098145,1
63,foot_l,4.8306498527526855,4.8306498527526855,4.8306498527526855,1
2,ball_r,4.827876567840576,4.827876567840576,4.827876567840576,1
38,index_01_l,4.822201251983643,4.822201251983643,4.822201251983643,1
58,clavicle_r,4.818572044372559,4.818572044372559,4.818572044372559,1
52,neck_01,4.818334579467773,4.818334579467773,4.818334579467773,1
13,clavicle_l,4.818272590637207,4.818272590637207,4.818272590637207,1
33,index_01_l,4.815110683441162,4.815110683441162,4.815110683441162,1
35,index_01_l,4.814560413360596,4.814560413360596,4.814560413360596,1
30,index_01_l,4.814301490783691,4.814301490783691,4.814301490783691,1
36,index_01_l,4.814187049865723,4.814187049865723,4.814187049865723,1
36,clavicle_l,4.810765266418457,4.810765266418457,4.810765266418457,1
62,spine_01,4.8097076416015625,4.8097076416015625,4.8097076416015625,1
32,index_01_l,4.805950164794922,4.805950164794922,4.805950164794922,1
32,clavicle_l,4.805778980255127,4.805778980255127,4.805778980255127,1
47,ring_01_l,4.797674655914307,4.797674655914307,4.797674655914307,1
20,clavicle_l,4.795774459838867,4.795774459838867,4.795774459838867,1
71,RUpArmTwist_l_01,4.795766353607178,4.795766353607178,4.795766353607178,1
55,thigh_l,4.7928361892700195,4.7928361892700195,4.7928361892700195,1
37,clavicle_l,4.79154634475708,4.79154634475708,4.79154634475708,1
1,ball_r,4.790670394897461,4.790670394897461,4.790670394897461,1
12,clavicle_l,4.789988994598389,4.789988994598389,4.789988994598389,1
35,clavicle_l,4.789140701293945,4.789140701293945,4.789140701293945,1
19,clavicle_l,4.782476902008057,4.782476902008057,4.782476902008057,1
42,ball_r,4.772461414337158,4.772461414337158,4.772461414337158,1
18,clavicle_l,4.771542072296143,4.771542072296143,4.771542072296143,1
48,clavicle_r,4.771477222442627,4.771477222442627,4.771477222442627,1
39,index_01_l,4.7674431800842285,4.7674431800842285,4.7674431800842285,1
34,index_01_l,4.766315937042236,4.766315937042236,4.766315937042236,1
37,index_01_l,4.762532711029053,4.762532711029053,4.762532711029053,1
73,neck_01,4.759387493133545,4.759387493133545,4.759387493133545,1
14,clavicle_l,4.757136344909668,4.757136344909668,4.757136344909668,1
17,clavicle_l,4.75602388381958,4.75602388381958,4.75602388381958,1
16,clavicle_l,4.7534966468811035,4.7534966468811035,4.7534966468811035,1
0,spine_02,4.74990177154541,4.74990177154541,4.74990177154541,1
48,hand_l,4.749788284301758,4.749788284301758,4.749788284301758,1
10,index_01_l,4.747690677642822,4.747690677642822,4.747690677642822,1
56,RUpArmTwist_l_02,4.747498989105225,4.747498989105225,4.747498989105225,1
55,RUpArmTwist_l_02,4.747383117675781,4.747383117675781,4.747383117675781,1
61,clavicle_l,4.745837688446045,4.745837688446045,4.745837688446045,1
59,clavicle_r,4.744910717010498,4.744910717010498,4.744910717010498,1
60,RUpArmTwist_l_02,4.744573593139648,4.744573593139648,4.744573593139648,1
60,head,4.7442145347595215,4.7442145347595215,4.7442145347595215,1
59,head,4.739248275756836,4.739248275756836,4.739248275756836,1
74,neck_01,4.738988399505615,4.738988399505615,4.738988399505615,1
40,index_01_l,4.738260746002197,4.738260746002197,4.738260746002197,1
15,clavicle_l,4.73668909072876,4.73668909072876,4.73668909072876,1
17,lowerarm_r,4.7349138259887695,4.7349138259887695,4.7349138259887695,1
33,clavicle_l,4.7281341552734375,4.7281341552734375,4.7281341552734375,1
46,calf_r,4.714503288269043,4.714503288269043,4.714503288269043,1
43,lowerarm_r,4.7086334228515625,4.7086334228515625,4.7086334228515625,1
57,calf_l,4.704006671905518,4.704006671905518,4.704006671905518,1
82,RUpArmTwist_r_02,4.703279495239258,4.703279495239258,4.703279495239258,1
65,head,4.701052188873291,4.701052188873291,4.701052188873291,1
21,clavicle_l,4.69478702545166,4.69478702545166,4.69478702545166,1
83,RUpArmTwist_r_02,4.689733505249023,4.689733505249023,4.689733505249023,1
34,clavicle_l,4.684395790100098,4.684395790100098,4.684395790100098,1
60,clavicle_r,4.681900501251221,4.681900501251221,4.681900501251221,1
63,spine_01,4.679594993591309,4.679594993591309,4.679594993591309,1
58,head,4.674960613250732,4.674960613250732,4.674960613250732,1
27,head,4.672213077545166,4.672213077545166,4.672213077545166,1
81,foot_r,4.671686172485352,4.671686172485352,4.671686172485352,1
63,hand_l,4.666714191436768,4.666714191436768,4.666714191436768,1
38,ball_r,4.665846824645996,4.665846824645996,4.665846824645996,1
41,index_01_l,4.663729190826416,4.663729190826416,4.663729190826416,1
60,hand_l,4.656204700469971,4.656204700469971,4.656204700469971,1
9,index_01_l,4.650787353515625,4.650787353515625,4.650787353515625,1
66,head,4.642596244812012,4.642596244812012,4.642596244812012,1
75,neck_01,4.635265827178955,4.635265827178955,4.635265827178955,1
64,spine_01,4.634459972381592,4.634459972381592,4.634459972381592,1
3,RUpArmTwist_r_02,4.632711410522461,4.632711410522461,4.632711410522461,1
62,clavicle_l,4.626670837402344,4.626670837402344,4.626670837402344,1
51,neck_01,4.612518310546875,4.612518310546875,4.612518310546875,1
6,spine_02,4.6107988357543945,4.6107988357543945,4.6107988357543945,1
42,neck_01,4.606338977813721,4.606338977813721,4.606338977813721,1
58,foot_r,4.599333763122559,4.599333763122559,4.599333763122559,1
67,head,4.5981125831604,4.5981125831604,4.5981125831604,1
61,clavicle_r,4.598006725311279,4.598006725311279,4.598006725311279,1
81,hand_l,4.583631992340088,4.583631992340088,4.583631992340088,1
8,lowerarm_l,4.581940174102783,4.581940174102783,4.581940174102783,1
13,ball_l,4.581506729125977,4.581506729125977,4.581506729125977,1
4,RUpArmTwist_r_02,4.579287052154541,4.579287052154541,4.579287052154541,1
50,neck_01,4.5761399269104,4.5761399269104,4.5761399269104,1
61,hand_l,4.575582504272461,4.575582504272461,4.575582504272461,1
64,foot_l,4.572985649108887,4.572985649108887,4.572985649108887,1
41,neck_01,4.572030067443848,4.572030067443848,4.572030067443848,1
28,head,4.571859836578369,4.571859836578369,4.571859836578369,1
0,RUpArmTwist_r_02,4.564746379852295,4.564746379852295,4.564746379852295,1
68,head,4.563885688781738,4.563885688781738,4.563885688781738,1
1,hand_l,4.562243461608887,4.562243461608887,4.562243461608887,1
43,neck_01,4.5564775466918945,4.5564775466918945,4.5564775466918945,1
6,hand_l,4.549289226531982,4.549289226531982,4.549289226531982,1
65,spine_01,4.5395941734313965,4.5395941734313965,4.5395941734313965,1
28,lowerarm_r,4.530086040496826,4.530086040496826,4.530086040496826,1
12,head,4.521212577819824,4.521212577819824,4.521212577819824,1
11,clavicle_l,4.516109943389893,4.516109943389893,4.516109943389893,1
62,hand_l,4.509754657745361,4.509754657745361,4.509754657745361,1
63,clavicle_l,4.5063252449035645,4.5063252449035645,4.5063252449035645,1
54,thigh_l,4.50468635559082,4.50468635559082,4.50468635559082,1
53,thigh_l,4.49915075302124,4.49915075302124,4.49915075302124,1
40,neck_01,4.490884780883789,4.490884780883789,4.490884780883789,1
8,index_01_l,4.4895219802856445,4.4895219802856445,4.4895219802856445,1
62,clavicle_r,4.4887495040893555,4.4887495040893555,4.4887495040893555,1
42,index_01_l,4.484521865844727,4.484521865844727,4.484521865844727,1
57,head,4.474650859832764,4.474650859832764,4.474650859832764,1
66,spine_01,4.455935001373291,4.455935001373291,4.455935001373291,1
49,neck_01,4.451788902282715,4.451788902282715,4.451788902282715,1
47,clavicle_r,4.449306964874268,4.449306964874268,4.449306964874268,1
54,RUpArmTwist_l_02,4.447459697723389,4.447459697723389,4.447459697723389,1
46,calf_l,4.447422981262207,4.447422981262207,4.447422981262207,1
61,RUpArmTwist_l_02,4.446901321411133,4.446901321411133,4.446901321411133,1
76,neck_01,4.446743488311768,4.446743488311768,4.446743488311768,1
72,RUpArmTwist_l_01,4.440381050109863,4.440381050109863,4.440381050109863,1
72,foot_r,4.439295291900635,4.439295291900635,4.439295291900635,1
27,RUpArmTwist_l_02,4.433244705200195,4.433244705200195,4.433244705200195,1
63,clavicle_r,4.422604560852051,4.422604560852051,4.422604560852051,1
85,spine_02,4.417690753936768,4.417690753936768,4.417690753936768,1
1,RUpArmTwist_r_02,4.40801477432251,4.40801477432251,4.40801477432251,1
69,head,4.401930332183838,4.401930332183838,4.401930332183838,1
44,neck_01,4.394654273986816,4.394654273986816,4.394654273986816,1
6,spine_01,4.392426013946533,4.392426013946533,4.392426013946533,1
29,head,4.3852925300598145,4.3852925300598145,4.3852925300598145,1
3,RUpArmTwist_l_01,4.378505706787109,4.378505706787109,4.378505706787109,1
9,RUpArmTwist_l_02,4.378187656402588,4.378187656402588,4.378187656402588,1
64,clavicle_r,4.372608184814453,4.372608184814453,4.372608184814453,1
4,hand_l,4.366387367248535,4.366387367248535,4.366387367248535,1
43,index_01_l,4.3608245849609375,4.3608245849609375,4.3608245849609375,1
17,thigh_r,4.359668254852295,4.359668254852295,4.359668254852295,1
77,neck_01,4.3580498695373535,4.3580498695373535,4.3580498695373535,1
39,neck_01,4.350780963897705,4.350780963897705,4.350780963897705,1
3,hand_l,4.346609115600586,4.346609115600586,4.346609115600586,1
65,foot_l,4.345498085021973,4.345498085021973,4.345498085021973,1
15,lowerarm_l,4.343445301055908,4.343445301055908,4.343445301055908,1
64,clavicle_l,4.342309474945068,4.342309474945068,4.342309474945068,1
48,neck_01,4.340342998504639,4.340342998504639,4.340342998504639,1
44,lowerarm_r,4.336455821990967,4.336455821990967,4.336455821990967,1
67,spine_01,4.318099498748779,4.318099498748779,4.318099498748779,1
13,thigh_r,4.309517860412598,4.309517860412598,4.309517860412598,1
78,neck_01,4.304994106292725,4.304994106292725,4.304994106292725,1
12,middle_01_l,4.3031182289123535,4.3031182289123535,4.3031182289123535,1
85,RUpArmTwist_r_02,4.3010969161987305,4.3010969161987305,4.3010969161987305,1
65,clavicle_r,4.29548978805542,4.29548978805542,4.29548978805542,1
47,neck_01,4.293541431427002,4.293541431427002,4.293541431427002,1
11,head,4.293431758880615,4.293431758880615,4.293431758880615,1
7,index_01_l,4.292969226837158,4.292969226837158,4.292969226837158,1
70,head,4.288599491119385,4.288599491119385,4.288599491119385,1
84,RUpArmTwist_r_02,4.287315845489502,4.287315845489502,4.287315845489502,1
66,clavicle_r,4.2794389724731445,4.2794389724731445,4.2794389724731445,1
45,neck_01,4.276505470275879,4.276505470275879,4.276505470275879,1
48,ring_01_l,4.270806312561035,4.270806312561035,4.270806312561035,1
46,clavicle_r,4.268965244293213,4.268965244293213,4.268965244293213,1
65,clavicle_l,4.267328262329102,4.267328262329102,4.267328262329102,1
55,lowerarm_r,4.261857986450195,4.261857986450195,4.261857986450195,1
84,ring_01_l,4.260777950286865,4.260777950286865,4.260777950286865,1
56,head,4.257382869720459,4.257382869720459,4.257382869720459,1
67,clavicle_r,4.248500347137451,4.248500347137451,4.248500347137451,1
6,upperarm_l,4.247959613800049,4.247959613800049,4.247959613800049,1
79,foot_l,4.24567985534668,4.24567985534668,4.24567985534668,1
68,clavicle_r,4.2449870109558105,4.2449870109558105,4.2449870109558105,1
5,hand_l,4.244326114654541,4.244326114654541,4.244326114654541,1
66,foot_l,4.237805366516113,4.237805366516113,4.237805366516113,1
15,thigh_r,4.2349677085876465,4.2349677085876465,4.2349677085876465,1
16,thigh_r,4.232268333435059,4.232268333435059,4.232268333435059,1
24,middle_01_l,4.224376678466797,4.224376678466797,4.224376678466797,1
2,RUpArmTwist_r_02,4.224277496337891,4.224277496337891,4.224277496337891,1
85,clavicle_r,4.221903324127197,4.221903324127197,4.221903324127197,1
29,middle_01_l,4.216194152832031,4.216194152832031,4.216194152832031,1
23,middle_01_l,4.21428108215332,4.21428108215332,4.21428108215332,1
69,clavicle_r,4.212430953979492,4.212430953979492,4.212430953979492,1
38,neck_01,4.210988521575928,4.210988521575928,4.210988521575928,1
17,middle_01_l,4.210753917694092,4.210753917694092,4.210753917694092,1
21,middle_01_l,4.208608150482178,4.208608150482178,4.208608150482178,1
28,RUpArmTwist_l_02,4.207152843475342,4.207152843475342,4.207152843475342,1
46,neck_01,4.2022385597229,4.2022385597229,4.2022385597229,1
26,middle_01_l,4.200812339782715,4.200812339782715,4.200812339782715,1
2,hand_l,4.20059061050415,4.20059061050415,4.20059061050415,1
25,middle_01_l,4.199774742126465,4.199774742126465,4.199774742126465,1
5,index_01_l,4.19962739944458,4.19962739944458,4.19962739944458,1
20,middle_01_l,4.199032306671143,4.199032306671143,4.199032306671143,1
27,middle_01_l,4.19854736328125,4.19854736328125,4.19854736328125,1
7,upperarm_l,4.198535442352295,4.198535442352295,4.198535442352295,1
10,clavicle_l,4.1979780197143555,4.1979780197143555,4.1979780197143555,1
16,middle_01_l,4.1958417892456055,4.1958417892456055,4.1958417892456055,1
28,middle_01_l,4.194797039031982,4.194797039031982,4.194797039031982,1
18,middle_01_l,4.191957950592041,4.191957950592041,4.191957950592041,1
39,ball_r,4.191832542419434,4.191832542419434,4.191832542419434,1
19,middle_01_l,4.191054821014404,4.191054821014404,4.191054821014404,1
14,middle_01_l,4.190540790557861,4.190540790557861,4.190540790557861,1
84,spine_02,4.188854217529297,4.188854217529297,4.188854217529297,1
79,neck_01,4.187231540679932,4.187231540679932,4.187231540679932,1
31,middle_01_l,4.185993194580078,4.185993194580078,4.185993194580078,1
30,head,4.183436393737793,4.183436393737793,4.183436393737793,1
22,middle_01_l,4.182991027832031,4.182991027832031,4.182991027832031,1
13,middle_01_l,4.181460857391357,4.181460857391357,4.181460857391357,1
68,spine_01,4.175616264343262,4.175616264343262,4.175616264343262,1
85,ring_01_l,4.175323486328125,4.175323486328125,4.175323486328125,1
6,index_01_l,4.174555778503418,4.174555778503418,4.174555778503418,1
15,middle_01_l,4.167656898498535,4.167656898498535,4.167656898498535,1
11,middle_01_l,4.162805557250977,4.162805557250977,4.162805557250977,1
10,hand_l,4.157987117767334,4.157987117767334,4.157987117767334,1
52,RUpArmTwist_l_02,4.150149345397949,4.150149345397949,4.150149345397949,1
38,middle_01_l,4.147825717926025,4.147825717926025,4.147825717926025,1
53,RUpArmTwist_l_02,4.147749423980713,4.147749423980713,4.147749423980713,1
62,RUpArmTwist_l_02,4.145313739776611,4.145313739776611,4.145313739776611,1
49,ring_01_l,4.14336633682251,4.14336633682251,4.14336633682251,1
30,middle_01_l,4.142396926879883,4.142396926879883,4.142396926879883,1
33,middle_01_l,4.141536712646484,4.141536712646484,4.141536712646484,1
35,middle_01_l,4.140594482421875,4.140594482421875,4.140594482421875,1
36,middle_01_l,4.140066146850586,4.140066146850586,4.140066146850586,1
32,middle_01_l,4.133993625640869,4.133993625640869,4.133993625640869,1
83,ring_01_l,4.132054328918457,4.132054328918457,4.132054328918457,1
25,hand_l,4.130193710327148,4.130193710327148,4.130193710327148,1
0,clavicle_r,4.121800899505615,4.121800899505615,4.121800899505615,1
70,clavicle_r,4.120264530181885,4.120264530181885,4.120264530181885,1
10,spine_02,4.1068034172058105,4.1068034172058105,4.1068034172058105,1
71,head,4.106703281402588,4.106703281402588,4.106703281402588,1
4,index_01_l,4.104316711425781,4.104316711425781,4.104316711425781,1
66,clavicle_l,4.1036458015441895,4.1036458015441895,4.1036458015441895,1
67,calf_r,4.099477291107178,4.099477291107178,4.099477291107178,1
39,middle_01_l,4.097142696380615,4.097142696380615,4.097142696380615,1
49,hand_l,4.096623420715332,4.096623420715332,4.096623420715332,1
36,neck_01,4.096229553222656,4.096229553222656,4.096229553222656,1
34,middle_01_l,4.095993995666504,4.095993995666504,4.095993995666504,1
37,middle_01_l,4.091897964477539,4.091897964477539,4.091897964477539,1
69,calf_r,4.088230133056641,4.088230133056641,4.088230133056641,1
44,index_01_l,4.087853908538818,4.087853908538818,4.087853908538818,1
73,RUpArmTwist_l_01,4.083680152893066,4.083680152893066,4.083680152893066,1
51,hand_l,4.081103324890137,4.081103324890137,4.081103324890137,1
10,middle_01_l,4.079872131347656,4.079872131347656,4.079872131347656,1
82,ring_01_l,4.073421478271484,4.073421478271484,4.073421478271484,1
5,spine_01,4.073202133178711,4.073202133178711,4.073202133178711,1
40,middle_01_l,4.070638656616211,4.070638656616211,4.070638656616211,1
37,neck_01,4.070558071136475,4.070558071136475,4.070558071136475,1
81,ring_01_l,4.057893753051758,4.057893753051758,4.057893753051758,1
8,RUpArmTwist_l_02,4.045274257659912,4.045274257659912,4.045274257659912,1
5,neck_01,4.042166233062744,4.042166233062744,4.042166233062744,1
80,neck_01,4.039117813110352,4.039117813110352,4.039117813110352,1
22,ball_l,4.027468681335449,4.027468681335449,4.027468681335449,1
4,neck_01,4.022233486175537,4.022233486175537,4.022233486175537,1
50,hand_l,4.019742012023926,4.019742012023926,4.019742012023926,1
14,thigh_r,4.017019748687744,4.017019748687744,4.017019748687744,1
67,foot_l,4.011146545410156,4.011146545410156,4.011146545410156,1
50,ring_01_l,4.011099815368652,4.011099815368652,4.011099815368652,1
8,neck_01,4.010164737701416,4.010164737701416,4.010164737701416,1
84,clavicle_r,4.007083415985107,4.007083415985107,4.007083415985107,1
10,head,4.005777359008789,4.005777359008789,4.005777359008789,1
41,middle_01_l,4.002202987670898,4.002202987670898,4.002202987670898,1
35,neck_01,3.9988725185394287,3.9988725185394287,3.9988725185394287,1
80,ring_01_l,3.9913761615753174,3.9913761615753174,3.9913761615753174,1
11,spine_02,3.9913623332977295,3.9913623332977295,3.9913623332977295,1
83,spine_02,3.990572214126587,3.990572214126587,3.990572214126587,1
9,middle_01_l,3.987837076187134,3.987837076187134,3.987837076187134,1
6,neck_01,3.9866440296173096,3.9866440296173096,3.9866440296173096,1
51,RUpArmTwist_l_02,3.9850542545318604,3.9850542545318604,3.9850542545318604,1
29,RUpArmTwist_l_02,3.984050750732422,3.984050750732422,3.984050750732422,1
41,ball_r,3.9811925888061523,3.9811925888061523,3.9811925888061523,1
30,RUpArmTwist_l_02,3.9748504161834717,3.9748504161834717,3.9748504161834717,1
68,lowerarm_l,3.9726638793945312,3.9726638793945312,3.9726638793945312,1
81,neck_01,3.9716804027557373,3.9716804027557373,3.9716804027557373,1
79,ring_01_l,3.969493865966797,3.969493865966797,3.969493865966797,1
67,clavicle_l,3.962399482727051,3.962399482727051,3.962399482727051,1
21,ball_l,3.9619858264923096,3.9619858264923096,3.9619858264923096,1
55,head,3.960857391357422,3.960857391357422,3.960857391357422,1
31,head,3.9480202198028564,3.9480202198028564,3.9480202198028564,1
18,lowerarm_r,3.9473907947540283,3.9473907947540283,3.9473907947540283,1
77,ring_01_l,3.9448254108428955,3.9448254108428955,3.9448254108428955,1
12,spine_02,3.9419443607330322,3.9419443607330322,3.9419443607330322,1
7,neck_01,3.9390268325805664,3.9390268325805664,3.9390268325805664,1
82,neck_01,3.938591957092285,3.938591957092285,3.938591957092285,1
45,clavicle_r,3.9361884593963623,3.9361884593963623,3.9361884593963623,1
75,ring_01_l,3.935710906982422,3.935710906982422,3.935710906982422,1
78,ring_01_l,3.9337399005889893,3.9337399005889893,3.9337399005889893,1
23,ball_l,3.927194118499756,3.927194118499756,3.927194118499756,1
71,clavicle_r,3.9268205165863037,3.9268205165863037,3.9268205165863037,1
72,head,3.923969268798828,3.923969268798828,3.923969268798828,1
19,ball_l,3.921631336212158,3.921631336212158,3.921631336212158,1
40,ball_r,3.920483350753784,3.920483350753784,3.920483350753784,1
9,clavicle_l,3.919956684112549,3.919956684112549,3.919956684112549,1
84,neck_01,3.917104482650757,3.917104482650757,3.917104482650757,1
51,ring_01_l,3.9123170375823975,3.9123170375823975,3.9123170375823975,1
69,spine_01,3.901472330093384,3.901472330093384,3.901472330093384,1
1,clavicle_r,3.8970584869384766,3.8970584869384766,3.8970584869384766,1
83,clavicle_r,3.8961784839630127,3.8961784839630127,3.8961784839630127,1
73,ring_01_l,3.8953359127044678,3.8953359127044678,3.8953359127044678,1
76,ring_01_l,3.894354820251465,3.894354820251465,3.894354820251465,1
3,index_01_l,3.893690347671509,3.893690347671509,3.893690347671509,1
85,neck_01,3.889387607574463,3.889387607574463,3.889387607574463,1
74,ring_01_l,3.8780362606048584,3.8780362606048584,3.8780362606048584,1
52,ring_01_l,3.8744618892669678,3.8744618892669678,3.8744618892669678,1
45,index_01_l,3.87442946434021,3.87442946434021,3.87442946434021,1
3,neck_01,3.869387149810791,3.869387149810791,3.869387149810791,1
83,neck_01,3.8684041500091553,3.8684041500091553,3.8684041500091553,1
72,ring_01_l,3.8649210929870605,3.8649210929870605,3.8649210929870605,1
34,neck_01,3.8596510887145996,3.8596510887145996,3.8596510887145996,1
62,ball_l,3.8567159175872803,3.8567159175872803,3.8567159175872803,1
9,neck_01,3.8566203117370605,3.8566203117370605,3.8566203117370605,1
20,ball_l,3.855417251586914,3.855417251586914,3.855417251586914,1
73,head,3.85313081741333,3.85313081741333,3.85313081741333,1
85,foot_r,3.852625846862793,3.852625846862793,3.852625846862793,1
53,ring_01_l,3.8494668006896973,3.8494668006896973,3.8494668006896973,1
71,ring_01_l,3.8463387489318848,3.8463387489318848,3.8463387489318848,1
70,ring_01_l,3.845242977142334,3.845242977142334,3.845242977142334,1
63,RUpArmTwist_l_02,3.8446524143218994,3.8446524143218994,3.8446524143218994,1
82,clavicle_r,3.843111038208008,3.843111038208008,3.843111038208008,1
54,ring_01_l,3.841352701187134,3.841352701187134,3.841352701187134,1
69,ring_01_l,3.8395519256591797,3.8395519256591797,3.8395519256591797,1
68,ring_01_l,3.8384459018707275,3.8384459018707275,3.8384459018707275,1
56,calf_l,3.837958812713623,3.837958812713623,3.837958812713623,1
42,middle_01_l,3.835526943206787,3.835526943206787,3.835526943206787,1
8,middle_01_l,3.8348288536071777,3.8348288536071777,3.8348288536071777,1
56,ring_01_l,3.8342466354370117,3.8342466354370117,3.8342466354370117,1
55,ring_01_l,3.833261489868164,3.833261489868164,3.833261489868164,1
61,ring_01_l,3.832838773727417,3.832838773727417,3.832838773727417,1
67,ring_01_l,3.831895351409912,3.831895351409912,3.831895351409912,1
64,ring_01_l,3.8299591541290283,3.8299591541290283,3.8299591541290283,1
57,ring_01_l,3.8291196823120117,3.8291196823120117,3.8291196823120117,1
10,neck_01,3.826659679412842,3.826659679412842,3.826659679412842,1
18,ball_l,3.8265867233276367,3.8265867233276367,3.8265867233276367,1
66,ring_01_l,3.8262805938720703,3.8262805938720703,3.8262805938720703,1
63,ring_01_l,3.825939416885376,3.825939416885376,3.825939416885376,1
68,clavicle_l,3.8255202770233154,3.8255202770233154,3.8255202770233154,1
59,ring_01_l,3.8250012397766113,3.8250012397766113,3.8250012397766113,1
4,calf_l,3.8249905109405518,3.8249905109405518,3.8249905109405518,1
62,ring_01_l,3.824589729309082,3.824589729309082,3.824589729309082,1
65,ring_01_l,3.823601722717285,3.823601722717285,3.823601722717285,1
58,ring_01_l,3.823122501373291,3.823122501373291,3.823122501373291,1
60,ring_01_l,3.804877281188965,3.804877281188965,3.804877281188965,1
68,foot_l,3.8047525882720947,3.8047525882720947,3.8047525882720947,1
0,neck_01,3.8030216693878174,3.8030216693878174,3.8030216693878174,1
27,lowerarm_r,3.798082113265991,3.798082113265991,3.798082113265991,1
59,ball_l,3.797379970550537,3.797379970550537,3.797379970550537,1
82,spine_02,3.7926855087280273,3.7926855087280273,3.7926855087280273,1
45,ball_l,3.791682243347168,3.791682243347168,3.791682243347168,1
63,lowerarm_l,3.789937973022461,3.789937973022461,3.789937973022461,1
82,foot_r,3.784080743789673,3.784080743789673,3.784080743789673,1
2,clavicle_r,3.781815528869629,3.781815528869629,3.781815528869629,1
8,clavicle_l,3.7652993202209473,3.7652993202209473,3.7652993202209473,1
28,neck_01,3.7596004009246826,3.7596004009246826,3.7596004009246826,1
1,index_01_l,3.759281873703003,3.759281873703003,3.759281873703003,1
27,neck_01,3.7585785388946533,3.7585785388946533,3.7585785388946533,1
33,neck_01,3.7557263374328613,3.7557263374328613,3.7557263374328613,1
31,RUpArmTwist_l_02,3.754775285720825,3.754775285720825,3.754775285720825,1
81,clavicle_r,3.7531137466430664,3.7531137466430664,3.7531137466430664,1
71,foot_r,3.750900983810425,3.750900983810425,3.750900983810425,1
33,RUpArmTwist_l_02,3.7484893798828125,3.7484893798828125,3.7484893798828125,1
32,RUpArmTwist_l_02,3.7481415271759033,3.7481415271759033,3.7481415271759033,1
72,clavicle_r,3.738253116607666,3.738253116607666,3.738253116607666,1
6,calf_l,3.733046293258667,3.733046293258667,3.733046293258667,1
29,ball_l,3.729186534881592,3.729186534881592,3.729186534881592,1
2,index_01_l,3.724959373474121,3.724959373474121,3.724959373474121,1
43,middle_01_l,3.720604658126831,3.720604658126831,3.720604658126831,1
11,neck_01,3.719048261642456,3.719048261642456,3.719048261642456,1
30,ball_l,3.705057144165039,3.705057144165039,3.705057144165039,1
1,neck_01,3.7030482292175293,3.7030482292175293,3.7030482292175293,1
15,ball_l,3.7024927139282227,3.7024927139282227,3.7024927139282227,1
29,neck_01,3.7009358406066895,3.7009358406066895,3.7009358406066895,1
26,neck_01,3.6934709548950195,3.6934709548950195,3.6934709548950195,1
74,head,3.6930863857269287,3.6930863857269287,3.6930863857269287,1
11,hand_l,3.6918411254882812,3.6918411254882812,3.6918411254882812,1
48,RUpArmTwist_l_02,3.6895816326141357,3.6895816326141357,3.6895816326141357,1
45,lowerarm_r,3.6889710426330566,3.6889710426330566,3.6889710426330566,1
69,clavicle_l,3.6848409175872803,3.6848409175872803,3.6848409175872803,1
16,ball_l,3.6845390796661377,3.6845390796661377,3.6845390796661377,1
49,RUpArmTwist_l_02,3.681375503540039,3.681375503540039,3.681375503540039,1
59,hand_l,3.6806983947753906,3.6806983947753906,3.6806983947753906,1
17,ball_l,3.6782984733581543,3.6782984733581543,3.6782984733581543,1
2,neck_01,3.6741738319396973,3.6741738319396973,3.6741738319396973,1
24,ball_l,3.672398090362549,3.672398090362549,3.672398090362549,1
50,RUpArmTwist_l_02,3.6716129779815674,3.6716129779815674,3.6716129779815674,1
44,clavicle_r,3.6701624393463135,3.6701624393463135,3.6701624393463135,1
54,head,3.6695034503936768,3.6695034503936768,3.6695034503936768,1
74,RUpArmTwist_l_01,3.666868209838867,3.666868209838867,3.666868209838867,1
2,RUpArmTwist_l_01,3.663712739944458,3.663712739944458,3.663712739944458,1
40,ball_l,3.6540799140930176,3.6540799140930176,3.6540799140930176,1
12,ball_l,3.653240203857422,3.653240203857422,3.653240203857422,1
38,RUpArmTwist_l_02,3.6531968116760254,3.6531968116760254,3.6531968116760254,1
36,RUpArmTwist_l_02,3.6518776416778564,3.6518776416778564,3.6518776416778564,1
7,middle_01_l,3.6517739295959473,3.6517739295959473,3.6517739295959473,1
35,RUpArmTwist_l_02,3.6517226696014404,3.6517226696014404,3.6517226696014404,1
70,spine_01,3.6480748653411865,3.6480748653411865,3.6480748653411865,1
39,RUpArmTwist_l_02,3.646505355834961,3.646505355834961,3.646505355834961,1
34,RUpArmTwist_l_02,3.6458799839019775,3.6458799839019775,3.6458799839019775,1
37,RUpArmTwist_l_02,3.645599365234375,3.645599365234375,3.645599365234375,1
32,head,3.645216464996338,3.645216464996338,3.645216464996338,1
40,RUpArmTwist_l_02,3.642589807510376,3.642589807510376,3.642589807510376,1
59,foot_r,3.6371798515319824,3.6371798515319824,3.6371798515319824,1
32,neck_01,3.636786460876465,3.636786460876465,3.636786460876465,1
12,neck_01,3.6323325634002686,3.6323325634002686,3.6323325634002686,1
25,ball_l,3.6309187412261963,3.6309187412261963,3.6309187412261963,1
75,head,3.6274704933166504,3.6274704933166504,3.6274704933166504,1
25,neck_01,3.6238837242126465,3.6238837242126465,3.6238837242126465,1
80,clavicle_r,3.6222646236419678,3.6222646236419678,3.6222646236419678,1
46,index_01_l,3.6206588745117188,3.6206588745117188,3.6206588745117188,1
42,ball_l,3.620110511779785,3.620110511779785,3.620110511779785,1
49,calf_r,3.6113481521606445,3.6113481521606445,3.6113481521606445,1
46,spine_02,3.610156774520874,3.610156774520874,3.610156774520874,1
47,spine_02,3.6054704189300537,3.6054704189300537,3.6054704189300537,1
45,spine_02,3.5912554264068604,3.5912554264068604,3.5912554264068604,1
24,neck_01,3.5847487449645996,3.5847487449645996,3.5847487449645996,1
48,spine_02,3.5831403732299805,3.5831403732299805,3.5831403732299805,1
76,head,3.575033664703369,3.575033664703369,3.575033664703369,1
30,neck_01,3.5708584785461426,3.5708584785461426,3.5708584785461426,1
38,ball_l,3.568901777267456,3.568901777267456,3.568901777267456,1
32,ball_l,3.568706512451172,3.568706512451172,3.568706512451172,1
14,ball_l,3.567756175994873,3.567756175994873,3.567756175994873,1
52,hand_l,3.5672807693481445,3.5672807693481445,3.5672807693481445,1
5,middle_01_l,3.5672500133514404,3.5672500133514404,3.5672500133514404,1
81,spine_02,3.567230701446533,3.567230701446533,3.567230701446533,1
0,index_01_l,3.5665910243988037,3.5665910243988037,3.5665910243988037,1
44,spine_02,3.564086437225342,3.564086437225342,3.564086437225342,1
73,clavicle_r,3.563330888748169,3.563330888748169,3.563330888748169,1
31,neck_01,3.5611982345581055,3.5611982345581055,3.5611982345581055,1
64,RUpArmTwist_l_02,3.54463791847229,3.54463791847229,3.54463791847229,1
4,spine_01,3.5444958209991455,3.5444958209991455,3.5444958209991455,1
65,RUpArmTwist_l_02,3.54379940032959,3.54379940032959,3.54379940032959,1
6,middle_01_l,3.543410301208496,3.543410301208496,3.543410301208496,1
54,lowerarm_r,3.54280686378479,3.54280686378479,3.54280686378479,1
9,lowerarm_l,3.5366709232330322,3.5366709232330322,3.5366709232330322,1
43,ball_l,3.5168590545654297,3.5168590545654297,3.5168590545654297,1
47,index_01_l,3.51583194732666,3.51583194732666,3.51583194732666,1
26,ball_l,3.50614857673645,3.50614857673645,3.50614857673645,1
79,clavicle_r,3.505018949508667,3.505018949508667,3.505018949508667,1
31,ball_l,3.5013883113861084,3.5013883113861084,3.5013883113861084,1
28,ball_l,3.4974524974823,3.4974524974823,3.4974524974823,1
23,neck_01,3.4918196201324463,3.4918196201324463,3.4918196201324463,1
4,middle_01_l,3.4817724227905273,3.4817724227905273,3.4817724227905273,1
80,spine_02,3.480198621749878,3.480198621749878,3.480198621749878,1
70,clavicle_l,3.472865104675293,3.472865104675293,3.472865104675293,1
44,middle_01_l,3.46921443939209,3.46921443939209,3.46921443939209,1
21,neck_01,3.4585838317871094,3.4585838317871094,3.4585838317871094,1
49,spine_02,3.4570517539978027,3.4570517539978027,3.4570517539978027,1
77,head,3.45686674118042,3.45686674118042,3.45686674118042,1
74,clavicle_r,3.455848217010498,3.455848217010498,3.455848217010498,1
36,ball_l,3.4535374641418457,3.4535374641418457,3.4535374641418457,1
57,ball_l,3.448270320892334,3.448270320892334,3.448270320892334,1
37,ball_l,3.4430007934570312,3.4430007934570312,3.4430007934570312,1
41,ball_l,3.4353363513946533,3.4353363513946533,3.4353363513946533,1
27,ball_l,3.433289051055908,3.433289051055908,3.433289051055908,1
46,RUpArmTwist_l_02,3.4315407276153564,3.4315407276153564,3.4315407276153564,1
7,clavicle_l,3.4304378032684326,3.4304378032684326,3.4304378032684326,1
33,ball_l,3.4268245697021484,3.4268245697021484,3.4268245697021484,1
43,spine_02,3.4238498210906982,3.4238498210906982,3.4238498210906982,1
35,ball_l,3.420480966567993,3.420480966567993,3.420480966567993,1
39,ball_l,3.4177424907684326,3.4177424907684326,3.4177424907684326,1
34,ball_l,3.414199113845825,3.414199113845825,3.414199113845825,1
9,head,3.4120750427246094,3.4120750427246094,3.4120750427246094,1
47,RUpArmTwist_l_02,3.405918598175049,3.405918598175049,3.405918598175049,1
78,head,3.39847731590271,3.39847731590271,3.39847731590271,1
78,clavicle_r,3.3949966430664062,3.3949966430664062,3.3949966430664062,1
7,RUpArmTwist_l_02,3.394742012023926,3.394742012023926,3.394742012023926,1
79,head,3.392488718032837,3.392488718032837,3.392488718032837,1
61,ball_l,3.3858299255371094,3.3858299255371094,3.3858299255371094,1
60,ball_l,3.379019021987915,3.379019021987915,3.379019021987915,1
3,clavicle_r,3.3760900497436523,3.3760900497436523,3.3760900497436523,1
84,index_01_l,3.3759164810180664,3.3759164810180664,3.3759164810180664,1
48,index_01_l,3.371630907058716,3.371630907058716,3.371630907058716,1
22,neck_01,3.360060930252075,3.360060930252075,3.360060930252075,1
13,neck_01,3.3593053817749023,3.3593053817749023,3.3593053817749023,1
78,foot_l,3.351633071899414,3.351633071899414,3.351633071899414,1
85,index_01_l,3.351421356201172,3.351421356201172,3.351421356201172,1
13,spine_02,3.350698709487915,3.350698709487915,3.350698709487915,1
76,clavicle_r,3.348741054534912,3.348741054534912,3.348741054534912,1
79,spine_02,3.3457040786743164,3.3457040786743164,3.3457040786743164,1
7,LCalfTwist_03,3.34273624420166,3.34273624420166,3.34273624420166,1
83,index_01_l,3.337984323501587,3.337984323501587,3.337984323501587,1
49,index_01_l,3.3362605571746826,3.3362605571746826,3.3362605571746826,1
82,index_01_l,3.3213019371032715,3.3213019371032715,3.3213019371032715,1
33,head,3.3197643756866455,3.3197643756866455,3.3197643756866455,1
19,lowerarm_r,3.318732738494873,3.318732738494873,3.318732738494873,1
81,index_01_l,3.316742420196533,3.316742420196533,3.316742420196533,1
7,LCalfTwist_01,3.3150439262390137,3.3150439262390137,3.3150439262390137,1
75,clavicle_r,3.3143246173858643,3.3143246173858643,3.3143246173858643,1
41,RUpArmTwist_l_02,3.3120651245117188,3.3120651245117188,3.3120651245117188,1
42,spine_02,3.310650587081909,3.310650587081909,3.310650587081909,1
80,head,3.3079562187194824,3.3079562187194824,3.3079562187194824,1
77,clavicle_r,3.307901382446289,3.307901382446289,3.307901382446289,1
53,head,3.3066587448120117,3.3066587448120117,3.3066587448120117,1
24,hand_l,3.3045027256011963,3.3045027256011963,3.3045027256011963,1
8,LCalfTwist_01,3.298630714416504,3.298630714416504,3.298630714416504,1
50,index_01_l,3.2982375621795654,3.2982375621795654,3.2982375621795654,1
80,index_01_l,3.2965829372406006,3.2965829372406006,3.2965829372406006,1
3,middle_01_l,3.295989513397217,3.295989513397217,3.295989513397217,1
71,spine_01,3.2938647270202637,3.2938647270202637,3.2938647270202637,1
79,index_01_l,3.2901010513305664,3.2901010513305664,3.2901010513305664,1
14,neck_01,3.2872753143310547,3.2872753143310547,3.2872753143310547,1
42,RUpArmTwist_l_02,3.2855758666992188,3.2855758666992188,3.2855758666992188,1
43,clavicle_r,3.284047842025757,3.284047842025757,3.284047842025757,1
45,middle_01_l,3.2826027870178223,3.2826027870178223,3.2826027870178223,1
6,LCalfTwist_03,3.2816543579101562,3.2816543579101562,3.2816543579101562,1
77,index_01_l,3.2812998294830322,3.2812998294830322,3.2812998294830322,1
78,index_01_l,3.278783082962036,3.278783082962036,3.278783082962036,1
75,index_01_l,3.278001070022583,3.278001070022583,3.278001070022583,1
18,neck_01,3.2749907970428467,3.2749907970428467,3.2749907970428467,1
19,neck_01,3.2709929943084717,3.2709929943084717,3.2709929943084717,1
51,index_01_l,3.267352819442749,3.267352819442749,3.267352819442749,1
43,RUpArmTwist_l_02,3.2652177810668945,3.2652177810668945,3.2652177810668945,1
73,index_01_l,3.264972686767578,3.264972686767578,3.264972686767578,1
76,index_01_l,3.2640981674194336,3.2640981674194336,3.2640981674194336,1
8,LCalfTwist_03,3.2621266841888428,3.2621266841888428,3.2621266841888428,1
74,index_01_l,3.2584288120269775,3.2584288120269775,3.2584288120269775,1
20,neck_01,3.2578749656677246,3.2578749656677246,3.2578749656677246,1
50,spine_02,3.2552707195281982,3.2552707195281982,3.2552707195281982,1
52,index_01_l,3.2545971870422363,3.2545971870422363,3.2545971870422363,1
85,ball_l,3.254037380218506,3.254037380218506,3.254037380218506,1
72,index_01_l,3.2537307739257812,3.2537307739257812,3.2537307739257812,1
6,clavicle_l,3.253431558609009,3.253431558609009,3.253431558609009,1
71,index_01_l,3.2456912994384766,3.2456912994384766,3.2456912994384766,1
70,index_01_l,3.2456202507019043,3.2456202507019043,3.2456202507019043,1
53,index_01_l,3.2453207969665527,3.2453207969665527,3.2453207969665527,1
66,RUpArmTwist_l_02,3.2434370517730713,3.2434370517730713,3.2434370517730713,1
69,foot_l,3.2432992458343506,3.2432992458343506,3.2432992458343506,1
69,index_01_l,3.2423458099365234,3.2423458099365234,3.2423458099365234,1
68,index_01_l,3.241896867752075,3.241896867752075,3.241896867752075,1
54,index_01_l,3.2410101890563965,3.2410101890563965,3.2410101890563965,1
67,index_01_l,3.239401340484619,3.239401340484619,3.239401340484619,1
82,head,3.2377982139587402,3.2377982139587402,3.2377982139587402,1
64,index_01_l,3.2375600337982178,3.2375600337982178,3.2375600337982178,1
56,index_01_l,3.237122058868408,3.237122058868408,3.237122058868408,1
61,index_01_l,3.2366995811462402,3.2366995811462402,3.2366995811462402,1
55,index_01_l,3.2366714477539062,3.2366714477539062,3.2366714477539062,1
47,ball_l,3.236488103866577,3.236488103866577,3.236488103866577,1
66,index_01_l,3.2363486289978027,3.2363486289978027,3.2363486289978027,1
57,index_01_l,3.234717845916748,3.234717845916748,3.234717845916748,1
63,index_01_l,3.2343645095825195,3.2343645095825195,3.2343645095825195,1
65,index_01_l,3.2340500354766846,3.2340500354766846,3.2340500354766846,1
62,index_01_l,3.234011173248291,3.234011173248291,3.234011173248291,1
7,LCalfTwist_02,3.233870029449463,3.233870029449463,3.233870029449463,1
59,index_01_l,3.2330944538116455,3.2330944538116455,3.2330944538116455,1
58,index_01_l,3.2316627502441406,3.2316627502441406,3.2316627502441406,1
17,neck_01,3.225327968597412,3.225327968597412,3.225327968597412,1
60,index_01_l,3.222877264022827,3.222877264022827,3.222877264022827,1
81,head,3.2223925590515137,3.2223925590515137,3.2223925590515137,1
44,ball_l,3.222085475921631,3.222085475921631,3.222085475921631,1
15,neck_01,3.2202799320220947,3.2202799320220947,3.2202799320220947,1
44,RUpArmTwist_l_02,3.2144508361816406,3.2144508361816406,3.2144508361816406,1
8,head,3.213090419769287,3.213090419769287,3.213090419769287,1
6,LCalfTwist_01,3.2101244926452637,3.2101244926452637,3.2101244926452637,1
78,spine_02,3.20467472076416,3.20467472076416,3.20467472076416,1
8,LCalfTwist_02,3.1851937770843506,3.1851937770843506,3.1851937770843506,1
1,middle_01_l,3.181425094604492,3.181425094604492,3.181425094604492,1
71,clavicle_l,3.1810007095336914,3.1810007095336914,3.1810007095336914,1
5,clavicle_l,3.179447650909424,3.179447650909424,3.179447650909424,1
16,neck_01,3.1752560138702393,3.1752560138702393,3.1752560138702393,1
45,RUpArmTwist_l_02,3.170313835144043,3.170313835144043,3.170313835144043,1
75,RUpArmTwist_l_01,3.168984889984131,3.168984889984131,3.168984889984131,1
46,ball_l,3.164816379547119,3.164816379547119,3.164816379547119,1
9,LCalfTwist_03,3.157036304473877,3.157036304473877,3.157036304473877,1
2,middle_01_l,3.151837110519409,3.151837110519409,3.151837110519409,1
12,hand_l,3.148869752883911,3.148869752883911,3.148869752883911,1
6,LCalfTwist_02,3.146052360534668,3.146052360534668,3.146052360534668,1
83,head,3.1380343437194824,3.1380343437194824,3.1380343437194824,1
5,LCalfTwist_03,3.1195714473724365,3.1195714473724365,3.1195714473724365,1
52,head,3.1099183559417725,3.1099183559417725,3.1099183559417725,1
9,LCalfTwist_01,3.0971384048461914,3.0971384048461914,3.0971384048461914,1
85,head,3.0940120220184326,3.0940120220184326,3.0940120220184326,1
84,head,3.092150926589966,3.092150926589966,3.092150926589966,1
4,LCalfTwist_03,3.0697970390319824,3.0697970390319824,3.0697970390319824,1
46,middle_01_l,3.0659894943237305,3.0659894943237305,3.0659894943237305,1
6,RUpArmTwist_l_02,3.0651345252990723,3.0651345252990723,3.0651345252990723,1
56,ball_l,3.056813955307007,3.056813955307007,3.056813955307007,1
70,foot_l,3.05080246925354,3.05080246925354,3.05080246925354,1
77,spine_02,3.0430755615234375,3.0430755615234375,3.0430755615234375,1
1,RUpArmTwist_l_01,3.0368804931640625,3.0368804931640625,3.0368804931640625,1
4,clavicle_l,3.0310850143432617,3.0310850143432617,3.0310850143432617,1
0,middle_01_l,3.017443895339966,3.017443895339966,3.017443895339966,1
5,LCalfTwist_01,3.016829013824463,3.016829013824463,3.016829013824463,1
4,LCalfTwist_01,3.005342721939087,3.005342721939087,3.005342721939087,1
41,spine_02,3.0045580863952637,3.0045580863952637,3.0045580863952637,1
42,clavicle_r,2.990244150161743,2.990244150161743,2.990244150161743,1
26,lowerarm_r,2.9895200729370117,2.9895200729370117,2.9895200729370117,1
72,spine_01,2.983196258544922,2.983196258544922,2.983196258544922,1
51,spine_02,2.979825019836426,2.979825019836426,2.979825019836426,1
47,middle_01_l,2.978421449661255,2.978421449661255,2.978421449661255,1
4,clavicle_r,2.977003574371338,2.977003574371338,2.977003574371338,1
18,hand_l,2.9756102561950684,2.9756102561950684,2.9756102561950684,1
3,spine_01,2.960618734359741,2.960618734359741,2.960618734359741,1
53,hand_l,2.9584298133850098,2.9584298133850098,2.9584298133850098,1
9,LCalfTwist_02,2.954357385635376,2.954357385635376,2.954357385635376,1
54,ball_l,2.9533846378326416,2.9533846378326416,2.9533846378326416,1
4,LCalfTwist_02,2.9525885581970215,2.9525885581970215,2.9525885581970215,1
5,LCalfTwist_02,2.9505765438079834,2.9505765438079834,2.9505765438079834,1
76,spine_02,2.9475793838500977,2.9475793838500977,2.9475793838500977,1
68,RUpArmTwist_l_02,2.944007635116577,2.944007635116577,2.944007635116577,1
67,RUpArmTwist_l_02,2.9434361457824707,2.9434361457824707,2.9434361457824707,1
17,hand_l,2.9343059062957764,2.9343059062957764,2.9343059062957764,1
84,foot_r,2.9259660243988037,2.9259660243988037,2.9259660243988037,1
14,spine_02,2.925478935241699,2.925478935241699,2.925478935241699,1
34,head,2.917264223098755,2.917264223098755,2.917264223098755,1
70,foot_r,2.917252540588379,2.917252540588379,2.917252540588379,1
47,calf_l,2.915663719177246,2.915663719177246,2.915663719177246,1
69,RUpArmTwist_l_02,2.9077696800231934,2.9077696800231934,2.9077696800231934,1
14,lowerarm_l,2.905778646469116,2.905778646469116,2.905778646469116,1
13,hand_l,2.903724431991577,2.903724431991577,2.903724431991577,1
55,ball_l,2.895693778991699,2.895693778991699,2.895693778991699,1
76,RUpArmTwist_l_01,2.893416404724121,2.893416404724121,2.893416404724121,1
15,hand_l,2.8765411376953125,2.8765411376953125,2.8765411376953125,1
16,hand_l,2.875051498413086,2.875051498413086,2.875051498413086,1
83,foot_r,2.873131513595581,2.873131513595581,2.873131513595581,1
51,head,2.8724863529205322,2.8724863529205322,2.8724863529205322,1
34,spine_02,2.87001895904541,2.87001895904541,2.87001895904541,1
83,ball_l,2.867945909500122,2.867945909500122,2.867945909500122,1
49,ball_l,2.857806444168091,2.857806444168091,2.857806444168091,1
46,lowerarm_r,2.857492685317993,2.857492685317993,2.857492685317993,1
14,hand_l,2.857489824295044,2.857489824295044,2.857489824295044,1
53,lowerarm_r,2.8567440509796143,2.8567440509796143,2.8567440509796143,1
48,middle_01_l,2.85433292388916,2.85433292388916,2.85433292388916,1
84,middle_01_l,2.853318929672241,2.853318929672241,2.853318929672241,1
68,ball_l,2.8459136486053467,2.8459136486053467,2.8459136486053467,1
58,hand_l,2.843339681625366,2.843339681625366,2.843339681625366,1
23,hand_l,2.8323020935058594,2.8323020935058594,2.8323020935058594,1
85,middle_01_l,2.830559730529785,2.830559730529785,2.830559730529785,1
7,head,2.8293111324310303,2.8293111324310303,2.8293111324310303,1
2,clavicle_l,2.8254406452178955,2.8254406452178955,2.8254406452178955,1
49,middle_01_l,2.8236217498779297,2.8236217498779297,2.8236217498779297,1
83,middle_01_l,2.8195738792419434,2.8195738792419434,2.8195738792419434,1
19,hand_l,2.8179497718811035,2.8179497718811035,2.8179497718811035,1
3,LCalfTwist_01,2.808929920196533,2.808929920196533,2.808929920196533,1
82,middle_01_l,2.805588483810425,2.805588483810425,2.805588483810425,1
81,middle_01_l,2.800895929336548,2.800895929336548,2.800895929336548,1
35,spine_02,2.796632766723633,2.796632766723633,2.796632766723633,1
33,spine_02,2.7901885509490967,2.7901885509490967,2.7901885509490967,1
75,spine_02,2.7899868488311768,2.7899868488311768,2.7899868488311768,1
50,middle_01_l,2.789445400238037,2.789445400238037,2.789445400238037,1
71,foot_l,2.7889907360076904,2.7889907360076904,2.7889907360076904,1
3,LCalfTwist_03,2.788363218307495,2.788363218307495,2.788363218307495,1
80,middle_01_l,2.7841410636901855,2.7841410636901855,2.7841410636901855,1
72,clavicle_l,2.7834765911102295,2.7834765911102295,2.7834765911102295,1
3,LCalfTwist_02,2.782545804977417,2.782545804977417,2.782545804977417,1
40,spine_02,2.7793054580688477,2.7793054580688477,2.7793054580688477,1
6,head,2.7792203426361084,2.7792203426361084,2.7792203426361084,1
79,middle_01_l,2.7782604694366455,2.7782604694366455,2.7782604694366455,1
32,spine_02,2.7770516872406006,2.7770516872406006,2.7770516872406006,1
77,middle_01_l,2.772669792175293,2.772669792175293,2.772669792175293,1
75,middle_01_l,2.770313262939453,2.770313262939453,2.770313262939453,1
78,middle_01_l,2.7688117027282715,2.7688117027282715,2.7688117027282715,1
51,middle_01_l,2.766091823577881,2.766091823577881,2.766091823577881,1
5,RUpArmTwist_l_02,2.7616875171661377,2.7616875171661377,2.7616875171661377,1
76,middle_01_l,2.760873317718506,2.760873317718506,2.760873317718506,1
73,middle_01_l,2.7600059509277344,2.7600059509277344,2.7600059509277344,1
70,RUpArmTwist_l_02,2.7596027851104736,2.7596027851104736,2.7596027851104736,1
74,middle_01_l,2.756883382797241,2.756883382797241,2.756883382797241,1
52,middle_01_l,2.756103992462158,2.756103992462158,2.756103992462158,1
72,middle_01_l,2.753251075744629,2.753251075744629,2.753251075744629,1
53,middle_01_l,2.7499840259552,2.7499840259552,2.7499840259552,1
71,middle_01_l,2.7497212886810303,2.7497212886810303,2.7497212886810303,1
61,middle_01_l,2.7493796348571777,2.7493796348571777,2.7493796348571777,1
54,middle_01_l,2.7493319511413574,2.7493319511413574,2.7493319511413574,1
70,middle_01_l,2.7491495609283447,2.7491495609283447,2.7491495609283447,1
69,middle_01_l,2.748634099960327,2.748634099960327,2.748634099960327,1
68,middle_01_l,2.748457193374634,2.748457193374634,2.748457193374634,1
55,middle_01_l,2.7483937740325928,2.7483937740325928,2.7483937740325928,1
56,middle_01_l,2.7483835220336914,2.7483835220336914,2.7483835220336914,1
37,spine_02,2.7479264736175537,2.7479264736175537,2.7479264736175537,1
57,middle_01_l,2.7477993965148926,2.7477993965148926,2.7477993965148926,1
59,middle_01_l,2.7472317218780518,2.7472317218780518,2.7472317218780518,1
64,middle_01_l,2.7472238540649414,2.7472238540649414,2.7472238540649414,1
63,middle_01_l,2.7471325397491455,2.7471325397491455,2.7471325397491455,1
62,middle_01_l,2.746805429458618,2.746805429458618,2.746805429458618,1
58,middle_01_l,2.7467970848083496,2.7467970848083496,2.7467970848083496,1
67,middle_01_l,2.7466788291931152,2.7466788291931152,2.7466788291931152,1
65,middle_01_l,2.7460567951202393,2.7460567951202393,2.7460567951202393,1
66,middle_01_l,2.7458231449127197,2.7458231449127197,2.7458231449127197,1
60,middle_01_l,2.743546724319458,2.743546724319458,2.743546724319458,1
4,RUpArmTwist_l_02,2.7431929111480713,2.7431929111480713,2.7431929111480713,1
82,ball_l,2.7426764965057373,2.7426764965057373,2.7426764965057373,1
10,LCalfTwist_01,2.738872528076172,2.738872528076172,2.738872528076172,1
81,ball_l,2.733361005783081,2.733361005783081,2.733361005783081,1
3,clavicle_l,2.7314891815185547,2.7314891815185547,2.7314891815185547,1
36,spine_02,2.7288267612457275,2.7288267612457275,2.7288267612457275,1
6,clavicle_r,2.714916706085205,2.714916706085205,2.714916706085205,1
39,spine_02,2.714564085006714,2.714564085006714,2.714564085006714,1
30,spine_02,2.7042853832244873,2.7042853832244873,2.7042853832244873,1
31,spine_02,2.703000545501709,2.703000545501709,2.703000545501709,1
2,LCalfTwist_03,2.7004125118255615,2.7004125118255615,2.7004125118255615,1
5,clavicle_r,2.6956655979156494,2.6956655979156494,2.6956655979156494,1
55,calf_l,2.690687894821167,2.690687894821167,2.690687894821167,1
10,LCalfTwist_03,2.673341751098633,2.673341751098633,2.673341751098633,1
52,spine_02,2.6652050018310547,2.6652050018310547,2.6652050018310547,1
2,spine_01,2.6622936725616455,2.6622936725616455,2.6622936725616455,1
38,spine_02,2.654428243637085,2.654428243637085,2.654428243637085,1
35,head,2.651686668395996,2.651686668395996,2.651686668395996,1
50,ball_l,2.6421306133270264,2.6421306133270264,2.6421306133270264,1
65,ball_l,2.638019323348999,2.638019323348999,2.638019323348999,1
73,spine_01,2.6313323974609375,2.6313323974609375,2.6313323974609375,1
29,spine_02,2.627612352371216,2.627612352371216,2.627612352371216,1
2,LCalfTwist_01,2.618649959564209,2.618649959564209,2.618649959564209,1
52,ball_l,2.6136996746063232,2.6136996746063232,2.6136996746063232,1
71,RUpArmTwist_l_02,2.610959053039551,2.610959053039551,2.610959053039551,1
77,RUpArmTwist_l_01,2.608917236328125,2.608917236328125,2.608917236328125,1
41,clavicle_r,2.608505964279175,2.608505964279175,2.608505964279175,1
74,spine_02,2.6076717376708984,2.6076717376708984,2.6076717376708984,1
70,ball_l,2.60713529586792,2.60713529586792,2.60713529586792,1
2,LCalfTwist_02,2.6070213317871094,2.6070213317871094,2.6070213317871094,1
51,ball_l,2.6033918857574463,2.6033918857574463,2.6033918857574463,1
20,hand_l,2.5983331203460693,2.5983331203460693,2.5983331203460693,1
28,spine_02,2.5926120281219482,2.5926120281219482,2.5926120281219482,1
69,ball_l,2.581963300704956,2.581963300704956,2.581963300704956,1
10,LCalfTwist_02,2.576146364212036,2.576146364212036,2.576146364212036,1
1,spine_01,2.57448673248291,2.57448673248291,2.57448673248291,1
53,ball_l,2.555104970932007,2.555104970932007,2.555104970932007,1
0,head,2.552152395248413,2.552152395248413,2.552152395248413,1
7,clavicle_r,2.547048330307007,2.547048330307007,2.547048330307007,1
77,foot_l,2.5453946590423584,2.5453946590423584,2.5453946590423584,1
1,LCalfTwist_03,2.5441067218780518,2.5441067218780518,2.5441067218780518,1
58,ball_l,2.5437686443328857,2.5437686443328857,2.5437686443328857,1
71,ball_l,2.542424440383911,2.542424440383911,2.542424440383911,1
54,hand_l,2.5307507514953613,2.5307507514953613,2.5307507514953613,1
20,lowerarm_r,2.529996633529663,2.529996633529663,2.529996633529663,1
5,head,2.5298330783843994,2.5298330783843994,2.5298330783843994,1
80,ball_l,2.5276362895965576,2.5276362895965576,2.5276362895965576,1
1,LCalfTwist_01,2.511626720428467,2.511626720428467,2.511626720428467,1
50,head,2.5094549655914307,2.5094549655914307,2.5094549655914307,1
36,head,2.5069899559020996,2.5069899559020996,2.5069899559020996,1
67,ball_l,2.5034713745117188,2.5034713745117188,2.5034713745117188,1
27,spine_02,2.5022053718566895,2.5022053718566895,2.5022053718566895,1
64,ball_l,2.5005481243133545,2.5005481243133545,2.5005481243133545,1
1,LCalfTwist_02,2.498340129852295,2.498340129852295,2.498340129852295,1
1,clavicle_l,2.475796699523926,2.475796699523926,2.475796699523926,1
48,ball_l,2.4695193767547607,2.4695193767547607,2.4695193767547607,1
72,RUpArmTwist_l_02,2.4637956619262695,2.4637956619262695,2.4637956619262695,1
60,foot_r,2.4573683738708496,2.4573683738708496,2.4573683738708496,1
66,ball_l,2.4550957679748535,2.4550957679748535,2.4550957679748535,1
15,spine_02,2.453726053237915,2.453726053237915,2.453726053237915,1
84,ball_l,2.449136972427368,2.449136972427368,2.449136972427368,1
10,lowerarm_l,2.4448704719543457,2.4448704719543457,2.4448704719543457,1
0,LCalfTwist_03,2.4430294036865234,2.4430294036865234,2.4430294036865234,1
47,calf_r,2.436699151992798,2.436699151992798,2.436699151992798,1
72,ball_l,2.432554244995117,2.432554244995117,2.432554244995117,1
0,LCalfTwist_01,2.4163148403167725,2.4163148403167725,2.4163148403167725,1
0,LCalfTwist_02,2.414919137954712,2.414919137954712,2.414919137954712,1
73,clavicle_l,2.4045610427856445,2.4045610427856445,2.4045610427856445,1
53,spine_02,2.402330160140991,2.402330160140991,2.402330160140991,1
3,RUpArmTwist_l_02,2.3927161693573,2.3927161693573,2.3927161693573,1
4,head,2.388819932937622,2.388819932937622,2.388819932937622,1
2,head,2.376142740249634,2.376142740249634,2.376142740249634,1
67,lowerarm_l,2.364928722381592,2.364928722381592,2.364928722381592,1
21,hand_l,2.3587636947631836,2.3587636947631836,2.3587636947631836,1
3,head,2.3578224182128906,2.3578224182128906,2.3578224182128906,1
57,hand_l,2.3572864532470703,2.3572864532470703,2.3572864532470703,1
74,spine_01,2.3562605381011963,2.3562605381011963,2.3562605381011963,1
37,head,2.355969190597534,2.355969190597534,2.355969190597534,1
26,spine_02,2.3552775382995605,2.3552775382995605,2.3552775382995605,1
40,clavicle_r,2.351149320602417,2.351149320602417,2.351149320602417,1
78,RUpArmTwist_l_01,2.3282783031463623,2.3282783031463623,2.3282783031463623,1
63,ball_l,2.324232339859009,2.324232339859009,2.324232339859009,1
22,hand_l,2.3184328079223633,2.3184328079223633,2.3184328079223633,1
73,RUpArmTwist_l_02,2.3174428939819336,2.3174428939819336,2.3174428939819336,1
38,head,2.3138065338134766,2.3138065338134766,2.3138065338134766,1
49,head,2.3112637996673584,2.3112637996673584,2.3112637996673584,1
8,clavicle_r,2.3036720752716064,2.3036720752716064,2.3036720752716064,1
0,clavicle_l,2.303579807281494,2.303579807281494,2.303579807281494,1
1,head,2.2546539306640625,2.2546539306640625,2.2546539306640625,1
73,spine_02,2.2534213066101074,2.2534213066101074,2.2534213066101074,1
25,lowerarm_r,2.250607490539551,2.250607490539551,2.250607490539551,1
79,ball_l,2.2499256134033203,2.2499256134033203,2.2499256134033203,1
73,ball_l,2.2422101497650146,2.2422101497650146,2.2422101497650146,1
39,head,2.2384650707244873,2.2384650707244873,2.2384650707244873,1
64,lowerarm_l,2.2260379791259766,2.2260379791259766,2.2260379791259766,1
48,head,2.2135918140411377,2.2135918140411377,2.2135918140411377,1
52,lowerarm_r,2.204674243927002,2.204674243927002,2.204674243927002,1
34,clavicle_r,2.196190357208252,2.196190357208252,2.196190357208252,1
11,LCalfTwist_01,2.1892924308776855,2.1892924308776855,2.1892924308776855,1
78,ball_l,2.186307191848755,2.186307191848755,2.186307191848755,1
11,LCalfTwist_03,2.18343448638916,2.18343448638916,2.18343448638916,1
39,clavicle_r,2.1796154975891113,2.1796154975891113,2.1796154975891113,1
0,RUpArmTwist_l_01,2.1789205074310303,2.1789205074310303,2.1789205074310303,1
74,RUpArmTwist_l_02,2.1677708625793457,2.1677708625793457,2.1677708625793457,1
25,spine_02,2.1623148918151855,2.1623148918151855,2.1623148918151855,1
30,clavicle_r,2.157075881958008,2.157075881958008,2.157075881958008,1
75,spine_01,2.1555070877075195,2.1555070877075195,2.1555070877075195,1
47,head,2.153909206390381,2.153909206390381,2.153909206390381,1
28,clavicle_r,2.1390297412872314,2.1390297412872314,2.1390297412872314,1
29,clavicle_r,2.1311895847320557,2.1311895847320557,2.1311895847320557,1
54,spine_02,2.125303030014038,2.125303030014038,2.125303030014038,1
74,ball_l,2.11614727973938,2.11614727973938,2.11614727973938,1
31,clavicle_r,2.115035057067871,2.115035057067871,2.115035057067871,1
46,head,2.108308792114258,2.108308792114258,2.108308792114258,1
33,clavicle_r,2.1035923957824707,2.1035923957824707,2.1035923957824707,1
40,head,2.0931012630462646,2.0931012630462646,2.0931012630462646,1
45,head,2.0930206775665283,2.0930206775665283,2.0930206775665283,1
77,ball_l,2.0894081592559814,2.0894081592559814,2.0894081592559814,1
74,clavicle_l,2.0863401889801025,2.0863401889801025,2.0863401889801025,1
9,clavicle_r,2.0757734775543213,2.0757734775543213,2.0757734775543213,1
27,clavicle_r,2.07016921043396,2.07016921043396,2.07016921043396,1
25,clavicle_r,2.0679030418395996,2.0679030418395996,2.0679030418395996,1
55,hand_l,2.065631628036499,2.065631628036499,2.065631628036499,1
44,head,2.058021068572998,2.058021068572998,2.058021068572998,1
26,clavicle_r,2.053607702255249,2.053607702255249,2.053607702255249,1
79,RUpArmTwist_l_01,2.0481486320495605,2.0481486320495605,2.0481486320495605,1
2,RUpArmTwist_l_02,2.047182321548462,2.047182321548462,2.047182321548462,1
72,spine_02,2.0456113815307617,2.0456113815307617,2.0456113815307617,1
32,clavicle_r,2.0411863327026367,2.0411863327026367,2.0411863327026367,1
54,calf_l,2.0296084880828857,2.0296084880828857,2.0296084880828857,1
38,clavicle_r,2.0243542194366455,2.0243542194366455,2.0243542194366455,1
41,head,2.0231597423553467,2.0231597423553467,2.0231597423553467,1
69,foot_r,2.0225350856781006,2.0225350856781006,2.0225350856781006,1
75,ball_l,2.0141561031341553,2.0141561031341553,2.0141561031341553,1
11,LCalfTwist_02,2.007894277572632,2.007894277572632,2.007894277572632,1
56,hand_l,2.0050320625305176,2.0050320625305176,2.0050320625305176,1
36,clavicle_r,2.0024678707122803,2.0024678707122803,2.0024678707122803,1
35,clavicle_r,2.002427577972412,2.002427577972412,2.002427577972412,1
24,clavicle_r,2.0015571117401123,2.0015571117401123,2.0015571117401123,1
76,ball_l,2.0004894733428955,2.0004894733428955,2.0004894733428955,1
35,R_ForeTwist_01,1.9898005723953247,1.9898005723953247,1.9898005723953247,1
43,head,1.986854910850525,1.986854910850525,1.986854910850525,1
76,spine_01,1.9840967655181885,1.9840967655181885,1.9840967655181885,1
37,clavicle_r,1.9837087392807007,1.9837087392807007,1.9837087392807007,1
42,head,1.9800902605056763,1.9800902605056763,1.9800902605056763,1
77,spine_01,1.9785984754562378,1.9785984754562378,1.9785984754562378,1
39,R_ForeTwist_01,1.9776747226715088,1.9776747226715088,1.9776747226715088,1
24,spine_02,1.976867914199829,1.976867914199829,1.976867914199829,1
10,clavicle_r,1.9627017974853516,1.9627017974853516,1.9627017974853516,1
36,R_ForeTwist_01,1.956925630569458,1.956925630569458,1.956925630569458,1
33,R_ForeTwist_01,1.9479072093963623,1.9479072093963623,1.9479072093963623,1
32,R_ForeTwist_01,1.9459954500198364,1.9459954500198364,1.9459954500198364,1
37,R_ForeTwist_01,1.9434219598770142,1.9434219598770142,1.9434219598770142,1
47,lowerarm_r,1.9304676055908203,1.9304676055908203,1.9304676055908203,1
23,clavicle_r,1.9292476177215576,1.9292476177215576,1.9292476177215576,1
38,R_ForeTwist_01,1.926849126815796,1.926849126815796,1.926849126815796,1
85,LCalfTwist_02,1.92601478099823,1.92601478099823,1.92601478099823,1
85,LCalfTwist_01,1.920024037361145,1.920024037361145,1.920024037361145,1
85,LCalfTwist_03,1.9191359281539917,1.9191359281539917,1.9191359281539917,1
16,spine_02,1.9167625904083252,1.9167625904083252,1.9167625904083252,1
34,R_ForeTwist_01,1.9118642807006836,1.9118642807006836,1.9118642807006836,1
40,R_ForeTwist_01,1.9041656255722046,1.9041656255722046,1.9041656255722046,1
72,foot_l,1.9017562866210938,1.9017562866210938,1.9017562866210938,1
31,R_ForeTwist_01,1.897459626197815,1.897459626197815,1.897459626197815,1
41,R_ForeTwist_01,1.8839194774627686,1.8839194774627686,1.8839194774627686,1
75,RUpArmTwist_l_02,1.8744920492172241,1.8744920492172241,1.8744920492172241,1
42,R_ForeTwist_01,1.8645530939102173,1.8645530939102173,1.8645530939102173,1
11,clavicle_r,1.8623878955841064,1.8623878955841064,1.8623878955841064,1
22,clavicle_r,1.8533048629760742,1.8533048629760742,1.8533048629760742,1
18,LCalfTwist_01,1.850448489189148,1.850448489189148,1.850448489189148,1
71,spine_02,1.8267961740493774,1.8267961740493774,1.8267961740493774,1
43,R_ForeTwist_01,1.8227105140686035,1.8227105140686035,1.8227105140686035,1
21,clavicle_r,1.820510745048523,1.820510745048523,1.820510745048523,1
78,spine_01,1.8186390399932861,1.8186390399932861,1.8186390399932861,1
75,clavicle_l,1.8175938129425049,1.8175938129425049,1.8175938129425049,1
17,LCalfTwist_03,1.8158522844314575,1.8158522844314575,1.8158522844314575,1
17,LCalfTwist_01,1.8155746459960938,1.8155746459960938,1.8155746459960938,1
42,ring_01_r,1.8152700662612915,1.8152700662612915,1.8152700662612915,1
18,LCalfTwist_03,1.8105049133300781,1.8105049133300781,1.8105049133300781,1
19,LCalfTwist_03,1.8101916313171387,1.8101916313171387,1.8101916313171387,1
8,ring_01_r,1.8101625442504883,1.8101625442504883,1.8101625442504883,1
9,ring_01_r,1.8094074726104736,1.8094074726104736,1.8094074726104736,1
41,ring_01_r,1.8086358308792114,1.8086358308792114,1.8086358308792114,1
43,ring_01_r,1.80751633644104,1.80751633644104,1.80751633644104,1
40,ring_01_r,1.8012431859970093,1.8012431859970093,1.8012431859970093,1
10,ring_01_r,1.8003934621810913,1.8003934621810913,1.8003934621810913,1
37,ring_01_r,1.7986961603164673,1.7986961603164673,1.7986961603164673,1
34,ring_01_r,1.7984310388565063,1.7984310388565063,1.7984310388565063,1
39,ring_01_r,1.7978236675262451,1.7978236675262451,1.7978236675262451,1
23,spine_02,1.7954264879226685,1.7954264879226685,1.7954264879226685,1
55,spine_02,1.7944403886795044,1.7944403886795044,1.7944403886795044,1
32,ring_01_r,1.7920931577682495,1.7920931577682495,1.7920931577682495,1
36,ring_01_r,1.7919878959655762,1.7919878959655762,1.7919878959655762,1
35,ring_01_r,1.7917975187301636,1.7917975187301636,1.7917975187301636,1
33,ring_01_r,1.7917457818984985,1.7917457818984985,1.7917457818984985,1
30,ring_01_r,1.791386604309082,1.791386604309082,1.791386604309082,1
38,ring_01_r,1.79037344455719,1.79037344455719,1.79037344455719,1
11,ring_01_r,1.7883509397506714,1.7883509397506714,1.7883509397506714,1
21,lowerarm_r,1.7882250547409058,1.7882250547409058,1.7882250547409058,1
15,ring_01_r,1.7866079807281494,1.7866079807281494,1.7866079807281494,1
13,ring_01_r,1.785187840461731,1.785187840461731,1.785187840461731,1
31,ring_01_r,1.784178614616394,1.784178614616394,1.784178614616394,1
22,ring_01_r,1.7841463088989258,1.7841463088989258,1.7841463088989258,1
19,LCalfTwist_01,1.7840428352355957,1.7840428352355957,1.7840428352355957,1
19,ring_01_r,1.7833213806152344,1.7833213806152344,1.7833213806152344,1
14,ring_01_r,1.783187747001648,1.783187747001648,1.783187747001648,1
28,ring_01_r,1.7827553749084473,1.7827553749084473,1.7827553749084473,1
18,ring_01_r,1.7826608419418335,1.7826608419418335,1.7826608419418335,1
27,ring_01_r,1.7822918891906738,1.7822918891906738,1.7822918891906738,1
25,ring_01_r,1.782074213027954,1.782074213027954,1.782074213027954,1
26,ring_01_r,1.7819825410842896,1.7819825410842896,1.7819825410842896,1
20,ring_01_r,1.7817825078964233,1.7817825078964233,1.7817825078964233,1
16,ring_01_r,1.781708002090454,1.781708002090454,1.781708002090454,1
7,ring_01_r,1.7816996574401855,1.7816996574401855,1.7816996574401855,1
21,ring_01_r,1.779626488685608,1.779626488685608,1.779626488685608,1
29,R_ForeTwist_01,1.7792237997055054,1.7792237997055054,1.7792237997055054,1
17,ring_01_r,1.779058575630188,1.779058575630188,1.779058575630188,1
23,ring_01_r,1.7790160179138184,1.7790160179138184,1.7790160179138184,1
29,ring_01_r,1.7788286209106445,1.7788286209106445,1.7788286209106445,1
24,ring_01_r,1.7774937152862549,1.7774937152862549,1.7774937152862549,1
27,R_ForeTwist_01,1.7741672992706299,1.7741672992706299,1.7741672992706299,1
28,R_ForeTwist_01,1.773362398147583,1.773362398147583,1.773362398147583,1
12,ring_01_r,1.763397216796875,1.763397216796875,1.763397216796875,1
30,R_ForeTwist_01,1.7585501670837402,1.7585501670837402,1.7585501670837402,1
49,RCalfTwist_02,1.7561895847320557,1.7561895847320557,1.7561895847320557,1
5,ring_01_r,1.7530521154403687,1.7530521154403687,1.7530521154403687,1
79,spine_01,1.7478041648864746,1.7478041648864746,1.7478041648864746,1
1,RUpArmTwist_l_02,1.746869444847107,1.746869444847107,1.746869444847107,1
6,ring_01_r,1.7455016374588013,1.7455016374588013,1.7455016374588013,1
0,spine_01,1.7401939630508423,1.7401939630508423,1.7401939630508423,1
44,ring_01_r,1.735573649406433,1.735573649406433,1.735573649406433,1
20,LCalfTwist_01,1.7229557037353516,1.7229557037353516,1.7229557037353516,1
76,RUpArmTwist_l_02,1.7228633165359497,1.7228633165359497,1.7228633165359497,1
76,foot_l,1.7225109338760376,1.7225109338760376,1.7225109338760376,1
83,spine_01,1.7224349975585938,1.7224349975585938,1.7224349975585938,1
4,ring_01_r,1.717315435409546,1.717315435409546,1.717315435409546,1
48,RCalfTwist_02,1.716406226158142,1.716406226158142,1.716406226158142,1
47,RCalfTwist_02,1.7083323001861572,1.7083323001861572,1.7083323001861572,1
44,R_ForeTwist_01,1.7078663110733032,1.7078663110733032,1.7078663110733032,1
85,clavicle_l,1.705803394317627,1.705803394317627,1.705803394317627,1
17,spine_02,1.7002830505371094,1.7002830505371094,1.7002830505371094,1
21,spine_02,1.698504090309143,1.698504090309143,1.698504090309143,1
80,RUpArmTwist_l_01,1.698317289352417,1.698317289352417,1.698317289352417,1
61,foot_r,1.6981415748596191,1.6981415748596191,1.6981415748596191,1
18,clavicle_r,1.6944574117660522,1.6944574117660522,1.6944574117660522,1
70,spine_02,1.688118577003479,1.688118577003479,1.688118577003479,1
21,LCalfTwist_01,1.6841882467269897,1.6841882467269897,1.6841882467269897,1
84,LCalfTwist_02,1.684162974357605,1.684162974357605,1.684162974357605,1
84,LCalfTwist_01,1.6804990768432617,1.6804990768432617,1.6804990768432617,1
82,spine_01,1.6759529113769531,1.6759529113769531,1.6759529113769531,1
50,RCalfTwist_02,1.6757795810699463,1.6757795810699463,1.6757795810699463,1
22,spine_02,1.6661646366119385,1.6661646366119385,1.6661646366119385,1
19,clavicle_r,1.6634035110473633,1.6634035110473633,1.6634035110473633,1
51,R_ForeTwist_02,1.6613008975982666,1.6613008975982666,1.6613008975982666,1
18,LCalfTwist_02,1.6576331853866577,1.6576331853866577,1.6576331853866577,1
12,RCalfTwist_01,1.656509518623352,1.656509518623352,1.656509518623352,1
16,LCalfTwist_01,1.6558455228805542,1.6558455228805542,1.6558455228805542,1
81,spine_01,1.6543606519699097,1.6543606519699097,1.6543606519699097,1
24,R_ForeTwist_01,1.654280662536621,1.654280662536621,1.654280662536621,1
50,R_ForeTwist_02,1.6526371240615845,1.6526371240615845,1.6526371240615845,1
13,RCalfTwist_01,1.6517524719238281,1.6517524719238281,1.6517524719238281,1
23,R_ForeTwist_01,1.651735782623291,1.651735782623291,1.651735782623291,1
15,RCalfTwist_01,1.6517219543457031,1.6517219543457031,1.6517219543457031,1
31,R_ForeTwist_02,1.6513454914093018,1.6513454914093018,1.6513454914093018,1
26,R_ForeTwist_01,1.6479624509811401,1.6479624509811401,1.6479624509811401,1
25,R_ForeTwist_01,1.6475708484649658,1.6475708484649658,1.6475708484649658,1
33,R_ForeTwist_02,1.6461302042007446,1.6461302042007446,1.6461302042007446,1
49,R_ForeTwist_02,1.6452010869979858,1.6452010869979858,1.6452010869979858,1
32,R_ForeTwist_02,1.6443803310394287,1.6443803310394287,1.6443803310394287,1
80,spine_01,1.643950343132019,1.643950343132019,1.643950343132019,1
22,R_ForeTwist_01,1.6431951522827148,1.6431951522827148,1.6431951522827148,1
48,R_ForeTwist_02,1.6383812427520752,1.6383812427520752,1.6383812427520752,1
45,ring_01_r,1.6310210227966309,1.6310210227966309,1.6310210227966309,1
20,clavicle_r,1.6297284364700317,1.6297284364700317,1.6297284364700317,1
22,LCalfTwist_01,1.62879478931427,1.62879478931427,1.62879478931427,1
46,RCalfTwist_02,1.6253836154937744,1.6253836154937744,1.6253836154937744,1
23,LCalfTwist_03,1.6215052604675293,1.6215052604675293,1.6215052604675293,1
21,LCalfTwist_03,1.6200206279754639,1.6200206279754639,1.6200206279754639,1
17,LCalfTwist_02,1.6185530424118042,1.6185530424118042,1.6185530424118042,1
3,ring_01_r,1.61776864528656,1.61776864528656,1.61776864528656,1
47,R_ForeTwist_02,1.6166818141937256,1.6166818141937256,1.6166818141937256,1
20,LCalfTwist_03,1.6166722774505615,1.6166722774505615,1.6166722774505615,1
16,clavicle_r,1.6155457496643066,1.6155457496643066,1.6155457496643066,1
16,LCalfTwist_03,1.6153079271316528,1.6153079271316528,1.6153079271316528,1
22,LCalfTwist_03,1.6117851734161377,1.6117851734161377,1.6117851734161377,1
15,clavicle_r,1.6103764772415161,1.6103764772415161,1.6103764772415161,1
14,RCalfTwist_01,1.6090786457061768,1.6090786457061768,1.6090786457061768,1
38,R_ForeTwist_02,1.6084561347961426,1.6084561347961426,1.6084561347961426,1
53,R_ForeTwist_02,1.6077189445495605,1.6077189445495605,1.6077189445495605,1
35,R_ForeTwist_02,1.6075021028518677,1.6075021028518677,1.6075021028518677,1
36,R_ForeTwist_02,1.6073744297027588,1.6073744297027588,1.6073744297027588,1
16,RCalfTwist_01,1.6070661544799805,1.6070661544799805,1.6070661544799805,1
52,R_ForeTwist_02,1.6049244403839111,1.6049244403839111,1.6049244403839111,1
12,clavicle_r,1.6034197807312012,1.6034197807312012,1.6034197807312012,1
39,R_ForeTwist_02,1.6018263101577759,1.6018263101577759,1.6018263101577759,1
46,R_ForeTwist_02,1.6017475128173828,1.6017475128173828,1.6017475128173828,1
34,R_ForeTwist_02,1.6015790700912476,1.6015790700912476,1.6015790700912476,1
37,R_ForeTwist_02,1.601281762123108,1.601281762123108,1.601281762123108,1
23,LCalfTwist_01,1.6003267765045166,1.6003267765045166,1.6003267765045166,1
13,clavicle_r,1.5999422073364258,1.5999422073364258,1.5999422073364258,1
40,R_ForeTwist_02,1.5982617139816284,1.5982617139816284,1.5982617139816284,1
76,clavicle_l,1.5966625213623047,1.5966625213623047,1.5966625213623047,1
11,RCalfTwist_01,1.5951545238494873,1.5951545238494873,1.5951545238494873,1
78,RCalfTwist_02,1.5937005281448364,1.5937005281448364,1.5937005281448364,1
79,RCalfTwist_02,1.5934520959854126,1.5934520959854126,1.5934520959854126,1
41,R_ForeTwist_02,1.5895017385482788,1.5895017385482788,1.5895017385482788,1
53,calf_l,1.5891304016113281,1.5891304016113281,1.5891304016113281,1
45,R_ForeTwist_01,1.587409496307373,1.587409496307373,1.587409496307373,1
21,R_ForeTwist_01,1.5870966911315918,1.5870966911315918,1.5870966911315918,1
83,LCalfTwist_02,1.586660623550415,1.586660623550415,1.586660623550415,1
48,calf_l,1.5850043296813965,1.5850043296813965,1.5850043296813965,1
57,LCalfTwist_03,1.5842676162719727,1.5842676162719727,1.5842676162719727,1
20,R_ForeTwist_01,1.5841052532196045,1.5841052532196045,1.5841052532196045,1
17,clavicle_r,1.5831607580184937,1.5831607580184937,1.5831607580184937,1
55,LCalfTwist_03,1.5823100805282593,1.5823100805282593,1.5823100805282593,1
56,LCalfTwist_03,1.582059621810913,1.582059621810913,1.582059621810913,1
19,R_ForeTwist_01,1.5820146799087524,1.5820146799087524,1.5820146799087524,1
84,spine_01,1.5814517736434937,1.5814517736434937,1.5814517736434937,1
14,clavicle_r,1.5804742574691772,1.5804742574691772,1.5804742574691772,1
54,LCalfTwist_03,1.5786268711090088,1.5786268711090088,1.5786268711090088,1
77,RUpArmTwist_l_02,1.5778920650482178,1.5778920650482178,1.5778920650482178,1
53,LCalfTwist_03,1.5758808851242065,1.5758808851242065,1.5758808851242065,1
45,R_ForeTwist_02,1.5740200281143188,1.5740200281143188,1.5740200281143188,1
10,RCalfTwist_01,1.5733795166015625,1.5733795166015625,1.5733795166015625,1
42,R_ForeTwist_02,1.5728060007095337,1.5728060007095337,1.5728060007095337,1
19,LCalfTwist_02,1.5694565773010254,1.5694565773010254,1.5694565773010254,1
43,R_ForeTwist_02,1.5644009113311768,1.5644009113311768,1.5644009113311768,1
83,LCalfTwist_01,1.5623388290405273,1.5623388290405273,1.5623388290405273,1
44,R_ForeTwist_02,1.5622462034225464,1.5622462034225464,1.5622462034225464,1
24,LCalfTwist_01,1.5620800256729126,1.5620800256729126,1.5620800256729126,1
84,LCalfTwist_03,1.558904767036438,1.558904767036438,1.558904767036438,1
9,RCalfTwist_01,1.5511488914489746,1.5511488914489746,1.5511488914489746,1
12,LCalfTwist_01,1.5423810482025146,1.5423810482025146,1.5423810482025146,1
1,ring_01_r,1.5416046380996704,1.5416046380996704,1.5416046380996704,1
18,spine_02,1.5399993658065796,1.5399993658065796,1.5399993658065796,1
69,spine_02,1.5391055345535278,1.5391055345535278,1.5391055345535278,1
15,R_ForeTwist_01,1.5358916521072388,1.5358916521072388,1.5358916521072388,1
83,LCalfTwist_03,1.533729910850525,1.533729910850525,1.533729910850525,1
12,LCalfTwist_03,1.5301001071929932,1.5301001071929932,1.5301001071929932,1
20,LCalfTwist_02,1.5270510911941528,1.5270510911941528,1.5270510911941528,1
55,LCalfTwist_02,1.5254817008972168,1.5254817008972168,1.5254817008972168,1
17,R_ForeTwist_01,1.5245822668075562,1.5245822668075562,1.5245822668075562,1
2,ring_01_r,1.5227608680725098,1.5227608680725098,1.5227608680725098,1
16,R_ForeTwist_01,1.5206308364868164,1.5206308364868164,1.5206308364868164,1
18,R_ForeTwist_01,1.5191389322280884,1.5191389322280884,1.5191389322280884,1
80,RCalfTwist_02,1.5125151872634888,1.5125151872634888,1.5125151872634888,1
12,index_01_r,1.5112022161483765,1.5112022161483765,1.5112022161483765,1
29,R_ForeTwist_02,1.507079005241394,1.507079005241394,1.507079005241394,1
27,R_ForeTwist_02,1.5040076971054077,1.5040076971054077,1.5040076971054077,1
11,lowerarm_l,1.5039042234420776,1.5039042234420776,1.5039042234420776,1
28,R_ForeTwist_02,1.5036965608596802,1.5036965608596802,1.5036965608596802,1
51,lowerarm_r,1.503338098526001,1.503338098526001,1.503338098526001,1
17,index_01_r,1.5028774738311768,1.5028774738311768,1.5028774738311768,1
24,index_01_r,1.50283944606781,1.50283944606781,1.50283944606781,1
77,RCalfTwist_02,1.502551794052124,1.502551794052124,1.502551794052124,1
29,index_01_r,1.5025303363800049,1.5025303363800049,1.5025303363800049,1
16,index_01_r,1.5024555921554565,1.5024555921554565,1.5024555921554565,1
21,index_01_r,1.5020997524261475,1.5020997524261475,1.5020997524261475,1
14,index_01_r,1.5020619630813599,1.5020619630813599,1.5020619630813599,1
23,index_01_r,1.5018659830093384,1.5018659830093384,1.5018659830093384,1
18,index_01_r,1.5014808177947998,1.5014808177947998,1.5014808177947998,1
54,LCalfTwist_01,1.5013482570648193,1.5013482570648193,1.5013482570648193,1
28,index_01_r,1.5010923147201538,1.5010923147201538,1.5010923147201538,1
55,LCalfTwist_01,1.5009821653366089,1.5009821653366089,1.5009821653366089,1
27,index_01_r,1.5009325742721558,1.5009325742721558,1.5009325742721558,1
11,index_01_r,1.5009046792984009,1.5009046792984009,1.5009046792984009,1
26,index_01_r,1.5007917881011963,1.5007917881011963,1.5007917881011963,1
31,index_01_r,1.5007435083389282,1.5007435083389282,1.5007435083389282,1
20,index_01_r,1.500737190246582,1.500737190246582,1.500737190246582,1
25,index_01_r,1.5007120370864868,1.5007120370864868,1.5007120370864868,1
13,index_01_r,1.5006283521652222,1.5006283521652222,1.5006283521652222,1
15,index_01_r,1.5004669427871704,1.5004669427871704,1.5004669427871704,1
19,index_01_r,1.5001100301742554,1.5001100301742554,1.5001100301742554,1
22,index_01_r,1.499565839767456,1.499565839767456,1.499565839767456,1
38,index_01_r,1.4994944334030151,1.4994944334030151,1.4994944334030151,1
17,RCalfTwist_01,1.4985289573669434,1.4985289573669434,1.4985289573669434,1
36,index_01_r,1.498525857925415,1.498525857925415,1.498525857925415,1
35,index_01_r,1.4981905221939087,1.4981905221939087,1.4981905221939087,1
33,index_01_r,1.497959852218628,1.497959852218628,1.497959852218628,1
30,index_01_r,1.4978951215744019,1.4978951215744019,1.4978951215744019,1
32,index_01_r,1.4970269203186035,1.4970269203186035,1.4970269203186035,1
30,R_ForeTwist_02,1.4969518184661865,1.4969518184661865,1.4969518184661865,1
39,index_01_r,1.496269941329956,1.496269941329956,1.496269941329956,1
37,index_01_r,1.4952424764633179,1.4952424764633179,1.4952424764633179,1
34,index_01_r,1.4950445890426636,1.4950445890426636,1.4950445890426636,1
10,index_01_r,1.4943463802337646,1.4943463802337646,1.4943463802337646,1
40,index_01_r,1.494145154953003,1.494145154953003,1.494145154953003,1
81,RUpArmTwist_l_01,1.4903945922851562,1.4903945922851562,1.4903945922851562,1
14,R_ForeTwist_01,1.4891756772994995,1.4891756772994995,1.4891756772994995,1
41,index_01_r,1.4880475997924805,1.4880475997924805,1.4880475997924805,1
73,foot_l,1.4877676963806152,1.4877676963806152,1.4877676963806152,1
13,R_ForeTwist_01,1.4863361120224,1.4863361120224,1.4863361120224,1
9,index_01_r,1.4861030578613281,1.4861030578613281,1.4861030578613281,1
21,LCalfTwist_02,1.485390543937683,1.485390543937683,1.485390543937683,1
16,LCalfTwist_02,1.4815587997436523,1.4815587997436523,1.4815587997436523,1
54,LCalfTwist_02,1.4781242609024048,1.4781242609024048,1.4781242609024048,1
53,LCalfTwist_02,1.4768372774124146,1.4768372774124146,1.4768372774124146,1
19,spine_02,1.4748265743255615,1.4748265743255615,1.4748265743255615,1
20,spine_02,1.4747769832611084,1.4747769832611084,1.4747769832611084,1
77,clavicle_l,1.4734125137329102,1.4734125137329102,1.4734125137329102,1
13,RCalfTwist_02,1.471593976020813,1.471593976020813,1.471593976020813,1
15,RCalfTwist_02,1.4691317081451416,1.4691317081451416,1.4691317081451416,1
57,R_ForeTwist_02,1.4684290885925293,1.4684290885925293,1.4684290885925293,1
42,index_01_r,1.4678375720977783,1.4678375720977783,1.4678375720977783,1
55,R_ForeTwist_02,1.4676015377044678,1.4676015377044678,1.4676015377044678,1
56,R_ForeTwist_02,1.4675140380859375,1.4675140380859375,1.4675140380859375,1
46,ring_01_r,1.4671825170516968,1.4671825170516968,1.4671825170516968,1
8,index_01_r,1.4666478633880615,1.4666478633880615,1.4666478633880615,1
12,R_ForeTwist_01,1.4662364721298218,1.4662364721298218,1.4662364721298218,1
54,R_ForeTwist_02,1.4659364223480225,1.4659364223480225,1.4659364223480225,1
51,RCalfTwist_02,1.4650381803512573,1.4650381803512573,1.4650381803512573,1
25,LCalfTwist_01,1.4627277851104736,1.4627277851104736,1.4627277851104736,1
12,RCalfTwist_02,1.4575550556182861,1.4575550556182861,1.4575550556182861,1
53,LCalfTwist_01,1.457327127456665,1.457327127456665,1.457327127456665,1
18,RCalfTwist_01,1.4561337232589722,1.4561337232589722,1.4561337232589722,1
56,LCalfTwist_01,1.4560822248458862,1.4560822248458862,1.4560822248458862,1
9,RCalfTwist_03,1.448723554611206,1.448723554611206,1.448723554611206,1
43,index_01_r,1.4486348628997803,1.4486348628997803,1.4486348628997803,1
22,LCalfTwist_02,1.4340728521347046,1.4340728521347046,1.4340728521347046,1
57,LCalfTwist_01,1.4339805841445923,1.4339805841445923,1.4339805841445923,1
57,LCalfTwist_02,1.4338725805282593,1.4338725805282593,1.4338725805282593,1
56,LCalfTwist_02,1.4330612421035767,1.4330612421035767,1.4330612421035767,1
7,index_01_r,1.4313403367996216,1.4313403367996216,1.4313403367996216,1
24,LCalfTwist_03,1.4292755126953125,1.4292755126953125,1.4292755126953125,1
78,RUpArmTwist_l_02,1.428591251373291,1.428591251373291,1.428591251373291,1
11,R_ForeTwist_01,1.4282150268554688,1.4282150268554688,1.4282150268554688,1
14,RCalfTwist_02,1.4270914793014526,1.4270914793014526,1.4270914793014526,1
45,RCalfTwist_02,1.4258291721343994,1.4258291721343994,1.4258291721343994,1
16,RCalfTwist_02,1.4253928661346436,1.4253928661346436,1.4253928661346436,1
26,LCalfTwist_03,1.4223618507385254,1.4223618507385254,1.4223618507385254,1
25,LCalfTwist_03,1.4221199750900269,1.4221199750900269,1.4221199750900269,1
0,ring_01_r,1.4218538999557495,1.4218538999557495,1.4218538999557495,1
10,RCalfTwist_03,1.4206141233444214,1.4206141233444214,1.4206141233444214,1
11,RCalfTwist_02,1.4192456007003784,1.4192456007003784,1.4192456007003784,1
56,spine_02,1.4188854694366455,1.4188854694366455,1.4188854694366455,1
19,RCalfTwist_01,1.417391300201416,1.417391300201416,1.417391300201416,1
13,lowerarm_l,1.4168540239334106,1.4168540239334106,1.4168540239334106,1
5,index_01_r,1.4096388816833496,1.4096388816833496,1.4096388816833496,1
84,clavicle_l,1.4045913219451904,1.4045913219451904,1.4045913219451904,1
6,index_01_r,1.4044263362884521,1.4044263362884521,1.4044263362884521,1
23,LCalfTwist_02,1.3983803987503052,1.3983803987503052,1.3983803987503052,1
10,RCalfTwist_02,1.3969484567642212,1.3969484567642212,1.3969484567642212,1
11,RCalfTwist_03,1.3935402631759644,1.3935402631759644,1.3935402631759644,1
47,ring_01_r,1.3932844400405884,1.3932844400405884,1.3932844400405884,1
0,RUpArmTwist_l_02,1.392932415008545,1.392932415008545,1.392932415008545,1
15,RCalfTwist_03,1.3916611671447754,1.3916611671447754,1.3916611671447754,1
44,index_01_r,1.390159010887146,1.390159010887146,1.390159010887146,1
52,LCalfTwist_01,1.3893823623657227,1.3893823623657227,1.3893823623657227,1
46,R_ForeTwist_01,1.3883576393127441,1.3883576393127441,1.3883576393127441,1
4,index_01_r,1.3877676725387573,1.3877676725387573,1.3877676725387573,1
13,RCalfTwist_03,1.3867900371551514,1.3867900371551514,1.3867900371551514,1
8,RCalfTwist_01,1.3847492933273315,1.3847492933273315,1.3847492933273315,1
21,RCalfTwist_01,1.3846843242645264,1.3846843242645264,1.3846843242645264,1
14,RCalfTwist_03,1.3838225603103638,1.3838225603103638,1.3838225603103638,1
20,RCalfTwist_01,1.3818973302841187,1.3818973302841187,1.3818973302841187,1
52,LCalfTwist_02,1.3814568519592285,1.3814568519592285,1.3814568519592285,1
78,clavicle_l,1.3774068355560303,1.3774068355560303,1.3774068355560303,1
26,LCalfTwist_01,1.3757743835449219,1.3757743835449219,1.3757743835449219,1
9,RCalfTwist_02,1.3733524084091187,1.3733524084091187,1.3733524084091187,1
76,RCalfTwist_02,1.3674181699752808,1.3674181699752808,1.3674181699752808,1
60,LCalfTwist_03,1.3635700941085815,1.3635700941085815,1.3635700941085815,1
24,R_ForeTwist_02,1.359986424446106,1.359986424446106,1.359986424446106,1
23,R_ForeTwist_02,1.3586375713348389,1.3586375713348389,1.3586375713348389,1
24,LCalfTwist_02,1.3568317890167236,1.3568317890167236,1.3568317890167236,1
26,R_ForeTwist_02,1.3563531637191772,1.3563531637191772,1.3563531637191772,1
25,R_ForeTwist_02,1.3561948537826538,1.3561948537826538,1.3561948537826538,1
58,LCalfTwist_03,1.3557281494140625,1.3557281494140625,1.3557281494140625,1
59,LCalfTwist_03,1.3555866479873657,1.3555866479873657,1.3555866479873657,1
22,R_ForeTwist_02,1.3542300462722778,1.3542300462722778,1.3542300462722778,1
10,R_ForeTwist_01,1.3511813879013062,1.3511813879013062,1.3511813879013062,1
12,RCalfTwist_03,1.348137617111206,1.348137617111206,1.348137617111206,1
68,spine_02,1.3432608842849731,1.3432608842849731,1.3432608842849731,1
58,LCalfTwist_02,1.3423439264297485,1.3423439264297485,1.3423439264297485,1
59,LCalfTwist_02,1.3421651124954224,1.3421651124954224,1.3421651124954224,1
45,index_01_r,1.3384236097335815,1.3384236097335815,1.3384236097335815,1
3,index_01_r,1.3380235433578491,1.3380235433578491,1.3380235433578491,1
52,LCalfTwist_03,1.3364169597625732,1.3364169597625732,1.3364169597625732,1
75,foot_l,1.333304762840271,1.333304762840271,1.333304762840271,1
16,RCalfTwist_03,1.330971598625183,1.330971598625183,1.330971598625183,1
60,R_ForeTwist_02,1.3288146257400513,1.3288146257400513,1.3288146257400513,1
12,LCalfTwist_02,1.328497052192688,1.328497052192688,1.328497052192688,1
44,RCalfTwist_02,1.3279606103897095,1.3279606103897095,1.3279606103897095,1
58,R_ForeTwist_02,1.3259707689285278,1.3259707689285278,1.3259707689285278,1
59,R_ForeTwist_02,1.3259061574935913,1.3259061574935913,1.3259061574935913,1
62,R_ForeTwist_02,1.3256269693374634,1.3256269693374634,1.3256269693374634,1
79,clavicle_l,1.3256062269210815,1.3256062269210815,1.3256062269210815,1
63,R_ForeTwist_02,1.32539701461792,1.32539701461792,1.32539701461792,1
61,R_ForeTwist_02,1.325134038925171,1.325134038925171,1.325134038925171,1
9,R_ForeTwist_01,1.3233520984649658,1.3233520984649658,1.3233520984649658,1
58,LCalfTwist_01,1.322299599647522,1.322299599647522,1.322299599647522,1
59,LCalfTwist_01,1.322274923324585,1.322274923324585,1.322274923324585,1
15,LCalfTwist_03,1.3213450908660889,1.3213450908660889,1.3213450908660889,1
15,LCalfTwist_01,1.3166168928146362,1.3166168928146362,1.3166168928146362,1
17,RCalfTwist_02,1.3147419691085815,1.3147419691085815,1.3147419691085815,1
1,index_01_r,1.3091974258422852,1.3091974258422852,1.3091974258422852,1
82,LCalfTwist_01,1.30615234375,1.30615234375,1.30615234375,1
22,RCalfTwist_01,1.3044811487197876,1.3044811487197876,1.3044811487197876,1
2,index_01_r,1.3023217916488647,1.3023217916488647,1.3023217916488647,1
80,clavicle_l,1.3001145124435425,1.3001145124435425,1.3001145124435425,1
81,RCalfTwist_02,1.2994779348373413,1.2994779348373413,1.2994779348373413,1
84,ring_01_r,1.2928822040557861,1.2928822040557861,1.2928822040557861,1
12,middle_01_r,1.2905489206314087,1.2905489206314087,1.2905489206314087,1
11,middle_01_r,1.29047429561615,1.29047429561615,1.29047429561615,1
48,ring_01_r,1.2903127670288086,1.2903127670288086,1.2903127670288086,1
16,middle_01_r,1.2902746200561523,1.2902746200561523,1.2902746200561523,1
14,middle_01_r,1.2896977663040161,1.2896977663040161,1.2896977663040161,1
21,middle_01_r,1.2896454334259033,1.2896454334259033,1.2896454334259033,1
15,middle_01_r,1.2895574569702148,1.2895574569702148,1.2895574569702148,1
18,middle_01_r,1.2894824743270874,1.2894824743270874,1.2894824743270874,1
17,middle_01_r,1.2893460988998413,1.2893460988998413,1.2893460988998413,1
13,middle_01_r,1.2891900539398193,1.2891900539398193,1.2891900539398193,1
23,middle_01_r,1.2891815900802612,1.2891815900802612,1.2891815900802612,1
35,middle_01_r,1.289061188697815,1.289061188697815,1.289061188697815,1
10,middle_01_r,1.2889808416366577,1.2889808416366577,1.2889808416366577,1
19,middle_01_r,1.2889018058776855,1.2889018058776855,1.2889018058776855,1
24,middle_01_r,1.2888871431350708,1.2888871431350708,1.2888871431350708,1
33,middle_01_r,1.2888007164001465,1.2888007164001465,1.2888007164001465,1
22,middle_01_r,1.2887378931045532,1.2887378931045532,1.2887378931045532,1
20,middle_01_r,1.2886568307876587,1.2886568307876587,1.2886568307876587,1
36,middle_01_r,1.288602352142334,1.288602352142334,1.288602352142334,1
28,middle_01_r,1.288540005683899,1.288540005683899,1.288540005683899,1
30,middle_01_r,1.2884581089019775,1.2884581089019775,1.2884581089019775,1
38,middle_01_r,1.288428544998169,1.288428544998169,1.288428544998169,1
32,middle_01_r,1.2884228229522705,1.2884228229522705,1.2884228229522705,1
26,middle_01_r,1.2883445024490356,1.2883445024490356,1.2883445024490356,1
29,middle_01_r,1.2883280515670776,1.2883280515670776,1.2883280515670776,1
34,middle_01_r,1.2883241176605225,1.2883241176605225,1.2883241176605225,1
31,middle_01_r,1.2882593870162964,1.2882593870162964,1.2882593870162964,1
25,middle_01_r,1.2881494760513306,1.2881494760513306,1.2881494760513306,1
37,middle_01_r,1.288045883178711,1.288045883178711,1.288045883178711,1
27,middle_01_r,1.2880446910858154,1.2880446910858154,1.2880446910858154,1
39,middle_01_r,1.2880250215530396,1.2880250215530396,1.2880250215530396,1
85,spine_01,1.2872953414916992,1.2872953414916992,1.2872953414916992,1
82,LCalfTwist_02,1.287219762802124,1.287219762802124,1.287219762802124,1
40,middle_01_r,1.2871862649917603,1.2871862649917603,1.2871862649917603,1
41,middle_01_r,1.285914659500122,1.285914659500122,1.285914659500122,1
9,middle_01_r,1.2848405838012695,1.2848405838012695,1.2848405838012695,1
46,index_01_r,1.2833930253982544,1.2833930253982544,1.2833930253982544,1
79,RUpArmTwist_l_02,1.2824581861495972,1.2824581861495972,1.2824581861495972,1
82,RUpArmTwist_l_01,1.2819790840148926,1.2819790840148926,1.2819790840148926,1
8,RCalfTwist_03,1.2803106307983398,1.2803106307983398,1.2803106307983398,1
24,lowerarm_r,1.2794603109359741,1.2794603109359741,1.2794603109359741,1
85,ring_01_r,1.2754063606262207,1.2754063606262207,1.2754063606262207,1
8,R_ForeTwist_01,1.2736352682113647,1.2736352682113647,1.2736352682113647,1
42,middle_01_r,1.2735868692398071,1.2735868692398071,1.2735868692398071,1
0,index_01_r,1.2728928327560425,1.2728928327560425,1.2728928327560425,1
51,LCalfTwist_01,1.2727391719818115,1.2727391719818115,1.2727391719818115,1
52,calf_l,1.272129774093628,1.272129774093628,1.272129774093628,1
18,RCalfTwist_02,1.271293044090271,1.271293044090271,1.271293044090271,1
8,middle_01_r,1.269261121749878,1.269261121749878,1.269261121749878,1
83,ring_01_r,1.2665939331054688,1.2665939331054688,1.2665939331054688,1
47,index_01_r,1.2652243375778198,1.2652243375778198,1.2652243375778198,1
51,LCalfTwist_02,1.265134572982788,1.265134572982788,1.265134572982788,1
49,ring_01_r,1.2648332118988037,1.2648332118988037,1.2648332118988037,1
25,LCalfTwist_02,1.2621546983718872,1.2621546983718872,1.2621546983718872,1
81,clavicle_l,1.2576411962509155,1.2576411962509155,1.2576411962509155,1
43,middle_01_r,1.2562004327774048,1.2562004327774048,1.2562004327774048,1
82,ring_01_r,1.2555795907974243,1.2555795907974243,1.2555795907974243,1
49,calf_l,1.2529784440994263,1.2529784440994263,1.2529784440994263,1
60,LCalfTwist_02,1.252508521080017,1.252508521080017,1.252508521080017,1
81,ring_01_r,1.2519522905349731,1.2519522905349731,1.2519522905349731,1
47,R_ForeTwist_01,1.250407099723816,1.250407099723816,1.250407099723816,1
2,RCalfTwist_03,1.2437617778778076,1.2437617778778076,1.2437617778778076,1
48,index_01_r,1.242251992225647,1.242251992225647,1.242251992225647,1
51,LCalfTwist_03,1.241745948791504,1.241745948791504,1.241745948791504,1
84,index_01_r,1.240304708480835,1.240304708480835,1.240304708480835,1
80,ring_01_r,1.239152193069458,1.239152193069458,1.239152193069458,1
50,ring_01_r,1.2390979528427124,1.2390979528427124,1.2390979528427124,1
2,RCalfTwist_01,1.2376512289047241,1.2376512289047241,1.2376512289047241,1
23,RCalfTwist_01,1.2365875244140625,1.2365875244140625,1.2365875244140625,1
67,spine_02,1.23658287525177,1.23658287525177,1.23658287525177,1
1,RCalfTwist_03,1.2360265254974365,1.2360265254974365,1.2360265254974365,1
49,index_01_r,1.2357420921325684,1.2357420921325684,1.2357420921325684,1
85,index_01_r,1.2357169389724731,1.2357169389724731,1.2357169389724731,1
7,middle_01_r,1.2356799840927124,1.2356799840927124,1.2356799840927124,1
79,ring_01_r,1.2352570295333862,1.2352570295333862,1.2352570295333862,1
60,LCalfTwist_01,1.233939290046692,1.233939290046692,1.233939290046692,1
83,index_01_r,1.233589768409729,1.233589768409729,1.233589768409729,1
19,RCalfTwist_02,1.2322436571121216,1.2322436571121216,1.2322436571121216,1
14,R_ForeTwist_02,1.2317819595336914,1.2317819595336914,1.2317819595336914,1
75,RCalfTwist_02,1.2310841083526611,1.2310841083526611,1.2310841083526611,1
77,ring_01_r,1.2308402061462402,1.2308402061462402,1.2308402061462402,1
82,index_01_r,1.2306513786315918,1.2306513786315918,1.2306513786315918,1
13,R_ForeTwist_02,1.2301583290100098,1.2301583290100098,1.2301583290100098,1
81,index_01_r,1.230080485343933,1.230080485343933,1.230080485343933,1
75,ring_01_r,1.228928804397583,1.228928804397583,1.228928804397583,1
15,R_ForeTwist_02,1.2282534837722778,1.2282534837722778,1.2282534837722778,1
78,ring_01_r,1.2282112836837769,1.2282112836837769,1.2282112836837769,1
50,index_01_r,1.2277195453643799,1.2277195453643799,1.2277195453643799,1
27,LCalfTwist_03,1.226755976676941,1.226755976676941,1.226755976676941,1
80,index_01_r,1.2253191471099854,1.2253191471099854,1.2253191471099854,1
79,index_01_r,1.2239384651184082,1.2239384651184082,1.2239384651184082,1
51,ring_01_r,1.2226148843765259,1.2226148843765259,1.2226148843765259,1
76,ring_01_r,1.2225990295410156,1.2225990295410156,1.2225990295410156,1
27,LCalfTwist_01,1.2221022844314575,1.2221022844314575,1.2221022844314575,1
73,ring_01_r,1.2219470739364624,1.2219470739364624,1.2219470739364624,1
78,index_01_r,1.2212657928466797,1.2212657928466797,1.2212657928466797,1
77,index_01_r,1.221257209777832,1.221257209777832,1.221257209777832,1
75,index_01_r,1.2202939987182617,1.2202939987182617,1.2202939987182617,1
74,ring_01_r,1.2198879718780518,1.2198879718780518,1.2198879718780518,1
60,ring_01_r,1.2193663120269775,1.2193663120269775,1.2193663120269775,1
51,index_01_r,1.2192161083221436,1.2192161083221436,1.2192161083221436,1
72,ring_01_r,1.21847403049469,1.21847403049469,1.21847403049469,1
61,ring_01_r,1.2181857824325562,1.2181857824325562,1.2181857824325562,1
52,ring_01_r,1.2181501388549805,1.2181501388549805,1.2181501388549805,1
59,ring_01_r,1.2181317806243896,1.2181317806243896,1.2181317806243896,1
58,ring_01_r,1.2180097103118896,1.2180097103118896,1.2180097103118896,1
63,ring_01_r,1.2178980112075806,1.2178980112075806,1.2178980112075806,1
62,ring_01_r,1.2178539037704468,1.2178539037704468,1.2178539037704468,1
56,ring_01_r,1.2178293466567993,1.2178293466567993,1.2178293466567993,1
57,ring_01_r,1.2177047729492188,1.2177047729492188,1.2177047729492188,1
65,ring_01_r,1.2176812887191772,1.2176812887191772,1.2176812887191772,1
55,ring_01_r,1.2175172567367554,1.2175172567367554,1.2175172567367554,1
68,ring_01_r,1.217264175415039,1.217264175415039,1.217264175415039,1
69,ring_01_r,1.21718168258667,1.21718168258667,1.21718168258667,1
73,index_01_r,1.217116117477417,1.217116117477417,1.217116117477417,1
64,ring_01_r,1.2171025276184082,1.2171025276184082,1.2171025276184082,1
71,ring_01_r,1.217067003250122,1.217067003250122,1.217067003250122,1
70,ring_01_r,1.2169746160507202,1.2169746160507202,1.2169746160507202,1
66,ring_01_r,1.21683931350708,1.21683931350708,1.21683931350708,1
54,ring_01_r,1.2167563438415527,1.2167563438415527,1.2167563438415527,1
67,ring_01_r,1.2167044878005981,1.2167044878005981,1.2167044878005981,1
76,index_01_r,1.2166824340820312,1.2166824340820312,1.2166824340820312,1
53,ring_01_r,1.216225266456604,1.216225266456604,1.216225266456604,1
5,middle_01_r,1.2154030799865723,1.2154030799865723,1.2154030799865723,1
83,RUpArmTwist_l_01,1.2153059244155884,1.2153059244155884,1.2153059244155884,1
52,index_01_r,1.215192198753357,1.215192198753357,1.215192198753357,1
74,index_01_r,1.2148686647415161,1.2148686647415161,1.2148686647415161,1
72,index_01_r,1.2136040925979614,1.2136040925979614,1.2136040925979614,1
50,LCalfTwist_03,1.213253378868103,1.213253378868103,1.213253378868103,1
53,index_01_r,1.2117106914520264,1.2117106914520264,1.2117106914520264,1
17,R_ForeTwist_02,1.211300253868103,1.211300253868103,1.211300253868103,1
70,index_01_r,1.210927128791809,1.210927128791809,1.210927128791809,1
71,index_01_r,1.2108469009399414,1.2108469009399414,1.2108469009399414,1
6,middle_01_r,1.2105439901351929,1.2105439901351929,1.2105439901351929,1
21,R_ForeTwist_02,1.2105181217193604,1.2105181217193604,1.2105181217193604,1
69,index_01_r,1.2097471952438354,1.2097471952438354,1.2097471952438354,1
16,R_ForeTwist_02,1.2096681594848633,1.2096681594848633,1.2096681594848633,1
68,index_01_r,1.2096177339553833,1.2096177339553833,1.2096177339553833,1
54,index_01_r,1.2092900276184082,1.2092900276184082,1.2092900276184082,1
20,R_ForeTwist_02,1.208617091178894,1.208617091178894,1.208617091178894,1
67,index_01_r,1.2086035013198853,1.2086035013198853,1.2086035013198853,1
18,R_ForeTwist_02,1.2083203792572021,1.2083203792572021,1.2083203792572021,1
66,index_01_r,1.2075765132904053,1.2075765132904053,1.2075765132904053,1
64,index_01_r,1.2075575590133667,1.2075575590133667,1.2075575590133667,1
19,R_ForeTwist_02,1.2074286937713623,1.2074286937713623,1.2074286937713623,1
55,index_01_r,1.2073863744735718,1.2073863744735718,1.2073863744735718,1
56,index_01_r,1.207323431968689,1.207323431968689,1.207323431968689,1
61,index_01_r,1.2067145109176636,1.2067145109176636,1.2067145109176636,1
57,index_01_r,1.206674337387085,1.206674337387085,1.206674337387085,1
65,index_01_r,1.2064117193222046,1.2064117193222046,1.2064117193222046,1
68,foot_r,1.2063782215118408,1.2063782215118408,1.2063782215118408,1
63,index_01_r,1.2063194513320923,1.2063194513320923,1.2063194513320923,1
62,index_01_r,1.206115484237671,1.206115484237671,1.206115484237671,1
59,index_01_r,1.2057523727416992,1.2057523727416992,1.2057523727416992,1
58,index_01_r,1.2053704261779785,1.2053704261779785,1.2053704261779785,1
3,RCalfTwist_03,1.2035449743270874,1.2035449743270874,1.2035449743270874,1
81,LCalfTwist_02,1.2022570371627808,1.2022570371627808,1.2022570371627808,1
60,index_01_r,1.2021256685256958,1.2021256685256958,1.2021256685256958,1
81,LCalfTwist_01,1.2004671096801758,1.2004671096801758,1.2004671096801758,1
21,RCalfTwist_02,1.1996361017227173,1.1996361017227173,1.1996361017227173,1
20,RCalfTwist_02,1.19626784324646,1.19626784324646,1.19626784324646,1
44,middle_01_r,1.1947615146636963,1.1947615146636963,1.1947615146636963,1
4,middle_01_r,1.1917203664779663,1.1917203664779663,1.1917203664779663,1
8,RCalfTwist_02,1.1881893873214722,1.1881893873214722,1.1881893873214722,1
7,RCalfTwist_01,1.1864709854125977,1.1864709854125977,1.1864709854125977,1
65,R_ForeTwist_02,1.1819789409637451,1.1819789409637451,1.1819789409637451,1
64,R_ForeTwist_02,1.1810137033462524,1.1810137033462524,1.1810137033462524,1
66,R_ForeTwist_02,1.1809000968933105,1.1809000968933105,1.1809000968933105,1
67,R_ForeTwist_02,1.1799356937408447,1.1799356937408447,1.1799356937408447,1
68,R_ForeTwist_02,1.1790729761123657,1.1790729761123657,1.1790729761123657,1
82,clavicle_l,1.178490400314331,1.178490400314331,1.178490400314331,1
52,RCalfTwist_02,1.1740691661834717,1.1740691661834717,1.1740691661834717,1
26,LCalfTwist_02,1.1739529371261597,1.1739529371261597,1.1739529371261597,1
69,R_ForeTwist_02,1.168983817100525,1.168983817100525,1.168983817100525,1
70,R_ForeTwist_02,1.1678268909454346,1.1678268909454346,1.1678268909454346,1
71,R_ForeTwist_02,1.1677849292755127,1.1677849292755127,1.1677849292755127,1
61,LCalfTwist_01,1.1651439666748047,1.1651439666748047,1.1651439666748047,1
72,R_ForeTwist_02,1.164869785308838,1.164869785308838,1.164869785308838,1
74,R_ForeTwist_02,1.1635866165161133,1.1635866165161133,1.1635866165161133,1
18,RCalfTwist_03,1.1631089448928833,1.1631089448928833,1.1631089448928833,1
19,RCalfTwist_03,1.162857174873352,1.162857174873352,1.162857174873352,1
76,R_ForeTwist_02,1.161691427230835,1.161691427230835,1.161691427230835,1
73,R_ForeTwist_02,1.160919427871704,1.160919427871704,1.160919427871704,1
20,RCalfTwist_03,1.1602981090545654,1.1602981090545654,1.1602981090545654,1
57,spine_02,1.1601500511169434,1.1601500511169434,1.1601500511169434,1
17,RCalfTwist_03,1.1571943759918213,1.1571943759918213,1.1571943759918213,1
21,RCalfTwist_03,1.157103180885315,1.157103180885315,1.157103180885315,1
75,R_ForeTwist_02,1.157061219215393,1.157061219215393,1.157061219215393,1
77,R_ForeTwist_02,1.1562581062316895,1.1562581062316895,1.1562581062316895,1
66,spine_02,1.1562438011169434,1.1562438011169434,1.1562438011169434,1
61,LCalfTwist_02,1.1561524868011475,1.1561524868011475,1.1561524868011475,1
43,RCalfTwist_02,1.1499898433685303,1.1499898433685303,1.1499898433685303,1
7,R_ForeTwist_01,1.1499229669570923,1.1499229669570923,1.1499229669570923,1
24,RCalfTwist_01,1.1456869840621948,1.1456869840621948,1.1456869840621948,1
83,clavicle_l,1.1443084478378296,1.1443084478378296,1.1443084478378296,1
82,LCalfTwist_03,1.144036889076233,1.144036889076233,1.144036889076233,1
81,LCalfTwist_03,1.1411960124969482,1.1411960124969482,1.1411960124969482,1
74,foot_l,1.138511061668396,1.138511061668396,1.138511061668396,1
80,RUpArmTwist_l_02,1.135461449623108,1.135461449623108,1.135461449623108,1
3,RCalfTwist_01,1.1331387758255005,1.1331387758255005,1.1331387758255005,1
45,middle_01_r,1.1316256523132324,1.1316256523132324,1.1316256523132324,1
3,middle_01_r,1.13064444065094,1.13064444065094,1.13064444065094,1
15,LCalfTwist_02,1.1301109790802002,1.1301109790802002,1.1301109790802002,1
80,LCalfTwist_03,1.1251622438430786,1.1251622438430786,1.1251622438430786,1
12,R_ForeTwist_02,1.124985933303833,1.124985933303833,1.124985933303833,1
62,LCalfTwist_03,1.1247392892837524,1.1247392892837524,1.1247392892837524,1
63,LCalfTwist_03,1.1242347955703735,1.1242347955703735,1.1242347955703735,1
64,LCalfTwist_03,1.1226780414581299,1.1226780414581299,1.1226780414581299,1
55,RCalfTwist_01,1.122540831565857,1.122540831565857,1.122540831565857,1
56,RCalfTwist_01,1.1222611665725708,1.1222611665725708,1.1222611665725708,1
61,LCalfTwist_03,1.1219916343688965,1.1219916343688965,1.1219916343688965,1
50,LCalfTwist_02,1.1216869354248047,1.1216869354248047,1.1216869354248047,1
62,LCalfTwist_01,1.1215327978134155,1.1215327978134155,1.1215327978134155,1
22,RCalfTwist_02,1.1162726879119873,1.1162726879119873,1.1162726879119873,1
7,RCalfTwist_03,1.1150994300842285,1.1150994300842285,1.1150994300842285,1
1,RCalfTwist_01,1.1137337684631348,1.1137337684631348,1.1137337684631348,1
50,LCalfTwist_01,1.113398790359497,1.113398790359497,1.113398790359497,1
51,calf_l,1.1131888628005981,1.1131888628005981,1.1131888628005981,1
62,LCalfTwist_02,1.1109766960144043,1.1109766960144043,1.1109766960144043,1
65,spine_02,1.1082974672317505,1.1082974672317505,1.1082974672317505,1
82,RCalfTwist_02,1.1058390140533447,1.1058390140533447,1.1058390140533447,1
11,R_ForeTwist_02,1.1052250862121582,1.1052250862121582,1.1052250862121582,1
10,R_ForeTwist_02,1.0950040817260742,1.0950040817260742,1.0950040817260742,1
1,middle_01_r,1.0891597270965576,1.0891597270965576,1.0891597270965576,1
74,RCalfTwist_02,1.0862317085266113,1.0862317085266113,1.0862317085266113,1
9,R_ForeTwist_02,1.085590124130249,1.085590124130249,1.085590124130249,1
64,spine_02,1.0853302478790283,1.0853302478790283,1.0853302478790283,1
45,LCalfTwist_02,1.0837286710739136,1.0837286710739136,1.0837286710739136,1
2,middle_01_r,1.0810126066207886,1.0810126066207886,1.0810126066207886,1
48,R_ForeTwist_01,1.0779788494110107,1.0779788494110107,1.0779788494110107,1
48,lowerarm_r,1.0779485702514648,1.0779485702514648,1.0779485702514648,1
45,LCalfTwist_01,1.074174404144287,1.074174404144287,1.074174404144287,1
8,R_ForeTwist_02,1.0730969905853271,1.0730969905853271,1.0730969905853271,1
45,LCalfTwist_03,1.0612400770187378,1.0612400770187378,1.0612400770187378,1
5,R_ForeTwist_01,1.0588655471801758,1.0588655471801758,1.0588655471801758,1
55,RCalfTwist_03,1.057839274406433,1.057839274406433,1.057839274406433,1
56,RCalfTwist_03,1.0576597452163696,1.0576597452163696,1.0576597452163696,1
57,RCalfTwist_03,1.057324767112732,1.057324767112732,1.057324767112732,1
46,middle_01_r,1.0510764122009277,1.0510764122009277,1.0510764122009277,1
23,RCalfTwist_02,1.0488921403884888,1.0488921403884888,1.0488921403884888,1
6,R_ForeTwist_01,1.0478737354278564,1.0478737354278564,1.0478737354278564,1
25,RCalfTwist_01,1.046135663986206,1.046135663986206,1.046135663986206,1
27,LCalfTwist_02,1.0413908958435059,1.0413908958435059,1.0413908958435059,1
64,foot_r,1.0405101776123047,1.0405101776123047,1.0405101776123047,1
14,LCalfTwist_01,1.0403752326965332,1.0403752326965332,1.0403752326965332,1
13,LCalfTwist_01,1.0344231128692627,1.0344231128692627,1.0344231128692627,1
0,middle_01_r,1.0338565111160278,1.0338565111160278,1.0338565111160278,1
44,RCalfTwist_03,1.0323368310928345,1.0323368310928345,1.0323368310928345,1
63,LCalfTwist_01,1.0321038961410522,1.0321038961410522,1.0321038961410522,1
28,LCalfTwist_03,1.0298751592636108,1.0298751592636108,1.0298751592636108,1
49,R_ForeTwist_01,1.0281428098678589,1.0281428098678589,1.0281428098678589,1
80,LCalfTwist_01,1.0279968976974487,1.0279968976974487,1.0279968976974487,1
80,LCalfTwist_02,1.0273948907852173,1.0273948907852173,1.0273948907852173,1
28,LCalfTwist_01,1.0250670909881592,1.0250670909881592,1.0250670909881592,1
84,RUpArmTwist_l_01,1.0220516920089722,1.0220516920089722,1.0220516920089722,1
47,middle_01_r,1.0195491313934326,1.0195491313934326,1.0195491313934326,1
63,LCalfTwist_02,1.0184038877487183,1.0184038877487183,1.0184038877487183,1
57,RCalfTwist_01,1.016209602355957,1.016209602355957,1.016209602355957,1
49,LCalfTwist_01,1.0132372379302979,1.0132372379302979,1.0132372379302979,1
50,calf_l,1.0130994319915771,1.0130994319915771,1.0130994319915771,1
44,RCalfTwist_01,1.005159616470337,1.005159616470337,1.005159616470337,1
46,LCalfTwist_03,1.003697156906128,1.003697156906128,1.003697156906128,1
63,spine_02,1.0017277002334595,1.0017277002334595,1.0017277002334595,1
22,RCalfTwist_03,0.9972052574157715,0.9972052574157715,0.9972052574157715,1
45,RCalfTwist_01,0.9971325993537903,0.9971325993537903,0.9971325993537903,1
82,RUpArmTwist_l_02,0.993215799331665,0.993215799331665,0.993215799331665,1
44,LCalfTwist_02,0.9932079315185547,0.9932079315185547,0.9932079315185547,1
81,RUpArmTwist_l_02,0.9918346405029297,0.9918346405029297,0.9918346405029297,1
26,RCalfTwist_01,0.9901379346847534,0.9901379346847534,0.9901379346847534,1
42,RCalfTwist_02,0.9879077076911926,0.9879077076911926,0.9879077076911926,1
64,LCalfTwist_01,0.9874942302703857,0.9874942302703857,0.9874942302703857,1
49,LCalfTwist_03,0.987121045589447,0.987121045589447,0.987121045589447,1
23,RCalfTwist_03,0.9869124293327332,0.9869124293327332,0.9869124293327332,1
45,RCalfTwist_03,0.9837630391120911,0.9837630391120911,0.9837630391120911,1
84,middle_01_r,0.9837515950202942,0.9837515950202942,0.9837515950202942,1
46,LCalfTwist_02,0.9822410941123962,0.9822410941123962,0.9822410941123962,1
14,LCalfTwist_03,0.9804818034172058,0.9804818034172058,0.9804818034172058,1
48,middle_01_r,0.9804040789604187,0.9804040789604187,0.9804040789604187,1
6,RCalfTwist_01,0.9784486293792725,0.9784486293792725,0.9784486293792725,1
85,middle_01_r,0.9778666496276855,0.9778666496276855,0.9778666496276855,1
13,LCalfTwist_03,0.9772728681564331,0.9772728681564331,0.9772728681564331,1
24,RCalfTwist_02,0.9755936861038208,0.9755936861038208,0.9755936861038208,1
49,LCalfTwist_02,0.9753628969192505,0.9753628969192505,0.9753628969192505,1
83,middle_01_r,0.9753211140632629,0.9753211140632629,0.9753211140632629,1
49,middle_01_r,0.9726585149765015,0.9726585149765015,0.9726585149765015,1
44,LCalfTwist_01,0.972206175327301,0.972206175327301,0.972206175327301,1
46,LCalfTwist_01,0.9716804623603821,0.9716804623603821,0.9716804623603821,1
64,LCalfTwist_02,0.9715333580970764,0.9715333580970764,0.9715333580970764,1
82,middle_01_r,0.9703330993652344,0.9703330993652344,0.9703330993652344,1
81,middle_01_r,0.9691715240478516,0.9691715240478516,0.9691715240478516,1
80,middle_01_r,0.9649333953857422,0.9649333953857422,0.9649333953857422,1
50,middle_01_r,0.9635995626449585,0.9635995626449585,0.9635995626449585,1
79,middle_01_r,0.9631256461143494,0.9631256461143494,0.9631256461143494,1
46,RCalfTwist_01,0.9625625610351562,0.9625625610351562,0.9625625610351562,1
77,middle_01_r,0.9617897868156433,0.9617897868156433,0.9617897868156433,1
78,middle_01_r,0.9611536264419556,0.9611536264419556,0.9611536264419556,1
75,middle_01_r,0.9611241817474365,0.9611241817474365,0.9611241817474365,1
48,LCalfTwist_03,0.9595777988433838,0.9595777988433838,0.9595777988433838,1
73,middle_01_r,0.9580631852149963,0.9580631852149963,0.9580631852149963,1
76,middle_01_r,0.9578006267547607,0.9578006267547607,0.9578006267547607,1
51,middle_01_r,0.9570251107215881,0.9570251107215881,0.9570251107215881,1
74,middle_01_r,0.956615149974823,0.956615149974823,0.956615149974823,1
72,middle_01_r,0.9551578760147095,0.9551578760147095,0.9551578760147095,1
52,middle_01_r,0.954402506351471,0.954402506351471,0.954402506351471,1
71,middle_01_r,0.9535592198371887,0.9535592198371887,0.9535592198371887,1
70,middle_01_r,0.9531762599945068,0.9531762599945068,0.9531762599945068,1
53,middle_01_r,0.9526655077934265,0.9526655077934265,0.9526655077934265,1
69,middle_01_r,0.952355682849884,0.952355682849884,0.952355682849884,1
27,RCalfTwist_01,0.952124297618866,0.952124297618866,0.952124297618866,1
68,middle_01_r,0.952070415019989,0.952070415019989,0.952070415019989,1
54,middle_01_r,0.9520265460014343,0.9520265460014343,0.9520265460014343,1
3,R_ForeTwist_02,0.9516143202781677,0.9516143202781677,0.9516143202781677,1
67,middle_01_r,0.9515422582626343,0.9515422582626343,0.9515422582626343,1
56,middle_01_r,0.9513677954673767,0.9513677954673767,0.9513677954673767,1
64,middle_01_r,0.9511135816574097,0.9511135816574097,0.9511135816574097,1
61,middle_01_r,0.9510095119476318,0.9510095119476318,0.9510095119476318,1
55,middle_01_r,0.9508936405181885,0.9508936405181885,0.9508936405181885,1
66,middle_01_r,0.950844943523407,0.950844943523407,0.950844943523407,1
57,middle_01_r,0.95063716173172,0.95063716173172,0.95063716173172,1
65,middle_01_r,0.9503210783004761,0.9503210783004761,0.9503210783004761,1
63,middle_01_r,0.9502803683280945,0.9502803683280945,0.9502803683280945,1
62,middle_01_r,0.9502303600311279,0.9502303600311279,0.9502303600311279,1
59,middle_01_r,0.9502000212669373,0.9502000212669373,0.9502000212669373,1
58,middle_01_r,0.9498121738433838,0.9498121738433838,0.9498121738433838,1
44,LCalfTwist_03,0.9491762518882751,0.9491762518882751,0.9491762518882751,1
60,middle_01_r,0.9475952982902527,0.9475952982902527,0.9475952982902527,1
4,RCalfTwist_03,0.9445903897285461,0.9445903897285461,0.9445903897285461,1
66,LCalfTwist_01,0.9437254071235657,0.9437254071235657,0.9437254071235657,1
42,RCalfTwist_03,0.9436215758323669,0.9436215758323669,0.9436215758323669,1
65,LCalfTwist_01,0.9431906342506409,0.9431906342506409,0.9431906342506409,1
47,LCalfTwist_02,0.943081796169281,0.943081796169281,0.943081796169281,1
5,R_ForeTwist_02,0.9414809942245483,0.9414809942245483,0.9414809942245483,1
7,R_ForeTwist_02,0.941005527973175,0.941005527973175,0.941005527973175,1
6,R_ForeTwist_02,0.9408349990844727,0.9408349990844727,0.9408349990844727,1
83,RCalfTwist_02,0.9407028555870056,0.9407028555870056,0.9407028555870056,1
7,RCalfTwist_02,0.9384888410568237,0.9384888410568237,0.9384888410568237,1
4,RCalfTwist_01,0.9382925629615784,0.9382925629615784,0.9382925629615784,1
62,foot_r,0.9372978210449219,0.9372978210449219,0.9372978210449219,1
50,R_ForeTwist_01,0.9371836185455322,0.9371836185455322,0.9371836185455322,1
47,LCalfTwist_01,0.9362096786499023,0.9362096786499023,0.9362096786499023,1
28,RCalfTwist_01,0.9325863718986511,0.9325863718986511,0.9325863718986511,1
6,RCalfTwist_03,0.9300079345703125,0.9300079345703125,0.9300079345703125,1
65,LCalfTwist_02,0.9264875054359436,0.9264875054359436,0.9264875054359436,1
66,LCalfTwist_02,0.9258300065994263,0.9258300065994263,0.9258300065994263,1
5,RCalfTwist_03,0.9241923689842224,0.9241923689842224,0.9241923689842224,1
43,RCalfTwist_01,0.9240798950195312,0.9240798950195312,0.9240798950195312,1
46,RCalfTwist_03,0.9240288734436035,0.9240288734436035,0.9240288734436035,1
48,LCalfTwist_02,0.9172828793525696,0.9172828793525696,0.9172828793525696,1
73,RCalfTwist_02,0.9167175889015198,0.9167175889015198,0.9167175889015198,1
48,LCalfTwist_01,0.9129595756530762,0.9129595756530762,0.9129595756530762,1
43,RCalfTwist_03,0.9118306636810303,0.9118306636810303,0.9118306636810303,1
58,RCalfTwist_01,0.9109138250350952,0.9109138250350952,0.9109138250350952,1
47,RCalfTwist_01,0.9107392430305481,0.9107392430305481,0.9107392430305481,1
4,R_ForeTwist_01,0.9092773795127869,0.9092773795127869,0.9092773795127869,1
5,RCalfTwist_01,0.9060434699058533,0.9060434699058533,0.9060434699058533,1
62,spine_02,0.9059442281723022,0.9059442281723022,0.9059442281723022,1
78,R_ForeTwist_02,0.9026281833648682,0.9026281833648682,0.9026281833648682,1
58,spine_02,0.9017547965049744,0.9017547965049744,0.9017547965049744,1
47,RCalfTwist_03,0.9001367688179016,0.9001367688179016,0.9001367688179016,1
79,LCalfTwist_02,0.8997636437416077,0.8997636437416077,0.8997636437416077,1
79,R_ForeTwist_02,0.8996938467025757,0.8996938467025757,0.8996938467025757,1
0,RCalfTwist_01,0.899445116519928,0.899445116519928,0.899445116519928,1
67,LCalfTwist_01,0.8987725377082825,0.8987725377082825,0.8987725377082825,1
80,R_ForeTwist_02,0.8983768224716187,0.8983768224716187,0.8983768224716187,1
65,LCalfTwist_03,0.894167423248291,0.894167423248291,0.894167423248291,1
81,R_ForeTwist_02,0.8935108184814453,0.8935108184814453,0.8935108184814453,1
82,R_ForeTwist_02,0.8927310109138489,0.8927310109138489,0.8927310109138489,1
66,LCalfTwist_03,0.892575204372406,0.892575204372406,0.892575204372406,1
67,LCalfTwist_03,0.8903736472129822,0.8903736472129822,0.8903736472129822,1
83,R_ForeTwist_02,0.8890892267227173,0.8890892267227173,0.8890892267227173,1
68,LCalfTwist_03,0.8878707885742188,0.8878707885742188,0.8878707885742188,1
85,R_ForeTwist_02,0.8876757025718689,0.8876757025718689,0.8876757025718689,1
59,spine_02,0.8869265913963318,0.8869265913963318,0.8869265913963318,1
51,R_ForeTwist_01,0.8849347829818726,0.8849347829818726,0.8849347829818726,1
84,R_ForeTwist_02,0.8839829564094543,0.8839829564094543,0.8839829564094543,1
60,RCalfTwist_01,0.8831237554550171,0.8831237554550171,0.8831237554550171,1
79,LCalfTwist_01,0.8805807828903198,0.8805807828903198,0.8805807828903198,1
67,LCalfTwist_02,0.8788074851036072,0.8788074851036072,0.8788074851036072,1
61,spine_02,0.877880871295929,0.877880871295929,0.877880871295929,1
59,RCalfTwist_01,0.8746506571769714,0.8746506571769714,0.8746506571769714,1
85,RUpArmTwist_l_01,0.8716233372688293,0.8716233372688293,0.8716233372688293,1
47,LCalfTwist_03,0.8685409426689148,0.8685409426689148,0.8685409426689148,1
54,RCalfTwist_01,0.866172194480896,0.866172194480896,0.866172194480896,1
69,RCalfTwist_02,0.8625593185424805,0.8625593185424805,0.8625593185424805,1
0,RCalfTwist_03,0.8596493005752563,0.8596493005752563,0.8596493005752563,1
84,RUpArmTwist_l_02,0.8590217232704163,0.8590217232704163,0.8590217232704163,1
0,R_ForeTwist_02,0.8590108156204224,0.8590108156204224,0.8590108156204224,1
68,RCalfTwist_02,0.8585678339004517,0.8585678339004517,0.8585678339004517,1
25,RCalfTwist_02,0.8548780679702759,0.8548780679702759,0.8548780679702759,1
14,LCalfTwist_02,0.8487553596496582,0.8487553596496582,0.8487553596496582,1
83,RUpArmTwist_l_02,0.8486697673797607,0.8486697673797607,0.8486697673797607,1
63,foot_r,0.848450779914856,0.848450779914856,0.848450779914856,1
13,LCalfTwist_02,0.846933126449585,0.846933126449585,0.846933126449585,1
29,RCalfTwist_01,0.8445008993148804,0.8445008993148804,0.8445008993148804,1
3,R_ForeTwist_01,0.8432931303977966,0.8432931303977966,0.8432931303977966,1
2,R_ForeTwist_02,0.8423425555229187,0.8423425555229187,0.8423425555229187,1
66,lowerarm_l,0.8408668637275696,0.8408668637275696,0.8408668637275696,1
1,R_ForeTwist_02,0.8396286964416504,0.8396286964416504,0.8396286964416504,1
61,RCalfTwist_01,0.8360974788665771,0.8360974788665771,0.8360974788665771,1
68,LCalfTwist_02,0.8318976163864136,0.8318976163864136,0.8318976163864136,1
68,LCalfTwist_01,0.8315562009811401,0.8315562009811401,0.8315562009811401,1
67,RCalfTwist_02,0.8273749947547913,0.8273749947547913,0.8273749947547913,1
25,RCalfTwist_03,0.8230956792831421,0.8230956792831421,0.8230956792831421,1
52,R_ForeTwist_01,0.8203442692756653,0.8203442692756653,0.8203442692756653,1
4,R_ForeTwist_02,0.819585919380188,0.819585919380188,0.819585919380188,1
28,LCalfTwist_02,0.8193424344062805,0.8193424344062805,0.8193424344062805,1
26,RCalfTwist_02,0.8171984553337097,0.8171984553337097,0.8171984553337097,1
24,RCalfTwist_03,0.815214991569519,0.815214991569519,0.815214991569519,1
60,spine_02,0.8103119730949402,0.8103119730949402,0.8103119730949402,1
41,RCalfTwist_03,0.8057544231414795,0.8057544231414795,0.8057544231414795,1
65,foot_r,0.805612325668335,0.805612325668335,0.805612325668335,1
53,R_ForeTwist_01,0.8033032417297363,0.8033032417297363,0.8033032417297363,1
69,LCalfTwist_03,0.8027504682540894,0.8027504682540894,0.8027504682540894,1
70,LCalfTwist_03,0.8006247878074646,0.8006247878074646,0.8006247878074646,1
22,lowerarm_r,0.7928134202957153,0.7928134202957153,0.7928134202957153,1
72,RCalfTwist_02,0.7889865636825562,0.7889865636825562,0.7889865636825562,1
70,RCalfTwist_02,0.7864454984664917,0.7864454984664917,0.7864454984664917,1
27,RCalfTwist_02,0.7788510322570801,0.7788510322570801,0.7788510322570801,1
66,RCalfTwist_02,0.7779460549354553,0.7779460549354553,0.7779460549354553,1
29,LCalfTwist_01,0.7749249339103699,0.7749249339103699,0.7749249339103699,1
84,RCalfTwist_02,0.7703086733818054,0.7703086733818054,0.7703086733818054,1
42,RCalfTwist_01,0.7666144967079163,0.7666144967079163,0.7666144967079163,1
62,RCalfTwist_01,0.7665190100669861,0.7665190100669861,0.7665190100669861,1
53,RCalfTwist_02,0.7629050016403198,0.7629050016403198,0.7629050016403198,1
43,LCalfTwist_02,0.757415235042572,0.757415235042572,0.757415235042572,1
71,RCalfTwist_02,0.7568490505218506,0.7568490505218506,0.7568490505218506,1
48,RCalfTwist_01,0.7548019886016846,0.7548019886016846,0.7548019886016846,1
12,lowerarm_l,0.749885618686676,0.749885618686676,0.749885618686676,1
1,R_ForeTwist_01,0.7468234896659851,0.7468234896659851,0.7468234896659851,1
79,LCalfTwist_03,0.7432565093040466,0.7432565093040466,0.7432565093040466,1
50,lowerarm_r,0.7428022027015686,0.7428022027015686,0.7428022027015686,1
38,L_ForeTwist_02,0.7416749596595764,0.7416749596595764,0.7416749596595764,1
28,RCalfTwist_02,0.7399327158927917,0.7399327158927917,0.7399327158927917,1
35,L_ForeTwist_02,0.738906741142273,0.738906741142273,0.738906741142273,1
36,L_ForeTwist_02,0.7383525371551514,0.7383525371551514,0.7383525371551514,1
34,LCalfTwist_01,0.7360789179801941,0.7360789179801941,0.7360789179801941,1
54,R_ForeTwist_01,0.7355607151985168,0.7355607151985168,0.7355607151985168,1
78,LCalfTwist_03,0.7337342500686646,0.7337342500686646,0.7337342500686646,1
41,RCalfTwist_02,0.7318605184555054,0.7318605184555054,0.7318605184555054,1
35,LCalfTwist_03,0.7307217717170715,0.7307217717170715,0.7307217717170715,1
69,LCalfTwist_01,0.7263180613517761,0.7263180613517761,0.7263180613517761,1
85,RCalfTwist_02,0.7244589328765869,0.7244589328765869,0.7244589328765869,1
39,L_ForeTwist_02,0.7217820286750793,0.7217820286750793,0.7217820286750793,1
34,L_ForeTwist_02,0.7212860584259033,0.7212860584259033,0.7212860584259033,1
37,L_ForeTwist_02,0.7197819948196411,0.7197819948196411,0.7197819948196411,1
49,RCalfTwist_01,0.7164707183837891,0.7164707183837891,0.7164707183837891,1
34,LCalfTwist_03,0.7157768607139587,0.7157768607139587,0.7157768607139587,1
35,LCalfTwist_01,0.7154697179794312,0.7154697179794312,0.7154697179794312,1
30,RCalfTwist_01,0.7142271399497986,0.7142271399497986,0.7142271399497986,1
40,L_ForeTwist_02,0.7110955715179443,0.7110955715179443,0.7110955715179443,1
65,RCalfTwist_02,0.7097991108894348,0.7097991108894348,0.7097991108894348,1
6,RCalfTwist_02,0.7074248790740967,0.7074248790740967,0.7074248790740967,1
69,LCalfTwist_02,0.70548015832901,0.70548015832901,0.70548015832901,1
85,RUpArmTwist_l_02,0.7034507393836975,0.7034507393836975,0.7034507393836975,1
67,foot_r,0.7021284103393555,0.7021284103393555,0.7021284103393555,1
12,L_ForeTwist_02,0.6912841200828552,0.6912841200828552,0.6912841200828552,1
78,LCalfTwist_01,0.6901772022247314,0.6901772022247314,0.6901772022247314,1
54,RCalfTwist_03,0.6873199939727783,0.6873199939727783,0.6873199939727783,1
78,LCalfTwist_02,0.6867364048957825,0.6867364048957825,0.6867364048957825,1
64,RCalfTwist_03,0.6853981614112854,0.6853981614112854,0.6853981614112854,1
61,RCalfTwist_03,0.6846967935562134,0.6846967935562134,0.6846967935562134,1
63,RCalfTwist_03,0.6845647692680359,0.6845647692680359,0.6845647692680359,1
62,RCalfTwist_03,0.6842867136001587,0.6842867136001587,0.6842867136001587,1
59,RCalfTwist_03,0.6841477155685425,0.6841477155685425,0.6841477155685425,1
58,RCalfTwist_03,0.6840772032737732,0.6840772032737732,0.6840772032737732,1
41,L_ForeTwist_02,0.6820815205574036,0.6820815205574036,0.6820815205574036,1
60,RCalfTwist_03,0.6814518570899963,0.6814518570899963,0.6814518570899963,1
1,L_ForeTwist_01,0.6793210506439209,0.6793210506439209,0.6793210506439209,1
48,RCalfTwist_03,0.6791583895683289,0.6791583895683289,0.6791583895683289,1
3,RCalfTwist_02,0.6788733005523682,0.6788733005523682,0.6788733005523682,1
2,RCalfTwist_02,0.6784568428993225,0.6784568428993225,0.6784568428993225,1
24,L_ForeTwist_02,0.6732622981071472,0.6732622981071472,0.6732622981071472,1
49,RCalfTwist_03,0.6725724339485168,0.6725724339485168,0.6725724339485168,1
66,foot_r,0.6708784699440002,0.6708784699440002,0.6708784699440002,1
29,L_ForeTwist_02,0.6703940033912659,0.6703940033912659,0.6703940033912659,1
2,R_ForeTwist_01,0.6698225736618042,0.6698225736618042,0.6698225736618042,1
29,RCalfTwist_02,0.669680655002594,0.669680655002594,0.669680655002594,1
23,L_ForeTwist_02,0.6693863272666931,0.6693863272666931,0.6693863272666931,1
31,RCalfTwist_01,0.6690654158592224,0.6690654158592224,0.6690654158592224,1
17,L_ForeTwist_02,0.6678351163864136,0.6678351163864136,0.6678351163864136,1
21,L_ForeTwist_02,0.6671733260154724,0.6671733260154724,0.6671733260154724,1
55,R_ForeTwist_01,0.6668052673339844,0.6668052673339844,0.6668052673339844,1
50,RCalfTwist_03,0.6660698652267456,0.6660698652267456,0.6660698652267456,1
26,L_ForeTwist_02,0.6646469235420227,0.6646469235420227,0.6646469235420227,1
25,L_ForeTwist_02,0.6644151210784912,0.6644151210784912,0.6644151210784912,1
27,L_ForeTwist_02,0.6638796925544739,0.6638796925544739,0.6638796925544739,1
20,L_ForeTwist_02,0.6633684039115906,0.6633684039115906,0.6633684039115906,1
70,LCalfTwist_02,0.6627232432365417,0.6627232432365417,0.6627232432365417,1
28,L_ForeTwist_02,0.6626278758049011,0.6626278758049011,0.6626278758049011,1
16,L_ForeTwist_02,0.6618090867996216,0.6618090867996216,0.6618090867996216,1
18,L_ForeTwist_02,0.6611908078193665,0.6611908078193665,0.6611908078193665,1
19,L_ForeTwist_02,0.6605193018913269,0.6605193018913269,0.6605193018913269,1
31,L_ForeTwist_02,0.6588903665542603,0.6588903665542603,0.6588903665542603,1
22,L_ForeTwist_02,0.6581200361251831,0.6581200361251831,0.6581200361251831,1
63,RCalfTwist_01,0.6577791571617126,0.6577791571617126,0.6577791571617126,1
28,RCalfTwist_03,0.6566587686538696,0.6566587686538696,0.6566587686538696,1
27,RCalfTwist_03,0.6550933122634888,0.6550933122634888,0.6550933122634888,1
26,RCalfTwist_03,0.6543753743171692,0.6543753743171692,0.6543753743171692,1
14,L_ForeTwist_02,0.6530258655548096,0.6530258655548096,0.6530258655548096,1
13,L_ForeTwist_02,0.6486013531684875,0.6486013531684875,0.6486013531684875,1
15,L_ForeTwist_02,0.6450142860412598,0.6450142860412598,0.6450142860412598,1
29,LCalfTwist_03,0.6449359655380249,0.6449359655380249,0.6449359655380249,1
70,LCalfTwist_01,0.6430985331535339,0.6430985331535339,0.6430985331535339,1
84,L_ForeTwist_01,0.6425401568412781,0.6425401568412781,0.6425401568412781,1
30,L_ForeTwist_02,0.6423903107643127,0.6423903107643127,0.6423903107643127,1
33,L_ForeTwist_02,0.6415652632713318,0.6415652632713318,0.6415652632713318,1
0,L_ForeTwist_01,0.6411504149436951,0.6411504149436951,0.6411504149436951,1
43,LCalfTwist_01,0.6407321691513062,0.6407321691513062,0.6407321691513062,1
40,RCalfTwist_03,0.639793872833252,0.639793872833252,0.639793872833252,1
32,L_ForeTwist_02,0.6388416290283203,0.6388416290283203,0.6388416290283203,1
11,L_ForeTwist_02,0.6377540826797485,0.6377540826797485,0.6377540826797485,1
85,L_ForeTwist_01,0.6369096636772156,0.6369096636772156,0.6369096636772156,1
64,RCalfTwist_02,0.6348397135734558,0.6348397135734558,0.6348397135734558,1
83,L_ForeTwist_01,0.6335615515708923,0.6335615515708923,0.6335615515708923,1
82,L_ForeTwist_01,0.6293152570724487,0.6293152570724487,0.6293152570724487,1
30,LCalfTwist_03,0.6220257878303528,0.6220257878303528,0.6220257878303528,1
33,LCalfTwist_03,0.6214376091957092,0.6214376091957092,0.6214376091957092,1
5,RCalfTwist_02,0.620367169380188,0.620367169380188,0.620367169380188,1
43,LCalfTwist_03,0.619928777217865,0.619928777217865,0.619928777217865,1
33,L_ForeTwist_01,0.6189121007919312,0.6189121007919312,0.6189121007919312,1
32,L_ForeTwist_01,0.6187453269958496,0.6187453269958496,0.6187453269958496,1
34,L_ForeTwist_01,0.6163589954376221,0.6163589954376221,0.6163589954376221,1
35,L_ForeTwist_01,0.6159582138061523,0.6159582138061523,0.6159582138061523,1
37,L_ForeTwist_01,0.6158730983734131,0.6158730983734131,0.6158730983734131,1
36,L_ForeTwist_01,0.6157960295677185,0.6157960295677185,0.6157960295677185,1
5,L_ForeTwist_01,0.6154152154922485,0.6154152154922485,0.6154152154922485,1
38,L_ForeTwist_01,0.6151265501976013,0.6151265501976013,0.6151265501976013,1
42,L_ForeTwist_02,0.6083368062973022,0.6083368062973022,0.6083368062973022,1
30,LCalfTwist_01,0.6077455878257751,0.6077455878257751,0.6077455878257751,1
33,LCalfTwist_01,0.6066231727600098,0.6066231727600098,0.6066231727600098,1
56,R_ForeTwist_01,0.6063612699508667,0.6063612699508667,0.6063612699508667,1
36,LCalfTwist_01,0.6057106852531433,0.6057106852531433,0.6057106852531433,1
29,LCalfTwist_02,0.6040250658988953,0.6040250658988953,0.6040250658988953,1
4,L_ForeTwist_01,0.6032722592353821,0.6032722592353821,0.6032722592353821,1
57,R_ForeTwist_01,0.6022560000419617,0.6022560000419617,0.6022560000419617,1
10,L_ForeTwist_02,0.602080225944519,0.602080225944519,0.602080225944519,1
40,LCalfTwist_02,0.5936132669448853,0.5936132669448853,0.5936132669448853,1
50,RCalfTwist_01,0.5915497541427612,0.5915497541427612,0.5915497541427612,1
1,L_ForeTwist_02,0.5863167643547058,0.5863167643547058,0.5863167643547058,1
4,RCalfTwist_02,0.5849317908287048,0.5849317908287048,0.5849317908287048,1
2,L_ForeTwist_01,0.5845109820365906,0.5845109820365906,0.5845109820365906,1
64,RCalfTwist_01,0.5837252736091614,0.5837252736091614,0.5837252736091614,1
2,L_ForeTwist_02,0.583265483379364,0.583265483379364,0.583265483379364,1
65,lowerarm_l,0.5804839730262756,0.5804839730262756,0.5804839730262756,1
7,L_ForeTwist_01,0.579821765422821,0.579821765422821,0.579821765422821,1
0,R_ForeTwist_01,0.5794158577919006,0.5794158577919006,0.5794158577919006,1
81,L_ForeTwist_01,0.5780774354934692,0.5780774354934692,0.5780774354934692,1
39,L_ForeTwist_01,0.5744962096214294,0.5744962096214294,0.5744962096214294,1
0,L_ForeTwist_02,0.5744635462760925,0.5744635462760925,0.5744635462760925,1
40,L_ForeTwist_01,0.5742191076278687,0.5742191076278687,0.5742191076278687,1
41,L_ForeTwist_01,0.574008047580719,0.574008047580719,0.574008047580719,1
80,L_ForeTwist_01,0.5734104514122009,0.5734104514122009,0.5734104514122009,1
79,L_ForeTwist_01,0.5719261169433594,0.5719261169433594,0.5719261169433594,1
42,L_ForeTwist_01,0.5709844827651978,0.5709844827651978,0.5709844827651978,1
41,LCalfTwist_02,0.5700920224189758,0.5700920224189758,0.5700920224189758,1
3,L_ForeTwist_01,0.56975919008255,0.56975919008255,0.56975919008255,1
30,L_ForeTwist_01,0.5683022737503052,0.5683022737503052,0.5683022737503052,1
27,L_ForeTwist_01,0.5682713389396667,0.5682713389396667,0.5682713389396667,1
26,L_ForeTwist_01,0.5682399272918701,0.5682399272918701,0.5682399272918701,1
31,L_ForeTwist_01,0.5681264996528625,0.5681264996528625,0.5681264996528625,1
28,L_ForeTwist_01,0.5680031180381775,0.5680031180381775,0.5680031180381775,1
6,L_ForeTwist_01,0.5677393078804016,0.5677393078804016,0.5677393078804016,1
29,L_ForeTwist_01,0.5674903988838196,0.5674903988838196,0.5674903988838196,1
63,RCalfTwist_02,0.5670295357704163,0.5670295357704163,0.5670295357704163,1
73,L_ForeTwist_01,0.5666561126708984,0.5666561126708984,0.5666561126708984,1
74,L_ForeTwist_01,0.5657010078430176,0.5657010078430176,0.5657010078430176,1
43,L_ForeTwist_01,0.5647045969963074,0.5647045969963074,0.5647045969963074,1
34,LCalfTwist_02,0.5637231469154358,0.5637231469154358,0.5637231469154358,1
9,L_ForeTwist_02,0.5599957704544067,0.5599957704544067,0.5599957704544067,1
43,L_ForeTwist_02,0.5571459531784058,0.5571459531784058,0.5571459531784058,1
10,L_ForeTwist_01,0.5530867576599121,0.5530867576599121,0.5530867576599121,1
1,RCalfTwist_02,0.5530257225036621,0.5530257225036621,0.5530257225036621,1
9,L_ForeTwist_01,0.5527725219726562,0.5527725219726562,0.5527725219726562,1
11,L_ForeTwist_01,0.5527262091636658,0.5527262091636658,0.5527262091636658,1
41,RCalfTwist_01,0.5512883067131042,0.5512883067131042,0.5512883067131042,1
8,L_ForeTwist_01,0.548011839389801,0.548011839389801,0.548011839389801,1
40,RCalfTwist_02,0.5442680716514587,0.5442680716514587,0.5442680716514587,1
32,RCalfTwist_01,0.5438560843467712,0.5438560843467712,0.5438560843467712,1
42,LCalfTwist_02,0.5392395257949829,0.5392395257949829,0.5392395257949829,1
30,RCalfTwist_02,0.5361208915710449,0.5361208915710449,0.5361208915710449,1
58,R_ForeTwist_01,0.5355172753334045,0.5355172753334045,0.5355172753334045,1
36,LCalfTwist_03,0.5348497033119202,0.5348497033119202,0.5348497033119202,1
35,LCalfTwist_02,0.5326180458068848,0.5326180458068848,0.5326180458068848,1
77,LCalfTwist_02,0.5205950140953064,0.5205950140953064,0.5205950140953064,1
77,L_ForeTwist_01,0.5204739570617676,0.5204739570617676,0.5204739570617676,1
31,LCalfTwist_01,0.5202892422676086,0.5202892422676086,0.5202892422676086,1
75,L_ForeTwist_01,0.519690990447998,0.519690990447998,0.519690990447998,1
78,L_ForeTwist_01,0.5196232795715332,0.5196232795715332,0.5196232795715332,1
23,L_ForeTwist_01,0.5181511044502258,0.5181511044502258,0.5181511044502258,1
16,L_ForeTwist_01,0.5181477069854736,0.5181477069854736,0.5181477069854736,1
25,L_ForeTwist_01,0.5181244611740112,0.5181244611740112,0.5181244611740112,1
17,L_ForeTwist_01,0.5178187489509583,0.5178187489509583,0.5178187489509583,1
24,L_ForeTwist_01,0.5176553726196289,0.5176553726196289,0.5176553726196289,1
76,L_ForeTwist_01,0.5171103477478027,0.5171103477478027,0.5171103477478027,1
72,L_ForeTwist_01,0.5157151222229004,0.5157151222229004,0.5157151222229004,1
80,RCalfTwist_03,0.5156598091125488,0.5156598091125488,0.5156598091125488,1
79,RCalfTwist_03,0.5152587890625,0.5152587890625,0.5152587890625,1
77,RCalfTwist_03,0.5151681303977966,0.5151681303977966,0.5151681303977966,1
71,L_ForeTwist_01,0.5150834321975708,0.5150834321975708,0.5150834321975708,1
65,RCalfTwist_01,0.5141769051551819,0.5141769051551819,0.5141769051551819,1
78,RCalfTwist_03,0.5141410827636719,0.5141410827636719,0.5141410827636719,1
13,L_ForeTwist_01,0.5074507594108582,0.5074507594108582,0.5074507594108582,1
14,L_ForeTwist_01,0.5070526599884033,0.5070526599884033,0.5070526599884033,1
15,L_ForeTwist_01,0.5070337057113647,0.5070337057113647,0.5070337057113647,1
30,RCalfTwist_03,0.5056867599487305,0.5056867599487305,0.5056867599487305,1
77,LCalfTwist_01,0.5051792860031128,0.5051792860031128,0.5051792860031128,1
12,L_ForeTwist_01,0.5049948692321777,0.5049948692321777,0.5049948692321777,1
45,L_ForeTwist_01,0.5021142959594727,0.5021142959594727,0.5021142959594727,1
71,LCalfTwist_01,0.49754273891448975,0.49754273891448975,0.49754273891448975,1
44,L_ForeTwist_01,0.4958523213863373,0.4958523213863373,0.4958523213863373,1
71,LCalfTwist_02,0.49530482292175293,0.49530482292175293,0.49530482292175293,1
32,LCalfTwist_01,0.4948025345802307,0.4948025345802307,0.4948025345802307,1
41,LCalfTwist_03,0.49351537227630615,0.49351537227630615,0.49351537227630615,1
8,L_ForeTwist_02,0.48930472135543823,0.48930472135543823,0.48930472135543823,1
29,RCalfTwist_03,0.481310099363327,0.481310099363327,0.481310099363327,1
61,R_ForeTwist_01,0.48103615641593933,0.48103615641593933,0.48103615641593933,1
62,RCalfTwist_02,0.47928765416145325,0.47928765416145325,0.47928765416145325,1
38,RCalfTwist_03,0.4770282208919525,0.4770282208919525,0.4770282208919525,1
59,R_ForeTwist_01,0.47509995102882385,0.47509995102882385,0.47509995102882385,1
68,L_ForeTwist_01,0.47499167919158936,0.47499167919158936,0.47499167919158936,1
66,L_ForeTwist_01,0.4749586582183838,0.4749586582183838,0.4749586582183838,1
67,L_ForeTwist_01,0.4749247133731842,0.4749247133731842,0.4749247133731842,1
31,RCalfTwist_02,0.4721841514110565,0.4721841514110565,0.4721841514110565,1
19,L_ForeTwist_01,0.4685017168521881,0.4685017168521881,0.4685017168521881,1
22,L_ForeTwist_01,0.4683137536048889,0.4683137536048889,0.4683137536048889,1
21,L_ForeTwist_01,0.4681442677974701,0.4681442677974701,0.4681442677974701,1
20,L_ForeTwist_01,0.4681190848350525,0.4681190848350525,0.4681190848350525,1
18,L_ForeTwist_01,0.4680218994617462,0.4680218994617462,0.4680218994617462,1
40,LCalfTwist_03,0.4677068591117859,0.4677068591117859,0.4677068591117859,1
79,RCalfTwist_01,0.46652257442474365,0.46652257442474365,0.46652257442474365,1
70,L_ForeTwist_01,0.46548375487327576,0.46548375487327576,0.46548375487327576,1
69,L_ForeTwist_01,0.4654519557952881,0.4654519557952881,0.4654519557952881,1
39,RCalfTwist_03,0.46087053418159485,0.46087053418159485,0.46087053418159485,1
78,RCalfTwist_01,0.4591173827648163,0.4591173827648163,0.4591173827648163,1
60,R_ForeTwist_01,0.45881256461143494,0.45881256461143494,0.45881256461143494,1
44,L_ForeTwist_02,0.45414403080940247,0.45414403080940247,0.45414403080940247,1
39,RCalfTwist_02,0.45258110761642456,0.45258110761642456,0.45258110761642456,1
71,RCalfTwist_01,0.44987019896507263,0.44987019896507263,0.44987019896507263,1
60,L_ForeTwist_02,0.4468715786933899,0.4468715786933899,0.4468715786933899,1
62,L_ForeTwist_02,0.44616058468818665,0.44616058468818665,0.44616058468818665,1
65,L_ForeTwist_02,0.44608861207962036,0.44608861207962036,0.44608861207962036,1
63,L_ForeTwist_02,0.44607922434806824,0.44607922434806824,0.44607922434806824,1
66,L_ForeTwist_02,0.44569841027259827,0.44569841027259827,0.44569841027259827,1
64,L_ForeTwist_02,0.44567394256591797,0.44567394256591797,0.44567394256591797,1
67,L_ForeTwist_02,0.44535303115844727,0.44535303115844727,0.44535303115844727,1
68,L_ForeTwist_02,0.4451814591884613,0.4451814591884613,0.4451814591884613,1
31,LCalfTwist_03,0.44003021717071533,0.44003021717071533,0.44003021717071533,1
66,RCalfTwist_01,0.4399837553501129,0.4399837553501129,0.4399837553501129,1
69,L_ForeTwist_02,0.43677157163619995,0.43677157163619995,0.43677157163619995,1
71,L_ForeTwist_02,0.43657445907592773,0.43657445907592773,0.43657445907592773,1
70,L_ForeTwist_02,0.43638208508491516,0.43638208508491516,0.43638208508491516,1
72,L_ForeTwist_02,0.43567851185798645,0.43567851185798645,0.43567851185798645,1
74,L_ForeTwist_02,0.4352095425128937,0.4352095425128937,0.4352095425128937,1
73,L_ForeTwist_02,0.43492764234542847,0.43492764234542847,0.43492764234542847,1
76,L_ForeTwist_02,0.43472006916999817,0.43472006916999817,0.43472006916999817,1
75,L_ForeTwist_02,0.43375104665756226,0.43375104665756226,0.43375104665756226,1
77,L_ForeTwist_02,0.43356022238731384,0.43356022238731384,0.43356022238731384,1
33,RCalfTwist_01,0.4334179759025574,0.4334179759025574,0.4334179759025574,1
78,L_ForeTwist_02,0.43327635526657104,0.43327635526657104,0.43327635526657104,1
79,L_ForeTwist_02,0.432378351688385,0.432378351688385,0.432378351688385,1
80,L_ForeTwist_02,0.4321140646934509,0.4321140646934509,0.4321140646934509,1
81,L_ForeTwist_02,0.4300660490989685,0.4300660490989685,0.4300660490989685,1
82,L_ForeTwist_02,0.42998093366622925,0.42998093366622925,0.42998093366622925,1
53,RCalfTwist_01,0.4298003017902374,0.4298003017902374,0.4298003017902374,1
83,L_ForeTwist_02,0.4294070601463318,0.4294070601463318,0.4294070601463318,1
85,L_ForeTwist_02,0.4285893738269806,0.4285893738269806,0.4285893738269806,1
40,LCalfTwist_01,0.4282045364379883,0.4282045364379883,0.4282045364379883,1
84,L_ForeTwist_02,0.42713460326194763,0.42713460326194763,0.42713460326194763,1
71,LCalfTwist_03,0.4237838089466095,0.4237838089466095,0.4237838089466095,1
32,LCalfTwist_03,0.4233143925666809,0.4233143925666809,0.4233143925666809,1
42,LCalfTwist_01,0.4226527512073517,0.4226527512073517,0.4226527512073517,1
70,RCalfTwist_01,0.42095696926116943,0.42095696926116943,0.42095696926116943,1
41,LCalfTwist_01,0.4198831617832184,0.4198831617832184,0.4198831617832184,1
64,R_ForeTwist_01,0.41847145557403564,0.41847145557403564,0.41847145557403564,1
72,LCalfTwist_03,0.41687333583831787,0.41687333583831787,0.41687333583831787,1
66,R_ForeTwist_01,0.41651809215545654,0.41651809215545654,0.41651809215545654,1
63,R_ForeTwist_01,0.4147431254386902,0.4147431254386902,0.4147431254386902,1
62,R_ForeTwist_01,0.41373205184936523,0.41373205184936523,0.41373205184936523,1
65,R_ForeTwist_01,0.41335490345954895,0.41335490345954895,0.41335490345954895,1
80,RCalfTwist_01,0.41207194328308105,0.41207194328308105,0.41207194328308105,1
60,L_ForeTwist_01,0.41160568594932556,0.41160568594932556,0.41160568594932556,1
46,L_ForeTwist_01,0.41124194860458374,0.41124194860458374,0.41124194860458374,1
65,L_ForeTwist_01,0.4108783006668091,0.4108783006668091,0.4108783006668091,1
63,L_ForeTwist_01,0.4107540547847748,0.4107540547847748,0.4107540547847748,1
62,L_ForeTwist_01,0.4107527732849121,0.4107527732849121,0.4107527732849121,1
64,L_ForeTwist_01,0.4104922115802765,0.4104922115802765,0.4104922115802765,1
39,LCalfTwist_02,0.40809309482574463,0.40809309482574463,0.40809309482574463,1
37,LCalfTwist_01,0.40807008743286133,0.40807008743286133,0.40807008743286133,1
7,L_ForeTwist_02,0.4074297249317169,0.4074297249317169,0.4074297249317169,1
30,LCalfTwist_02,0.406718909740448,0.406718909740448,0.406718909740448,1
73,LCalfTwist_03,0.4063715636730194,0.4063715636730194,0.4063715636730194,1
33,LCalfTwist_02,0.4049534797668457,0.4049534797668457,0.4049534797668457,1
67,RCalfTwist_01,0.4016610383987427,0.4016610383987427,0.4016610383987427,1
45,L_ForeTwist_02,0.40009960532188416,0.40009960532188416,0.40009960532188416,1
36,LCalfTwist_02,0.3997860550880432,0.3997860550880432,0.3997860550880432,1
72,RCalfTwist_03,0.3957752585411072,0.3957752585411072,0.3957752585411072,1
71,RCalfTwist_03,0.3944157063961029,0.3944157063961029,0.3944157063961029,1
70,RCalfTwist_03,0.39427465200424194,0.39427465200424194,0.39427465200424194,1
69,RCalfTwist_03,0.39360663294792175,0.39360663294792175,0.39360663294792175,1
47,L_ForeTwist_01,0.3874479830265045,0.3874479830265045,0.3874479830265045,1
85,RCalfTwist_03,0.3865754306316376,0.3865754306316376,0.3865754306316376,1
60,RCalfTwist_02,0.3862926959991455,0.3862926959991455,0.3862926959991455,1
61,RCalfTwist_02,0.3862018585205078,0.3862018585205078,0.3862018585205078,1
72,RCalfTwist_01,0.384298175573349,0.384298175573349,0.384298175573349,1
77,RCalfTwist_01,0.3727736175060272,0.3727736175060272,0.3727736175060272,1
51,L_ForeTwist_02,0.3717442452907562,0.3717442452907562,0.3717442452907562,1
5,L_ForeTwist_02,0.37123075127601624,0.37123075127601624,0.37123075127601624,1
46,L_ForeTwist_02,0.37097981572151184,0.37097981572151184,0.37097981572151184,1
42,LCalfTwist_03,0.37042832374572754,0.37042832374572754,0.37042832374572754,1
50,L_ForeTwist_02,0.3696790635585785,0.3696790635585785,0.3696790635585785,1
40,RCalfTwist_01,0.369086354970932,0.369086354970932,0.369086354970932,1
49,L_ForeTwist_02,0.3685380816459656,0.3685380816459656,0.3685380816459656,1
48,L_ForeTwist_02,0.3672536611557007,0.3672536611557007,0.3672536611557007,1
47,L_ForeTwist_02,0.3670929968357086,0.3670929968357086,0.3670929968357086,1
69,RCalfTwist_01,0.36464133858680725,0.36464133858680725,0.36464133858680725,1
68,R_ForeTwist_01,0.3646063804626465,0.3646063804626465,0.3646063804626465,1
6,L_ForeTwist_02,0.3640425205230713,0.3640425205230713,0.3640425205230713,1
68,RCalfTwist_01,0.3631204068660736,0.3631204068660736,0.3631204068660736,1
71,R_ForeTwist_01,0.36178988218307495,0.36178988218307495,0.36178988218307495,1
70,R_ForeTwist_01,0.3606704771518707,0.3606704771518707,0.3606704771518707,1
77,LCalfTwist_03,0.3602618873119354,0.3602618873119354,0.3602618873119354,1
67,R_ForeTwist_01,0.3595323860645294,0.3595323860645294,0.3595323860645294,1
73,R_ForeTwist_01,0.3594716787338257,0.3594716787338257,0.3594716787338257,1
69,R_ForeTwist_01,0.3561091423034668,0.3561091423034668,0.3561091423034668,1
59,RCalfTwist_02,0.3553806245326996,0.3553806245326996,0.3553806245326996,1
48,L_ForeTwist_01,0.3525310754776001,0.3525310754776001,0.3525310754776001,1
58,L_ForeTwist_01,0.34647679328918457,0.34647679328918457,0.34647679328918457,1
59,L_ForeTwist_01,0.3464484214782715,0.3464484214782715,0.3464484214782715,1
57,L_ForeTwist_01,0.34622642397880554,0.34622642397880554,0.34622642397880554,1
61,L_ForeTwist_01,0.3462078869342804,0.3462078869342804,0.3462078869342804,1
75,R_ForeTwist_01,0.3460651934146881,0.3460651934146881,0.3460651934146881,1
76,LCalfTwist_03,0.3451204299926758,0.3451204299926758,0.3451204299926758,1
32,RCalfTwist_02,0.3442361652851105,0.3442361652851105,0.3442361652851105,1
54,RCalfTwist_02,0.343219131231308,0.343219131231308,0.343219131231308,1
49,L_ForeTwist_01,0.34262803196907043,0.34262803196907043,0.34262803196907043,1
4,L_ForeTwist_02,0.3402992784976959,0.3402992784976959,0.3402992784976959,1
32,RCalfTwist_03,0.33990368247032166,0.33990368247032166,0.33990368247032166,1
72,R_ForeTwist_01,0.33884838223457336,0.33884838223457336,0.33884838223457336,1
58,RCalfTwist_02,0.3384523391723633,0.3384523391723633,0.3384523391723633,1
50,L_ForeTwist_01,0.3337475061416626,0.3337475061416626,0.3337475061416626,1
31,LCalfTwist_02,0.32984182238578796,0.32984182238578796,0.32984182238578796,1
37,LCalfTwist_03,0.3230552077293396,0.3230552077293396,0.3230552077293396,1
31,RCalfTwist_03,0.3229057788848877,0.3229057788848877,0.3229057788848877,1
34,RCalfTwist_01,0.3221070468425751,0.3221070468425751,0.3221070468425751,1
51,RCalfTwist_01,0.31965726613998413,0.31965726613998413,0.31965726613998413,1
53,RCalfTwist_03,0.31699827313423157,0.31699827313423157,0.31699827313423157,1
32,LCalfTwist_02,0.3153378665447235,0.3153378665447235,0.3153378665447235,1
68,RCalfTwist_03,0.3147464692592621,0.3147464692592621,0.3147464692592621,1
76,LCalfTwist_01,0.3143173158168793,0.3143173158168793,0.3143173158168793,1
77,R_ForeTwist_01,0.3142322301864624,0.3142322301864624,0.3142322301864624,1
67,RCalfTwist_03,0.314103364944458,0.314103364944458,0.314103364944458,1
66,RCalfTwist_03,0.31345003843307495,0.31345003843307495,0.31345003843307495,1
38,RCalfTwist_02,0.312679260969162,0.312679260969162,0.312679260969162,1
65,RCalfTwist_03,0.31237706542015076,0.31237706542015076,0.31237706542015076,1
74,R_ForeTwist_01,0.31120961904525757,0.31120961904525757,0.31120961904525757,1
72,LCalfTwist_01,0.3101383447647095,0.3101383447647095,0.3101383447647095,1
84,R_ForeTwist_01,0.30765286087989807,0.30765286087989807,0.30765286087989807,1
76,LCalfTwist_02,0.30566778779029846,0.30566778779029846,0.30566778779029846,1
85,RCalfTwist_01,0.2936221659183502,0.2936221659183502,0.2936221659183502,1
83,R_ForeTwist_01,0.2932022511959076,0.2932022511959076,0.2932022511959076,1
3,L_ForeTwist_02,0.29248401522636414,0.29248401522636414,0.29248401522636414,1
51,RCalfTwist_03,0.28985393047332764,0.28985393047332764,0.28985393047332764,1
51,L_ForeTwist_01,0.2866545617580414,0.2866545617580414,0.2866545617580414,1
76,R_ForeTwist_01,0.2848941385746002,0.2848941385746002,0.2848941385746002,1
72,LCalfTwist_02,0.2835967242717743,0.2835967242717743,0.2835967242717743,1
56,L_ForeTwist_01,0.28200897574424744,0.28200897574424744,0.28200897574424744,1
55,L_ForeTwist_01,0.2818695604801178,0.2818695604801178,0.2818695604801178,1
54,L_ForeTwist_01,0.2814961075782776,0.2814961075782776,0.2814961075782776,1
52,L_ForeTwist_01,0.28142285346984863,0.28142285346984863,0.28142285346984863,1
53,L_ForeTwist_01,0.2810409665107727,0.2810409665107727,0.2810409665107727,1
39,RCalfTwist_01,0.28052279353141785,0.28052279353141785,0.28052279353141785,1
5,calf_l,0.276136577129364,0.276136577129364,0.276136577129364,1
85,R_ForeTwist_01,0.2740230858325958,0.2740230858325958,0.2740230858325958,1
78,R_ForeTwist_01,0.2722659409046173,0.2722659409046173,0.2722659409046173,1
37,RCalfTwist_03,0.27226346731185913,0.27226346731185913,0.27226346731185913,1
82,R_ForeTwist_01,0.2671371400356293,0.2671371400356293,0.2671371400356293,1
80,R_ForeTwist_01,0.26501476764678955,0.26501476764678955,0.26501476764678955,1
39,LCalfTwist_03,0.26206108927726746,0.26206108927726746,0.26206108927726746,1
81,R_ForeTwist_01,0.25969165563583374,0.25969165563583374,0.25969165563583374,1
73,RCalfTwist_01,0.2567422688007355,0.2567422688007355,0.2567422688007355,1
79,R_ForeTwist_01,0.2540580928325653,0.2540580928325653,0.2540580928325653,1
58,L_ForeTwist_02,0.25389817357063293,0.25389817357063293,0.25389817357063293,1
59,L_ForeTwist_02,0.2537234127521515,0.2537234127521515,0.2537234127521515,1
57,L_ForeTwist_02,0.2536870539188385,0.2536870539188385,0.2536870539188385,1
56,L_ForeTwist_02,0.2535860538482666,0.2535860538482666,0.2535860538482666,1
55,L_ForeTwist_02,0.2535323202610016,0.2535323202610016,0.2535323202610016,1
61,L_ForeTwist_02,0.2532154321670532,0.2532154321670532,0.2532154321670532,1
54,L_ForeTwist_02,0.25311991572380066,0.25311991572380066,0.25311991572380066,1
37,LCalfTwist_02,0.2529814541339874,0.2529814541339874,0.2529814541339874,1
53,L_ForeTwist_02,0.25198420882225037,0.25198420882225037,0.25198420882225037,1
52,L_ForeTwist_02,0.2509063482284546,0.2509063482284546,0.2509063482284546,1
81,RCalfTwist_01,0.24786189198493958,0.24786189198493958,0.24786189198493958,1
39,LCalfTwist_01,0.24108639359474182,0.24108639359474182,0.24108639359474182,1
33,RCalfTwist_02,0.2327491044998169,0.2327491044998169,0.2327491044998169,1
81,RCalfTwist_03,0.2139233946800232,0.2139233946800232,0.2139233946800232,1
76,RCalfTwist_01,0.2125556319952011,0.2125556319952011,0.2125556319952011,1
76,RCalfTwist_03,0.2111411839723587,0.2111411839723587,0.2111411839723587,1
75,RCalfTwist_03,0.2109164297580719,0.2109164297580719,0.2109164297580719,1
57,RCalfTwist_02,0.21001729369163513,0.21001729369163513,0.21001729369163513,1
35,RCalfTwist_01,0.20747311413288116,0.20747311413288116,0.20747311413288116,1
37,RCalfTwist_02,0.20039227604866028,0.20039227604866028,0.20039227604866028,1
68,calf_r,0.19839417934417725,0.19839417934417725,0.19839417934417725,1
73,LCalfTwist_02,0.1962929368019104,0.1962929368019104,0.1962929368019104,1
84,RCalfTwist_01,0.1946660429239273,0.1946660429239273,0.1946660429239273,1
73,LCalfTwist_01,0.18398815393447876,0.18398815393447876,0.18398815393447876,1
0,RCalfTwist_02,0.18178994953632355,0.18178994953632355,0.18178994953632355,1
23,lowerarm_r,0.17835408449172974,0.17835408449172974,0.17835408449172974,1
33,RCalfTwist_03,0.1687285453081131,0.1687285453081131,0.1687285453081131,1
48,calf_r,0.16698651015758514,0.16698651015758514,0.16698651015758514,1
38,LCalfTwist_03,0.14570720493793488,0.14570720493793488,0.14570720493793488,1
38,RCalfTwist_01,0.14380033314228058,0.14380033314228058,0.14380033314228058,1
34,RCalfTwist_02,0.13893914222717285,0.13893914222717285,0.13893914222717285,1
56,RCalfTwist_02,0.11800523102283478,0.11800523102283478,0.11800523102283478,1
28,calf_l,0.11061378568410873,0.11061378568410873,0.11061378568410873,1
75,LCalfTwist_01,0.1098995953798294,0.1098995953798294,0.1098995953798294,1
75,RCalfTwist_01,0.10615909844636917,0.10615909844636917,0.10615909844636917,1
36,RCalfTwist_02,0.10343471169471741,0.10343471169471741,0.10343471169471741,1
75,LCalfTwist_02,0.10121604055166245,0.10121604055166245,0.10121604055166245,1
55,RCalfTwist_02,0.10119477659463882,0.10119477659463882,0.10119477659463882,1
34,RCalfTwist_03,0.10111726075410843,0.10111726075410843,0.10111726075410843,1
35,RCalfTwist_03,0.10062727332115173,0.10062727332115173,0.10062727332115173,1
36,RCalfTwist_03,0.1001611277461052,0.1001611277461052,0.1001611277461052,1
73,RCalfTwist_03,0.09322252869606018,0.09322252869606018,0.09322252869606018,1
83,RCalfTwist_01,0.09276289492845535,0.09276289492845535,0.09276289492845535,1
74,RCalfTwist_03,0.09241297841072083,0.09241297841072083,0.09241297841072083,1
49,lowerarm_r,0.0896640345454216,0.0896640345454216,0.0896640345454216,1
82,RCalfTwist_03,0.08872391283512115,0.08872391283512115,0.08872391283512115,1
38,LCalfTwist_01,0.08821672201156616,0.08821672201156616,0.08821672201156616,1
74,RCalfTwist_01,0.086275614798069,0.086275614798069,0.086275614798069,1
83,RCalfTwist_03,0.08583687245845795,0.08583687245845795,0.08583687245845795,1
38,LCalfTwist_02,0.08431161195039749,0.08431161195039749,0.08431161195039749,1
36,RCalfTwist_01,0.08207712322473526,0.08207712322473526,0.08207712322473526,1
84,RCalfTwist_03,0.07724976539611816,0.07724976539611816,0.07724976539611816,1
52,RCalfTwist_03,0.05354170501232147,0.05354170501232147,0.05354170501232147,1
82,RCalfTwist_01,0.04447223246097565,0.04447223246097565,0.04447223246097565,1
74,LCalfTwist_03,0.03647952899336815,0.03647952899336815,0.03647952899336815,1
37,RCalfTwist_01,0.03226632624864578,0.03226632624864578,0.03226632624864578,1
74,LCalfTwist_02,0.03096749819815159,0.03096749819815159,0.03096749819815159,1
35,RCalfTwist_02,0.023529570549726486,0.023529570549726486,0.023529570549726486,1
74,LCalfTwist_01,0.018688097596168518,0.018688097596168518,0.018688097596168518,1
75,LCalfTwist_03,0.01819029450416565,0.01819029450416565,0.01819029450416565,1
52,RCalfTwist_01,0.010654352605342865,0.010654352605342865,0.010654352605342865,1
12,Bip001,7.475785324118078e-09,7.475785324118078e-09,7.475785324118078e-09,1
24,Bip001,7.027992410257866e-09,7.027992410257866e-09,7.027992410257866e-09,1
23,Bip001,6.9643415478992665e-09,6.9643415478992665e-09,6.9643415478992665e-09,1
29,Bip001,6.9459251683667844e-09,6.9459251683667844e-09,6.9459251683667844e-09,1
17,Bip001,6.937752150548704e-09,6.937752150548704e-09,6.937752150548704e-09,1
21,Bip001,6.9201453456457784e-09,6.9201453456457784e-09,6.9201453456457784e-09,1
20,Bip001,6.868242419244552e-09,6.868242419244552e-09,6.868242419244552e-09,1
25,Bip001,6.867886259698253e-09,6.867886259698253e-09,6.867886259698253e-09,1
26,Bip001,6.855057410604104e-09,6.855057410604104e-09,6.855057410604104e-09,1
27,Bip001,6.838556831922915e-09,6.838556831922915e-09,6.838556831922915e-09,1
18,Bip001,6.835903398894061e-09,6.835903398894061e-09,6.835903398894061e-09,1
16,Bip001,6.82950984653985e-09,6.82950984653985e-09,6.82950984653985e-09,1
19,Bip001,6.826876397525439e-09,6.826876397525439e-09,6.826876397525439e-09,1
28,Bip001,6.81461020946017e-09,6.81461020946017e-09,6.81461020946017e-09,1
14,Bip001,6.783094974593951e-09,6.783094974593951e-09,6.783094974593951e-09,1
22,Bip001,6.771978089403774e-09,6.771978089403774e-09,6.771978089403774e-09,1
13,Bip001,6.736563751275071e-09,6.736563751275071e-09,6.736563751275071e-09,1
31,Bip001,6.7324270602853176e-09,6.7324270602853176e-09,6.7324270602853176e-09,1
60,Bip001,6.689683029748039e-09,6.689683029748039e-09,6.689683029748039e-09,1
15,Bip001,6.6484209249040305e-09,6.6484209249040305e-09,6.6484209249040305e-09,1
58,Bip001,6.532330232289496e-09,6.532330232289496e-09,6.532330232289496e-09,1
11,Bip001,6.52390808042469e-09,6.52390808042469e-09,6.52390808042469e-09,1
59,Bip001,6.512143713166552e-09,6.512143713166552e-09,6.512143713166552e-09,1
62,Bip001,6.48780273948546e-09,6.48780273948546e-09,6.48780273948546e-09,1
63,Bip001,6.4766996210607886e-09,6.4766996210607886e-09,6.4766996210607886e-09,1
65,Bip001,6.4737677440973584e-09,6.4737677440973584e-09,6.4737677440973584e-09,1
57,Bip001,6.467032687140772e-09,6.467032687140772e-09,6.467032687140772e-09,1
61,Bip001,6.449766942751012e-09,6.449766942751012e-09,6.449766942751012e-09,1
38,Bip001,6.4486069817348834e-09,6.4486069817348834e-09,6.4486069817348834e-09,1
30,Bip001,6.447021583255719e-09,6.447021583255719e-09,6.447021583255719e-09,1
35,Bip001,6.443339195527642e-09,6.443339195527642e-09,6.443339195527642e-09,1
33,Bip001,6.4353482542856e-09,6.4353482542856e-09,6.4353482542856e-09,1
55,Bip001,6.430183496775044e-09,6.430183496775044e-09,6.430183496775044e-09,1
56,Bip001,6.425378451524466e-09,6.425378451524466e-09,6.425378451524466e-09,1
66,Bip001,6.415485032107426e-09,6.415485032107426e-09,6.415485032107426e-09,1
36,Bip001,6.411224440228125e-09,6.411224440228125e-09,6.411224440228125e-09,1
64,Bip001,6.410453945449035e-09,6.410453945449035e-09,6.410453945449035e-09,1
32,Bip001,6.384801576331256e-09,6.384801576331256e-09,6.384801576331256e-09,1
67,Bip001,6.3506502279153665e-09,6.3506502279153665e-09,6.3506502279153665e-09,1
54,Bip001,6.335212798802559e-09,6.335212798802559e-09,6.335212798802559e-09,1
68,Bip001,6.297973698110582e-09,6.297973698110582e-09,6.297973698110582e-09,1
69,Bip001,6.2838223513494995e-09,6.2838223513494995e-09,6.2838223513494995e-09,1
53,Bip001,6.217278247788727e-09,6.217278247788727e-09,6.217278247788727e-09,1
70,Bip001,6.2135501188720355e-09,6.2135501188720355e-09,6.2135501188720355e-09,1
71,Bip001,6.207725888884852e-09,6.207725888884852e-09,6.207725888884852e-09,1
34,Bip001,6.15047834884308e-09,6.15047834884308e-09,6.15047834884308e-09,1
39,Bip001,6.112554018500305e-09,6.112554018500305e-09,6.112554018500305e-09,1
37,Bip001,6.097691240825043e-09,6.097691240825043e-09,6.097691240825043e-09,1
72,Bip001,6.049234446692253e-09,6.049234446692253e-09,6.049234446692253e-09,1
52,Bip001,6.04228400646889e-09,6.04228400646889e-09,6.04228400646889e-09,1
74,Bip001,5.952939030606785e-09,5.952939030606785e-09,5.952939030606785e-09,1
10,Bip001,5.929567947760006e-09,5.929567947760006e-09,5.929567947760006e-09,1
40,Bip001,5.926341639650445e-09,5.926341639650445e-09,5.926341639650445e-09,1
51,Bip001,5.85696069421715e-09,5.85696069421715e-09,5.85696069421715e-09,1
76,Bip001,5.850516515693016e-09,5.850516515693016e-09,5.850516515693016e-09,1
73,Bip001,5.835224303751829e-09,5.835224303751829e-09,5.835224303751829e-09,1
75,Bip001,5.618983500710328e-09,5.618983500710328e-09,5.618983500710328e-09,1
78,Bip001,5.575486738962354e-09,5.575486738962354e-09,5.575486738962354e-09,1
77,Bip001,5.565915284222456e-09,5.565915284222456e-09,5.565915284222456e-09,1
41,Bip001,5.467460706398697e-09,5.467460706398697e-09,5.467460706398697e-09,1
79,Bip001,5.427867044716095e-09,5.427867044716095e-09,5.427867044716095e-09,1
50,Bip001,5.4143858285726765e-09,5.4143858285726765e-09,5.4143858285726765e-09,1
80,Bip001,5.345284215252377e-09,5.345284215252377e-09,5.345284215252377e-09,1
9,Bip001,5.229602084710905e-09,5.229602084710905e-09,5.229602084710905e-09,1
81,Bip001,5.071203457163165e-09,5.071203457163165e-09,5.071203457163165e-09,1
49,Bip001,5.027965599424533e-09,5.027965599424533e-09,5.027965599424533e-09,1
82,Bip001,5.010139414451942e-09,5.010139414451942e-09,5.010139414451942e-09,1
83,Bip001,4.834310285417587e-09,4.834310285417587e-09,4.834310285417587e-09,1
48,Bip001,4.729889813148702e-09,4.729889813148702e-09,4.729889813148702e-09,1
85,Bip001,4.721390833850592e-09,4.721390833850592e-09,4.721390833850592e-09,1
84,Bip001,4.5204959775446696e-09,4.5204959775446696e-09,4.5204959775446696e-09,1
42,Bip001,4.277959320120317e-09,4.277959320120317e-09,4.277959320120317e-09,1
8,Bip001,4.073506421065076e-09,4.073506421065076e-09,4.073506421065076e-09,1
47,Bip001,3.842508089491048e-09,3.842508089491048e-09,3.842508089491048e-09,1
43,Bip001,3.4822829064751204e-09,3.4822829064751204e-09,3.4822829064751204e-09,1
0,Bip001,3.4732527964820292e-09,3.4732527964820292e-09,3.4732527964820292e-09,1
46,Bip001,3.3716074376854976e-09,3.3716074376854976e-09,3.3716074376854976e-09,1
2,Bip001,2.858086878276822e-09,2.858086878276822e-09,2.858086878276822e-09,1
1,Bip001,2.7839661687067974e-09,2.7839661687067974e-09,2.7839661687067974e-09,1
7,Bip001,2.7476543262849873e-09,2.7476543262849873e-09,2.7476543262849873e-09,1
45,Bip001,2.4665143261159983e-09,2.4665143261159983e-09,2.4665143261159983e-09,1
44,Bip001,2.25642682316618e-09,2.25642682316618e-09,2.25642682316618e-09,1
5,Bip001,2.2527439913488934e-09,2.2527439913488934e-09,2.2527439913488934e-09,1
3,Bip001,2.2461772442028405e-09,2.2461772442028405e-09,2.2461772442028405e-09,1
6,Bip001,2.1766242142007286e-09,2.1766242142007286e-09,2.1766242142007286e-09,1
4,Bip001,1.9798411798888083e-09,1.9798411798888083e-09,1.9798411798888083e-09,1
