{
  "epoch": 1,
  "tag": "valfree",
  "timestamp": "2025-11-10T01:04:02",
  "metrics": {
    "YawAbsDeg": 16.88808536529541,
    "FreeRun/YawAbsDeg": 16.88808536529541,
    "RootVelMAE": 0.017268416937440634,
    "FreeRun/RootVelMAE": 0.017268416937440634,
    "RootVelMAE_std": 0.024496025405824184,
    "InputRotGeoDeg": 6.4113242626190186,
    "FreeRun/InputRotGeoDeg": 6.4113242626190186,
    "InputRotGeoDeg_max": 118.5132942199707,
    "InputRotGeoDeg_std": 9.706493377685547,
    "InputRotGeoDegCurve": [
      [
        1.580888271331787,
        2.3509292602539062,
        3.5415964126586914,
        4.645535469055176,
        5.923072814941406,
        7.099099159240723,
        8.367167472839355,
        9.663753509521484,
        10.93645191192627,
        12.274446487426758
      ],
      [
        1.5717790126800537,
        2.377309799194336,
        3.3757874965667725,
        4.47553014755249,
        5.531554222106934,
        6.6688995361328125,
        7.693332672119141,
        8.86857795715332,
        10.089942932128906,
        11.190837860107422
      ]
    ],
    "InputRotGeoDegCurveMax": [
      [
        11.707249641418457,
        18.03293228149414,
        29.909645080566406,
        38.96149444580078,
        59.416812896728516,
        72.9454345703125,
        82.94519805908203,
        96.74357604980469,
        112.0718765258789,
        123.78556823730469
      ],
      [
        16.680103302001953,
        27.604515075683594,
        38.60786056518555,
        46.01020812988281,
        50.1756477355957,
        60.14577865600586,
        74.09984588623047,
        85.47301483154297,
        98.70982360839844,
        113.24102020263672
      ]
    ],
    "CondYawVsPredDeg": 2.988208052556729e-06,
    "FreeRun/CondYawVsPredDeg": 2.988208052556729e-06,
    "CondYawVsPredCurveDeg": [
      [
        4.268868451617891e-06,
        2.5613210254959995e-06,
        4.268868451617891e-06,
        4.268868451617891e-06,
        3.4150946248701075e-06,
        2.5613210254959995e-06,
        2.5613210254959995e-06,
        4.268868451617891e-06,
        2.5613210254959995e-06,
        3.4150946248701075e-06
      ],
      [
        2.5613210254959995e-06,
        2.5613210254959995e-06,
        2.5613210254959995e-06,
        2.5613210254959995e-06,
        2.5613210254959995e-06,
        2.5613210254959995e-06,
        2.5613210254959995e-06,
        2.5613210254959995e-06,
        2.5613210254959995e-06,
        2.5613210254959995e-06
      ]
    ],
    "CondVelVsPredMAE": 4.421366668339033e-07,
    "FreeRun/CondVelVsPredMAE": 4.421366668339033e-07,
    "period_abs_mean": 0.7966659963130951,
    "period_abs_std": 0.26219991594552994,
    "GeoDeg": 6.680799961090088,
    "FreeRun/GeoDeg": 6.680799961090088,
    "SingleStep/GeoDeg": 6.680799961090088,
    "GeoDegCurve": [
      [
        1.6767083406448364,
        2.6796724796295166,
        3.8580706119537354,
        4.939195156097412,
        6.19090461730957,
        7.356793403625488,
        8.589250564575195,
        9.86816692352295,
        11.1064453125,
        12.432760238647461
      ],
      [
        1.8120430707931519,
        2.76697039604187,
        3.790454864501953,
        4.836475849151611,
        5.837129592895508,
        6.949163913726807,
        8.001169204711914,
        9.207261085510254,
        10.31167221069336,
        11.40570068359375
      ]
    ],
    "GeoDegCurveMax": [
      [
        10.9059476852417,
        19.138681411743164,
        29.923025131225586,
        40.03034210205078,
        60.50298309326172,
        74.02953338623047,
        84.02153015136719,
        97.80670928955078,
        113.11959838867188,
        124.82756805419922
      ],
      [
        14.520037651062012,
        26.178749084472656,
        37.1713981628418,
        44.670162200927734,
        48.75032424926758,
        58.94923400878906,
        72.6053237915039,
        83.95767974853516,
        99.13748168945312,
        113.66419982910156
      ]
    ],
    "GeoLocalDeg": 6.160932302474976,
    "FreeRun/GeoLocalDeg": 6.160932302474976,
    "SingleStep/GeoLocalDeg": 6.160932302474976,
    "GeoLocalDegCurve": [
      [
        1.2345788478851318,
        2.2547483444213867,
        3.2384705543518066,
        4.331960201263428,
        5.256412029266357,
        6.228612899780273,
        7.455262184143066,
        8.646719932556152,
        9.971803665161133,
        11.211881637573242
      ],
      [
        1.4333316087722778,
        2.4460177421569824,
        3.3296921253204346,
        4.5074310302734375,
        5.569615364074707,
        6.867795467376709,
        7.98135232925415,
        9.205248832702637,
        10.435791015625,
        11.611917495727539
      ]
    ],
    "GeoLocalDegCurveMax": [
      [
        10.905911445617676,
        18.705446243286133,
        31.0075626373291,
        40.240379333496094,
        60.73676300048828,
        74.25106811523438,
        84.5422592163086,
        98.69437408447266,
        114.3792495727539,
        125.93756866455078
      ],
      [
        14.520010948181152,
        25.87325668334961,
        36.25537872314453,
        43.54560852050781,
        48.431819915771484,
        58.258270263671875,
        72.25069427490234,
        90.03302764892578,
        106.84632873535156,
        122.6458969116211
      ]
    ],
    "AngVelMAE": 0.5756537318229675,
    "FreeRun/AngVelMAE": 0.5756537318229675,
    "AngVelMagRel": 0.6786586046218872,
    "FreeRun/AngVelMagRel": 0.6786586046218872,
    "AngVelDirDegCurve": [
      [
        85.21106719970703,
        79.22669219970703,
        81.54188537597656,
        79.19522094726562,
        81.80023956298828,
        76.35722351074219,
        84.46365356445312,
        83.04788208007812,
        82.6956558227539
      ],
      [
        88.5433120727539,
        79.619140625,
        74.50605010986328,
        82.13999938964844,
        83.35811614990234,
        82.24166870117188,
        79.50055694580078,
        79.77149963378906,
        77.1196517944336
      ]
    ],
    "AngVelDirDegCurveMax": [
      [
        180.0,
        180.0,
        180.0,
        180.0,
        180.0,
        180.0,
        180.0,
        180.0,
        180.0
      ],
      [
        180.0,
        180.0,
        180.0,
        180.0,
        180.0,
        180.0,
        180.0,
        180.0,
        180.0
      ]
    ],
    "AngVelDirDegRaw": 85.85090255737305,
    "FreeRun/AngVelDirDegRaw": 85.85090255737305,
    "AngVelDirDegWeighted": 83.94695644965438,
    "FreeRun/AngVelDirDegWeighted": 83.94695644965438,
    "AngVelDirDegSmooth": 82.9860056378242,
    "FreeRun/AngVelDirDegSmooth": 82.9860056378242,
    "AngVelDirDegTorso": 94.89361804958243,
    "FreeRun/AngVelDirDegTorso": 94.89361804958243,
    "AngVelDirDegProximal": 76.93544843545851,
    "FreeRun/AngVelDirDegProximal": 76.93544843545851,
    "AngVelDirDegDistal": 84.29372697868308,
    "FreeRun/AngVelDirDegDistal": 84.29372697868308,
    "Bone/pelvis/AngVelMagMAE": 3.506315246828984e-14,
    "Bone/pelvis/AngVelMAE": 1.8898791596065872e-14,
    "Bone/Bip001/AngVelMagMAE": 0.2937067449092865,
    "Bone/Bip001/AngVelMAE": 0.29018567502498627,
    "Bone/spine_01/AngVelMagMAE": 0.352544367313385,
    "Bone/spine_01/AngVelMAE": 0.2717874348163605,
    "Bone/spine_02/AngVelMagMAE": 0.4850836843252182,
    "Bone/spine_02/AngVelMAE": 0.40161772072315216,
    "Bone/clavicle_l/AngVelMagMAE": 0.3825644552707672,
    "Bone/clavicle_l/AngVelMAE": 0.31269456446170807,
    "Bone/upperarm_l/AngVelMagMAE": 1.2071106433868408,
    "Bone/upperarm_l/AngVelMAE": 0.8941676914691925,
    "Bone/RUpArmTwist_l_01/AngVelMagMAE": 1.1612743437290192,
    "Bone/RUpArmTwist_l_01/AngVelMAE": 0.8128707110881805,
    "Bone/RUpArmTwist_l_02/AngVelMagMAE": 0.46364055573940277,
    "Bone/RUpArmTwist_l_02/AngVelMAE": 0.2449479177594185,
    "Bone/lowerarm_l/AngVelMagMAE": 1.0445657968521118,