{
  "epoch": 11,
  "tag": "valfree",
  "timestamp": "2025-11-23T02:37:20",
  "metrics": {
    "YawAbsDeg": 30.905681610107422,
    "FreeRun/YawAbsDeg": 30.905681610107422,
    "RootVelMAE": 0.17862121760845184,
    "FreeRun/RootVelMAE": 0.17862121760845184,
    "RootVelMAE_std": 0.08259233832359314,
    "InputRotGeoDeg": 1.2580997943878174,
    "FreeRun/InputRotGeoDeg": 1.2580997943878174,
    "InputRotGeoDeg_max": 24.903149604797363,
    "InputRotGeoDeg_std": 2.014383375644684,
    "InputRotGeoDegCurve": [
      [
        0.823007345199585,
        0.33141350746154785,
        0.7884101867675781,
        1.379279613494873,
        1.952329158782959,
        2.521240472793579
      ],
      [
        0.7247382402420044,
        0.3741113543510437,
        0.7442843914031982,
        1.2515316009521484,
        1.8174076080322266,
        2.3894448280334473
      ]
    ],
    "InputRotGeoDegCurveMax": [
      [
        6.998407363891602,
        1.7844347953796387,
        6.528645992279053,
        11.990856170654297,
        17.834938049316406,
        24.657255172729492
      ],
      [
        6.94065523147583,
        3.1444802284240723,
        6.681430816650391,
        13.28916072845459,
        19.323177337646484,
        25.149044036865234
      ]
    ],
    "CondYawVsPredDeg": 3.272799176556873e-06,
    "FreeRun/CondYawVsPredDeg": 3.272799176556873e-06,
    "CondYawVsPredCurveDeg": [
      [
        1.7075473124350538e-06,
        3.4150946248701075e-06,
        0.0,
        3.4150946248701075e-06,
        1.7075473124350538e-06,
        6.830189249740215e-06
      ],
      [
        3.4150946248701075e-06,
        3.4150946248701075e-06,
        3.4150946248701075e-06,
        3.4150946248701075e-06,
        3.4150946248701075e-06,
        5.122642050991999e-06
      ]
    ],
    "CondVelVsPredMAE": 1.979060471057892e-09,
    "FreeRun/CondVelVsPredMAE": 1.979060471057892e-09,
    "period_abs_mean": 0.6870307326316833,
    "period_abs_std": 0.29438216984272003,
    "GeoDeg": 1.6311635971069336,
    "FreeRun/GeoDeg": 1.6311635971069336,
    "SingleStep/GeoDeg": 1.6311635971069336,
    "GeoDegCurve": [
      [
        0.2931826114654541,
        0.7891040444374084,
        1.4186168909072876,
        1.985822319984436,
        2.5460190773010254,
        3.114269256591797
      ],
      [
        0.28403496742248535,
        0.7155197262763977,
        1.2623714208602905,
        1.812825083732605,
        2.392585277557373,
        2.959611415863037
      ]
    ],
    "GeoDegCurveMax": [
      [
        1.139522910118103,
        6.213564872741699,
        12.608048439025879,
        18.535385131835938,
        24.687049865722656,
        31.317062377929688
      ],
      [
        1.7379878759384155,
        6.4473443031311035,
        13.575807571411133,
        19.982498168945312,
        25.598901748657227,
        31.38058090209961
      ]
    ],
    "GeoLocalDeg": 2.1066709756851196,
    "FreeRun/GeoLocalDeg": 2.1066709756851196,
    "SingleStep/GeoLocalDeg": 2.1066709756851196,
    "GeoLocalDegCurve": [
      [
        0.2915651202201843,
        1.114221453666687,
        2.0143520832061768,
        2.8059115409851074,
        3.58719801902771,
        4.283659934997559
      ],
      [
        0.28149688243865967,
        0.8229267597198486,
        1.5025296211242676,
        2.1702983379364014,
        2.865777015686035,
        3.5401151180267334
      ]
    ],
    "GeoLocalDegCurveMax": [
      [
        1.139522910118103,
        6.200299263000488,
        12.691139221191406,
        18.67599105834961,
        24.91429901123047,
        31.67806625366211
      ],
      [
        1.7373119592666626,
        6.592848777770996,
        13.780193328857422,
        20.415340423583984,
        26.154104232788086,
        31.954822540283203
      ]
    ],
    "AngVelMAE": 0.25671903789043427,
    "FreeRun/AngVelMAE": 0.25671903789043427,
    "AngVelMagRel": 0.4705083817243576,
    "FreeRun/AngVelMagRel": 0.4705083817243576,
    "AngVelDirDegCurve": [
      [
        73.1099624633789,
        74.8771743774414,
        72.24137878417969,
        64.59424591064453,
        70.9512710571289
      ],
      [
        78.08739471435547,
        74.73222351074219,
        66.3197021484375,
        71.68154907226562,
        70.5545425415039
      ]
    ],
    "AngVelDirDegCurveMax": [
      [
        180.0,
        180.0,
        180.0,
        180.0,
        180.0
      ],
      [
        180.0,
        180.0,
        180.0,
        180.0,
        180.0
      ]
    ],
    "AngVelDirDegRaw": 76.44823837280273,
    "FreeRun/AngVelDirDegRaw": 76.44823837280273,
    "AngVelDirDegWeighted": 73.50330241658881,
    "FreeRun/AngVelDirDegWeighted": 73.50330241658881,
    "AngVelDirDegSmooth": 66.82084042228863,
    "FreeRun/AngVelDirDegSmooth": 66.82084042228863,
    "AngVelDirDegTorso": 75.43799932783722,
    "FreeRun/AngVelDirDegTorso": 75.43799932783722,
    "AngVelDirDegProximal": 74.40820534990475,
    "FreeRun/AngVelDirDegProximal": 74.40820534990475,
    "AngVelDirDegDistal": 73.12533085862415,
    "FreeRun/AngVelDirDegDistal": 73.12533085862415,
    "Bone/pelvis/AngVelMagMAE": 2.2006991701509736e-14,
    "Bone/pelvis/AngVelMAE": 1.2226388233408476e-14,
    "Bone/Bip001/AngVelMagMAE": 0.13295374438166618,
    "Bone/Bip001/AngVelMAE": 0.11172214150428772,
    "Bone/spine_01/AngVelMagMAE": 0.134543988853693,
    "Bone/spine_01/AngVelMAE": 0.124311912804842,
    "Bone/spine_02/AngVelMagMAE": 0.22516237199306488,
    "Bone/spine_02/AngVelMAE": 0.1797727793455124,
    "Bone/clavicle_l/AngVelMagMAE": 0.20125509053468704,
    "Bone/clavicle_l/AngVelMAE": 0.15786701440811157,
    "Bone/upperarm_l/AngVelMagMAE": 0.2834291011095047,
    "Bone/upperarm_l/AngVelMAE": 0.25528768450021744,
    "Bone/RUpArmTwist_l_01/AngVelMagMAE": 0.3214159905910492,
    "Bone/RUpArmTwist_l_01/AngVelMAE": 0.27415015548467636,
    "Bone/RUpArmTwist_l_02/AngVelMagMAE": 0.16121307760477066,
    "Bone/RUpArmTwist_l_02/AngVelMAE": 0.06991996616125107,
    "Bone/lowerarm_l/AngVelMagMAE": 0.5018650144338608,
    "Bone/lowerarm_l/AngVelMAE": 0.34014783054590225,
    "Bone/L_ForeTwist_01/AngVelMagMAE": 0.3390808627009392,
    "Bone/L_ForeTwist_01/AngVelMAE": 0.15934740751981735,
    "Bone/L_ForeTwist_02/AngVelMagMAE": 0.03630569204688072,
    "Bone/L_ForeTwist_02/AngVelMAE": 0.01606565248221159,
    "Bone/hand_l/AngVelMagMAE": 0.4925330579280853,
    "Bone/hand_l/AngVelMAE": 0.29296208918094635,
    "Bone/index_01_l/AngVelMagMAE": 0.37446318566799164,
    "Bone/index_01_l/AngVelMAE": 0.2641071602702141,
    "Bone/middle_01_l/AngVelMagMAE": 0.3789939433336258,
    "Bone/middle_01_l/AngVelMAE": 0.254921592772007,
    "Bone/pinky_01_l/AngVelMagMAE": 1.6080781817436218,
    "Bone/pinky_01_l/AngVelMAE": 0.8595924973487854,
    "Bone/ring_01_l/AngVelMagMAE": 0.41124360263347626,
    "Bone/ring_01_l/AngVelMAE": 0.2870311588048935,
    "Bone/thumb_01_l/AngVelMagMAE": 0.6053338646888733,
    "Bone/thumb_01_l/AngVelMAE": 0.4441716969013214,
    "Bone/clavicle_r/AngVelMagMAE": 0.16230890154838562,
    "Bone/clavicle_r/AngVelMAE": 0.14841417968273163,
    "Bone/upperarm_r/AngVelMagMAE": 0.29503394663333893,
    "Bone/upperarm_r/AngVelMAE": 0.22886962443590164,
    "Bone/RUpArmTwist_r_01/AngVelMagMAE": 0.5389318466186523,
    "Bone/RUpArmTwist_r_01/AngVelMAE": 0.3626297563314438,
    "Bone/RUpArmTwist_r_02/AngVelMagMAE": 0.34298932552337646,
    "Bone/RUpArmTwist_r_02/AngVelMAE": 0.1521894335746765,
    "Bone/lowerarm_r/AngVelMagMAE": 0.3323375731706619,
    "Bone/lowerarm_r/AngVelMAE": 0.27108002454042435,
    "Bone/R_ForeTwist_01/AngVelMagMAE": 0.23180384933948517,
    "Bone/R_ForeTwist_01/AngVelMAE": 0.11243646964430809,
    "Bone/R_ForeTwist_02/AngVelMagMAE": 0.031176216900348663,
    "Bone/R_ForeTwist_02/AngVelMAE": 0.017084063962101936,
    "Bone/hand_r/AngVelMagMAE": 0.35582955181598663,
    "Bone/hand_r/AngVelMAE": 0.2947379797697067,