{
  "epoch": 14,
  "tag": "valfree",
  "timestamp": "2025-11-23T03:19:37",
  "metrics": {
    "YawAbsDeg": 26.61680507659912,
    "FreeRun/YawAbsDeg": 26.61680507659912,
    "RootVelMAE": 0.18626290559768677,
    "FreeRun/RootVelMAE": 0.18626290559768677,
    "RootVelMAE_std": 0.12575185671448708,
    "InputRotGeoDeg": 1.2325343489646912,
    "FreeRun/InputRotGeoDeg": 1.2325343489646912,
    "InputRotGeoDeg_max": 26.382396697998047,
    "InputRotGeoDeg_std": 2.2167277336120605,
    "InputRotGeoDegCurve": [
      [
        0.7615547180175781,
        0.31942200660705566,
        0.6975181102752686,
        1.2599174976348877,
        1.8685288429260254,
        2.479581832885742
      ],
      [
        0.7596182823181152,
        0.3116522431373596,
        0.7391985654830933,
        1.2701724767684937,
        1.8651853799819946,
        2.458061695098877
      ]
    ],
    "InputRotGeoDegCurveMax": [
      [
        7.722426891326904,
        1.74540376663208,
        6.14401388168335,
        12.886211395263672,
        19.247962951660156,
        25.807411193847656
      ],
      [
        6.8712968826293945,
        2.1878488063812256,
        7.225640296936035,
        13.631997108459473,
        20.06438446044922,
        26.957382202148438
      ]
    ],
    "CondYawVsPredDeg": 1.9921386638088734e-06,
    "FreeRun/CondYawVsPredDeg": 1.9921386638088734e-06,
    "CondYawVsPredCurveDeg": [
      [
        3.4150946248701075e-06,
        0.0,
        1.7075473124350538e-06,
        1.7075473124350538e-06,
        5.122642050991999e-06,
        1.7075473124350538e-06
      ],
      [
        1.7075473124350538e-06,
        1.7075473124350538e-06,
        3.4150946248701075e-06,
        1.7075473124350538e-06,
        0.0,
        1.7075473124350538e-06
      ]
    ],
    "CondVelVsPredMAE": 9.313226995155688e-10,
    "FreeRun/CondVelVsPredMAE": 9.313226995155688e-10,
    "period_abs_mean": 0.7014915347099304,
    "period_abs_std": 0.2839418202638626,
    "GeoDeg": 1.6063448786735535,
    "FreeRun/GeoDeg": 1.6063448786735535,
    "SingleStep/GeoDeg": 1.6063448786735535,
    "GeoDegCurve": [
      [
        0.23022782802581787,
        0.6707857847213745,
        1.2929089069366455,
        1.903123378753662,
        2.49360990524292,
        3.0331435203552246
      ],
      [
        0.23647180199623108,
        0.7384211421012878,
        1.2926207780838013,
        1.8709923028945923,
        2.4652700424194336,
        3.0485639572143555
      ]
    ],
    "GeoDegCurveMax": [
      [
        1.2574104070663452,
        6.559271335601807,
        12.915029525756836,
        19.48472785949707,
        25.65572166442871,
        31.748071670532227
      ],
      [
        1.177693247795105,
        7.311851501464844,
        13.749938011169434,
        19.90709114074707,
        26.94214630126953,
        33.565040588378906
      ]
    ],
    "GeoLocalDeg": 2.079597592353821,
    "FreeRun/GeoLocalDeg": 2.079597592353821,
    "SingleStep/GeoLocalDeg": 2.079597592353821,
    "GeoLocalDegCurve": [
      [
        0.22822904586791992,
        0.9083583354949951,
        1.6467297077178955,
        2.4129467010498047,
        3.1284518241882324,
        3.798156261444092
      ],
      [
        0.23453648388385773,
        0.9254022836685181,
        1.6942543983459473,
        2.4841575622558594,
        3.341780185699463,
        4.152168273925781
      ]
    ],
    "GeoLocalDegCurveMax": [
      [
        1.256787896156311,
        6.27266788482666,
        12.387617111206055,
        19.438522338867188,
        25.72304916381836,
        32.030418395996094
      ],
      [
        1.1770285367965698,
        8.432563781738281,
        16.038524627685547,
        23.31468391418457,
        26.16168212890625,
        32.19459915161133
      ]
    ],
    "AngVelMAE": 0.27395664155483246,
    "FreeRun/AngVelMAE": 0.27395664155483246,
    "AngVelMagRel": 0.5609964430332184,
    "FreeRun/AngVelMagRel": 0.5609964430332184,
    "AngVelDirDegCurve": [
      [
        66.38805389404297,
        68.77838897705078,
        72.45166778564453,
        68.48402404785156,
        71.55984497070312
      ],
      [
        72.45496368408203,
        68.55424499511719,
        70.27128601074219,
        76.16584777832031,
        71.45899200439453
      ]
    ],
    "AngVelDirDegCurveMax": [
      [
        180.0,
        180.0,
        180.0,
        180.0,
        180.0
      ],
      [
        180.0,
        180.0,
        180.0,
        180.0,
        180.0
      ]
    ],
    "AngVelDirDegRaw": 75.8036994934082,
    "FreeRun/AngVelDirDegRaw": 75.8036994934082,
    "AngVelDirDegWeighted": 71.60169586164685,
    "FreeRun/AngVelDirDegWeighted": 71.60169586164685,
    "AngVelDirDegSmooth": 64.63593542692088,
    "FreeRun/AngVelDirDegSmooth": 64.63593542692088,
    "AngVelDirDegTorso": 71.6548091500378,
    "FreeRun/AngVelDirDegTorso": 71.6548091500378,
    "AngVelDirDegProximal": 70.70203000118039,
    "FreeRun/AngVelDirDegProximal": 70.70203000118039,
    "AngVelDirDegDistal": 71.8235629819824,
    "FreeRun/AngVelDirDegDistal": 71.8235629819824,
    "Bone/pelvis/AngVelMagMAE": 3.4329828612006744e-14,
    "Bone/pelvis/AngVelMAE": 1.814857366764979e-14,
    "Bone/Bip001/AngVelMagMAE": 0.16073627769947052,
    "Bone/Bip001/AngVelMAE": 0.11651917919516563,
    "Bone/spine_01/AngVelMagMAE": 0.11118786036968231,
    "Bone/spine_01/AngVelMAE": 0.11119433119893074,
    "Bone/spine_02/AngVelMagMAE": 0.31549443304538727,
    "Bone/spine_02/AngVelMAE": 0.20741359889507294,
    "Bone/clavicle_l/AngVelMagMAE": 0.23725451529026031,
    "Bone/clavicle_l/AngVelMAE": 0.16959936171770096,
    "Bone/upperarm_l/AngVelMagMAE": 0.42105184495449066,
    "Bone/upperarm_l/AngVelMAE": 0.313738688826561,
    "Bone/RUpArmTwist_l_01/AngVelMagMAE": 0.45100031793117523,
    "Bone/RUpArmTwist_l_01/AngVelMAE": 0.34734387695789337,
    "Bone/RUpArmTwist_l_02/AngVelMagMAE": 0.12691203504800797,
    "Bone/RUpArmTwist_l_02/AngVelMAE": 0.059721073135733604,
    "Bone/lowerarm_l/AngVelMagMAE": 0.6403339207172394,
    "Bone/lowerarm_l/AngVelMAE": 0.41355015337467194,
    "Bone/L_ForeTwist_01/AngVelMagMAE": 0.41938404738903046,
    "Bone/L_ForeTwist_01/AngVelMAE": 0.17667850852012634,
    "Bone/L_ForeTwist_02/AngVelMagMAE": 0.03388098441064358,
    "Bone/L_ForeTwist_02/AngVelMAE": 0.014342756941914558,
    "Bone/hand_l/AngVelMagMAE": 0.5509866327047348,
    "Bone/hand_l/AngVelMAE": 0.28919199109077454,
    "Bone/index_01_l/AngVelMagMAE": 0.3269799202680588,
    "Bone/index_01_l/AngVelMAE": 0.22732766717672348,
    "Bone/middle_01_l/AngVelMagMAE": 0.3114285320043564,
    "Bone/middle_01_l/AngVelMAE": 0.20666881650686264,
    "Bone/pinky_01_l/AngVelMagMAE": 1.6268194317817688,
    "Bone/pinky_01_l/AngVelMAE": 0.8713197410106659,
    "Bone/ring_01_l/AngVelMagMAE": 0.3642812520265579,
    "Bone/ring_01_l/AngVelMAE": 0.23495309799909592,
    "Bone/thumb_01_l/AngVelMagMAE": 0.7214036285877228,
    "Bone/thumb_01_l/AngVelMAE": 0.4591353237628937,
    "Bone/clavicle_r/AngVelMagMAE": 0.22480014711618423,
    "Bone/clavicle_r/AngVelMAE": 0.16318504512310028,
    "Bone/upperarm_r/AngVelMagMAE": 0.43325527012348175,
    "Bone/upperarm_r/AngVelMAE": 0.27984803915023804,
    "Bone/RUpArmTwist_r_01/AngVelMagMAE": 0.7406606078147888,
    "Bone/RUpArmTwist_r_01/AngVelMAE": 0.42055103182792664,
    "Bone/RUpArmTwist_r_02/AngVelMagMAE": 0.42655281722545624,
    "Bone/RUpArmTwist_r_02/AngVelMAE": 0.1713762879371643,
    "Bone/lowerarm_r/AngVelMagMAE": 0.5279233455657959,
    "Bone/lowerarm_r/AngVelMAE": 0.3146387189626694,
    "Bone/R_ForeTwist_01/AngVelMagMAE": 0.2200533077120781,
    "Bone/R_ForeTwist_01/AngVelMAE": 0.1141587682068348,
    "Bone/R_ForeTwist_02/AngVelMagMAE": 0.02422364428639412,
    "Bone/R_ForeTwist_02/AngVelMAE": 0.013102070894092321,
    "Bone/hand_r/AngVelMagMAE": 0.5237245708703995,
    "Bone/hand_r/AngVelMAE": 0.3500373512506485,
    "Bone/index_01_r/AngVelMagMAE": 0.4122406095266342,