{
  "epoch": 15,
  "tag": "valfree",
  "timestamp": "2025-11-23T03:34:15",
  "metrics": {
    "YawAbsDeg": 32.40795612335205,
    "FreeRun/YawAbsDeg": 32.40795612335205,
    "RootVelMAE": 0.2072371318936348,
    "FreeRun/RootVelMAE": 0.2072371318936348,
    "RootVelMAE_std": 0.078319376334548,
    "InputRotGeoDeg": 1.38629150390625,
    "FreeRun/InputRotGeoDeg": 1.38629150390625,
    "InputRotGeoDeg_max": 25.28195285797119,
    "InputRotGeoDeg_std": 2.333882689476013,
    "InputRotGeoDegCurve": [
      [
        0.7598241567611694,
        0.300334095954895,
        0.7857464551925659,
        1.410700798034668,
        2.0370888710021973,
        2.6104416847229004
      ],
      [
        0.8958874940872192,
        0.3140345811843872,
        0.8026068210601807,
        1.4992198944091797,
        2.254587411880493,
        2.9650259017944336
      ]
    ],
    "InputRotGeoDegCurveMax": [
      [
        7.261392116546631,
        2.127436876296997,
        6.796215057373047,
        13.315816879272461,
        19.17181968688965,
        23.862211227416992
      ],
      [
        7.248844623565674,
        2.132398843765259,
        6.460409164428711,
        13.19239330291748,
        20.442209243774414,
        26.70169448852539
      ]
    ],
    "CondYawVsPredDeg": 2.7036166443394904e-06,
    "FreeRun/CondYawVsPredDeg": 2.7036166443394904e-06,
    "CondYawVsPredCurveDeg": [
      [
        0.0,
        1.7075473124350538e-06,
        1.7075473124350538e-06,
        3.4150946248701075e-06,
        1.7075473124350538e-06,
        0.0
      ],
      [
        3.4150946248701075e-06,
        6.830189249740215e-06,
        5.122642050991999e-06,
        1.7075473124350538e-06,
        3.4150946248701075e-06,
        3.4150946248701075e-06
      ]
    ],
    "CondVelVsPredMAE": 1.7462298829151734e-09,
    "FreeRun/CondVelVsPredMAE": 1.7462298829151734e-09,
    "period_abs_mean": 0.6425074636936188,
    "period_abs_std": 0.2948019653558731,
    "GeoDeg": 1.8279774188995361,
    "FreeRun/GeoDeg": 1.8279774188995361,
    "SingleStep/GeoDeg": 1.8279774188995361,
    "GeoDegCurve": [
      [
        0.25974738597869873,
        0.7893624305725098,
        1.420341968536377,
        2.043213367462158,
        2.6409642696380615,
        3.191896915435791
      ],
      [
        0.2655472159385681,
        0.8280149698257446,
        1.5380834341049194,
        2.2779178619384766,
        3.0128402709960938,
        3.6677989959716797
      ]
    ],
    "GeoDegCurveMax": [
      [
        1.378565788269043,
        6.566442966461182,
        13.370598793029785,
        19.640939712524414,
        23.97699546813965,
        30.640304565429688
      ],
      [
        1.329426646232605,
        6.798177242279053,
        13.661263465881348,
        20.328598022460938,
        27.240947723388672,
        32.79994583129883
      ]
    ],
    "GeoLocalDeg": 2.4989423751831055,
    "FreeRun/GeoLocalDeg": 2.4989423751831055,
    "SingleStep/GeoLocalDeg": 2.4989423751831055,
    "GeoLocalDegCurve": [
      [
        0.25732046365737915,
        1.1578319072723389,
        2.1391797065734863,
        3.084773540496826,
        3.997112274169922,
        4.859243392944336
      ],
      [
        0.26349082589149475,
        1.0433052778244019,
        1.9352288246154785,
        2.8683981895446777,
        3.7760491371154785,
        4.605374813079834
      ]
    ],
    "GeoLocalDegCurveMax": [
      [
        1.378281831741333,
        7.695084095001221,
        15.633574485778809,
        23.003992080688477,
        25.265840530395508,
        30.753292083740234
      ],
      [
        1.3288378715515137,
        7.645805358886719,
        15.41874885559082,
        22.8806209564209,
        29.895410537719727,
        32.8668212890625
      ]
    ],
    "AngVelMAE": 0.28545714914798737,
    "FreeRun/AngVelMAE": 0.28545714914798737,
    "AngVelMagRel": 0.5506015717983246,
    "FreeRun/AngVelMagRel": 0.5506015717983246,
    "AngVelDirDegCurve": [
      [
        77.88481140136719,
        74.01004028320312,
        76.92306518554688,
        75.13341522216797,
        69.00131225585938
      ],
      [
        71.056884765625,
        66.28900146484375,
        62.436519622802734,
        57.132080078125,
        64.34423065185547
      ]
    ],
    "AngVelDirDegCurveMax": [
      [
        180.0,
        180.0,
        180.0,
        180.0,
        180.0
      ],
      [
        180.0,
        180.0,
        180.0,
        180.0,
        180.0
      ]
    ],
    "AngVelDirDegRaw": 74.15583419799805,
    "FreeRun/AngVelDirDegRaw": 74.15583419799805,
    "AngVelDirDegWeighted": 70.99653816511474,
    "FreeRun/AngVelDirDegWeighted": 70.99653816511474,
    "AngVelDirDegSmooth": 64.77677349541429,
    "FreeRun/AngVelDirDegSmooth": 64.77677349541429,
    "AngVelDirDegTorso": 74.87222851072136,
    "FreeRun/AngVelDirDegTorso": 74.87222851072136,
    "AngVelDirDegProximal": 78.66062047592537,
    "FreeRun/AngVelDirDegProximal": 78.66062047592537,
    "AngVelDirDegDistal": 69.03942087944674,
    "FreeRun/AngVelDirDegDistal": 69.03942087944674,
    "Bone/pelvis/AngVelMagMAE": 3.0671932922915045e-14,
    "Bone/pelvis/AngVelMAE": 1.4936461254302664e-14,
    "Bone/Bip001/AngVelMagMAE": 0.21430838853120804,
    "Bone/Bip001/AngVelMAE": 0.14844182506203651,
    "Bone/spine_01/AngVelMagMAE": 0.24894405901432037,
    "Bone/spine_01/AngVelMAE": 0.1744978129863739,
    "Bone/spine_02/AngVelMagMAE": 0.3902483433485031,
    "Bone/spine_02/AngVelMAE": 0.24565991759300232,
    "Bone/clavicle_l/AngVelMagMAE": 0.24523212760686874,
    "Bone/clavicle_l/AngVelMAE": 0.19191543012857437,
    "Bone/upperarm_l/AngVelMagMAE": 0.40994973480701447,
    "Bone/upperarm_l/AngVelMAE": 0.3052217662334442,
    "Bone/RUpArmTwist_l_01/AngVelMagMAE": 0.417863130569458,
    "Bone/RUpArmTwist_l_01/AngVelMAE": 0.33759139478206635,
    "Bone/RUpArmTwist_l_02/AngVelMagMAE": 0.11985575035214424,
    "Bone/RUpArmTwist_l_02/AngVelMAE": 0.059902479872107506,
    "Bone/lowerarm_l/AngVelMagMAE": 0.42943882942199707,
    "Bone/lowerarm_l/AngVelMAE": 0.34337377548217773,
    "Bone/L_ForeTwist_01/AngVelMagMAE": 0.25871483236551285,
    "Bone/L_ForeTwist_01/AngVelMAE": 0.1247420571744442,
    "Bone/L_ForeTwist_02/AngVelMagMAE": 0.04770991392433643,
    "Bone/L_ForeTwist_02/AngVelMAE": 0.019602473825216293,
    "Bone/hand_l/AngVelMagMAE": 0.4318884164094925,
    "Bone/hand_l/AngVelMAE": 0.2680286318063736,
    "Bone/index_01_l/AngVelMagMAE": 0.48570115864276886,
    "Bone/index_01_l/AngVelMAE": 0.3272779732942581,
    "Bone/middle_01_l/AngVelMagMAE": 0.48589785397052765,
    "Bone/middle_01_l/AngVelMAE": 0.3129965364933014,
    "Bone/pinky_01_l/AngVelMagMAE": 2.0477535128593445,
    "Bone/pinky_01_l/AngVelMAE": 1.051603764295578,
    "Bone/ring_01_l/AngVelMagMAE": 0.5184926688671112,
    "Bone/ring_01_l/AngVelMAE": 0.33990412950515747,
    "Bone/thumb_01_l/AngVelMagMAE": 0.684719443321228,
    "Bone/thumb_01_l/AngVelMAE": 0.46844029426574707,
    "Bone/clavicle_r/AngVelMagMAE": 0.2705940753221512,
    "Bone/clavicle_r/AngVelMAE": 0.20290636271238327,
    "Bone/upperarm_r/AngVelMagMAE": 0.4546666890382767,
    "Bone/upperarm_r/AngVelMAE": 0.3103836327791214,
    "Bone/RUpArmTwist_r_01/AngVelMagMAE": 0.7658649981021881,
    "Bone/RUpArmTwist_r_01/AngVelMAE": 0.4741975665092468,
    "Bone/RUpArmTwist_r_02/AngVelMagMAE": 0.5330652892589569,
    "Bone/RUpArmTwist_r_02/AngVelMAE": 0.21014396846294403,
    "Bone/lowerarm_r/AngVelMagMAE": 0.47984954714775085,
    "Bone/lowerarm_r/AngVelMAE": 0.343476802110672,
    "Bone/R_ForeTwist_01/AngVelMagMAE": 0.206811785697937,
    "Bone/R_ForeTwist_01/AngVelMAE": 0.10185837745666504,
    "Bone/R_ForeTwist_02/AngVelMagMAE": 0.028363452292978764,
    "Bone/R_ForeTwist_02/AngVelMAE": 0.013060813769698143,
    "Bone/hand_r/AngVelMagMAE": 0.4333580583333969,
    "Bone/hand_r/AngVelMAE": 0.310650035738945,
    "Bone/index_01_r/AngVelMagMAE": 0.3337177187204361,