{
  "epoch": 12,
  "tag": "valfree",
  "timestamp": "2025-11-23T02:51:26",
  "metrics": {
    "YawAbsDeg": 30.565470695495605,
    "FreeRun/YawAbsDeg": 30.565470695495605,
    "RootVelMAE": 0.18146461248397827,
    "FreeRun/RootVelMAE": 0.18146461248397827,
    "RootVelMAE_std": 0.0917079709470272,
    "InputRotGeoDeg": 1.3579264879226685,
    "FreeRun/InputRotGeoDeg": 1.3579264879226685,
    "InputRotGeoDeg_max": 26.415557861328125,
    "InputRotGeoDeg_std": 2.2939740419387817,
    "InputRotGeoDegCurve": [
      [
        0.7980160117149353,
        0.3243800103664398,
        0.7180498242378235,
        1.3084797859191895,
        1.8446400165557861,
        2.3662538528442383
      ],
      [
        0.8936007022857666,
        0.3230385184288025,
        0.8458045721054077,
        1.5574631690979004,
        2.3017358779907227,
        3.013655185699463
      ]
    ],
    "InputRotGeoDegCurveMax": [
      [
        6.847793102264404,
        1.9024862051010132,
        6.622941493988037,
        13.231451988220215,
        18.652448654174805,
        25.048534393310547
      ],
      [
        7.417990207672119,
        2.843724012374878,
        7.138172626495361,
        14.252723693847656,
        21.24673080444336,
        27.782581329345703
      ]
    ],
    "CondYawVsPredDeg": 2.419025577182765e-06,
    "FreeRun/CondYawVsPredDeg": 2.419025577182765e-06,
    "CondYawVsPredCurveDeg": [
      [
        1.7075473124350538e-06,
        3.4150946248701075e-06,
        3.4150946248701075e-06,
        3.4150946248701075e-06,
        0.0,
        1.7075473124350538e-06
      ],
      [
        5.122642050991999e-06,
        3.4150946248701075e-06,
        3.4150946248701075e-06,
        0.0,
        1.7075473124350538e-06,
        1.7075473124350538e-06
      ]
    ],
    "CondVelVsPredMAE": 1.3581787638994314e-09,
    "FreeRun/CondVelVsPredMAE": 1.3581787638994314e-09,
    "period_abs_mean": 0.6725790500640869,
    "period_abs_std": 0.2831101268529892,
    "GeoDeg": 1.788280725479126,
    "FreeRun/GeoDeg": 1.788280725479126,
    "SingleStep/GeoDeg": 1.788280725479126,
    "GeoDegCurve": [
      [
        0.26158231496810913,
        0.7414155006408691,
        1.3155102729797363,
        1.8870354890823364,
        2.395686626434326,
        2.921290159225464
      ],
      [
        0.30400967597961426,
        0.8794387578964233,
        1.578089952468872,
        2.3270859718322754,
        3.0841097831726074,
        3.764113426208496
      ]
    ],
    "GeoDegCurveMax": [
      [
        1.5313572883605957,
        6.692107200622559,
        13.26259994506836,
        18.91132354736328,
        25.247831344604492,
        32.215335845947266
      ],
      [
        1.8001585006713867,
        7.33687162399292,
        14.534306526184082,
        21.47001838684082,
        28.130125045776367,
        33.962581634521484
      ]
    ],
    "GeoLocalDeg": 2.3702129125595093,
    "FreeRun/GeoLocalDeg": 2.3702129125595093,
    "SingleStep/GeoLocalDeg": 2.3702129125595093,
    "GeoLocalDegCurve": [
      [
        0.25906503200531006,
        1.0010043382644653,
        1.923182487487793,
        2.6767685413360596,
        3.356623888015747,
        4.019020080566406
      ],
      [
        0.30203378200531006,
        1.0925555229187012,
        2.011943817138672,
        2.960038661956787,
        3.941448926925659,
        4.898869037628174
      ]
    ],
    "GeoLocalDegCurveMax": [
      [
        1.5313572883605957,
        7.426925182342529,
        15.18921184539795,
        19.019765853881836,
        25.126178741455078,
        31.38346290588379
      ],
      [
        1.7995059490203857,
        7.612466812133789,
        14.058422088623047,
        20.702186584472656,
        26.968095779418945,
        32.56753158569336
      ]
    ],
    "AngVelMAE": 0.29381535947322845,
    "FreeRun/AngVelMAE": 0.29381535947322845,
    "AngVelMagRel": 0.5740929841995239,
    "FreeRun/AngVelMagRel": 0.5740929841995239,
    "AngVelDirDegCurve": [
      [
        74.21891021728516,
        76.6707534790039,
        79.52649688720703,
        71.09832763671875,
        73.96084594726562
      ],
      [
        76.2983627319336,
        75.16841888427734,
        70.45226287841797,
        72.37586975097656,
        62.93611145019531
      ]
    ],
    "AngVelDirDegCurveMax": [
      [
        180.0,
        180.0,
        180.0,
        180.0,
        180.0
      ],
      [
        180.0,
        180.0,
        180.0,
        180.0,
        180.0
      ]
    ],
    "AngVelDirDegRaw": 77.55458450317383,
    "FreeRun/AngVelDirDegRaw": 77.55458450317383,
    "AngVelDirDegWeighted": 74.17080564932604,
    "FreeRun/AngVelDirDegWeighted": 74.17080564932604,
    "AngVelDirDegSmooth": 68.27431809049409,
    "FreeRun/AngVelDirDegSmooth": 68.27431809049409,
    "AngVelDirDegTorso": 80.96980398103841,
    "FreeRun/AngVelDirDegTorso": 80.96980398103841,
    "AngVelDirDegProximal": 73.08250673505233,
    "FreeRun/AngVelDirDegProximal": 73.08250673505233,
    "AngVelDirDegDistal": 73.73861645508524,
    "FreeRun/AngVelDirDegDistal": 73.73861645508524,
    "Bone/pelvis/AngVelMagMAE": 2.1879506466684386e-14,
    "Bone/pelvis/AngVelMAE": 1.1554019832625117e-14,
    "Bone/Bip001/AngVelMagMAE": 0.18643999844789505,
    "Bone/Bip001/AngVelMAE": 0.140692301094532,
    "Bone/spine_01/AngVelMagMAE": 0.17147117108106613,
    "Bone/spine_01/AngVelMAE": 0.1441272273659706,
    "Bone/spine_02/AngVelMagMAE": 0.35865820944309235,
    "Bone/spine_02/AngVelMAE": 0.25012432783842087,
    "Bone/clavicle_l/AngVelMagMAE": 0.25984664261341095,
    "Bone/clavicle_l/AngVelMAE": 0.19396314024925232,
    "Bone/upperarm_l/AngVelMagMAE": 0.4684664011001587,
    "Bone/upperarm_l/AngVelMAE": 0.33382970094680786,
    "Bone/RUpArmTwist_l_01/AngVelMagMAE": 0.5090845972299576,
    "Bone/RUpArmTwist_l_01/AngVelMAE": 0.37094204127788544,
    "Bone/RUpArmTwist_l_02/AngVelMagMAE": 0.14514752477407455,
    "Bone/RUpArmTwist_l_02/AngVelMAE": 0.06453328393399715,
    "Bone/lowerarm_l/AngVelMagMAE": 0.6539060771465302,
    "Bone/lowerarm_l/AngVelMAE": 0.4268054962158203,
    "Bone/L_ForeTwist_01/AngVelMagMAE": 0.39435237646102905,
    "Bone/L_ForeTwist_01/AngVelMAE": 0.1694786101579666,
    "Bone/L_ForeTwist_02/AngVelMagMAE": 0.041684821248054504,
    "Bone/L_ForeTwist_02/AngVelMAE": 0.017941968515515327,
    "Bone/hand_l/AngVelMagMAE": 0.5196248292922974,
    "Bone/hand_l/AngVelMAE": 0.2883024513721466,
    "Bone/index_01_l/AngVelMagMAE": 0.35522329807281494,
    "Bone/index_01_l/AngVelMAE": 0.2627505138516426,
    "Bone/middle_01_l/AngVelMagMAE": 0.3597845286130905,
    "Bone/middle_01_l/AngVelMAE": 0.23866281658411026,
    "Bone/pinky_01_l/AngVelMagMAE": 1.9771671891212463,
    "Bone/pinky_01_l/AngVelMAE": 1.055331826210022,
    "Bone/ring_01_l/AngVelMagMAE": 0.4220076650381088,
    "Bone/ring_01_l/AngVelMAE": 0.29297609627246857,
    "Bone/thumb_01_l/AngVelMagMAE": 0.8340185582637787,
    "Bone/thumb_01_l/AngVelMAE": 0.5591975450515747,
    "Bone/clavicle_r/AngVelMagMAE": 0.237205371260643,
    "Bone/clavicle_r/AngVelMAE": 0.17684973776340485,
    "Bone/upperarm_r/AngVelMagMAE": 0.46869927644729614,
    "Bone/upperarm_r/AngVelMAE": 0.31894171237945557,
    "Bone/RUpArmTwist_r_01/AngVelMagMAE": 0.7903611660003662,
    "Bone/RUpArmTwist_r_01/AngVelMAE": 0.4768293797969818,
    "Bone/RUpArmTwist_r_02/AngVelMagMAE": 0.48455455899238586,
    "Bone/RUpArmTwist_r_02/AngVelMAE": 0.18772194534540176,
    "Bone/lowerarm_r/AngVelMagMAE": 0.6058083176612854,
    "Bone/lowerarm_r/AngVelMAE": 0.3774549961090088,
    "Bone/R_ForeTwist_01/AngVelMagMAE": 0.2093116194009781,
    "Bone/R_ForeTwist_01/AngVelMAE": 0.11445647478103638,
    "Bone/R_ForeTwist_02/AngVelMagMAE": 0.029866172932088375,
    "Bone/R_ForeTwist_02/AngVelMAE": 0.017464603297412395,
    "Bone/hand_r/AngVelMagMAE": 0.5186663120985031,
    "Bone/hand_r/AngVelMAE": 0.36492516100406647,
    "Bone/index_01_r/AngVelMagMAE": 0.4085341989994049,