{
  "epoch": 13,
  "tag": "valfree",
  "timestamp": "2025-11-23T03:05:32",
  "metrics": {
    "YawAbsDeg": 25.847604751586914,
    "FreeRun/YawAbsDeg": 25.847604751586914,
    "RootVelMAE": 0.1908106654882431,
    "FreeRun/RootVelMAE": 0.1908106654882431,
    "RootVelMAE_std": 0.11895504593849182,
    "InputRotGeoDeg": 1.1188465356826782,
    "FreeRun/InputRotGeoDeg": 1.1188465356826782,
    "InputRotGeoDeg_max": 20.02592182159424,
    "InputRotGeoDeg_std": 1.774229645729065,
    "InputRotGeoDegCurve": [
      [
        0.6605845093727112,
        0.293320894241333,
        0.6377894878387451,
        1.118394136428833,
        1.6243484020233154,
        2.1112284660339355
      ],
      [
        0.7275964021682739,
        0.28570592403411865,
        0.68694669008255,
        1.2337534427642822,
        1.7682857513427734,
        2.2782042026519775
      ]
    ],
    "InputRotGeoDegCurveMax": [
      [
        7.348628997802734,
        2.4621174335479736,
        5.729365825653076,
        11.965812683105469,
        16.64554214477539,
        21.80852508544922
      ],
      [
        6.494495868682861,
        1.307759404182434,
        5.532507419586182,
        10.647212982177734,
        14.876715660095215,
        18.243318557739258
      ]
    ],
    "CondYawVsPredDeg": 1.8498429881219636e-06,
    "FreeRun/CondYawVsPredDeg": 1.8498429881219636e-06,
    "CondYawVsPredCurveDeg": [
      [
        1.7075473124350538e-06,
        0.0,
        1.7075473124350538e-06,
        1.7075473124350538e-06,
        1.7075473124350538e-06,
        3.4150946248701075e-06
      ],
      [
        3.4150946248701075e-06,
        0.0,
        1.7075473124350538e-06,
        0.0,
        3.4150946248701075e-06,
        3.4150946248701075e-06
      ]
    ],
    "CondVelVsPredMAE": 2.3525597026008427e-09,
    "FreeRun/CondVelVsPredMAE": 2.3525597026008427e-09,
    "period_abs_mean": 0.767219215631485,
    "period_abs_std": 0.28099627792835236,
    "GeoDeg": 1.4735995531082153,
    "FreeRun/GeoDeg": 1.4735995531082153,
    "SingleStep/GeoDeg": 1.4735995531082153,
    "GeoDegCurve": [
      [
        0.30711954832077026,
        0.6959603428840637,
        1.1839064359664917,
        1.6561288833618164,
        2.156740665435791,
        2.6150577068328857
      ],
      [
        0.26318997144699097,
        0.6923787593841553,
        1.2537035942077637,
        1.794374942779541,
        2.293031930923462,
        2.771602153778076
      ]
    ],
    "GeoDegCurveMax": [
      [
        1.6763139963150024,
        6.400093078613281,
        12.446001052856445,
        17.990787506103516,
        22.00291633605957,
        26.510263442993164
      ],
      [
        1.3573943376541138,
        5.698563098907471,
        10.913311004638672,
        15.228084564208984,
        18.378173828125,
        21.10374641418457
      ]
    ],
    "GeoLocalDeg": 1.8273923993110657,
    "FreeRun/GeoLocalDeg": 1.8273923993110657,
    "SingleStep/GeoLocalDeg": 1.8273923993110657,
    "GeoLocalDegCurve": [
      [
        0.30547013878822327,
        0.8089262247085571,
        1.3894076347351074,
        1.9485383033752441,
        2.5659358501434326,
        3.134052276611328
      ],
      [
        0.26122811436653137,
        0.9234874248504639,
        1.677451491355896,
        2.3658339977264404,
        2.970961570739746,
        3.5774145126342773
      ]
    ],
    "GeoLocalDegCurveMax": [
      [
        1.675847053527832,
        5.901993751525879,
        11.575135231018066,
        16.797754287719727,
        20.61239242553711,
        25.216283798217773
      ],
      [
        1.3571059703826904,
        5.862137794494629,
        11.183329582214355,
        15.59825325012207,
        18.89276885986328,
        21.151575088500977
      ]
    ],
    "AngVelMAE": 0.23469160497188568,
    "FreeRun/AngVelMAE": 0.23469160497188568,
    "AngVelMagRel": 0.5098314136266708,
    "FreeRun/AngVelMagRel": 0.5098314136266708,
    "AngVelDirDegCurve": [
      [
        78.5036849975586,
        76.72097778320312,
        80.17525482177734,
        80.11520385742188,
        72.13273620605469
      ],
      [
        76.800537109375,
        71.28337097167969,
        71.82238006591797,
        74.68560028076172,
        83.36773681640625
      ]
    ],
    "AngVelDirDegCurveMax": [
      [
        180.0,
        180.0,
        180.0,
        180.0,
        180.0
      ],
      [
        180.0,
        180.0,
        180.0,
        180.0,
        180.0
      ]
    ],
    "AngVelDirDegRaw": 81.72914123535156,
    "FreeRun/AngVelDirDegRaw": 81.72914123535156,
    "AngVelDirDegWeighted": 79.73344311450855,
    "FreeRun/AngVelDirDegWeighted": 79.73344311450855,
    "AngVelDirDegSmooth": 72.22057902475134,
    "FreeRun/AngVelDirDegSmooth": 72.22057902475134,
    "AngVelDirDegTorso": 82.01332144735673,
    "FreeRun/AngVelDirDegTorso": 82.01332144735673,
    "AngVelDirDegProximal": 84.78571054229417,
    "FreeRun/AngVelDirDegProximal": 84.78571054229417,
    "AngVelDirDegDistal": 78.4825817371826,
    "FreeRun/AngVelDirDegDistal": 78.4825817371826,
    "Bone/pelvis/AngVelMagMAE": 2.6725608115723155e-14,
    "Bone/pelvis/AngVelMAE": 1.4968065747630616e-14,
    "Bone/Bip001/AngVelMagMAE": 0.11975454539060593,
    "Bone/Bip001/AngVelMAE": 0.09528904780745506,
    "Bone/spine_01/AngVelMagMAE": 0.07521926611661911,
    "Bone/spine_01/AngVelMAE": 0.08969368413090706,
    "Bone/spine_02/AngVelMagMAE": 0.17864029854536057,
    "Bone/spine_02/AngVelMAE": 0.15272296965122223,
    "Bone/clavicle_l/AngVelMagMAE": 0.24993426352739334,
    "Bone/clavicle_l/AngVelMAE": 0.1629481464624405,
    "Bone/upperarm_l/AngVelMagMAE": 0.2946798726916313,
    "Bone/upperarm_l/AngVelMAE": 0.25473029911518097,
    "Bone/RUpArmTwist_l_01/AngVelMagMAE": 0.33206792175769806,
    "Bone/RUpArmTwist_l_01/AngVelMAE": 0.27605976164340973,
    "Bone/RUpArmTwist_l_02/AngVelMagMAE": 0.12845046073198318,
    "Bone/RUpArmTwist_l_02/AngVelMAE": 0.05775325559079647,
    "Bone/lowerarm_l/AngVelMagMAE": 0.5344580858945847,
    "Bone/lowerarm_l/AngVelMAE": 0.3567100614309311,
    "Bone/L_ForeTwist_01/AngVelMagMAE": 0.3151746690273285,
    "Bone/L_ForeTwist_01/AngVelMAE": 0.14588727056980133,
    "Bone/L_ForeTwist_02/AngVelMagMAE": 0.027061015367507935,
    "Bone/L_ForeTwist_02/AngVelMAE": 0.012206211686134338,
    "Bone/hand_l/AngVelMagMAE": 0.4651104211807251,
    "Bone/hand_l/AngVelMAE": 0.27550581097602844,
    "Bone/index_01_l/AngVelMagMAE": 0.32098840177059174,
    "Bone/index_01_l/AngVelMAE": 0.23188140988349915,
    "Bone/middle_01_l/AngVelMagMAE": 0.33415472507476807,
    "Bone/middle_01_l/AngVelMAE": 0.22519242018461227,
    "Bone/pinky_01_l/AngVelMagMAE": 1.1727169752120972,
    "Bone/pinky_01_l/AngVelMAE": 0.6632930338382721,
    "Bone/ring_01_l/AngVelMagMAE": 0.32567059993743896,
    "Bone/ring_01_l/AngVelMAE": 0.23292292654514313,
    "Bone/thumb_01_l/AngVelMagMAE": 0.5180069804191589,
    "Bone/thumb_01_l/AngVelMAE": 0.37927645444869995,
    "Bone/clavicle_r/AngVelMagMAE": 0.21763285249471664,
    "Bone/clavicle_r/AngVelMAE": 0.16292275488376617,
    "Bone/upperarm_r/AngVelMagMAE": 0.29247792065143585,
    "Bone/upperarm_r/AngVelMAE": 0.2415774092078209,
    "Bone/RUpArmTwist_r_01/AngVelMagMAE": 0.47871194779872894,
    "Bone/RUpArmTwist_r_01/AngVelMAE": 0.33278048038482666,
    "Bone/RUpArmTwist_r_02/AngVelMagMAE": 0.26092539727687836,
    "Bone/RUpArmTwist_r_02/AngVelMAE": 0.1283811405301094,
    "Bone/lowerarm_r/AngVelMagMAE": 0.3998684734106064,
    "Bone/lowerarm_r/AngVelMAE": 0.29171714186668396,
    "Bone/R_ForeTwist_01/AngVelMagMAE": 0.31582699716091156,
    "Bone/R_ForeTwist_01/AngVelMAE": 0.14380993694067,
    "Bone/R_ForeTwist_02/AngVelMagMAE": 0.03251189365983009,
    "Bone/R_ForeTwist_02/AngVelMAE": 0.017220322974026203,
    "Bone/hand_r/AngVelMagMAE": 0.3633546233177185,
    "Bone/hand_r/AngVelMAE": 0.29295215010643005,
    "Bone/index_01_r/AngVelMagMAE": 0.24354014545679092,