sic,bone,mean_deg,p50_deg,p90_deg,count
38,pinky_01_l,44.43778610229492,44.43778610229492,44.43778610229492,1
39,pinky_01_l,44.299522399902344,44.299522399902344,44.299522399902344,1
36,pinky_01_l,44.26973342895508,44.26973342895508,44.26973342895508,1
35,pinky_01_l,44.21586990356445,44.21586990356445,44.21586990356445,1
31,pinky_01_l,44.15933609008789,44.15933609008789,44.15933609008789,1
37,pinky_01_l,44.04327392578125,44.04327392578125,44.04327392578125,1
34,pinky_01_l,43.971923828125,43.971923828125,43.971923828125,1
33,pinky_01_l,43.97147750854492,43.97147750854492,43.97147750854492,1
32,pinky_01_l,43.92758560180664,43.92758560180664,43.92758560180664,1
29,pinky_01_l,43.92507553100586,43.92507553100586,43.92507553100586,1
40,pinky_01_l,43.8049201965332,43.8049201965332,43.8049201965332,1
27,pinky_01_l,43.72089767456055,43.72089767456055,43.72089767456055,1
28,pinky_01_l,43.701133728027344,43.701133728027344,43.701133728027344,1
30,pinky_01_l,43.472904205322266,43.472904205322266,43.472904205322266,1
26,pinky_01_l,43.40524673461914,43.40524673461914,43.40524673461914,1
25,pinky_01_l,43.27638244628906,43.27638244628906,43.27638244628906,1
41,pinky_01_l,43.21573257446289,43.21573257446289,43.21573257446289,1
24,pinky_01_l,43.19390106201172,43.19390106201172,43.19390106201172,1
23,pinky_01_l,42.992183685302734,42.992183685302734,42.992183685302734,1
22,pinky_01_l,42.577640533447266,42.577640533447266,42.577640533447266,1
21,pinky_01_l,42.554561614990234,42.554561614990234,42.554561614990234,1
42,pinky_01_l,42.30842590332031,42.30842590332031,42.30842590332031,1
20,pinky_01_l,42.300926208496094,42.300926208496094,42.300926208496094,1
19,pinky_01_l,42.15955352783203,42.15955352783203,42.15955352783203,1
12,pinky_01_l,42.06330490112305,42.06330490112305,42.06330490112305,1
18,pinky_01_l,42.00059509277344,42.00059509277344,42.00059509277344,1
17,pinky_01_l,41.91878128051758,41.91878128051758,41.91878128051758,1
16,pinky_01_l,41.73273468017578,41.73273468017578,41.73273468017578,1
43,pinky_01_l,41.642059326171875,41.642059326171875,41.642059326171875,1
15,pinky_01_l,41.61032485961914,41.61032485961914,41.61032485961914,1
14,pinky_01_l,41.530364990234375,41.530364990234375,41.530364990234375,1
13,pinky_01_l,41.49204635620117,41.49204635620117,41.49204635620117,1
11,pinky_01_l,41.2401008605957,41.2401008605957,41.2401008605957,1
10,pinky_01_l,40.97229766845703,40.97229766845703,40.97229766845703,1
44,pinky_01_l,40.793209075927734,40.793209075927734,40.793209075927734,1
9,pinky_01_l,40.78498458862305,40.78498458862305,40.78498458862305,1
8,pinky_01_l,40.488590240478516,40.488590240478516,40.488590240478516,1
7,pinky_01_l,40.305023193359375,40.305023193359375,40.305023193359375,1
45,pinky_01_l,40.22160339355469,40.22160339355469,40.22160339355469,1
6,pinky_01_l,40.214473724365234,40.214473724365234,40.214473724365234,1
5,pinky_01_l,40.14548873901367,40.14548873901367,40.14548873901367,1
4,pinky_01_l,39.99228286743164,39.99228286743164,39.99228286743164,1
1,pinky_01_l,39.96013641357422,39.96013641357422,39.96013641357422,1
2,pinky_01_l,39.869319915771484,39.869319915771484,39.869319915771484,1
0,pinky_01_l,39.869083404541016,39.869083404541016,39.869083404541016,1
3,pinky_01_l,39.82826232910156,39.82826232910156,39.82826232910156,1
46,pinky_01_l,39.677940368652344,39.677940368652344,39.677940368652344,1
47,pinky_01_l,39.31492614746094,39.31492614746094,39.31492614746094,1
85,pinky_01_l,39.3032112121582,39.3032112121582,39.3032112121582,1
84,pinky_01_l,39.2097053527832,39.2097053527832,39.2097053527832,1
83,pinky_01_l,39.07009506225586,39.07009506225586,39.07009506225586,1
82,pinky_01_l,38.928897857666016,38.928897857666016,38.928897857666016,1
48,pinky_01_l,38.90493392944336,38.90493392944336,38.90493392944336,1
81,pinky_01_l,38.80295944213867,38.80295944213867,38.80295944213867,1
49,pinky_01_l,38.50602340698242,38.50602340698242,38.50602340698242,1
80,pinky_01_l,38.48278045654297,38.48278045654297,38.48278045654297,1
79,pinky_01_l,38.28566360473633,38.28566360473633,38.28566360473633,1
50,pinky_01_l,38.237056732177734,38.237056732177734,38.237056732177734,1
78,pinky_01_l,38.00796890258789,38.00796890258789,38.00796890258789,1
51,pinky_01_l,37.997650146484375,37.997650146484375,37.997650146484375,1
77,pinky_01_l,37.847049713134766,37.847049713134766,37.847049713134766,1
52,pinky_01_l,37.71413803100586,37.71413803100586,37.71413803100586,1
76,pinky_01_l,37.56771469116211,37.56771469116211,37.56771469116211,1
53,pinky_01_l,37.53303527832031,37.53303527832031,37.53303527832031,1
54,pinky_01_l,37.44084167480469,37.44084167480469,37.44084167480469,1
75,pinky_01_l,37.40790557861328,37.40790557861328,37.40790557861328,1
55,pinky_01_l,37.30564880371094,37.30564880371094,37.30564880371094,1
56,pinky_01_l,37.1853141784668,37.1853141784668,37.1853141784668,1
57,pinky_01_l,37.11878967285156,37.11878967285156,37.11878967285156,1
74,pinky_01_l,37.1161003112793,37.1161003112793,37.1161003112793,1
58,pinky_01_l,37.06549072265625,37.06549072265625,37.06549072265625,1
73,pinky_01_l,36.99638748168945,36.99638748168945,36.99638748168945,1
59,pinky_01_l,36.97959899902344,36.97959899902344,36.97959899902344,1
61,pinky_01_l,36.91254806518555,36.91254806518555,36.91254806518555,1
60,pinky_01_l,36.89936828613281,36.89936828613281,36.89936828613281,1
72,pinky_01_l,36.84447479248047,36.84447479248047,36.84447479248047,1
63,pinky_01_l,36.81616973876953,36.81616973876953,36.81616973876953,1
62,pinky_01_l,36.813926696777344,36.813926696777344,36.813926696777344,1
17,calf_l,36.77242660522461,36.77242660522461,36.77242660522461,1
64,pinky_01_l,36.74772644042969,36.74772644042969,36.74772644042969,1
71,pinky_01_l,36.731510162353516,36.731510162353516,36.731510162353516,1
70,pinky_01_l,36.69267272949219,36.69267272949219,36.69267272949219,1
65,pinky_01_l,36.67770004272461,36.67770004272461,36.67770004272461,1
66,pinky_01_l,36.66332244873047,36.66332244873047,36.66332244873047,1
69,pinky_01_l,36.660552978515625,36.660552978515625,36.660552978515625,1
68,pinky_01_l,36.65231704711914,36.65231704711914,36.65231704711914,1
67,pinky_01_l,36.640560150146484,36.640560150146484,36.640560150146484,1
16,calf_l,36.63819122314453,36.63819122314453,36.63819122314453,1
18,calf_l,36.32369613647461,36.32369613647461,36.32369613647461,1
15,calf_l,35.98002624511719,35.98002624511719,35.98002624511719,1
19,calf_l,35.309913635253906,35.309913635253906,35.309913635253906,1
14,calf_l,34.681758880615234,34.681758880615234,34.681758880615234,1
20,calf_l,33.762306213378906,33.762306213378906,33.762306213378906,1
13,calf_l,32.60254669189453,32.60254669189453,32.60254669189453,1
21,calf_l,31.637723922729492,31.637723922729492,31.637723922729492,1
81,calf_r,31.213764190673828,31.213764190673828,31.213764190673828,1
80,calf_r,30.94676399230957,30.94676399230957,30.94676399230957,1
82,calf_r,30.032421112060547,30.032421112060547,30.032421112060547,1
12,calf_l,29.754404067993164,29.754404067993164,29.754404067993164,1
79,calf_r,29.632110595703125,29.632110595703125,29.632110595703125,1
22,calf_l,28.9453182220459,28.9453182220459,28.9453182220459,1
57,calf_r,28.91267204284668,28.91267204284668,28.91267204284668,1
58,calf_r,28.832725524902344,28.832725524902344,28.832725524902344,1
56,calf_r,28.450302124023438,28.450302124023438,28.450302124023438,1
83,calf_r,28.440685272216797,28.440685272216797,28.440685272216797,1
59,calf_r,28.359317779541016,28.359317779541016,28.359317779541016,1
78,calf_r,28.214216232299805,28.214216232299805,28.214216232299805,1
55,calf_r,27.576486587524414,27.576486587524414,27.576486587524414,1
60,calf_r,27.437585830688477,27.437585830688477,27.437585830688477,1
11,calf_l,26.689199447631836,26.689199447631836,26.689199447631836,1
84,calf_r,26.59136199951172,26.59136199951172,26.59136199951172,1
77,calf_r,26.378522872924805,26.378522872924805,26.378522872924805,1
54,calf_r,26.31951141357422,26.31951141357422,26.31951141357422,1
61,calf_r,26.190866470336914,26.190866470336914,26.190866470336914,1
84,thigh_l,25.763622283935547,25.763622283935547,25.763622283935547,1
23,calf_l,25.69676399230957,25.69676399230957,25.69676399230957,1
12,foot_l,25.39769744873047,25.39769744873047,25.39769744873047,1
83,thigh_l,25.250328063964844,25.250328063964844,25.250328063964844,1
85,calf_r,25.21917724609375,25.21917724609375,25.21917724609375,1
85,thigh_l,25.058961868286133,25.058961868286133,25.058961868286133,1
82,thigh_l,24.938274383544922,24.938274383544922,24.938274383544922,1
81,thigh_l,24.67687225341797,24.67687225341797,24.67687225341797,1
62,calf_r,24.5192928314209,24.5192928314209,24.5192928314209,1
53,calf_r,24.427379608154297,24.427379608154297,24.427379608154297,1
80,thigh_l,24.39266586303711,24.39266586303711,24.39266586303711,1
76,calf_r,24.334522247314453,24.334522247314453,24.334522247314453,1
79,thigh_l,24.24638557434082,24.24638557434082,24.24638557434082,1
78,thigh_l,24.132530212402344,24.132530212402344,24.132530212402344,1
13,foot_l,24.023441314697266,24.023441314697266,24.023441314697266,1
77,thigh_l,23.99470329284668,23.99470329284668,23.99470329284668,1
0,thigh_l,23.92884063720703,23.92884063720703,23.92884063720703,1
11,foot_l,23.813648223876953,23.813648223876953,23.813648223876953,1
76,thigh_l,23.49739646911621,23.49739646911621,23.49739646911621,1
77,calf_l,23.47010040283203,23.47010040283203,23.47010040283203,1
75,calf_l,23.445146560668945,23.445146560668945,23.445146560668945,1
76,calf_l,23.388612747192383,23.388612747192383,23.388612747192383,1
73,calf_l,23.376277923583984,23.376277923583984,23.376277923583984,1
71,calf_l,23.368579864501953,23.368579864501953,23.368579864501953,1
74,calf_l,23.334781646728516,23.334781646728516,23.334781646728516,1
72,calf_l,23.29552459716797,23.29552459716797,23.29552459716797,1
75,thigh_l,23.210302352905273,23.210302352905273,23.210302352905273,1
78,calf_l,22.97474479675293,22.97474479675293,22.97474479675293,1
74,thigh_l,22.835912704467773,22.835912704467773,22.835912704467773,1
10,calf_l,22.67247772216797,22.67247772216797,22.67247772216797,1
1,thigh_l,22.655057907104492,22.655057907104492,22.655057907104492,1
73,thigh_l,22.491016387939453,22.491016387939453,22.491016387939453,1
63,calf_r,22.484710693359375,22.484710693359375,22.484710693359375,1
79,calf_l,22.370052337646484,22.370052337646484,22.370052337646484,1
2,thigh_l,22.328285217285156,22.328285217285156,22.328285217285156,1
3,thigh_l,22.20624542236328,22.20624542236328,22.20624542236328,1
72,thigh_l,22.131336212158203,22.131336212158203,22.131336212158203,1
80,calf_l,21.96124267578125,21.96124267578125,21.96124267578125,1
4,thigh_l,21.957012176513672,21.957012176513672,21.957012176513672,1
52,calf_r,21.79159164428711,21.79159164428711,21.79159164428711,1
71,thigh_l,21.73752784729004,21.73752784729004,21.73752784729004,1
75,calf_r,21.73122215270996,21.73122215270996,21.73122215270996,1
24,calf_l,21.71395492553711,21.71395492553711,21.71395492553711,1
31,thumb_01_l,21.615089416503906,21.615089416503906,21.615089416503906,1
38,thumb_01_l,21.5919246673584,21.5919246673584,21.5919246673584,1
29,thumb_01_l,21.583633422851562,21.583633422851562,21.583633422851562,1
5,thigh_l,21.561113357543945,21.561113357543945,21.561113357543945,1
36,thumb_01_l,21.537370681762695,21.537370681762695,21.537370681762695,1
35,thumb_01_l,21.52503776550293,21.52503776550293,21.52503776550293,1
27,thumb_01_l,21.51747703552246,21.51747703552246,21.51747703552246,1
39,thumb_01_l,21.501211166381836,21.501211166381836,21.501211166381836,1
0,calf_r,21.493240356445312,21.493240356445312,21.493240356445312,1
81,calf_l,21.489566802978516,21.489566802978516,21.489566802978516,1
28,thumb_01_l,21.48313331604004,21.48313331604004,21.48313331604004,1
32,thumb_01_l,21.43801498413086,21.43801498413086,21.43801498413086,1
33,thumb_01_l,21.422189712524414,21.422189712524414,21.422189712524414,1
34,thumb_01_l,21.377138137817383,21.377138137817383,21.377138137817383,1
37,thumb_01_l,21.37468147277832,21.37468147277832,21.37468147277832,1
26,thumb_01_l,21.36420440673828,21.36420440673828,21.36420440673828,1
25,thumb_01_l,21.329967498779297,21.329967498779297,21.329967498779297,1
24,thumb_01_l,21.30883026123047,21.30883026123047,21.30883026123047,1
30,thumb_01_l,21.25662612915039,21.25662612915039,21.25662612915039,1
23,thumb_01_l,21.208982467651367,21.208982467651367,21.208982467651367,1
40,thumb_01_l,21.167905807495117,21.167905807495117,21.167905807495117,1
22,thumb_01_l,20.99863052368164,20.99863052368164,20.99863052368164,1
21,thumb_01_l,20.996118545532227,20.996118545532227,20.996118545532227,1
82,calf_l,20.966644287109375,20.966644287109375,20.966644287109375,1
20,thumb_01_l,20.871950149536133,20.871950149536133,20.871950149536133,1
12,thumb_01_l,20.86458969116211,20.86458969116211,20.86458969116211,1
41,thumb_01_l,20.82157325744629,20.82157325744629,20.82157325744629,1
6,thigh_l,20.81876564025879,20.81876564025879,20.81876564025879,1
19,thumb_01_l,20.80225372314453,20.80225372314453,20.80225372314453,1
10,foot_l,20.772785186767578,20.772785186767578,20.772785186767578,1
18,thumb_01_l,20.716997146606445,20.716997146606445,20.716997146606445,1
70,calf_l,20.675920486450195,20.675920486450195,20.675920486450195,1
17,thumb_01_l,20.657020568847656,20.657020568847656,20.657020568847656,1
16,thumb_01_l,20.531700134277344,20.531700134277344,20.531700134277344,1
84,calf_l,20.523218154907227,20.523218154907227,20.523218154907227,1
83,calf_l,20.506391525268555,20.506391525268555,20.506391525268555,1
15,thumb_01_l,20.467859268188477,20.467859268188477,20.467859268188477,1
13,thumb_01_l,20.449352264404297,20.449352264404297,20.449352264404297,1
14,thumb_01_l,20.42898178100586,20.42898178100586,20.42898178100586,1
14,foot_l,20.408166885375977,20.408166885375977,20.408166885375977,1
42,thumb_01_l,20.267335891723633,20.267335891723633,20.267335891723633,1
11,thumb_01_l,20.224384307861328,20.224384307861328,20.224384307861328,1
64,calf_r,20.15610122680664,20.15610122680664,20.15610122680664,1
70,thigh_l,20.0068359375,20.0068359375,20.0068359375,1
10,thumb_01_l,19.970115661621094,19.970115661621094,19.970115661621094,1
84,lowerarm_l,19.90084457397461,19.90084457397461,19.90084457397461,1
32,calf_l,19.900421142578125,19.900421142578125,19.900421142578125,1
83,lowerarm_l,19.89461898803711,19.89461898803711,19.89461898803711,1
43,thumb_01_l,19.880552291870117,19.880552291870117,19.880552291870117,1
82,lowerarm_l,19.747318267822266,19.747318267822266,19.747318267822266,1
85,lowerarm_l,19.72087287902832,19.72087287902832,19.72087287902832,1
9,thumb_01_l,19.71699333190918,19.71699333190918,19.71699333190918,1
33,calf_l,19.689910888671875,19.689910888671875,19.689910888671875,1
34,calf_l,19.491458892822266,19.491458892822266,19.491458892822266,1
81,lowerarm_l,19.484529495239258,19.484529495239258,19.484529495239258,1
7,thigh_l,19.431232452392578,19.431232452392578,19.431232452392578,1
35,calf_l,19.423696517944336,19.423696517944336,19.423696517944336,1
44,thumb_01_l,19.394561767578125,19.394561767578125,19.394561767578125,1
8,thumb_01_l,19.373945236206055,19.373945236206055,19.373945236206055,1
36,calf_l,19.321760177612305,19.321760177612305,19.321760177612305,1
38,calf_l,19.219511032104492,19.219511032104492,19.219511032104492,1
39,calf_l,19.197206497192383,19.197206497192383,19.197206497192383,1
37,calf_l,19.183713912963867,19.183713912963867,19.183713912963867,1
40,calf_l,19.135303497314453,19.135303497314453,19.135303497314453,1
45,thumb_01_l,19.10218048095703,19.10218048095703,19.10218048095703,1
7,thumb_01_l,19.09126091003418,19.09126091003418,19.09126091003418,1
80,lowerarm_l,19.086246490478516,19.086246490478516,19.086246490478516,1
46,thigh_r,18.996858596801758,18.996858596801758,18.996858596801758,1
6,thumb_01_l,18.969249725341797,18.969249725341797,18.969249725341797,1
5,thumb_01_l,18.937776565551758,18.937776565551758,18.937776565551758,1
1,calf_r,18.925857543945312,18.925857543945312,18.925857543945312,1
85,thumb_01_l,18.925094604492188,18.925094604492188,18.925094604492188,1
69,calf_l,18.909154891967773,18.909154891967773,18.909154891967773,1
83,thumb_01_l,18.89545440673828,18.89545440673828,18.89545440673828,1
84,thumb_01_l,18.87643051147461,18.87643051147461,18.87643051147461,1
0,thumb_01_l,18.87006187438965,18.87006187438965,18.87006187438965,1
85,calf_l,18.861249923706055,18.861249923706055,18.861249923706055,1
1,thumb_01_l,18.858896255493164,18.858896255493164,18.858896255493164,1
82,thumb_01_l,18.854341506958008,18.854341506958008,18.854341506958008,1
46,thumb_01_l,18.84859848022461,18.84859848022461,18.84859848022461,1
2,thumb_01_l,18.837940216064453,18.837940216064453,18.837940216064453,1
81,thumb_01_l,18.834428787231445,18.834428787231445,18.834428787231445,1
4,thumb_01_l,18.832590103149414,18.832590103149414,18.832590103149414,1
80,thumb_01_l,18.804105758666992,18.804105758666992,18.804105758666992,1
69,thigh_l,18.79216766357422,18.79216766357422,18.79216766357422,1
3,thumb_01_l,18.783063888549805,18.783063888549805,18.783063888549805,1
47,thigh_r,18.77012062072754,18.77012062072754,18.77012062072754,1
79,thumb_01_l,18.7517032623291,18.7517032623291,18.7517032623291,1
45,thigh_r,18.71860694885254,18.71860694885254,18.71860694885254,1
47,thumb_01_l,18.708791732788086,18.708791732788086,18.708791732788086,1
78,thumb_01_l,18.707637786865234,18.707637786865234,18.707637786865234,1
41,calf_l,18.699888229370117,18.699888229370117,18.699888229370117,1
74,calf_r,18.698760986328125,18.698760986328125,18.698760986328125,1
77,thumb_01_l,18.668001174926758,18.668001174926758,18.668001174926758,1
76,thumb_01_l,18.626665115356445,18.626665115356445,18.626665115356445,1
48,ball_r,18.58641815185547,18.58641815185547,18.58641815185547,1
79,lowerarm_l,18.584035873413086,18.584035873413086,18.584035873413086,1
48,thumb_01_l,18.5708065032959,18.5708065032959,18.5708065032959,1
9,calf_l,18.54862403869629,18.54862403869629,18.54862403869629,1
75,thumb_01_l,18.540802001953125,18.540802001953125,18.540802001953125,1
74,thumb_01_l,18.515291213989258,18.515291213989258,18.515291213989258,1
60,thumb_01_l,18.460769653320312,18.460769653320312,18.460769653320312,1
49,thumb_01_l,18.453584671020508,18.453584671020508,18.453584671020508,1
73,thumb_01_l,18.433204650878906,18.433204650878906,18.433204650878906,1
71,thumb_01_l,18.429941177368164,18.429941177368164,18.429941177368164,1
8,thigh_l,18.420595169067383,18.420595169067383,18.420595169067383,1
72,thumb_01_l,18.4169979095459,18.4169979095459,18.4169979095459,1
58,thumb_01_l,18.399919509887695,18.399919509887695,18.399919509887695,1
63,thumb_01_l,18.394582748413086,18.394582748413086,18.394582748413086,1
65,thumb_01_l,18.394357681274414,18.394357681274414,18.394357681274414,1
50,thumb_01_l,18.388080596923828,18.388080596923828,18.388080596923828,1
62,thumb_01_l,18.387720108032227,18.387720108032227,18.387720108032227,1
70,thumb_01_l,18.377599716186523,18.377599716186523,18.377599716186523,1
59,thumb_01_l,18.377094268798828,18.377094268798828,18.377094268798828,1
61,thumb_01_l,18.373085021972656,18.373085021972656,18.373085021972656,1
69,thumb_01_l,18.37234878540039,18.37234878540039,18.37234878540039,1
66,thumb_01_l,18.369306564331055,18.369306564331055,18.369306564331055,1
64,thumb_01_l,18.365793228149414,18.365793228149414,18.365793228149414,1
68,thumb_01_l,18.357858657836914,18.357858657836914,18.357858657836914,1
67,thumb_01_l,18.35780906677246,18.35780906677246,18.35780906677246,1
57,thumb_01_l,18.355661392211914,18.355661392211914,18.355661392211914,1
51,thumb_01_l,18.345714569091797,18.345714569091797,18.345714569091797,1
56,thumb_01_l,18.341936111450195,18.341936111450195,18.341936111450195,1
55,thumb_01_l,18.31351089477539,18.31351089477539,18.31351089477539,1
52,thumb_01_l,18.313274383544922,18.313274383544922,18.313274383544922,1
53,thumb_01_l,18.311983108520508,18.311983108520508,18.311983108520508,1
54,thumb_01_l,18.299543380737305,18.299543380737305,18.299543380737305,1
51,calf_r,18.292890548706055,18.292890548706055,18.292890548706055,1
48,thigh_r,18.275419235229492,18.275419235229492,18.275419235229492,1
9,foot_l,18.266399383544922,18.266399383544922,18.266399383544922,1
44,thigh_r,18.128629684448242,18.128629684448242,18.128629684448242,1
68,thigh_l,17.930036544799805,17.930036544799805,17.930036544799805,1
78,lowerarm_l,17.89977264404297,17.89977264404297,17.89977264404297,1
68,calf_l,17.877649307250977,17.877649307250977,17.877649307250977,1
49,thigh_r,17.592496871948242,17.592496871948242,17.592496871948242,1
65,calf_r,17.36789321899414,17.36789321899414,17.36789321899414,1
0,lowerarm_l,17.362205505371094,17.362205505371094,17.362205505371094,1
25,calf_l,17.323593139648438,17.323593139648438,17.323593139648438,1
47,ball_r,17.29722785949707,17.29722785949707,17.29722785949707,1
43,thigh_r,17.289813995361328,17.289813995361328,17.289813995361328,1
49,ball_r,17.267791748046875,17.267791748046875,17.267791748046875,1
77,upperarm_r,17.118711471557617,17.118711471557617,17.118711471557617,1
77,lowerarm_l,17.108827590942383,17.108827590942383,17.108827590942383,1
67,thigh_l,17.061294555664062,17.061294555664062,17.061294555664062,1
76,upperarm_r,16.985530853271484,16.985530853271484,16.985530853271484,1
67,calf_l,16.974773406982422,16.974773406982422,16.974773406982422,1
9,thigh_l,16.96368980407715,16.96368980407715,16.96368980407715,1
78,upperarm_r,16.938749313354492,16.938749313354492,16.938749313354492,1
74,upperarm_r,16.920310974121094,16.920310974121094,16.920310974121094,1
15,foot_l,16.899118423461914,16.899118423461914,16.899118423461914,1
79,upperarm_r,16.72848129272461,16.72848129272461,16.72848129272461,1
2,calf_r,16.7141170501709,16.7141170501709,16.7141170501709,1
50,thigh_r,16.63044548034668,16.63044548034668,16.63044548034668,1
42,thigh_r,16.62038803100586,16.62038803100586,16.62038803100586,1
75,upperarm_r,16.502391815185547,16.502391815185547,16.502391815185547,1
80,upperarm_r,16.495447158813477,16.495447158813477,16.495447158813477,1
66,thigh_l,16.39971351623535,16.39971351623535,16.39971351623535,1
73,upperarm_r,16.380231857299805,16.380231857299805,16.380231857299805,1
66,calf_l,16.379064559936523,16.379064559936523,16.379064559936523,1
8,foot_l,16.326223373413086,16.326223373413086,16.326223373413086,1
42,calf_l,16.312524795532227,16.312524795532227,16.312524795532227,1
72,upperarm_r,16.17013931274414,16.17013931274414,16.17013931274414,1
81,upperarm_r,16.090789794921875,16.090789794921875,16.090789794921875,1
76,lowerarm_l,16.050416946411133,16.050416946411133,16.050416946411133,1
10,thigh_l,16.01754379272461,16.01754379272461,16.01754379272461,1
41,thigh_r,15.985112190246582,15.985112190246582,15.985112190246582,1
65,calf_l,15.810636520385742,15.810636520385742,15.810636520385742,1
51,thigh_r,15.79951000213623,15.79951000213623,15.79951000213623,1
71,upperarm_r,15.797887802124023,15.797887802124023,15.797887802124023,1
1,lowerarm_l,15.790197372436523,15.790197372436523,15.790197372436523,1
35,upperarm_l,15.740683555603027,15.740683555603027,15.740683555603027,1
82,upperarm_r,15.729500770568848,15.729500770568848,15.729500770568848,1
65,thigh_l,15.71961784362793,15.71961784362793,15.71961784362793,1
34,upperarm_l,15.712204933166504,15.712204933166504,15.712204933166504,1
73,upperarm_l,15.623576164245605,15.623576164245605,15.623576164245605,1
33,upperarm_l,15.617650985717773,15.617650985717773,15.617650985717773,1
1,upperarm_r,15.599209785461426,15.599209785461426,15.599209785461426,1
72,upperarm_l,15.598479270935059,15.598479270935059,15.598479270935059,1
7,ball_l,15.594194412231445,15.594194412231445,15.594194412231445,1
36,upperarm_l,15.583317756652832,15.583317756652832,15.583317756652832,1
83,upperarm_r,15.533371925354004,15.533371925354004,15.533371925354004,1
71,upperarm_l,15.522785186767578,15.522785186767578,15.522785186767578,1
40,thigh_r,15.500443458557129,15.500443458557129,15.500443458557129,1
31,calf_l,15.480196952819824,15.480196952819824,15.480196952819824,1
32,upperarm_l,15.465279579162598,15.465279579162598,15.465279579162598,1
37,upperarm_l,15.447257995605469,15.447257995605469,15.447257995605469,1
74,upperarm_l,15.444893836975098,15.444893836975098,15.444893836975098,1
13,upperarm_r,15.438923835754395,15.438923835754395,15.438923835754395,1
26,upperarm_l,15.428496360778809,15.428496360778809,15.428496360778809,1
25,upperarm_l,15.415218353271484,15.415218353271484,15.415218353271484,1
70,upperarm_l,15.407882690429688,15.407882690429688,15.407882690429688,1
24,upperarm_l,15.376412391662598,15.376412391662598,15.376412391662598,1
0,upperarm_r,15.373472213745117,15.373472213745117,15.373472213745117,1
70,upperarm_r,15.299139022827148,15.299139022827148,15.299139022827148,1
31,upperarm_l,15.23100471496582,15.23100471496582,15.23100471496582,1
15,upperarm_r,15.230402946472168,15.230402946472168,15.230402946472168,1
27,upperarm_l,15.199357032775879,15.199357032775879,15.199357032775879,1
64,calf_l,15.193670272827148,15.193670272827148,15.193670272827148,1
23,upperarm_l,15.187066078186035,15.187066078186035,15.187066078186035,1
7,foot_l,15.144327163696289,15.144327163696289,15.144327163696289,1
75,upperarm_l,15.122302055358887,15.122302055358887,15.122302055358887,1
28,upperarm_l,15.110323905944824,15.110323905944824,15.110323905944824,1
84,upperarm_r,15.087587356567383,15.087587356567383,15.087587356567383,1
38,upperarm_l,15.069634437561035,15.069634437561035,15.069634437561035,1
69,upperarm_l,15.0660400390625,15.0660400390625,15.0660400390625,1
29,upperarm_l,15.063545227050781,15.063545227050781,15.063545227050781,1
3,upperarm_r,15.058504104614258,15.058504104614258,15.058504104614258,1
30,upperarm_l,15.036171913146973,15.036171913146973,15.036171913146973,1
73,calf_r,14.944476127624512,14.944476127624512,14.944476127624512,1
39,upperarm_l,14.934245109558105,14.934245109558105,14.934245109558105,1
75,lowerarm_l,14.921935081481934,14.921935081481934,14.921935081481934,1
76,upperarm_l,14.919503211975098,14.919503211975098,14.919503211975098,1
39,thigh_r,14.91364860534668,14.91364860534668,14.91364860534668,1
64,thigh_l,14.899182319641113,14.899182319641113,14.899182319641113,1
69,upperarm_r,14.832664489746094,14.832664489746094,14.832664489746094,1
69,hand_r,14.8272066116333,14.8272066116333,14.8272066116333,1
40,upperarm_l,14.779945373535156,14.779945373535156,14.779945373535156,1
8,upperarm_r,14.767854690551758,14.767854690551758,14.767854690551758,1
85,upperarm_r,14.762737274169922,14.762737274169922,14.762737274169922,1
19,RUpArmTwist_r_01,14.753576278686523,14.753576278686523,14.753576278686523,1
77,upperarm_l,14.742772102355957,14.742772102355957,14.742772102355957,1
81,hand_r,14.739529609680176,14.739529609680176,14.739529609680176,1
22,upperarm_l,14.732110023498535,14.732110023498535,14.732110023498535,1
52,thigh_r,14.725713729858398,14.725713729858398,14.725713729858398,1
5,upperarm_r,14.716129302978516,14.716129302978516,14.716129302978516,1
71,hand_r,14.710171699523926,14.710171699523926,14.710171699523926,1
46,ball_r,14.700811386108398,14.700811386108398,14.700811386108398,1
16,upperarm_r,14.699588775634766,14.699588775634766,14.699588775634766,1
11,upperarm_r,14.68982982635498,14.68982982635498,14.68982982635498,1
17,upperarm_r,14.684820175170898,14.684820175170898,14.684820175170898,1
19,upperarm_r,14.682234764099121,14.682234764099121,14.682234764099121,1
78,upperarm_l,14.680757522583008,14.680757522583008,14.680757522583008,1
70,hand_r,14.678993225097656,14.678993225097656,14.678993225097656,1
74,hand_r,14.66919231414795,14.66919231414795,14.66919231414795,1
63,calf_l,14.661873817443848,14.661873817443848,14.661873817443848,1
68,upperarm_r,14.65584945678711,14.65584945678711,14.65584945678711,1
12,upperarm_r,14.653825759887695,14.653825759887695,14.653825759887695,1
76,hand_r,14.652229309082031,14.652229309082031,14.652229309082031,1
68,hand_r,14.632038116455078,14.632038116455078,14.632038116455078,1
77,hand_r,14.602745056152344,14.602745056152344,14.602745056152344,1
41,upperarm_l,14.599259376525879,14.599259376525879,14.599259376525879,1
75,hand_r,14.595897674560547,14.595897674560547,14.595897674560547,1
82,hand_r,14.583789825439453,14.583789825439453,14.583789825439453,1
6,upperarm_r,14.57468318939209,14.57468318939209,14.57468318939209,1
79,hand_r,14.560582160949707,14.560582160949707,14.560582160949707,1
78,hand_r,14.556451797485352,14.556451797485352,14.556451797485352,1
72,hand_r,14.54784870147705,14.54784870147705,14.54784870147705,1
9,upperarm_r,14.545470237731934,14.545470237731934,14.545470237731934,1
38,thigh_r,14.520453453063965,14.520453453063965,14.520453453063965,1
73,hand_r,14.506404876708984,14.506404876708984,14.506404876708984,1
18,RUpArmTwist_r_01,14.502460479736328,14.502460479736328,14.502460479736328,1
18,upperarm_r,14.496262550354004,14.496262550354004,14.496262550354004,1
20,RUpArmTwist_r_01,14.495159149169922,14.495159149169922,14.495159149169922,1
80,hand_r,14.491559982299805,14.491559982299805,14.491559982299805,1
2,upperarm_r,14.487883567810059,14.487883567810059,14.487883567810059,1
6,ball_l,14.485045433044434,14.485045433044434,14.485045433044434,1
68,upperarm_l,14.483027458190918,14.483027458190918,14.483027458190918,1
14,upperarm_r,14.467317581176758,14.467317581176758,14.467317581176758,1
79,upperarm_l,14.448324203491211,14.448324203491211,14.448324203491211,1
2,hand_r,14.444684028625488,14.444684028625488,14.444684028625488,1
38,foot_r,14.43763542175293,14.43763542175293,14.43763542175293,1
66,hand_r,14.427200317382812,14.427200317382812,14.427200317382812,1
67,hand_r,14.412331581115723,14.412331581115723,14.412331581115723,1
17,RUpArmTwist_r_01,14.406800270080566,14.406800270080566,14.406800270080566,1
10,upperarm_r,14.401771545410156,14.401771545410156,14.401771545410156,1
42,upperarm_l,14.39153003692627,14.39153003692627,14.39153003692627,1
37,foot_r,14.388408660888672,14.388408660888672,14.388408660888672,1
20,upperarm_r,14.37248706817627,14.37248706817627,14.37248706817627,1
0,calf_l,14.36198902130127,14.36198902130127,14.36198902130127,1
39,foot_r,14.336944580078125,14.336944580078125,14.336944580078125,1
15,RUpArmTwist_r_01,14.309491157531738,14.309491157531738,14.309491157531738,1
7,upperarm_r,14.309120178222656,14.309120178222656,14.309120178222656,1
37,thigh_r,14.307256698608398,14.307256698608398,14.307256698608398,1
84,hand_r,14.293777465820312,14.293777465820312,14.293777465820312,1
66,calf_r,14.292383193969727,14.292383193969727,14.292383193969727,1
67,upperarm_r,14.268269538879395,14.268269538879395,14.268269538879395,1
36,foot_r,14.26223087310791,14.26223087310791,14.26223087310791,1
16,foot_l,14.260153770446777,14.260153770446777,14.260153770446777,1
63,thigh_l,14.260043144226074,14.260043144226074,14.260043144226074,1
3,calf_r,14.237224578857422,14.237224578857422,14.237224578857422,1
16,RUpArmTwist_r_01,14.235547065734863,14.235547065734863,14.235547065734863,1
50,calf_r,14.222250938415527,14.222250938415527,14.222250938415527,1
4,hand_r,14.20068645477295,14.20068645477295,14.20068645477295,1
21,upperarm_l,14.186342239379883,14.186342239379883,14.186342239379883,1
80,upperarm_l,14.173958778381348,14.173958778381348,14.173958778381348,1
65,hand_r,14.17253589630127,14.17253589630127,14.17253589630127,1
43,upperarm_l,14.144937515258789,14.144937515258789,14.144937515258789,1
63,hand_r,14.14058780670166,14.14058780670166,14.14058780670166,1
40,foot_r,14.135274887084961,14.135274887084961,14.135274887084961,1
64,hand_r,14.116535186767578,14.116535186767578,14.116535186767578,1
11,thigh_l,14.108135223388672,14.108135223388672,14.108135223388672,1
30,lowerarm_l,14.095545768737793,14.095545768737793,14.095545768737793,1
83,hand_r,14.085097312927246,14.085097312927246,14.085097312927246,1
2,lowerarm_l,14.060245513916016,14.060245513916016,14.060245513916016,1
46,lowerarm_l,14.056685447692871,14.056685447692871,14.056685447692871,1
53,foot_r,14.047760963439941,14.047760963439941,14.047760963439941,1
22,RUpArmTwist_r_01,14.00073528289795,14.00073528289795,14.00073528289795,1
35,foot_r,13.982868194580078,13.982868194580078,13.982868194580078,1
67,upperarm_l,13.980094909667969,13.980094909667969,13.980094909667969,1
68,RUpArmTwist_r_01,13.965256690979004,13.965256690979004,13.965256690979004,1
53,thigh_r,13.964295387268066,13.964295387268066,13.964295387268066,1
32,lowerarm_l,13.953296661376953,13.953296661376953,13.953296661376953,1
61,hand_r,13.950243949890137,13.950243949890137,13.950243949890137,1
34,lowerarm_l,13.934247970581055,13.934247970581055,13.934247970581055,1
62,hand_r,13.932782173156738,13.932782173156738,13.932782173156738,1
44,upperarm_l,13.928176879882812,13.928176879882812,13.928176879882812,1
66,upperarm_r,13.925024032592773,13.925024032592773,13.925024032592773,1
85,hand_r,13.915485382080078,13.915485382080078,13.915485382080078,1
44,lowerarm_l,13.911225318908691,13.911225318908691,13.911225318908691,1
47,lowerarm_l,13.893147468566895,13.893147468566895,13.893147468566895,1
21,RUpArmTwist_r_01,13.883722305297852,13.883722305297852,13.883722305297852,1
37,lowerarm_l,13.882776260375977,13.882776260375977,13.882776260375977,1
45,lowerarm_l,13.869513511657715,13.869513511657715,13.869513511657715,1
41,foot_r,13.869388580322266,13.869388580322266,13.869388580322266,1
67,RUpArmTwist_r_01,13.863173484802246,13.863173484802246,13.863173484802246,1
33,lowerarm_l,13.854070663452148,13.854070663452148,13.854070663452148,1
81,upperarm_l,13.849568367004395,13.849568367004395,13.849568367004395,1
22,upperarm_r,13.830622673034668,13.830622673034668,13.830622673034668,1
69,RUpArmTwist_r_01,13.825932502746582,13.825932502746582,13.825932502746582,1
31,lowerarm_l,13.818077087402344,13.818077087402344,13.818077087402344,1
70,RUpArmTwist_r_01,13.796710014343262,13.796710014343262,13.796710014343262,1
6,foot_l,13.793838500976562,13.793838500976562,13.793838500976562,1
71,RUpArmTwist_r_01,13.781736373901367,13.781736373901367,13.781736373901367,1
59,upperarm_l,13.747930526733398,13.747930526733398,13.747930526733398,1
42,lowerarm_l,13.74168872833252,13.74168872833252,13.74168872833252,1
43,lowerarm_l,13.737198829650879,13.737198829650879,13.737198829650879,1
36,lowerarm_l,13.729804039001465,13.729804039001465,13.729804039001465,1
35,lowerarm_l,13.727618217468262,13.727618217468262,13.727618217468262,1
66,RUpArmTwist_r_01,13.720595359802246,13.720595359802246,13.720595359802246,1
48,lowerarm_l,13.714513778686523,13.714513778686523,13.714513778686523,1
13,RUpArmTwist_r_01,13.711106300354004,13.711106300354004,13.711106300354004,1
38,lowerarm_l,13.682644844055176,13.682644844055176,13.682644844055176,1
54,thigh_r,13.680079460144043,13.680079460144043,13.680079460144043,1
4,upperarm_r,13.673293113708496,13.673293113708496,13.673293113708496,1
39,lowerarm_l,13.641904830932617,13.641904830932617,13.641904830932617,1
40,lowerarm_l,13.633529663085938,13.633529663085938,13.633529663085938,1
74,lowerarm_l,13.630988121032715,13.630988121032715,13.630988121032715,1
72,RUpArmTwist_r_01,13.622089385986328,13.622089385986328,13.622089385986328,1
0,hand_r,13.620957374572754,13.620957374572754,13.620957374572754,1
58,upperarm_l,13.62055778503418,13.62055778503418,13.62055778503418,1
36,thigh_r,13.606819152832031,13.606819152832031,13.606819152832031,1
41,lowerarm_l,13.606122970581055,13.606122970581055,13.606122970581055,1
21,upperarm_r,13.577775955200195,13.577775955200195,13.577775955200195,1
34,foot_r,13.575250625610352,13.575250625610352,13.575250625610352,1
29,lowerarm_l,13.572571754455566,13.572571754455566,13.572571754455566,1
50,ball_r,13.559798240661621,13.559798240661621,13.559798240661621,1
59,hand_r,13.551725387573242,13.551725387573242,13.551725387573242,1
8,calf_l,13.54687786102295,13.54687786102295,13.54687786102295,1
47,upperarm_l,13.544809341430664,13.544809341430664,13.544809341430664,1
65,RUpArmTwist_r_01,13.54042911529541,13.54042911529541,13.54042911529541,1
65,upperarm_r,13.497858047485352,13.497858047485352,13.497858047485352,1
56,thigh_r,13.484793663024902,13.484793663024902,13.484793663024902,1
51,RUpArmTwist_r_01,13.483659744262695,13.483659744262695,13.483659744262695,1
62,calf_l,13.481717109680176,13.481717109680176,13.481717109680176,1
48,upperarm_l,13.467411994934082,13.467411994934082,13.467411994934082,1
45,upperarm_l,13.46471118927002,13.46471118927002,13.46471118927002,1
14,RUpArmTwist_r_01,13.456981658935547,13.456981658935547,13.456981658935547,1
1,hand_r,13.456905364990234,13.456905364990234,13.456905364990234,1
66,upperarm_l,13.4471435546875,13.4471435546875,13.4471435546875,1
42,foot_r,13.44564151763916,13.44564151763916,13.44564151763916,1
60,hand_r,13.428742408752441,13.428742408752441,13.428742408752441,1
46,upperarm_l,13.422401428222656,13.422401428222656,13.422401428222656,1
23,RUpArmTwist_r_01,13.392509460449219,13.392509460449219,13.392509460449219,1
60,upperarm_l,13.382601737976074,13.382601737976074,13.382601737976074,1
43,calf_l,13.364887237548828,13.364887237548828,13.364887237548828,1
58,hand_r,13.36209774017334,13.36209774017334,13.36209774017334,1
55,thigh_r,13.348787307739258,13.348787307739258,13.348787307739258,1
20,upperarm_l,13.345863342285156,13.345863342285156,13.345863342285156,1
82,upperarm_l,13.329788208007812,13.329788208007812,13.329788208007812,1
62,thigh_l,13.296716690063477,13.296716690063477,13.296716690063477,1
49,RUpArmTwist_r_01,13.290414810180664,13.290414810180664,13.290414810180664,1
49,lowerarm_l,13.261484146118164,13.261484146118164,13.261484146118164,1
74,RUpArmTwist_r_01,13.247114181518555,13.247114181518555,13.247114181518555,1
50,RUpArmTwist_r_01,13.232422828674316,13.232422828674316,13.232422828674316,1
52,RUpArmTwist_r_01,13.22484302520752,13.22484302520752,13.22484302520752,1
28,lowerarm_l,13.216231346130371,13.216231346130371,13.216231346130371,1
49,upperarm_l,13.200906753540039,13.200906753540039,13.200906753540039,1
33,foot_r,13.198210716247559,13.198210716247559,13.198210716247559,1
53,RUpArmTwist_r_01,13.186253547668457,13.186253547668457,13.186253547668457,1
57,upperarm_l,13.178079605102539,13.178079605102539,13.178079605102539,1
65,upperarm_l,13.177745819091797,13.177745819091797,13.177745819091797,1
64,RUpArmTwist_r_01,13.17345142364502,13.17345142364502,13.17345142364502,1
73,RUpArmTwist_r_01,13.173410415649414,13.173410415649414,13.173410415649414,1
56,RUpArmTwist_r_01,13.172930717468262,13.172930717468262,13.172930717468262,1
3,hand_r,13.166963577270508,13.166963577270508,13.166963577270508,1
35,thigh_r,13.163959503173828,13.163959503173828,13.163959503173828,1
55,RUpArmTwist_r_01,13.158844947814941,13.158844947814941,13.158844947814941,1
23,upperarm_r,13.139838218688965,13.139838218688965,13.139838218688965,1
61,upperarm_l,13.104498863220215,13.104498863220215,13.104498863220215,1
57,hand_r,13.029680252075195,13.029680252075195,13.029680252075195,1
57,RUpArmTwist_r_01,13.008392333984375,13.008392333984375,13.008392333984375,1
57,thigh_r,12.992756843566895,12.992756843566895,12.992756843566895,1
63,upperarm_l,12.986217498779297,12.986217498779297,12.986217498779297,1
64,upperarm_l,12.9804105758667,12.9804105758667,12.9804105758667,1
54,RUpArmTwist_r_01,12.977630615234375,12.977630615234375,12.977630615234375,1
64,upperarm_r,12.976630210876465,12.976630210876465,12.976630210876465,1
62,upperarm_l,12.965846061706543,12.965846061706543,12.965846061706543,1
19,upperarm_l,12.9217529296875,12.9217529296875,12.9217529296875,1
63,RUpArmTwist_r_01,12.90621280670166,12.90621280670166,12.90621280670166,1
61,calf_l,12.903940200805664,12.903940200805664,12.903940200805664,1
50,lowerarm_l,12.897712707519531,12.897712707519531,12.897712707519531,1
50,upperarm_l,12.875349998474121,12.875349998474121,12.875349998474121,1
59,RUpArmTwist_r_01,12.854290962219238,12.854290962219238,12.854290962219238,1
62,RUpArmTwist_r_01,12.851064682006836,12.851064682006836,12.851064682006836,1
56,hand_r,12.835428237915039,12.835428237915039,12.835428237915039,1
8,ball_l,12.825319290161133,12.825319290161133,12.825319290161133,1
5,hand_r,12.808145523071289,12.808145523071289,12.808145523071289,1
83,upperarm_l,12.792518615722656,12.792518615722656,12.792518615722656,1
34,thigh_r,12.79159164428711,12.79159164428711,12.79159164428711,1
32,foot_r,12.761735916137695,12.761735916137695,12.761735916137695,1
26,hand_r,12.754298210144043,12.754298210144043,12.754298210144043,1
48,RUpArmTwist_r_01,12.74817943572998,12.74817943572998,12.74817943572998,1
58,RUpArmTwist_r_01,12.720967292785645,12.720967292785645,12.720967292785645,1
12,RUpArmTwist_r_01,12.716211318969727,12.716211318969727,12.716211318969727,1
43,foot_r,12.706058502197266,12.706058502197266,12.706058502197266,1
51,upperarm_l,12.703941345214844,12.703941345214844,12.703941345214844,1
52,foot_r,12.661492347717285,12.661492347717285,12.661492347717285,1
60,RUpArmTwist_r_01,12.655739784240723,12.655739784240723,12.655739784240723,1
5,foot_l,12.642780303955078,12.642780303955078,12.642780303955078,1
12,thigh_l,12.631136894226074,12.631136894226074,12.631136894226074,1
27,lowerarm_l,12.619233131408691,12.619233131408691,12.619233131408691,1
4,foot_l,12.613592147827148,12.613592147827148,12.613592147827148,1
7,hand_r,12.591309547424316,12.591309547424316,12.591309547424316,1
6,hand_r,12.586065292358398,12.586065292358398,12.586065292358398,1
0,foot_l,12.58548641204834,12.58548641204834,12.58548641204834,1
1,foot_l,12.568371772766113,12.568371772766113,12.568371772766113,1
61,RUpArmTwist_r_01,12.567045211791992,12.567045211791992,12.567045211791992,1
11,RUpArmTwist_r_01,12.55868911743164,12.55868911743164,12.55868911743164,1
47,RUpArmTwist_r_01,12.55549430847168,12.55549430847168,12.55549430847168,1
17,foot_l,12.5416898727417,12.5416898727417,12.5416898727417,1
2,foot_l,12.538833618164062,12.538833618164062,12.538833618164062,1
3,foot_l,12.530396461486816,12.530396461486816,12.530396461486816,1
84,upperarm_l,12.522863388061523,12.522863388061523,12.522863388061523,1
55,hand_r,12.517358779907227,12.517358779907227,12.517358779907227,1
51,lowerarm_l,12.505048751831055,12.505048751831055,12.505048751831055,1
56,upperarm_l,12.494600296020508,12.494600296020508,12.494600296020508,1
18,upperarm_l,12.458099365234375,12.458099365234375,12.458099365234375,1
61,thigh_l,12.431632995605469,12.431632995605469,12.431632995605469,1
63,upperarm_r,12.420610427856445,12.420610427856445,12.420610427856445,1
58,thigh_r,12.395458221435547,12.395458221435547,12.395458221435547,1
24,RUpArmTwist_r_01,12.392128944396973,12.392128944396973,12.392128944396973,1
5,ball_l,12.38078498840332,12.38078498840332,12.38078498840332,1
54,hand_r,12.375606536865234,12.375606536865234,12.375606536865234,1
10,hand_r,12.34384536743164,12.34384536743164,12.34384536743164,1
46,RUpArmTwist_r_01,12.339747428894043,12.339747428894043,12.339747428894043,1
31,foot_r,12.329071044921875,12.329071044921875,12.329071044921875,1
26,calf_l,12.3129301071167,12.3129301071167,12.3129301071167,1
24,hand_r,12.31134033203125,12.31134033203125,12.31134033203125,1
33,thigh_r,12.302248001098633,12.302248001098633,12.302248001098633,1
73,lowerarm_l,12.2979097366333,12.2979097366333,12.2979097366333,1
75,RUpArmTwist_r_01,12.297309875488281,12.297309875488281,12.297309875488281,1
11,hand_r,12.292699813842773,12.292699813842773,12.292699813842773,1
53,hand_r,12.279596328735352,12.279596328735352,12.279596328735352,1
9,hand_r,12.267704010009766,12.267704010009766,12.267704010009766,1
39,RUpArmTwist_r_01,12.257493019104004,12.257493019104004,12.257493019104004,1
25,RUpArmTwist_r_01,12.234259605407715,12.234259605407715,12.234259605407715,1
52,hand_r,12.208451271057129,12.208451271057129,12.208451271057129,1
76,RUpArmTwist_r_01,12.202193260192871,12.202193260192871,12.202193260192871,1
45,RUpArmTwist_r_01,12.194143295288086,12.194143295288086,12.194143295288086,1
52,upperarm_l,12.172362327575684,12.172362327575684,12.172362327575684,1
60,calf_l,12.157919883728027,12.157919883728027,12.157919883728027,1
85,upperarm_l,12.151280403137207,12.151280403137207,12.151280403137207,1
8,hand_r,12.14746379852295,12.14746379852295,12.14746379852295,1
55,upperarm_l,12.14697265625,12.14697265625,12.14697265625,1
62,upperarm_r,12.141621589660645,12.141621589660645,12.141621589660645,1
44,RUpArmTwist_r_01,12.138845443725586,12.138845443725586,12.138845443725586,1
3,lowerarm_l,12.137621879577637,12.137621879577637,12.137621879577637,1
25,hand_r,12.127047538757324,12.127047538757324,12.127047538757324,1
59,thigh_r,12.124432563781738,12.124432563781738,12.124432563781738,1
52,lowerarm_l,12.116621017456055,12.116621017456055,12.116621017456055,1
26,lowerarm_l,12.101859092712402,12.101859092712402,12.101859092712402,1
10,RUpArmTwist_r_01,12.082679748535156,12.082679748535156,12.082679748535156,1
51,hand_r,12.073954582214355,12.073954582214355,12.073954582214355,1
12,hand_r,12.069559097290039,12.069559097290039,12.069559097290039,1
28,hand_r,12.021015167236328,12.021015167236328,12.021015167236328,1
30,hand_r,12.014270782470703,12.014270782470703,12.014270782470703,1
30,foot_r,12.01210880279541,12.01210880279541,12.01210880279541,1
50,hand_r,12.0032377243042,12.0032377243042,12.0032377243042,1
43,RUpArmTwist_r_01,11.982967376708984,11.982967376708984,11.982967376708984,1
17,upperarm_l,11.96806812286377,11.96806812286377,11.96806812286377,1
4,calf_r,11.960417747497559,11.960417747497559,11.960417747497559,1
42,RUpArmTwist_r_01,11.947409629821777,11.947409629821777,11.947409629821777,1
54,foot_r,11.943623542785645,11.943623542785645,11.943623542785645,1
24,upperarm_r,11.916465759277344,11.916465759277344,11.916465759277344,1
37,thigh_l,11.854729652404785,11.854729652404785,11.854729652404785,1
77,RUpArmTwist_r_01,11.848434448242188,11.848434448242188,11.848434448242188,1
38,RUpArmTwist_r_01,11.8059720993042,11.8059720993042,11.8059720993042,1
54,upperarm_l,11.8009614944458,11.8009614944458,11.8009614944458,1
27,RUpArmTwist_r_01,11.797273635864258,11.797273635864258,11.797273635864258,1
49,hand_r,11.796698570251465,11.796698570251465,11.796698570251465,1
37,RUpArmTwist_r_01,11.794700622558594,11.794700622558594,11.794700622558594,1
53,upperarm_l,11.789931297302246,11.789931297302246,11.789931297302246,1
26,RUpArmTwist_r_01,11.776124000549316,11.776124000549316,11.776124000549316,1
29,hand_r,11.775237083435059,11.775237083435059,11.775237083435059,1
28,RUpArmTwist_r_01,11.757598876953125,11.757598876953125,11.757598876953125,1
53,lowerarm_l,11.751984596252441,11.751984596252441,11.751984596252441,1
40,RUpArmTwist_r_01,11.750467300415039,11.750467300415039,11.750467300415039,1
48,hand_r,11.746617317199707,11.746617317199707,11.746617317199707,1
34,RUpArmTwist_r_01,11.740655899047852,11.740655899047852,11.740655899047852,1
4,ball_l,11.727110862731934,11.727110862731934,11.727110862731934,1
37,foot_l,11.723936080932617,11.723936080932617,11.723936080932617,1
25,upperarm_r,11.72297191619873,11.72297191619873,11.72297191619873,1
32,thigh_r,11.72038459777832,11.72038459777832,11.72038459777832,1
30,RUpArmTwist_r_01,11.711100578308105,11.711100578308105,11.711100578308105,1
16,upperarm_l,11.656460762023926,11.656460762023926,11.656460762023926,1
29,RUpArmTwist_r_01,11.651864051818848,11.651864051818848,11.651864051818848,1
25,lowerarm_l,11.642104148864746,11.642104148864746,11.642104148864746,1
35,RUpArmTwist_r_01,11.634766578674316,11.634766578674316,11.634766578674316,1
29,foot_r,11.611761093139648,11.611761093139648,11.611761093139648,1
27,hand_r,11.605379104614258,11.605379104614258,11.605379104614258,1
32,RUpArmTwist_r_01,11.604759216308594,11.604759216308594,11.604759216308594,1
36,RUpArmTwist_r_01,11.595008850097656,11.595008850097656,11.595008850097656,1
44,foot_r,11.591499328613281,11.591499328613281,11.591499328613281,1
41,RUpArmTwist_r_01,11.563977241516113,11.563977241516113,11.563977241516113,1
14,hand_r,11.538801193237305,11.538801193237305,11.538801193237305,1
47,hand_r,11.529309272766113,11.529309272766113,11.529309272766113,1
54,lowerarm_l,11.520364761352539,11.520364761352539,11.520364761352539,1
31,RUpArmTwist_r_01,11.508633613586426,11.508633613586426,11.508633613586426,1
1,calf_l,11.501015663146973,11.501015663146973,11.501015663146973,1
9,RUpArmTwist_r_01,11.490501403808594,11.490501403808594,11.490501403808594,1
45,ball_r,11.474191665649414,11.474191665649414,11.474191665649414,1
60,thigh_l,11.469254493713379,11.469254493713379,11.469254493713379,1
61,upperarm_r,11.45993709564209,11.45993709564209,11.45993709564209,1
33,RUpArmTwist_r_01,11.43871784210205,11.43871784210205,11.43871784210205,1
60,thigh_r,11.432345390319824,11.432345390319824,11.432345390319824,1
78,RUpArmTwist_r_01,11.401058197021484,11.401058197021484,11.401058197021484,1
36,foot_l,11.398093223571777,11.398093223571777,11.398093223571777,1
34,hand_r,11.374975204467773,11.374975204467773,11.374975204467773,1
18,foot_l,11.363703727722168,11.363703727722168,11.363703727722168,1
41,hand_r,11.345595359802246,11.345595359802246,11.345595359802246,1
59,calf_l,11.342294692993164,11.342294692993164,11.342294692993164,1
36,thigh_l,11.331644058227539,11.331644058227539,11.331644058227539,1
38,thigh_l,11.299185752868652,11.299185752868652,11.299185752868652,1
28,foot_r,11.272575378417969,11.272575378417969,11.272575378417969,1
15,upperarm_l,11.266101837158203,11.266101837158203,11.266101837158203,1
45,hand_r,11.264204025268555,11.264204025268555,11.264204025268555,1
46,hand_r,11.258504867553711,11.258504867553711,11.258504867553711,1
21,hand_r,11.235125541687012,11.235125541687012,11.235125541687012,1
24,lowerarm_l,11.224958419799805,11.224958419799805,11.224958419799805,1
40,hand_r,11.212209701538086,11.212209701538086,11.212209701538086,1
43,hand_r,11.193475723266602,11.193475723266602,11.193475723266602,1
8,RUpArmTwist_r_01,11.189159393310547,11.189159393310547,11.189159393310547,1
42,hand_r,11.187466621398926,11.187466621398926,11.187466621398926,1
3,thigh_r,11.171961784362793,11.171961784362793,11.171961784362793,1
85,foot_l,11.168787002563477,11.168787002563477,11.168787002563477,1
44,hand_r,11.162489891052246,11.162489891052246,11.162489891052246,1
18,hand_r,11.147292137145996,11.147292137145996,11.147292137145996,1
32,hand_r,11.116559982299805,11.116559982299805,11.116559982299805,1
60,upperarm_r,11.107711791992188,11.107711791992188,11.107711791992188,1
38,hand_r,11.089029312133789,11.089029312133789,11.089029312133789,1
26,upperarm_r,11.070611953735352,11.070611953735352,11.070611953735352,1
2,thigh_r,11.017741203308105,11.017741203308105,11.017741203308105,1
31,thigh_r,11.017609596252441,11.017609596252441,11.017609596252441,1
13,thigh_l,11.017022132873535,11.017022132873535,11.017022132873535,1
55,lowerarm_l,11.001556396484375,11.001556396484375,11.001556396484375,1
61,thigh_r,10.981395721435547,10.981395721435547,10.981395721435547,1
27,upperarm_r,10.980489730834961,10.980489730834961,10.980489730834961,1
23,hand_r,10.977643966674805,10.977643966674805,10.977643966674805,1
79,RUpArmTwist_r_01,10.962187767028809,10.962187767028809,10.962187767028809,1
72,lowerarm_l,10.961515426635742,10.961515426635742,10.961515426635742,1
27,foot_r,10.95651912689209,10.95651912689209,10.95651912689209,1
4,thigh_r,10.952757835388184,10.952757835388184,10.952757835388184,1
59,thigh_l,10.952471733093262,10.952471733093262,10.952471733093262,1
23,lowerarm_l,10.935158729553223,10.935158729553223,10.935158729553223,1
37,hand_r,10.91386890411377,10.91386890411377,10.91386890411377,1
22,lowerarm_l,10.908771514892578,10.908771514892578,10.908771514892578,1
36,hand_r,10.904533386230469,10.904533386230469,10.904533386230469,1
14,upperarm_l,10.890677452087402,10.890677452087402,10.890677452087402,1
39,hand_r,10.876774787902832,10.876774787902832,10.876774787902832,1
72,calf_r,10.8659086227417,10.8659086227417,10.8659086227417,1
31,hand_r,10.855467796325684,10.855467796325684,10.855467796325684,1
56,lowerarm_l,10.847887992858887,10.847887992858887,10.847887992858887,1
1,thigh_r,10.81951904296875,10.81951904296875,10.81951904296875,1
12,RUpArmTwist_l_01,10.80439567565918,10.80439567565918,10.80439567565918,1
35,thigh_l,10.796989440917969,10.796989440917969,10.796989440917969,1
17,hand_r,10.796030044555664,10.796030044555664,10.796030044555664,1
13,RUpArmTwist_l_01,10.784574508666992,10.784574508666992,10.784574508666992,1
67,calf_r,10.755786895751953,10.755786895751953,10.755786895751953,1
14,RUpArmTwist_l_01,10.753342628479004,10.753342628479004,10.753342628479004,1
20,hand_r,10.711769104003906,10.711769104003906,10.711769104003906,1
7,RUpArmTwist_r_01,10.700678825378418,10.700678825378418,10.700678825378418,1
6,RUpArmTwist_r_01,10.699307441711426,10.699307441711426,10.699307441711426,1
46,thigh_l,10.684483528137207,10.684483528137207,10.684483528137207,1
28,upperarm_r,10.657376289367676,10.657376289367676,10.657376289367676,1
15,hand_r,10.654949188232422,10.654949188232422,10.654949188232422,1
26,foot_r,10.636003494262695,10.636003494262695,10.636003494262695,1
59,upperarm_r,10.63334846496582,10.63334846496582,10.63334846496582,1
62,thigh_r,10.60802173614502,10.60802173614502,10.60802173614502,1
5,thigh_r,10.605237007141113,10.605237007141113,10.605237007141113,1
16,hand_r,10.603410720825195,10.603410720825195,10.603410720825195,1
35,hand_r,10.587204933166504,10.587204933166504,10.587204933166504,1
33,hand_r,10.57192611694336,10.57192611694336,10.57192611694336,1
19,hand_r,10.548630714416504,10.548630714416504,10.548630714416504,1
21,lowerarm_l,10.540746688842773,10.540746688842773,10.540746688842773,1
22,hand_r,10.531551361083984,10.531551361083984,10.531551361083984,1
80,RUpArmTwist_r_01,10.52086067199707,10.52086067199707,10.52086067199707,1
38,foot_l,10.509689331054688,10.509689331054688,10.509689331054688,1
44,calf_l,10.509331703186035,10.509331703186035,10.509331703186035,1
4,lowerarm_l,10.486199378967285,10.486199378967285,10.486199378967285,1
33,calf_r,10.45852279663086,10.45852279663086,10.45852279663086,1
45,thigh_l,10.458386421203613,10.458386421203613,10.458386421203613,1
32,calf_r,10.447575569152832,10.447575569152832,10.447575569152832,1
15,RUpArmTwist_l_01,10.441423416137695,10.441423416137695,10.441423416137695,1
34,calf_r,10.433516502380371,10.433516502380371,10.433516502380371,1
13,hand_r,10.427160263061523,10.427160263061523,10.427160263061523,1
30,thigh_r,10.412569999694824,10.412569999694824,10.412569999694824,1
84,foot_l,10.384743690490723,10.384743690490723,10.384743690490723,1
63,thigh_r,10.361268043518066,10.361268043518066,10.361268043518066,1
23,RUpArmTwist_l_01,10.354578018188477,10.354578018188477,10.354578018188477,1
20,lowerarm_l,10.341634750366211,10.341634750366211,10.341634750366211,1
9,ball_l,10.340082168579102,10.340082168579102,10.340082168579102,1
31,calf_r,10.310803413391113,10.310803413391113,10.310803413391113,1
25,foot_r,10.308930397033691,10.308930397033691,10.308930397033691,1
0,upperarm_l,10.303597450256348,10.303597450256348,10.303597450256348,1
35,calf_r,10.297821044921875,10.297821044921875,10.297821044921875,1
44,thigh_l,10.284614562988281,10.284614562988281,10.284614562988281,1
58,calf_l,10.282061576843262,10.282061576843262,10.282061576843262,1
39,thigh_l,10.279081344604492,10.279081344604492,10.279081344604492,1
5,RUpArmTwist_r_01,10.278825759887695,10.278825759887695,10.278825759887695,1
13,upperarm_l,10.27430248260498,10.27430248260498,10.27430248260498,1
47,thigh_l,10.256367683410645,10.256367683410645,10.256367683410645,1
58,upperarm_r,10.240428924560547,10.240428924560547,10.240428924560547,1
24,RUpArmTwist_l_01,10.232889175415039,10.232889175415039,10.232889175415039,1
22,RUpArmTwist_l_01,10.206668853759766,10.206668853759766,10.206668853759766,1
30,calf_l,10.206001281738281,10.206001281738281,10.206001281738281,1
64,thigh_r,10.197571754455566,10.197571754455566,10.197571754455566,1
16,RUpArmTwist_l_01,10.188417434692383,10.188417434692383,10.188417434692383,1
29,upperarm_r,10.187600135803223,10.187600135803223,10.187600135803223,1
19,foot_l,10.18749713897705,10.18749713897705,10.18749713897705,1
49,calf_r,10.186153411865234,10.186153411865234,10.186153411865234,1
83,foot_l,10.150191307067871,10.150191307067871,10.150191307067871,1
30,calf_r,10.13239574432373,10.13239574432373,10.13239574432373,1
35,foot_l,10.126313209533691,10.126313209533691,10.126313209533691,1
36,calf_r,10.122254371643066,10.122254371643066,10.122254371643066,1
3,lowerarm_r,10.121153831481934,10.121153831481934,10.121153831481934,1
51,foot_r,10.110401153564453,10.110401153564453,10.110401153564453,1
0,thigh_r,10.08856201171875,10.08856201171875,10.08856201171875,1
11,RUpArmTwist_l_01,10.072287559509277,10.072287559509277,10.072287559509277,1
65,thigh_r,10.068766593933105,10.068766593933105,10.068766593933105,1
2,lowerarm_r,10.065678596496582,10.065678596496582,10.065678596496582,1
57,upperarm_r,10.053183555603027,10.053183555603027,10.053183555603027,1
24,foot_r,10.020442962646484,10.020442962646484,10.020442962646484,1
57,lowerarm_l,10.017144203186035,10.017144203186035,10.017144203186035,1
30,upperarm_r,9.988106727600098,9.988106727600098,9.988106727600098,1
45,foot_r,9.978001594543457,9.978001594543457,9.978001594543457,1
43,thigh_l,9.966464042663574,9.966464042663574,9.966464042663574,1
81,RUpArmTwist_r_01,9.958513259887695,9.958513259887695,9.958513259887695,1
21,RUpArmTwist_l_01,9.949414253234863,9.949414253234863,9.949414253234863,1
4,lowerarm_r,9.948592185974121,9.948592185974121,9.948592185974121,1
66,thigh_r,9.937333106994629,9.937333106994629,9.937333106994629,1
34,thigh_l,9.936753273010254,9.936753273010254,9.936753273010254,1
39,upperarm_r,9.933463096618652,9.933463096618652,9.933463096618652,1
3,ball_l,9.927090644836426,9.927090644836426,9.927090644836426,1
37,calf_r,9.902703285217285,9.902703285217285,9.902703285217285,1
25,RUpArmTwist_l_01,9.900165557861328,9.900165557861328,9.900165557861328,1
19,lowerarm_l,9.872516632080078,9.872516632080078,9.872516632080078,1
58,RUpArmTwist_l_01,9.867690086364746,9.867690086364746,9.867690086364746,1
17,RUpArmTwist_l_01,9.82219409942627,9.82219409942627,9.82219409942627,1
14,thigh_l,9.818116188049316,9.818116188049316,9.818116188049316,1
48,thigh_l,9.814630508422852,9.814630508422852,9.814630508422852,1
23,foot_r,9.81454849243164,9.81454849243164,9.81454849243164,1
59,RUpArmTwist_l_01,9.802006721496582,9.802006721496582,9.802006721496582,1
5,calf_r,9.79843521118164,9.79843521118164,9.79843521118164,1
29,calf_r,9.765433311462402,9.765433311462402,9.765433311462402,1
5,lowerarm_r,9.764107704162598,9.764107704162598,9.764107704162598,1
56,upperarm_r,9.740042686462402,9.740042686462402,9.740042686462402,1
42,thigh_l,9.717988014221191,9.717988014221191,9.717988014221191,1
67,thigh_r,9.702254295349121,9.702254295349121,9.702254295349121,1
1,lowerarm_r,9.66464614868164,9.66464614868164,9.66464614868164,1
12,upperarm_l,9.658596992492676,9.658596992492676,9.658596992492676,1
18,RUpArmTwist_l_01,9.635258674621582,9.635258674621582,9.635258674621582,1
55,upperarm_r,9.593284606933594,9.593284606933594,9.593284606933594,1
57,RUpArmTwist_l_01,9.59315013885498,9.59315013885498,9.59315013885498,1
71,lowerarm_l,9.584454536437988,9.584454536437988,9.584454536437988,1
22,foot_r,9.584099769592285,9.584099769592285,9.584099769592285,1
6,lowerarm_r,9.563361167907715,9.563361167907715,9.563361167907715,1
19,RUpArmTwist_l_01,9.561205863952637,9.561205863952637,9.561205863952637,1
82,foot_l,9.553257942199707,9.553257942199707,9.553257942199707,1
3,RUpArmTwist_r_01,9.5506591796875,9.5506591796875,9.5506591796875,1
82,RUpArmTwist_r_01,9.54856014251709,9.54856014251709,9.54856014251709,1
2,foot_r,9.543717384338379,9.543717384338379,9.543717384338379,1
20,RUpArmTwist_l_01,9.52834415435791,9.52834415435791,9.52834415435791,1
29,thigh_r,9.526290893554688,9.526290893554688,9.526290893554688,1
40,thigh_l,9.519286155700684,9.519286155700684,9.519286155700684,1
26,RUpArmTwist_l_01,9.516162872314453,9.516162872314453,9.516162872314453,1
6,thigh_r,9.512577056884766,9.512577056884766,9.512577056884766,1
28,calf_r,9.495814323425293,9.495814323425293,9.495814323425293,1
58,thigh_l,9.462972640991211,9.462972640991211,9.462972640991211,1
38,calf_r,9.42494010925293,9.42494010925293,9.42494010925293,1
0,lowerarm_r,9.393630027770996,9.393630027770996,9.393630027770996,1
2,calf_l,9.385375022888184,9.385375022888184,9.385375022888184,1
60,RUpArmTwist_l_01,9.341650009155273,9.341650009155273,9.341650009155273,1
0,RUpArmTwist_r_01,9.334502220153809,9.334502220153809,9.334502220153809,1
32,upperarm_r,9.332806587219238,9.332806587219238,9.332806587219238,1
21,foot_r,9.33111572265625,9.33111572265625,9.33111572265625,1
68,thigh_r,9.322890281677246,9.322890281677246,9.322890281677246,1
18,lowerarm_l,9.320799827575684,9.320799827575684,9.320799827575684,1
34,upperarm_r,9.298904418945312,9.298904418945312,9.298904418945312,1
35,upperarm_r,9.263199806213379,9.263199806213379,9.263199806213379,1
37,upperarm_r,9.24870491027832,9.24870491027832,9.24870491027832,1
83,RUpArmTwist_r_01,9.232612609863281,9.232612609863281,9.232612609863281,1
31,upperarm_r,9.21218490600586,9.21218490600586,9.21218490600586,1
38,upperarm_r,9.207990646362305,9.207990646362305,9.207990646362305,1
1,RUpArmTwist_r_01,9.205141067504883,9.205141067504883,9.205141067504883,1
41,thigh_l,9.198960304260254,9.198960304260254,9.198960304260254,1
27,calf_r,9.175352096557617,9.175352096557617,9.175352096557617,1
81,foot_l,9.154945373535156,9.154945373535156,9.154945373535156,1
10,RUpArmTwist_l_01,9.151501655578613,9.151501655578613,9.151501655578613,1
36,upperarm_r,9.14365291595459,9.14365291595459,9.14365291595459,1
1,foot_r,9.12052059173584,9.12052059173584,9.12052059173584,1
56,RUpArmTwist_l_01,9.11885929107666,9.11885929107666,9.11885929107666,1
20,foot_l,9.105511665344238,9.105511665344238,9.105511665344238,1
3,foot_r,9.067933082580566,9.067933082580566,9.067933082580566,1
4,RUpArmTwist_r_01,9.059167861938477,9.059167861938477,9.059167861938477,1
42,upperarm_r,9.05656909942627,9.05656909942627,9.05656909942627,1
55,RUpArmTwist_l_01,9.04068660736084,9.04068660736084,9.04068660736084,1
85,thigh_r,9.039968490600586,9.039968490600586,9.039968490600586,1
57,calf_l,9.030125617980957,9.030125617980957,9.030125617980957,1
15,thigh_l,9.01679515838623,9.01679515838623,9.01679515838623,1
40,upperarm_r,9.014180183410645,9.014180183410645,9.014180183410645,1
7,lowerarm_r,9.000809669494629,9.000809669494629,9.000809669494629,1
1,upperarm_l,8.978581428527832,8.978581428527832,8.978581428527832,1
28,thigh_r,8.958675384521484,8.958675384521484,8.958675384521484,1
20,foot_r,8.94267463684082,8.94267463684082,8.94267463684082,1
84,RUpArmTwist_r_01,8.941203117370605,8.941203117370605,8.941203117370605,1
84,lowerarm_r,8.913498878479004,8.913498878479004,8.913498878479004,1
85,lowerarm_r,8.90981674194336,8.90981674194336,8.90981674194336,1
39,calf_r,8.892511367797852,8.892511367797852,8.892511367797852,1
26,calf_r,8.887758255004883,8.887758255004883,8.887758255004883,1
83,lowerarm_r,8.88478946685791,8.88478946685791,8.88478946685791,1
51,ball_r,8.864818572998047,8.864818572998047,8.864818572998047,1
27,RUpArmTwist_l_01,8.856974601745605,8.856974601745605,8.856974601745605,1
49,thigh_l,8.854548454284668,8.854548454284668,8.854548454284668,1
69,thigh_r,8.835171699523926,8.835171699523926,8.835171699523926,1
85,RUpArmTwist_r_01,8.829967498779297,8.829967498779297,8.829967498779297,1
43,upperarm_r,8.829279899597168,8.829279899597168,8.829279899597168,1
54,upperarm_r,8.826884269714355,8.826884269714355,8.826884269714355,1
34,foot_l,8.82460880279541,8.82460880279541,8.82460880279541,1
33,upperarm_r,8.810007095336914,8.810007095336914,8.810007095336914,1
61,RUpArmTwist_l_01,8.795096397399902,8.795096397399902,8.795096397399902,1
58,lowerarm_l,8.7821626663208,8.7821626663208,8.7821626663208,1
2,RUpArmTwist_r_01,8.781942367553711,8.781942367553711,8.781942367553711,1
82,lowerarm_r,8.775136947631836,8.775136947631836,8.775136947631836,1
55,foot_r,8.738152503967285,8.738152503967285,8.738152503967285,1
5,lowerarm_l,8.73449420928955,8.73449420928955,8.73449420928955,1
53,upperarm_r,8.71275806427002,8.71275806427002,8.71275806427002,1
55,thumb_01_r,8.697415351867676,8.697415351867676,8.697415351867676,1
57,thumb_01_r,8.69686222076416,8.69686222076416,8.69686222076416,1
53,thumb_01_r,8.696279525756836,8.696279525756836,8.696279525756836,1
56,thumb_01_r,8.693913459777832,8.693913459777832,8.693913459777832,1
54,thumb_01_r,8.690643310546875,8.690643310546875,8.690643310546875,1
58,thumb_01_r,8.689881324768066,8.689881324768066,8.689881324768066,1
59,thumb_01_r,8.687996864318848,8.687996864318848,8.687996864318848,1
8,lowerarm_r,8.682860374450684,8.682860374450684,8.682860374450684,1
52,thumb_01_r,8.676466941833496,8.676466941833496,8.676466941833496,1
60,thumb_01_r,8.67469596862793,8.67469596862793,8.67469596862793,1
61,thumb_01_r,8.670963287353516,8.670963287353516,8.670963287353516,1
41,upperarm_r,8.658446311950684,8.658446311950684,8.658446311950684,1
62,thumb_01_r,8.641639709472656,8.641639709472656,8.641639709472656,1
44,upperarm_r,8.633259773254395,8.633259773254395,8.633259773254395,1
6,calf_r,8.630203247070312,8.630203247070312,8.630203247070312,1
63,thumb_01_r,8.627375602722168,8.627375602722168,8.627375602722168,1
81,lowerarm_r,8.613754272460938,8.613754272460938,8.613754272460938,1
51,thumb_01_r,8.612517356872559,8.612517356872559,8.612517356872559,1
64,thumb_01_r,8.610742568969727,8.610742568969727,8.610742568969727,1
19,foot_r,8.608759880065918,8.608759880065918,8.608759880065918,1
23,spine_01,8.606620788574219,8.606620788574219,8.606620788574219,1
22,spine_01,8.599270820617676,8.599270820617676,8.599270820617676,1
65,thumb_01_r,8.589522361755371,8.589522361755371,8.589522361755371,1
21,spine_01,8.586585998535156,8.586585998535156,8.586585998535156,1
84,thigh_r,8.582225799560547,8.582225799560547,8.582225799560547,1
25,calf_r,8.580192565917969,8.580192565917969,8.580192565917969,1
17,lowerarm_l,8.57868480682373,8.57868480682373,8.57868480682373,1
66,thumb_01_r,8.574151992797852,8.574151992797852,8.574151992797852,1
7,thigh_r,8.564034461975098,8.564034461975098,8.564034461975098,1
24,spine_01,8.563254356384277,8.563254356384277,8.563254356384277,1
54,RUpArmTwist_l_01,8.561959266662598,8.561959266662598,8.561959266662598,1
67,thumb_01_r,8.552308082580566,8.552308082580566,8.552308082580566,1
80,foot_l,8.544938087463379,8.544938087463379,8.544938087463379,1
57,thigh_l,8.539863586425781,8.539863586425781,8.539863586425781,1
7,calf_l,8.534622192382812,8.534622192382812,8.534622192382812,1
50,thumb_01_r,8.531723976135254,8.531723976135254,8.531723976135254,1
68,thumb_01_r,8.52804183959961,8.52804183959961,8.52804183959961,1
19,spine_01,8.521734237670898,8.521734237670898,8.521734237670898,1
33,thigh_l,8.515061378479004,8.515061378479004,8.515061378479004,1
69,thumb_01_r,8.50278377532959,8.50278377532959,8.50278377532959,1
20,spine_01,8.490339279174805,8.490339279174805,8.490339279174805,1
25,spine_01,8.477063179016113,8.477063179016113,8.477063179016113,1
70,thumb_01_r,8.476550102233887,8.476550102233887,8.476550102233887,1
11,upperarm_l,8.465520858764648,8.465520858764648,8.465520858764648,1
51,upperarm_r,8.46448040008545,8.46448040008545,8.46448040008545,1
2,ball_l,8.463479042053223,8.463479042053223,8.463479042053223,1
44,ball_r,8.450345993041992,8.450345993041992,8.450345993041992,1
52,upperarm_r,8.442794799804688,8.442794799804688,8.442794799804688,1
71,thumb_01_r,8.440669059753418,8.440669059753418,8.440669059753418,1
68,lowerarm_r,8.438069343566895,8.438069343566895,8.438069343566895,1
18,spine_01,8.433116912841797,8.433116912841797,8.433116912841797,1
69,lowerarm_r,8.411569595336914,8.411569595336914,8.411569595336914,1
80,lowerarm_r,8.411117553710938,8.411117553710938,8.411117553710938,1
72,thumb_01_r,8.40687084197998,8.40687084197998,8.40687084197998,1
49,thumb_01_r,8.404031753540039,8.404031753540039,8.404031753540039,1
28,RUpArmTwist_l_01,8.402530670166016,8.402530670166016,8.402530670166016,1
24,calf_r,8.386700630187988,8.386700630187988,8.386700630187988,1
27,thigh_r,8.37534236907959,8.37534236907959,8.37534236907959,1
45,upperarm_r,8.372509002685547,8.372509002685547,8.372509002685547,1
73,thumb_01_r,8.370706558227539,8.370706558227539,8.370706558227539,1
40,calf_r,8.369083404541016,8.369083404541016,8.369083404541016,1
16,thigh_l,8.356925010681152,8.356925010681152,8.356925010681152,1
26,spine_01,8.351706504821777,8.351706504821777,8.351706504821777,1
74,thumb_01_r,8.335304260253906,8.335304260253906,8.335304260253906,1
67,lowerarm_r,8.314958572387695,8.314958572387695,8.314958572387695,1
49,upperarm_r,8.314106941223145,8.314106941223145,8.314106941223145,1
17,spine_01,8.288044929504395,8.288044929504395,8.288044929504395,1
18,foot_r,8.285354614257812,8.285354614257812,8.285354614257812,1
75,thumb_01_r,8.27477741241455,8.27477741241455,8.27477741241455,1
9,RUpArmTwist_l_01,8.270505905151367,8.270505905151367,8.270505905151367,1
62,RUpArmTwist_l_01,8.267206192016602,8.267206192016602,8.267206192016602,1
46,foot_r,8.257101058959961,8.257101058959961,8.257101058959961,1
70,lowerarm_r,8.253266334533691,8.253266334533691,8.253266334533691,1
0,foot_r,8.246670722961426,8.246670722961426,8.246670722961426,1
70,lowerarm_l,8.243528366088867,8.243528366088867,8.243528366088867,1
48,thumb_01_r,8.243191719055176,8.243191719055176,8.243191719055176,1
76,thumb_01_r,8.23759651184082,8.23759651184082,8.23759651184082,1
70,thigh_r,8.225025177001953,8.225025177001953,8.225025177001953,1
83,thigh_r,8.219883918762207,8.219883918762207,8.219883918762207,1
9,lowerarm_r,8.192678451538086,8.192678451538086,8.192678451538086,1
23,thigh_l,8.190569877624512,8.190569877624512,8.190569877624512,1
34,lowerarm_r,8.188940048217773,8.188940048217773,8.188940048217773,1
27,spine_01,8.187108039855957,8.187108039855957,8.187108039855957,1
79,lowerarm_r,8.184575080871582,8.184575080871582,8.184575080871582,1
33,lowerarm_r,8.184032440185547,8.184032440185547,8.184032440185547,1
35,lowerarm_r,8.180954933166504,8.180954933166504,8.180954933166504,1
38,ring_01_l,8.179332733154297,8.179332733154297,8.179332733154297,1
77,thumb_01_r,8.179304122924805,8.179304122924805,8.179304122924805,1
31,ring_01_l,8.172821998596191,8.172821998596191,8.172821998596191,1
45,calf_l,8.170012474060059,8.170012474060059,8.170012474060059,1
53,RUpArmTwist_l_01,8.160530090332031,8.160530090332031,8.160530090332031,1
78,thumb_01_r,8.154333114624023,8.154333114624023,8.154333114624023,1
36,ring_01_l,8.153605461120605,8.153605461120605,8.153605461120605,1
29,ring_01_l,8.15006160736084,8.15006160736084,8.15006160736084,1
21,foot_l,8.1483154296875,8.1483154296875,8.1483154296875,1
35,ring_01_l,8.145772933959961,8.145772933959961,8.145772933959961,1
39,ring_01_l,8.144936561584473,8.144936561584473,8.144936561584473,1
45,foot_l,8.140467643737793,8.140467643737793,8.140467643737793,1
56,calf_l,8.126219749450684,8.126219749450684,8.126219749450684,1
27,ring_01_l,8.119305610656738,8.119305610656738,8.119305610656738,1
46,upperarm_r,8.117937088012695,8.117937088012695,8.117937088012695,1
16,spine_01,8.117300987243652,8.117300987243652,8.117300987243652,1
24,thigh_l,8.110250473022461,8.110250473022461,8.110250473022461,1
32,ring_01_l,8.109177589416504,8.109177589416504,8.109177589416504,1
28,ring_01_l,8.107129096984863,8.107129096984863,8.107129096984863,1
79,thumb_01_r,8.102367401123047,8.102367401123047,8.102367401123047,1
15,spine_01,8.10137939453125,8.10137939453125,8.10137939453125,1
33,ring_01_l,8.100686073303223,8.100686073303223,8.100686073303223,1
37,ring_01_l,8.092950820922852,8.092950820922852,8.092950820922852,1
47,upperarm_r,8.092426300048828,8.092426300048828,8.092426300048828,1
23,calf_r,8.091609001159668,8.091609001159668,8.091609001159668,1
34,ring_01_l,8.091419219970703,8.091419219970703,8.091419219970703,1
66,lowerarm_r,8.082452774047852,8.082452774047852,8.082452774047852,1
71,lowerarm_r,8.082267761230469,8.082267761230469,8.082267761230469,1
36,lowerarm_r,8.073781967163086,8.073781967163086,8.073781967163086,1
80,thumb_01_r,8.064069747924805,8.064069747924805,8.064069747924805,1
50,upperarm_r,8.05799388885498,8.05799388885498,8.05799388885498,1
26,ring_01_l,8.051863670349121,8.051863670349121,8.051863670349121,1
22,thigh_l,8.050772666931152,8.050772666931152,8.050772666931152,1
17,foot_r,8.032086372375488,8.032086372375488,8.032086372375488,1
30,ring_01_l,8.031048774719238,8.031048774719238,8.031048774719238,1
25,ring_01_l,8.029472351074219,8.029472351074219,8.029472351074219,1
40,ring_01_l,8.020307540893555,8.020307540893555,8.020307540893555,1
44,foot_l,8.018623352050781,8.018623352050781,8.018623352050781,1
78,lowerarm_r,8.013014793395996,8.013014793395996,8.013014793395996,1
24,ring_01_l,8.009777069091797,8.009777069091797,8.009777069091797,1
47,thumb_01_r,8.006860733032227,8.006860733032227,8.006860733032227,1
25,thigh_l,8.001254081726074,8.001254081726074,8.001254081726074,1
81,thumb_01_r,8.001080513000488,8.001080513000488,8.001080513000488,1
28,spine_01,7.9953742027282715,7.9953742027282715,7.9953742027282715,1
29,RUpArmTwist_l_01,7.977071762084961,7.977071762084961,7.977071762084961,1
82,thumb_01_r,7.9754958152771,7.9754958152771,7.9754958152771,1
79,foot_l,7.974812984466553,7.974812984466553,7.974812984466553,1
32,lowerarm_r,7.9732666015625,7.9732666015625,7.9732666015625,1
23,ring_01_l,7.960826396942139,7.960826396942139,7.960826396942139,1
52,RUpArmTwist_l_01,7.9522294998168945,7.9522294998168945,7.9522294998168945,1
77,lowerarm_r,7.940520286560059,7.940520286560059,7.940520286560059,1
26,thigh_r,7.939875602722168,7.939875602722168,7.939875602722168,1
50,foot_r,7.938547134399414,7.938547134399414,7.938547134399414,1
83,thumb_01_r,7.936544895172119,7.936544895172119,7.936544895172119,1
84,thumb_01_r,7.915194034576416,7.915194034576416,7.915194034576416,1
82,thigh_r,7.915149211883545,7.915149211883545,7.915149211883545,1
52,spine_01,7.9112725257873535,7.9112725257873535,7.9112725257873535,1
14,spine_01,7.9084296226501465,7.9084296226501465,7.9084296226501465,1
4,foot_r,7.90781307220459,7.90781307220459,7.90781307220459,1
85,thumb_01_r,7.907764434814453,7.907764434814453,7.907764434814453,1
72,lowerarm_r,7.892882347106934,7.892882347106934,7.892882347106934,1
48,upperarm_r,7.887847423553467,7.887847423553467,7.887847423553467,1
51,spine_01,7.885524272918701,7.885524272918701,7.885524272918701,1
37,lowerarm_r,7.885159969329834,7.885159969329834,7.885159969329834,1
53,spine_01,7.883203983306885,7.883203983306885,7.883203983306885,1
41,ring_01_l,7.8816423416137695,7.8816423416137695,7.8816423416137695,1
65,lowerarm_r,7.865720272064209,7.865720272064209,7.865720272064209,1
22,ring_01_l,7.864313125610352,7.864313125610352,7.864313125610352,1
21,ring_01_l,7.855377674102783,7.855377674102783,7.855377674102783,1
46,thumb_01_r,7.850826263427734,7.850826263427734,7.850826263427734,1
50,thigh_l,7.848010540008545,7.848010540008545,7.848010540008545,1
16,foot_r,7.842352390289307,7.842352390289307,7.842352390289307,1
22,calf_r,7.840926647186279,7.840926647186279,7.840926647186279,1
29,spine_01,7.832143783569336,7.832143783569336,7.832143783569336,1
13,spine_01,7.831149101257324,7.831149101257324,7.831149101257324,1
76,lowerarm_r,7.828244686126709,7.828244686126709,7.828244686126709,1
79,thigh_r,7.827415466308594,7.827415466308594,7.827415466308594,1
26,thigh_l,7.824884414672852,7.824884414672852,7.824884414672852,1
54,spine_01,7.824195384979248,7.824195384979248,7.824195384979248,1
56,spine_01,7.818814754486084,7.818814754486084,7.818814754486084,1
21,thigh_l,7.806021690368652,7.806021690368652,7.806021690368652,1
16,lowerarm_l,7.802182197570801,7.802182197570801,7.802182197570801,1
80,thigh_r,7.801191806793213,7.801191806793213,7.801191806793213,1
20,ring_01_l,7.800088882446289,7.800088882446289,7.800088882446289,1
75,lowerarm_r,7.795449733734131,7.795449733734131,7.795449733734131,1
17,thigh_l,7.781610012054443,7.781610012054443,7.781610012054443,1
0,thumb_01_r,7.780775547027588,7.780775547027588,7.780775547027588,1
73,lowerarm_r,7.7677130699157715,7.7677130699157715,7.7677130699157715,1
19,ring_01_l,7.766584396362305,7.766584396362305,7.766584396362305,1
55,spine_01,7.766515254974365,7.766515254974365,7.766515254974365,1
19,RUpArmTwist_r_02,7.760077476501465,7.760077476501465,7.760077476501465,1
2,thumb_01_r,7.755026817321777,7.755026817321777,7.755026817321777,1
3,thumb_01_r,7.747067928314209,7.747067928314209,7.747067928314209,1
74,lowerarm_r,7.746553897857666,7.746553897857666,7.746553897857666,1
59,lowerarm_l,7.745835781097412,7.745835781097412,7.745835781097412,1
1,thumb_01_r,7.736677646636963,7.736677646636963,7.736677646636963,1
18,RUpArmTwist_r_02,7.736673831939697,7.736673831939697,7.736673831939697,1
63,RUpArmTwist_l_01,7.729851722717285,7.729851722717285,7.729851722717285,1
39,foot_l,7.728875637054443,7.728875637054443,7.728875637054443,1
18,ring_01_l,7.722471714019775,7.722471714019775,7.722471714019775,1
12,ring_01_l,7.718557834625244,7.718557834625244,7.718557834625244,1
50,spine_01,7.697451591491699,7.697451591491699,7.697451591491699,1
17,ring_01_l,7.696680068969727,7.696680068969727,7.696680068969727,1
12,spine_01,7.695791244506836,7.695791244506836,7.695791244506836,1
49,spine_01,7.694348335266113,7.694348335266113,7.694348335266113,1
51,RUpArmTwist_l_01,7.689932346343994,7.689932346343994,7.689932346343994,1
81,thigh_r,7.688313007354736,7.688313007354736,7.688313007354736,1
10,lowerarm_r,7.687816143035889,7.687816143035889,7.687816143035889,1
4,thumb_01_r,7.681957244873047,7.681957244873047,7.681957244873047,1
7,calf_r,7.679348945617676,7.679348945617676,7.679348945617676,1
31,foot_l,7.669954299926758,7.669954299926758,7.669954299926758,1
56,thigh_l,7.662764549255371,7.662764549255371,7.662764549255371,1
71,thigh_r,7.6543779373168945,7.6543779373168945,7.6543779373168945,1
41,calf_r,7.652837753295898,7.652837753295898,7.652837753295898,1
78,thigh_r,7.648617744445801,7.648617744445801,7.648617744445801,1
42,ring_01_l,7.647571563720703,7.647571563720703,7.647571563720703,1
16,ring_01_l,7.636977195739746,7.636977195739746,7.636977195739746,1
45,thumb_01_r,7.63317346572876,7.63317346572876,7.63317346572876,1
20,thigh_l,7.622302532196045,7.622302532196045,7.622302532196045,1
64,lowerarm_r,7.618951320648193,7.618951320648193,7.618951320648193,1
2,upperarm_l,7.6181559562683105,7.6181559562683105,7.6181559562683105,1
57,spine_01,7.614745616912842,7.614745616912842,7.614745616912842,1
5,thumb_01_r,7.614552974700928,7.614552974700928,7.614552974700928,1
15,ring_01_l,7.604177951812744,7.604177951812744,7.604177951812744,1
21,calf_r,7.596497058868408,7.596497058868408,7.596497058868408,1
6,thumb_01_r,7.58912992477417,7.58912992477417,7.58912992477417,1
30,spine_01,7.588981628417969,7.588981628417969,7.588981628417969,1
14,ring_01_l,7.578195571899414,7.578195571899414,7.578195571899414,1
30,RUpArmTwist_l_01,7.574706554412842,7.574706554412842,7.574706554412842,1
13,ring_01_l,7.571861743927002,7.571861743927002,7.571861743927002,1
22,foot_l,7.56740665435791,7.56740665435791,7.56740665435791,1
7,thumb_01_r,7.550005912780762,7.550005912780762,7.550005912780762,1
18,thigh_l,7.548262596130371,7.548262596130371,7.548262596130371,1
31,RUpArmTwist_l_01,7.5427470207214355,7.5427470207214355,7.5427470207214355,1
15,foot_r,7.5427446365356445,7.5427446365356445,7.5427446365356445,1
31,spine_01,7.532252311706543,7.532252311706543,7.532252311706543,1
31,lowerarm_r,7.528364181518555,7.528364181518555,7.528364181518555,1
20,RUpArmTwist_r_02,7.519712448120117,7.519712448120117,7.519712448120117,1
19,thigh_l,7.511957168579102,7.511957168579102,7.511957168579102,1
32,RUpArmTwist_l_01,7.511752605438232,7.511752605438232,7.511752605438232,1
48,spine_01,7.5004706382751465,7.5004706382751465,7.5004706382751465,1
15,RUpArmTwist_r_02,7.4916863441467285,7.4916863441467285,7.4916863441467285,1
38,lowerarm_r,7.485474109649658,7.485474109649658,7.485474109649658,1
47,spine_01,7.485440254211426,7.485440254211426,7.485440254211426,1
43,foot_l,7.484650135040283,7.484650135040283,7.484650135040283,1
80,pinky_01_r,7.476195335388184,7.476195335388184,7.476195335388184,1
17,RUpArmTwist_r_02,7.470707416534424,7.470707416534424,7.470707416534424,1
78,pinky_01_r,7.46263313293457,7.46263313293457,7.46263313293457,1
43,ring_01_l,7.462461471557617,7.462461471557617,7.462461471557617,1
46,spine_01,7.457860469818115,7.457860469818115,7.457860469818115,1
79,pinky_01_r,7.457842826843262,7.457842826843262,7.457842826843262,1
11,ring_01_l,7.454937934875488,7.454937934875488,7.454937934875488,1
8,thumb_01_r,7.454436302185059,7.454436302185059,7.454436302185059,1
45,spine_01,7.443551540374756,7.443551540374756,7.443551540374756,1
44,thumb_01_r,7.441497802734375,7.441497802734375,7.441497802734375,1
16,RUpArmTwist_r_02,7.439311504364014,7.439311504364014,7.439311504364014,1
83,pinky_01_r,7.437549114227295,7.437549114227295,7.437549114227295,1
77,pinky_01_r,7.437504768371582,7.437504768371582,7.437504768371582,1
27,thigh_l,7.43717098236084,7.43717098236084,7.43717098236084,1
81,pinky_01_r,7.435122013092041,7.435122013092041,7.435122013092041,1
76,pinky_01_r,7.434123992919922,7.434123992919922,7.434123992919922,1
8,thigh_r,7.433654308319092,7.433654308319092,7.433654308319092,1
58,spine_01,7.43326997756958,7.43326997756958,7.43326997756958,1
82,pinky_01_r,7.429328441619873,7.429328441619873,7.429328441619873,1
85,pinky_01_r,7.412288665771484,7.412288665771484,7.412288665771484,1
25,thigh_r,7.408524513244629,7.408524513244629,7.408524513244629,1
63,lowerarm_r,7.3912224769592285,7.3912224769592285,7.3912224769592285,1
44,spine_01,7.390412330627441,7.390412330627441,7.390412330627441,1
27,foot_l,7.390068531036377,7.390068531036377,7.390068531036377,1
50,RUpArmTwist_l_01,7.38570499420166,7.38570499420166,7.38570499420166,1
77,thigh_r,7.376614570617676,7.376614570617676,7.376614570617676,1
75,pinky_01_r,7.372513294219971,7.372513294219971,7.372513294219971,1
74,pinky_01_r,7.365192890167236,7.365192890167236,7.365192890167236,1
84,pinky_01_r,7.363160133361816,7.363160133361816,7.363160133361816,1
33,RUpArmTwist_l_01,7.35562801361084,7.35562801361084,7.35562801361084,1
9,thumb_01_r,7.353301525115967,7.353301525115967,7.353301525115967,1
8,RUpArmTwist_l_01,7.342984676361084,7.342984676361084,7.342984676361084,1
10,ring_01_l,7.3382248878479,7.3382248878479,7.3382248878479,1
32,spine_01,7.335935115814209,7.335935115814209,7.335935115814209,1
60,pinky_01_r,7.333494663238525,7.333494663238525,7.333494663238525,1
11,spine_01,7.327140808105469,7.327140808105469,7.327140808105469,1
43,spine_01,7.31266450881958,7.31266450881958,7.31266450881958,1
71,pinky_01_r,7.308108806610107,7.308108806610107,7.308108806610107,1
73,pinky_01_r,7.301272392272949,7.301272392272949,7.301272392272949,1
72,pinky_01_r,7.300328254699707,7.300328254699707,7.300328254699707,1
22,RUpArmTwist_r_02,7.297702789306641,7.297702789306641,7.297702789306641,1
21,RUpArmTwist_r_02,7.285944938659668,7.285944938659668,7.285944938659668,1
65,pinky_01_r,7.285201072692871,7.285201072692871,7.285201072692871,1
70,pinky_01_r,7.275262355804443,7.275262355804443,7.275262355804443,1
69,pinky_01_r,7.274536609649658,7.274536609649658,7.274536609649658,1
10,thumb_01_r,7.270932674407959,7.270932674407959,7.270932674407959,1
66,pinky_01_r,7.266017436981201,7.266017436981201,7.266017436981201,1
63,pinky_01_r,7.263103008270264,7.263103008270264,7.263103008270264,1
67,pinky_01_r,7.259898662567139,7.259898662567139,7.259898662567139,1
68,pinky_01_r,7.253264904022217,7.253264904022217,7.253264904022217,1
23,foot_l,7.250368595123291,7.250368595123291,7.250368595123291,1
64,pinky_01_r,7.248583793640137,7.248583793640137,7.248583793640137,1
30,foot_l,7.246991157531738,7.246991157531738,7.246991157531738,1
1,ball_l,7.243220806121826,7.243220806121826,7.243220806121826,1
62,pinky_01_r,7.234297275543213,7.234297275543213,7.234297275543213,1
33,spine_01,7.2312493324279785,7.2312493324279785,7.2312493324279785,1
58,pinky_01_r,7.231180191040039,7.231180191040039,7.231180191040039,1
42,spine_01,7.230616569519043,7.230616569519043,7.230616569519043,1
9,ring_01_l,7.218880653381348,7.218880653381348,7.218880653381348,1
39,spine_01,7.217738628387451,7.217738628387451,7.217738628387451,1
44,ring_01_l,7.214728832244873,7.214728832244873,7.214728832244873,1
61,pinky_01_r,7.21269416809082,7.21269416809082,7.21269416809082,1
43,thumb_01_r,7.201060771942139,7.201060771942139,7.201060771942139,1
38,spine_01,7.197173595428467,7.197173595428467,7.197173595428467,1
11,thumb_01_r,7.19246768951416,7.19246768951416,7.19246768951416,1
41,spine_01,7.191280841827393,7.191280841827393,7.191280841827393,1
35,RUpArmTwist_l_01,7.188236236572266,7.188236236572266,7.188236236572266,1
59,pinky_01_r,7.186854839324951,7.186854839324951,7.186854839324951,1
24,foot_l,7.185730457305908,7.185730457305908,7.185730457305908,1
78,foot_l,7.18397855758667,7.18397855758667,7.18397855758667,1
40,spine_01,7.183210849761963,7.183210849761963,7.183210849761963,1
28,foot_l,7.164444923400879,7.164444923400879,7.164444923400879,1
34,RUpArmTwist_l_01,7.164196491241455,7.164196491241455,7.164196491241455,1
36,hand_l,7.163865566253662,7.163865566253662,7.163865566253662,1
10,ball_l,7.155032634735107,7.155032634735107,7.155032634735107,1
59,spine_01,7.144287109375,7.144287109375,7.144287109375,1
57,pinky_01_r,7.142280101776123,7.142280101776123,7.142280101776123,1
28,thigh_l,7.137296199798584,7.137296199798584,7.137296199798584,1
37,spine_01,7.134228706359863,7.134228706359863,7.134228706359863,1
26,foot_l,7.133697032928467,7.133697032928467,7.133697032928467,1
37,hand_l,7.130654811859131,7.130654811859131,7.130654811859131,1
13,thumb_01_r,7.1244730949401855,7.1244730949401855,7.1244730949401855,1
14,thumb_01_r,7.1240010261535645,7.1240010261535645,7.1240010261535645,1
64,RUpArmTwist_l_01,7.1226606369018555,7.1226606369018555,7.1226606369018555,1
14,RUpArmTwist_r_02,7.120523452758789,7.120523452758789,7.120523452758789,1
76,thigh_r,7.117464542388916,7.117464542388916,7.117464542388916,1
34,spine_01,7.115817546844482,7.115817546844482,7.115817546844482,1
13,RUpArmTwist_r_02,7.113447666168213,7.113447666168213,7.113447666168213,1
52,pinky_01_r,7.111462116241455,7.111462116241455,7.111462116241455,1
15,thumb_01_r,7.109979152679443,7.109979152679443,7.109979152679443,1
56,pinky_01_r,7.109050273895264,7.109050273895264,7.109050273895264,1
62,lowerarm_r,7.107388019561768,7.107388019561768,7.107388019561768,1
53,pinky_01_r,7.106254577636719,7.106254577636719,7.106254577636719,1
20,calf_r,7.098626613616943,7.098626613616943,7.098626613616943,1
32,thigh_l,7.0986247062683105,7.0986247062683105,7.0986247062683105,1
10,upperarm_l,7.097311019897461,7.097311019897461,7.097311019897461,1
49,RUpArmTwist_l_01,7.090584754943848,7.090584754943848,7.090584754943848,1
55,pinky_01_r,7.089481353759766,7.089481353759766,7.089481353759766,1
23,RUpArmTwist_r_02,7.086343765258789,7.086343765258789,7.086343765258789,1
35,spine_01,7.084138870239258,7.084138870239258,7.084138870239258,1
16,thumb_01_r,7.0835466384887695,7.0835466384887695,7.0835466384887695,1
72,thigh_r,7.083530426025391,7.083530426025391,7.083530426025391,1
54,pinky_01_r,7.0761518478393555,7.0761518478393555,7.0761518478393555,1
36,spine_01,7.059011459350586,7.059011459350586,7.059011459350586,1
11,lowerarm_r,7.058704376220703,7.058704376220703,7.058704376220703,1
68,RUpArmTwist_r_02,7.056018829345703,7.056018829345703,7.056018829345703,1
67,RUpArmTwist_r_02,7.055434703826904,7.055434703826904,7.055434703826904,1
8,ring_01_l,7.051417827606201,7.051417827606201,7.051417827606201,1
39,lowerarm_r,7.050146102905273,7.050146102905273,7.050146102905273,1
17,thumb_01_r,7.0476765632629395,7.0476765632629395,7.0476765632629395,1
14,foot_r,7.037956714630127,7.037956714630127,7.037956714630127,1
45,ring_01_l,7.037878036499023,7.037878036499023,7.037878036499023,1
42,thumb_01_r,7.028817653656006,7.028817653656006,7.028817653656006,1
18,thumb_01_r,7.026599407196045,7.026599407196045,7.026599407196045,1
51,pinky_01_r,7.022475719451904,7.022475719451904,7.022475719451904,1
29,foot_l,7.019283771514893,7.019283771514893,7.019283771514893,1
38,hand_l,7.006542205810547,7.006542205810547,7.006542205810547,1
19,thumb_01_r,7.006354808807373,7.006354808807373,7.006354808807373,1
36,RUpArmTwist_l_01,7.0062336921691895,7.0062336921691895,7.0062336921691895,1
25,foot_l,6.997330188751221,6.997330188751221,6.997330188751221,1
48,RUpArmTwist_l_01,6.996009826660156,6.996009826660156,6.996009826660156,1
71,RUpArmTwist_r_02,6.983424663543701,6.983424663543701,6.983424663543701,1
20,thumb_01_r,6.98162841796875,6.98162841796875,6.98162841796875,1
35,hand_l,6.980515003204346,6.980515003204346,6.980515003204346,1
69,RUpArmTwist_r_02,6.978506088256836,6.978506088256836,6.978506088256836,1
12,thumb_01_r,6.978034019470215,6.978034019470215,6.978034019470215,1
70,RUpArmTwist_r_02,6.977219104766846,6.977219104766846,6.977219104766846,1
72,RUpArmTwist_r_02,6.976787567138672,6.976787567138672,6.976787567138672,1
37,RUpArmTwist_l_01,6.976306915283203,6.976306915283203,6.976306915283203,1
42,foot_l,6.972131729125977,6.972131729125977,6.972131729125977,1
3,calf_l,6.968167304992676,6.968167304992676,6.968167304992676,1
55,calf_l,6.967589855194092,6.967589855194092,6.967589855194092,1
75,thigh_r,6.947597026824951,6.947597026824951,6.947597026824951,1
30,lowerarm_r,6.946942329406738,6.946942329406738,6.946942329406738,1
50,pinky_01_r,6.945079803466797,6.945079803466797,6.945079803466797,1
0,pinky_01_r,6.942290306091309,6.942290306091309,6.942290306091309,1
39,RUpArmTwist_l_01,6.936114311218262,6.936114311218262,6.936114311218262,1
32,foot_l,6.931671619415283,6.931671619415283,6.931671619415283,1
22,thumb_01_r,6.931127548217773,6.931127548217773,6.931127548217773,1
21,thumb_01_r,6.9285759925842285,6.9285759925842285,6.9285759925842285,1
30,thigh_l,6.913635730743408,6.913635730743408,6.913635730743408,1
34,hand_l,6.906553268432617,6.906553268432617,6.906553268432617,1
24,thigh_r,6.904498100280762,6.904498100280762,6.904498100280762,1
10,spine_01,6.897089004516602,6.897089004516602,6.897089004516602,1
51,RUpArmTwist_r_02,6.893754482269287,6.893754482269287,6.893754482269287,1
7,ring_01_l,6.891600131988525,6.891600131988525,6.891600131988525,1
51,thigh_l,6.882461071014404,6.882461071014404,6.882461071014404,1
60,spine_01,6.867941856384277,6.867941856384277,6.867941856384277,1
2,pinky_01_r,6.857719898223877,6.857719898223877,6.857719898223877,1
23,thumb_01_r,6.855126857757568,6.855126857757568,6.855126857757568,1
69,lowerarm_l,6.85498046875,6.85498046875,6.85498046875,1
27,calf_l,6.8538498878479,6.8538498878479,6.8538498878479,1
41,thumb_01_r,6.84545373916626,6.84545373916626,6.84545373916626,1
56,RUpArmTwist_r_02,6.840885162353516,6.840885162353516,6.840885162353516,1
8,calf_r,6.839117050170898,6.839117050170898,6.839117050170898,1
65,RUpArmTwist_r_02,6.837082386016846,6.837082386016846,6.837082386016846,1
46,ring_01_l,6.836907386779785,6.836907386779785,6.836907386779785,1
68,calf_r,6.836419582366943,6.836419582366943,6.836419582366943,1
29,thigh_l,6.833913803100586,6.833913803100586,6.833913803100586,1
66,RUpArmTwist_r_02,6.833293437957764,6.833293437957764,6.833293437957764,1
38,RUpArmTwist_l_01,6.830717086791992,6.830717086791992,6.830717086791992,1
53,RUpArmTwist_r_02,6.829353332519531,6.829353332519531,6.829353332519531,1
61,lowerarm_r,6.826101779937744,6.826101779937744,6.826101779937744,1
52,RUpArmTwist_r_02,6.824718475341797,6.824718475341797,6.824718475341797,1
33,hand_l,6.823026180267334,6.823026180267334,6.823026180267334,1
31,thigh_l,6.822930335998535,6.822930335998535,6.822930335998535,1
24,thumb_01_r,6.8224992752075195,6.8224992752075195,6.8224992752075195,1
40,RUpArmTwist_l_01,6.819872856140137,6.819872856140137,6.819872856140137,1
25,thumb_01_r,6.816062927246094,6.816062927246094,6.816062927246094,1
73,thigh_r,6.8065714836120605,6.8065714836120605,6.8065714836120605,1
19,calf_r,6.803896903991699,6.803896903991699,6.803896903991699,1
15,lowerarm_l,6.80265998840332,6.80265998840332,6.80265998840332,1
6,ring_01_l,6.802576541900635,6.802576541900635,6.802576541900635,1
26,thumb_01_r,6.799900531768799,6.799900531768799,6.799900531768799,1
49,pinky_01_r,6.795990943908691,6.795990943908691,6.795990943908691,1
30,thumb_01_r,6.795840740203857,6.795840740203857,6.795840740203857,1
3,upperarm_l,6.786106586456299,6.786106586456299,6.786106586456299,1
5,ring_01_l,6.782157897949219,6.782157897949219,6.782157897949219,1
42,calf_r,6.780760288238525,6.780760288238525,6.780760288238525,1
1,pinky_01_r,6.777490139007568,6.777490139007568,6.777490139007568,1
27,thumb_01_r,6.748283863067627,6.748283863067627,6.748283863067627,1
28,thumb_01_r,6.7458577156066895,6.7458577156066895,6.7458577156066895,1
40,thumb_01_r,6.743758201599121,6.743758201599121,6.743758201599121,1
13,foot_r,6.736544132232666,6.736544132232666,6.736544132232666,1
33,foot_l,6.7357611656188965,6.7357611656188965,6.7357611656188965,1
74,thigh_r,6.727487564086914,6.727487564086914,6.727487564086914,1
47,RUpArmTwist_l_01,6.725341796875,6.725341796875,6.725341796875,1
32,thumb_01_r,6.719980239868164,6.719980239868164,6.719980239868164,1
61,spine_01,6.716043472290039,6.716043472290039,6.716043472290039,1
47,ring_01_l,6.71390962600708,6.71390962600708,6.71390962600708,1
49,RUpArmTwist_r_02,6.713861465454102,6.713861465454102,6.713861465454102,1
34,thumb_01_r,6.707094192504883,6.707094192504883,6.707094192504883,1
29,thumb_01_r,6.705774307250977,6.705774307250977,6.705774307250977,1
33,thumb_01_r,6.704716682434082,6.704716682434082,6.704716682434082,1
37,thumb_01_r,6.690578460693359,6.690578460693359,6.690578460693359,1
50,RUpArmTwist_r_02,6.688912868499756,6.688912868499756,6.688912868499756,1
31,thumb_01_r,6.682511329650879,6.682511329650879,6.682511329650879,1
47,foot_r,6.67605447769165,6.67605447769165,6.67605447769165,1
4,ring_01_l,6.667799472808838,6.667799472808838,6.667799472808838,1
35,thumb_01_r,6.658576011657715,6.658576011657715,6.658576011657715,1
36,thumb_01_r,6.65639066696167,6.65639066696167,6.65639066696167,1
48,pinky_01_r,6.646140098571777,6.646140098571777,6.646140098571777,1
39,thumb_01_r,6.640021324157715,6.640021324157715,6.640021324157715,1
41,RUpArmTwist_l_01,6.630234241485596,6.630234241485596,6.630234241485596,1
51,clavicle_l,6.629931449890137,6.629931449890137,6.629931449890137,1
38,thumb_01_r,6.626173973083496,6.626173973083496,6.626173973083496,1
6,lowerarm_l,6.621706008911133,6.621706008911133,6.621706008911133,1
25,RUpArmTwist_r_02,6.621484756469727,6.621484756469727,6.621484756469727,1
59,RUpArmTwist_r_02,6.620747089385986,6.620747089385986,6.620747089385986,1
62,RUpArmTwist_r_02,6.618409633636475,6.618409633636475,6.618409633636475,1
57,RUpArmTwist_r_02,6.616909027099609,6.616909027099609,6.616909027099609,1
3,ring_01_l,6.613562107086182,6.613562107086182,6.613562107086182,1
63,RUpArmTwist_r_02,6.613494396209717,6.613494396209717,6.613494396209717,1
55,RUpArmTwist_r_02,6.612239360809326,6.612239360809326,6.612239360809326,1
64,RUpArmTwist_r_02,6.610498905181885,6.610498905181885,6.610498905181885,1
54,RUpArmTwist_r_02,6.609363555908203,6.609363555908203,6.609363555908203,1
12,RUpArmTwist_r_02,6.608977794647217,6.608977794647217,6.608977794647217,1
1,ring_01_l,6.605311870574951,6.605311870574951,6.605311870574951,1
24,RUpArmTwist_r_02,6.604470252990723,6.604470252990723,6.604470252990723,1
74,RUpArmTwist_r_02,6.597829818725586,6.597829818725586,6.597829818725586,1
62,spine_01,6.59486722946167,6.59486722946167,6.59486722946167,1
65,RUpArmTwist_l_01,6.594566822052002,6.594566822052002,6.594566822052002,1
73,RUpArmTwist_r_02,6.592276096343994,6.592276096343994,6.592276096343994,1
39,RUpArmTwist_r_02,6.59026575088501,6.59026575088501,6.59026575088501,1
39,hand_l,6.5897746086120605,6.5897746086120605,6.5897746086120605,1
52,clavicle_l,6.588554859161377,6.588554859161377,6.588554859161377,1
40,lowerarm_r,6.574074745178223,6.574074745178223,6.574074745178223,1
2,ring_01_l,6.573647499084473,6.573647499084473,6.573647499084473,1
0,ring_01_l,6.5632524490356445,6.5632524490356445,6.5632524490356445,1
23,thigh_r,6.557097434997559,6.557097434997559,6.557097434997559,1
9,thigh_r,6.55021333694458,6.55021333694458,6.55021333694458,1
3,pinky_01_r,6.537623882293701,6.537623882293701,6.537623882293701,1
60,lowerarm_l,6.530775547027588,6.530775547027588,6.530775547027588,1
48,RUpArmTwist_r_02,6.528780460357666,6.528780460357666,6.528780460357666,1
50,clavicle_l,6.525496006011963,6.525496006011963,6.525496006011963,1
48,ring_01_l,6.525321960449219,6.525321960449219,6.525321960449219,1
71,calf_r,6.523650169372559,6.523650169372559,6.523650169372559,1
18,calf_r,6.519962310791016,6.519962310791016,6.519962310791016,1
53,clavicle_l,6.51945686340332,6.51945686340332,6.51945686340332,1
12,lowerarm_r,6.518571376800537,6.518571376800537,6.518571376800537,1
11,RUpArmTwist_r_02,6.511162757873535,6.511162757873535,6.511162757873535,1
46,foot_l,6.505434036254883,6.505434036254883,6.505434036254883,1
0,ball_l,6.497610569000244,6.497610569000244,6.497610569000244,1
60,lowerarm_r,6.4820098876953125,6.4820098876953125,6.4820098876953125,1
56,foot_r,6.478439807891846,6.478439807891846,6.478439807891846,1
63,spine_01,6.444827556610107,6.444827556610107,6.444827556610107,1
32,hand_l,6.438838005065918,6.438838005065918,6.438838005065918,1
40,hand_l,6.438262939453125,6.438262939453125,6.438262939453125,1
49,clavicle_l,6.4350361824035645,6.4350361824035645,6.4350361824035645,1
7,RUpArmTwist_l_01,6.427924156188965,6.427924156188965,6.427924156188965,1
5,foot_r,6.424698829650879,6.424698829650879,6.424698829650879,1
46,RUpArmTwist_r_02,6.416479110717773,6.416479110717773,6.416479110717773,1
85,ring_01_l,6.412347793579102,6.412347793579102,6.412347793579102,1
84,ring_01_l,6.4110493659973145,6.4110493659973145,6.4110493659973145,1
27,RUpArmTwist_r_02,6.410342216491699,6.410342216491699,6.410342216491699,1
4,pinky_01_r,6.403991222381592,6.403991222381592,6.403991222381592,1
28,RUpArmTwist_r_02,6.403160572052002,6.403160572052002,6.403160572052002,1
60,RUpArmTwist_r_02,6.399815559387207,6.399815559387207,6.399815559387207,1
49,ring_01_l,6.394840717315674,6.394840717315674,6.394840717315674,1
61,RUpArmTwist_r_02,6.393428325653076,6.393428325653076,6.393428325653076,1
58,RUpArmTwist_r_02,6.3929443359375,6.3929443359375,6.3929443359375,1
9,spine_01,6.38825798034668,6.38825798034668,6.38825798034668,1
26,RUpArmTwist_r_02,6.37838077545166,6.37838077545166,6.37838077545166,1
47,RUpArmTwist_r_02,6.374933242797852,6.374933242797852,6.374933242797852,1
83,ring_01_l,6.374752521514893,6.374752521514893,6.374752521514893,1
77,foot_l,6.374617576599121,6.374617576599121,6.374617576599121,1
44,RUpArmTwist_r_02,6.373880386352539,6.373880386352539,6.373880386352539,1
64,spine_01,6.370938301086426,6.370938301086426,6.370938301086426,1
30,RUpArmTwist_r_02,6.366247653961182,6.366247653961182,6.366247653961182,1
47,pinky_01_r,6.363960266113281,6.363960266113281,6.363960266113281,1
37,RUpArmTwist_r_02,6.363167762756348,6.363167762756348,6.363167762756348,1
54,clavicle_l,6.360467433929443,6.360467433929443,6.360467433929443,1
42,RUpArmTwist_r_02,6.359165191650391,6.359165191650391,6.359165191650391,1
82,ring_01_l,6.351646900177002,6.351646900177002,6.351646900177002,1
29,lowerarm_r,6.349701404571533,6.349701404571533,6.349701404571533,1
42,RUpArmTwist_l_01,6.335878849029541,6.335878849029541,6.335878849029541,1
81,ring_01_l,6.329413414001465,6.329413414001465,6.329413414001465,1
46,RUpArmTwist_l_01,6.327023029327393,6.327023029327393,6.327023029327393,1
40,RUpArmTwist_r_02,6.314264297485352,6.314264297485352,6.314264297485352,1
45,RUpArmTwist_r_02,6.289964199066162,6.289964199066162,6.289964199066162,1
50,ring_01_l,6.287998199462891,6.287998199462891,6.287998199462891,1
48,calf_r,6.278367519378662,6.278367519378662,6.278367519378662,1
43,RUpArmTwist_r_02,6.275766372680664,6.275766372680664,6.275766372680664,1
10,RUpArmTwist_r_02,6.2750420570373535,6.2750420570373535,6.2750420570373535,1
70,hand_l,6.274775981903076,6.274775981903076,6.274775981903076,1
80,ring_01_l,6.274175643920898,6.274175643920898,6.274175643920898,1
22,thigh_r,6.274039268493652,6.274039268493652,6.274039268493652,1
71,hand_l,6.272639274597168,6.272639274597168,6.272639274597168,1
65,spine_01,6.268802642822266,6.268802642822266,6.268802642822266,1
48,clavicle_l,6.268511772155762,6.268511772155762,6.268511772155762,1
12,foot_r,6.25907039642334,6.25907039642334,6.25907039642334,1
54,calf_l,6.256480693817139,6.256480693817139,6.256480693817139,1
43,RUpArmTwist_l_01,6.252570629119873,6.252570629119873,6.252570629119873,1
79,ring_01_l,6.2460761070251465,6.2460761070251465,6.2460761070251465,1
46,pinky_01_r,6.231514930725098,6.231514930725098,6.231514930725098,1
9,calf_r,6.229287147521973,6.229287147521973,6.229287147521973,1
46,calf_l,6.228343486785889,6.228343486785889,6.228343486785889,1
51,ring_01_l,6.223428249359131,6.223428249359131,6.223428249359131,1
17,calf_r,6.219250679016113,6.219250679016113,6.219250679016113,1
76,RUpArmTwist_r_02,6.213940143585205,6.213940143585205,6.213940143585205,1
44,RUpArmTwist_l_01,6.210883140563965,6.210883140563965,6.210883140563965,1
75,RUpArmTwist_r_02,6.209198951721191,6.209198951721191,6.209198951721191,1
72,hand_l,6.204894065856934,6.204894065856934,6.204894065856934,1
78,ring_01_l,6.203261375427246,6.203261375427246,6.203261375427246,1
66,RUpArmTwist_l_01,6.187346935272217,6.187346935272217,6.187346935272217,1
77,ring_01_l,6.186371326446533,6.186371326446533,6.186371326446533,1
36,RUpArmTwist_r_02,6.182211875915527,6.182211875915527,6.182211875915527,1
35,RUpArmTwist_r_02,6.181764602661133,6.181764602661133,6.181764602661133,1
38,RUpArmTwist_r_02,6.181209087371826,6.181209087371826,6.181209087371826,1
66,spine_01,6.175475120544434,6.175475120544434,6.175475120544434,1
49,foot_r,6.173628330230713,6.173628330230713,6.173628330230713,1
47,clavicle_l,6.173205375671387,6.173205375671387,6.173205375671387,1
41,lowerarm_r,6.171690940856934,6.171690940856934,6.171690940856934,1
31,RUpArmTwist_r_02,6.16668176651001,6.16668176651001,6.16668176651001,1
55,clavicle_l,6.165938377380371,6.165938377380371,6.165938377380371,1
29,RUpArmTwist_r_02,6.165316104888916,6.165316104888916,6.165316104888916,1
34,RUpArmTwist_r_02,6.160243511199951,6.160243511199951,6.160243511199951,1
52,ring_01_l,6.1569366455078125,6.1569366455078125,6.1569366455078125,1
76,ring_01_l,6.147411823272705,6.147411823272705,6.147411823272705,1
69,hand_l,6.147191524505615,6.147191524505615,6.147191524505615,1
53,ring_01_l,6.141237735748291,6.141237735748291,6.141237735748291,1
32,RUpArmTwist_r_02,6.136930465698242,6.136930465698242,6.136930465698242,1
54,ring_01_l,6.13667106628418,6.13667106628418,6.13667106628418,1
75,ring_01_l,6.126046657562256,6.126046657562256,6.126046657562256,1
55,ring_01_l,6.125511646270752,6.125511646270752,6.125511646270752,1
33,RUpArmTwist_r_02,6.124623775482178,6.124623775482178,6.124623775482178,1
41,hand_l,6.121586322784424,6.121586322784424,6.121586322784424,1
56,ring_01_l,6.121316432952881,6.121316432952881,6.121316432952881,1
59,lowerarm_r,6.1106858253479,6.1106858253479,6.1106858253479,1
42,hand_l,6.108556270599365,6.108556270599365,6.108556270599365,1
57,ring_01_l,6.103662490844727,6.103662490844727,6.103662490844727,1
74,ring_01_l,6.0936102867126465,6.0936102867126465,6.0936102867126465,1
59,ring_01_l,6.080582618713379,6.080582618713379,6.080582618713379,1
58,ring_01_l,6.078097820281982,6.078097820281982,6.078097820281982,1
75,foot_r,6.076589584350586,6.076589584350586,6.076589584350586,1
73,ring_01_l,6.075676918029785,6.075676918029785,6.075676918029785,1
72,ring_01_l,6.055558681488037,6.055558681488037,6.055558681488037,1
61,ring_01_l,6.054936408996582,6.054936408996582,6.054936408996582,1
60,ring_01_l,6.054620265960693,6.054620265960693,6.054620265960693,1
62,ring_01_l,6.052516460418701,6.052516460418701,6.052516460418701,1
71,ring_01_l,6.0503363609313965,6.0503363609313965,6.0503363609313965,1
63,ring_01_l,6.040356636047363,6.040356636047363,6.040356636047363,1
46,clavicle_l,6.039498329162598,6.039498329162598,6.039498329162598,1
41,RUpArmTwist_r_02,6.0389580726623535,6.0389580726623535,6.0389580726623535,1
70,ring_01_l,6.037027359008789,6.037027359008789,6.037027359008789,1
64,ring_01_l,6.034615993499756,6.034615993499756,6.034615993499756,1
68,ring_01_l,6.0299973487854,6.0299973487854,6.0299973487854,1
69,ring_01_l,6.029156684875488,6.029156684875488,6.029156684875488,1
65,ring_01_l,6.028671741485596,6.028671741485596,6.028671741485596,1
66,ring_01_l,6.026975631713867,6.026975631713867,6.026975631713867,1
67,spine_01,6.024964809417725,6.024964809417725,6.024964809417725,1
67,ring_01_l,6.024860382080078,6.024860382080078,6.024860382080078,1
45,RUpArmTwist_l_01,6.020564556121826,6.020564556121826,6.020564556121826,1
55,thigh_l,6.006595611572266,6.006595611572266,6.006595611572266,1
45,clavicle_l,6.001246929168701,6.001246929168701,6.001246929168701,1
43,ball_r,5.992216110229492,5.992216110229492,5.992216110229492,1
5,pinky_01_r,5.98874044418335,5.98874044418335,5.98874044418335,1
68,hand_l,5.978700160980225,5.978700160980225,5.978700160980225,1
16,calf_r,5.976645469665527,5.976645469665527,5.976645469665527,1
56,clavicle_l,5.963475227355957,5.963475227355957,5.963475227355957,1
67,hand_l,5.958958148956299,5.958958148956299,5.958958148956299,1
45,pinky_01_r,5.958640098571777,5.958640098571777,5.958640098571777,1
6,pinky_01_r,5.958388805389404,5.958388805389404,5.958388805389404,1
40,foot_l,5.9278950691223145,5.9278950691223145,5.9278950691223145,1
44,clavicle_l,5.92475700378418,5.92475700378418,5.92475700378418,1
18,head,5.922483921051025,5.922483921051025,5.922483921051025,1
43,hand_l,5.917372703552246,5.917372703552246,5.917372703552246,1
67,RUpArmTwist_l_01,5.916749000549316,5.916749000549316,5.916749000549316,1
73,hand_l,5.914254665374756,5.914254665374756,5.914254665374756,1
52,thigh_l,5.896304130554199,5.896304130554199,5.896304130554199,1
16,head,5.8929619789123535,5.8929619789123535,5.8929619789123535,1
11,foot_r,5.888657569885254,5.888657569885254,5.888657569885254,1
68,spine_01,5.887139320373535,5.887139320373535,5.887139320373535,1
17,head,5.886670112609863,5.886670112609863,5.886670112609863,1
19,head,5.88254451751709,5.88254451751709,5.88254451751709,1
74,foot_r,5.871429443359375,5.871429443359375,5.871429443359375,1
10,calf_r,5.865808010101318,5.865808010101318,5.865808010101318,1
66,hand_l,5.864413261413574,5.864413261413574,5.864413261413574,1
9,RUpArmTwist_r_02,5.857736587524414,5.857736587524414,5.857736587524414,1
21,thigh_r,5.842540264129639,5.842540264129639,5.842540264129639,1
20,head,5.832877159118652,5.832877159118652,5.832877159118652,1
77,RUpArmTwist_r_02,5.82930326461792,5.82930326461792,5.82930326461792,1
78,RUpArmTwist_r_02,5.827903747558594,5.827903747558594,5.827903747558594,1
43,clavicle_l,5.789501190185547,5.789501190185547,5.789501190185547,1
57,clavicle_l,5.783646106719971,5.783646106719971,5.783646106719971,1
61,head,5.778680801391602,5.778680801391602,5.778680801391602,1
53,calf_l,5.77778434753418,5.77778434753418,5.77778434753418,1
76,foot_r,5.777113437652588,5.777113437652588,5.777113437652588,1
8,RUpArmTwist_r_02,5.770666122436523,5.770666122436523,5.770666122436523,1
44,pinky_01_r,5.745758056640625,5.745758056640625,5.745758056640625,1
42,lowerarm_r,5.741451263427734,5.741451263427734,5.741451263427734,1
8,spine_01,5.735660076141357,5.735660076141357,5.735660076141357,1
15,calf_r,5.727148056030273,5.727148056030273,5.727148056030273,1
58,lowerarm_r,5.719605445861816,5.719605445861816,5.719605445861816,1
6,RUpArmTwist_l_01,5.719468116760254,5.719468116760254,5.719468116760254,1
76,foot_l,5.716457366943359,5.716457366943359,5.716457366943359,1
58,clavicle_l,5.7149152755737305,5.7149152755737305,5.7149152755737305,1
68,RUpArmTwist_l_01,5.714580535888672,5.714580535888672,5.714580535888672,1
41,foot_l,5.6972270011901855,5.6972270011901855,5.6972270011901855,1
15,head,5.696901321411133,5.696901321411133,5.696901321411133,1
21,head,5.696710586547852,5.696710586547852,5.696710586547852,1
10,foot_r,5.696525573730469,5.696525573730469,5.696525573730469,1
57,neck_01,5.69456672668457,5.69456672668457,5.69456672668457,1
62,head,5.686434745788574,5.686434745788574,5.686434745788574,1
13,lowerarm_r,5.685924530029297,5.685924530029297,5.685924530029297,1
58,neck_01,5.682590007781982,5.682590007781982,5.682590007781982,1
59,clavicle_l,5.680970668792725,5.680970668792725,5.680970668792725,1
26,clavicle_l,5.660614013671875,5.660614013671875,5.660614013671875,1
31,hand_l,5.658876895904541,5.658876895904541,5.658876895904541,1
28,lowerarm_r,5.641757488250732,5.641757488250732,5.641757488250732,1
44,hand_l,5.638228893280029,5.638228893280029,5.638228893280029,1
59,neck_01,5.633945941925049,5.633945941925049,5.633945941925049,1
60,neck_01,5.630311012268066,5.630311012268066,5.630311012268066,1
63,head,5.627676963806152,5.627676963806152,5.627676963806152,1
64,head,5.626654624938965,5.626654624938965,5.626654624938965,1
7,pinky_01_r,5.623388290405273,5.623388290405273,5.623388290405273,1
69,spine_01,5.621528148651123,5.621528148651123,5.621528148651123,1
56,neck_01,5.617642879486084,5.617642879486084,5.617642879486084,1
43,calf_r,5.616922855377197,5.616922855377197,5.616922855377197,1
27,clavicle_l,5.614623069763184,5.614623069763184,5.614623069763184,1
9,upperarm_l,5.613063335418701,5.613063335418701,5.613063335418701,1
1,spine_02,5.6126298904418945,5.6126298904418945,5.6126298904418945,1
69,RUpArmTwist_l_01,5.6057891845703125,5.6057891845703125,5.6057891845703125,1
54,thigh_l,5.605337619781494,5.605337619781494,5.605337619781494,1
3,spine_02,5.604648590087891,5.604648590087891,5.604648590087891,1
42,clavicle_l,5.602958679199219,5.602958679199219,5.602958679199219,1
4,upperarm_l,5.594526767730713,5.594526767730713,5.594526767730713,1
45,hand_l,5.589371681213379,5.589371681213379,5.589371681213379,1
46,hand_l,5.587198257446289,5.587198257446289,5.587198257446289,1
22,head,5.586129665374756,5.586129665374756,5.586129665374756,1
11,calf_r,5.58418083190918,5.58418083190918,5.58418083190918,1
60,clavicle_l,5.572568893432617,5.572568893432617,5.572568893432617,1
74,hand_l,5.571394443511963,5.571394443511963,5.571394443511963,1
28,hand_l,5.569455623626709,5.569455623626709,5.569455623626709,1
48,foot_r,5.567758083343506,5.567758083343506,5.567758083343506,1
14,calf_r,5.56429386138916,5.56429386138916,5.56429386138916,1
9,foot_r,5.556877136230469,5.556877136230469,5.556877136230469,1
12,RUpArmTwist_l_02,5.550958633422852,5.550958633422852,5.550958633422852,1
25,clavicle_l,5.548519134521484,5.548519134521484,5.548519134521484,1
14,RUpArmTwist_l_02,5.543758869171143,5.543758869171143,5.543758869171143,1
13,RUpArmTwist_l_02,5.541138172149658,5.541138172149658,5.541138172149658,1
14,lowerarm_l,5.5374436378479,5.5374436378479,5.5374436378479,1
60,head,5.520164489746094,5.520164489746094,5.520164489746094,1
59,head,5.517698764801025,5.517698764801025,5.517698764801025,1
77,foot_r,5.498879909515381,5.498879909515381,5.498879909515381,1
43,pinky_01_r,5.498598098754883,5.498598098754883,5.498598098754883,1
28,clavicle_l,5.48553991317749,5.48553991317749,5.48553991317749,1
27,hand_l,5.477464199066162,5.477464199066162,5.477464199066162,1
41,clavicle_l,5.47425651550293,5.47425651550293,5.47425651550293,1
68,lowerarm_l,5.472574710845947,5.472574710845947,5.472574710845947,1
29,hand_l,5.459927558898926,5.459927558898926,5.459927558898926,1
61,neck_01,5.458184242248535,5.458184242248535,5.458184242248535,1
58,head,5.455829620361328,5.455829620361328,5.455829620361328,1
13,calf_r,5.450371265411377,5.450371265411377,5.450371265411377,1
85,hand_l,5.446981906890869,5.446981906890869,5.446981906890869,1
79,RUpArmTwist_r_02,5.445888996124268,5.445888996124268,5.445888996124268,1
6,foot_r,5.444687843322754,5.444687843322754,5.444687843322754,1
62,neck_01,5.429154872894287,5.429154872894287,5.429154872894287,1
55,neck_01,5.423995018005371,5.423995018005371,5.423995018005371,1
23,head,5.417569160461426,5.417569160461426,5.417569160461426,1
61,clavicle_l,5.415499210357666,5.415499210357666,5.415499210357666,1
10,thigh_r,5.401548862457275,5.401548862457275,5.401548862457275,1
65,head,5.398251533508301,5.398251533508301,5.398251533508301,1
53,thigh_l,5.397167682647705,5.397167682647705,5.397167682647705,1
70,RUpArmTwist_l_01,5.39344596862793,5.39344596862793,5.39344596862793,1
70,spine_01,5.383328437805176,5.383328437805176,5.383328437805176,1
20,thigh_r,5.381348609924316,5.381348609924316,5.381348609924316,1
79,foot_r,5.365274906158447,5.365274906158447,5.365274906158447,1
2,spine_02,5.3652143478393555,5.3652143478393555,5.3652143478393555,1
52,calf_l,5.363590717315674,5.363590717315674,5.363590717315674,1
42,pinky_01_r,5.357215881347656,5.357215881347656,5.357215881347656,1
30,ball_r,5.35660982131958,5.35660982131958,5.35660982131958,1
17,ball_r,5.355186939239502,5.355186939239502,5.355186939239502,1
15,ball_r,5.349936485290527,5.349936485290527,5.349936485290527,1
65,neck_01,5.349836349487305,5.349836349487305,5.349836349487305,1
63,neck_01,5.349646091461182,5.349646091461182,5.349646091461182,1
66,neck_01,5.339312553405762,5.339312553405762,5.339312553405762,1
14,ball_r,5.337939262390137,5.337939262390137,5.337939262390137,1
64,neck_01,5.33636474609375,5.33636474609375,5.33636474609375,1
80,foot_r,5.334717750549316,5.334717750549316,5.334717750549316,1
11,ball_r,5.333086013793945,5.333086013793945,5.333086013793945,1
29,clavicle_l,5.33080530166626,5.33080530166626,5.33080530166626,1
30,hand_l,5.330387592315674,5.330387592315674,5.330387592315674,1
7,RUpArmTwist_r_02,5.329611778259277,5.329611778259277,5.329611778259277,1
67,neck_01,5.328502178192139,5.328502178192139,5.328502178192139,1
14,head,5.323951721191406,5.323951721191406,5.323951721191406,1
13,ball_r,5.3222503662109375,5.3222503662109375,5.3222503662109375,1
78,foot_r,5.319665908813477,5.319665908813477,5.319665908813477,1
66,head,5.3173065185546875,5.3173065185546875,5.3173065185546875,1
65,hand_l,5.3167853355407715,5.3167853355407715,5.3167853355407715,1
75,hand_l,5.3132805824279785,5.3132805824279785,5.3132805824279785,1
12,ball_r,5.309845924377441,5.309845924377441,5.309845924377441,1
12,calf_r,5.309091567993164,5.309091567993164,5.309091567993164,1
40,clavicle_l,5.298068523406982,5.298068523406982,5.298068523406982,1
59,foot_l,5.29521369934082,5.29521369934082,5.29521369934082,1
68,neck_01,5.293755054473877,5.293755054473877,5.293755054473877,1
24,head,5.2913007736206055,5.2913007736206055,5.2913007736206055,1
24,RUpArmTwist_l_02,5.288031101226807,5.288031101226807,5.288031101226807,1
54,neck_01,5.282285690307617,5.282285690307617,5.282285690307617,1
62,clavicle_l,5.280962944030762,5.280962944030762,5.280962944030762,1
23,RUpArmTwist_l_02,5.280933380126953,5.280933380126953,5.280933380126953,1
8,foot_r,5.280051231384277,5.280051231384277,5.280051231384277,1
6,RUpArmTwist_r_02,5.27583646774292,5.27583646774292,5.27583646774292,1
26,ball_r,5.2751336097717285,5.2751336097717285,5.2751336097717285,1
22,RUpArmTwist_l_02,5.268843650817871,5.268843650817871,5.268843650817871,1
24,clavicle_l,5.2687788009643555,5.2687788009643555,5.2687788009643555,1
7,foot_r,5.259438514709473,5.259438514709473,5.259438514709473,1
4,spine_02,5.2540059089660645,5.2540059089660645,5.2540059089660645,1
25,ball_r,5.252964973449707,5.252964973449707,5.252964973449707,1
47,calf_l,5.249651908874512,5.249651908874512,5.249651908874512,1
67,head,5.243597984313965,5.243597984313965,5.243597984313965,1
16,RUpArmTwist_l_02,5.2426581382751465,5.2426581382751465,5.2426581382751465,1
15,RUpArmTwist_l_02,5.239704608917236,5.239704608917236,5.239704608917236,1
57,head,5.2329888343811035,5.2329888343811035,5.2329888343811035,1
76,hand_l,5.227746486663818,5.227746486663818,5.227746486663818,1
11,RUpArmTwist_l_02,5.224284648895264,5.224284648895264,5.224284648895264,1
61,lowerarm_l,5.222906589508057,5.222906589508057,5.222906589508057,1
8,ball_r,5.219959259033203,5.219959259033203,5.219959259033203,1
57,foot_r,5.217825412750244,5.217825412750244,5.217825412750244,1
43,lowerarm_r,5.215816497802734,5.215816497802734,5.215816497802734,1
70,neck_01,5.21340274810791,5.21340274810791,5.21340274810791,1
57,lowerarm_r,5.212932109832764,5.212932109832764,5.212932109832764,1
5,RUpArmTwist_l_01,5.206294059753418,5.206294059753418,5.206294059753418,1
84,hand_l,5.202413082122803,5.202413082122803,5.202413082122803,1
73,foot_r,5.199563503265381,5.199563503265381,5.199563503265381,1
69,neck_01,5.195620536804199,5.195620536804199,5.195620536804199,1
68,head,5.191946029663086,5.191946029663086,5.191946029663086,1
8,pinky_01_r,5.189362049102783,5.189362049102783,5.189362049102783,1
62,foot_l,5.1839985847473145,5.1839985847473145,5.1839985847473145,1
57,foot_l,5.180487632751465,5.180487632751465,5.180487632751465,1
22,ball_r,5.1790242195129395,5.1790242195129395,5.1790242195129395,1
71,neck_01,5.178595542907715,5.178595542907715,5.178595542907715,1
21,ball_r,5.165691375732422,5.165691375732422,5.165691375732422,1
9,ball_r,5.164646148681641,5.164646148681641,5.164646148681641,1
75,foot_l,5.162508964538574,5.162508964538574,5.162508964538574,1
57,RUpArmTwist_l_02,5.161314487457275,5.161314487457275,5.161314487457275,1
58,RUpArmTwist_l_02,5.158613204956055,5.158613204956055,5.158613204956055,1
47,hand_l,5.158339500427246,5.158339500427246,5.158339500427246,1
39,clavicle_l,5.158209323883057,5.158209323883057,5.158209323883057,1
59,RUpArmTwist_l_02,5.157916069030762,5.157916069030762,5.157916069030762,1
63,clavicle_l,5.156854152679443,5.156854152679443,5.156854152679443,1
20,ball_r,5.152675151824951,5.152675151824951,5.152675151824951,1
26,hand_l,5.151456832885742,5.151456832885742,5.151456832885742,1
41,pinky_01_r,5.1379475593566895,5.1379475593566895,5.1379475593566895,1
18,ball_r,5.134674072265625,5.134674072265625,5.134674072265625,1
16,ball_r,5.1316819190979,5.1316819190979,5.1316819190979,1
83,hand_l,5.130402088165283,5.130402088165283,5.130402088165283,1
30,clavicle_l,5.1300883293151855,5.1300883293151855,5.1300883293151855,1
72,neck_01,5.1280517578125,5.1280517578125,5.1280517578125,1
10,ball_r,5.123661994934082,5.123661994934082,5.123661994934082,1
71,RUpArmTwist_l_01,5.12152624130249,5.12152624130249,5.12152624130249,1
53,neck_01,5.119266986846924,5.119266986846924,5.119266986846924,1
29,ball_r,5.112986087799072,5.112986087799072,5.112986087799072,1
25,head,5.107141017913818,5.107141017913818,5.107141017913818,1
47,foot_l,5.105118274688721,5.105118274688721,5.105118274688721,1
51,calf_l,5.101720809936523,5.101720809936523,5.101720809936523,1
5,RUpArmTwist_r_02,5.096078395843506,5.096078395843506,5.096078395843506,1
28,ball_r,5.094179630279541,5.094179630279541,5.094179630279541,1
27,ball_r,5.079357624053955,5.079357624053955,5.079357624053955,1
82,hand_l,5.072150707244873,5.072150707244873,5.072150707244873,1
77,hand_l,5.06882905960083,5.06882905960083,5.06882905960083,1
7,ball_r,5.068622589111328,5.068622589111328,5.068622589111328,1
25,RUpArmTwist_l_02,5.06813907623291,5.06813907623291,5.06813907623291,1
80,RUpArmTwist_r_02,5.064898490905762,5.064898490905762,5.064898490905762,1
81,RUpArmTwist_r_02,5.064130783081055,5.064130783081055,5.064130783081055,1
71,spine_01,5.060760498046875,5.060760498046875,5.060760498046875,1
55,foot_l,5.045559883117676,5.045559883117676,5.045559883117676,1
52,neck_01,5.042932987213135,5.042932987213135,5.042932987213135,1
21,RUpArmTwist_l_02,5.040423393249512,5.040423393249512,5.040423393249512,1
74,neck_01,5.03888463973999,5.03888463973999,5.03888463973999,1
7,spine_01,5.035438060760498,5.035438060760498,5.035438060760498,1
18,RUpArmTwist_l_02,5.024892807006836,5.024892807006836,5.024892807006836,1
13,head,5.023550033569336,5.023550033569336,5.023550033569336,1
17,RUpArmTwist_l_02,5.022320747375488,5.022320747375488,5.022320747375488,1
56,foot_l,5.0220136642456055,5.0220136642456055,5.0220136642456055,1
73,neck_01,5.018028736114502,5.018028736114502,5.018028736114502,1
69,head,5.015283107757568,5.015283107757568,5.015283107757568,1
26,head,5.014822959899902,5.014822959899902,5.014822959899902,1
40,pinky_01_r,5.01425313949585,5.01425313949585,5.01425313949585,1
24,ball_r,5.00711727142334,5.00711727142334,5.00711727142334,1
0,hand_l,4.9994120597839355,4.9994120597839355,4.9994120597839355,1
56,head,4.998218059539795,4.998218059539795,4.998218059539795,1
35,ball_r,4.9903974533081055,4.9903974533081055,4.9903974533081055,1
34,ball_r,4.988696575164795,4.988696575164795,4.988696575164795,1
23,ball_r,4.986784934997559,4.986784934997559,4.986784934997559,1
64,clavicle_l,4.982639312744141,4.982639312744141,4.982639312744141,1
13,ball_l,4.96986722946167,4.96986722946167,4.96986722946167,1
23,clavicle_l,4.968265056610107,4.968265056610107,4.968265056610107,1
33,ball_r,4.967913627624512,4.967913627624512,4.967913627624512,1
0,spine_02,4.966374397277832,4.966374397277832,4.966374397277832,1
19,thigh_r,4.959449768066406,4.959449768066406,4.959449768066406,1
31,clavicle_l,4.955227375030518,4.955227375030518,4.955227375030518,1
32,ball_r,4.949097156524658,4.949097156524658,4.949097156524658,1
31,ball_r,4.938910007476807,4.938910007476807,4.938910007476807,1
75,neck_01,4.92987060546875,4.92987060546875,4.92987060546875,1
19,ball_r,4.926672458648682,4.926672458648682,4.926672458648682,1
14,lowerarm_r,4.92595911026001,4.92595911026001,4.92595911026001,1
27,lowerarm_r,4.925188064575195,4.925188064575195,4.925188064575195,1
38,clavicle_l,4.9230265617370605,4.9230265617370605,4.9230265617370605,1
5,ball_r,4.911202907562256,4.911202907562256,4.911202907562256,1
6,ball_r,4.90977144241333,4.90977144241333,4.90977144241333,1
10,RUpArmTwist_l_02,4.909436225891113,4.909436225891113,4.909436225891113,1
61,foot_l,4.902421474456787,4.902421474456787,4.902421474456787,1
65,clavicle_l,4.898028373718262,4.898028373718262,4.898028373718262,1
54,foot_l,4.897917747497559,4.897917747497559,4.897917747497559,1
70,head,4.875489711761475,4.875489711761475,4.875489711761475,1
80,hand_l,4.874938011169434,4.874938011169434,4.874938011169434,1
9,pinky_01_r,4.872344017028809,4.872344017028809,4.872344017028809,1
78,hand_l,4.867062091827393,4.867062091827393,4.867062091827393,1
56,RUpArmTwist_l_02,4.863550662994385,4.863550662994385,4.863550662994385,1
55,RUpArmTwist_l_02,4.863449573516846,4.863449573516846,4.863449573516846,1
39,pinky_01_r,4.862717151641846,4.862717151641846,4.862717151641846,1
4,RUpArmTwist_l_01,4.861682415008545,4.861682415008545,4.861682415008545,1
64,ball_r,4.860413074493408,4.860413074493408,4.860413074493408,1
60,RUpArmTwist_l_02,4.857578277587891,4.857578277587891,4.857578277587891,1
51,neck_01,4.851288795471191,4.851288795471191,4.851288795471191,1
26,RUpArmTwist_l_02,4.847594261169434,4.847594261169434,4.847594261169434,1
37,pinky_01_r,4.838314056396484,4.838314056396484,4.838314056396484,1
60,foot_l,4.833592891693115,4.833592891693115,4.833592891693115,1
27,head,4.831577301025391,4.831577301025391,4.831577301025391,1
81,foot_r,4.819502830505371,4.819502830505371,4.819502830505371,1
5,spine_02,4.814818382263184,4.814818382263184,4.814818382263184,1
67,ball_r,4.809443950653076,4.809443950653076,4.809443950653076,1
20,RUpArmTwist_l_02,4.808021068572998,4.808021068572998,4.808021068572998,1
48,calf_l,4.807845115661621,4.807845115661621,4.807845115661621,1
69,ball_r,4.805281639099121,4.805281639099121,4.805281639099121,1
19,RUpArmTwist_l_02,4.804022789001465,4.804022789001465,4.804022789001465,1
79,hand_l,4.803898334503174,4.803898334503174,4.803898334503174,1
50,neck_01,4.803871154785156,4.803871154785156,4.803871154785156,1
68,foot_l,4.802942752838135,4.802942752838135,4.802942752838135,1
76,neck_01,4.790868282318115,4.790868282318115,4.790868282318115,1
38,pinky_01_r,4.788146018981934,4.788146018981934,4.788146018981934,1
68,ball_r,4.778513431549072,4.778513431549072,4.778513431549072,1
36,clavicle_l,4.776198863983154,4.776198863983154,4.776198863983154,1
32,clavicle_l,4.774444580078125,4.774444580078125,4.774444580078125,1
36,ball_r,4.772753715515137,4.772753715515137,4.772753715515137,1
22,clavicle_l,4.769040584564209,4.769040584564209,4.769040584564209,1
72,spine_01,4.7644267082214355,4.7644267082214355,4.7644267082214355,1
72,RUpArmTwist_l_01,4.758763313293457,4.758763313293457,4.758763313293457,1
37,clavicle_l,4.757273197174072,4.757273197174072,4.757273197174072,1
35,clavicle_l,4.752486705780029,4.752486705780029,4.752486705780029,1
65,ball_r,4.749387741088867,4.749387741088867,4.749387741088867,1
34,pinky_01_r,4.742463111877441,4.742463111877441,4.742463111877441,1
7,hand_l,4.73930025100708,4.73930025100708,4.73930025100708,1
70,ball_r,4.7385759353637695,4.7385759353637695,4.7385759353637695,1
50,calf_l,4.736339092254639,4.736339092254639,4.736339092254639,1
28,head,4.729153633117676,4.729153633117676,4.729153633117676,1
66,clavicle_l,4.726560115814209,4.726560115814209,4.726560115814209,1
36,pinky_01_r,4.717418670654297,4.717418670654297,4.717418670654297,1
67,foot_l,4.710521221160889,4.710521221160889,4.710521221160889,1
8,hand_l,4.7097978591918945,4.7097978591918945,4.7097978591918945,1
20,clavicle_l,4.707782745361328,4.707782745361328,4.707782745361328,1
77,neck_01,4.707637786865234,4.707637786865234,4.707637786865234,1
66,ball_r,4.706584930419922,4.706584930419922,4.706584930419922,1
85,spine_02,4.706521034240723,4.706521034240723,4.706521034240723,1
7,lowerarm_l,4.702744960784912,4.702744960784912,4.702744960784912,1
12,head,4.702694416046143,4.702694416046143,4.702694416046143,1
48,hand_l,4.701160907745361,4.701160907745361,4.701160907745361,1
49,calf_l,4.700239658355713,4.700239658355713,4.700239658355713,1
71,ball_r,4.697365760803223,4.697365760803223,4.697365760803223,1
35,pinky_01_r,4.694235324859619,4.694235324859619,4.694235324859619,1
19,clavicle_l,4.691011428833008,4.691011428833008,4.691011428833008,1
49,neck_01,4.690874099731445,4.690874099731445,4.690874099731445,1
33,clavicle_l,4.686410903930664,4.686410903930664,4.686410903930664,1
78,neck_01,4.684922218322754,4.684922218322754,4.684922218322754,1
13,clavicle_l,4.68367338180542,4.68367338180542,4.68367338180542,1
83,RUpArmTwist_r_02,4.683582305908203,4.683582305908203,4.683582305908203,1
55,head,4.682801723480225,4.682801723480225,4.682801723480225,1
82,RUpArmTwist_r_02,4.680947780609131,4.680947780609131,4.680947780609131,1
29,calf_l,4.679695129394531,4.679695129394531,4.679695129394531,1
53,foot_l,4.679625988006592,4.679625988006592,4.679625988006592,1
10,pinky_01_r,4.677951812744141,4.677951812744141,4.677951812744141,1
3,RUpArmTwist_r_02,4.667018413543701,4.667018413543701,4.667018413543701,1
18,clavicle_l,4.664860248565674,4.664860248565674,4.664860248565674,1
27,index_01_l,4.663930892944336,4.663930892944336,4.663930892944336,1
29,index_01_l,4.6595258712768555,4.6595258712768555,4.6595258712768555,1
31,index_01_l,4.658506870269775,4.658506870269775,4.658506870269775,1
33,pinky_01_r,4.653547286987305,4.653547286987305,4.653547286987305,1
71,head,4.650870323181152,4.650870323181152,4.650870323181152,1
34,clavicle_l,4.6503119468688965,4.6503119468688965,4.6503119468688965,1
28,index_01_l,4.648762226104736,4.648762226104736,4.648762226104736,1
0,RUpArmTwist_r_02,4.646126747131348,4.646126747131348,4.646126747131348,1
26,index_01_l,4.640811920166016,4.640811920166016,4.640811920166016,1
25,index_01_l,4.635798931121826,4.635798931121826,4.635798931121826,1
17,clavicle_l,4.635581016540527,4.635581016540527,4.635581016540527,1
12,clavicle_l,4.635224342346191,4.635224342346191,4.635224342346191,1
74,foot_l,4.631302833557129,4.631302833557129,4.631302833557129,1
32,index_01_l,4.63032865524292,4.63032865524292,4.63032865524292,1
52,ball_r,4.629649639129639,4.629649639129639,4.629649639129639,1
72,ball_r,4.6278605461120605,4.6278605461120605,4.6278605461120605,1
36,index_01_l,4.626336097717285,4.626336097717285,4.626336097717285,1
24,index_01_l,4.62606143951416,4.62606143951416,4.62606143951416,1
38,index_01_l,4.624966144561768,4.624966144561768,4.624966144561768,1
35,index_01_l,4.624674320220947,4.624674320220947,4.624674320220947,1
11,ball_l,4.62109899520874,4.62109899520874,4.62109899520874,1
16,clavicle_l,4.6200947761535645,4.6200947761535645,4.6200947761535645,1
4,ball_r,4.6174821853637695,4.6174821853637695,4.6174821853637695,1
66,foot_l,4.616466522216797,4.616466522216797,4.616466522216797,1
33,index_01_l,4.616310119628906,4.616310119628906,4.616310119628906,1
73,ball_r,4.614615440368652,4.614615440368652,4.614615440368652,1
30,index_01_l,4.613354682922363,4.613354682922363,4.613354682922363,1
56,lowerarm_r,4.613345146179199,4.613345146179199,4.613345146179199,1
14,clavicle_l,4.613292217254639,4.613292217254639,4.613292217254639,1
11,thigh_r,4.612094879150391,4.612094879150391,4.612094879150391,1
34,index_01_l,4.611081123352051,4.611081123352051,4.611081123352051,1
15,clavicle_l,4.609249591827393,4.609249591827393,4.609249591827393,1
21,clavicle_l,4.609222412109375,4.609222412109375,4.609222412109375,1
23,index_01_l,4.609123706817627,4.609123706817627,4.609123706817627,1
39,index_01_l,4.608211517333984,4.608211517333984,4.608211517333984,1
48,neck_01,4.607262134552002,4.607262134552002,4.607262134552002,1
37,index_01_l,4.6025471687316895,4.6025471687316895,4.6025471687316895,1
58,foot_l,4.60020637512207,4.60020637512207,4.60020637512207,1
79,neck_01,4.585830211639404,4.585830211639404,4.585830211639404,1
44,lowerarm_r,4.582769870758057,4.582769870758057,4.582769870758057,1
22,index_01_l,4.579122066497803,4.579122066497803,4.579122066497803,1
63,ball_r,4.577920913696289,4.577920913696289,4.577920913696289,1
67,clavicle_l,4.576413154602051,4.576413154602051,4.576413154602051,1
9,hand_l,4.572859287261963,4.572859287261963,4.572859287261963,1
40,index_01_l,4.571497917175293,4.571497917175293,4.571497917175293,1
21,index_01_l,4.569851398468018,4.569851398468018,4.569851398468018,1
8,upperarm_l,4.568480491638184,4.568480491638184,4.568480491638184,1
58,ball_r,4.565609455108643,4.565609455108643,4.565609455108643,1
54,RUpArmTwist_l_02,4.564848899841309,4.564848899841309,4.564848899841309,1
20,index_01_l,4.559599876403809,4.559599876403809,4.559599876403809,1
7,spine_02,4.55929708480835,4.55929708480835,4.55929708480835,1
18,thigh_r,4.55610990524292,4.55610990524292,4.55610990524292,1
85,ball_l,4.554786205291748,4.554786205291748,4.554786205291748,1
32,pinky_01_r,4.554488658905029,4.554488658905029,4.554488658905029,1
61,RUpArmTwist_l_02,4.551415920257568,4.551415920257568,4.551415920257568,1
29,head,4.55019474029541,4.55019474029541,4.55019474029541,1
19,index_01_l,4.54948091506958,4.54948091506958,4.54948091506958,1
74,ball_r,4.540894508361816,4.540894508361816,4.540894508361816,1
64,hand_l,4.534759044647217,4.534759044647217,4.534759044647217,1
69,foot_l,4.532004356384277,4.532004356384277,4.532004356384277,1
41,index_01_l,4.531488418579102,4.531488418579102,4.531488418579102,1
18,index_01_l,4.528538703918457,4.528538703918457,4.528538703918457,1
61,ball_r,4.525079250335693,4.525079250335693,4.525079250335693,1
17,index_01_l,4.52263879776001,4.52263879776001,4.52263879776001,1
47,neck_01,4.519236087799072,4.519236087799072,4.519236087799072,1
11,pinky_01_r,4.518962383270264,4.518962383270264,4.518962383270264,1
4,RUpArmTwist_r_02,4.503541469573975,4.503541469573975,4.503541469573975,1
12,index_01_l,4.50340461730957,4.50340461730957,4.50340461730957,1
77,ball_r,4.503046989440918,4.503046989440918,4.503046989440918,1
85,ball_r,4.500281810760498,4.500281810760498,4.500281810760498,1
78,ball_r,4.499261856079102,4.499261856079102,4.499261856079102,1
30,pinky_01_r,4.498161315917969,4.498161315917969,4.498161315917969,1
60,ball_r,4.497757434844971,4.497757434844971,4.497757434844971,1
16,index_01_l,4.4977126121521,4.4977126121521,4.4977126121521,1
76,ball_r,4.491235733032227,4.491235733032227,4.491235733032227,1
15,index_01_l,4.489567756652832,4.489567756652832,4.489567756652832,1
59,ball_r,4.485614776611328,4.485614776611328,4.485614776611328,1
81,hand_l,4.485614776611328,4.485614776611328,4.485614776611328,1
62,ball_r,4.484301567077637,4.484301567077637,4.484301567077637,1
75,ball_r,4.482953071594238,4.482953071594238,4.482953071594238,1
1,RUpArmTwist_r_02,4.480885028839111,4.480885028839111,4.480885028839111,1
14,index_01_l,4.475991249084473,4.475991249084473,4.475991249084473,1
11,head,4.475937843322754,4.475937843322754,4.475937843322754,1
13,index_01_l,4.4728851318359375,4.4728851318359375,4.4728851318359375,1
65,foot_l,4.469391345977783,4.469391345977783,4.469391345977783,1
42,index_01_l,4.468167781829834,4.468167781829834,4.468167781829834,1
80,neck_01,4.456523418426514,4.456523418426514,4.456523418426514,1
57,ball_r,4.445131301879883,4.445131301879883,4.445131301879883,1
79,ball_r,4.441997051239014,4.441997051239014,4.441997051239014,1
80,ball_r,4.433040618896484,4.433040618896484,4.433040618896484,1
68,clavicle_l,4.432997226715088,4.432997226715088,4.432997226715088,1
81,ball_r,4.4245429039001465,4.4245429039001465,4.4245429039001465,1
5,upperarm_l,4.421321868896484,4.421321868896484,4.421321868896484,1
31,pinky_01_r,4.419379711151123,4.419379711151123,4.419379711151123,1
43,index_01_l,4.419168949127197,4.419168949127197,4.419168949127197,1
1,hand_l,4.419063091278076,4.419063091278076,4.419063091278076,1
84,spine_02,4.418570518493652,4.418570518493652,4.418570518493652,1
42,ball_r,4.417816162109375,4.417816162109375,4.417816162109375,1
11,index_01_l,4.417511463165283,4.417511463165283,4.417511463165283,1
8,spine_02,4.415794849395752,4.415794849395752,4.415794849395752,1
72,head,4.415645122528076,4.415645122528076,4.415645122528076,1
52,foot_l,4.4097185134887695,4.4097185134887695,4.4097185134887695,1
53,ball_r,4.409327983856201,4.409327983856201,4.409327983856201,1
82,ball_r,4.408663749694824,4.408663749694824,4.408663749694824,1
6,spine_01,4.407322883605957,4.407322883605957,4.407322883605957,1
27,RUpArmTwist_l_02,4.40646505355835,4.40646505355835,4.40646505355835,1
64,foot_l,4.406428337097168,4.406428337097168,4.406428337097168,1
73,RUpArmTwist_l_01,4.405782222747803,4.405782222747803,4.405782222747803,1
73,spine_01,4.40114688873291,4.40114688873291,4.40114688873291,1
83,ball_r,4.393670558929443,4.393670558929443,4.393670558929443,1
46,neck_01,4.392962455749512,4.392962455749512,4.392962455749512,1
81,neck_01,4.39291524887085,4.39291524887085,4.39291524887085,1
3,RUpArmTwist_l_01,4.379303932189941,4.379303932189941,4.379303932189941,1
10,index_01_l,4.378330707550049,4.378330707550049,4.378330707550049,1
14,pinky_01_r,4.376896858215332,4.376896858215332,4.376896858215332,1
82,neck_01,4.374558448791504,4.374558448791504,4.374558448791504,1
84,ball_r,4.3669633865356445,4.3669633865356445,4.3669633865356445,1
15,pinky_01_r,4.3665642738342285,4.3665642738342285,4.3665642738342285,1
44,index_01_l,4.3623785972595215,4.3623785972595215,4.3623785972595215,1
3,ball_r,4.360020637512207,4.360020637512207,4.360020637512207,1
72,foot_r,4.358874320983887,4.358874320983887,4.358874320983887,1
37,ball_r,4.357079982757568,4.357079982757568,4.357079982757568,1
44,calf_r,4.356627941131592,4.356627941131592,4.356627941131592,1
56,ball_r,4.356141090393066,4.356141090393066,4.356141090393066,1
16,pinky_01_r,4.354664325714111,4.354664325714111,4.354664325714111,1
6,spine_02,4.3542094230651855,4.3542094230651855,4.3542094230651855,1
13,pinky_01_r,4.3526434898376465,4.3526434898376465,4.3526434898376465,1
11,clavicle_l,4.350249767303467,4.350249767303467,4.350249767303467,1
48,foot_l,4.34814977645874,4.34814977645874,4.34814977645874,1
30,head,4.345499515533447,4.345499515533447,4.345499515533447,1
58,foot_r,4.3447771072387695,4.3447771072387695,4.3447771072387695,1
9,index_01_l,4.341664791107178,4.341664791107178,4.341664791107178,1
85,neck_01,4.341376304626465,4.341376304626465,4.341376304626465,1
22,ball_l,4.339405059814453,4.339405059814453,4.339405059814453,1
52,clavicle_r,4.337849140167236,4.337849140167236,4.337849140167236,1
54,head,4.337660789489746,4.337660789489746,4.337660789489746,1
45,index_01_l,4.320815086364746,4.320815086364746,4.320815086364746,1
45,neck_01,4.317415237426758,4.317415237426758,4.317415237426758,1
12,pinky_01_r,4.3121418952941895,4.3121418952941895,4.3121418952941895,1
84,neck_01,4.311148166656494,4.311148166656494,4.311148166656494,1
55,ball_r,4.310629367828369,4.310629367828369,4.310629367828369,1
29,pinky_01_r,4.304506301879883,4.304506301879883,4.304506301879883,1
85,RUpArmTwist_r_02,4.303053855895996,4.303053855895996,4.303053855895996,1
73,head,4.301736354827881,4.301736354827881,4.301736354827881,1
84,RUpArmTwist_r_02,4.301710605621338,4.301710605621338,4.301710605621338,1
83,neck_01,4.299615859985352,4.299615859985352,4.299615859985352,1
42,neck_01,4.299256324768066,4.299256324768066,4.299256324768066,1
17,pinky_01_r,4.297567844390869,4.297567844390869,4.297567844390869,1
8,index_01_l,4.296084403991699,4.296084403991699,4.296084403991699,1
28,pinky_01_r,4.29459810256958,4.29459810256958,4.29459810256958,1
44,neck_01,4.293994426727295,4.293994426727295,4.293994426727295,1
2,RUpArmTwist_r_02,4.2915472984313965,4.2915472984313965,4.2915472984313965,1
9,RUpArmTwist_l_02,4.287143707275391,4.287143707275391,4.287143707275391,1
69,clavicle_l,4.2848219871521,4.2848219871521,4.2848219871521,1
18,pinky_01_r,4.28236198425293,4.28236198425293,4.28236198425293,1
21,ball_l,4.274492263793945,4.274492263793945,4.274492263793945,1
9,spine_02,4.273874282836914,4.273874282836914,4.273874282836914,1
43,neck_01,4.273484706878662,4.273484706878662,4.273484706878662,1
51,clavicle_r,4.270460605621338,4.270460605621338,4.270460605621338,1
46,index_01_l,4.269546031951904,4.269546031951904,4.269546031951904,1
52,RUpArmTwist_l_02,4.2686591148376465,4.2686591148376465,4.2686591148376465,1
53,clavicle_r,4.268461227416992,4.268461227416992,4.268461227416992,1
6,hand_l,4.2677130699157715,4.2677130699157715,4.2677130699157715,1
53,RUpArmTwist_l_02,4.265615940093994,4.265615940093994,4.265615940093994,1
15,lowerarm_r,4.258894443511963,4.258894443511963,4.258894443511963,1
0,ball_r,4.255129337310791,4.255129337310791,4.255129337310791,1
70,foot_l,4.253354549407959,4.253354549407959,4.253354549407959,1
7,index_01_l,4.253129959106445,4.253129959106445,4.253129959106445,1
62,RUpArmTwist_l_02,4.25045108795166,4.25045108795166,4.25045108795166,1
19,pinky_01_r,4.245752334594727,4.245752334594727,4.245752334594727,1
21,pinky_01_r,4.239534378051758,4.239534378051758,4.239534378051758,1
22,pinky_01_r,4.239499092102051,4.239499092102051,4.239499092102051,1
20,pinky_01_r,4.2389421463012695,4.2389421463012695,4.2389421463012695,1
47,index_01_l,4.237398624420166,4.237398624420166,4.237398624420166,1
26,pinky_01_r,4.236688137054443,4.236688137054443,4.236688137054443,1
63,foot_l,4.2355217933654785,4.2355217933654785,4.2355217933654785,1
50,clavicle_r,4.232102870941162,4.232102870941162,4.232102870941162,1
19,ball_l,4.230550289154053,4.230550289154053,4.230550289154053,1
63,hand_l,4.227954864501953,4.227954864501953,4.227954864501953,1
6,index_01_l,4.227268695831299,4.227268695831299,4.227268695831299,1
23,ball_l,4.2264580726623535,4.2264580726623535,4.2264580726623535,1
12,thigh_r,4.225896835327148,4.225896835327148,4.225896835327148,1
5,index_01_l,4.224612712860107,4.224612712860107,4.224612712860107,1
27,pinky_01_r,4.220510959625244,4.220510959625244,4.220510959625244,1
23,pinky_01_r,4.2143473625183105,4.2143473625183105,4.2143473625183105,1
25,pinky_01_r,4.2131571769714355,4.2131571769714355,4.2131571769714355,1
41,neck_01,4.206835746765137,4.206835746765137,4.206835746765137,1
83,spine_02,4.200011730194092,4.200011730194092,4.200011730194092,1
24,pinky_01_r,4.199355125427246,4.199355125427246,4.199355125427246,1
54,ball_r,4.196680545806885,4.196680545806885,4.196680545806885,1
4,index_01_l,4.191040515899658,4.191040515899658,4.191040515899658,1
83,ball_l,4.190878391265869,4.190878391265869,4.190878391265869,1
60,hand_l,4.188210487365723,4.188210487365723,4.188210487365723,1
2,ball_r,4.1867995262146,4.1867995262146,4.1867995262146,1
48,index_01_l,4.186579704284668,4.186579704284668,4.186579704284668,1
28,RUpArmTwist_l_02,4.183688640594482,4.183688640594482,4.183688640594482,1
26,lowerarm_r,4.181469440460205,4.181469440460205,4.181469440460205,1
3,index_01_l,4.1795783042907715,4.1795783042907715,4.1795783042907715,1
10,head,4.175997257232666,4.175997257232666,4.175997257232666,1
1,index_01_l,4.175234794616699,4.175234794616699,4.175234794616699,1
73,foot_l,4.170028209686279,4.170028209686279,4.170028209686279,1
0,index_01_l,4.167381286621094,4.167381286621094,4.167381286621094,1
2,index_01_l,4.166625022888184,4.166625022888184,4.166625022888184,1
1,ball_r,4.158924579620361,4.158924579620361,4.158924579620361,1
20,ball_l,4.154016494750977,4.154016494750977,4.154016494750977,1
54,clavicle_r,4.151572227478027,4.151572227478027,4.151572227478027,1
49,index_01_l,4.151378154754639,4.151378154754639,4.151378154754639,1
74,spine_01,4.149973392486572,4.149973392486572,4.149973392486572,1
85,index_01_l,4.139543533325195,4.139543533325195,4.139543533325195,1
57,index_01_l,4.139242172241211,4.139242172241211,4.139242172241211,1
59,index_01_l,4.138977527618408,4.138977527618408,4.138977527618408,1
56,index_01_l,4.138696193695068,4.138696193695068,4.138696193695068,1
84,index_01_l,4.138086318969727,4.138086318969727,4.138086318969727,1
58,index_01_l,4.134869575500488,4.134869575500488,4.134869575500488,1
61,index_01_l,4.132258415222168,4.132258415222168,4.132258415222168,1
62,index_01_l,4.131639003753662,4.131639003753662,4.131639003753662,1
83,index_01_l,4.131621837615967,4.131621837615967,4.131621837615967,1
55,index_01_l,4.130519866943359,4.130519866943359,4.130519866943359,1
60,index_01_l,4.129204273223877,4.129204273223877,4.129204273223877,1
82,index_01_l,4.125566005706787,4.125566005706787,4.125566005706787,1
63,index_01_l,4.125322341918945,4.125322341918945,4.125322341918945,1
18,ball_l,4.1249237060546875,4.1249237060546875,4.1249237060546875,1
50,index_01_l,4.1234130859375,4.1234130859375,4.1234130859375,1
40,neck_01,4.123039245605469,4.123039245605469,4.123039245605469,1
81,index_01_l,4.122542858123779,4.122542858123779,4.122542858123779,1
54,index_01_l,4.121883392333984,4.121883392333984,4.121883392333984,1
64,index_01_l,4.1204729080200195,4.1204729080200195,4.1204729080200195,1
65,index_01_l,4.119999408721924,4.119999408721924,4.119999408721924,1
66,index_01_l,4.115879058837891,4.115879058837891,4.115879058837891,1
53,index_01_l,4.115609645843506,4.115609645843506,4.115609645843506,1
80,index_01_l,4.114842414855957,4.114842414855957,4.114842414855957,1
51,index_01_l,4.1132988929748535,4.1132988929748535,4.1132988929748535,1
67,index_01_l,4.111771583557129,4.111771583557129,4.111771583557129,1
31,head,4.111115455627441,4.111115455627441,4.111115455627441,1
51,RUpArmTwist_l_02,4.110574245452881,4.110574245452881,4.110574245452881,1
68,index_01_l,4.110426425933838,4.110426425933838,4.110426425933838,1
79,index_01_l,4.1102375984191895,4.1102375984191895,4.1102375984191895,1
71,index_01_l,4.10956335067749,4.10956335067749,4.10956335067749,1
25,hand_l,4.108186721801758,4.108186721801758,4.108186721801758,1
61,hand_l,4.107608795166016,4.107608795166016,4.107608795166016,1
69,index_01_l,4.106845855712891,4.106845855712891,4.106845855712891,1
77,index_01_l,4.105390548706055,4.105390548706055,4.105390548706055,1
70,index_01_l,4.105314254760742,4.105314254760742,4.105314254760742,1
78,index_01_l,4.10477352142334,4.10477352142334,4.10477352142334,1
52,index_01_l,4.10405158996582,4.10405158996582,4.10405158996582,1
74,index_01_l,4.1035871505737305,4.1035871505737305,4.1035871505737305,1
76,index_01_l,4.103238105773926,4.103238105773926,4.103238105773926,1
73,index_01_l,4.100296974182129,4.100296974182129,4.100296974182129,1
72,index_01_l,4.100232124328613,4.100232124328613,4.100232124328613,1
75,index_01_l,4.0989508628845215,4.0989508628845215,4.0989508628845215,1
82,ball_l,4.098484039306641,4.098484039306641,4.098484039306641,1
3,hand_l,4.091091156005859,4.091091156005859,4.091091156005859,1
81,ball_l,4.0906805992126465,4.0906805992126465,4.0906805992126465,1
4,calf_l,4.084366798400879,4.084366798400879,4.084366798400879,1
49,hand_l,4.071358680725098,4.071358680725098,4.071358680725098,1
70,clavicle_l,4.066158294677734,4.066158294677734,4.066158294677734,1
49,clavicle_r,4.054234504699707,4.054234504699707,4.054234504699707,1
74,head,4.053494453430176,4.053494453430176,4.053494453430176,1
17,thigh_r,4.047200679779053,4.047200679779053,4.047200679779053,1
5,spine_01,4.046950817108154,4.046950817108154,4.046950817108154,1
10,clavicle_l,4.042662143707275,4.042662143707275,4.042662143707275,1
62,hand_l,4.041894435882568,4.041894435882568,4.041894435882568,1
55,clavicle_r,4.033754348754883,4.033754348754883,4.033754348754883,1
39,neck_01,4.027340888977051,4.027340888977051,4.027340888977051,1
4,hand_l,4.015129089355469,4.015129089355469,4.015129089355469,1
51,hand_l,3.999467372894287,3.999467372894287,3.999467372894287,1
74,RUpArmTwist_l_01,3.995664119720459,3.995664119720459,3.995664119720459,1
2,hand_l,3.995347738265991,3.995347738265991,3.995347738265991,1
62,ball_l,3.985896587371826,3.985896587371826,3.985896587371826,1
50,hand_l,3.982642889022827,3.982642889022827,3.982642889022827,1
38,ball_r,3.978512763977051,3.978512763977051,3.978512763977051,1
82,spine_02,3.9780635833740234,3.9780635833740234,3.9780635833740234,1
29,ball_l,3.977552652359009,3.977552652359009,3.977552652359009,1
15,ball_l,3.9731509685516357,3.9731509685516357,3.9731509685516357,1
0,neck_01,3.9702811241149902,3.9702811241149902,3.9702811241149902,1
8,RUpArmTwist_l_02,3.969536066055298,3.969536066055298,3.969536066055298,1
13,lowerarm_l,3.9691689014434814,3.9691689014434814,3.9691689014434814,1
29,RUpArmTwist_l_02,3.9652950763702393,3.9652950763702393,3.9652950763702393,1
30,RUpArmTwist_l_02,3.9599123001098633,3.9599123001098633,3.9599123001098633,1
82,foot_r,3.957149028778076,3.957149028778076,3.957149028778076,1
75,head,3.954435348510742,3.954435348510742,3.954435348510742,1
16,ball_l,3.951962947845459,3.951962947845459,3.951962947845459,1
51,foot_l,3.949495792388916,3.949495792388916,3.949495792388916,1
59,ball_l,3.9481704235076904,3.9481704235076904,3.9481704235076904,1
63,RUpArmTwist_l_02,3.9478371143341064,3.9478371143341064,3.9478371143341064,1
56,clavicle_r,3.9476492404937744,3.9476492404937744,3.9476492404937744,1
17,ball_l,3.9460339546203613,3.9460339546203613,3.9460339546203613,1
55,lowerarm_r,3.9430243968963623,3.9430243968963623,3.9430243968963623,1
85,foot_r,3.9362375736236572,3.9362375736236572,3.9362375736236572,1
5,hand_l,3.9361283779144287,3.9361283779144287,3.9361283779144287,1
6,upperarm_l,3.9327213764190674,3.9327213764190674,3.9327213764190674,1
24,ball_l,3.9314727783203125,3.9314727783203125,3.9314727783203125,1
30,ball_l,3.929786205291748,3.929786205291748,3.929786205291748,1
53,head,3.9270689487457275,3.9270689487457275,3.9270689487457275,1
12,ball_l,3.918654680252075,3.918654680252075,3.918654680252075,1
10,hand_l,3.9090163707733154,3.9090163707733154,3.9090163707733154,1
80,ball_l,3.9085335731506348,3.9085335731506348,3.9085335731506348,1
7,upperarm_l,3.879767656326294,3.879767656326294,3.879767656326294,1
16,thigh_r,3.8777873516082764,3.8777873516082764,3.8777873516082764,1
25,ball_l,3.8763625621795654,3.8763625621795654,3.8763625621795654,1
48,clavicle_r,3.8703765869140625,3.8703765869140625,3.8703765869140625,1
76,head,3.868441581726074,3.868441581726074,3.868441581726074,1
67,lowerarm_l,3.8669419288635254,3.8669419288635254,3.8669419288635254,1
75,spine_01,3.8568408489227295,3.8568408489227295,3.8568408489227295,1
38,neck_01,3.8538155555725098,3.8538155555725098,3.8538155555725098,1
45,ball_l,3.840857982635498,3.840857982635498,3.840857982635498,1
48,RUpArmTwist_l_02,3.835090160369873,3.835090160369873,3.835090160369873,1
57,clavicle_r,3.831777572631836,3.831777572631836,3.831777572631836,1
31,middle_01_l,3.8289506435394287,3.8289506435394287,3.8289506435394287,1
15,thigh_r,3.824711799621582,3.824711799621582,3.824711799621582,1
38,middle_01_l,3.824603796005249,3.824603796005249,3.824603796005249,1
13,thigh_r,3.8233158588409424,3.8233158588409424,3.8233158588409424,1
36,middle_01_l,3.8192944526672363,3.8192944526672363,3.8192944526672363,1
29,middle_01_l,3.8189995288848877,3.8189995288848877,3.8189995288848877,1
49,RUpArmTwist_l_02,3.817441463470459,3.817441463470459,3.817441463470459,1
35,middle_01_l,3.815951108932495,3.815951108932495,3.815951108932495,1
27,middle_01_l,3.811164379119873,3.811164379119873,3.811164379119873,1
39,middle_01_l,3.811062812805176,3.811062812805176,3.811062812805176,1
32,middle_01_l,3.8091752529144287,3.8091752529144287,3.8091752529144287,1
2,RUpArmTwist_l_01,3.808267593383789,3.808267593383789,3.808267593383789,1
28,middle_01_l,3.8053524494171143,3.8053524494171143,3.8053524494171143,1
33,middle_01_l,3.8031036853790283,3.8031036853790283,3.8031036853790283,1
34,middle_01_l,3.802088499069214,3.802088499069214,3.802088499069214,1
37,middle_01_l,3.8006656169891357,3.8006656169891357,3.8006656169891357,1
50,RUpArmTwist_l_02,3.800464153289795,3.800464153289795,3.800464153289795,1
14,ball_l,3.798020601272583,3.798020601272583,3.798020601272583,1
32,head,3.7921488285064697,3.7921488285064697,3.7921488285064697,1
9,clavicle_l,3.787121057510376,3.787121057510376,3.787121057510376,1
26,middle_01_l,3.7864482402801514,3.7864482402801514,3.7864482402801514,1
30,middle_01_l,3.7854795455932617,3.7854795455932617,3.7854795455932617,1
40,middle_01_l,3.7806344032287598,3.7806344032287598,3.7806344032287598,1
25,middle_01_l,3.776456356048584,3.776456356048584,3.776456356048584,1
71,clavicle_l,3.7690513134002686,3.7690513134002686,3.7690513134002686,1
45,lowerarm_r,3.766900062561035,3.766900062561035,3.766900062561035,1
32,ball_l,3.7659850120544434,3.7659850120544434,3.7659850120544434,1
24,middle_01_l,3.763056516647339,3.763056516647339,3.763056516647339,1
33,RUpArmTwist_l_02,3.754304885864258,3.754304885864258,3.754304885864258,1
31,RUpArmTwist_l_02,3.751215934753418,3.751215934753418,3.751215934753418,1
32,RUpArmTwist_l_02,3.749955415725708,3.749955415725708,3.749955415725708,1
41,middle_01_l,3.744781017303467,3.744781017303467,3.744781017303467,1
81,spine_02,3.7447426319122314,3.7447426319122314,3.7447426319122314,1
23,middle_01_l,3.7439072132110596,3.7439072132110596,3.7439072132110596,1
62,lowerarm_l,3.740291118621826,3.740291118621826,3.740291118621826,1
36,neck_01,3.736250162124634,3.736250162124634,3.736250162124634,1
42,ball_l,3.7346365451812744,3.7346365451812744,3.7346365451812744,1
37,neck_01,3.7280893325805664,3.7280893325805664,3.7280893325805664,1
26,ball_l,3.713836431503296,3.713836431503296,3.713836431503296,1
22,middle_01_l,3.7117087841033936,3.7117087841033936,3.7117087841033936,1
57,ball_l,3.711461305618286,3.711461305618286,3.711461305618286,1
72,foot_l,3.703312397003174,3.703312397003174,3.703312397003174,1
21,middle_01_l,3.7024052143096924,3.7024052143096924,3.7024052143096924,1
58,clavicle_r,3.702188730239868,3.702188730239868,3.702188730239868,1
28,ball_l,3.699651002883911,3.699651002883911,3.699651002883911,1
77,head,3.698774576187134,3.698774576187134,3.698774576187134,1
8,clavicle_l,3.694253444671631,3.694253444671631,3.694253444671631,1
31,ball_l,3.693319320678711,3.693319320678711,3.693319320678711,1
76,spine_01,3.6923909187316895,3.6923909187316895,3.6923909187316895,1
42,middle_01_l,3.6910877227783203,3.6910877227783203,3.6910877227783203,1
47,clavicle_r,3.689659357070923,3.689659357070923,3.689659357070923,1
84,ball_l,3.689626455307007,3.689626455307007,3.689626455307007,1
20,middle_01_l,3.6881518363952637,3.6881518363952637,3.6881518363952637,1
38,RUpArmTwist_l_02,3.680537462234497,3.680537462234497,3.680537462234497,1
39,RUpArmTwist_l_02,3.6803040504455566,3.6803040504455566,3.6803040504455566,1
60,ball_l,3.678457736968994,3.678457736968994,3.678457736968994,1
19,middle_01_l,3.67720103263855,3.67720103263855,3.67720103263855,1
40,RUpArmTwist_l_02,3.6711668968200684,3.6711668968200684,3.6711668968200684,1
36,RUpArmTwist_l_02,3.6710755825042725,3.6710755825042725,3.6710755825042725,1
16,lowerarm_r,3.67004132270813,3.67004132270813,3.67004132270813,1
37,RUpArmTwist_l_02,3.669553756713867,3.669553756713867,3.669553756713867,1
35,RUpArmTwist_l_02,3.6676108837127686,3.6676108837127686,3.6676108837127686,1
61,ball_l,3.666017770767212,3.666017770767212,3.666017770767212,1
34,RUpArmTwist_l_02,3.6624999046325684,3.6624999046325684,3.6624999046325684,1
18,middle_01_l,3.6589529514312744,3.6589529514312744,3.6589529514312744,1
43,middle_01_l,3.6555912494659424,3.6555912494659424,3.6555912494659424,1
40,ball_l,3.655456304550171,3.655456304550171,3.655456304550171,1
17,middle_01_l,3.652433395385742,3.652433395385742,3.652433395385742,1
64,RUpArmTwist_l_02,3.64558482170105,3.64558482170105,3.64558482170105,1
65,RUpArmTwist_l_02,3.6443254947662354,3.6443254947662354,3.6443254947662354,1
1,neck_01,3.641591787338257,3.641591787338257,3.641591787338257,1
2,neck_01,3.640655279159546,3.640655279159546,3.640655279159546,1
3,neck_01,3.6392405033111572,3.6392405033111572,3.6392405033111572,1
60,middle_01_l,3.6386616230010986,3.6386616230010986,3.6386616230010986,1
56,middle_01_l,3.633685350418091,3.633685350418091,3.633685350418091,1
57,middle_01_l,3.63332462310791,3.63332462310791,3.63332462310791,1
58,middle_01_l,3.6327309608459473,3.6327309608459473,3.6327309608459473,1
16,middle_01_l,3.632248640060425,3.632248640060425,3.632248640060425,1
59,middle_01_l,3.6321396827697754,3.6321396827697754,3.6321396827697754,1
49,foot_l,3.6307284832000732,3.6307284832000732,3.6307284832000732,1
35,neck_01,3.629913568496704,3.629913568496704,3.629913568496704,1
80,spine_02,3.6297922134399414,3.6297922134399414,3.6297922134399414,1
55,middle_01_l,3.628138542175293,3.628138542175293,3.628138542175293,1
52,head,3.6270742416381836,3.6270742416381836,3.6270742416381836,1
12,middle_01_l,3.6267075538635254,3.6267075538635254,3.6267075538635254,1
44,middle_01_l,3.6245787143707275,3.6245787143707275,3.6245787143707275,1
61,middle_01_l,3.6245479583740234,3.6245479583740234,3.6245479583740234,1
53,middle_01_l,3.6243374347686768,3.6243374347686768,3.6243374347686768,1
62,middle_01_l,3.6240804195404053,3.6240804195404053,3.6240804195404053,1
15,middle_01_l,3.623798370361328,3.623798370361328,3.623798370361328,1
54,middle_01_l,3.623119592666626,3.623119592666626,3.623119592666626,1
71,foot_r,3.620495557785034,3.620495557785034,3.620495557785034,1
79,ball_l,3.619685649871826,3.619685649871826,3.619685649871826,1
63,middle_01_l,3.617650270462036,3.617650270462036,3.617650270462036,1
4,spine_01,3.617400884628296,3.617400884628296,3.617400884628296,1
52,middle_01_l,3.6165506839752197,3.6165506839752197,3.6165506839752197,1
38,ball_l,3.6161258220672607,3.6161258220672607,3.6161258220672607,1
43,ball_l,3.613825798034668,3.613825798034668,3.613825798034668,1
45,middle_01_l,3.612842321395874,3.612842321395874,3.612842321395874,1
51,middle_01_l,3.612545967102051,3.612545967102051,3.612545967102051,1
65,middle_01_l,3.6116034984588623,3.6116034984588623,3.6116034984588623,1
14,middle_01_l,3.6112046241760254,3.6112046241760254,3.6112046241760254,1
64,middle_01_l,3.6107194423675537,3.6107194423675537,3.6107194423675537,1
6,calf_l,3.6092965602874756,3.6092965602874756,3.6092965602874756,1
77,spine_01,3.606884241104126,3.606884241104126,3.606884241104126,1
50,middle_01_l,3.6060590744018555,3.6060590744018555,3.6060590744018555,1
66,middle_01_l,3.60496187210083,3.60496187210083,3.60496187210083,1
13,middle_01_l,3.6046204566955566,3.6046204566955566,3.6046204566955566,1
49,middle_01_l,3.6039211750030518,3.6039211750030518,3.6039211750030518,1
46,middle_01_l,3.602470636367798,3.602470636367798,3.602470636367798,1
48,middle_01_l,3.6010687351226807,3.6010687351226807,3.6010687351226807,1
47,middle_01_l,3.6000874042510986,3.6000874042510986,3.6000874042510986,1
67,middle_01_l,3.5995490550994873,3.5995490550994873,3.5995490550994873,1
46,clavicle_r,3.5994725227355957,3.5994725227355957,3.5994725227355957,1
68,middle_01_l,3.59578013420105,3.59578013420105,3.59578013420105,1
50,foot_l,3.5948469638824463,3.5948469638824463,3.5948469638824463,1
71,middle_01_l,3.593870162963867,3.593870162963867,3.593870162963867,1
59,clavicle_r,3.5926783084869385,3.5926783084869385,3.5926783084869385,1
69,middle_01_l,3.592442512512207,3.592442512512207,3.592442512512207,1
27,ball_l,3.5918526649475098,3.5918526649475098,3.5918526649475098,1
70,middle_01_l,3.5896406173706055,3.5896406173706055,3.5896406173706055,1
74,middle_01_l,3.5830156803131104,3.5830156803131104,3.5830156803131104,1
72,middle_01_l,3.5821120738983154,3.5821120738983154,3.5821120738983154,1
47,spine_02,3.5795416831970215,3.5795416831970215,3.5795416831970215,1
4,neck_01,3.5794525146484375,3.5794525146484375,3.5794525146484375,1
73,middle_01_l,3.5786845684051514,3.5786845684051514,3.5786845684051514,1
76,middle_01_l,3.5777151584625244,3.5777151584625244,3.5777151584625244,1
44,spine_02,3.5771701335906982,3.5771701335906982,3.5771701335906982,1
75,middle_01_l,3.5734100341796875,3.5734100341796875,3.5734100341796875,1
77,middle_01_l,3.5722155570983887,3.5722155570983887,3.5722155570983887,1
33,ball_l,3.5707645416259766,3.5707645416259766,3.5707645416259766,1
11,middle_01_l,3.5694050788879395,3.5694050788879395,3.5694050788879395,1
78,middle_01_l,3.568905830383301,3.568905830383301,3.568905830383301,1
46,spine_02,3.5687007904052734,3.5687007904052734,3.5687007904052734,1
45,spine_02,3.5673489570617676,3.5673489570617676,3.5673489570617676,1
80,middle_01_l,3.5669565200805664,3.5669565200805664,3.5669565200805664,1
79,middle_01_l,3.566497564315796,3.566497564315796,3.566497564315796,1
9,head,3.5631868839263916,3.5631868839263916,3.5631868839263916,1
78,ball_l,3.5627384185791016,3.5627384185791016,3.5627384185791016,1
83,middle_01_l,3.5612668991088867,3.5612668991088867,3.5612668991088867,1
81,middle_01_l,3.561068058013916,3.561068058013916,3.561068058013916,1
82,middle_01_l,3.559539556503296,3.559539556503296,3.559539556503296,1
85,middle_01_l,3.558305501937866,3.558305501937866,3.558305501937866,1
84,middle_01_l,3.5555853843688965,3.5555853843688965,3.5555853843688965,1
78,head,3.5554187297821045,3.5554187297821045,3.5554187297821045,1
48,spine_02,3.555328607559204,3.555328607559204,3.555328607559204,1
5,neck_01,3.553874969482422,3.553874969482422,3.553874969482422,1
14,thigh_r,3.553781032562256,3.553781032562256,3.553781032562256,1
46,RUpArmTwist_l_02,3.553126811981201,3.553126811981201,3.553126811981201,1
6,neck_01,3.549257278442383,3.549257278442383,3.549257278442383,1
10,middle_01_l,3.546300172805786,3.546300172805786,3.546300172805786,1
41,ball_l,3.545076847076416,3.545076847076416,3.545076847076416,1
36,ball_l,3.5419387817382812,3.5419387817382812,3.5419387817382812,1
47,RUpArmTwist_l_02,3.5387911796569824,3.5387911796569824,3.5387911796569824,1
35,ball_l,3.5372238159179688,3.5372238159179688,3.5372238159179688,1
43,spine_02,3.536736488342285,3.536736488342285,3.536736488342285,1
0,middle_01_l,3.5297012329101562,3.5297012329101562,3.5297012329101562,1
9,middle_01_l,3.527235984802246,3.527235984802246,3.527235984802246,1
37,ball_l,3.5249533653259277,3.5249533653259277,3.5249533653259277,1
34,ball_l,3.5221939086914062,3.5221939086914062,3.5221939086914062,1
1,middle_01_l,3.5210039615631104,3.5210039615631104,3.5210039615631104,1
2,middle_01_l,3.5188727378845215,3.5188727378845215,3.5188727378845215,1
39,ball_l,3.517406702041626,3.517406702041626,3.517406702041626,1
45,clavicle_r,3.5157628059387207,3.5157628059387207,3.5157628059387207,1
34,neck_01,3.5135393142700195,3.5135393142700195,3.5135393142700195,1
8,middle_01_l,3.506697654724121,3.506697654724121,3.506697654724121,1
3,middle_01_l,3.505823850631714,3.505823850631714,3.505823850631714,1
5,middle_01_l,3.499216079711914,3.499216079711914,3.499216079711914,1
4,middle_01_l,3.499157190322876,3.499157190322876,3.499157190322876,1
75,RUpArmTwist_l_01,3.4984524250030518,3.4984524250030518,3.4984524250030518,1
7,middle_01_l,3.4979770183563232,3.4979770183563232,3.4979770183563232,1
6,middle_01_l,3.4974091053009033,3.4974091053009033,3.4974091053009033,1
79,head,3.4973080158233643,3.4973080158233643,3.4973080158233643,1
60,clavicle_r,3.495323657989502,3.495323657989502,3.495323657989502,1
39,ball_r,3.495088815689087,3.495088815689087,3.495088815689087,1
41,ball_r,3.487187385559082,3.487187385559082,3.487187385559082,1
47,ball_l,3.4868123531341553,3.4868123531341553,3.4868123531341553,1
25,lowerarm_r,3.473794460296631,3.473794460296631,3.473794460296631,1
56,ball_l,3.473278760910034,3.473278760910034,3.473278760910034,1
7,clavicle_l,3.470961570739746,3.470961570739746,3.470961570739746,1
33,head,3.4670164585113525,3.4670164585113525,3.4670164585113525,1
79,spine_02,3.46286678314209,3.46286678314209,3.46286678314209,1
11,hand_l,3.46260404586792,3.46260404586792,3.46260404586792,1
42,spine_02,3.456287384033203,3.456287384033203,3.456287384033203,1
52,hand_l,3.455747365951538,3.455747365951538,3.455747365951538,1
61,clavicle_r,3.4526140689849854,3.4526140689849854,3.4526140689849854,1
49,spine_02,3.446596622467041,3.446596622467041,3.446596622467041,1
44,clavicle_r,3.438847780227661,3.438847780227661,3.438847780227661,1
7,neck_01,3.4289133548736572,3.4289133548736572,3.4289133548736572,1
46,ball_l,3.4228036403656006,3.4228036403656006,3.4228036403656006,1
77,ball_l,3.4225478172302246,3.4225478172302246,3.4225478172302246,1
78,spine_01,3.4178383350372314,3.4178383350372314,3.4178383350372314,1
59,foot_r,3.4140114784240723,3.4140114784240723,3.4140114784240723,1
54,ball_l,3.412313222885132,3.412313222885132,3.412313222885132,1
71,foot_l,3.39833402633667,3.39833402633667,3.39833402633667,1
7,LCalfTwist_03,3.390155076980591,3.390155076980591,3.390155076980591,1
55,ball_l,3.386798143386841,3.386798143386841,3.386798143386841,1
8,neck_01,3.380934476852417,3.380934476852417,3.380934476852417,1
33,neck_01,3.374572277069092,3.374572277069092,3.374572277069092,1
6,clavicle_l,3.371504783630371,3.371504783630371,3.371504783630371,1
44,ball_l,3.3677690029144287,3.3677690029144287,3.3677690029144287,1
72,clavicle_l,3.3649470806121826,3.3649470806121826,3.3649470806121826,1
80,head,3.3622384071350098,3.3622384071350098,3.3622384071350098,1
6,LCalfTwist_03,3.357570171356201,3.357570171356201,3.357570171356201,1
7,RUpArmTwist_l_02,3.3438150882720947,3.3438150882720947,3.3438150882720947,1
79,spine_01,3.3427188396453857,3.3427188396453857,3.3427188396453857,1
66,RUpArmTwist_l_02,3.3425533771514893,3.3425533771514893,3.3425533771514893,1
27,neck_01,3.341308116912842,3.341308116912842,3.341308116912842,1
28,neck_01,3.3407299518585205,3.3407299518585205,3.3407299518585205,1
68,ball_l,3.3389604091644287,3.3389604091644287,3.3389604091644287,1
41,RUpArmTwist_l_02,3.336883068084717,3.336883068084717,3.336883068084717,1
76,ball_l,3.327594041824341,3.327594041824341,3.327594041824341,1
49,ball_l,3.3269166946411133,3.3269166946411133,3.3269166946411133,1
3,spine_01,3.3153791427612305,3.3153791427612305,3.3153791427612305,1
62,clavicle_r,3.3149938583374023,3.3149938583374023,3.3149938583374023,1
51,head,3.314615249633789,3.314615249633789,3.314615249633789,1
42,RUpArmTwist_l_02,3.3144755363464355,3.3144755363464355,3.3144755363464355,1
7,LCalfTwist_02,3.3137240409851074,3.3137240409851074,3.3137240409851074,1
8,head,3.3102364540100098,3.3102364540100098,3.3102364540100098,1
24,hand_l,3.3015310764312744,3.3015310764312744,3.3015310764312744,1
2,spine_01,3.2975940704345703,3.2975940704345703,3.2975940704345703,1
43,RUpArmTwist_l_02,3.2960541248321533,3.2960541248321533,3.2960541248321533,1
7,LCalfTwist_01,3.2934253215789795,3.2934253215789795,3.2934253215789795,1
5,clavicle_l,3.2843401432037354,3.2843401432037354,3.2843401432037354,1
10,spine_02,3.283874034881592,3.283874034881592,3.283874034881592,1
40,ball_r,3.2771480083465576,3.2771480083465576,3.2771480083465576,1
29,neck_01,3.276472568511963,3.276472568511963,3.276472568511963,1
78,spine_02,3.274045705795288,3.274045705795288,3.274045705795288,1
44,RUpArmTwist_l_02,3.2722349166870117,3.2722349166870117,3.2722349166870117,1
50,spine_02,3.26931095123291,3.26931095123291,3.26931095123291,1
8,LCalfTwist_03,3.2648935317993164,3.2648935317993164,3.2648935317993164,1
32,neck_01,3.2643909454345703,3.2643909454345703,3.2643909454345703,1
63,clavicle_r,3.260406255722046,3.260406255722046,3.260406255722046,1
45,RUpArmTwist_l_02,3.255054235458374,3.255054235458374,3.255054235458374,1
65,ball_l,3.253676652908325,3.253676652908325,3.253676652908325,1
43,clavicle_r,3.25042986869812,3.25042986869812,3.25042986869812,1
8,LCalfTwist_01,3.250406265258789,3.250406265258789,3.250406265258789,1
6,LCalfTwist_02,3.245373010635376,3.245373010635376,3.245373010635376,1
50,ball_l,3.244065523147583,3.244065523147583,3.244065523147583,1
54,lowerarm_r,3.241323232650757,3.241323232650757,3.241323232650757,1
52,ball_l,3.240870475769043,3.240870475769043,3.240870475769043,1
51,ball_l,3.2386059761047363,3.2386059761047363,3.2386059761047363,1
26,neck_01,3.2357921600341797,3.2357921600341797,3.2357921600341797,1
41,spine_02,3.234964370727539,3.234964370727539,3.234964370727539,1
8,LCalfTwist_02,3.2335150241851807,3.2335150241851807,3.2335150241851807,1
58,ball_l,3.232678174972534,3.232678174972534,3.232678174972534,1
2,clavicle_l,3.229973554611206,3.229973554611206,3.229973554611206,1
76,RUpArmTwist_l_01,3.2288546562194824,3.2288546562194824,3.2288546562194824,1
70,ball_l,3.2263050079345703,3.2263050079345703,3.2263050079345703,1
53,ball_l,3.225503921508789,3.225503921508789,3.225503921508789,1
80,spine_01,3.2227296829223633,3.2227296829223633,3.2227296829223633,1
4,clavicle_l,3.2197611331939697,3.2197611331939697,3.2197611331939697,1
69,ball_l,3.2173304557800293,3.2173304557800293,3.2173304557800293,1
1,clavicle_r,3.2167248725891113,3.2167248725891113,3.2167248725891113,1
81,head,3.214456081390381,3.214456081390381,3.214456081390381,1
64,clavicle_r,3.211029052734375,3.211029052734375,3.211029052734375,1
1,spine_01,3.210212230682373,3.210212230682373,3.210212230682373,1
6,LCalfTwist_01,3.2073116302490234,3.2073116302490234,3.2073116302490234,1
59,hand_l,3.204623222351074,3.204623222351074,3.204623222351074,1
82,spine_01,3.203000783920288,3.203000783920288,3.203000783920288,1
64,ball_l,3.2022242546081543,3.2022242546081543,3.2022242546081543,1
17,lowerarm_r,3.2021076679229736,3.2021076679229736,3.2021076679229736,1
81,spine_01,3.200085163116455,3.200085163116455,3.200085163116455,1
71,ball_l,3.197064161300659,3.197064161300659,3.197064161300659,1
48,ball_l,3.195899724960327,3.195899724960327,3.195899724960327,1
67,ball_l,3.1942498683929443,3.1942498683929443,3.1942498683929443,1
0,clavicle_r,3.1925554275512695,3.1925554275512695,3.1925554275512695,1
66,ball_l,3.1811745166778564,3.1811745166778564,3.1811745166778564,1
5,LCalfTwist_03,3.179508686065674,3.179508686065674,3.179508686065674,1
83,spine_01,3.1787002086639404,3.1787002086639404,3.1787002086639404,1
75,ball_l,3.1762444972991943,3.1762444972991943,3.1762444972991943,1
9,neck_01,3.169140338897705,3.169140338897705,3.169140338897705,1
30,neck_01,3.162842035293579,3.162842035293579,3.162842035293579,1
1,RUpArmTwist_l_01,3.1602399349212646,3.1602399349212646,3.1602399349212646,1
72,ball_l,3.1588754653930664,3.1588754653930664,3.1588754653930664,1
31,neck_01,3.154573440551758,3.154573440551758,3.154573440551758,1
63,ball_l,3.148878335952759,3.148878335952759,3.148878335952759,1
25,neck_01,3.1460726261138916,3.1460726261138916,3.1460726261138916,1
4,LCalfTwist_03,3.144547462463379,3.144547462463379,3.144547462463379,1
82,head,3.141818046569824,3.141818046569824,3.141818046569824,1
9,LCalfTwist_03,3.1378567218780518,3.1378567218780518,3.1378567218780518,1
84,foot_r,3.1350512504577637,3.1350512504577637,3.1350512504577637,1
73,ball_l,3.112751007080078,3.112751007080078,3.112751007080078,1
34,spine_02,3.1110777854919434,3.1110777854919434,3.1110777854919434,1
65,clavicle_r,3.1094460487365723,3.1094460487365723,3.1094460487365723,1
77,spine_02,3.105670690536499,3.105670690536499,3.105670690536499,1
74,ball_l,3.1037492752075195,3.1037492752075195,3.1037492752075195,1
10,neck_01,3.09610652923584,3.09610652923584,3.09610652923584,1
84,spine_01,3.090715169906616,3.090715169906616,3.090715169906616,1
33,spine_02,3.0858871936798096,3.0858871936798096,3.0858871936798096,1
66,clavicle_r,3.082582712173462,3.082582712173462,3.082582712173462,1
11,spine_02,3.074573040008545,3.074573040008545,3.074573040008545,1
3,clavicle_l,3.0725252628326416,3.0725252628326416,3.0725252628326416,1
35,spine_02,3.068582773208618,3.068582773208618,3.068582773208618,1
2,clavicle_r,3.067575693130493,3.067575693130493,3.067575693130493,1
83,foot_r,3.0663328170776367,3.0663328170776367,3.0663328170776367,1
24,neck_01,3.051656723022461,3.051656723022461,3.051656723022461,1
4,LCalfTwist_02,3.049882650375366,3.049882650375366,3.049882650375366,1
32,spine_02,3.046785593032837,3.046785593032837,3.046785593032837,1
9,LCalfTwist_01,3.041471481323242,3.041471481323242,3.041471481323242,1
67,clavicle_r,3.0407299995422363,3.0407299995422363,3.0407299995422363,1
67,RUpArmTwist_l_02,3.0406508445739746,3.0406508445739746,3.0406508445739746,1
68,RUpArmTwist_l_02,3.0406436920166016,3.0406436920166016,3.0406436920166016,1
51,spine_02,3.0392746925354004,3.0392746925354004,3.0392746925354004,1
34,head,3.0382158756256104,3.0382158756256104,3.0382158756256104,1
5,LCalfTwist_02,3.0372283458709717,3.0372283458709717,3.0372283458709717,1
40,spine_02,3.03603196144104,3.03603196144104,3.03603196144104,1
6,RUpArmTwist_l_02,3.031014919281006,3.031014919281006,3.031014919281006,1
68,clavicle_r,3.021406888961792,3.021406888961792,3.021406888961792,1
85,clavicle_r,3.0185258388519287,3.0185258388519287,3.0185258388519287,1
37,spine_02,3.00561785697937,3.00561785697937,3.00561785697937,1
69,RUpArmTwist_l_02,3.0040619373321533,3.0040619373321533,3.0040619373321533,1
42,clavicle_r,2.999143123626709,2.999143123626709,2.999143123626709,1
36,spine_02,2.9990406036376953,2.9990406036376953,2.9990406036376953,1
5,LCalfTwist_01,2.9951391220092773,2.9951391220092773,2.9951391220092773,1
12,hand_l,2.9894628524780273,2.9894628524780273,2.9894628524780273,1
9,LCalfTwist_02,2.9883670806884766,2.9883670806884766,2.9883670806884766,1
73,clavicle_l,2.986734628677368,2.986734628677368,2.986734628677368,1
4,LCalfTwist_01,2.9831125736236572,2.9831125736236572,2.9831125736236572,1
31,spine_02,2.975149393081665,2.975149393081665,2.975149393081665,1
11,neck_01,2.97493839263916,2.97493839263916,2.97493839263916,1
30,spine_02,2.968899726867676,2.968899726867676,2.968899726867676,1
69,clavicle_r,2.9652256965637207,2.9652256965637207,2.9652256965637207,1
3,LCalfTwist_03,2.9620747566223145,2.9620747566223145,2.9620747566223145,1
3,LCalfTwist_02,2.9605910778045654,2.9605910778045654,2.9605910778045654,1
76,spine_02,2.9555537700653076,2.9555537700653076,2.9555537700653076,1
77,RUpArmTwist_l_01,2.9494473934173584,2.9494473934173584,2.9494473934173584,1
39,spine_02,2.944077253341675,2.944077253341675,2.944077253341675,1
2,LCalfTwist_03,2.9424819946289062,2.9424819946289062,2.9424819946289062,1
83,head,2.9423694610595703,2.9423694610595703,2.9423694610595703,1
85,spine_01,2.9370710849761963,2.9370710849761963,2.9370710849761963,1
38,spine_02,2.93644642829895,2.93644642829895,2.93644642829895,1
23,neck_01,2.9323570728302,2.9323570728302,2.9323570728302,1
18,hand_l,2.9249684810638428,2.9249684810638428,2.9249684810638428,1
8,lowerarm_l,2.9159045219421387,2.9159045219421387,2.9159045219421387,1
12,spine_02,2.8926830291748047,2.8926830291748047,2.8926830291748047,1
3,LCalfTwist_01,2.881157398223877,2.881157398223877,2.881157398223877,1
1,clavicle_l,2.8725738525390625,2.8725738525390625,2.8725738525390625,1
29,spine_02,2.863006114959717,2.863006114959717,2.863006114959717,1
3,clavicle_r,2.8578920364379883,2.8578920364379883,2.8578920364379883,1
70,RUpArmTwist_l_02,2.8562350273132324,2.8562350273132324,2.8562350273132324,1
12,neck_01,2.8512020111083984,2.8512020111083984,2.8512020111083984,1
17,hand_l,2.849942684173584,2.849942684173584,2.849942684173584,1
84,clavicle_r,2.8492231369018555,2.8492231369018555,2.8492231369018555,1
21,neck_01,2.8458292484283447,2.8458292484283447,2.8458292484283447,1
84,head,2.844710111618042,2.844710111618042,2.844710111618042,1
2,LCalfTwist_02,2.8433003425598145,2.8433003425598145,2.8433003425598145,1
70,clavicle_r,2.84253191947937,2.84253191947937,2.84253191947937,1
23,hand_l,2.834137439727783,2.834137439727783,2.834137439727783,1
52,spine_02,2.827738046646118,2.827738046646118,2.827738046646118,1
53,hand_l,2.8063690662384033,2.8063690662384033,2.8063690662384033,1
50,head,2.7983124256134033,2.7983124256134033,2.7983124256134033,1
28,spine_02,2.7945568561553955,2.7945568561553955,2.7945568561553955,1
70,foot_r,2.7888410091400146,2.7888410091400146,2.7888410091400146,1
19,hand_l,2.7867534160614014,2.7867534160614014,2.7867534160614014,1
22,neck_01,2.7860665321350098,2.7860665321350098,2.7860665321350098,1
7,head,2.785526990890503,2.785526990890503,2.785526990890503,1
46,lowerarm_r,2.780778408050537,2.780778408050537,2.780778408050537,1
1,LCalfTwist_03,2.7759804725646973,2.7759804725646973,2.7759804725646973,1
0,clavicle_l,2.7723441123962402,2.7723441123962402,2.7723441123962402,1
47,calf_r,2.7722573280334473,2.7722573280334473,2.7722573280334473,1
0,spine_01,2.7669332027435303,2.7669332027435303,2.7669332027435303,1
0,LCalfTwist_03,2.7662816047668457,2.7662816047668457,2.7662816047668457,1
35,head,2.765566110610962,2.765566110610962,2.765566110610962,1
15,hand_l,2.7627174854278564,2.7627174854278564,2.7627174854278564,1
75,spine_02,2.7621655464172363,2.7621655464172363,2.7621655464172363,1
2,LCalfTwist_01,2.7614433765411377,2.7614433765411377,2.7614433765411377,1
13,hand_l,2.760528802871704,2.760528802871704,2.760528802871704,1
16,hand_l,2.7565438747406006,2.7565438747406006,2.7565438747406006,1
4,clavicle_r,2.750967264175415,2.750967264175415,2.750967264175415,1
85,head,2.7323334217071533,2.7323334217071533,2.7323334217071533,1
1,LCalfTwist_02,2.726130247116089,2.726130247116089,2.726130247116089,1
5,RUpArmTwist_l_02,2.7210168838500977,2.7210168838500977,2.7210168838500977,1
0,LCalfTwist_02,2.718496084213257,2.718496084213257,2.718496084213257,1
4,RUpArmTwist_l_02,2.714099407196045,2.714099407196045,2.714099407196045,1
14,hand_l,2.710632562637329,2.710632562637329,2.710632562637329,1
71,RUpArmTwist_l_02,2.7094388008117676,2.7094388008117676,2.7094388008117676,1
41,clavicle_r,2.6962292194366455,2.6962292194366455,2.6962292194366455,1
10,LCalfTwist_01,2.6867988109588623,2.6867988109588623,2.6867988109588623,1
83,clavicle_r,2.685534954071045,2.685534954071045,2.685534954071045,1
27,spine_02,2.6767935752868652,2.6767935752868652,2.6767935752868652,1
78,RUpArmTwist_l_01,2.671738624572754,2.671738624572754,2.671738624572754,1
13,neck_01,2.661984920501709,2.661984920501709,2.661984920501709,1
74,clavicle_l,2.658522129058838,2.658522129058838,2.658522129058838,1
19,neck_01,2.6513149738311768,2.6513149738311768,2.6513149738311768,1
1,LCalfTwist_01,2.649352550506592,2.649352550506592,2.649352550506592,1
10,LCalfTwist_03,2.6493029594421387,2.6493029594421387,2.6493029594421387,1
20,neck_01,2.644636392593384,2.644636392593384,2.644636392593384,1
0,LCalfTwist_01,2.6352787017822266,2.6352787017822266,2.6352787017822266,1
18,neck_01,2.6335432529449463,2.6335432529449463,2.6335432529449463,1
6,head,2.628002405166626,2.628002405166626,2.628002405166626,1
45,calf_r,2.621917724609375,2.621917724609375,2.621917724609375,1
71,clavicle_r,2.611797571182251,2.611797571182251,2.611797571182251,1
36,head,2.6099953651428223,2.6099953651428223,2.6099953651428223,1
10,LCalfTwist_02,2.6080355644226074,2.6080355644226074,2.6080355644226074,1
53,spine_02,2.5975170135498047,2.5975170135498047,2.5975170135498047,1
14,neck_01,2.5871944427490234,2.5871944427490234,2.5871944427490234,1
20,hand_l,2.5848705768585205,2.5848705768585205,2.5848705768585205,1
82,clavicle_r,2.5835351943969727,2.5835351943969727,2.5835351943969727,1
53,lowerarm_r,2.574270248413086,2.574270248413086,2.574270248413086,1
24,lowerarm_r,2.57098126411438,2.57098126411438,2.57098126411438,1
72,RUpArmTwist_l_02,2.56169056892395,2.56169056892395,2.56169056892395,1
17,neck_01,2.559603214263916,2.559603214263916,2.559603214263916,1
74,spine_02,2.5584070682525635,2.5584070682525635,2.5584070682525635,1
15,neck_01,2.5522139072418213,2.5522139072418213,2.5522139072418213,1
5,clavicle_r,2.5414493083953857,2.5414493083953857,2.5414493083953857,1
26,spine_02,2.540034532546997,2.540034532546997,2.540034532546997,1
69,calf_r,2.5341124534606934,2.5341124534606934,2.5341124534606934,1
6,clavicle_r,2.5240819454193115,2.5240819454193115,2.5240819454193115,1
16,neck_01,2.496751308441162,2.496751308441162,2.496751308441162,1
13,spine_02,2.4795100688934326,2.4795100688934326,2.4795100688934326,1
81,clavicle_r,2.4752912521362305,2.4752912521362305,2.4752912521362305,1
7,clavicle_r,2.467755079269409,2.467755079269409,2.467755079269409,1
18,lowerarm_r,2.4618027210235596,2.4618027210235596,2.4618027210235596,1
40,clavicle_r,2.457240343093872,2.457240343093872,2.457240343093872,1
0,RUpArmTwist_l_01,2.435542345046997,2.435542345046997,2.435542345046997,1
37,head,2.4235873222351074,2.4235873222351074,2.4235873222351074,1
49,head,2.4181225299835205,2.4181225299835205,2.4181225299835205,1
73,RUpArmTwist_l_02,2.416365385055542,2.416365385055542,2.416365385055542,1
72,clavicle_r,2.407360792160034,2.407360792160034,2.407360792160034,1
3,RUpArmTwist_l_02,2.40272855758667,2.40272855758667,2.40272855758667,1
79,RUpArmTwist_l_01,2.3963429927825928,2.3963429927825928,2.3963429927825928,1
75,clavicle_l,2.3917605876922607,2.3917605876922607,2.3917605876922607,1
38,head,2.3817386627197266,2.3817386627197266,2.3817386627197266,1
5,head,2.381326913833618,2.381326913833618,2.381326913833618,1
21,hand_l,2.3587136268615723,2.3587136268615723,2.3587136268615723,1
66,lowerarm_l,2.3562638759613037,2.3562638759613037,2.3562638759613037,1
8,clavicle_r,2.352254629135132,2.352254629135132,2.352254629135132,1
85,LCalfTwist_03,2.3437163829803467,2.3437163829803467,2.3437163829803467,1
54,spine_02,2.3402814865112305,2.3402814865112305,2.3402814865112305,1
58,hand_l,2.3377740383148193,2.3377740383148193,2.3377740383148193,1
30,clavicle_r,2.3354592323303223,2.3354592323303223,2.3354592323303223,1
28,clavicle_r,2.3276610374450684,2.3276610374450684,2.3276610374450684,1
29,clavicle_r,2.327047348022461,2.327047348022461,2.327047348022461,1
22,hand_l,2.326491117477417,2.326491117477417,2.326491117477417,1
34,clavicle_r,2.317692995071411,2.317692995071411,2.317692995071411,1
25,spine_02,2.31109356880188,2.31109356880188,2.31109356880188,1
60,foot_r,2.30739426612854,2.30739426612854,2.30739426612854,1
85,LCalfTwist_02,2.2982261180877686,2.2982261180877686,2.2982261180877686,1
80,clavicle_r,2.2876198291778564,2.2876198291778564,2.2876198291778564,1
31,clavicle_r,2.2849268913269043,2.2849268913269043,2.2849268913269043,1
25,clavicle_r,2.274624824523926,2.274624824523926,2.274624824523926,1
54,hand_l,2.274503469467163,2.274503469467163,2.274503469467163,1
74,RUpArmTwist_l_02,2.271919012069702,2.271919012069702,2.271919012069702,1
39,head,2.267026901245117,2.267026901245117,2.267026901245117,1
73,spine_02,2.2615108489990234,2.2615108489990234,2.2615108489990234,1
26,clavicle_r,2.2596068382263184,2.2596068382263184,2.2596068382263184,1
39,clavicle_r,2.2594153881073,2.2594153881073,2.2594153881073,1
33,clavicle_r,2.257927179336548,2.257927179336548,2.257927179336548,1
27,clavicle_r,2.2543649673461914,2.2543649673461914,2.2543649673461914,1
63,lowerarm_l,2.240983009338379,2.240983009338379,2.240983009338379,1
9,clavicle_r,2.23708176612854,2.23708176612854,2.23708176612854,1
24,clavicle_r,2.2356932163238525,2.2356932163238525,2.2356932163238525,1
73,clavicle_r,2.233815908432007,2.233815908432007,2.233815908432007,1
85,clavicle_l,2.2080185413360596,2.2080185413360596,2.2080185413360596,1
85,LCalfTwist_01,2.2020957469940186,2.2020957469940186,2.2020957469940186,1
32,clavicle_r,2.1880619525909424,2.1880619525909424,2.1880619525909424,1
23,clavicle_r,2.168260097503662,2.168260097503662,2.168260097503662,1
10,clavicle_r,2.1638529300689697,2.1638529300689697,2.1638529300689697,1
11,LCalfTwist_03,2.157557249069214,2.157557249069214,2.157557249069214,1
76,clavicle_l,2.15525484085083,2.15525484085083,2.15525484085083,1
4,head,2.154021978378296,2.154021978378296,2.154021978378296,1
38,clavicle_r,2.146061897277832,2.146061897277832,2.146061897277832,1
11,LCalfTwist_01,2.1436233520507812,2.1436233520507812,2.1436233520507812,1
12,lowerarm_l,2.1429529190063477,2.1429529190063477,2.1429529190063477,1
79,clavicle_r,2.1383321285247803,2.1383321285247803,2.1383321285247803,1
35,clavicle_r,2.1369030475616455,2.1369030475616455,2.1369030475616455,1
36,clavicle_r,2.1319363117218018,2.1319363117218018,2.1319363117218018,1
55,spine_02,2.1234757900238037,2.1234757900238037,2.1234757900238037,1
24,spine_02,2.1184186935424805,2.1184186935424805,2.1184186935424805,1
11,clavicle_r,2.1061418056488037,2.1061418056488037,2.1061418056488037,1
2,RUpArmTwist_l_02,2.096139669418335,2.096139669418335,2.096139669418335,1
22,clavicle_r,2.0948188304901123,2.0948188304901123,2.0948188304901123,1
40,head,2.0946803092956543,2.0946803092956543,2.0946803092956543,1
37,clavicle_r,2.091630697250366,2.091630697250366,2.091630697250366,1
21,clavicle_r,2.0877249240875244,2.0877249240875244,2.0877249240875244,1
74,clavicle_r,2.0862786769866943,2.0862786769866943,2.0862786769866943,1
48,head,2.0835764408111572,2.0835764408111572,2.0835764408111572,1
14,spine_02,2.0581798553466797,2.0581798553466797,2.0581798553466797,1
72,spine_02,2.0581436157226562,2.0581436157226562,2.0581436157226562,1
80,RUpArmTwist_l_01,2.0542471408843994,2.0542471408843994,2.0542471408843994,1
84,LCalfTwist_02,2.049734354019165,2.049734354019165,2.049734354019165,1
11,LCalfTwist_02,2.0403084754943848,2.0403084754943848,2.0403084754943848,1
77,clavicle_l,2.026263952255249,2.026263952255249,2.026263952255249,1
70,calf_r,2.026191473007202,2.026191473007202,2.026191473007202,1
0,head,2.0096538066864014,2.0096538066864014,2.0096538066864014,1
78,clavicle_r,1.9999637603759766,1.9999637603759766,1.9999637603759766,1
18,clavicle_r,1.9894230365753174,1.9894230365753174,1.9894230365753174,1
75,RUpArmTwist_l_02,1.9807075262069702,1.9807075262069702,1.9807075262069702,1
41,head,1.9781051874160767,1.9781051874160767,1.9781051874160767,1
84,LCalfTwist_03,1.968729019165039,1.968729019165039,1.968729019165039,1
75,clavicle_r,1.9645124673843384,1.9645124673843384,1.9645124673843384,1
83,LCalfTwist_03,1.962884545326233,1.962884545326233,1.962884545326233,1
83,LCalfTwist_02,1.9617928266525269,1.9617928266525269,1.9617928266525269,1
52,lowerarm_r,1.9510207176208496,1.9510207176208496,1.9510207176208496,1
65,ring_01_r,1.949454665184021,1.949454665184021,1.949454665184021,1
60,ring_01_r,1.9494425058364868,1.9494425058364868,1.9494425058364868,1
84,LCalfTwist_01,1.9489434957504272,1.9489434957504272,1.9489434957504272,1
23,spine_02,1.9480719566345215,1.9480719566345215,1.9480719566345215,1
63,ring_01_r,1.9470674991607666,1.9470674991607666,1.9470674991607666,1
64,ring_01_r,1.945847511291504,1.945847511291504,1.945847511291504,1
66,ring_01_r,1.9454368352890015,1.9454368352890015,1.9454368352890015,1
62,ring_01_r,1.9447354078292847,1.9447354078292847,1.9447354078292847,1
19,clavicle_r,1.944731593132019,1.944731593132019,1.944731593132019,1
67,ring_01_r,1.9442193508148193,1.9442193508148193,1.9442193508148193,1
69,ring_01_r,1.9418129920959473,1.9418129920959473,1.9418129920959473,1
16,clavicle_r,1.9417109489440918,1.9417109489440918,1.9417109489440918,1
61,ring_01_r,1.9415380954742432,1.9415380954742432,1.9415380954742432,1
68,ring_01_r,1.9414678812026978,1.9414678812026978,1.9414678812026978,1
76,clavicle_r,1.939380407333374,1.939380407333374,1.939380407333374,1
70,ring_01_r,1.9386851787567139,1.9386851787567139,1.9386851787567139,1
71,ring_01_r,1.9385737180709839,1.9385737180709839,1.9385737180709839,1
58,ring_01_r,1.9381580352783203,1.9381580352783203,1.9381580352783203,1
59,ring_01_r,1.9366028308868408,1.9366028308868408,1.9366028308868408,1
72,ring_01_r,1.9342445135116577,1.9342445135116577,1.9342445135116577,1
74,ring_01_r,1.9305707216262817,1.9305707216262817,1.9305707216262817,1
73,ring_01_r,1.9283368587493896,1.9283368587493896,1.9283368587493896,1
57,ring_01_r,1.9272058010101318,1.9272058010101318,1.9272058010101318,1
78,clavicle_l,1.9258719682693481,1.9258719682693481,1.9258719682693481,1
76,ring_01_r,1.9239683151245117,1.9239683151245117,1.9239683151245117,1
75,ring_01_r,1.9233132600784302,1.9233132600784302,1.9233132600784302,1
56,ring_01_r,1.920257568359375,1.920257568359375,1.920257568359375,1
77,clavicle_r,1.9196025133132935,1.9196025133132935,1.9196025133132935,1
77,ring_01_r,1.917104721069336,1.917104721069336,1.917104721069336,1
78,ring_01_r,1.915551781654358,1.915551781654358,1.915551781654358,1
55,ring_01_r,1.9153656959533691,1.9153656959533691,1.9153656959533691,1
71,spine_02,1.9107221364974976,1.9107221364974976,1.9107221364974976,1
53,ring_01_r,1.9106980562210083,1.9106980562210083,1.9106980562210083,1
54,ring_01_r,1.9101285934448242,1.9101285934448242,1.9101285934448242,1
47,head,1.9099817276000977,1.9099817276000977,1.9099817276000977,1
20,clavicle_r,1.9086878299713135,1.9086878299713135,1.9086878299713135,1
79,ring_01_r,1.908249855041504,1.908249855041504,1.908249855041504,1
80,ring_01_r,1.9057209491729736,1.9057209491729736,1.9057209491729736,1
52,ring_01_r,1.9056044816970825,1.9056044816970825,1.9056044816970825,1
17,clavicle_r,1.905208945274353,1.905208945274353,1.905208945274353,1
15,clavicle_r,1.9031015634536743,1.9031015634536743,1.9031015634536743,1
14,clavicle_r,1.8990451097488403,1.8990451097488403,1.8990451097488403,1
81,ring_01_r,1.8950397968292236,1.8950397968292236,1.8950397968292236,1
12,clavicle_r,1.8942747116088867,1.8942747116088867,1.8942747116088867,1
84,clavicle_l,1.893804907798767,1.893804907798767,1.893804907798767,1
82,ring_01_r,1.89125657081604,1.89125657081604,1.89125657081604,1
51,ring_01_r,1.8900458812713623,1.8900458812713623,1.8900458812713623,1
83,ring_01_r,1.8891938924789429,1.8891938924789429,1.8891938924789429,1
85,ring_01_r,1.8817583322525024,1.8817583322525024,1.8817583322525024,1
18,LCalfTwist_01,1.8789502382278442,1.8789502382278442,1.8789502382278442,1
84,ring_01_r,1.8781472444534302,1.8781472444534302,1.8781472444534302,1
50,ring_01_r,1.8756436109542847,1.8756436109542847,1.8756436109542847,1
19,lowerarm_r,1.86812424659729,1.86812424659729,1.86812424659729,1
79,clavicle_l,1.8653250932693481,1.8653250932693481,1.8653250932693481,1
13,clavicle_r,1.862938404083252,1.862938404083252,1.862938404083252,1
3,head,1.861889362335205,1.861889362335205,1.861889362335205,1
69,foot_r,1.8599320650100708,1.8599320650100708,1.8599320650100708,1
47,lowerarm_r,1.8520876169204712,1.8520876169204712,1.8520876169204712,1
49,ring_01_r,1.8519783020019531,1.8519783020019531,1.8519783020019531,1
81,RUpArmTwist_l_01,1.85023832321167,1.85023832321167,1.85023832321167,1
83,LCalfTwist_01,1.8411364555358887,1.8411364555358887,1.8411364555358887,1
22,spine_02,1.83903169631958,1.83903169631958,1.83903169631958,1
80,clavicle_l,1.8373304605484009,1.8373304605484009,1.8373304605484009,1
76,RUpArmTwist_l_02,1.8372259140014648,1.8372259140014648,1.8372259140014648,1
0,ring_01_r,1.834136724472046,1.834136724472046,1.834136724472046,1
48,ring_01_r,1.8290296792984009,1.8290296792984009,1.8290296792984009,1
2,ring_01_r,1.8285077810287476,1.8285077810287476,1.8285077810287476,1
19,LCalfTwist_03,1.8283402919769287,1.8283402919769287,1.8283402919769287,1
19,LCalfTwist_01,1.8268933296203613,1.8268933296203613,1.8268933296203613,1
17,LCalfTwist_01,1.8262460231781006,1.8262460231781006,1.8262460231781006,1
42,head,1.8237817287445068,1.8237817287445068,1.8237817287445068,1
18,LCalfTwist_03,1.8223532438278198,1.8223532438278198,1.8223532438278198,1
1,ring_01_r,1.8204052448272705,1.8204052448272705,1.8204052448272705,1
21,spine_02,1.8202992677688599,1.8202992677688599,1.8202992677688599,1
17,LCalfTwist_03,1.8164931535720825,1.8164931535720825,1.8164931535720825,1
70,spine_02,1.8090324401855469,1.8090324401855469,1.8090324401855469,1
3,ring_01_r,1.8056360483169556,1.8056360483169556,1.8056360483169556,1
57,hand_l,1.799088954925537,1.799088954925537,1.799088954925537,1
39,R_ForeTwist_01,1.7969982624053955,1.7969982624053955,1.7969982624053955,1
4,ring_01_r,1.7932277917861938,1.7932277917861938,1.7932277917861938,1
1,RUpArmTwist_l_02,1.7906845808029175,1.7906845808029175,1.7906845808029175,1
47,ring_01_r,1.7900397777557373,1.7900397777557373,1.7900397777557373,1
35,R_ForeTwist_01,1.784253716468811,1.784253716468811,1.784253716468811,1
81,clavicle_l,1.7742000818252563,1.7742000818252563,1.7742000818252563,1
20,LCalfTwist_01,1.7703102827072144,1.7703102827072144,1.7703102827072144,1
46,ring_01_r,1.7685025930404663,1.7685025930404663,1.7685025930404663,1
5,ring_01_r,1.760412335395813,1.760412335395813,1.760412335395813,1
36,R_ForeTwist_01,1.7557182312011719,1.7557182312011719,1.7557182312011719,1
6,ring_01_r,1.7553359270095825,1.7553359270095825,1.7553359270095825,1
37,R_ForeTwist_01,1.7545413970947266,1.7545413970947266,1.7545413970947266,1
43,head,1.75148344039917,1.75148344039917,1.75148344039917,1
21,LCalfTwist_01,1.7427560091018677,1.7427560091018677,1.7427560091018677,1
38,R_ForeTwist_01,1.7328819036483765,1.7328819036483765,1.7328819036483765,1
45,ring_01_r,1.7327262163162231,1.7327262163162231,1.7327262163162231,1
7,ring_01_r,1.7311407327651978,1.7311407327651978,1.7311407327651978,1
33,R_ForeTwist_01,1.7307697534561157,1.7307697534561157,1.7307697534561157,1
56,spine_02,1.7300617694854736,1.7300617694854736,1.7300617694854736,1
2,head,1.7285988330841064,1.7285988330841064,1.7285988330841064,1
42,R_ForeTwist_01,1.7276027202606201,1.7276027202606201,1.7276027202606201,1
32,R_ForeTwist_01,1.7269072532653809,1.7269072532653809,1.7269072532653809,1
40,R_ForeTwist_01,1.7259349822998047,1.7259349822998047,1.7259349822998047,1
18,LCalfTwist_02,1.724192500114441,1.724192500114441,1.724192500114441,1
34,R_ForeTwist_01,1.7143585681915283,1.7143585681915283,1.7143585681915283,1
41,R_ForeTwist_01,1.7138270139694214,1.7138270139694214,1.7138270139694214,1
43,R_ForeTwist_01,1.7105345726013184,1.7105345726013184,1.7105345726013184,1
44,head,1.7102493047714233,1.7102493047714233,1.7102493047714233,1
46,head,1.7081378698349,1.7081378698349,1.7081378698349,1
44,ring_01_r,1.7060879468917847,1.7060879468917847,1.7060879468917847,1
22,LCalfTwist_01,1.7012090682983398,1.7012090682983398,1.7012090682983398,1
45,head,1.7010327577590942,1.7010327577590942,1.7010327577590942,1
1,head,1.700671672821045,1.700671672821045,1.700671672821045,1
44,R_ForeTwist_01,1.6966609954833984,1.6966609954833984,1.6966609954833984,1
77,RUpArmTwist_l_02,1.6958688497543335,1.6958688497543335,1.6958688497543335,1
8,ring_01_r,1.6936242580413818,1.6936242580413818,1.6936242580413818,1
45,R_ForeTwist_01,1.6910980939865112,1.6910980939865112,1.6910980939865112,1
9,RCalfTwist_03,1.6881736516952515,1.6881736516952515,1.6881736516952515,1
15,spine_02,1.6870732307434082,1.6870732307434082,1.6870732307434082,1
82,clavicle_l,1.6849976778030396,1.6849976778030396,1.6849976778030396,1
23,LCalfTwist_01,1.6840882301330566,1.6840882301330566,1.6840882301330566,1
46,R_ForeTwist_01,1.681992530822754,1.681992530822754,1.681992530822754,1
43,ring_01_r,1.6765570640563965,1.6765570640563965,1.6765570640563965,1
17,LCalfTwist_02,1.6748255491256714,1.6748255491256714,1.6748255491256714,1
82,LCalfTwist_02,1.669746994972229,1.669746994972229,1.669746994972229,1
31,R_ForeTwist_01,1.6656848192214966,1.6656848192214966,1.6656848192214966,1
9,ring_01_r,1.664336919784546,1.664336919784546,1.664336919784546,1
10,RCalfTwist_03,1.6611512899398804,1.6611512899398804,1.6611512899398804,1
61,foot_r,1.6571799516677856,1.6571799516677856,1.6571799516677856,1
42,ring_01_r,1.6570030450820923,1.6570030450820923,1.6570030450820923,1
23,LCalfTwist_03,1.65487539768219,1.65487539768219,1.65487539768219,1
24,LCalfTwist_01,1.653303861618042,1.653303861618042,1.653303861618042,1
16,LCalfTwist_01,1.6519172191619873,1.6519172191619873,1.6519172191619873,1
55,hand_l,1.649659514427185,1.649659514427185,1.649659514427185,1
10,ring_01_r,1.6456166505813599,1.6456166505813599,1.6456166505813599,1
82,RUpArmTwist_l_01,1.6441175937652588,1.6441175937652588,1.6441175937652588,1
21,LCalfTwist_03,1.644019365310669,1.644019365310669,1.644019365310669,1
22,LCalfTwist_03,1.6432182788848877,1.6432182788848877,1.6432182788848877,1
19,LCalfTwist_02,1.641492247581482,1.641492247581482,1.641492247581482,1
47,R_ForeTwist_01,1.6405051946640015,1.6405051946640015,1.6405051946640015,1
31,R_ForeTwist_02,1.6402517557144165,1.6402517557144165,1.6402517557144165,1
41,ring_01_r,1.6394339799880981,1.6394339799880981,1.6394339799880981,1
20,LCalfTwist_03,1.6371121406555176,1.6371121406555176,1.6371121406555176,1
11,RCalfTwist_03,1.6337617635726929,1.6337617635726929,1.6337617635726929,1
32,R_ForeTwist_02,1.6328065395355225,1.6328065395355225,1.6328065395355225,1
69,spine_02,1.6321446895599365,1.6321446895599365,1.6321446895599365,1
40,ring_01_r,1.6313855648040771,1.6313855648040771,1.6313855648040771,1
33,R_ForeTwist_02,1.6310845613479614,1.6310845613479614,1.6310845613479614,1
11,ring_01_r,1.6301236152648926,1.6301236152648926,1.6301236152648926,1
83,clavicle_l,1.6289407014846802,1.6289407014846802,1.6289407014846802,1
48,R_ForeTwist_01,1.627793550491333,1.627793550491333,1.627793550491333,1
37,ring_01_r,1.6257684230804443,1.6257684230804443,1.6257684230804443,1
34,ring_01_r,1.6240336894989014,1.6240336894989014,1.6240336894989014,1
33,ring_01_r,1.6222985982894897,1.6222985982894897,1.6222985982894897,1
39,ring_01_r,1.6218702793121338,1.6218702793121338,1.6218702793121338,1
30,ring_01_r,1.6217910051345825,1.6217910051345825,1.6217910051345825,1
14,ring_01_r,1.6217824220657349,1.6217824220657349,1.6217824220657349,1
36,ring_01_r,1.6211599111557007,1.6211599111557007,1.6211599111557007,1
35,ring_01_r,1.6206939220428467,1.6206939220428467,1.6206939220428467,1
38,ring_01_r,1.6206028461456299,1.6206028461456299,1.6206028461456299,1
15,ring_01_r,1.6204913854599,1.6204913854599,1.6204913854599,1
32,ring_01_r,1.6195305585861206,1.6195305585861206,1.6195305585861206,1
13,ring_01_r,1.618869662284851,1.618869662284851,1.618869662284851,1
16,ring_01_r,1.618208646774292,1.618208646774292,1.618208646774292,1
51,R_ForeTwist_02,1.6171820163726807,1.6171820163726807,1.6171820163726807,1
49,R_ForeTwist_01,1.6160691976547241,1.6160691976547241,1.6160691976547241,1
31,ring_01_r,1.615421175956726,1.615421175956726,1.615421175956726,1
17,ring_01_r,1.6139781475067139,1.6139781475067139,1.6139781475067139,1
18,ring_01_r,1.6120413541793823,1.6120413541793823,1.6120413541793823,1
28,ring_01_r,1.6117029190063477,1.6117029190063477,1.6117029190063477,1
29,ring_01_r,1.6110790967941284,1.6110790967941284,1.6110790967941284,1
19,ring_01_r,1.6107690334320068,1.6107690334320068,1.6107690334320068,1
20,ring_01_r,1.6096107959747314,1.6096107959747314,1.6096107959747314,1
16,LCalfTwist_03,1.609473466873169,1.609473466873169,1.609473466873169,1
26,ring_01_r,1.6094560623168945,1.6094560623168945,1.6094560623168945,1
22,ring_01_r,1.6086114645004272,1.6086114645004272,1.6086114645004272,1
27,ring_01_r,1.6085485219955444,1.6085485219955444,1.6085485219955444,1
50,R_ForeTwist_02,1.608206868171692,1.608206868171692,1.608206868171692,1
25,ring_01_r,1.607704520225525,1.607704520225525,1.607704520225525,1
21,ring_01_r,1.6068360805511475,1.6068360805511475,1.6068360805511475,1
23,ring_01_r,1.6053762435913086,1.6053762435913086,1.6053762435913086,1
24,ring_01_r,1.6052809953689575,1.6052809953689575,1.6052809953689575,1
20,spine_02,1.604012370109558,1.604012370109558,1.604012370109558,1
12,ring_01_r,1.6024534702301025,1.6024534702301025,1.6024534702301025,1
13,RCalfTwist_03,1.6022005081176758,1.6022005081176758,1.6022005081176758,1
20,LCalfTwist_02,1.6009855270385742,1.6009855270385742,1.6009855270385742,1
38,R_ForeTwist_02,1.599950909614563,1.599950909614563,1.599950909614563,1
14,RCalfTwist_03,1.5997133255004883,1.5997133255004883,1.5997133255004883,1
36,R_ForeTwist_02,1.5978144407272339,1.5978144407272339,1.5978144407272339,1
35,R_ForeTwist_02,1.5968079566955566,1.5968079566955566,1.5968079566955566,1
39,R_ForeTwist_02,1.5966205596923828,1.5966205596923828,1.5966205596923828,1
49,R_ForeTwist_02,1.5960112810134888,1.5960112810134888,1.5960112810134888,1
37,R_ForeTwist_02,1.5926094055175781,1.5926094055175781,1.5926094055175781,1
34,R_ForeTwist_02,1.5921162366867065,1.5921162366867065,1.5921162366867065,1
15,RCalfTwist_03,1.5903412103652954,1.5903412103652954,1.5903412103652954,1
82,LCalfTwist_03,1.586428165435791,1.586428165435791,1.586428165435791,1
40,R_ForeTwist_02,1.5853664875030518,1.5853664875030518,1.5853664875030518,1
48,R_ForeTwist_02,1.5853266716003418,1.5853266716003418,1.5853266716003418,1
81,LCalfTwist_02,1.5852725505828857,1.5852725505828857,1.5852725505828857,1
81,LCalfTwist_03,1.5846197605133057,1.5846197605133057,1.5846197605133057,1
82,LCalfTwist_01,1.5833940505981445,1.5833940505981445,1.5833940505981445,1
83,RUpArmTwist_l_01,1.58212411403656,1.58212411403656,1.58212411403656,1
12,RCalfTwist_03,1.580340027809143,1.580340027809143,1.580340027809143,1
80,LCalfTwist_03,1.579737663269043,1.579737663269043,1.579737663269043,1
50,R_ForeTwist_01,1.5745906829833984,1.5745906829833984,1.5745906829833984,1
41,R_ForeTwist_02,1.5742433071136475,1.5742433071136475,1.5742433071136475,1
53,R_ForeTwist_02,1.57307767868042,1.57307767868042,1.57307767868042,1
51,R_ForeTwist_01,1.5697740316390991,1.5697740316390991,1.5697740316390991,1
52,R_ForeTwist_02,1.5691421031951904,1.5691421031951904,1.5691421031951904,1
47,R_ForeTwist_02,1.5680437088012695,1.5680437088012695,1.5680437088012695,1
25,LCalfTwist_01,1.568036675453186,1.568036675453186,1.568036675453186,1
21,LCalfTwist_02,1.5629286766052246,1.5629286766052246,1.5629286766052246,1
46,R_ForeTwist_02,1.5609766244888306,1.5609766244888306,1.5609766244888306,1
42,R_ForeTwist_02,1.559288740158081,1.559288740158081,1.559288740158081,1
57,spine_02,1.553252100944519,1.553252100944519,1.553252100944519,1
45,R_ForeTwist_02,1.551493763923645,1.551493763923645,1.551493763923645,1
78,RUpArmTwist_l_02,1.5511583089828491,1.5511583089828491,1.5511583089828491,1
43,R_ForeTwist_02,1.5505321025848389,1.5505321025848389,1.5505321025848389,1
44,R_ForeTwist_02,1.5475879907608032,1.5475879907608032,1.5475879907608032,1
16,RCalfTwist_03,1.5325309038162231,1.5325309038162231,1.5325309038162231,1
16,LCalfTwist_02,1.5318547487258911,1.5318547487258911,1.5318547487258911,1
29,R_ForeTwist_01,1.5254771709442139,1.5254771709442139,1.5254771709442139,1
53,R_ForeTwist_01,1.525253176689148,1.525253176689148,1.525253176689148,1
52,R_ForeTwist_01,1.5246771574020386,1.5246771574020386,1.5246771574020386,1
12,LCalfTwist_01,1.5206882953643799,1.5206882953643799,1.5206882953643799,1
30,R_ForeTwist_01,1.5193836688995361,1.5193836688995361,1.5193836688995361,1
22,LCalfTwist_02,1.5179716348648071,1.5179716348648071,1.5179716348648071,1
28,R_ForeTwist_01,1.516717791557312,1.516717791557312,1.516717791557312,1
12,LCalfTwist_03,1.5161187648773193,1.5161187648773193,1.5161187648773193,1
27,R_ForeTwist_01,1.514832854270935,1.514832854270935,1.514832854270935,1
46,RCalfTwist_02,1.5127371549606323,1.5127371549606323,1.5127371549606323,1
47,RCalfTwist_02,1.510103464126587,1.510103464126587,1.510103464126587,1
8,RCalfTwist_03,1.5086607933044434,1.5086607933044434,1.5086607933044434,1
46,index_01_r,1.5027382373809814,1.5027382373809814,1.5027382373809814,1
45,index_01_r,1.5019508600234985,1.5019508600234985,1.5019508600234985,1
47,index_01_r,1.5009580850601196,1.5009580850601196,1.5009580850601196,1
44,index_01_r,1.4989982843399048,1.4989982843399048,1.4989982843399048,1
31,index_01_r,1.4978517293930054,1.4978517293930054,1.4978517293930054,1
29,index_01_r,1.4966083765029907,1.4966083765029907,1.4966083765029907,1
44,RCalfTwist_02,1.4957863092422485,1.4957863092422485,1.4957863092422485,1
23,lowerarm_r,1.4956449270248413,1.4956449270248413,1.4956449270248413,1
48,index_01_r,1.4955930709838867,1.4955930709838867,1.4955930709838867,1
28,index_01_r,1.495373010635376,1.495373010635376,1.495373010635376,1
27,index_01_r,1.4952980279922485,1.4952980279922485,1.4952980279922485,1
43,index_01_r,1.4951080083847046,1.4951080083847046,1.4951080083847046,1
38,index_01_r,1.4950993061065674,1.4950993061065674,1.4950993061065674,1
36,index_01_r,1.494828224182129,1.494828224182129,1.494828224182129,1
35,index_01_r,1.4946560859680176,1.4946560859680176,1.4946560859680176,1
32,index_01_r,1.4945331811904907,1.4945331811904907,1.4945331811904907,1
39,index_01_r,1.4943214654922485,1.4943214654922485,1.4943214654922485,1
33,index_01_r,1.4939312934875488,1.4939312934875488,1.4939312934875488,1
30,index_01_r,1.4935327768325806,1.4935327768325806,1.4935327768325806,1
34,index_01_r,1.493469476699829,1.493469476699829,1.493469476699829,1
40,index_01_r,1.4934332370758057,1.4934332370758057,1.4934332370758057,1
37,index_01_r,1.4933381080627441,1.4933381080627441,1.4933381080627441,1
26,index_01_r,1.492895245552063,1.492895245552063,1.492895245552063,1
41,index_01_r,1.4918038845062256,1.4918038845062256,1.4918038845062256,1
25,index_01_r,1.491718053817749,1.491718053817749,1.491718053817749,1
42,index_01_r,1.4916867017745972,1.4916867017745972,1.4916867017745972,1
24,index_01_r,1.4912240505218506,1.4912240505218506,1.4912240505218506,1
29,R_ForeTwist_02,1.4909056425094604,1.4909056425094604,1.4909056425094604,1
27,R_ForeTwist_02,1.4890645742416382,1.4890645742416382,1.4890645742416382,1
23,index_01_r,1.4884612560272217,1.4884612560272217,1.4884612560272217,1
49,index_01_r,1.4868782758712769,1.4868782758712769,1.4868782758712769,1
28,R_ForeTwist_02,1.486832857131958,1.486832857131958,1.486832857131958,1
45,RCalfTwist_02,1.4859564304351807,1.4859564304351807,1.4859564304351807,1
22,index_01_r,1.484724521636963,1.484724521636963,1.484724521636963,1
21,index_01_r,1.484287142753601,1.484287142753601,1.484287142753601,1
23,LCalfTwist_02,1.4840352535247803,1.4840352535247803,1.4840352535247803,1
0,RUpArmTwist_l_02,1.4819246530532837,1.4819246530532837,1.4819246530532837,1
26,LCalfTwist_01,1.4819118976593018,1.4819118976593018,1.4819118976593018,1
20,index_01_r,1.4813642501831055,1.4813642501831055,1.4813642501831055,1
19,index_01_r,1.4795740842819214,1.4795740842819214,1.4795740842819214,1
50,index_01_r,1.479138731956482,1.479138731956482,1.479138731956482,1
68,spine_02,1.4785864353179932,1.4785864353179932,1.4785864353179932,1
30,R_ForeTwist_02,1.4780551195144653,1.4780551195144653,1.4780551195144653,1
18,index_01_r,1.4777605533599854,1.4777605533599854,1.4777605533599854,1
17,index_01_r,1.4760407209396362,1.4760407209396362,1.4760407209396362,1
81,LCalfTwist_01,1.4755206108093262,1.4755206108093262,1.4755206108093262,1
16,index_01_r,1.473254919052124,1.473254919052124,1.473254919052124,1
51,index_01_r,1.4715254306793213,1.4715254306793213,1.4715254306793213,1
15,index_01_r,1.4714535474777222,1.4714535474777222,1.4714535474777222,1
14,index_01_r,1.469843864440918,1.469843864440918,1.469843864440918,1
12,index_01_r,1.468753457069397,1.468753457069397,1.468753457069397,1
13,index_01_r,1.4677408933639526,1.4677408933639526,1.4677408933639526,1
24,LCalfTwist_03,1.465674877166748,1.465674877166748,1.465674877166748,1
25,LCalfTwist_03,1.464347004890442,1.464347004890442,1.464347004890442,1
26,LCalfTwist_03,1.4636496305465698,1.4636496305465698,1.4636496305465698,1
52,index_01_r,1.4631037712097168,1.4631037712097168,1.4631037712097168,1
54,R_ForeTwist_01,1.4621801376342773,1.4621801376342773,1.4621801376342773,1
19,spine_02,1.4614332914352417,1.4614332914352417,1.4614332914352417,1
11,index_01_r,1.4611049890518188,1.4611049890518188,1.4611049890518188,1
53,index_01_r,1.4561482667922974,1.4561482667922974,1.4561482667922974,1
10,index_01_r,1.4561222791671753,1.4561222791671753,1.4561222791671753,1
1,index_01_r,1.454389214515686,1.454389214515686,1.454389214515686,1
0,index_01_r,1.4540889263153076,1.4540889263153076,1.4540889263153076,1
2,index_01_r,1.453778624534607,1.453778624534607,1.453778624534607,1
3,index_01_r,1.4532936811447144,1.4532936811447144,1.4532936811447144,1
9,index_01_r,1.4532710313796997,1.4532710313796997,1.4532710313796997,1
54,index_01_r,1.4531697034835815,1.4531697034835815,1.4531697034835815,1
4,index_01_r,1.4530935287475586,1.4530935287475586,1.4530935287475586,1
6,index_01_r,1.4516521692276,1.4516521692276,1.4516521692276,1
5,index_01_r,1.4514009952545166,1.4514009952545166,1.4514009952545166,1
7,index_01_r,1.4513860940933228,1.4513860940933228,1.4513860940933228,1
8,index_01_r,1.4500110149383545,1.4500110149383545,1.4500110149383545,1
55,index_01_r,1.4476041793823242,1.4476041793823242,1.4476041793823242,1
15,RCalfTwist_01,1.4474276304244995,1.4474276304244995,1.4474276304244995,1
84,index_01_r,1.4468517303466797,1.4468517303466797,1.4468517303466797,1
85,index_01_r,1.4456098079681396,1.4456098079681396,1.4456098079681396,1
24,LCalfTwist_02,1.4453606605529785,1.4453606605529785,1.4453606605529785,1
57,R_ForeTwist_02,1.4448407888412476,1.4448407888412476,1.4448407888412476,1
82,index_01_r,1.441959261894226,1.441959261894226,1.441959261894226,1
56,index_01_r,1.4419288635253906,1.4419288635253906,1.4419288635253906,1
83,index_01_r,1.441687822341919,1.441687822341919,1.441687822341919,1
13,RCalfTwist_01,1.4415022134780884,1.4415022134780884,1.4415022134780884,1
81,index_01_r,1.4398950338363647,1.4398950338363647,1.4398950338363647,1
56,R_ForeTwist_02,1.4390290975570679,1.4390290975570679,1.4390290975570679,1
76,middle_01_r,1.4376174211502075,1.4376174211502075,1.4376174211502075,1
57,index_01_r,1.4374566078186035,1.4374566078186035,1.4374566078186035,1
56,hand_l,1.43729567527771,1.43729567527771,1.43729567527771,1
9,RCalfTwist_01,1.4355241060256958,1.4355241060256958,1.4355241060256958,1
78,middle_01_r,1.4352936744689941,1.4352936744689941,1.4352936744689941,1
55,R_ForeTwist_02,1.4347429275512695,1.4347429275512695,1.4347429275512695,1
77,middle_01_r,1.4346321821212769,1.4346321821212769,1.4346321821212769,1
80,index_01_r,1.4342682361602783,1.4342682361602783,1.4342682361602783,1
74,middle_01_r,1.4334144592285156,1.4334144592285156,1.4334144592285156,1
79,index_01_r,1.4329917430877686,1.4329917430877686,1.4329917430877686,1
80,middle_01_r,1.4327456951141357,1.4327456951141357,1.4327456951141357,1
79,middle_01_r,1.4314368963241577,1.4314368963241577,1.4314368963241577,1
58,index_01_r,1.4305490255355835,1.4305490255355835,1.4305490255355835,1
75,middle_01_r,1.4301153421401978,1.4301153421401978,1.4301153421401978,1
54,R_ForeTwist_02,1.4298268556594849,1.4298268556594849,1.4298268556594849,1
59,index_01_r,1.4284595251083374,1.4284595251083374,1.4284595251083374,1
78,index_01_r,1.4284390211105347,1.4284390211105347,1.4284390211105347,1
71,middle_01_r,1.4264230728149414,1.4264230728149414,1.4264230728149414,1
77,index_01_r,1.4262672662734985,1.4262672662734985,1.4262672662734985,1
72,middle_01_r,1.4254562854766846,1.4254562854766846,1.4254562854766846,1
73,middle_01_r,1.425071120262146,1.425071120262146,1.425071120262146,1
61,index_01_r,1.4235734939575195,1.4235734939575195,1.4235734939575195,1
81,middle_01_r,1.4228787422180176,1.4228787422180176,1.4228787422180176,1
83,middle_01_r,1.4219281673431396,1.4219281673431396,1.4219281673431396,1
75,index_01_r,1.421552300453186,1.421552300453186,1.421552300453186,1
76,index_01_r,1.4213792085647583,1.4213792085647583,1.4213792085647583,1
62,index_01_r,1.4196583032608032,1.4196583032608032,1.4196583032608032,1
60,index_01_r,1.4195835590362549,1.4195835590362549,1.4195835590362549,1
82,middle_01_r,1.4195793867111206,1.4195793867111206,1.4195793867111206,1
70,middle_01_r,1.4192255735397339,1.4192255735397339,1.4192255735397339,1
10,RCalfTwist_01,1.4190022945404053,1.4190022945404053,1.4190022945404053,1
63,index_01_r,1.4181032180786133,1.4181032180786133,1.4181032180786133,1
64,index_01_r,1.4176028966903687,1.4176028966903687,1.4176028966903687,1
69,middle_01_r,1.4174336194992065,1.4174336194992065,1.4174336194992065,1
43,RCalfTwist_02,1.41666579246521,1.41666579246521,1.41666579246521,1
73,index_01_r,1.4166274070739746,1.4166274070739746,1.4166274070739746,1
74,index_01_r,1.4157451391220093,1.4157451391220093,1.4157451391220093,1
80,LCalfTwist_02,1.4153872728347778,1.4153872728347778,1.4153872728347778,1
85,middle_01_r,1.4151053428649902,1.4151053428649902,1.4151053428649902,1
66,index_01_r,1.4137972593307495,1.4137972593307495,1.4137972593307495,1
72,index_01_r,1.413543701171875,1.413543701171875,1.413543701171875,1
68,index_01_r,1.4131890535354614,1.4131890535354614,1.4131890535354614,1
65,index_01_r,1.412914752960205,1.412914752960205,1.412914752960205,1
67,index_01_r,1.4129114151000977,1.4129114151000977,1.4129114151000977,1
70,index_01_r,1.4125715494155884,1.4125715494155884,1.4125715494155884,1
68,middle_01_r,1.4123976230621338,1.4123976230621338,1.4123976230621338,1
69,index_01_r,1.411769986152649,1.411769986152649,1.411769986152649,1
67,middle_01_r,1.4113774299621582,1.4113774299621582,1.4113774299621582,1
71,index_01_r,1.4106837511062622,1.4106837511062622,1.4106837511062622,1
79,RUpArmTwist_l_02,1.4098302125930786,1.4098302125930786,1.4098302125930786,1
66,middle_01_r,1.4095323085784912,1.4095323085784912,1.4095323085784912,1
65,middle_01_r,1.4092696905136108,1.4092696905136108,1.4092696905136108,1
84,middle_01_r,1.4081124067306519,1.4081124067306519,1.4081124067306519,1
12,RCalfTwist_01,1.4079959392547607,1.4079959392547607,1.4079959392547607,1
11,RCalfTwist_01,1.4052191972732544,1.4052191972732544,1.4052191972732544,1
60,middle_01_r,1.4042384624481201,1.4042384624481201,1.4042384624481201,1
55,R_ForeTwist_01,1.4026795625686646,1.4026795625686646,1.4026795625686646,1
64,middle_01_r,1.4013606309890747,1.4013606309890747,1.4013606309890747,1
63,middle_01_r,1.4012084007263184,1.4012084007263184,1.4012084007263184,1
14,RCalfTwist_01,1.3983981609344482,1.3983981609344482,1.3983981609344482,1
58,spine_02,1.3981168270111084,1.3981168270111084,1.3981168270111084,1
62,middle_01_r,1.3967113494873047,1.3967113494873047,1.3967113494873047,1
16,RCalfTwist_01,1.3952044248580933,1.3952044248580933,1.3952044248580933,1
61,middle_01_r,1.3909968137741089,1.3909968137741089,1.3909968137741089,1
58,middle_01_r,1.386453628540039,1.386453628540039,1.386453628540039,1
59,middle_01_r,1.3843952417373657,1.3843952417373657,1.3843952417373657,1
26,R_ForeTwist_01,1.3755171298980713,1.3755171298980713,1.3755171298980713,1
57,middle_01_r,1.3747992515563965,1.3747992515563965,1.3747992515563965,1
48,RCalfTwist_02,1.3718260526657104,1.3718260526657104,1.3718260526657104,1
84,RUpArmTwist_l_01,1.3707209825515747,1.3707209825515747,1.3707209825515747,1
49,RCalfTwist_02,1.3692378997802734,1.3692378997802734,1.3692378997802734,1
12,LCalfTwist_02,1.3690322637557983,1.3690322637557983,1.3690322637557983,1
56,middle_01_r,1.3690117597579956,1.3690117597579956,1.3690117597579956,1
25,R_ForeTwist_01,1.3685634136199951,1.3685634136199951,1.3685634136199951,1
55,middle_01_r,1.3632326126098633,1.3632326126098633,1.3632326126098633,1
24,R_ForeTwist_01,1.361315131187439,1.361315131187439,1.361315131187439,1
53,middle_01_r,1.358293890953064,1.358293890953064,1.358293890953064,1
54,middle_01_r,1.3576626777648926,1.3576626777648926,1.3576626777648926,1
2,RCalfTwist_03,1.3572319746017456,1.3572319746017456,1.3572319746017456,1
25,LCalfTwist_02,1.356728196144104,1.356728196144104,1.356728196144104,1
3,RCalfTwist_03,1.3544447422027588,1.3544447422027588,1.3544447422027588,1
54,LCalfTwist_01,1.3535387516021729,1.3535387516021729,1.3535387516021729,1
52,middle_01_r,1.3530876636505127,1.3530876636505127,1.3530876636505127,1
55,LCalfTwist_01,1.3530857563018799,1.3530857563018799,1.3530857563018799,1
1,RCalfTwist_03,1.3527411222457886,1.3527411222457886,1.3527411222457886,1
23,R_ForeTwist_01,1.35165274143219,1.35165274143219,1.35165274143219,1
0,middle_01_r,1.350408911705017,1.350408911705017,1.350408911705017,1
17,RCalfTwist_03,1.349574089050293,1.349574089050293,1.349574089050293,1
27,LCalfTwist_01,1.3475888967514038,1.3475888967514038,1.3475888967514038,1
56,R_ForeTwist_01,1.3439375162124634,1.3439375162124634,1.3439375162124634,1
18,RCalfTwist_03,1.343264102935791,1.343264102935791,1.343264102935791,1
57,R_ForeTwist_01,1.3432258367538452,1.3432258367538452,1.3432258367538452,1
9,lowerarm_l,1.3427482843399048,1.3427482843399048,1.3427482843399048,1
2,middle_01_r,1.3411016464233398,1.3411016464233398,1.3411016464233398,1
51,middle_01_r,1.339868187904358,1.339868187904358,1.339868187904358,1
67,spine_02,1.3360981941223145,1.3360981941223145,1.3360981941223145,1
22,R_ForeTwist_01,1.335296392440796,1.335296392440796,1.335296392440796,1
26,R_ForeTwist_02,1.333870768547058,1.333870768547058,1.333870768547058,1
19,RCalfTwist_03,1.33384108543396,1.33384108543396,1.33384108543396,1
25,R_ForeTwist_02,1.3322155475616455,1.3322155475616455,1.3322155475616455,1
1,middle_01_r,1.331357717514038,1.331357717514038,1.331357717514038,1
50,middle_01_r,1.329822063446045,1.329822063446045,1.329822063446045,1
24,R_ForeTwist_02,1.3297929763793945,1.3297929763793945,1.3297929763793945,1
20,RCalfTwist_03,1.327208161354065,1.327208161354065,1.327208161354065,1
23,R_ForeTwist_02,1.324908971786499,1.324908971786499,1.324908971786499,1
7,RCalfTwist_03,1.3225791454315186,1.3225791454315186,1.3225791454315186,1
60,R_ForeTwist_02,1.322519063949585,1.322519063949585,1.322519063949585,1
64,spine_02,1.3212482929229736,1.3212482929229736,1.3212482929229736,1
15,LCalfTwist_03,1.318558931350708,1.318558931350708,1.318558931350708,1
15,LCalfTwist_01,1.3176077604293823,1.3176077604293823,1.3176077604293823,1
63,R_ForeTwist_02,1.3168206214904785,1.3168206214904785,1.3168206214904785,1
22,R_ForeTwist_02,1.3162147998809814,1.3162147998809814,1.3162147998809814,1
21,RCalfTwist_03,1.3151737451553345,1.3151737451553345,1.3151737451553345,1
18,spine_02,1.314692735671997,1.314692735671997,1.314692735671997,1
49,middle_01_r,1.314558744430542,1.314558744430542,1.314558744430542,1
8,RCalfTwist_01,1.3143360614776611,1.3143360614776611,1.3143360614776611,1
62,R_ForeTwist_02,1.3142037391662598,1.3142037391662598,1.3142037391662598,1
61,R_ForeTwist_02,1.3124748468399048,1.3124748468399048,1.3124748468399048,1
58,R_ForeTwist_02,1.3114120960235596,1.3114120960235596,1.3114120960235596,1
53,LCalfTwist_01,1.3099908828735352,1.3099908828735352,1.3099908828735352,1
59,R_ForeTwist_02,1.3082386255264282,1.3082386255264282,1.3082386255264282,1
3,middle_01_r,1.307411789894104,1.307411789894104,1.307411789894104,1
51,lowerarm_r,1.306849718093872,1.306849718093872,1.306849718093872,1
56,LCalfTwist_01,1.305769681930542,1.305769681930542,1.305769681930542,1
80,LCalfTwist_01,1.2995840311050415,1.2995840311050415,1.2995840311050415,1
48,middle_01_r,1.2989113330841064,1.2989113330841064,1.2989113330841064,1
4,middle_01_r,1.2922929525375366,1.2922929525375366,1.2922929525375366,1
79,LCalfTwist_02,1.289974570274353,1.289974570274353,1.289974570274353,1
42,RCalfTwist_02,1.2864114046096802,1.2864114046096802,1.2864114046096802,1
57,LCalfTwist_01,1.2836052179336548,1.2836052179336548,1.2836052179336548,1
58,R_ForeTwist_01,1.2820552587509155,1.2820552587509155,1.2820552587509155,1
17,RCalfTwist_01,1.2788251638412476,1.2788251638412476,1.2788251638412476,1
47,middle_01_r,1.276998519897461,1.276998519897461,1.276998519897461,1
27,LCalfTwist_03,1.2755144834518433,1.2755144834518433,1.2755144834518433,1
66,spine_02,1.269750952720642,1.269750952720642,1.269750952720642,1
26,LCalfTwist_02,1.2679455280303955,1.2679455280303955,1.2679455280303955,1
46,middle_01_r,1.267543077468872,1.267543077468872,1.267543077468872,1
21,R_ForeTwist_01,1.267258644104004,1.267258644104004,1.267258644104004,1
80,RUpArmTwist_l_02,1.2661283016204834,1.2661283016204834,1.2661283016204834,1
20,R_ForeTwist_01,1.2593883275985718,1.2593883275985718,1.2593883275985718,1
19,R_ForeTwist_01,1.2533321380615234,1.2533321380615234,1.2533321380615234,1
5,middle_01_r,1.2528724670410156,1.2528724670410156,1.2528724670410156,1
45,middle_01_r,1.248810887336731,1.248810887336731,1.248810887336731,1
6,middle_01_r,1.2483320236206055,1.2483320236206055,1.2483320236206055,1
16,spine_02,1.2472501993179321,1.2472501993179321,1.2472501993179321,1
52,LCalfTwist_01,1.2421166896820068,1.2421166896820068,1.2421166896820068,1
18,RCalfTwist_01,1.2393404245376587,1.2393404245376587,1.2393404245376587,1
85,RUpArmTwist_l_01,1.237246036529541,1.237246036529541,1.237246036529541,1
65,spine_02,1.2370408773422241,1.2370408773422241,1.2370408773422241,1
50,RCalfTwist_02,1.2367604970932007,1.2367604970932007,1.2367604970932007,1
62,spine_02,1.236474871635437,1.236474871635437,1.236474871635437,1
44,middle_01_r,1.2346508502960205,1.2346508502960205,1.2346508502960205,1
61,spine_02,1.2278553247451782,1.2278553247451782,1.2278553247451782,1
60,R_ForeTwist_01,1.2232940196990967,1.2232940196990967,1.2232940196990967,1
17,spine_02,1.220621109008789,1.220621109008789,1.220621109008789,1
43,middle_01_r,1.2194347381591797,1.2194347381591797,1.2194347381591797,1
59,R_ForeTwist_01,1.2190712690353394,1.2190712690353394,1.2190712690353394,1
63,spine_02,1.2181779146194458,1.2181779146194458,1.2181779146194458,1
7,middle_01_r,1.216828465461731,1.216828465461731,1.216828465461731,1
61,R_ForeTwist_01,1.2148518562316895,1.2148518562316895,1.2148518562316895,1
42,middle_01_r,1.2118374109268188,1.2118374109268188,1.2118374109268188,1
79,LCalfTwist_03,1.2027376890182495,1.2027376890182495,1.2027376890182495,1
19,RCalfTwist_01,1.2008799314498901,1.2008799314498901,1.2008799314498901,1
78,LCalfTwist_03,1.1995749473571777,1.1995749473571777,1.1995749473571777,1
41,middle_01_r,1.1992475986480713,1.1992475986480713,1.1992475986480713,1
11,lowerarm_l,1.196227788925171,1.196227788925171,1.196227788925171,1
40,middle_01_r,1.1924885511398315,1.1924885511398315,1.1924885511398315,1
15,R_ForeTwist_01,1.1888971328735352,1.1888971328735352,1.1888971328735352,1
15,LCalfTwist_02,1.1833784580230713,1.1833784580230713,1.1833784580230713,1
39,middle_01_r,1.1827386617660522,1.1827386617660522,1.1827386617660522,1
18,R_ForeTwist_01,1.1822569370269775,1.1822569370269775,1.1822569370269775,1
37,middle_01_r,1.180357575416565,1.180357575416565,1.180357575416565,1
17,R_ForeTwist_01,1.1792621612548828,1.1792621612548828,1.1792621612548828,1
38,middle_01_r,1.179126262664795,1.179126262664795,1.179126262664795,1
8,middle_01_r,1.1770405769348145,1.1770405769348145,1.1770405769348145,1
65,R_ForeTwist_02,1.175798773765564,1.175798773765564,1.175798773765564,1
36,middle_01_r,1.1734161376953125,1.1734161376953125,1.1734161376953125,1
34,middle_01_r,1.172953486442566,1.172953486442566,1.172953486442566,1
66,R_ForeTwist_02,1.172390103340149,1.172390103340149,1.172390103340149,1
64,R_ForeTwist_02,1.1711422204971313,1.1711422204971313,1.1711422204971313,1
35,middle_01_r,1.171036958694458,1.171036958694458,1.171036958694458,1
16,R_ForeTwist_01,1.1707375049591064,1.1707375049591064,1.1707375049591064,1
67,R_ForeTwist_02,1.1704531908035278,1.1704531908035278,1.1704531908035278,1
58,LCalfTwist_01,1.1698789596557617,1.1698789596557617,1.1698789596557617,1
59,LCalfTwist_01,1.1689192056655884,1.1689192056655884,1.1689192056655884,1
68,R_ForeTwist_02,1.1684354543685913,1.1684354543685913,1.1684354543685913,1
15,R_ForeTwist_02,1.167826533317566,1.167826533317566,1.167826533317566,1
21,R_ForeTwist_02,1.1669096946716309,1.1669096946716309,1.1669096946716309,1
33,middle_01_r,1.166774868965149,1.166774868965149,1.166774868965149,1
21,RCalfTwist_01,1.1664212942123413,1.1664212942123413,1.1664212942123413,1
13,R_ForeTwist_02,1.1652777194976807,1.1652777194976807,1.1652777194976807,1
14,R_ForeTwist_02,1.1647870540618896,1.1647870540618896,1.1647870540618896,1
20,RCalfTwist_01,1.163955807685852,1.163955807685852,1.163955807685852,1
20,R_ForeTwist_02,1.1623369455337524,1.1623369455337524,1.1623369455337524,1
19,R_ForeTwist_02,1.1596615314483643,1.1596615314483643,1.1596615314483643,1
32,middle_01_r,1.1594218015670776,1.1594218015670776,1.1594218015670776,1
69,R_ForeTwist_02,1.1592364311218262,1.1592364311218262,1.1592364311218262,1
71,R_ForeTwist_02,1.1591503620147705,1.1591503620147705,1.1591503620147705,1
70,R_ForeTwist_02,1.156914472579956,1.156914472579956,1.156914472579956,1
18,R_ForeTwist_02,1.1554933786392212,1.1554933786392212,1.1554933786392212,1
62,R_ForeTwist_01,1.1545048952102661,1.1545048952102661,1.1545048952102661,1
72,R_ForeTwist_02,1.153316855430603,1.153316855430603,1.153316855430603,1
17,R_ForeTwist_02,1.1531461477279663,1.1531461477279663,1.1531461477279663,1
74,R_ForeTwist_02,1.1531052589416504,1.1531052589416504,1.1531052589416504,1
63,R_ForeTwist_01,1.152726411819458,1.152726411819458,1.152726411819458,1
30,middle_01_r,1.1515284776687622,1.1515284776687622,1.1515284776687622,1
64,R_ForeTwist_01,1.1499607563018799,1.1499607563018799,1.1499607563018799,1
65,R_ForeTwist_01,1.1499154567718506,1.1499154567718506,1.1499154567718506,1
31,middle_01_r,1.149849534034729,1.149849534034729,1.149849534034729,1
76,R_ForeTwist_02,1.1484872102737427,1.1484872102737427,1.1484872102737427,1
73,R_ForeTwist_02,1.1483410596847534,1.1483410596847534,1.1483410596847534,1
66,R_ForeTwist_01,1.1474987268447876,1.1474987268447876,1.1474987268447876,1
9,middle_01_r,1.1473907232284546,1.1473907232284546,1.1473907232284546,1
16,R_ForeTwist_02,1.1471611261367798,1.1471611261367798,1.1471611261367798,1
79,LCalfTwist_01,1.1458771228790283,1.1458771228790283,1.1458771228790283,1
7,RCalfTwist_01,1.1457655429840088,1.1457655429840088,1.1457655429840088,1
2,RCalfTwist_01,1.1454992294311523,1.1454992294311523,1.1454992294311523,1
75,R_ForeTwist_02,1.1442961692810059,1.1442961692810059,1.1442961692810059,1
22,RCalfTwist_03,1.142690658569336,1.142690658569336,1.142690658569336,1
28,LCalfTwist_01,1.1424620151519775,1.1424620151519775,1.1424620151519775,1
27,LCalfTwist_02,1.1419399976730347,1.1419399976730347,1.1419399976730347,1
77,R_ForeTwist_02,1.1415187120437622,1.1415187120437622,1.1415187120437622,1
4,RCalfTwist_03,1.1377265453338623,1.1377265453338623,1.1377265453338623,1
29,middle_01_r,1.1371713876724243,1.1371713876724243,1.1371713876724243,1
60,spine_02,1.1360141038894653,1.1360141038894653,1.1360141038894653,1
28,middle_01_r,1.1337671279907227,1.1337671279907227,1.1337671279907227,1
14,R_ForeTwist_01,1.1297093629837036,1.1297093629837036,1.1297093629837036,1
82,RUpArmTwist_l_02,1.1290110349655151,1.1290110349655151,1.1290110349655151,1
10,middle_01_r,1.1289933919906616,1.1289933919906616,1.1289933919906616,1
62,foot_r,1.1288983821868896,1.1288983821868896,1.1288983821868896,1
28,calf_l,1.1274102926254272,1.1274102926254272,1.1274102926254272,1
27,middle_01_r,1.1265568733215332,1.1265568733215332,1.1265568733215332,1
81,RUpArmTwist_l_02,1.1254993677139282,1.1254993677139282,1.1254993677139282,1
13,R_ForeTwist_01,1.124199628829956,1.124199628829956,1.124199628829956,1
5,RCalfTwist_03,1.1232802867889404,1.1232802867889404,1.1232802867889404,1
26,middle_01_r,1.1232625246047974,1.1232625246047974,1.1232625246047974,1
23,RCalfTwist_03,1.1221622228622437,1.1221622228622437,1.1221622228622437,1
6,RCalfTwist_03,1.1219594478607178,1.1219594478607178,1.1219594478607178,1
25,middle_01_r,1.1167268753051758,1.1167268753051758,1.1167268753051758,1
11,middle_01_r,1.1138828992843628,1.1138828992843628,1.1138828992843628,1
24,middle_01_r,1.1112297773361206,1.1112297773361206,1.1112297773361206,1
51,LCalfTwist_01,1.1099488735198975,1.1099488735198975,1.1099488735198975,1
23,middle_01_r,1.108587384223938,1.108587384223938,1.108587384223938,1
16,middle_01_r,1.106384038925171,1.106384038925171,1.106384038925171,1
14,middle_01_r,1.1061946153640747,1.1061946153640747,1.1061946153640747,1
15,middle_01_r,1.106050729751587,1.106050729751587,1.106050729751587,1
22,middle_01_r,1.1053199768066406,1.1053199768066406,1.1053199768066406,1
21,middle_01_r,1.1037176847457886,1.1037176847457886,1.1037176847457886,1
17,middle_01_r,1.1022614240646362,1.1022614240646362,1.1022614240646362,1
18,middle_01_r,1.101162075996399,1.101162075996399,1.101162075996399,1
20,middle_01_r,1.1011347770690918,1.1011347770690918,1.1011347770690918,1
13,middle_01_r,1.100800633430481,1.100800633430481,1.100800633430481,1
19,middle_01_r,1.1000696420669556,1.1000696420669556,1.1000696420669556,1
57,RCalfTwist_03,1.09627103805542,1.09627103805542,1.09627103805542,1
20,lowerarm_r,1.0950194597244263,1.0950194597244263,1.0950194597244263,1
22,RCalfTwist_01,1.0936191082000732,1.0936191082000732,1.0936191082000732,1
56,RCalfTwist_03,1.0902323722839355,1.0902323722839355,1.0902323722839355,1
55,RCalfTwist_03,1.090048909187317,1.090048909187317,1.090048909187317,1
12,middle_01_r,1.0882607698440552,1.0882607698440552,1.0882607698440552,1
12,R_ForeTwist_01,1.0857908725738525,1.0857908725738525,1.0857908725738525,1
67,R_ForeTwist_01,1.083662509918213,1.083662509918213,1.083662509918213,1
68,R_ForeTwist_01,1.0825228691101074,1.0825228691101074,1.0825228691101074,1
78,LCalfTwist_02,1.0784542560577393,1.0784542560577393,1.0784542560577393,1
71,R_ForeTwist_01,1.0756362676620483,1.0756362676620483,1.0756362676620483,1
28,LCalfTwist_03,1.0744911432266235,1.0744911432266235,1.0744911432266235,1
60,LCalfTwist_01,1.0726518630981445,1.0726518630981445,1.0726518630981445,1
70,R_ForeTwist_01,1.0726311206817627,1.0726311206817627,1.0726311206817627,1
69,R_ForeTwist_01,1.072037696838379,1.072037696838379,1.072037696838379,1
3,RCalfTwist_01,1.0715852975845337,1.0715852975845337,1.0715852975845337,1
41,RCalfTwist_02,1.0710374116897583,1.0710374116897583,1.0710374116897583,1
55,LCalfTwist_02,1.0575255155563354,1.0575255155563354,1.0575255155563354,1
12,R_ForeTwist_02,1.0560145378112793,1.0560145378112793,1.0560145378112793,1
11,R_ForeTwist_01,1.0553638935089111,1.0553638935089111,1.0553638935089111,1
46,RCalfTwist_01,1.04850435256958,1.04850435256958,1.04850435256958,1
73,R_ForeTwist_01,1.039566159248352,1.039566159248352,1.039566159248352,1
72,R_ForeTwist_01,1.0372393131256104,1.0372393131256104,1.0372393131256104,1
48,lowerarm_r,1.030456304550171,1.030456304550171,1.030456304550171,1
15,RCalfTwist_02,1.0302671194076538,1.0302671194076538,1.0302671194076538,1
45,RCalfTwist_01,1.0297595262527466,1.0297595262527466,1.0297595262527466,1
11,R_ForeTwist_02,1.0294817686080933,1.0294817686080933,1.0294817686080933,1
47,RCalfTwist_01,1.0284390449523926,1.0284390449523926,1.0284390449523926,1
1,RCalfTwist_01,1.0274584293365479,1.0274584293365479,1.0274584293365479,1
13,RCalfTwist_02,1.0267300605773926,1.0267300605773926,1.0267300605773926,1
13,LCalfTwist_01,1.025652527809143,1.025652527809143,1.025652527809143,1
59,spine_02,1.0238573551177979,1.0238573551177979,1.0238573551177979,1
14,LCalfTwist_01,1.0222030878067017,1.0222030878067017,1.0222030878067017,1
23,RCalfTwist_01,1.0221619606018066,1.0221619606018066,1.0221619606018066,1
79,RCalfTwist_02,1.0219643115997314,1.0219643115997314,1.0219643115997314,1
10,R_ForeTwist_02,1.0205577611923218,1.0205577611923218,1.0205577611923218,1
9,RCalfTwist_02,1.017142415046692,1.017142415046692,1.017142415046692,1
63,foot_r,1.0148296356201172,1.0148296356201172,1.0148296356201172,1
9,R_ForeTwist_02,1.0142477750778198,1.0142477750778198,1.0142477750778198,1
44,RCalfTwist_01,1.0132941007614136,1.0132941007614136,1.0132941007614136,1
75,R_ForeTwist_01,1.0112301111221313,1.0112301111221313,1.0112301111221313,1
68,foot_r,1.0102262496948242,1.0102262496948242,1.0102262496948242,1
78,RCalfTwist_02,1.0098258256912231,1.0098258256912231,1.0098258256912231,1
8,R_ForeTwist_02,1.0095171928405762,1.0095171928405762,1.0095171928405762,1
61,LCalfTwist_01,1.0091919898986816,1.0091919898986816,1.0091919898986816,1
74,R_ForeTwist_01,1.0082483291625977,1.0082483291625977,1.0082483291625977,1
54,LCalfTwist_02,1.0060014724731445,1.0060014724731445,1.0060014724731445,1
44,RCalfTwist_03,1.0034494400024414,1.0034494400024414,1.0034494400024414,1
53,LCalfTwist_02,1.002917766571045,1.002917766571045,1.002917766571045,1
10,RCalfTwist_02,1.0007660388946533,1.0007660388946533,1.0007660388946533,1
10,R_ForeTwist_01,0.9925090074539185,0.9925090074539185,0.9925090074539185,1
11,RCalfTwist_02,0.9886066913604736,0.9886066913604736,0.9886066913604736,1
84,RUpArmTwist_l_02,0.9883544445037842,0.9883544445037842,0.9883544445037842,1
9,R_ForeTwist_01,0.9864553213119507,0.9864553213119507,0.9864553213119507,1
57,LCalfTwist_03,0.9861655831336975,0.9861655831336975,0.9861655831336975,1
77,R_ForeTwist_01,0.9846757054328918,0.9846757054328918,0.9846757054328918,1
8,R_ForeTwist_01,0.9845476746559143,0.9845476746559143,0.9845476746559143,1
83,RUpArmTwist_l_02,0.9839469194412231,0.9839469194412231,0.9839469194412231,1
64,foot_r,0.9833360314369202,0.9833360314369202,0.9833360314369202,1
12,RCalfTwist_02,0.9832472801208496,0.9832472801208496,0.9832472801208496,1
14,RCalfTwist_02,0.9815182685852051,0.9815182685852051,0.9815182685852051,1
56,LCalfTwist_03,0.9808583855628967,0.9808583855628967,0.9808583855628967,1
76,R_ForeTwist_01,0.9803503751754761,0.9803503751754761,0.9803503751754761,1
16,RCalfTwist_02,0.9798436760902405,0.9798436760902405,0.9798436760902405,1
51,RCalfTwist_02,0.9789059162139893,0.9789059162139893,0.9789059162139893,1
55,LCalfTwist_03,0.9762967824935913,0.9762967824935913,0.9762967824935913,1
57,LCalfTwist_02,0.9760482311248779,0.9760482311248779,0.9760482311248779,1
45,RCalfTwist_03,0.9732412695884705,0.9732412695884705,0.9732412695884705,1
54,LCalfTwist_03,0.9731378555297852,0.9731378555297852,0.9731378555297852,1
53,LCalfTwist_03,0.9706339240074158,0.9706339240074158,0.9706339240074158,1
56,LCalfTwist_02,0.9702017307281494,0.9702017307281494,0.9702017307281494,1
13,LCalfTwist_03,0.9700659513473511,0.9700659513473511,0.9700659513473511,1
14,LCalfTwist_03,0.9691746234893799,0.9691746234893799,0.9691746234893799,1
62,LCalfTwist_01,0.9570120573043823,0.9570120573043823,0.9570120573043823,1
78,R_ForeTwist_01,0.9503853917121887,0.9503853917121887,0.9503853917121887,1
78,LCalfTwist_01,0.9495240449905396,0.9495240449905396,0.9495240449905396,1
65,lowerarm_l,0.9479585289955139,0.9479585289955139,0.9479585289955139,1
80,RCalfTwist_02,0.9453426003456116,0.9453426003456116,0.9453426003456116,1
6,RCalfTwist_01,0.9427009224891663,0.9427009224891663,0.9427009224891663,1
24,RCalfTwist_03,0.9424475431442261,0.9424475431442261,0.9424475431442261,1
7,R_ForeTwist_01,0.9412482380867004,0.9412482380867004,0.9412482380867004,1
43,RCalfTwist_01,0.9378162622451782,0.9378162622451782,0.9378162622451782,1
46,RCalfTwist_03,0.937520444393158,0.937520444393158,0.937520444393158,1
50,LCalfTwist_01,0.9373973608016968,0.9373973608016968,0.9373973608016968,1
25,RCalfTwist_03,0.9351377487182617,0.9351377487182617,0.9351377487182617,1
0,RCalfTwist_03,0.9304384589195251,0.9304384589195251,0.9304384589195251,1
24,RCalfTwist_01,0.9303223490715027,0.9303223490715027,0.9303223490715027,1
48,RCalfTwist_01,0.9285117387771606,0.9285117387771606,0.9285117387771606,1
65,foot_r,0.9256918430328369,0.9256918430328369,0.9256918430328369,1
77,RCalfTwist_02,0.9246616363525391,0.9246616363525391,0.9246616363525391,1
80,R_ForeTwist_01,0.9225693345069885,0.9225693345069885,0.9225693345069885,1
47,RCalfTwist_03,0.919514536857605,0.919514536857605,0.919514536857605,1
79,R_ForeTwist_01,0.9186816811561584,0.9186816811561584,0.9186816811561584,1
28,LCalfTwist_02,0.9164886474609375,0.9164886474609375,0.9164886474609375,1
3,R_ForeTwist_02,0.9135765433311462,0.9135765433311462,0.9135765433311462,1
77,LCalfTwist_02,0.9117043614387512,0.9117043614387512,0.9117043614387512,1
49,RCalfTwist_01,0.9110001921653748,0.9110001921653748,0.9110001921653748,1
52,LCalfTwist_02,0.9058428406715393,0.9058428406715393,0.9058428406715393,1
4,RCalfTwist_01,0.9041576981544495,0.9041576981544495,0.9041576981544495,1
45,LCalfTwist_01,0.9037460088729858,0.9037460088729858,0.9037460088729858,1
5,R_ForeTwist_01,0.902115523815155,0.902115523815155,0.902115523815155,1
8,RCalfTwist_02,0.9013385772705078,0.9013385772705078,0.9013385772705078,1
6,R_ForeTwist_01,0.9005129337310791,0.9005129337310791,0.9005129337310791,1
40,RCalfTwist_02,0.8967190980911255,0.8967190980911255,0.8967190980911255,1
13,LCalfTwist_02,0.896416425704956,0.896416425704956,0.896416425704956,1
5,R_ForeTwist_02,0.893951952457428,0.893951952457428,0.893951952457428,1
14,LCalfTwist_02,0.8937291502952576,0.8937291502952576,0.8937291502952576,1
6,R_ForeTwist_02,0.8936468958854675,0.8936468958854675,0.8936468958854675,1
59,LCalfTwist_02,0.8936300277709961,0.8936300277709961,0.8936300277709961,1
83,R_ForeTwist_01,0.8935942053794861,0.8935942053794861,0.8935942053794861,1
58,LCalfTwist_02,0.8927394151687622,0.8927394151687622,0.8927394151687622,1
42,RCalfTwist_03,0.8918496370315552,0.8918496370315552,0.8918496370315552,1
0,R_ForeTwist_01,0.8917055130004883,0.8917055130004883,0.8917055130004883,1
29,LCalfTwist_01,0.8914257884025574,0.8914257884025574,0.8914257884025574,1
82,R_ForeTwist_01,0.890823245048523,0.890823245048523,0.890823245048523,1
81,R_ForeTwist_01,0.8889600038528442,0.8889600038528442,0.8889600038528442,1
7,R_ForeTwist_02,0.8879032731056213,0.8879032731056213,0.8879032731056213,1
78,R_ForeTwist_02,0.8868568539619446,0.8868568539619446,0.8868568539619446,1
1,R_ForeTwist_01,0.8842154145240784,0.8842154145240784,0.8842154145240784,1
79,R_ForeTwist_02,0.8802711367607117,0.8802711367607117,0.8802711367607117,1
80,R_ForeTwist_02,0.878116250038147,0.878116250038147,0.878116250038147,1
5,RCalfTwist_01,0.8729243874549866,0.8729243874549866,0.8729243874549866,1
3,R_ForeTwist_01,0.868741512298584,0.868741512298584,0.868741512298584,1
81,R_ForeTwist_02,0.8672387003898621,0.8672387003898621,0.8672387003898621,1
63,LCalfTwist_01,0.8650636076927185,0.8650636076927185,0.8650636076927185,1
17,RCalfTwist_02,0.8641252517700195,0.8641252517700195,0.8641252517700195,1
82,R_ForeTwist_02,0.8639706969261169,0.8639706969261169,0.8639706969261169,1
83,R_ForeTwist_02,0.8627904653549194,0.8627904653549194,0.8627904653549194,1
85,R_ForeTwist_01,0.8594773411750793,0.8594773411750793,0.8594773411750793,1
43,RCalfTwist_03,0.8583971858024597,0.8583971858024597,0.8583971858024597,1
85,R_ForeTwist_02,0.8580940961837769,0.8580940961837769,0.8580940961837769,1
84,R_ForeTwist_01,0.8575723767280579,0.8575723767280579,0.8575723767280579,1
44,LCalfTwist_01,0.8537073135375977,0.8537073135375977,0.8537073135375977,1
84,R_ForeTwist_02,0.8536807298660278,0.8536807298660278,0.8536807298660278,1
56,RCalfTwist_01,0.8536549806594849,0.8536549806594849,0.8536549806594849,1
55,RCalfTwist_01,0.8529182076454163,0.8529182076454163,0.8529182076454163,1
34,LCalfTwist_01,0.8523410558700562,0.8523410558700562,0.8523410558700562,1
2,RCalfTwist_02,0.8503992557525635,0.8503992557525635,0.8503992557525635,1
25,RCalfTwist_01,0.841850221157074,0.841850221157074,0.841850221157074,1
85,RUpArmTwist_l_02,0.8408923745155334,0.8408923745155334,0.8408923745155334,1
2,R_ForeTwist_01,0.8321312069892883,0.8321312069892883,0.8321312069892883,1
35,LCalfTwist_01,0.8296637535095215,0.8296637535095215,0.8296637535095215,1
18,RCalfTwist_02,0.8246054649353027,0.8246054649353027,0.8246054649353027,1
77,LCalfTwist_03,0.823632001876831,0.823632001876831,0.823632001876831,1
76,LCalfTwist_03,0.8221909999847412,0.8221909999847412,0.8221909999847412,1
64,LCalfTwist_01,0.8192718029022217,0.8192718029022217,0.8192718029022217,1
45,LCalfTwist_02,0.8175222277641296,0.8175222277641296,0.8175222277641296,1
49,LCalfTwist_01,0.8149320483207703,0.8149320483207703,0.8149320483207703,1
0,R_ForeTwist_02,0.8129161596298218,0.8129161596298218,0.8129161596298218,1
39,RCalfTwist_02,0.8126887083053589,0.8126887083053589,0.8126887083053589,1
60,LCalfTwist_02,0.8102807998657227,0.8102807998657227,0.8102807998657227,1
50,RCalfTwist_01,0.8101744055747986,0.8101744055747986,0.8101744055747986,1
4,R_ForeTwist_01,0.8093212246894836,0.8093212246894836,0.8093212246894836,1
2,R_ForeTwist_02,0.8062911033630371,0.8062911033630371,0.8062911033630371,1
1,R_ForeTwist_02,0.8017116189002991,0.8017116189002991,0.8017116189002991,1
83,L_ForeTwist_01,0.7968136668205261,0.7968136668205261,0.7968136668205261,1
44,LCalfTwist_02,0.7964566349983215,0.7964566349983215,0.7964566349983215,1
85,L_ForeTwist_01,0.7963552474975586,0.7963552474975586,0.7963552474975586,1
82,L_ForeTwist_01,0.7960304617881775,0.7960304617881775,0.7960304617881775,1
84,L_ForeTwist_01,0.7955983281135559,0.7955983281135559,0.7955983281135559,1
42,RCalfTwist_01,0.7948564291000366,0.7948564291000366,0.7948564291000366,1
26,RCalfTwist_01,0.7910918593406677,0.7910918593406677,0.7910918593406677,1
45,LCalfTwist_03,0.7889391779899597,0.7889391779899597,0.7889391779899597,1
19,RCalfTwist_02,0.7880803942680359,0.7880803942680359,0.7880803942680359,1
51,LCalfTwist_02,0.7856265902519226,0.7856265902519226,0.7856265902519226,1
4,R_ForeTwist_02,0.7833011746406555,0.7833011746406555,0.7833011746406555,1
60,LCalfTwist_03,0.7781806588172913,0.7781806588172913,0.7781806588172913,1
0,RCalfTwist_01,0.7684385776519775,0.7684385776519775,0.7684385776519775,1
76,RCalfTwist_02,0.7680051326751709,0.7680051326751709,0.7680051326751709,1
65,LCalfTwist_01,0.7672085762023926,0.7672085762023926,0.7672085762023926,1
59,LCalfTwist_03,0.766831636428833,0.766831636428833,0.766831636428833,1
44,LCalfTwist_03,0.7658089399337769,0.7658089399337769,0.7658089399337769,1
35,LCalfTwist_03,0.7652404308319092,0.7652404308319092,0.7652404308319092,1
58,LCalfTwist_03,0.7650870680809021,0.7650870680809021,0.7650870680809021,1
66,LCalfTwist_01,0.7643726468086243,0.7643726468086243,0.7643726468086243,1
26,RCalfTwist_03,0.762177586555481,0.762177586555481,0.762177586555481,1
77,LCalfTwist_01,0.7582328915596008,0.7582328915596008,0.7582328915596008,1
27,RCalfTwist_01,0.7579624056816101,0.7579624056816101,0.7579624056816101,1
21,RCalfTwist_02,0.7560210824012756,0.7560210824012756,0.7560210824012756,1
81,RCalfTwist_02,0.755526602268219,0.755526602268219,0.755526602268219,1
34,LCalfTwist_03,0.7553603053092957,0.7553603053092957,0.7553603053092957,1
20,RCalfTwist_02,0.7522632479667664,0.7522632479667664,0.7522632479667664,1
64,RCalfTwist_03,0.7500002384185791,0.7500002384185791,0.7500002384185791,1
28,RCalfTwist_03,0.7480368614196777,0.7480368614196777,0.7480368614196777,1
7,RCalfTwist_02,0.7478819489479065,0.7478819489479065,0.7478819489479065,1
27,RCalfTwist_03,0.7474297285079956,0.7474297285079956,0.7474297285079956,1
57,RCalfTwist_01,0.7471638917922974,0.7471638917922974,0.7471638917922974,1
80,L_ForeTwist_01,0.7470083236694336,0.7470083236694336,0.7470083236694336,1
63,RCalfTwist_03,0.7468705773353577,0.7468705773353577,0.7468705773353577,1
81,L_ForeTwist_01,0.7464969754219055,0.7464969754219055,0.7464969754219055,1
0,L_ForeTwist_01,0.7463512420654297,0.7463512420654297,0.7463512420654297,1
79,L_ForeTwist_01,0.7460416555404663,0.7460416555404663,0.7460416555404663,1
28,RCalfTwist_01,0.7459970712661743,0.7459970712661743,0.7459970712661743,1
74,L_ForeTwist_01,0.7454584836959839,0.7454584836959839,0.7454584836959839,1
1,L_ForeTwist_01,0.7447934746742249,0.7447934746742249,0.7447934746742249,1
41,RCalfTwist_03,0.7435920238494873,0.7435920238494873,0.7435920238494873,1
73,L_ForeTwist_01,0.7434988617897034,0.7434988617897034,0.7434988617897034,1
46,LCalfTwist_01,0.7425852417945862,0.7425852417945862,0.7425852417945862,1
62,RCalfTwist_03,0.7425073385238647,0.7425073385238647,0.7425073385238647,1
66,foot_r,0.7406489849090576,0.7406489849090576,0.7406489849090576,1
61,RCalfTwist_03,0.7399804592132568,0.7399804592132568,0.7399804592132568,1
52,LCalfTwist_03,0.7377172112464905,0.7377172112464905,0.7377172112464905,1
60,RCalfTwist_03,0.733415961265564,0.733415961265564,0.733415961265564,1
59,RCalfTwist_03,0.7309799194335938,0.7309799194335938,0.7309799194335938,1
58,RCalfTwist_03,0.7305282950401306,0.7305282950401306,0.7305282950401306,1
3,RCalfTwist_02,0.7274275422096252,0.7274275422096252,0.7274275422096252,1
36,LCalfTwist_01,0.7191928625106812,0.7191928625106812,0.7191928625106812,1
61,LCalfTwist_02,0.7179543375968933,0.7179543375968933,0.7179543375968933,1
67,LCalfTwist_01,0.7153884172439575,0.7153884172439575,0.7153884172439575,1
54,RCalfTwist_03,0.7152367830276489,0.7152367830276489,0.7152367830276489,1
33,LCalfTwist_01,0.7129493951797485,0.7129493951797485,0.7129493951797485,1
30,LCalfTwist_01,0.7075635194778442,0.7075635194778442,0.7075635194778442,1
48,RCalfTwist_03,0.7034937143325806,0.7034937143325806,0.7034937143325806,1
79,RCalfTwist_01,0.7033953666687012,0.7033953666687012,0.7033953666687012,1
78,RCalfTwist_01,0.7024611830711365,0.7024611830711365,0.7024611830711365,1
47,LCalfTwist_01,0.7015284895896912,0.7015284895896912,0.7015284895896912,1
76,LCalfTwist_02,0.7006875872612,0.7006875872612,0.7006875872612,1
1,RCalfTwist_02,0.7006779909133911,0.7006779909133911,0.7006779909133911,1
29,LCalfTwist_02,0.6983776688575745,0.6983776688575745,0.6983776688575745,1
78,L_ForeTwist_01,0.6966143250465393,0.6966143250465393,0.6966143250465393,1
76,L_ForeTwist_01,0.6965036988258362,0.6965036988258362,0.6965036988258362,1
77,L_ForeTwist_01,0.6964196562767029,0.6964196562767029,0.6964196562767029,1
75,L_ForeTwist_01,0.6950918436050415,0.6950918436050415,0.6950918436050415,1
71,L_ForeTwist_01,0.6941726207733154,0.6941726207733154,0.6941726207733154,1
64,lowerarm_l,0.6936465501785278,0.6936465501785278,0.6936465501785278,1
72,L_ForeTwist_01,0.6936003565788269,0.6936003565788269,0.6936003565788269,1
29,LCalfTwist_03,0.6867908239364624,0.6867908239364624,0.6867908239364624,1
49,RCalfTwist_03,0.686306357383728,0.686306357383728,0.686306357383728,1
38,RCalfTwist_02,0.6846381425857544,0.6846381425857544,0.6846381425857544,1
48,LCalfTwist_01,0.684135377407074,0.684135377407074,0.684135377407074,1
22,RCalfTwist_02,0.6815041899681091,0.6815041899681091,0.6815041899681091,1
62,LCalfTwist_02,0.6777085661888123,0.6777085661888123,0.6777085661888123,1
50,RCalfTwist_03,0.6685524582862854,0.6685524582862854,0.6685524582862854,1
52,RCalfTwist_02,0.6618139147758484,0.6618139147758484,0.6618139147758484,1
30,LCalfTwist_03,0.6588326692581177,0.6588326692581177,0.6588326692581177,1
29,RCalfTwist_01,0.657616913318634,0.657616913318634,0.657616913318634,1
75,RCalfTwist_02,0.6572856903076172,0.6572856903076172,0.6572856903076172,1
34,LCalfTwist_02,0.6568617820739746,0.6568617820739746,0.6568617820739746,1
2,L_ForeTwist_01,0.6562134623527527,0.6562134623527527,0.6562134623527527,1
33,LCalfTwist_03,0.654325544834137,0.654325544834137,0.654325544834137,1
68,L_ForeTwist_01,0.6500595211982727,0.6500595211982727,0.6500595211982727,1
51,LCalfTwist_03,0.6499859690666199,0.6499859690666199,0.6499859690666199,1
50,LCalfTwist_02,0.649198591709137,0.649198591709137,0.649198591709137,1
67,L_ForeTwist_01,0.6489157676696777,0.6489157676696777,0.6489157676696777,1
66,L_ForeTwist_01,0.6476824879646301,0.6476824879646301,0.6476824879646301,1
50,LCalfTwist_03,0.6471160054206848,0.6471160054206848,0.6471160054206848,1
80,RCalfTwist_01,0.6452910900115967,0.6452910900115967,0.6452910900115967,1
31,LCalfTwist_01,0.6431282758712769,0.6431282758712769,0.6431282758712769,1
68,LCalfTwist_01,0.6429904699325562,0.6429904699325562,0.6429904699325562,1
70,L_ForeTwist_01,0.6423704624176025,0.6423704624176025,0.6423704624176025,1
69,L_ForeTwist_01,0.6416029930114746,0.6416029930114746,0.6416029930114746,1
58,RCalfTwist_01,0.6399086117744446,0.6399086117744446,0.6399086117744446,1
38,L_ForeTwist_02,0.6395416855812073,0.6395416855812073,0.6395416855812073,1
36,L_ForeTwist_02,0.6356911659240723,0.6356911659240723,0.6356911659240723,1
35,L_ForeTwist_02,0.6349145174026489,0.6349145174026489,0.6349145174026489,1
39,L_ForeTwist_02,0.6345518827438354,0.6345518827438354,0.6345518827438354,1
43,LCalfTwist_02,0.6318060755729675,0.6318060755729675,0.6318060755729675,1
34,L_ForeTwist_02,0.6249646544456482,0.6249646544456482,0.6249646544456482,1
37,L_ForeTwist_02,0.6243748664855957,0.6243748664855957,0.6243748664855957,1
35,LCalfTwist_02,0.6210927963256836,0.6210927963256836,0.6210927963256836,1
46,LCalfTwist_02,0.6181114912033081,0.6181114912033081,0.6181114912033081,1
50,lowerarm_r,0.6174393892288208,0.6174393892288208,0.6174393892288208,1
46,LCalfTwist_03,0.6154603362083435,0.6154603362083435,0.6154603362083435,1
32,LCalfTwist_01,0.6144989132881165,0.6144989132881165,0.6144989132881165,1
77,RCalfTwist_01,0.613788902759552,0.613788902759552,0.613788902759552,1
41,RCalfTwist_01,0.6133098006248474,0.6133098006248474,0.6133098006248474,1
23,RCalfTwist_02,0.6120437979698181,0.6120437979698181,0.6120437979698181,1
40,L_ForeTwist_02,0.6101477146148682,0.6101477146148682,0.6101477146148682,1
60,RCalfTwist_01,0.6067948937416077,0.6067948937416077,0.6067948937416077,1
3,L_ForeTwist_01,0.606191098690033,0.606191098690033,0.606191098690033,1
4,L_ForeTwist_01,0.6056368947029114,0.6056368947029114,0.6056368947029114,1
59,RCalfTwist_01,0.6049209237098694,0.6049209237098694,0.6049209237098694,1
54,RCalfTwist_01,0.6006501913070679,0.6006501913070679,0.6006501913070679,1
5,L_ForeTwist_01,0.5989129543304443,0.5989129543304443,0.5989129543304443,1
30,RCalfTwist_03,0.5917062163352966,0.5917062163352966,0.5917062163352966,1
63,LCalfTwist_02,0.5905762910842896,0.5905762910842896,0.5905762910842896,1
6,RCalfTwist_02,0.5880268812179565,0.5880268812179565,0.5880268812179565,1
41,L_ForeTwist_02,0.5859804749488831,0.5859804749488831,0.5859804749488831,1
43,LCalfTwist_01,0.5827339291572571,0.5827339291572571,0.5827339291572571,1
65,L_ForeTwist_01,0.5826396942138672,0.5826396942138672,0.5826396942138672,1
64,L_ForeTwist_01,0.5806558132171631,0.5806558132171631,0.5806558132171631,1
63,L_ForeTwist_01,0.5799110531806946,0.5799110531806946,0.5799110531806946,1
62,L_ForeTwist_01,0.578558623790741,0.578558623790741,0.578558623790741,1
40,RCalfTwist_03,0.5777006149291992,0.5777006149291992,0.5777006149291992,1
1,L_ForeTwist_02,0.576786994934082,0.576786994934082,0.576786994934082,1
60,L_ForeTwist_01,0.574725329875946,0.574725329875946,0.574725329875946,1
2,L_ForeTwist_02,0.5725452303886414,0.5725452303886414,0.5725452303886414,1
29,RCalfTwist_03,0.5713127255439758,0.5713127255439758,0.5713127255439758,1
64,LCalfTwist_03,0.5712474584579468,0.5712474584579468,0.5712474584579468,1
61,RCalfTwist_01,0.5698404908180237,0.5698404908180237,0.5698404908180237,1
0,L_ForeTwist_02,0.5697519183158875,0.5697519183158875,0.5697519183158875,1
36,LCalfTwist_03,0.568286120891571,0.568286120891571,0.568286120891571,1
82,RCalfTwist_02,0.5663291811943054,0.5663291811943054,0.5663291811943054,1
63,LCalfTwist_03,0.5650537610054016,0.5650537610054016,0.5650537610054016,1
37,RCalfTwist_02,0.5623300671577454,0.5623300671577454,0.5623300671577454,1
76,LCalfTwist_01,0.5622602701187134,0.5622602701187134,0.5622602701187134,1
51,RCalfTwist_01,0.561595618724823,0.561595618724823,0.561595618724823,1
30,RCalfTwist_01,0.5594335198402405,0.5594335198402405,0.5594335198402405,1
62,LCalfTwist_03,0.557692289352417,0.557692289352417,0.557692289352417,1
22,lowerarm_r,0.5562559962272644,0.5562559962272644,0.5562559962272644,1
6,L_ForeTwist_01,0.5530534982681274,0.5530534982681274,0.5530534982681274,1
61,LCalfTwist_03,0.5477457046508789,0.5477457046508789,0.5477457046508789,1
64,LCalfTwist_02,0.5476738214492798,0.5476738214492798,0.5476738214492798,1
7,L_ForeTwist_01,0.545673131942749,0.545673131942749,0.545673131942749,1
42,L_ForeTwist_02,0.5443853735923767,0.5443853735923767,0.5443853735923767,1
31,L_ForeTwist_02,0.5415762662887573,0.5415762662887573,0.5415762662887573,1
29,L_ForeTwist_02,0.5390087366104126,0.5390087366104126,0.5390087366104126,1
24,RCalfTwist_02,0.5383350253105164,0.5383350253105164,0.5383350253105164,1
47,LCalfTwist_02,0.5373746156692505,0.5373746156692505,0.5373746156692505,1
43,LCalfTwist_03,0.5347827672958374,0.5347827672958374,0.5347827672958374,1
27,L_ForeTwist_02,0.5322738885879517,0.5322738885879517,0.5322738885879517,1
28,L_ForeTwist_02,0.531751275062561,0.531751275062561,0.531751275062561,1
69,LCalfTwist_01,0.5316507816314697,0.5316507816314697,0.5316507816314697,1
32,L_ForeTwist_02,0.5312932133674622,0.5312932133674622,0.5312932133674622,1
33,L_ForeTwist_02,0.5300410985946655,0.5300410985946655,0.5300410985946655,1
4,RCalfTwist_02,0.5290752053260803,0.5290752053260803,0.5290752053260803,1
33,L_ForeTwist_01,0.5247035622596741,0.5247035622596741,0.5247035622596741,1
32,L_ForeTwist_01,0.52403724193573,0.52403724193573,0.52403724193573,1
37,L_ForeTwist_01,0.5219807028770447,0.5219807028770447,0.5219807028770447,1
34,L_ForeTwist_01,0.5217707753181458,0.5217707753181458,0.5217707753181458,1
35,L_ForeTwist_01,0.5209597945213318,0.5209597945213318,0.5209597945213318,1
36,L_ForeTwist_01,0.5208075642585754,0.5208075642585754,0.5208075642585754,1
26,L_ForeTwist_02,0.5207247734069824,0.5207247734069824,0.5207247734069824,1
38,L_ForeTwist_01,0.5205779075622559,0.5205779075622559,0.5205779075622559,1
30,L_ForeTwist_02,0.5182847380638123,0.5182847380638123,0.5182847380638123,1
37,LCalfTwist_01,0.5172247886657715,0.5172247886657715,0.5172247886657715,1
25,L_ForeTwist_02,0.5168517231941223,0.5168517231941223,0.5168517231941223,1
40,LCalfTwist_02,0.5134904980659485,0.5134904980659485,0.5134904980659485,1
24,L_ForeTwist_02,0.5133563876152039,0.5133563876152039,0.5133563876152039,1
61,L_ForeTwist_01,0.5129485130310059,0.5129485130310059,0.5129485130310059,1
43,L_ForeTwist_02,0.5121843814849854,0.5121843814849854,0.5121843814849854,1
49,LCalfTwist_02,0.5108509063720703,0.5108509063720703,0.5108509063720703,1
59,L_ForeTwist_01,0.5105794072151184,0.5105794072151184,0.5105794072151184,1
58,L_ForeTwist_01,0.5101962685585022,0.5101962685585022,0.5101962685585022,1
66,LCalfTwist_02,0.5095536708831787,0.5095536708831787,0.5095536708831787,1
57,L_ForeTwist_01,0.5084410309791565,0.5084410309791565,0.5084410309791565,1
65,LCalfTwist_02,0.5075276494026184,0.5075276494026184,0.5075276494026184,1
31,RCalfTwist_01,0.5063991546630859,0.5063991546630859,0.5063991546630859,1
23,L_ForeTwist_02,0.5051416754722595,0.5051416754722595,0.5051416754722595,1
45,L_ForeTwist_01,0.5010293126106262,0.5010293126106262,0.5010293126106262,1
62,RCalfTwist_01,0.49841028451919556,0.49841028451919556,0.49841028451919556,1
30,LCalfTwist_02,0.49697956442832947,0.49697956442832947,0.49697956442832947,1
67,foot_r,0.4969138205051422,0.4969138205051422,0.4969138205051422,1
5,RCalfTwist_02,0.4943919777870178,0.4943919777870178,0.4943919777870178,1
75,LCalfTwist_02,0.4927924573421478,0.4927924573421478,0.4927924573421478,1
43,L_ForeTwist_01,0.4925591051578522,0.4925591051578522,0.4925591051578522,1
33,LCalfTwist_02,0.4919731318950653,0.4919731318950653,0.4919731318950653,1
8,L_ForeTwist_01,0.49120283126831055,0.49120283126831055,0.49120283126831055,1
42,L_ForeTwist_01,0.48981112241744995,0.48981112241744995,0.48981112241744995,1
22,L_ForeTwist_02,0.488957941532135,0.488957941532135,0.488957941532135,1
21,L_ForeTwist_02,0.48836278915405273,0.48836278915405273,0.48836278915405273,1
36,LCalfTwist_02,0.48777779936790466,0.48777779936790466,0.48777779936790466,1
41,LCalfTwist_02,0.48766621947288513,0.48766621947288513,0.48766621947288513,1
41,L_ForeTwist_01,0.4854712188243866,0.4854712188243866,0.4854712188243866,1
74,RCalfTwist_02,0.48484647274017334,0.48484647274017334,0.48484647274017334,1
31,LCalfTwist_03,0.48414596915245056,0.48414596915245056,0.48414596915245056,1
40,L_ForeTwist_01,0.48337846994400024,0.48337846994400024,0.48337846994400024,1
9,L_ForeTwist_01,0.48260441422462463,0.48260441422462463,0.48260441422462463,1
36,RCalfTwist_02,0.47916486859321594,0.47916486859321594,0.47916486859321594,1
39,L_ForeTwist_01,0.4790171682834625,0.4790171682834625,0.4790171682834625,1
20,L_ForeTwist_02,0.47817903757095337,0.47817903757095337,0.47817903757095337,1
10,L_ForeTwist_01,0.47778353095054626,0.47778353095054626,0.47778353095054626,1
80,RCalfTwist_03,0.47765305638313293,0.47765305638313293,0.47765305638313293,1
50,L_ForeTwist_01,0.47655633091926575,0.47655633091926575,0.47655633091926575,1
30,L_ForeTwist_01,0.475349098443985,0.475349098443985,0.475349098443985,1
26,L_ForeTwist_01,0.4749164581298828,0.4749164581298828,0.4749164581298828,1
79,RCalfTwist_03,0.47426849603652954,0.47426849603652954,0.47426849603652954,1
49,L_ForeTwist_01,0.4733869731426239,0.4733869731426239,0.4733869731426239,1
27,L_ForeTwist_01,0.4733562767505646,0.4733562767505646,0.4733562767505646,1
28,L_ForeTwist_01,0.4732809364795685,0.4732809364795685,0.4732809364795685,1
19,L_ForeTwist_02,0.47298574447631836,0.47298574447631836,0.47298574447631836,1
11,L_ForeTwist_01,0.4729197919368744,0.4729197919368744,0.4729197919368744,1
31,L_ForeTwist_01,0.4728463590145111,0.4728463590145111,0.4728463590145111,1
29,L_ForeTwist_01,0.4727311134338379,0.4727311134338379,0.4727311134338379,1
0,RCalfTwist_02,0.4715932011604309,0.4715932011604309,0.4715932011604309,1
48,L_ForeTwist_01,0.4714580774307251,0.4714580774307251,0.4714580774307251,1
41,LCalfTwist_03,0.47036248445510864,0.47036248445510864,0.47036248445510864,1
78,RCalfTwist_03,0.469558447599411,0.469558447599411,0.469558447599411,1
81,RCalfTwist_01,0.4694947302341461,0.4694947302341461,0.4694947302341461,1
44,L_ForeTwist_02,0.46843501925468445,0.46843501925468445,0.46843501925468445,1
77,RCalfTwist_03,0.4683550298213959,0.4683550298213959,0.4683550298213959,1
18,L_ForeTwist_02,0.4671275317668915,0.4671275317668915,0.4671275317668915,1
47,L_ForeTwist_01,0.4669986665248871,0.4669986665248871,0.4669986665248871,1
32,LCalfTwist_03,0.4667736291885376,0.4667736291885376,0.4667736291885376,1
67,LCalfTwist_02,0.46673715114593506,0.46673715114593506,0.46673715114593506,1
46,L_ForeTwist_01,0.4656190574169159,0.4656190574169159,0.4656190574169159,1
76,RCalfTwist_01,0.4646760821342468,0.4646760821342468,0.4646760821342468,1
12,L_ForeTwist_02,0.4637874662876129,0.4637874662876129,0.4637874662876129,1
69,RCalfTwist_03,0.463750422000885,0.463750422000885,0.463750422000885,1
70,RCalfTwist_03,0.4627911448478699,0.4627911448478699,0.4627911448478699,1
17,L_ForeTwist_02,0.46233946084976196,0.46233946084976196,0.46233946084976196,1
72,RCalfTwist_03,0.46149513125419617,0.46149513125419617,0.46149513125419617,1
48,LCalfTwist_02,0.4611879289150238,0.4611879289150238,0.4611879289150238,1
71,RCalfTwist_03,0.4590713679790497,0.4590713679790497,0.4590713679790497,1
44,L_ForeTwist_01,0.4562554657459259,0.4562554657459259,0.4562554657459259,1
55,RCalfTwist_02,0.45488792657852173,0.45488792657852173,0.45488792657852173,1
16,L_ForeTwist_02,0.4536527991294861,0.4536527991294861,0.4536527991294861,1
75,LCalfTwist_03,0.4495515823364258,0.4495515823364258,0.4495515823364258,1
74,LCalfTwist_03,0.44793587923049927,0.44793587923049927,0.44793587923049927,1
40,RCalfTwist_01,0.44778698682785034,0.44778698682785034,0.44778698682785034,1
40,LCalfTwist_03,0.44719094038009644,0.44719094038009644,0.44719094038009644,1
49,LCalfTwist_03,0.44591259956359863,0.44591259956359863,0.44591259956359863,1
56,RCalfTwist_02,0.4449620842933655,0.4449620842933655,0.4449620842933655,1
70,LCalfTwist_01,0.4431341886520386,0.4431341886520386,0.4431341886520386,1
56,L_ForeTwist_01,0.44285061955451965,0.44285061955451965,0.44285061955451965,1
15,L_ForeTwist_02,0.4417724013328552,0.4417724013328552,0.4417724013328552,1
55,L_ForeTwist_01,0.44111311435699463,0.44111311435699463,0.44111311435699463,1
48,LCalfTwist_03,0.43940243124961853,0.43940243124961853,0.43940243124961853,1
45,L_ForeTwist_02,0.439214289188385,0.439214289188385,0.439214289188385,1
54,L_ForeTwist_01,0.43909797072410583,0.43909797072410583,0.43909797072410583,1
13,L_ForeTwist_02,0.438666969537735,0.438666969537735,0.438666969537735,1
14,L_ForeTwist_02,0.43863537907600403,0.43863537907600403,0.43863537907600403,1
53,L_ForeTwist_01,0.43816307187080383,0.43816307187080383,0.43816307187080383,1
51,L_ForeTwist_01,0.4375591576099396,0.4375591576099396,0.4375591576099396,1
52,L_ForeTwist_01,0.43620172142982483,0.43620172142982483,0.43620172142982483,1
16,L_ForeTwist_01,0.4337836503982544,0.4337836503982544,0.4337836503982544,1
42,LCalfTwist_02,0.4326492249965668,0.4326492249965668,0.4326492249965668,1
17,L_ForeTwist_01,0.4317159652709961,0.4317159652709961,0.4317159652709961,1
47,LCalfTwist_03,0.4273359179496765,0.4273359179496765,0.4273359179496765,1
25,RCalfTwist_02,0.4270305335521698,0.4270305335521698,0.4270305335521698,1
23,L_ForeTwist_01,0.42620259523391724,0.42620259523391724,0.42620259523391724,1
31,LCalfTwist_02,0.42605409026145935,0.42605409026145935,0.42605409026145935,1
24,L_ForeTwist_01,0.4251728951931,0.4251728951931,0.4251728951931,1
25,L_ForeTwist_01,0.4245752692222595,0.4245752692222595,0.4245752692222595,1
14,L_ForeTwist_01,0.4241626560688019,0.4241626560688019,0.4241626560688019,1
13,L_ForeTwist_01,0.4234715700149536,0.4234715700149536,0.4234715700149536,1
11,L_ForeTwist_02,0.4232500195503235,0.4232500195503235,0.4232500195503235,1
15,L_ForeTwist_01,0.42288580536842346,0.42288580536842346,0.42288580536842346,1
68,LCalfTwist_02,0.4222601056098938,0.4222601056098938,0.4222601056098938,1
12,L_ForeTwist_01,0.42127445340156555,0.42127445340156555,0.42127445340156555,1
85,RCalfTwist_03,0.41881635785102844,0.41881635785102844,0.41881635785102844,1
38,RCalfTwist_03,0.41840487718582153,0.41840487718582153,0.41840487718582153,1
83,RCalfTwist_02,0.41663286089897156,0.41663286089897156,0.41663286089897156,1
39,RCalfTwist_03,0.41513970494270325,0.41513970494270325,0.41513970494270325,1
32,LCalfTwist_02,0.4113285541534424,0.4113285541534424,0.4113285541534424,1
46,L_ForeTwist_02,0.4090318977832794,0.4090318977832794,0.4090318977832794,1
32,RCalfTwist_03,0.40727144479751587,0.40727144479751587,0.40727144479751587,1
32,RCalfTwist_01,0.4051460921764374,0.4051460921764374,0.4051460921764374,1
10,L_ForeTwist_02,0.40428605675697327,0.40428605675697327,0.40428605675697327,1
31,RCalfTwist_03,0.3985872268676758,0.3985872268676758,0.3985872268676758,1
84,L_ForeTwist_02,0.3985818922519684,0.3985818922519684,0.3985818922519684,1
85,L_ForeTwist_02,0.3970842957496643,0.3970842957496643,0.3970842957496643,1
47,L_ForeTwist_02,0.3944040536880493,0.3944040536880493,0.3944040536880493,1
26,RCalfTwist_02,0.39337995648384094,0.39337995648384094,0.39337995648384094,1
83,L_ForeTwist_02,0.39337846636772156,0.39337846636772156,0.39337846636772156,1
82,L_ForeTwist_02,0.39169368147850037,0.39169368147850037,0.39169368147850037,1
63,RCalfTwist_01,0.3898756206035614,0.3898756206035614,0.3898756206035614,1
81,L_ForeTwist_02,0.3886418342590332,0.3886418342590332,0.3886418342590332,1
21,lowerarm_r,0.3854950964450836,0.3854950964450836,0.3854950964450836,1
68,RCalfTwist_03,0.3839006721973419,0.3839006721973419,0.3839006721973419,1
67,RCalfTwist_03,0.38370153307914734,0.38370153307914734,0.38370153307914734,1
9,L_ForeTwist_02,0.38293081521987915,0.38293081521987915,0.38293081521987915,1
66,RCalfTwist_03,0.38119179010391235,0.38119179010391235,0.38119179010391235,1
80,L_ForeTwist_02,0.3808520436286926,0.3808520436286926,0.3808520436286926,1
18,L_ForeTwist_01,0.38030990958213806,0.38030990958213806,0.38030990958213806,1
19,L_ForeTwist_01,0.37961938977241516,0.37961938977241516,0.37961938977241516,1
65,RCalfTwist_03,0.3795282244682312,0.3795282244682312,0.3795282244682312,1
20,L_ForeTwist_01,0.37923893332481384,0.37923893332481384,0.37923893332481384,1
79,L_ForeTwist_02,0.37787845730781555,0.37787845730781555,0.37787845730781555,1
21,L_ForeTwist_01,0.3776524066925049,0.3776524066925049,0.3776524066925049,1
22,L_ForeTwist_01,0.377545028924942,0.377545028924942,0.377545028924942,1
39,RCalfTwist_01,0.3721356987953186,0.3721356987953186,0.3721356987953186,1
48,L_ForeTwist_02,0.37202414870262146,0.37202414870262146,0.37202414870262146,1
78,L_ForeTwist_02,0.3715885877609253,0.3715885877609253,0.3715885877609253,1
77,L_ForeTwist_02,0.36916235089302063,0.36916235089302063,0.36916235089302063,1
68,LCalfTwist_03,0.3654997944831848,0.3654997944831848,0.3654997944831848,1
74,LCalfTwist_02,0.3648710548877716,0.3648710548877716,0.3648710548877716,1
60,L_ForeTwist_02,0.3647012412548065,0.3647012412548065,0.3647012412548065,1
62,L_ForeTwist_02,0.36383056640625,0.36383056640625,0.36383056640625,1
57,RCalfTwist_02,0.36278292536735535,0.36278292536735535,0.36278292536735535,1
76,L_ForeTwist_02,0.3625805079936981,0.3625805079936981,0.3625805079936981,1
75,L_ForeTwist_02,0.3620558977127075,0.3620558977127075,0.3620558977127075,1
63,L_ForeTwist_02,0.36098513007164,0.36098513007164,0.36098513007164,1
42,LCalfTwist_01,0.36086246371269226,0.36086246371269226,0.36086246371269226,1
67,LCalfTwist_03,0.3606603443622589,0.3606603443622589,0.3606603443622589,1
64,L_ForeTwist_02,0.3602771461009979,0.3602771461009979,0.3602771461009979,1
27,RCalfTwist_02,0.35999467968940735,0.35999467968940735,0.35999467968940735,1
49,L_ForeTwist_02,0.35929304361343384,0.35929304361343384,0.35929304361343384,1
41,LCalfTwist_01,0.35772761702537537,0.35772761702537537,0.35772761702537537,1
68,L_ForeTwist_02,0.3568553328514099,0.3568553328514099,0.3568553328514099,1
66,L_ForeTwist_02,0.35680392384529114,0.35680392384529114,0.35680392384529114,1
65,L_ForeTwist_02,0.35671040415763855,0.35671040415763855,0.35671040415763855,1
37,LCalfTwist_03,0.35655301809310913,0.35655301809310913,0.35655301809310913,1
67,L_ForeTwist_02,0.35637637972831726,0.35637637972831726,0.35637637972831726,1
73,L_ForeTwist_02,0.35548046231269836,0.35548046231269836,0.35548046231269836,1
46,calf_r,0.35528305172920227,0.35528305172920227,0.35528305172920227,1
74,L_ForeTwist_02,0.3545144498348236,0.3545144498348236,0.3545144498348236,1
66,LCalfTwist_03,0.35418930649757385,0.35418930649757385,0.35418930649757385,1
35,RCalfTwist_02,0.3536466956138611,0.3536466956138611,0.3536466956138611,1
72,L_ForeTwist_02,0.35143616795539856,0.35143616795539856,0.35143616795539856,1
8,L_ForeTwist_02,0.3511452376842499,0.3511452376842499,0.3511452376842499,1
40,LCalfTwist_01,0.3509621322154999,0.3509621322154999,0.3509621322154999,1
65,LCalfTwist_03,0.35057345032691956,0.35057345032691956,0.35057345032691956,1
70,L_ForeTwist_02,0.3485763669013977,0.3485763669013977,0.3485763669013977,1
71,L_ForeTwist_02,0.3478555381298065,0.3478555381298065,0.3478555381298065,1
69,L_ForeTwist_02,0.347705215215683,0.347705215215683,0.347705215215683,1
50,L_ForeTwist_02,0.3469313383102417,0.3469313383102417,0.3469313383102417,1
75,RCalfTwist_01,0.3464754521846771,0.3464754521846771,0.3464754521846771,1
75,LCalfTwist_01,0.34364521503448486,0.34364521503448486,0.34364521503448486,1
37,LCalfTwist_02,0.34213268756866455,0.34213268756866455,0.34213268756866455,1
53,RCalfTwist_03,0.3410611152648926,0.3410611152648926,0.3410611152648926,1
51,L_ForeTwist_02,0.3386630713939667,0.3386630713939667,0.3386630713939667,1
73,RCalfTwist_02,0.3314630687236786,0.3314630687236786,0.3314630687236786,1
28,RCalfTwist_02,0.32372891902923584,0.32372891902923584,0.32372891902923584,1
7,L_ForeTwist_02,0.31920820474624634,0.31920820474624634,0.31920820474624634,1
64,RCalfTwist_01,0.3175252079963684,0.3175252079963684,0.3175252079963684,1
5,calf_l,0.31698593497276306,0.31698593497276306,0.31698593497276306,1
39,LCalfTwist_02,0.315766304731369,0.315766304731369,0.315766304731369,1
42,LCalfTwist_03,0.3141365945339203,0.3141365945339203,0.3141365945339203,1
33,RCalfTwist_01,0.30374395847320557,0.30374395847320557,0.30374395847320557,1
6,L_ForeTwist_02,0.3010176420211792,0.3010176420211792,0.3010176420211792,1
69,LCalfTwist_02,0.29954493045806885,0.29954493045806885,0.29954493045806885,1
5,L_ForeTwist_02,0.29705244302749634,0.29705244302749634,0.29705244302749634,1
70,LCalfTwist_03,0.29090648889541626,0.29090648889541626,0.29090648889541626,1
84,RCalfTwist_02,0.290459007024765,0.290459007024765,0.290459007024765,1
69,LCalfTwist_03,0.2877119183540344,0.2877119183540344,0.2877119183540344,1
71,LCalfTwist_01,0.28628891706466675,0.28628891706466675,0.28628891706466675,1
51,RCalfTwist_03,0.2840004861354828,0.2840004861354828,0.2840004861354828,1
4,L_ForeTwist_02,0.27658015489578247,0.27658015489578247,0.27658015489578247,1
3,L_ForeTwist_02,0.2682158350944519,0.2682158350944519,0.2682158350944519,1
52,RCalfTwist_01,0.26517653465270996,0.26517653465270996,0.26517653465270996,1
82,RCalfTwist_01,0.2636840045452118,0.2636840045452118,0.2636840045452118,1
70,LCalfTwist_02,0.2586919367313385,0.2586919367313385,0.2586919367313385,1
69,RCalfTwist_02,0.2539140582084656,0.2539140582084656,0.2539140582084656,1
68,RCalfTwist_02,0.2525981068611145,0.2525981068611145,0.2525981068611145,1
29,RCalfTwist_02,0.25243079662323,0.25243079662323,0.25243079662323,1
38,RCalfTwist_01,0.25214582681655884,0.25214582681655884,0.25214582681655884,1
58,RCalfTwist_02,0.24810302257537842,0.24810302257537842,0.24810302257537842,1
65,RCalfTwist_01,0.2470887452363968,0.2470887452363968,0.2470887452363968,1
33,RCalfTwist_03,0.240396648645401,0.240396648645401,0.240396648645401,1
59,RCalfTwist_02,0.23068171739578247,0.23068171739578247,0.23068171739578247,1
34,RCalfTwist_02,0.22936920821666718,0.22936920821666718,0.22936920821666718,1
53,RCalfTwist_02,0.22888340055942535,0.22888340055942535,0.22888340055942535,1
39,LCalfTwist_03,0.22490182518959045,0.22490182518959045,0.22490182518959045,1
60,RCalfTwist_02,0.2213681936264038,0.2213681936264038,0.2213681936264038,1
67,RCalfTwist_02,0.21929505467414856,0.21929505467414856,0.21929505467414856,1
37,RCalfTwist_03,0.2176303267478943,0.2176303267478943,0.2176303267478943,1
85,RCalfTwist_02,0.21328920125961304,0.21328920125961304,0.21328920125961304,1
34,RCalfTwist_01,0.2131553590297699,0.2131553590297699,0.2131553590297699,1
74,LCalfTwist_01,0.21169336140155792,0.21169336140155792,0.21169336140155792,1
52,L_ForeTwist_02,0.20698648691177368,0.20698648691177368,0.20698648691177368,1
61,RCalfTwist_02,0.2022978961467743,0.2022978961467743,0.2022978961467743,1
53,L_ForeTwist_02,0.20015080273151398,0.20015080273151398,0.20015080273151398,1
73,LCalfTwist_02,0.19962270557880402,0.19962270557880402,0.19962270557880402,1
54,RCalfTwist_02,0.19939282536506653,0.19939282536506653,0.19939282536506653,1
54,L_ForeTwist_02,0.19851617515087128,0.19851617515087128,0.19851617515087128,1
38,LCalfTwist_01,0.1969623565673828,0.1969623565673828,0.1969623565673828,1
55,L_ForeTwist_02,0.19313448667526245,0.19313448667526245,0.19313448667526245,1
71,RCalfTwist_01,0.1903679519891739,0.1903679519891739,0.1903679519891739,1
56,L_ForeTwist_02,0.18879729509353638,0.18879729509353638,0.18879729509353638,1
72,RCalfTwist_02,0.18841062486171722,0.18841062486171722,0.18841062486171722,1
57,L_ForeTwist_02,0.18472710251808167,0.18472710251808167,0.18472710251808167,1
70,RCalfTwist_02,0.17968058586120605,0.17968058586120605,0.17968058586120605,1
81,RCalfTwist_03,0.179351806640625,0.179351806640625,0.179351806640625,1
58,L_ForeTwist_02,0.17865686118602753,0.17865686118602753,0.17865686118602753,1
59,L_ForeTwist_02,0.17859502136707306,0.17859502136707306,0.17859502136707306,1
38,LCalfTwist_03,0.1744108498096466,0.1744108498096466,0.1744108498096466,1
66,RCalfTwist_01,0.17367003858089447,0.17367003858089447,0.17367003858089447,1
61,L_ForeTwist_02,0.1736176759004593,0.1736176759004593,0.1736176759004593,1
66,RCalfTwist_02,0.16869017481803894,0.16869017481803894,0.16869017481803894,1
53,RCalfTwist_01,0.1671338528394699,0.1671338528394699,0.1671338528394699,1
74,RCalfTwist_01,0.16710154712200165,0.16710154712200165,0.16710154712200165,1
70,RCalfTwist_01,0.1606212705373764,0.1606212705373764,0.1606212705373764,1
76,RCalfTwist_03,0.16025316715240479,0.16025316715240479,0.16025316715240479,1
34,RCalfTwist_03,0.1575411558151245,0.1575411558151245,0.1575411558151245,1
75,RCalfTwist_03,0.15543603897094727,0.15543603897094727,0.15543603897094727,1
73,RCalfTwist_03,0.15512911975383759,0.15512911975383759,0.15512911975383759,1
74,RCalfTwist_03,0.15020090341567993,0.15020090341567993,0.15020090341567993,1
33,RCalfTwist_02,0.14999185502529144,0.14999185502529144,0.14999185502529144,1
71,RCalfTwist_02,0.14485491812229156,0.14485491812229156,0.14485491812229156,1
49,lowerarm_r,0.139076367020607,0.139076367020607,0.139076367020607,1
30,RCalfTwist_02,0.13900716602802277,0.13900716602802277,0.13900716602802277,1
67,RCalfTwist_01,0.1374320536851883,0.1374320536851883,0.1374320536851883,1
72,RCalfTwist_01,0.12912942469120026,0.12912942469120026,0.12912942469120026,1
37,RCalfTwist_01,0.1290384978055954,0.1290384978055954,0.1290384978055954,1
82,RCalfTwist_03,0.12260572612285614,0.12260572612285614,0.12260572612285614,1
39,LCalfTwist_01,0.12230813503265381,0.12230813503265381,0.12230813503265381,1
62,RCalfTwist_02,0.12033392488956451,0.12033392488956451,0.12033392488956451,1
83,RCalfTwist_03,0.11934275925159454,0.11934275925159454,0.11934275925159454,1
83,RCalfTwist_01,0.11733360588550568,0.11733360588550568,0.11733360588550568,1
84,RCalfTwist_03,0.11486026644706726,0.11486026644706726,0.11486026644706726,1
72,LCalfTwist_02,0.11456900835037231,0.11456900835037231,0.11456900835037231,1
69,RCalfTwist_01,0.10380779951810837,0.10380779951810837,0.10380779951810837,1
68,RCalfTwist_01,0.10137789696455002,0.10137789696455002,0.10137789696455002,1
65,RCalfTwist_02,0.09878320246934891,0.09878320246934891,0.09878320246934891,1
72,LCalfTwist_01,0.09685050696134567,0.09685050696134567,0.09685050696134567,1
71,LCalfTwist_02,0.0937487930059433,0.0937487930059433,0.0937487930059433,1
85,RCalfTwist_01,0.08822117000818253,0.08822117000818253,0.08822117000818253,1
35,RCalfTwist_01,0.0866229310631752,0.0866229310631752,0.0866229310631752,1
71,LCalfTwist_03,0.07891293615102768,0.07891293615102768,0.07891293615102768,1
72,LCalfTwist_03,0.07742395251989365,0.07742395251989365,0.07742395251989365,1
73,LCalfTwist_03,0.07725051790475845,0.07725051790475845,0.07725051790475845,1
31,RCalfTwist_02,0.0713479295372963,0.0713479295372963,0.0713479295372963,1
32,RCalfTwist_02,0.04136769846081734,0.04136769846081734,0.04136769846081734,1
36,RCalfTwist_03,0.03982672840356827,0.03982672840356827,0.03982672840356827,1
35,RCalfTwist_03,0.03843752294778824,0.03843752294778824,0.03843752294778824,1
63,RCalfTwist_02,0.03557770699262619,0.03557770699262619,0.03557770699262619,1
73,LCalfTwist_01,0.034847356379032135,0.034847356379032135,0.034847356379032135,1
36,RCalfTwist_01,0.03438733145594597,0.03438733145594597,0.03438733145594597,1
52,RCalfTwist_03,0.03405977785587311,0.03405977785587311,0.03405977785587311,1
64,RCalfTwist_02,0.03365616872906685,0.03365616872906685,0.03365616872906685,1
10,lowerarm_l,0.0284852534532547,0.0284852534532547,0.0284852534532547,1
73,RCalfTwist_01,0.00976367387920618,0.00976367387920618,0.00976367387920618,1
84,RCalfTwist_01,0.0008851229213178158,0.0008851229213178158,0.0008851229213178158,1
38,LCalfTwist_02,3.970040415879339e-05,3.970040415879339e-05,3.970040415879339e-05,1
52,Bip001,6.8443668510553834e-09,6.8443668510553834e-09,6.8443668510553834e-09,1
69,Bip001,6.806694763383803e-09,6.806694763383803e-09,6.806694763383803e-09,1
53,Bip001,6.8013132903388396e-09,6.8013132903388396e-09,6.8013132903388396e-09,1
65,Bip001,6.798870799684664e-09,6.798870799684664e-09,6.798870799684664e-09,1
67,Bip001,6.795842111273487e-09,6.795842111273487e-09,6.795842111273487e-09,1
54,Bip001,6.790147999424789e-09,6.790147999424789e-09,6.790147999424789e-09,1
66,Bip001,6.785847883605811e-09,6.785847883605811e-09,6.785847883605811e-09,1
61,Bip001,6.785057404812278e-09,6.785057404812278e-09,6.785057404812278e-09,1
68,Bip001,6.78463774050897e-09,6.78463774050897e-09,6.78463774050897e-09,1
71,Bip001,6.774646621465763e-09,6.774646621465763e-09,6.774646621465763e-09,1
70,Bip001,6.773028804474279e-09,6.773028804474279e-09,6.773028804474279e-09,1
64,Bip001,6.767155724674012e-09,6.767155724674012e-09,6.767155724674012e-09,1
51,Bip001,6.7640684164871345e-09,6.7640684164871345e-09,6.7640684164871345e-09,1
63,Bip001,6.7595813391108095e-09,6.7595813391108095e-09,6.7595813391108095e-09,1
55,Bip001,6.753455572550138e-09,6.753455572550138e-09,6.753455572550138e-09,1
60,Bip001,6.753146042370872e-09,6.753146042370872e-09,6.753146042370872e-09,1
58,Bip001,6.752183256963917e-09,6.752183256963917e-09,6.752183256963917e-09,1
62,Bip001,6.7379186674543234e-09,6.7379186674543234e-09,6.7379186674543234e-09,1
59,Bip001,6.736906144055865e-09,6.736906144055865e-09,6.736906144055865e-09,1
72,Bip001,6.722325807118068e-09,6.722325807118068e-09,6.722325807118068e-09,1
57,Bip001,6.7205001563763744e-09,6.7205001563763744e-09,6.7205001563763744e-09,1
56,Bip001,6.695563659064874e-09,6.695563659064874e-09,6.695563659064874e-09,1
50,Bip001,6.631728499684186e-09,6.631728499684186e-09,6.631728499684186e-09,1
73,Bip001,6.6215717353657055e-09,6.6215717353657055e-09,6.6215717353657055e-09,1
74,Bip001,6.59706422823092e-09,6.59706422823092e-09,6.59706422823092e-09,1
49,Bip001,6.443218847351773e-09,6.443218847351773e-09,6.443218847351773e-09,1
75,Bip001,6.422484766233083e-09,6.422484766233083e-09,6.422484766233083e-09,1
76,Bip001,6.3928857763073665e-09,6.3928857763073665e-09,6.3928857763073665e-09,1
77,Bip001,6.2111364940165e-09,6.2111364940165e-09,6.2111364940165e-09,1
48,Bip001,6.169490696095181e-09,6.169490696095181e-09,6.169490696095181e-09,1
78,Bip001,6.1438316656392544e-09,6.1438316656392544e-09,6.1438316656392544e-09,1
47,Bip001,5.956328763545571e-09,5.956328763545571e-09,5.956328763545571e-09,1
79,Bip001,5.945310910249191e-09,5.945310910249191e-09,5.945310910249191e-09,1
80,Bip001,5.847902162514629e-09,5.847902162514629e-09,5.847902162514629e-09,1
46,Bip001,5.741846553775076e-09,5.741846553775076e-09,5.741846553775076e-09,1
81,Bip001,5.6132023473765e-09,5.6132023473765e-09,5.6132023473765e-09,1
45,Bip001,5.575166106552842e-09,5.575166106552842e-09,5.575166106552842e-09,1
82,Bip001,5.5053437364449564e-09,5.5053437364449564e-09,5.5053437364449564e-09,1
83,Bip001,5.48030509861519e-09,5.48030509861519e-09,5.48030509861519e-09,1
44,Bip001,5.334639396892271e-09,5.334639396892271e-09,5.334639396892271e-09,1
85,Bip001,5.301595606965748e-09,5.301595606965748e-09,5.301595606965748e-09,1
84,Bip001,5.268849356809824e-09,5.268849356809824e-09,5.268849356809824e-09,1
8,Bip001,5.149525694747581e-09,5.149525694747581e-09,5.149525694747581e-09,1
5,Bip001,5.139491943140229e-09,5.139491943140229e-09,5.139491943140229e-09,1
7,Bip001,5.119920043483717e-09,5.119920043483717e-09,5.119920043483717e-09,1
6,Bip001,5.092341659462818e-09,5.092341659462818e-09,5.092341659462818e-09,1
3,Bip001,5.090509791472186e-09,5.090509791472186e-09,5.090509791472186e-09,1
9,Bip001,5.087168908346484e-09,5.087168908346484e-09,5.087168908346484e-09,1
10,Bip001,5.076457032515691e-09,5.076457032515691e-09,5.076457032515691e-09,1
4,Bip001,5.072914088799507e-09,5.072914088799507e-09,5.072914088799507e-09,1
11,Bip001,5.0412038987701635e-09,5.0412038987701635e-09,5.0412038987701635e-09,1
13,Bip001,5.004433312194578e-09,5.004433312194578e-09,5.004433312194578e-09,1
2,Bip001,4.997219971158984e-09,4.997219971158984e-09,4.997219971158984e-09,1
0,Bip001,4.9765440657267845e-09,4.9765440657267845e-09,4.9765440657267845e-09,1
14,Bip001,4.95369256725553e-09,4.95369256725553e-09,4.95369256725553e-09,1
1,Bip001,4.95001994949007e-09,4.95001994949007e-09,4.95001994949007e-09,1
43,Bip001,4.949780585405961e-09,4.949780585405961e-09,4.949780585405961e-09,1
15,Bip001,4.941865583418803e-09,4.941865583418803e-09,4.941865583418803e-09,1
16,Bip001,4.907588113667316e-09,4.907588113667316e-09,4.907588113667316e-09,1
17,Bip001,4.873850212305797e-09,4.873850212305797e-09,4.873850212305797e-09,1
12,Bip001,4.855760238342555e-09,4.855760238342555e-09,4.855760238342555e-09,1
18,Bip001,4.838394129791368e-09,4.838394129791368e-09,4.838394129791368e-09,1
19,Bip001,4.815339238462002e-09,4.815339238462002e-09,4.815339238462002e-09,1
20,Bip001,4.772475303838064e-09,4.772475303838064e-09,4.772475303838064e-09,1
21,Bip001,4.720020374548994e-09,4.720020374548994e-09,4.720020374548994e-09,1
22,Bip001,4.7024446558907584e-09,4.7024446558907584e-09,4.7024446558907584e-09,1
42,Bip001,4.6473012105252565e-09,4.6473012105252565e-09,4.6473012105252565e-09,1
23,Bip001,4.630403172001252e-09,4.630403172001252e-09,4.630403172001252e-09,1
25,Bip001,4.585310797722286e-09,4.585310797722286e-09,4.585310797722286e-09,1
24,Bip001,4.58242555012589e-09,4.58242555012589e-09,4.58242555012589e-09,1
26,Bip001,4.566933942129481e-09,4.566933942129481e-09,4.566933942129481e-09,1
27,Bip001,4.511881090962788e-09,4.511881090962788e-09,4.511881090962788e-09,1
28,Bip001,4.476370385475548e-09,4.476370385475548e-09,4.476370385475548e-09,1
29,Bip001,4.421438326573934e-09,4.421438326573934e-09,4.421438326573934e-09,1
30,Bip001,4.4128958265332585e-09,4.4128958265332585e-09,4.4128958265332585e-09,1
41,Bip001,4.303238654301822e-09,4.303238654301822e-09,4.303238654301822e-09,1
32,Bip001,4.271036857517174e-09,4.271036857517174e-09,4.271036857517174e-09,1
31,Bip001,4.268180031630209e-09,4.268180031630209e-09,4.268180031630209e-09,1
33,Bip001,4.207817649870549e-09,4.207817649870549e-09,4.207817649870549e-09,1
34,Bip001,4.133795084015901e-09,4.133795084015901e-09,4.133795084015901e-09,1
40,Bip001,4.101222916830238e-09,4.101222916830238e-09,4.101222916830238e-09,1
35,Bip001,4.092447269954391e-09,4.092447269954391e-09,4.092447269954391e-09,1
37,Bip001,4.0850332005959444e-09,4.0850332005959444e-09,4.0850332005959444e-09,1
36,Bip001,4.069117043314918e-09,4.069117043314918e-09,4.069117043314918e-09,1
39,Bip001,3.977449036796088e-09,3.977449036796088e-09,3.977449036796088e-09,1
38,Bip001,3.971679429781716e-09,3.971679429781716e-09,3.971679429781716e-09,1
