{
  "epoch": 5,
  "tag": "valfree",
  "timestamp": "2025-11-07T22:53:31",
  "metrics": {
    "YawAbsDeg": 8.361778736114502,
    "RootVelMAE": 0.10591835528612137,
    "RootVelMAE_std": 0.05833779089152813,
    "InputRotGeoDeg": 21.41416835784912,
    "InputRotGeoDeg_max": 179.87672424316406,
    "InputRotGeoDeg_std": 27.96668815612793,
    "CondYawVsPredDeg": 20.85467208808694,
    "CondVelVsPredMAE": 0.09801339730620384,
    "period_abs_mean": 0.7901399731636047,
    "period_abs_std": 0.2700137346982956,
    "GeoDeg": 21.561931610107422,
    "AngVelMAE": 0.2659226804971695,
    "AngVelMagRel": 0.49618951976299286,
    "Bone/pelvis/AngVelMagMAE": 0.1688339039683342,
    "Bone/pelvis/AngVelMAE": 0.22903727740049362,
    "Bone/Bip001/AngVelMagMAE": 9.727613814902725e-06,
    "Bone/Bip001/AngVelMAE": 4.9513344038132345e-06,
    "Bone/spine_01/AngVelMagMAE": 0.3010197728872299,
    "Bone/spine_01/AngVelMAE": 0.2547551840543747,
    "Bone/spine_02/AngVelMagMAE": 0.28706493973731995,
    "Bone/spine_02/AngVelMAE": 0.23492565006017685,
    "Bone/clavicle_l/AngVelMagMAE": 0.16864973306655884,
    "Bone/clavicle_l/AngVelMAE": 0.13682322949171066,
    "Bone/upperarm_l/AngVelMagMAE": 0.6410239636898041,
    "Bone/upperarm_l/AngVelMAE": 0.5596303641796112,
    "Bone/RUpArmTwist_l_01/AngVelMagMAE": 0.21238863468170166,
    "Bone/RUpArmTwist_l_01/AngVelMAE": 0.11419746279716492,
    "Bone/RUpArmTwist_l_02/AngVelMagMAE": 0.15184587240219116,
    "Bone/RUpArmTwist_l_02/AngVelMAE": 0.06738241016864777,
    "Bone/lowerarm_l/AngVelMagMAE": 0.9168685972690582,
    "Bone/lowerarm_l/AngVelMAE": 0.44861797988414764,
    "Bone/L_ForeTwist_01/AngVelMagMAE": 0.06489870697259903,
    "Bone/L_ForeTwist_01/AngVelMAE": 0.026160218752920628,
    "Bone/L_ForeTwist_02/AngVelMagMAE": 0.0524367094039917,
    "Bone/L_ForeTwist_02/AngVelMAE": 0.023005072958767414,
    "Bone/hand_l/AngVelMagMAE": 0.277291402220726,
    "Bone/hand_l/AngVelMAE": 0.24898286908864975,
    "Bone/index_01_l/AngVelMagMAE": 0.4479760229587555,
    "Bone/index_01_l/AngVelMAE": 0.24712877720594406,
    "Bone/middle_01_l/AngVelMagMAE": 0.2317916601896286,
    "Bone/middle_01_l/AngVelMAE": 0.13682281970977783,
    "Bone/pinky_01_l/AngVelMagMAE": 1.166803777217865,
    "Bone/pinky_01_l/AngVelMAE": 0.8933006525039673,
    "Bone/ring_01_l/AngVelMagMAE": 0.5464299321174622,
    "Bone/ring_01_l/AngVelMAE": 0.3532884865999222,
    "Bone/thumb_01_l/AngVelMagMAE": 1.0694344639778137,
    "Bone/thumb_01_l/AngVelMAE": 0.696480005979538,
    "Bone/clavicle_r/AngVelMagMAE": 0.21648026257753372,
    "Bone/clavicle_r/AngVelMAE": 0.15796829015016556,
    "Bone/upperarm_r/AngVelMagMAE": 0.6836546659469604,
    "Bone/upperarm_r/AngVelMAE": 0.553190678358078,
    "Bone/RUpArmTwist_r_01/AngVelMagMAE": 0.5893848240375519,
    "Bone/RUpArmTwist_r_01/AngVelMAE": 0.2534186616539955,
    "Bone/RUpArmTwist_r_02/AngVelMagMAE": 0.25278307497501373,
    "Bone/RUpArmTwist_r_02/AngVelMAE": 0.11127037182450294,
    "Bone/lowerarm_r/AngVelMagMAE": 0.3680047243833542,
    "Bone/lowerarm_r/AngVelMAE": 0.22893133759498596,
    "Bone/R_ForeTwist_01/AngVelMagMAE": 0.09356225654482841,
    "Bone/R_ForeTwist_01/AngVelMAE": 0.044051723554730415,
    "Bone/R_ForeTwist_02/AngVelMagMAE": 0.08678917959332466,
    "Bone/R_ForeTwist_02/AngVelMAE": 0.03965805657207966,
    "Bone/hand_r/AngVelMagMAE": 0.4638969600200653,
    "Bone/hand_r/AngVelMAE": 0.401416078209877,
    "Bone/index_01_r/AngVelMagMAE": 0.10286393761634827,
    "Bone/index_01_r/AngVelMAE": 0.07861851155757904,
    "Bone/middle_01_r/AngVelMagMAE": 0.07271715253591537,
    "Bone/middle_01_r/AngVelMAE": 0.053779929876327515,
    "Bone/pinky_01_r/AngVelMagMAE": 0.2727721482515335,
    "Bone/pinky_01_r/AngVelMAE": 0.19114922732114792,
    "Bone/ring_01_r/AngVelMagMAE": 0.085798479616642,
    "Bone/ring_01_r/AngVelMAE": 0.0691925399005413,
    "Bone/thumb_01_r/AngVelMagMAE": 0.3032095581293106,
    "Bone/thumb_01_r/AngVelMAE": 0.2346719726920128,
    "Bone/neck_01/AngVelMagMAE": 0.29492172598838806,
    "Bone/neck_01/AngVelMAE": 0.2411942109465599,
    "Bone/head/AngVelMagMAE": 0.25654370337724686,
    "Bone/head/AngVelMAE": 0.21935909986495972,
    "Bone/thigh_l/AngVelMagMAE": 0.8150335848331451,
    "Bone/thigh_l/AngVelMAE": 0.7162877321243286,
    "Bone/calf_l/AngVelMagMAE": 0.8230766355991364,
    "Bone/calf_l/AngVelMAE": 0.4147792458534241,
    "Bone/LCalfTwist_01/AngVelMagMAE": 0.12574591860175133,
    "Bone/LCalfTwist_01/AngVelMAE": 0.06346739456057549,
    "Bone/LCalfTwist_02/AngVelMagMAE": 0.16933201253414154,
    "Bone/LCalfTwist_02/AngVelMAE": 0.08570677414536476,
    "Bone/LCalfTwist_03/AngVelMagMAE": 0.1672644466161728,
    "Bone/LCalfTwist_03/AngVelMAE": 0.08201104030013084,
    "Bone/foot_l/AngVelMagMAE": 0.64637091755867,
    "Bone/foot_l/AngVelMAE": 0.6631813645362854,
    "Bone/ball_l/AngVelMagMAE": 0.4320194870233536,
    "Bone/ball_l/AngVelMAE": 0.35768796503543854,
    "Bone/thigh_r/AngVelMagMAE": 0.8794703781604767,
    "Bone/thigh_r/AngVelMAE": 0.6984570622444153,
    "Bone/calf_r/AngVelMagMAE": 0.7377193570137024,
    "Bone/calf_r/AngVelMAE": 0.38880330324172974,
    "Bone/RCalfTwist_01/AngVelMagMAE": 0.09881481900811195,
    "Bone/RCalfTwist_01/AngVelMAE": 0.0489018689841032,
    "Bone/RCalfTwist_02/AngVelMagMAE": 0.10938071459531784,
    "Bone/RCalfTwist_02/AngVelMAE": 0.054913340136408806,
    "Bone/RCalfTwist_03/AngVelMagMAE": 0.24784856289625168,
    "Bone/RCalfTwist_03/AngVelMAE": 0.10833638533949852,
    "Bone/foot_r/AngVelMagMAE": 0.48153863847255707,
    "Bone/foot_r/AngVelMAE": 0.5776447057723999,
    "Bone/ball_r/AngVelMagMAE": 0.5239943265914917,
    "Bone/ball_r/AngVelMAE": 0.4238509386777878,
    "KeyBone/upperarm_l/GeoDeg": 39.720346450805664,
    "KeyBone/upperarm_l/AngVelMAE": 0.5596303641796112,
    "KeyBone/upperarm_l/AngVelMagMAE": 0.6410239636898041,
    "KeyBone/upperarm_l/AngVelMagRel": 0.6038543283939362,
    "KeyBone/upperarm_l/AngVelDirDeg": 85.9470100402832,
    "KeyBone/lowerarm_l/GeoDeg": 52.48246955871582,
    "KeyBone/lowerarm_l/AngVelMAE": 0.44861797988414764,
    "KeyBone/lowerarm_l/AngVelMagMAE": 0.9168685972690582,
    "KeyBone/lowerarm_l/AngVelMagRel": 0.7193048298358917,
    "KeyBone/lowerarm_l/AngVelDirDeg": 111.3587532043457,
    "KeyBone/hand_l/GeoDeg": 21.61202621459961,
    "KeyBone/hand_l/AngVelMAE": 0.24898286908864975,
    "KeyBone/hand_l/AngVelMagMAE": 0.277291402220726,
    "KeyBone/hand_l/AngVelMagRel": 0.4105078727006912,
    "KeyBone/hand_l/AngVelDirDeg": 92.28087997436523,
    "KeyBone/upperarm_r/GeoDeg": 41.365102767944336,
    "KeyBone/upperarm_r/AngVelMAE": 0.553190678358078,
    "KeyBone/upperarm_r/AngVelMagMAE": 0.6836546659469604,
    "KeyBone/upperarm_r/AngVelMagRel": 0.6486451327800751,
    "KeyBone/upperarm_r/AngVelDirDeg": 83.67465591430664,
    "KeyBone/lowerarm_r/GeoDeg": 18.951801300048828,
    "KeyBone/lowerarm_r/AngVelMAE": 0.22893133759498596,
    "KeyBone/lowerarm_r/AngVelMagMAE": 0.3680047243833542,
    "KeyBone/lowerarm_r/AngVelMagRel": 0.4696965366601944,
    "KeyBone/lowerarm_r/AngVelDirDeg": 99.77146530151367,
    "KeyBone/hand_r/GeoDeg": 32.55740261077881,
    "KeyBone/hand_r/AngVelMAE": 0.401416078209877,
    "KeyBone/hand_r/AngVelMagMAE": 0.4638969600200653,
    "KeyBone/hand_r/AngVelMagRel": 0.511443629860878,
    "KeyBone/hand_r/AngVelDirDeg": 84.05517959594727,
    "KeyBone/thigh_l/GeoDeg": 61.288442611694336,
    "KeyBone/thigh_l/AngVelMAE": 0.7162877321243286,
    "KeyBone/thigh_l/AngVelMagMAE": 0.8150335848331451,
    "KeyBone/thigh_l/AngVelMagRel": 0.5755833685398102,
    "KeyBone/thigh_l/AngVelDirDeg": 108.55690383911133,
    "KeyBone/calf_l/GeoDeg": 36.75521469116211,
    "KeyBone/calf_l/AngVelMAE": 0.4147792458534241,
    "KeyBone/calf_l/AngVelMagMAE": 0.8230766355991364,
    "KeyBone/calf_l/AngVelMagRel": 0.7016219794750214,
    "KeyBone/calf_l/AngVelDirDeg": 111.27154922485352,
    "KeyBone/foot_l/GeoDeg": 37.297061920166016,
    "KeyBone/foot_l/AngVelMAE": 0.6631813645362854,