{
  "epoch": 8,
  "tag": "valfree",
  "timestamp": "2025-11-07T23:16:59",
  "metrics": {
    "YawAbsDeg": 8.071312665939331,
    "RootVelMAE": 0.10687660798430443,
    "RootVelMAE_std": 0.058044904842972755,
    "InputRotGeoDeg": 15.022879123687744,
    "InputRotGeoDeg_max": 179.61961364746094,
    "InputRotGeoDeg_std": 20.723488807678223,
    "CondYawVsPredDeg": 22.281441402868303,
    "CondVelVsPredMAE": 0.09923434630036354,
    "period_abs_mean": 0.7904724776744843,
    "period_abs_std": 0.27125704288482666,
    "GeoDeg": 15.179443836212158,
    "AngVelMAE": 0.21830540895462036,
    "AngVelMagRel": 0.3994344025850296,
    "Bone/pelvis/AngVelMagMAE": 0.14316262304782867,
    "Bone/pelvis/AngVelMAE": 0.19407512992620468,
    "Bone/Bip001/AngVelMagMAE": 6.209483899510815e-06,
    "Bone/Bip001/AngVelMAE": 3.140085823361005e-06,
    "Bone/spine_01/AngVelMagMAE": 0.2004125714302063,
    "Bone/spine_01/AngVelMAE": 0.2053033486008644,
    "Bone/spine_02/AngVelMagMAE": 0.21730536222457886,
    "Bone/spine_02/AngVelMAE": 0.20775871723890305,
    "Bone/clavicle_l/AngVelMagMAE": 0.15552958846092224,
    "Bone/clavicle_l/AngVelMAE": 0.12966107949614525,
    "Bone/upperarm_l/AngVelMagMAE": 0.4239230453968048,
    "Bone/upperarm_l/AngVelMAE": 0.44557878375053406,
    "Bone/RUpArmTwist_l_01/AngVelMagMAE": 0.16120865941047668,
    "Bone/RUpArmTwist_l_01/AngVelMAE": 0.0853651724755764,
    "Bone/RUpArmTwist_l_02/AngVelMagMAE": 0.10418665036559105,
    "Bone/RUpArmTwist_l_02/AngVelMAE": 0.05181814916431904,
    "Bone/lowerarm_l/AngVelMagMAE": 0.4428168386220932,
    "Bone/lowerarm_l/AngVelMAE": 0.26218923926353455,
    "Bone/L_ForeTwist_01/AngVelMagMAE": 0.04886624589562416,
    "Bone/L_ForeTwist_01/AngVelMAE": 0.021506275981664658,
    "Bone/L_ForeTwist_02/AngVelMagMAE": 0.05144891515374184,
    "Bone/L_ForeTwist_02/AngVelMAE": 0.021851847879588604,
    "Bone/hand_l/AngVelMagMAE": 0.21591651439666748,
    "Bone/hand_l/AngVelMAE": 0.21467724442481995,
    "Bone/index_01_l/AngVelMagMAE": 0.25725777447223663,
    "Bone/index_01_l/AngVelMAE": 0.16879643499851227,
    "Bone/middle_01_l/AngVelMagMAE": 0.1672508865594864,
    "Bone/middle_01_l/AngVelMAE": 0.10351882502436638,
    "Bone/pinky_01_l/AngVelMagMAE": 0.8947736024856567,
    "Bone/pinky_01_l/AngVelMAE": 0.7261564433574677,
    "Bone/ring_01_l/AngVelMagMAE": 0.38650473952293396,
    "Bone/ring_01_l/AngVelMAE": 0.2446966916322708,
    "Bone/thumb_01_l/AngVelMagMAE": 0.830997496843338,
    "Bone/thumb_01_l/AngVelMAE": 0.5615526884794235,
    "Bone/clavicle_r/AngVelMagMAE": 0.15476559102535248,
    "Bone/clavicle_r/AngVelMAE": 0.12749028950929642,
    "Bone/upperarm_r/AngVelMagMAE": 0.4553662836551666,
    "Bone/upperarm_r/AngVelMAE": 0.4295816570520401,
    "Bone/RUpArmTwist_r_01/AngVelMagMAE": 0.37961025536060333,
    "Bone/RUpArmTwist_r_01/AngVelMAE": 0.18013350665569305,
    "Bone/RUpArmTwist_r_02/AngVelMagMAE": 0.22253476828336716,
    "Bone/RUpArmTwist_r_02/AngVelMAE": 0.10110737755894661,
    "Bone/lowerarm_r/AngVelMagMAE": 0.279420867562294,
    "Bone/lowerarm_r/AngVelMAE": 0.18505962938070297,
    "Bone/R_ForeTwist_01/AngVelMagMAE": 0.0702737383544445,
    "Bone/R_ForeTwist_01/AngVelMAE": 0.03247582167387009,
    "Bone/R_ForeTwist_02/AngVelMagMAE": 0.07894330844283104,
    "Bone/R_ForeTwist_02/AngVelMAE": 0.03506208583712578,
    "Bone/hand_r/AngVelMagMAE": 0.3913680911064148,
    "Bone/hand_r/AngVelMAE": 0.35554365813732147,
    "Bone/index_01_r/AngVelMagMAE": 0.11625528708100319,
    "Bone/index_01_r/AngVelMAE": 0.0794772244989872,
    "Bone/middle_01_r/AngVelMagMAE": 0.07789274677634239,
    "Bone/middle_01_r/AngVelMAE": 0.04974944330751896,
    "Bone/pinky_01_r/AngVelMagMAE": 0.2610570788383484,
    "Bone/pinky_01_r/AngVelMAE": 0.1738237962126732,
    "Bone/ring_01_r/AngVelMagMAE": 0.08682141080498695,
    "Bone/ring_01_r/AngVelMAE": 0.06338416039943695,
    "Bone/thumb_01_r/AngVelMagMAE": 0.28739994764328003,
    "Bone/thumb_01_r/AngVelMAE": 0.21845239400863647,
    "Bone/neck_01/AngVelMagMAE": 0.17777352035045624,
    "Bone/neck_01/AngVelMAE": 0.18433255702257156,
    "Bone/head/AngVelMagMAE": 0.21001099050045013,
    "Bone/head/AngVelMAE": 0.1964065432548523,
    "Bone/thigh_l/AngVelMagMAE": 0.6021054089069366,
    "Bone/thigh_l/AngVelMAE": 0.5919454395771027,
    "Bone/calf_l/AngVelMagMAE": 0.8240101635456085,
    "Bone/calf_l/AngVelMAE": 0.36948876082897186,
    "Bone/LCalfTwist_01/AngVelMagMAE": 0.11078797280788422,
    "Bone/LCalfTwist_01/AngVelMAE": 0.057794712483882904,
    "Bone/LCalfTwist_02/AngVelMagMAE": 0.11114704236388206,
    "Bone/LCalfTwist_02/AngVelMAE": 0.06521061062812805,
    "Bone/LCalfTwist_03/AngVelMagMAE": 0.1214398704469204,
    "Bone/LCalfTwist_03/AngVelMAE": 0.06487354636192322,
    "Bone/foot_l/AngVelMagMAE": 0.5698064565658569,
    "Bone/foot_l/AngVelMAE": 0.556051641702652,
    "Bone/ball_l/AngVelMagMAE": 0.4326920807361603,
    "Bone/ball_l/AngVelMAE": 0.3344307243824005,
    "Bone/thigh_r/AngVelMagMAE": 0.5861740708351135,
    "Bone/thigh_r/AngVelMAE": 0.5546490252017975,
    "Bone/calf_r/AngVelMagMAE": 0.6026027202606201,
    "Bone/calf_r/AngVelMAE": 0.33991512656211853,
    "Bone/RCalfTwist_01/AngVelMagMAE": 0.08159588649868965,
    "Bone/RCalfTwist_01/AngVelMAE": 0.040991948917508125,
    "Bone/RCalfTwist_02/AngVelMagMAE": 0.08970320224761963,
    "Bone/RCalfTwist_02/AngVelMAE": 0.04733660630881786,
    "Bone/RCalfTwist_03/AngVelMagMAE": 0.11762548238039017,
    "Bone/RCalfTwist_03/AngVelMAE": 0.05696014501154423,
    "Bone/foot_r/AngVelMagMAE": 0.4598604887723923,
    "Bone/foot_r/AngVelMAE": 0.5372202396392822,
    "Bone/ball_r/AngVelMagMAE": 0.48014479875564575,
    "Bone/ball_r/AngVelMAE": 0.36859072744846344,
    "KeyBone/upperarm_l/GeoDeg": 27.261310577392578,
    "KeyBone/upperarm_l/AngVelMAE": 0.44557878375053406,
    "KeyBone/upperarm_l/AngVelMagMAE": 0.4239230453968048,
    "KeyBone/upperarm_l/AngVelMagRel": 0.40819862484931946,
    "KeyBone/upperarm_l/AngVelDirDeg": 92.3827896118164,
    "KeyBone/lowerarm_l/GeoDeg": 24.600703239440918,
    "KeyBone/lowerarm_l/AngVelMAE": 0.26218923926353455,
    "KeyBone/lowerarm_l/AngVelMagMAE": 0.4428168386220932,
    "KeyBone/lowerarm_l/AngVelMagRel": 0.49825507402420044,
    "KeyBone/lowerarm_l/AngVelDirDeg": 82.53380393981934,
    "KeyBone/hand_l/GeoDeg": 18.800515174865723,
    "KeyBone/hand_l/AngVelMAE": 0.21467724442481995,
    "KeyBone/hand_l/AngVelMagMAE": 0.21591651439666748,
    "KeyBone/hand_l/AngVelMagRel": 0.3266049921512604,
    "KeyBone/hand_l/AngVelDirDeg": 94.61206436157227,
    "KeyBone/upperarm_r/GeoDeg": 28.0319881439209,
    "KeyBone/upperarm_r/AngVelMAE": 0.4295816570520401,
    "KeyBone/upperarm_r/AngVelMagMAE": 0.4553662836551666,
    "KeyBone/upperarm_r/AngVelMagRel": 0.4495222270488739,
    "KeyBone/upperarm_r/AngVelDirDeg": 75.62889099121094,
    "KeyBone/lowerarm_r/GeoDeg": 14.231943607330322,
    "KeyBone/lowerarm_r/AngVelMAE": 0.18505962938070297,
    "KeyBone/lowerarm_r/AngVelMagMAE": 0.279420867562294,
    "KeyBone/lowerarm_r/AngVelMagRel": 0.4173929691314697,
    "KeyBone/lowerarm_r/AngVelDirDeg": 93.20540237426758,
    "KeyBone/hand_r/GeoDeg": 25.205058097839355,
    "KeyBone/hand_r/AngVelMAE": 0.35554365813732147,
    "KeyBone/hand_r/AngVelMagMAE": 0.3913680911064148,
    "KeyBone/hand_r/AngVelMagRel": 0.44638359546661377,
    "KeyBone/hand_r/AngVelDirDeg": 91.67581176757812,
    "KeyBone/thigh_l/GeoDeg": 49.97515678405762,
    "KeyBone/thigh_l/AngVelMAE": 0.5919454395771027,
    "KeyBone/thigh_l/AngVelMagMAE": 0.6021054089069366,
    "KeyBone/thigh_l/AngVelMagRel": 0.44863420724868774,
    "KeyBone/thigh_l/AngVelDirDeg": 104.05193328857422,
    "KeyBone/calf_l/GeoDeg": 30.51781177520752,
    "KeyBone/calf_l/AngVelMAE": 0.36948876082897186,
    "KeyBone/calf_l/AngVelMagMAE": 0.8240101635456085,
    "KeyBone/calf_l/AngVelMagRel": 0.7098495662212372,
    "KeyBone/calf_l/AngVelDirDeg": 98.25411224365234,
    "KeyBone/foot_l/GeoDeg": 25.81296730041504,