{
  "epoch": 2,
  "tag": "valfree",
  "timestamp": "2025-11-07T22:30:59",
  "metrics": {
    "YawAbsDeg": 8.29344892501831,
    "RootVelMAE": 0.1046258993446827,
    "RootVelMAE_std": 0.05862193554639816,
    "InputRotGeoDeg": 34.29360389709473,
    "InputRotGeoDeg_max": 179.97203063964844,
    "InputRotGeoDeg_std": 39.61600112915039,
    "CondYawVsPredDeg": 22.106168503482024,
    "CondVelVsPredMAE": 0.0975150391459465,
    "period_abs_mean": 0.7912223935127258,
    "period_abs_std": 0.2677907198667526,
    "GeoDeg": 34.400604248046875,
    "AngVelMAE": 0.3571978062391281,
    "AngVelMagRel": 0.6018022894859314,
    "Bone/pelvis/AngVelMagMAE": 0.16941458731889725,
    "Bone/pelvis/AngVelMAE": 0.21345848590135574,
    "Bone/Bip001/AngVelMagMAE": 1.7784782357921358e-05,
    "Bone/Bip001/AngVelMAE": 9.780045729712583e-06,
    "Bone/spine_01/AngVelMagMAE": 0.47077611088752747,
    "Bone/spine_01/AngVelMAE": 0.32706156373023987,
    "Bone/spine_02/AngVelMagMAE": 0.28744882345199585,
    "Bone/spine_02/AngVelMAE": 0.23706567287445068,
    "Bone/clavicle_l/AngVelMagMAE": 0.18342608213424683,
    "Bone/clavicle_l/AngVelMAE": 0.1616298034787178,
    "Bone/upperarm_l/AngVelMagMAE": 1.0345985293388367,
    "Bone/upperarm_l/AngVelMAE": 0.8006642460823059,
    "Bone/RUpArmTwist_l_01/AngVelMagMAE": 0.22147540003061295,
    "Bone/RUpArmTwist_l_01/AngVelMAE": 0.11262134090065956,
    "Bone/RUpArmTwist_l_02/AngVelMagMAE": 0.12666311487555504,
    "Bone/RUpArmTwist_l_02/AngVelMAE": 0.060262130573391914,
    "Bone/lowerarm_l/AngVelMagMAE": 1.6404997110366821,
    "Bone/lowerarm_l/AngVelMAE": 0.7280180752277374,
    "Bone/L_ForeTwist_01/AngVelMagMAE": 0.07518403604626656,
    "Bone/L_ForeTwist_01/AngVelMAE": 0.029853149317204952,
    "Bone/L_ForeTwist_02/AngVelMagMAE": 0.05993412993848324,
    "Bone/L_ForeTwist_02/AngVelMAE": 0.024083685129880905,
    "Bone/hand_l/AngVelMagMAE": 0.5426559448242188,
    "Bone/hand_l/AngVelMAE": 0.3641715794801712,
    "Bone/index_01_l/AngVelMagMAE": 1.0946384072303772,
    "Bone/index_01_l/AngVelMAE": 0.5005650520324707,
    "Bone/middle_01_l/AngVelMagMAE": 0.4026506841182709,
    "Bone/middle_01_l/AngVelMAE": 0.2148757427930832,
    "Bone/pinky_01_l/AngVelMagMAE": 1.527311384677887,
    "Bone/pinky_01_l/AngVelMAE": 1.170758306980133,
    "Bone/ring_01_l/AngVelMagMAE": 0.5381928235292435,
    "Bone/ring_01_l/AngVelMAE": 0.37791240215301514,
    "Bone/thumb_01_l/AngVelMagMAE": 1.552540361881256,
    "Bone/thumb_01_l/AngVelMAE": 0.912885308265686,
    "Bone/clavicle_r/AngVelMagMAE": 0.14294930547475815,
    "Bone/clavicle_r/AngVelMAE": 0.13405783474445343,
    "Bone/upperarm_r/AngVelMagMAE": 1.462649941444397,
    "Bone/upperarm_r/AngVelMAE": 0.9376592636108398,
    "Bone/RUpArmTwist_r_01/AngVelMagMAE": 0.9307582974433899,
    "Bone/RUpArmTwist_r_01/AngVelMAE": 0.3659283369779587,
    "Bone/RUpArmTwist_r_02/AngVelMagMAE": 0.6559710800647736,
    "Bone/RUpArmTwist_r_02/AngVelMAE": 0.2596452236175537,
    "Bone/lowerarm_r/AngVelMagMAE": 0.43062105774879456,
    "Bone/lowerarm_r/AngVelMAE": 0.25577737390995026,
    "Bone/R_ForeTwist_01/AngVelMagMAE": 0.14722297340631485,
    "Bone/R_ForeTwist_01/AngVelMAE": 0.06435786187648773,
    "Bone/R_ForeTwist_02/AngVelMagMAE": 0.17068957537412643,
    "Bone/R_ForeTwist_02/AngVelMAE": 0.07079511135816574,
    "Bone/hand_r/AngVelMagMAE": 0.9717194736003876,
    "Bone/hand_r/AngVelMAE": 0.6730375289916992,
    "Bone/index_01_r/AngVelMagMAE": 0.14229951053857803,
    "Bone/index_01_r/AngVelMAE": 0.09404632449150085,
    "Bone/middle_01_r/AngVelMagMAE": 0.06954718008637428,
    "Bone/middle_01_r/AngVelMAE": 0.0571773461997509,
    "Bone/pinky_01_r/AngVelMagMAE": 0.2763524800539017,
    "Bone/pinky_01_r/AngVelMAE": 0.1960606500506401,
    "Bone/ring_01_r/AngVelMagMAE": 0.08544618263840675,
    "Bone/ring_01_r/AngVelMAE": 0.084553062915802,
    "Bone/thumb_01_r/AngVelMagMAE": 0.3736399710178375,
    "Bone/thumb_01_r/AngVelMAE": 0.2967950105667114,
    "Bone/neck_01/AngVelMagMAE": 0.37648171186447144,
    "Bone/neck_01/AngVelMAE": 0.28963539004325867,
    "Bone/head/AngVelMagMAE": 0.3539905250072479,
    "Bone/head/AngVelMAE": 0.2612810581922531,
    "Bone/thigh_l/AngVelMagMAE": 1.8035409450531006,
    "Bone/thigh_l/AngVelMAE": 1.145219624042511,
    "Bone/calf_l/AngVelMagMAE": 0.8367765247821808,
    "Bone/calf_l/AngVelMAE": 0.4660356789827347,
    "Bone/LCalfTwist_01/AngVelMagMAE": 0.31061096489429474,
    "Bone/LCalfTwist_01/AngVelMAE": 0.13830635696649551,
    "Bone/LCalfTwist_02/AngVelMagMAE": 0.23821111023426056,
    "Bone/LCalfTwist_02/AngVelMAE": 0.11210889741778374,
    "Bone/LCalfTwist_03/AngVelMagMAE": 0.3503230810165405,
    "Bone/LCalfTwist_03/AngVelMAE": 0.1500788927078247,
    "Bone/foot_l/AngVelMagMAE": 0.7269506454467773,
    "Bone/foot_l/AngVelMAE": 0.8020105361938477,
    "Bone/ball_l/AngVelMagMAE": 0.514646053314209,
    "Bone/ball_l/AngVelMAE": 0.44547872245311737,
    "Bone/thigh_r/AngVelMagMAE": 1.2296825051307678,
    "Bone/thigh_r/AngVelMAE": 0.8916343450546265,
    "Bone/calf_r/AngVelMagMAE": 0.7878331243991852,
    "Bone/calf_r/AngVelMAE": 0.3958389014005661,
    "Bone/RCalfTwist_01/AngVelMagMAE": 0.15089641511440277,
    "Bone/RCalfTwist_01/AngVelMAE": 0.07163296267390251,
    "Bone/RCalfTwist_02/AngVelMagMAE": 0.1885988712310791,
    "Bone/RCalfTwist_02/AngVelMAE": 0.08793321996927261,
    "Bone/RCalfTwist_03/AngVelMagMAE": 0.5039568841457367,
    "Bone/RCalfTwist_03/AngVelMAE": 0.19774379581212997,
    "Bone/foot_r/AngVelMagMAE": 0.7029419243335724,
    "Bone/foot_r/AngVelMAE": 0.6935511827468872,
    "Bone/ball_r/AngVelMagMAE": 0.6885881721973419,
    "Bone/ball_r/AngVelMAE": 0.5568221211433411,
    "KeyBone/upperarm_l/GeoDeg": 69.3915023803711,
    "KeyBone/upperarm_l/AngVelMAE": 0.8006642460823059,
    "KeyBone/upperarm_l/AngVelMagMAE": 1.0345985293388367,
    "KeyBone/upperarm_l/AngVelMagRel": 0.8612129986286163,
    "KeyBone/upperarm_l/AngVelDirDeg": 95.10268020629883,
    "KeyBone/lowerarm_l/GeoDeg": 73.82609939575195,
    "KeyBone/lowerarm_l/AngVelMAE": 0.7280180752277374,
    "KeyBone/lowerarm_l/AngVelMagMAE": 1.6404997110366821,
    "KeyBone/lowerarm_l/AngVelMagRel": 1.0051921010017395,
    "KeyBone/lowerarm_l/AngVelDirDeg": 141.81879425048828,
    "KeyBone/hand_l/GeoDeg": 40.88855171203613,
    "KeyBone/hand_l/AngVelMAE": 0.3641715794801712,
    "KeyBone/hand_l/AngVelMagMAE": 0.5426559448242188,
    "KeyBone/hand_l/AngVelMagRel": 0.7121968865394592,
    "KeyBone/hand_l/AngVelDirDeg": 81.02392196655273,
    "KeyBone/upperarm_r/GeoDeg": 92.50606918334961,
    "KeyBone/upperarm_r/AngVelMAE": 0.9376592636108398,
    "KeyBone/upperarm_r/AngVelMagMAE": 1.462649941444397,
    "KeyBone/upperarm_r/AngVelMagRel": 1.058699131011963,
    "KeyBone/upperarm_r/AngVelDirDeg": 98.32150268554688,
    "KeyBone/lowerarm_r/GeoDeg": 21.678826332092285,
    "KeyBone/lowerarm_r/AngVelMAE": 0.25577737390995026,
    "KeyBone/lowerarm_r/AngVelMagMAE": 0.43062105774879456,
    "KeyBone/lowerarm_r/AngVelMagRel": 0.5090447068214417,
    "KeyBone/lowerarm_r/AngVelDirDeg": 83.17853546142578,
    "KeyBone/hand_r/GeoDeg": 67.73042678833008,
    "KeyBone/hand_r/AngVelMAE": 0.6730375289916992,
    "KeyBone/hand_r/AngVelMagMAE": 0.9717194736003876,
    "KeyBone/hand_r/AngVelMagRel": 0.9241378605365753,
    "KeyBone/hand_r/AngVelDirDeg": 83.04144287109375,
    "KeyBone/thigh_l/GeoDeg": 95.21257400512695,
    "KeyBone/thigh_l/AngVelMAE": 1.145219624042511,
    "KeyBone/thigh_l/AngVelMagMAE": 1.8035409450531006,
    "KeyBone/thigh_l/AngVelMagRel": 1.0018714666366577,
    "KeyBone/thigh_l/AngVelDirDeg": 99.08334350585938,
    "KeyBone/calf_l/GeoDeg": 46.5815486907959,
    "KeyBone/calf_l/AngVelMAE": 0.4660356789827347,
    "KeyBone/calf_l/AngVelMagMAE": 0.8367765247821808,
    "KeyBone/calf_l/AngVelMagRel": 0.6885756850242615,
    "KeyBone/calf_l/AngVelDirDeg": 114.14599227905273,
    "KeyBone/foot_l/GeoDeg": 63.97794151306152,
    "KeyBone/foot_l/AngVelMAE": 0.8020105361938477,