{
  "epoch": 4,
  "tag": "valfree",
  "timestamp": "2025-11-07T22:46:01",
  "metrics": {
    "YawAbsDeg": 7.693358659744263,
    "RootVelMAE": 0.10531953349709511,
    "RootVelMAE_std": 0.05738033726811409,
    "InputRotGeoDeg": 23.904098510742188,
    "InputRotGeoDeg_max": 179.9051284790039,
    "InputRotGeoDeg_std": 29.75089454650879,
    "CondYawVsPredDeg": 24.136825578635477,
    "CondVelVsPredMAE": 0.09997006505727768,
    "period_abs_mean": 0.7861514985561371,
    "period_abs_std": 0.27152685821056366,
    "GeoDeg": 24.053998947143555,
    "AngVelMAE": 0.2890283167362213,
    "AngVelMagRel": 0.539513349533081,
    "Bone/pelvis/AngVelMagMAE": 0.15937141329050064,
    "Bone/pelvis/AngVelMAE": 0.21210526674985886,
    "Bone/Bip001/AngVelMagMAE": 1.1354746220604284e-05,
    "Bone/Bip001/AngVelMAE": 5.966308890492655e-06,
    "Bone/spine_01/AngVelMagMAE": 0.4226429909467697,
    "Bone/spine_01/AngVelMAE": 0.30777762830257416,
    "Bone/spine_02/AngVelMagMAE": 0.27126795053482056,
    "Bone/spine_02/AngVelMAE": 0.22968821227550507,
    "Bone/clavicle_l/AngVelMagMAE": 0.15851105749607086,
    "Bone/clavicle_l/AngVelMAE": 0.14460674673318863,
    "Bone/upperarm_l/AngVelMagMAE": 0.7439868450164795,
    "Bone/upperarm_l/AngVelMAE": 0.6301555037498474,
    "Bone/RUpArmTwist_l_01/AngVelMagMAE": 0.1809641420841217,
    "Bone/RUpArmTwist_l_01/AngVelMAE": 0.09841077029705048,
    "Bone/RUpArmTwist_l_02/AngVelMagMAE": 0.1579689458012581,
    "Bone/RUpArmTwist_l_02/AngVelMAE": 0.06880789250135422,
    "Bone/lowerarm_l/AngVelMagMAE": 0.8468925654888153,
    "Bone/lowerarm_l/AngVelMAE": 0.42266570031642914,
    "Bone/L_ForeTwist_01/AngVelMagMAE": 0.0658172033727169,
    "Bone/L_ForeTwist_01/AngVelMAE": 0.027779881842434406,
    "Bone/L_ForeTwist_02/AngVelMagMAE": 0.055373139679431915,
    "Bone/L_ForeTwist_02/AngVelMAE": 0.02492889855057001,
    "Bone/hand_l/AngVelMagMAE": 0.3899243623018265,
    "Bone/hand_l/AngVelMAE": 0.3009207099676132,
    "Bone/index_01_l/AngVelMagMAE": 0.6759868264198303,
    "Bone/index_01_l/AngVelMAE": 0.33906200528144836,
    "Bone/middle_01_l/AngVelMagMAE": 0.3070968985557556,
    "Bone/middle_01_l/AngVelMAE": 0.17206794768571854,
    "Bone/pinky_01_l/AngVelMagMAE": 1.1631987690925598,
    "Bone/pinky_01_l/AngVelMAE": 0.9558965563774109,
    "Bone/ring_01_l/AngVelMagMAE": 0.5385559797286987,
    "Bone/ring_01_l/AngVelMAE": 0.35987043380737305,
    "Bone/thumb_01_l/AngVelMagMAE": 1.075977236032486,
    "Bone/thumb_01_l/AngVelMAE": 0.6893618404865265,
    "Bone/clavicle_r/AngVelMagMAE": 0.21136122196912766,
    "Bone/clavicle_r/AngVelMAE": 0.1598324105143547,
    "Bone/upperarm_r/AngVelMagMAE": 0.8278751075267792,
    "Bone/upperarm_r/AngVelMAE": 0.6600727736949921,
    "Bone/RUpArmTwist_r_01/AngVelMagMAE": 0.678777277469635,
    "Bone/RUpArmTwist_r_01/AngVelMAE": 0.28171658515930176,
    "Bone/RUpArmTwist_r_02/AngVelMagMAE": 0.33801835775375366,
    "Bone/RUpArmTwist_r_02/AngVelMAE": 0.14729659259319305,
    "Bone/lowerarm_r/AngVelMagMAE": 0.47304126620292664,
    "Bone/lowerarm_r/AngVelMAE": 0.2757885605096817,
    "Bone/R_ForeTwist_01/AngVelMagMAE": 0.10284757614135742,
    "Bone/R_ForeTwist_01/AngVelMAE": 0.04737960360944271,
    "Bone/R_ForeTwist_02/AngVelMagMAE": 0.11460797488689423,
    "Bone/R_ForeTwist_02/AngVelMAE": 0.050992319360375404,
    "Bone/hand_r/AngVelMagMAE": 0.5198679268360138,
    "Bone/hand_r/AngVelMAE": 0.4497145265340805,
    "Bone/index_01_r/AngVelMagMAE": 0.11004394292831421,
    "Bone/index_01_r/AngVelMAE": 0.08780862390995026,
    "Bone/middle_01_r/AngVelMagMAE": 0.07010932639241219,
    "Bone/middle_01_r/AngVelMAE": 0.057634223252534866,
    "Bone/pinky_01_r/AngVelMagMAE": 0.2814405560493469,
    "Bone/pinky_01_r/AngVelMAE": 0.21115978062152863,
    "Bone/ring_01_r/AngVelMagMAE": 0.08092912286520004,
    "Bone/ring_01_r/AngVelMAE": 0.07517944276332855,
    "Bone/thumb_01_r/AngVelMagMAE": 0.35143399238586426,
    "Bone/thumb_01_r/AngVelMAE": 0.2786852717399597,
    "Bone/neck_01/AngVelMagMAE": 0.3170821964740753,
    "Bone/neck_01/AngVelMAE": 0.25454507768154144,
    "Bone/head/AngVelMagMAE": 0.26656389236450195,
    "Bone/head/AngVelMAE": 0.23559942096471786,
    "Bone/thigh_l/AngVelMagMAE": 1.0146774649620056,
    "Bone/thigh_l/AngVelMAE": 0.8101209402084351,
    "Bone/calf_l/AngVelMagMAE": 0.7787387371063232,
    "Bone/calf_l/AngVelMAE": 0.40904827415943146,
    "Bone/LCalfTwist_01/AngVelMagMAE": 0.1598590761423111,
    "Bone/LCalfTwist_01/AngVelMAE": 0.08339093253016472,
    "Bone/LCalfTwist_02/AngVelMagMAE": 0.22887390851974487,
    "Bone/LCalfTwist_02/AngVelMAE": 0.10995196178555489,
    "Bone/LCalfTwist_03/AngVelMagMAE": 0.21434228867292404,
    "Bone/LCalfTwist_03/AngVelMAE": 0.1032850332558155,
    "Bone/foot_l/AngVelMagMAE": 0.6625038385391235,
    "Bone/foot_l/AngVelMAE": 0.6943494081497192,
    "Bone/ball_l/AngVelMagMAE": 0.4104125648736954,
    "Bone/ball_l/AngVelMAE": 0.3593249171972275,
    "Bone/thigh_r/AngVelMagMAE": 0.9375942945480347,
    "Bone/thigh_r/AngVelMAE": 0.7393094003200531,
    "Bone/calf_r/AngVelMagMAE": 0.7719403803348541,
    "Bone/calf_r/AngVelMAE": 0.40342505276203156,
    "Bone/RCalfTwist_01/AngVelMagMAE": 0.12456268444657326,
    "Bone/RCalfTwist_01/AngVelMAE": 0.06373287364840508,
    "Bone/RCalfTwist_02/AngVelMagMAE": 0.12269725650548935,
    "Bone/RCalfTwist_02/AngVelMAE": 0.06218704208731651,
    "Bone/RCalfTwist_03/AngVelMagMAE": 0.3253452628850937,
    "Bone/RCalfTwist_03/AngVelMAE": 0.13750648498535156,
    "Bone/foot_r/AngVelMagMAE": 0.5358647406101227,
    "Bone/foot_r/AngVelMAE": 0.606156200170517,
    "Bone/ball_r/AngVelMagMAE": 0.5529421269893646,
    "Bone/ball_r/AngVelMAE": 0.4559958875179291,
    "KeyBone/upperarm_l/GeoDeg": 46.43500900268555,
    "KeyBone/upperarm_l/AngVelMAE": 0.6301555037498474,
    "KeyBone/upperarm_l/AngVelMagMAE": 0.7439868450164795,
    "KeyBone/upperarm_l/AngVelMagRel": 0.6777579188346863,
    "KeyBone/upperarm_l/AngVelDirDeg": 90.78676986694336,
    "KeyBone/lowerarm_l/GeoDeg": 49.77749443054199,
    "KeyBone/lowerarm_l/AngVelMAE": 0.42266570031642914,
    "KeyBone/lowerarm_l/AngVelMagMAE": 0.8468925654888153,
    "KeyBone/lowerarm_l/AngVelMagRel": 0.6695145070552826,
    "KeyBone/lowerarm_l/AngVelDirDeg": 108.75460815429688,
    "KeyBone/hand_l/GeoDeg": 27.87999725341797,
    "KeyBone/hand_l/AngVelMAE": 0.3009207099676132,
    "KeyBone/hand_l/AngVelMagMAE": 0.3899243623018265,
    "KeyBone/hand_l/AngVelMagRel": 0.5338654816150665,
    "KeyBone/hand_l/AngVelDirDeg": 84.1392707824707,
    "KeyBone/upperarm_r/GeoDeg": 53.387128829956055,
    "KeyBone/upperarm_r/AngVelMAE": 0.6600727736949921,
    "KeyBone/upperarm_r/AngVelMagMAE": 0.8278751075267792,
    "KeyBone/upperarm_r/AngVelMagRel": 0.7094537317752838,
    "KeyBone/upperarm_r/AngVelDirDeg": 91.42915725708008,
    "KeyBone/lowerarm_r/GeoDeg": 21.166897773742676,
    "KeyBone/lowerarm_r/AngVelMAE": 0.2757885605096817,
    "KeyBone/lowerarm_r/AngVelMagMAE": 0.47304126620292664,
    "KeyBone/lowerarm_r/AngVelMagRel": 0.5330571234226227,
    "KeyBone/lowerarm_r/AngVelDirDeg": 98.35177230834961,
    "KeyBone/hand_r/GeoDeg": 34.72197151184082,
    "KeyBone/hand_r/AngVelMAE": 0.4497145265340805,
    "KeyBone/hand_r/AngVelMagMAE": 0.5198679268360138,
    "KeyBone/hand_r/AngVelMagRel": 0.568301796913147,
    "KeyBone/hand_r/AngVelDirDeg": 79.61356353759766,
    "KeyBone/thigh_l/GeoDeg": 64.0240707397461,
    "KeyBone/thigh_l/AngVelMAE": 0.8101209402084351,
    "KeyBone/thigh_l/AngVelMagMAE": 1.0146774649620056,
    "KeyBone/thigh_l/AngVelMagRel": 0.6643324792385101,
    "KeyBone/thigh_l/AngVelDirDeg": 99.20035552978516,
    "KeyBone/calf_l/GeoDeg": 38.99055290222168,
    "KeyBone/calf_l/AngVelMAE": 0.40904827415943146,
    "KeyBone/calf_l/AngVelMagMAE": 0.7787387371063232,
    "KeyBone/calf_l/AngVelMagRel": 0.6465254426002502,
    "KeyBone/calf_l/AngVelDirDeg": 102.52611923217773,
    "KeyBone/foot_l/GeoDeg": 42.30937194824219,
    "KeyBone/foot_l/AngVelMAE": 0.6943494081497192,