{
  "epoch": 7,
  "tag": "valfree",
  "timestamp": "2025-11-07T23:08:53",
  "metrics": {
    "YawAbsDeg": 8.650178909301758,
    "RootVelMAE": 0.09993407502770424,
    "RootVelMAE_std": 0.05631680227816105,
    "InputRotGeoDeg": 16.059216499328613,
    "InputRotGeoDeg_max": 179.5469970703125,
    "InputRotGeoDeg_std": 21.24065589904785,
    "CondYawVsPredDeg": 23.375792240934317,
    "CondVelVsPredMAE": 0.09554380923509598,
    "period_abs_mean": 0.7819333672523499,
    "period_abs_std": 0.2716835141181946,
    "GeoDeg": 16.18358612060547,
    "AngVelMAE": 0.2241540551185608,
    "AngVelMagRel": 0.45106685161590576,
    "Bone/pelvis/AngVelMagMAE": 0.15554972738027573,
    "Bone/pelvis/AngVelMAE": 0.2001827284693718,
    "Bone/Bip001/AngVelMagMAE": 7.261298151206574e-06,
    "Bone/Bip001/AngVelMAE": 3.6944916246284265e-06,
    "Bone/spine_01/AngVelMagMAE": 0.2255750671029091,
    "Bone/spine_01/AngVelMAE": 0.21736694127321243,
    "Bone/spine_02/AngVelMagMAE": 0.25216546654701233,
    "Bone/spine_02/AngVelMAE": 0.20890545099973679,
    "Bone/clavicle_l/AngVelMagMAE": 0.17417805641889572,
    "Bone/clavicle_l/AngVelMAE": 0.14625058323144913,
    "Bone/upperarm_l/AngVelMagMAE": 0.4715649485588074,
    "Bone/upperarm_l/AngVelMAE": 0.4583870470523834,
    "Bone/RUpArmTwist_l_01/AngVelMagMAE": 0.19087354838848114,
    "Bone/RUpArmTwist_l_01/AngVelMAE": 0.09521926194429398,
    "Bone/RUpArmTwist_l_02/AngVelMagMAE": 0.12150628119707108,
    "Bone/RUpArmTwist_l_02/AngVelMAE": 0.05476873926818371,
    "Bone/lowerarm_l/AngVelMagMAE": 0.5377490222454071,
    "Bone/lowerarm_l/AngVelMAE": 0.3162311017513275,
    "Bone/L_ForeTwist_01/AngVelMagMAE": 0.05771134980022907,
    "Bone/L_ForeTwist_01/AngVelMAE": 0.02432282269001007,
    "Bone/L_ForeTwist_02/AngVelMagMAE": 0.05344536155462265,
    "Bone/L_ForeTwist_02/AngVelMAE": 0.023302980698645115,
    "Bone/hand_l/AngVelMagMAE": 0.2171875163912773,
    "Bone/hand_l/AngVelMAE": 0.22211333364248276,
    "Bone/index_01_l/AngVelMagMAE": 0.3336649686098099,
    "Bone/index_01_l/AngVelMAE": 0.19705774635076523,
    "Bone/middle_01_l/AngVelMagMAE": 0.18175329267978668,
    "Bone/middle_01_l/AngVelMAE": 0.10941928625106812,
    "Bone/pinky_01_l/AngVelMagMAE": 0.9721706509590149,
    "Bone/pinky_01_l/AngVelMAE": 0.7311516404151917,
    "Bone/ring_01_l/AngVelMagMAE": 0.4063967913389206,
    "Bone/ring_01_l/AngVelMAE": 0.25460632145404816,
    "Bone/thumb_01_l/AngVelMagMAE": 0.9114520847797394,
    "Bone/thumb_01_l/AngVelMAE": 0.5694697499275208,
    "Bone/clavicle_r/AngVelMagMAE": 0.15709181874990463,
    "Bone/clavicle_r/AngVelMAE": 0.12982552498579025,
    "Bone/upperarm_r/AngVelMagMAE": 0.5309564769268036,
    "Bone/upperarm_r/AngVelMAE": 0.4603549689054489,
    "Bone/RUpArmTwist_r_01/AngVelMagMAE": 0.3873221278190613,
    "Bone/RUpArmTwist_r_01/AngVelMAE": 0.17149873822927475,
    "Bone/RUpArmTwist_r_02/AngVelMagMAE": 0.2619447782635689,
    "Bone/RUpArmTwist_r_02/AngVelMAE": 0.11135918647050858,
    "Bone/lowerarm_r/AngVelMagMAE": 0.3037808835506439,
    "Bone/lowerarm_r/AngVelMAE": 0.2058279663324356,
    "Bone/R_ForeTwist_01/AngVelMagMAE": 0.06304038502275944,
    "Bone/R_ForeTwist_01/AngVelMAE": 0.030739069916307926,
    "Bone/R_ForeTwist_02/AngVelMagMAE": 0.07659684494137764,
    "Bone/R_ForeTwist_02/AngVelMAE": 0.03346390277147293,
    "Bone/hand_r/AngVelMagMAE": 0.4359412342309952,
    "Bone/hand_r/AngVelMAE": 0.37569138407707214,
    "Bone/index_01_r/AngVelMagMAE": 0.10584865882992744,
    "Bone/index_01_r/AngVelMAE": 0.07656733691692352,
    "Bone/middle_01_r/AngVelMagMAE": 0.07065148651599884,
    "Bone/middle_01_r/AngVelMAE": 0.04672442376613617,
    "Bone/pinky_01_r/AngVelMagMAE": 0.25612814724445343,
    "Bone/pinky_01_r/AngVelMAE": 0.16946057975292206,
    "Bone/ring_01_r/AngVelMagMAE": 0.08316117897629738,
    "Bone/ring_01_r/AngVelMAE": 0.06297194212675095,
    "Bone/thumb_01_r/AngVelMagMAE": 0.3055010437965393,
    "Bone/thumb_01_r/AngVelMAE": 0.226889468729496,
    "Bone/neck_01/AngVelMagMAE": 0.24879270046949387,
    "Bone/neck_01/AngVelMAE": 0.21135540306568146,
    "Bone/head/AngVelMagMAE": 0.21960178017616272,
    "Bone/head/AngVelMAE": 0.19322829693555832,
    "Bone/thigh_l/AngVelMagMAE": 0.5449722111225128,
    "Bone/thigh_l/AngVelMAE": 0.5507869720458984,
    "Bone/calf_l/AngVelMagMAE": 0.7416048049926758,
    "Bone/calf_l/AngVelMAE": 0.355084627866745,
    "Bone/LCalfTwist_01/AngVelMagMAE": 0.11171913519501686,
    "Bone/LCalfTwist_01/AngVelMAE": 0.05870007909834385,
    "Bone/LCalfTwist_02/AngVelMagMAE": 0.12855961918830872,
    "Bone/LCalfTwist_02/AngVelMAE": 0.06768159940838814,
    "Bone/LCalfTwist_03/AngVelMagMAE": 0.11904347315430641,
    "Bone/LCalfTwist_03/AngVelMAE": 0.06188834644854069,
    "Bone/foot_l/AngVelMagMAE": 0.5322569012641907,
    "Bone/foot_l/AngVelMAE": 0.56722092628479,
    "Bone/ball_l/AngVelMagMAE": 0.38530661165714264,
    "Bone/ball_l/AngVelMAE": 0.3106129914522171,
    "Bone/thigh_r/AngVelMagMAE": 0.6605445742607117,
    "Bone/thigh_r/AngVelMAE": 0.5624210238456726,
    "Bone/calf_r/AngVelMagMAE": 0.6714346408843994,
    "Bone/calf_r/AngVelMAE": 0.35279303789138794,
    "Bone/RCalfTwist_01/AngVelMagMAE": 0.09116897732019424,
    "Bone/RCalfTwist_01/AngVelMAE": 0.045105790719389915,
    "Bone/RCalfTwist_02/AngVelMagMAE": 0.0912066400051117,
    "Bone/RCalfTwist_02/AngVelMAE": 0.04716429114341736,
    "Bone/RCalfTwist_03/AngVelMagMAE": 0.16410458832979202,
    "Bone/RCalfTwist_03/AngVelMAE": 0.07563168928027153,
    "Bone/foot_r/AngVelMagMAE": 0.4823150038719177,
    "Bone/foot_r/AngVelMAE": 0.5214243531227112,
    "Bone/ball_r/AngVelMagMAE": 0.519794836640358,
    "Bone/ball_r/AngVelMAE": 0.39985252916812897,
    "KeyBone/upperarm_l/GeoDeg": 29.999475479125977,
    "KeyBone/upperarm_l/AngVelMAE": 0.4583870470523834,
    "KeyBone/upperarm_l/AngVelMagMAE": 0.4715649485588074,
    "KeyBone/upperarm_l/AngVelMagRel": 0.46849535405635834,
    "KeyBone/upperarm_l/AngVelDirDeg": 84.68376541137695,
    "KeyBone/lowerarm_l/GeoDeg": 30.62717914581299,
    "KeyBone/lowerarm_l/AngVelMAE": 0.3162311017513275,
    "KeyBone/lowerarm_l/AngVelMagMAE": 0.5377490222454071,
    "KeyBone/lowerarm_l/AngVelMagRel": 0.5557254552841187,
    "KeyBone/lowerarm_l/AngVelDirDeg": 101.57300758361816,
    "KeyBone/hand_l/GeoDeg": 18.808698654174805,
    "KeyBone/hand_l/AngVelMAE": 0.22211333364248276,
    "KeyBone/hand_l/AngVelMagMAE": 0.2171875163912773,
    "KeyBone/hand_l/AngVelMagRel": 0.33310337364673615,
    "KeyBone/hand_l/AngVelDirDeg": 89.40202331542969,
    "KeyBone/upperarm_r/GeoDeg": 35.35484504699707,
    "KeyBone/upperarm_r/AngVelMAE": 0.4603549689054489,
    "KeyBone/upperarm_r/AngVelMagMAE": 0.5309564769268036,
    "KeyBone/upperarm_r/AngVelMagRel": 0.5266495198011398,
    "KeyBone/upperarm_r/AngVelDirDeg": 72.2246322631836,
    "KeyBone/lowerarm_r/GeoDeg": 17.126262664794922,
    "KeyBone/lowerarm_r/AngVelMAE": 0.2058279663324356,
    "KeyBone/lowerarm_r/AngVelMagMAE": 0.3037808835506439,
    "KeyBone/lowerarm_r/AngVelMagRel": 0.42007437348365784,
    "KeyBone/lowerarm_r/AngVelDirDeg": 114.79611206054688,
    "KeyBone/hand_r/GeoDeg": 29.410340309143066,
    "KeyBone/hand_r/AngVelMAE": 0.37569138407707214,
    "KeyBone/hand_r/AngVelMagMAE": 0.4359412342309952,
    "KeyBone/hand_r/AngVelMagRel": 0.4893024414777756,
    "KeyBone/hand_r/AngVelDirDeg": 85.07250213623047,
    "KeyBone/thigh_l/GeoDeg": 41.26212501525879,
    "KeyBone/thigh_l/AngVelMAE": 0.5507869720458984,
    "KeyBone/thigh_l/AngVelMagMAE": 0.5449722111225128,
    "KeyBone/thigh_l/AngVelMagRel": 0.4249349683523178,
    "KeyBone/thigh_l/AngVelDirDeg": 97.85181427001953,
    "KeyBone/calf_l/GeoDeg": 33.4105224609375,
    "KeyBone/calf_l/AngVelMAE": 0.355084627866745,
    "KeyBone/calf_l/AngVelMagMAE": 0.7416048049926758,
    "KeyBone/calf_l/AngVelMagRel": 0.668146014213562,
    "KeyBone/calf_l/AngVelDirDeg": 93.01562881469727,
    "KeyBone/foot_l/GeoDeg": 27.77748680114746,
    "KeyBone/foot_l/AngVelMAE": 0.56722092628479,