{
  "epoch": 6,
  "tag": "valfree",
  "timestamp": "2025-11-07T23:01:24",
  "metrics": {
    "YawAbsDeg": 8.861122131347656,
    "RootVelMAE": 0.10408627986907959,
    "RootVelMAE_std": 0.05730489082634449,
    "InputRotGeoDeg": 18.41645908355713,
    "InputRotGeoDeg_max": 179.47196197509766,
    "InputRotGeoDeg_std": 24.173992156982422,
    "CondYawVsPredDeg": 24.10718255763762,
    "CondVelVsPredMAE": 0.09873643517494202,
    "period_abs_mean": 0.7899869382381439,
    "period_abs_std": 0.2690899968147278,
    "GeoDeg": 18.54697036743164,
    "AngVelMAE": 0.2452106773853302,
    "AngVelMagRel": 0.4593527317047119,
    "Bone/pelvis/AngVelMagMAE": 0.15681932866573334,
    "Bone/pelvis/AngVelMAE": 0.2128853276371956,
    "Bone/Bip001/AngVelMagMAE": 7.643900744369603e-06,
    "Bone/Bip001/AngVelMAE": 3.857577326016326e-06,
    "Bone/spine_01/AngVelMagMAE": 0.27019430696964264,
    "Bone/spine_01/AngVelMAE": 0.23251450061798096,
    "Bone/spine_02/AngVelMagMAE": 0.2539239153265953,
    "Bone/spine_02/AngVelMAE": 0.21300986409187317,
    "Bone/clavicle_l/AngVelMagMAE": 0.16928578913211823,
    "Bone/clavicle_l/AngVelMAE": 0.14357560127973557,
    "Bone/upperarm_l/AngVelMagMAE": 0.5135946571826935,
    "Bone/upperarm_l/AngVelMAE": 0.507043868303299,
    "Bone/RUpArmTwist_l_01/AngVelMagMAE": 0.20782068371772766,
    "Bone/RUpArmTwist_l_01/AngVelMAE": 0.09877140074968338,
    "Bone/RUpArmTwist_l_02/AngVelMagMAE": 0.12469976767897606,
    "Bone/RUpArmTwist_l_02/AngVelMAE": 0.057559795677661896,
    "Bone/lowerarm_l/AngVelMagMAE": 0.633337527513504,
    "Bone/lowerarm_l/AngVelMAE": 0.3543653339147568,
    "Bone/L_ForeTwist_01/AngVelMagMAE": 0.06612509116530418,
    "Bone/L_ForeTwist_01/AngVelMAE": 0.02807521726936102,
    "Bone/L_ForeTwist_02/AngVelMagMAE": 0.059045104309916496,
    "Bone/L_ForeTwist_02/AngVelMAE": 0.02603974286466837,
    "Bone/hand_l/AngVelMagMAE": 0.22539296001195908,
    "Bone/hand_l/AngVelMAE": 0.23738351464271545,
    "Bone/index_01_l/AngVelMagMAE": 0.34563419222831726,
    "Bone/index_01_l/AngVelMAE": 0.20552056282758713,
    "Bone/middle_01_l/AngVelMagMAE": 0.22110401839017868,
    "Bone/middle_01_l/AngVelMAE": 0.137068010866642,
    "Bone/pinky_01_l/AngVelMagMAE": 0.9972795844078064,
    "Bone/pinky_01_l/AngVelMAE": 0.8226315975189209,
    "Bone/ring_01_l/AngVelMagMAE": 0.4616006910800934,
    "Bone/ring_01_l/AngVelMAE": 0.3068428486585617,
    "Bone/thumb_01_l/AngVelMagMAE": 0.9355549812316895,
    "Bone/thumb_01_l/AngVelMAE": 0.6477272510528564,
    "Bone/clavicle_r/AngVelMagMAE": 0.19479162991046906,
    "Bone/clavicle_r/AngVelMAE": 0.15136167407035828,
    "Bone/upperarm_r/AngVelMagMAE": 0.5600688457489014,
    "Bone/upperarm_r/AngVelMAE": 0.499435156583786,
    "Bone/RUpArmTwist_r_01/AngVelMagMAE": 0.450446680188179,
    "Bone/RUpArmTwist_r_01/AngVelMAE": 0.19788842648267746,
    "Bone/RUpArmTwist_r_02/AngVelMagMAE": 0.25109806656837463,
    "Bone/RUpArmTwist_r_02/AngVelMAE": 0.11058949679136276,
    "Bone/lowerarm_r/AngVelMagMAE": 0.32111597061157227,
    "Bone/lowerarm_r/AngVelMAE": 0.21118419617414474,
    "Bone/R_ForeTwist_01/AngVelMagMAE": 0.07727567851543427,
    "Bone/R_ForeTwist_01/AngVelMAE": 0.03831481374800205,
    "Bone/R_ForeTwist_02/AngVelMagMAE": 0.08014841377735138,
    "Bone/R_ForeTwist_02/AngVelMAE": 0.03617018274962902,
    "Bone/hand_r/AngVelMagMAE": 0.460472896695137,
    "Bone/hand_r/AngVelMAE": 0.4029056429862976,
    "Bone/index_01_r/AngVelMagMAE": 0.10310227423906326,
    "Bone/index_01_r/AngVelMAE": 0.0825650729238987,
    "Bone/middle_01_r/AngVelMagMAE": 0.07281158864498138,
    "Bone/middle_01_r/AngVelMAE": 0.05070088617503643,
    "Bone/pinky_01_r/AngVelMagMAE": 0.2618960440158844,
    "Bone/pinky_01_r/AngVelMAE": 0.18333736807107925,
    "Bone/ring_01_r/AngVelMagMAE": 0.08322684466838837,
    "Bone/ring_01_r/AngVelMAE": 0.0696183554828167,
    "Bone/thumb_01_r/AngVelMagMAE": 0.29633936285972595,
    "Bone/thumb_01_r/AngVelMAE": 0.24480833113193512,
    "Bone/neck_01/AngVelMagMAE": 0.2692958861589432,
    "Bone/neck_01/AngVelMAE": 0.23379123210906982,
    "Bone/head/AngVelMagMAE": 0.21775244176387787,
    "Bone/head/AngVelMAE": 0.1954106017947197,
    "Bone/thigh_l/AngVelMagMAE": 0.644812673330307,
    "Bone/thigh_l/AngVelMAE": 0.6364096701145172,
    "Bone/calf_l/AngVelMagMAE": 0.7716824412345886,
    "Bone/calf_l/AngVelMAE": 0.37067757546901703,
    "Bone/LCalfTwist_01/AngVelMagMAE": 0.11528802663087845,
    "Bone/LCalfTwist_01/AngVelMAE": 0.06044076755642891,
    "Bone/LCalfTwist_02/AngVelMagMAE": 0.1672465056180954,
    "Bone/LCalfTwist_02/AngVelMAE": 0.08330860361456871,
    "Bone/LCalfTwist_03/AngVelMagMAE": 0.13403528928756714,
    "Bone/LCalfTwist_03/AngVelMAE": 0.06843342259526253,
    "Bone/foot_l/AngVelMagMAE": 0.5898423194885254,
    "Bone/foot_l/AngVelMAE": 0.5896515846252441,
    "Bone/ball_l/AngVelMagMAE": 0.4135996401309967,
    "Bone/ball_l/AngVelMAE": 0.3434913754463196,
    "Bone/thigh_r/AngVelMagMAE": 0.8154219090938568,
    "Bone/thigh_r/AngVelMAE": 0.6508076786994934,
    "Bone/calf_r/AngVelMagMAE": 0.7304099798202515,
    "Bone/calf_r/AngVelMAE": 0.38683903217315674,
    "Bone/RCalfTwist_01/AngVelMagMAE": 0.0953335389494896,
    "Bone/RCalfTwist_01/AngVelMAE": 0.048790013417601585,
    "Bone/RCalfTwist_02/AngVelMagMAE": 0.09744152426719666,
    "Bone/RCalfTwist_02/AngVelMAE": 0.052051326259970665,
    "Bone/RCalfTwist_03/AngVelMagMAE": 0.18059244006872177,
    "Bone/RCalfTwist_03/AngVelMAE": 0.08398814499378204,
    "Bone/foot_r/AngVelMagMAE": 0.4626518040895462,
    "Bone/foot_r/AngVelMAE": 0.5578491389751434,
    "Bone/ball_r/AngVelMagMAE": 0.5043753385543823,
    "Bone/ball_r/AngVelMAE": 0.4078523516654968,
    "KeyBone/upperarm_l/GeoDeg": 37.143991470336914,
    "KeyBone/upperarm_l/AngVelMAE": 0.507043868303299,
    "KeyBone/upperarm_l/AngVelMagMAE": 0.5135946571826935,
    "KeyBone/upperarm_l/AngVelMagRel": 0.5164276659488678,
    "KeyBone/upperarm_l/AngVelDirDeg": 89.55649185180664,
    "KeyBone/lowerarm_l/GeoDeg": 36.05182456970215,
    "KeyBone/lowerarm_l/AngVelMAE": 0.3543653339147568,
    "KeyBone/lowerarm_l/AngVelMagMAE": 0.633337527513504,
    "KeyBone/lowerarm_l/AngVelMagRel": 0.5709851384162903,
    "KeyBone/lowerarm_l/AngVelDirDeg": 117.18821334838867,
    "KeyBone/hand_l/GeoDeg": 21.61778736114502,
    "KeyBone/hand_l/AngVelMAE": 0.23738351464271545,
    "KeyBone/hand_l/AngVelMagMAE": 0.22539296001195908,
    "KeyBone/hand_l/AngVelMagRel": 0.3289685845375061,
    "KeyBone/hand_l/AngVelDirDeg": 94.31220245361328,
    "KeyBone/upperarm_r/GeoDeg": 36.161285400390625,
    "KeyBone/upperarm_r/AngVelMAE": 0.499435156583786,
    "KeyBone/upperarm_r/AngVelMagMAE": 0.5600688457489014,
    "KeyBone/upperarm_r/AngVelMagRel": 0.5537773966789246,
    "KeyBone/upperarm_r/AngVelDirDeg": 89.17211151123047,
    "KeyBone/lowerarm_r/GeoDeg": 17.00126361846924,
    "KeyBone/lowerarm_r/AngVelMAE": 0.21118419617414474,
    "KeyBone/lowerarm_r/AngVelMagMAE": 0.32111597061157227,
    "KeyBone/lowerarm_r/AngVelMagRel": 0.4593783766031265,
    "KeyBone/lowerarm_r/AngVelDirDeg": 111.47990798950195,
    "KeyBone/hand_r/GeoDeg": 32.58928298950195,
    "KeyBone/hand_r/AngVelMAE": 0.4029056429862976,
    "KeyBone/hand_r/AngVelMagMAE": 0.460472896695137,
    "KeyBone/hand_r/AngVelMagRel": 0.5057244300842285,
    "KeyBone/hand_r/AngVelDirDeg": 89.58785247802734,
    "KeyBone/thigh_l/GeoDeg": 49.31846618652344,
    "KeyBone/thigh_l/AngVelMAE": 0.6364096701145172,
    "KeyBone/thigh_l/AngVelMagMAE": 0.644812673330307,
    "KeyBone/thigh_l/AngVelMagRel": 0.44823700189590454,
    "KeyBone/thigh_l/AngVelDirDeg": 103.19626235961914,
    "KeyBone/calf_l/GeoDeg": 32.371803283691406,
    "KeyBone/calf_l/AngVelMAE": 0.37067757546901703,
    "KeyBone/calf_l/AngVelMagMAE": 0.7716824412345886,
    "KeyBone/calf_l/AngVelMagRel": 0.6896277666091919,
    "KeyBone/calf_l/AngVelDirDeg": 103.58268737792969,
    "KeyBone/foot_l/GeoDeg": 28.972403526306152,
    "KeyBone/foot_l/AngVelMAE": 0.5896515846252441,