{
  "epoch": 3,
  "tag": "valfree",
  "timestamp": "2025-11-07T22:38:40",
  "metrics": {
    "YawAbsDeg": 8.193932056427002,
    "RootVelMAE": 0.10265078023076057,
    "RootVelMAE_std": 0.0583810918033123,
    "InputRotGeoDeg": 30.344775199890137,
    "InputRotGeoDeg_max": 180.0,
    "InputRotGeoDeg_std": 36.32043647766113,
    "CondYawVsPredDeg": 22.748555478884537,
    "CondVelVsPredMAE": 0.09713223576545715,
    "period_abs_mean": 0.7869239747524261,
    "period_abs_std": 0.2687767744064331,
    "GeoDeg": 30.481304168701172,
    "AngVelMAE": 0.33008190989494324,
    "AngVelMagRel": 0.5610439479351044,
    "Bone/pelvis/AngVelMagMAE": 0.17257168889045715,
    "Bone/pelvis/AngVelMAE": 0.20734449476003647,
    "Bone/Bip001/AngVelMagMAE": 1.5998795788618736e-05,
    "Bone/Bip001/AngVelMAE": 8.67144717631163e-06,
    "Bone/spine_01/AngVelMagMAE": 0.4720582216978073,
    "Bone/spine_01/AngVelMAE": 0.32364967465400696,
    "Bone/spine_02/AngVelMagMAE": 0.2619906887412071,
    "Bone/spine_02/AngVelMAE": 0.21965979784727097,
    "Bone/clavicle_l/AngVelMagMAE": 0.17778664082288742,
    "Bone/clavicle_l/AngVelMAE": 0.1614116132259369,
    "Bone/upperarm_l/AngVelMagMAE": 0.9487853944301605,
    "Bone/upperarm_l/AngVelMAE": 0.7374792397022247,
    "Bone/RUpArmTwist_l_01/AngVelMagMAE": 0.1768856793642044,
    "Bone/RUpArmTwist_l_01/AngVelMAE": 0.09259401261806488,
    "Bone/RUpArmTwist_l_02/AngVelMagMAE": 0.1452416181564331,
    "Bone/RUpArmTwist_l_02/AngVelMAE": 0.06596852093935013,
    "Bone/lowerarm_l/AngVelMagMAE": 1.3215898871421814,
    "Bone/lowerarm_l/AngVelMAE": 0.5997585952281952,
    "Bone/L_ForeTwist_01/AngVelMagMAE": 0.07468326389789581,
    "Bone/L_ForeTwist_01/AngVelMAE": 0.03091640491038561,
    "Bone/L_ForeTwist_02/AngVelMagMAE": 0.06113911233842373,
    "Bone/L_ForeTwist_02/AngVelMAE": 0.025451081804931164,
    "Bone/hand_l/AngVelMagMAE": 0.4669525772333145,
    "Bone/hand_l/AngVelMAE": 0.34779220819473267,
    "Bone/index_01_l/AngVelMagMAE": 0.9028187096118927,
    "Bone/index_01_l/AngVelMAE": 0.4338477700948715,
    "Bone/middle_01_l/AngVelMagMAE": 0.362297385931015,
    "Bone/middle_01_l/AngVelMAE": 0.2001100406050682,
    "Bone/pinky_01_l/AngVelMagMAE": 1.3949514627456665,
    "Bone/pinky_01_l/AngVelMAE": 1.1196630597114563,
    "Bone/ring_01_l/AngVelMagMAE": 0.5625956356525421,
    "Bone/ring_01_l/AngVelMAE": 0.388873428106308,
    "Bone/thumb_01_l/AngVelMagMAE": 1.3708699345588684,
    "Bone/thumb_01_l/AngVelMAE": 0.8491081595420837,
    "Bone/clavicle_r/AngVelMagMAE": 0.16941794753074646,
    "Bone/clavicle_r/AngVelMAE": 0.14613130688667297,
    "Bone/upperarm_r/AngVelMagMAE": 1.2487948536872864,
    "Bone/upperarm_r/AngVelMAE": 0.8353174924850464,
    "Bone/RUpArmTwist_r_01/AngVelMagMAE": 0.847486823797226,
    "Bone/RUpArmTwist_r_01/AngVelMAE": 0.33684636652469635,
    "Bone/RUpArmTwist_r_02/AngVelMagMAE": 0.5191033333539963,
    "Bone/RUpArmTwist_r_02/AngVelMAE": 0.20889170467853546,
    "Bone/lowerarm_r/AngVelMagMAE": 0.41100507974624634,
    "Bone/lowerarm_r/AngVelMAE": 0.24702022224664688,
    "Bone/R_ForeTwist_01/AngVelMagMAE": 0.13341089710593224,
    "Bone/R_ForeTwist_01/AngVelMAE": 0.05976924113929272,
    "Bone/R_ForeTwist_02/AngVelMagMAE": 0.1549079343676567,
    "Bone/R_ForeTwist_02/AngVelMAE": 0.06600049510598183,
    "Bone/hand_r/AngVelMagMAE": 0.7186552286148071,
    "Bone/hand_r/AngVelMAE": 0.5473024845123291,
    "Bone/index_01_r/AngVelMagMAE": 0.12526367977261543,
    "Bone/index_01_r/AngVelMAE": 0.08907207101583481,
    "Bone/middle_01_r/AngVelMagMAE": 0.06271645240485668,
    "Bone/middle_01_r/AngVelMAE": 0.05440778285264969,
    "Bone/pinky_01_r/AngVelMagMAE": 0.2844340056180954,
    "Bone/pinky_01_r/AngVelMAE": 0.2048434391617775,
    "Bone/ring_01_r/AngVelMagMAE": 0.07934040203690529,
    "Bone/ring_01_r/AngVelMAE": 0.08019538223743439,
    "Bone/thumb_01_r/AngVelMagMAE": 0.38696473836898804,
    "Bone/thumb_01_r/AngVelMAE": 0.296758696436882,
    "Bone/neck_01/AngVelMagMAE": 0.37387242913246155,
    "Bone/neck_01/AngVelMAE": 0.281537190079689,
    "Bone/head/AngVelMagMAE": 0.3100099712610245,
    "Bone/head/AngVelMAE": 0.24163257330656052,
    "Bone/thigh_l/AngVelMagMAE": 1.5169618725776672,
    "Bone/thigh_l/AngVelMAE": 1.0076175034046173,
    "Bone/calf_l/AngVelMagMAE": 0.8284965753555298,
    "Bone/calf_l/AngVelMAE": 0.4615660756826401,
    "Bone/LCalfTwist_01/AngVelMagMAE": 0.22230540961027145,
    "Bone/LCalfTwist_01/AngVelMAE": 0.10599235817790031,
    "Bone/LCalfTwist_02/AngVelMagMAE": 0.24027429521083832,
    "Bone/LCalfTwist_02/AngVelMAE": 0.11110993474721909,
    "Bone/LCalfTwist_03/AngVelMagMAE": 0.280362144112587,
    "Bone/LCalfTwist_03/AngVelMAE": 0.12484429404139519,
    "Bone/foot_l/AngVelMagMAE": 0.6780683696269989,
    "Bone/foot_l/AngVelMAE": 0.7640005946159363,
    "Bone/ball_l/AngVelMagMAE": 0.45342138409614563,
    "Bone/ball_l/AngVelMAE": 0.38862432539463043,
    "Bone/thigh_r/AngVelMagMAE": 1.0461223125457764,
    "Bone/thigh_r/AngVelMAE": 0.8260339498519897,
    "Bone/calf_r/AngVelMagMAE": 0.8134626150131226,
    "Bone/calf_r/AngVelMAE": 0.3984877020120621,
    "Bone/RCalfTwist_01/AngVelMagMAE": 0.14738968759775162,
    "Bone/RCalfTwist_01/AngVelMAE": 0.06995942071080208,
    "Bone/RCalfTwist_02/AngVelMagMAE": 0.14318902045488358,
    "Bone/RCalfTwist_02/AngVelMAE": 0.07026960328221321,
    "Bone/RCalfTwist_03/AngVelMagMAE": 0.4485478401184082,
    "Bone/RCalfTwist_03/AngVelMAE": 0.18054364621639252,
    "Bone/foot_r/AngVelMagMAE": 0.6310615837574005,
    "Bone/foot_r/AngVelMAE": 0.6418682336807251,
    "Bone/ball_r/AngVelMagMAE": 0.6634066700935364,
    "Bone/ball_r/AngVelMAE": 0.5334871411323547,
    "KeyBone/upperarm_l/GeoDeg": 60.84354019165039,
    "KeyBone/upperarm_l/AngVelMAE": 0.7374792397022247,
    "KeyBone/upperarm_l/AngVelMagMAE": 0.9487853944301605,
    "KeyBone/upperarm_l/AngVelMagRel": 0.7991360127925873,
    "KeyBone/upperarm_l/AngVelDirDeg": 90.09724426269531,
    "KeyBone/lowerarm_l/GeoDeg": 64.19079971313477,
    "KeyBone/lowerarm_l/AngVelMAE": 0.5997585952281952,
    "KeyBone/lowerarm_l/AngVelMagMAE": 1.3215898871421814,
    "KeyBone/lowerarm_l/AngVelMagRel": 0.8815124034881592,
    "KeyBone/lowerarm_l/AngVelDirDeg": 135.33401107788086,
    "KeyBone/hand_l/GeoDeg": 37.6052131652832,
    "KeyBone/hand_l/AngVelMAE": 0.34779220819473267,
    "KeyBone/hand_l/AngVelMagMAE": 0.4669525772333145,
    "KeyBone/hand_l/AngVelMagRel": 0.5934891402721405,
    "KeyBone/hand_l/AngVelDirDeg": 81.9736328125,
    "KeyBone/upperarm_r/GeoDeg": 79.90609741210938,
    "KeyBone/upperarm_r/AngVelMAE": 0.8353174924850464,
    "KeyBone/upperarm_r/AngVelMagMAE": 1.2487948536872864,
    "KeyBone/upperarm_r/AngVelMagRel": 0.9600344002246857,
    "KeyBone/upperarm_r/AngVelDirDeg": 93.475830078125,
    "KeyBone/lowerarm_r/GeoDeg": 19.13655185699463,
    "KeyBone/lowerarm_r/AngVelMAE": 0.24702022224664688,
    "KeyBone/lowerarm_r/AngVelMagMAE": 0.41100507974624634,
    "KeyBone/lowerarm_r/AngVelMagRel": 0.5033790618181229,
    "KeyBone/lowerarm_r/AngVelDirDeg": 78.82428741455078,
    "KeyBone/hand_r/GeoDeg": 49.403194427490234,
    "KeyBone/hand_r/AngVelMAE": 0.5473024845123291,
    "KeyBone/hand_r/AngVelMagMAE": 0.7186552286148071,
    "KeyBone/hand_r/AngVelMagRel": 0.7153026163578033,
    "KeyBone/hand_r/AngVelDirDeg": 86.38585662841797,
    "KeyBone/thigh_l/GeoDeg": 85.22667694091797,
    "KeyBone/thigh_l/AngVelMAE": 1.0076175034046173,
    "KeyBone/thigh_l/AngVelMagMAE": 1.5169618725776672,
    "KeyBone/thigh_l/AngVelMagRel": 0.8933544456958771,
    "KeyBone/thigh_l/AngVelDirDeg": 102.57091522216797,
    "KeyBone/calf_l/GeoDeg": 44.78071594238281,
    "KeyBone/calf_l/AngVelMAE": 0.4615660756826401,
    "KeyBone/calf_l/AngVelMagMAE": 0.8284965753555298,
    "KeyBone/calf_l/AngVelMagRel": 0.6735318899154663,
    "KeyBone/calf_l/AngVelDirDeg": 115.86039352416992,
    "KeyBone/foot_l/GeoDeg": 57.20842170715332,
    "KeyBone/foot_l/AngVelMAE": 0.7640005946159363,