sic,bone,mean_deg,p50_deg,p90_deg,count
13,foot_l,4.9328131675720215,4.9328131675720215,4.9328131675720215,1
14,foot_l,3.880704402923584,3.880704402923584,3.880704402923584,1
31,foot_l,3.6803641319274902,3.6803641319274902,3.6803641319274902,1
37,foot_l,3.649670124053955,3.649670124053955,3.649670124053955,1
32,calf_l,3.3935635089874268,3.3935635089874268,3.3935635089874268,1
33,foot_l,3.159205913543701,3.159205913543701,3.159205913543701,1
53,ball_r,3.1548233032226562,3.1548233032226562,3.1548233032226562,1
53,foot_r,3.0920655727386475,3.0920655727386475,3.0920655727386475,1
13,ball_l,2.8316843509674072,2.8316843509674072,2.8316843509674072,1
32,foot_l,2.7488322257995605,2.7488322257995605,2.7488322257995605,1
18,calf_l,2.674750804901123,2.674750804901123,2.674750804901123,1
28,calf_l,2.5556609630584717,2.5556609630584717,2.5556609630584717,1
37,calf_l,2.536895275115967,2.536895275115967,2.536895275115967,1
32,thigh_l,2.528477191925049,2.528477191925049,2.528477191925049,1
31,thigh_l,2.1912808418273926,2.1912808418273926,2.1912808418273926,1
17,calf_l,2.184978485107422,2.184978485107422,2.184978485107422,1
24,calf_l,2.1683011054992676,2.1683011054992676,2.1683011054992676,1
36,calf_l,2.104153633117676,2.104153633117676,2.104153633117676,1
52,ball_r,2.0665061473846436,2.0665061473846436,2.0665061473846436,1
54,foot_r,2.034742593765259,2.034742593765259,2.034742593765259,1
64,calf_r,1.9464682340621948,1.9464682340621948,1.9464682340621948,1
6,ball_l,1.9402241706848145,1.9402241706848145,1.9402241706848145,1
15,foot_l,1.9234282970428467,1.9234282970428467,1.9234282970428467,1
38,foot_l,1.8786388635635376,1.8786388635635376,1.8786388635635376,1
71,calf_l,1.857306718826294,1.857306718826294,1.857306718826294,1
7,ball_l,1.722029209136963,1.722029209136963,1.722029209136963,1
55,foot_r,1.7219160795211792,1.7219160795211792,1.7219160795211792,1
27,calf_l,1.6722410917282104,1.6722410917282104,1.6722410917282104,1
81,calf_r,1.6450356245040894,1.6450356245040894,1.6450356245040894,1
55,calf_r,1.6327205896377563,1.6327205896377563,1.6327205896377563,1
40,foot_l,1.6311558485031128,1.6311558485031128,1.6311558485031128,1
51,foot_r,1.630061149597168,1.630061149597168,1.630061149597168,1
41,foot_l,1.5840559005737305,1.5840559005737305,1.5840559005737305,1
27,foot_l,1.5630663633346558,1.5630663633346558,1.5630663633346558,1
85,calf_r,1.5301204919815063,1.5301204919815063,1.5301204919815063,1
20,calf_l,1.4926382303237915,1.4926382303237915,1.4926382303237915,1
71,calf_r,1.477394461631775,1.477394461631775,1.477394461631775,1
74,thigh_r,1.4529948234558105,1.4529948234558105,1.4529948234558105,1
37,thigh_l,1.4516100883483887,1.4516100883483887,1.4516100883483887,1
64,lowerarm_l,1.4507461786270142,1.4507461786270142,1.4507461786270142,1
53,thigh_l,1.4374457597732544,1.4374457597732544,1.4374457597732544,1
29,foot_l,1.408248782157898,1.408248782157898,1.408248782157898,1
58,upperarm_l,1.3484834432601929,1.3484834432601929,1.3484834432601929,1
59,upperarm_l,1.3391335010528564,1.3391335010528564,1.3391335010528564,1
57,lowerarm_l,1.333386778831482,1.333386778831482,1.333386778831482,1
24,foot_l,1.3151943683624268,1.3151943683624268,1.3151943683624268,1
85,foot_r,1.3110438585281372,1.3110438585281372,1.3110438585281372,1
40,ball_l,1.2960643768310547,1.2960643768310547,1.2960643768310547,1
56,lowerarm_l,1.2779386043548584,1.2779386043548584,1.2779386043548584,1
59,thigh_r,1.2770395278930664,1.2770395278930664,1.2770395278930664,1
60,foot_r,1.2709506750106812,1.2709506750106812,1.2709506750106812,1
57,upperarm_l,1.267115831375122,1.267115831375122,1.267115831375122,1
22,foot_l,1.2527711391448975,1.2527711391448975,1.2527711391448975,1
36,foot_l,1.236678123474121,1.236678123474121,1.236678123474121,1
56,foot_r,1.2351412773132324,1.2351412773132324,1.2351412773132324,1
52,calf_r,1.2336817979812622,1.2336817979812622,1.2336817979812622,1
22,thigh_l,1.232656717300415,1.232656717300415,1.232656717300415,1
56,thigh_r,1.2148100137710571,1.2148100137710571,1.2148100137710571,1
62,lowerarm_l,1.2068860530853271,1.2068860530853271,1.2068860530853271,1
67,thigh_l,1.194168210029602,1.194168210029602,1.194168210029602,1
62,thigh_l,1.1867039203643799,1.1867039203643799,1.1867039203643799,1
14,calf_l,1.1834355592727661,1.1834355592727661,1.1834355592727661,1
74,foot_r,1.1735999584197998,1.1735999584197998,1.1735999584197998,1
57,thigh_r,1.1542680263519287,1.1542680263519287,1.1542680263519287,1
5,foot_l,1.1517993211746216,1.1517993211746216,1.1517993211746216,1
16,calf_l,1.147375226020813,1.147375226020813,1.147375226020813,1
71,foot_r,1.1455813646316528,1.1455813646316528,1.1455813646316528,1
20,hand_l,1.1427403688430786,1.1427403688430786,1.1427403688430786,1
34,thigh_r,1.1417710781097412,1.1417710781097412,1.1417710781097412,1
34,foot_l,1.126325011253357,1.126325011253357,1.126325011253357,1
18,hand_l,1.1254373788833618,1.1254373788833618,1.1254373788833618,1
18,foot_l,1.124383568763733,1.124383568763733,1.124383568763733,1
29,calf_l,1.1116985082626343,1.1116985082626343,1.1116985082626343,1
72,lowerarm_l,1.111633062362671,1.111633062362671,1.111633062362671,1
7,foot_l,1.109246850013733,1.109246850013733,1.109246850013733,1
58,thigh_r,1.1034820079803467,1.1034820079803467,1.1034820079803467,1
27,ball_l,1.100324273109436,1.100324273109436,1.100324273109436,1
4,hand_r,1.0972468852996826,1.0972468852996826,1.0972468852996826,1
34,calf_l,1.0903294086456299,1.0903294086456299,1.0903294086456299,1
38,thigh_l,1.080885410308838,1.080885410308838,1.080885410308838,1
62,thigh_r,1.0756754875183105,1.0756754875183105,1.0756754875183105,1
33,thigh_l,1.0710422992706299,1.0710422992706299,1.0710422992706299,1
40,thigh_l,1.0665721893310547,1.0665721893310547,1.0665721893310547,1
67,calf_l,1.0574374198913574,1.0574374198913574,1.0574374198913574,1
62,hand_l,1.0525541305541992,1.0525541305541992,1.0525541305541992,1
71,thigh_r,1.0329848527908325,1.0329848527908325,1.0329848527908325,1
64,thigh_l,1.0314334630966187,1.0314334630966187,1.0314334630966187,1
19,foot_l,1.0177310705184937,1.0177310705184937,1.0177310705184937,1
72,thigh_r,1.012671947479248,1.012671947479248,1.012671947479248,1
29,thigh_l,1.0105482339859009,1.0105482339859009,1.0105482339859009,1
83,foot_l,1.0101451873779297,1.0101451873779297,1.0101451873779297,1
26,hand_r,1.0026627779006958,1.0026627779006958,1.0026627779006958,1
52,foot_r,1.0021229982376099,1.0021229982376099,1.0021229982376099,1
20,foot_l,0.9961773157119751,0.9961773157119751,0.9961773157119751,1
19,hand_l,0.9885642528533936,0.9885642528533936,0.9885642528533936,1
13,hand_r,0.9860678911209106,0.9860678911209106,0.9860678911209106,1
76,thigh_r,0.9829553961753845,0.9829553961753845,0.9829553961753845,1
58,foot_r,0.9787166118621826,0.9787166118621826,0.9787166118621826,1
54,ball_r,0.9781054854393005,0.9781054854393005,0.9781054854393005,1
35,thigh_l,0.9754467606544495,0.9754467606544495,0.9754467606544495,1
57,calf_r,0.9733237624168396,0.9733237624168396,0.9733237624168396,1
51,calf_r,0.965090811252594,0.965090811252594,0.965090811252594,1
52,lowerarm_l,0.9623252153396606,0.9623252153396606,0.9623252153396606,1
26,upperarm_l,0.9422970414161682,0.9422970414161682,0.9422970414161682,1
36,thigh_l,0.9419581294059753,0.9419581294059753,0.9419581294059753,1
59,RUpArmTwist_l_01,0.9408679604530334,0.9408679604530334,0.9408679604530334,1
14,hand_r,0.9373533129692078,0.9373533129692078,0.9373533129692078,1
74,lowerarm_l,0.9318599104881287,0.9318599104881287,0.9318599104881287,1
22,calf_l,0.9271668195724487,0.9271668195724487,0.9271668195724487,1
24,upperarm_l,0.9261344075202942,0.9261344075202942,0.9261344075202942,1
24,RUpArmTwist_l_01,0.9259101748466492,0.9259101748466492,0.9259101748466492,1
11,foot_l,0.9237999320030212,0.9237999320030212,0.9237999320030212,1
80,calf_r,0.9232664704322815,0.9232664704322815,0.9232664704322815,1
26,hand_l,0.9195378422737122,0.9195378422737122,0.9195378422737122,1
6,foot_l,0.9158411622047424,0.9158411622047424,0.9158411622047424,1
54,thigh_l,0.915325939655304,0.915325939655304,0.915325939655304,1
14,thigh_l,0.9057959914207458,0.9057959914207458,0.9057959914207458,1
53,upperarm_l,0.9056677222251892,0.9056677222251892,0.9056677222251892,1
31,calf_l,0.9027490019798279,0.9027490019798279,0.9027490019798279,1
64,hand_l,0.8985241055488586,0.8985241055488586,0.8985241055488586,1
39,foot_l,0.8967882394790649,0.8967882394790649,0.8967882394790649,1
4,upperarm_r,0.8880707025527954,0.8880707025527954,0.8880707025527954,1
72,calf_r,0.8831968307495117,0.8831968307495117,0.8831968307495117,1
75,foot_r,0.8828705549240112,0.8828705549240112,0.8828705549240112,1
26,calf_l,0.8823590874671936,0.8823590874671936,0.8823590874671936,1
61,upperarm_l,0.8820315599441528,0.8820315599441528,0.8820315599441528,1
11,calf_l,0.8776960372924805,0.8776960372924805,0.8776960372924805,1
14,thigh_r,0.8727849721908569,0.8727849721908569,0.8727849721908569,1
59,lowerarm_l,0.8706482648849487,0.8706482648849487,0.8706482648849487,1
67,lowerarm_l,0.8651139736175537,0.8651139736175537,0.8651139736175537,1
62,foot_r,0.8623521327972412,0.8623521327972412,0.8623521327972412,1
6,calf_l,0.8566558361053467,0.8566558361053467,0.8566558361053467,1
31,hand_l,0.8521247506141663,0.8521247506141663,0.8521247506141663,1
63,hand_l,0.8494691848754883,0.8494691848754883,0.8494691848754883,1
14,upperarm_r,0.8484261631965637,0.8484261631965637,0.8484261631965637,1
71,foot_l,0.8465899229049683,0.8465899229049683,0.8465899229049683,1
58,RUpArmTwist_l_01,0.8409842848777771,0.8409842848777771,0.8409842848777771,1
65,foot_r,0.8329896330833435,0.8329896330833435,0.8329896330833435,1
44,ball_l,0.8300222158432007,0.8300222158432007,0.8300222158432007,1
69,foot_l,0.8290393352508545,0.8290393352508545,0.8290393352508545,1
25,upperarm_l,0.8289161324501038,0.8289161324501038,0.8289161324501038,1
45,foot_l,0.8244031667709351,0.8244031667709351,0.8244031667709351,1
62,upperarm_l,0.8222893476486206,0.8222893476486206,0.8222893476486206,1
30,foot_l,0.8222280740737915,0.8222280740737915,0.8222280740737915,1
34,foot_r,0.8219395875930786,0.8219395875930786,0.8219395875930786,1
17,thigh_l,0.8217569589614868,0.8217569589614868,0.8217569589614868,1
77,lowerarm_l,0.8188206553459167,0.8188206553459167,0.8188206553459167,1
21,foot_l,0.8184428811073303,0.8184428811073303,0.8184428811073303,1
26,foot_l,0.8175864815711975,0.8175864815711975,0.8175864815711975,1
63,ball_l,0.8118196725845337,0.8118196725845337,0.8118196725845337,1
21,thigh_l,0.8108009099960327,0.8108009099960327,0.8108009099960327,1
1,foot_l,0.8082522749900818,0.8082522749900818,0.8082522749900818,1
33,calf_l,0.8077384233474731,0.8077384233474731,0.8077384233474731,1
65,upperarm_l,0.8077009916305542,0.8077009916305542,0.8077009916305542,1
2,hand_r,0.8030669093132019,0.8030669093132019,0.8030669093132019,1
2,lowerarm_l,0.8025663495063782,0.8025663495063782,0.8025663495063782,1
23,RUpArmTwist_l_01,0.8012416958808899,0.8012416958808899,0.8012416958808899,1
58,foot_l,0.7999273538589478,0.7999273538589478,0.7999273538589478,1
63,foot_r,0.7993194460868835,0.7993194460868835,0.7993194460868835,1
2,foot_r,0.7984638810157776,0.7984638810157776,0.7984638810157776,1
78,lowerarm_l,0.7980268001556396,0.7980268001556396,0.7980268001556396,1
84,calf_l,0.7943586707115173,0.7943586707115173,0.7943586707115173,1
81,thigh_r,0.791897714138031,0.791897714138031,0.791897714138031,1
58,ball_l,0.7889794111251831,0.7889794111251831,0.7889794111251831,1
68,foot_r,0.7874277830123901,0.7874277830123901,0.7874277830123901,1
30,calf_l,0.7874158024787903,0.7874158024787903,0.7874158024787903,1
10,calf_l,0.7869042754173279,0.7869042754173279,0.7869042754173279,1
62,ball_l,0.7863367795944214,0.7863367795944214,0.7863367795944214,1
0,thigh_l,0.7831054925918579,0.7831054925918579,0.7831054925918579,1
26,upperarm_r,0.7830295562744141,0.7830295562744141,0.7830295562744141,1
41,thigh_l,0.781345784664154,0.781345784664154,0.781345784664154,1
24,foot_r,0.7797312140464783,0.7797312140464783,0.7797312140464783,1
42,foot_l,0.7788227200508118,0.7788227200508118,0.7788227200508118,1
53,thigh_r,0.7759121060371399,0.7759121060371399,0.7759121060371399,1
51,ball_r,0.774300217628479,0.774300217628479,0.774300217628479,1
68,thigh_l,0.7734454274177551,0.7734454274177551,0.7734454274177551,1
52,thigh_l,0.7726662755012512,0.7726662755012512,0.7726662755012512,1
10,foot_l,0.7719423174858093,0.7719423174858093,0.7719423174858093,1
35,hand_r,0.7700844407081604,0.7700844407081604,0.7700844407081604,1
67,calf_r,0.7697845101356506,0.7697845101356506,0.7697845101356506,1
22,upperarm_r,0.7693371772766113,0.7693371772766113,0.7693371772766113,1
78,calf_r,0.7691617608070374,0.7691617608070374,0.7691617608070374,1
0,thigh_r,0.7668020129203796,0.7668020129203796,0.7668020129203796,1
30,lowerarm_l,0.7657583355903625,0.7657583355903625,0.7657583355903625,1
66,thigh_l,0.7637893557548523,0.7637893557548523,0.7637893557548523,1
61,foot_r,0.7603917121887207,0.7603917121887207,0.7603917121887207,1
47,foot_r,0.7600046992301941,0.7600046992301941,0.7600046992301941,1
72,foot_r,0.7589114308357239,0.7589114308357239,0.7589114308357239,1
77,thigh_l,0.7526447772979736,0.7526447772979736,0.7526447772979736,1
55,thigh_r,0.7525680661201477,0.7525680661201477,0.7525680661201477,1
21,hand_l,0.7512219548225403,0.7512219548225403,0.7512219548225403,1
4,foot_l,0.7432271242141724,0.7432271242141724,0.7432271242141724,1
59,foot_r,0.7411197423934937,0.7411197423934937,0.7411197423934937,1
44,foot_l,0.7363768219947815,0.7363768219947815,0.7363768219947815,1
81,foot_r,0.735727071762085,0.735727071762085,0.735727071762085,1
76,thigh_l,0.733269989490509,0.733269989490509,0.733269989490509,1
14,upperarm_l,0.7297502756118774,0.7297502756118774,0.7297502756118774,1
72,calf_l,0.7292031645774841,0.7292031645774841,0.7292031645774841,1
69,thigh_l,0.7278704047203064,0.7278704047203064,0.7278704047203064,1
68,foot_l,0.7275479435920715,0.7275479435920715,0.7275479435920715,1
25,foot_l,0.7263656854629517,0.7263656854629517,0.7263656854629517,1
67,foot_l,0.7257624864578247,0.7257624864578247,0.7257624864578247,1
63,foot_l,0.7232792377471924,0.7232792377471924,0.7232792377471924,1
6,thigh_l,0.722816526889801,0.722816526889801,0.722816526889801,1
69,calf_r,0.7210429906845093,0.7210429906845093,0.7210429906845093,1
19,hand_r,0.720353364944458,0.720353364944458,0.720353364944458,1
3,foot_l,0.7177297472953796,0.7177297472953796,0.7177297472953796,1
57,ball_r,0.7159928679466248,0.7159928679466248,0.7159928679466248,1
25,upperarm_r,0.7156367301940918,0.7156367301940918,0.7156367301940918,1
58,lowerarm_l,0.7135210633277893,0.7135210633277893,0.7135210633277893,1
31,hand_r,0.7109723091125488,0.7109723091125488,0.7109723091125488,1
25,RUpArmTwist_l_01,0.7100595235824585,0.7100595235824585,0.7100595235824585,1
24,upperarm_r,0.7088086605072021,0.7088086605072021,0.7088086605072021,1
58,ball_r,0.7072843909263611,0.7072843909263611,0.7072843909263611,1
59,RUpArmTwist_l_02,0.7062438130378723,0.7062438130378723,0.7062438130378723,1
38,thigh_r,0.7037131786346436,0.7037131786346436,0.7037131786346436,1
72,foot_l,0.703309178352356,0.703309178352356,0.703309178352356,1
65,calf_r,0.7016213536262512,0.7016213536262512,0.7016213536262512,1
20,hand_r,0.7005878686904907,0.7005878686904907,0.7005878686904907,1
23,upperarm_l,0.6996703147888184,0.6996703147888184,0.6996703147888184,1
24,hand_r,0.6993874311447144,0.6993874311447144,0.6993874311447144,1
30,hand_r,0.6988704204559326,0.6988704204559326,0.6988704204559326,1
66,upperarm_l,0.697989284992218,0.697989284992218,0.697989284992218,1
49,foot_l,0.6973286271095276,0.6973286271095276,0.6973286271095276,1
53,lowerarm_l,0.6962534785270691,0.6962534785270691,0.6962534785270691,1
13,RUpArmTwist_l_01,0.695446252822876,0.695446252822876,0.695446252822876,1
79,lowerarm_l,0.694675624370575,0.694675624370575,0.694675624370575,1
31,foot_r,0.6929962038993835,0.6929962038993835,0.6929962038993835,1
13,LCalfTwist_03,0.692858874797821,0.692858874797821,0.692858874797821,1
63,lowerarm_l,0.6925173997879028,0.6925173997879028,0.6925173997879028,1
78,thigh_l,0.6907368898391724,0.6907368898391724,0.6907368898391724,1
74,thigh_l,0.6906821131706238,0.6906821131706238,0.6906821131706238,1
27,hand_l,0.6887984275817871,0.6887984275817871,0.6887984275817871,1
57,RUpArmTwist_l_01,0.6859366297721863,0.6859366297721863,0.6859366297721863,1
59,ball_l,0.6844491958618164,0.6844491958618164,0.6844491958618164,1
56,upperarm_l,0.6809026002883911,0.6809026002883911,0.6809026002883911,1
24,RUpArmTwist_l_02,0.6782258749008179,0.6782258749008179,0.6782258749008179,1
53,hand_l,0.6775866746902466,0.6775866746902466,0.6775866746902466,1
54,lowerarm_l,0.6771355867385864,0.6771355867385864,0.6771355867385864,1
17,foot_l,0.6771186590194702,0.6771186590194702,0.6771186590194702,1
68,calf_r,0.6764510869979858,0.6764510869979858,0.6764510869979858,1
71,lowerarm_l,0.6759377717971802,0.6759377717971802,0.6759377717971802,1
9,foot_l,0.6722979545593262,0.6722979545593262,0.6722979545593262,1
24,thigh_l,0.670555830001831,0.670555830001831,0.670555830001831,1
39,thigh_r,0.6700308918952942,0.6700308918952942,0.6700308918952942,1
14,RUpArmTwist_l_01,0.6680586338043213,0.6680586338043213,0.6680586338043213,1
38,foot_r,0.6673675179481506,0.6673675179481506,0.6673675179481506,1
53,calf_l,0.6649797558784485,0.6649797558784485,0.6649797558784485,1
30,hand_l,0.6646474599838257,0.6646474599838257,0.6646474599838257,1
41,upperarm_r,0.6646016240119934,0.6646016240119934,0.6646016240119934,1
33,upperarm_r,0.662790060043335,0.662790060043335,0.662790060043335,1
61,thigh_l,0.6585993766784668,0.6585993766784668,0.6585993766784668,1
70,upperarm_l,0.6583327054977417,0.6583327054977417,0.6583327054977417,1
24,thigh_r,0.6568807363510132,0.6568807363510132,0.6568807363510132,1
77,calf_r,0.6563836932182312,0.6563836932182312,0.6563836932182312,1
22,hand_r,0.6555798053741455,0.6555798053741455,0.6555798053741455,1
20,upperarm_l,0.6496712565422058,0.6496712565422058,0.6496712565422058,1
22,RUpArmTwist_l_01,0.6466338634490967,0.6466338634490967,0.6466338634490967,1
48,thigh_r,0.6450571417808533,0.6450571417808533,0.6450571417808533,1
44,calf_l,0.6443599462509155,0.6443599462509155,0.6443599462509155,1
28,ball_l,0.6421931385993958,0.6421931385993958,0.6421931385993958,1
85,hand_r,0.6401013731956482,0.6401013731956482,0.6401013731956482,1
39,hand_r,0.6390795111656189,0.6390795111656189,0.6390795111656189,1
6,lowerarm_l,0.6387843489646912,0.6387843489646912,0.6387843489646912,1
79,thigh_l,0.6385453343391418,0.6385453343391418,0.6385453343391418,1
34,hand_r,0.6371920704841614,0.6371920704841614,0.6371920704841614,1
18,hand_r,0.6340395212173462,0.6340395212173462,0.6340395212173462,1
66,calf_l,0.6339967250823975,0.6339967250823975,0.6339967250823975,1
85,neck_01,0.6333557367324829,0.6333557367324829,0.6333557367324829,1
69,upperarm_l,0.6315294504165649,0.6315294504165649,0.6315294504165649,1
14,foot_r,0.6313075423240662,0.6313075423240662,0.6313075423240662,1
62,calf_l,0.6309904456138611,0.6309904456138611,0.6309904456138611,1
61,hand_r,0.6299551129341125,0.6299551129341125,0.6299551129341125,1
48,ball_r,0.6297293901443481,0.6297293901443481,0.6297293901443481,1
84,thigh_l,0.6297094821929932,0.6297094821929932,0.6297094821929932,1
57,RUpArmTwist_l_02,0.6289942860603333,0.6289942860603333,0.6289942860603333,1
19,thigh_l,0.6258895397186279,0.6258895397186279,0.6258895397186279,1
42,thigh_l,0.6256614923477173,0.6256614923477173,0.6256614923477173,1
82,foot_l,0.625521183013916,0.625521183013916,0.625521183013916,1
11,ball_l,0.6247857213020325,0.6247857213020325,0.6247857213020325,1
46,ball_r,0.6229974627494812,0.6229974627494812,0.6229974627494812,1
18,upperarm_l,0.6186326146125793,0.6186326146125793,0.6186326146125793,1
48,foot_r,0.6160694360733032,0.6160694360733032,0.6160694360733032,1
1,thigh_l,0.6158987879753113,0.6158987879753113,0.6158987879753113,1
73,thigh_r,0.6106242537498474,0.6106242537498474,0.6106242537498474,1
13,LCalfTwist_02,0.6103881001472473,0.6103881001472473,0.6103881001472473,1
83,foot_r,0.6091020107269287,0.6091020107269287,0.6091020107269287,1
13,upperarm_l,0.6090866923332214,0.6090866923332214,0.6090866923332214,1
71,upperarm_l,0.6089662909507751,0.6089662909507751,0.6089662909507751,1
66,foot_r,0.6088622808456421,0.6088622808456421,0.6088622808456421,1
49,lowerarm_l,0.6080600619316101,0.6080600619316101,0.6080600619316101,1
19,calf_l,0.6080327033996582,0.6080327033996582,0.6080327033996582,1
5,foot_r,0.607463538646698,0.607463538646698,0.607463538646698,1
73,calf_r,0.6073799133300781,0.6073799133300781,0.6073799133300781,1
33,hand_r,0.6047956347465515,0.6047956347465515,0.6047956347465515,1
56,thigh_l,0.604316234588623,0.604316234588623,0.604316234588623,1
61,hand_l,0.6034703254699707,0.6034703254699707,0.6034703254699707,1
57,foot_r,0.6034687161445618,0.6034687161445618,0.6034687161445618,1
71,upperarm_r,0.6028681993484497,0.6028681993484497,0.6028681993484497,1
21,calf_l,0.6026667356491089,0.6026667356491089,0.6026667356491089,1
57,thigh_l,0.6022347807884216,0.6022347807884216,0.6022347807884216,1
77,thigh_r,0.6016636490821838,0.6016636490821838,0.6016636490821838,1
72,upperarm_l,0.6008145213127136,0.6008145213127136,0.6008145213127136,1
30,upperarm_r,0.5999561548233032,0.5999561548233032,0.5999561548233032,1
2,thigh_l,0.5997868180274963,0.5997868180274963,0.5997868180274963,1
7,upperarm_r,0.5990826487541199,0.5990826487541199,0.5990826487541199,1
82,lowerarm_l,0.5983832478523254,0.5983832478523254,0.5983832478523254,1
8,foot_l,0.5980271100997925,0.5980271100997925,0.5980271100997925,1
27,hand_r,0.5943710803985596,0.5943710803985596,0.5943710803985596,1
63,thigh_r,0.5942919254302979,0.5942919254302979,0.5942919254302979,1
76,upperarm_l,0.592887282371521,0.592887282371521,0.592887282371521,1
24,lowerarm_l,0.5920909643173218,0.5920909643173218,0.5920909643173218,1
65,hand_r,0.5920505523681641,0.5920505523681641,0.5920505523681641,1
36,foot_r,0.5912032723426819,0.5912032723426819,0.5912032723426819,1
55,foot_l,0.5897003412246704,0.5897003412246704,0.5897003412246704,1
18,foot_r,0.5894305109977722,0.5894305109977722,0.5894305109977722,1
3,foot_r,0.5890872478485107,0.5890872478485107,0.5890872478485107,1
74,hand_l,0.5889980792999268,0.5889980792999268,0.5889980792999268,1
58,RUpArmTwist_l_02,0.5881580710411072,0.5881580710411072,0.5881580710411072,1
35,foot_l,0.5875307321548462,0.5875307321548462,0.5875307321548462,1
54,upperarm_r,0.5871906876564026,0.5871906876564026,0.5871906876564026,1
26,RUpArmTwist_l_01,0.5868195295333862,0.5868195295333862,0.5868195295333862,1
53,foot_l,0.5867315530776978,0.5867315530776978,0.5867315530776978,1
20,RUpArmTwist_r_01,0.5857070088386536,0.5857070088386536,0.5857070088386536,1
53,upperarm_r,0.5856422185897827,0.5856422185897827,0.5856422185897827,1
19,thigh_r,0.5852349996566772,0.5852349996566772,0.5852349996566772,1
68,calf_l,0.5849066376686096,0.5849066376686096,0.5849066376686096,1
75,foot_l,0.5831874012947083,0.5831874012947083,0.5831874012947083,1
53,lowerarm_r,0.5821802020072937,0.5821802020072937,0.5821802020072937,1
53,ball_l,0.5799670219421387,0.5799670219421387,0.5799670219421387,1
73,lowerarm_l,0.578565239906311,0.578565239906311,0.578565239906311,1
18,lowerarm_r,0.5785372257232666,0.5785372257232666,0.5785372257232666,1
23,RUpArmTwist_l_02,0.5774573683738708,0.5774573683738708,0.5774573683738708,1
14,LCalfTwist_03,0.5771573781967163,0.5771573781967163,0.5771573781967163,1
62,lowerarm_r,0.5764303207397461,0.5764303207397461,0.5764303207397461,1
69,foot_r,0.5756664872169495,0.5756664872169495,0.5756664872169495,1
61,calf_l,0.5715137124061584,0.5715137124061584,0.5715137124061584,1
66,ball_l,0.5708637237548828,0.5708637237548828,0.5708637237548828,1
0,spine_02,0.5687485933303833,0.5687485933303833,0.5687485933303833,1
52,upperarm_l,0.5672762989997864,0.5672762989997864,0.5672762989997864,1
83,hand_r,0.5671614408493042,0.5671614408493042,0.5671614408493042,1
61,RUpArmTwist_l_01,0.5669972896575928,0.5669972896575928,0.5669972896575928,1
64,upperarm_r,0.5669472813606262,0.5669472813606262,0.5669472813606262,1
35,foot_r,0.5636318325996399,0.5636318325996399,0.5636318325996399,1
0,ball_l,0.563284158706665,0.563284158706665,0.563284158706665,1
60,thigh_r,0.5626888871192932,0.5626888871192932,0.5626888871192932,1
41,foot_r,0.561735212802887,0.561735212802887,0.561735212802887,1
22,RUpArmTwist_l_02,0.5603638291358948,0.5603638291358948,0.5603638291358948,1
23,hand_r,0.5601155757904053,0.5601155757904053,0.5601155757904053,1
70,thigh_r,0.5599446892738342,0.5599446892738342,0.5599446892738342,1
70,upperarm_r,0.5580539703369141,0.5580539703369141,0.5580539703369141,1
11,upperarm_r,0.5554169416427612,0.5554169416427612,0.5554169416427612,1
64,thigh_r,0.5552414655685425,0.5552414655685425,0.5552414655685425,1
80,thigh_r,0.5544258952140808,0.5544258952140808,0.5544258952140808,1
27,upperarm_l,0.553216814994812,0.553216814994812,0.553216814994812,1
0,foot_r,0.553189218044281,0.553189218044281,0.553189218044281,1
19,upperarm_l,0.5527493357658386,0.5527493357658386,0.5527493357658386,1
61,upperarm_r,0.5519591569900513,0.5519591569900513,0.5519591569900513,1
85,thigh_l,0.551854133605957,0.551854133605957,0.551854133605957,1
37,thigh_r,0.5510502457618713,0.5510502457618713,0.5510502457618713,1
64,upperarm_l,0.5491933822631836,0.5491933822631836,0.5491933822631836,1
21,upperarm_r,0.5484686493873596,0.5484686493873596,0.5484686493873596,1
76,lowerarm_l,0.547217607498169,0.547217607498169,0.547217607498169,1
83,lowerarm_l,0.5460621118545532,0.5460621118545532,0.5460621118545532,1
60,thigh_l,0.5458622574806213,0.5458622574806213,0.5458622574806213,1
15,calf_l,0.5453294515609741,0.5453294515609741,0.5453294515609741,1
30,upperarm_l,0.5447449684143066,0.5447449684143066,0.5447449684143066,1
17,ball_l,0.5432509183883667,0.5432509183883667,0.5432509183883667,1
77,hand_r,0.54229736328125,0.54229736328125,0.54229736328125,1
64,hand_r,0.5420371890068054,0.5420371890068054,0.5420371890068054,1
70,foot_l,0.5417935252189636,0.5417935252189636,0.5417935252189636,1
82,foot_r,0.5408254265785217,0.5408254265785217,0.5408254265785217,1
2,hand_l,0.5401676893234253,0.5401676893234253,0.5401676893234253,1
25,RUpArmTwist_l_02,0.5398920178413391,0.5398920178413391,0.5398920178413391,1
26,ball_l,0.5388882756233215,0.5388882756233215,0.5388882756233215,1
73,hand_r,0.5385421514511108,0.5385421514511108,0.5385421514511108,1
75,upperarm_r,0.5384485721588135,0.5384485721588135,0.5384485721588135,1
43,foot_r,0.5353272557258606,0.5353272557258606,0.5353272557258606,1
78,thigh_r,0.5337582230567932,0.5337582230567932,0.5337582230567932,1
85,ball_r,0.5329713821411133,0.5329713821411133,0.5329713821411133,1
48,lowerarm_l,0.5328541994094849,0.5328541994094849,0.5328541994094849,1
66,foot_l,0.5328176021575928,0.5328176021575928,0.5328176021575928,1
14,spine_02,0.532715916633606,0.532715916633606,0.532715916633606,1
22,upperarm_l,0.5326051115989685,0.5326051115989685,0.5326051115989685,1
64,foot_l,0.5325320363044739,0.5325320363044739,0.5325320363044739,1
40,foot_r,0.5315333604812622,0.5315333604812622,0.5315333604812622,1
17,upperarm_l,0.5311011075973511,0.5311011075973511,0.5311011075973511,1
13,RUpArmTwist_l_02,0.5302988290786743,0.5302988290786743,0.5302988290786743,1
38,ball_l,0.529765784740448,0.529765784740448,0.529765784740448,1
40,hand_r,0.5285441279411316,0.5285441279411316,0.5285441279411316,1
50,foot_l,0.5282612442970276,0.5282612442970276,0.5282612442970276,1
75,ball_r,0.5270909070968628,0.5270909070968628,0.5270909070968628,1
6,calf_r,0.5268054604530334,0.5268054604530334,0.5268054604530334,1
5,hand_l,0.5251266360282898,0.5251266360282898,0.5251266360282898,1
75,hand_r,0.5245220065116882,0.5245220065116882,0.5245220065116882,1
51,upperarm_l,0.5242042541503906,0.5242042541503906,0.5242042541503906,1
8,foot_r,0.5238819122314453,0.5238819122314453,0.5238819122314453,1
10,upperarm_r,0.5230411291122437,0.5230411291122437,0.5230411291122437,1
41,ball_r,0.5224208831787109,0.5224208831787109,0.5224208831787109,1
53,hand_r,0.5221608877182007,0.5221608877182007,0.5221608877182007,1
82,thigh_r,0.521915853023529,0.521915853023529,0.521915853023529,1
80,thigh_l,0.5205865502357483,0.5205865502357483,0.5205865502357483,1
67,hand_r,0.5205721259117126,0.5205721259117126,0.5205721259117126,1
70,lowerarm_l,0.5204985737800598,0.5204985737800598,0.5204985737800598,1
34,ball_r,0.5199514627456665,0.5199514627456665,0.5199514627456665,1
14,RUpArmTwist_l_02,0.5194433331489563,0.5194433331489563,0.5194433331489563,1
14,lowerarm_l,0.5187724232673645,0.5187724232673645,0.5187724232673645,1
72,RUpArmTwist_l_01,0.5187059044837952,0.5187059044837952,0.5187059044837952,1
54,calf_r,0.5182019472122192,0.5182019472122192,0.5182019472122192,1
21,calf_r,0.5169373154640198,0.5169373154640198,0.5169373154640198,1
74,lowerarm_r,0.5167942643165588,0.5167942643165588,0.5167942643165588,1
0,foot_l,0.5149693489074707,0.5149693489074707,0.5149693489074707,1
69,upperarm_r,0.5135512948036194,0.5135512948036194,0.5135512948036194,1
32,thigh_r,0.5131462812423706,0.5131462812423706,0.5131462812423706,1
63,thigh_l,0.5130079984664917,0.5130079984664917,0.5130079984664917,1
59,spine_02,0.5127168297767639,0.5127168297767639,0.5127168297767639,1
7,thigh_r,0.5125998258590698,0.5125998258590698,0.5125998258590698,1
9,thigh_l,0.5123775601387024,0.5123775601387024,0.5123775601387024,1
20,thigh_r,0.5118398666381836,0.5118398666381836,0.5118398666381836,1
39,ring_01_r,0.5114655494689941,0.5114655494689941,0.5114655494689941,1
39,thigh_l,0.5114182233810425,0.5114182233810425,0.5114182233810425,1
21,ring_01_r,0.5108868479728699,0.5108868479728699,0.5108868479728699,1
59,thigh_l,0.5104413628578186,0.5104413628578186,0.5104413628578186,1
56,foot_l,0.5099828839302063,0.5099828839302063,0.5099828839302063,1
55,RUpArmTwist_r_01,0.5091345906257629,0.5091345906257629,0.5091345906257629,1
64,calf_l,0.5084713101387024,0.5084713101387024,0.5084713101387024,1
76,hand_r,0.5084674954414368,0.5084674954414368,0.5084674954414368,1
85,foot_l,0.5081713795661926,0.5081713795661926,0.5081713795661926,1
6,thigh_r,0.5079412460327148,0.5079412460327148,0.5079412460327148,1
13,LCalfTwist_01,0.5076147317886353,0.5076147317886353,0.5076147317886353,1
45,thigh_r,0.5074848532676697,0.5074848532676697,0.5074848532676697,1
19,lowerarm_l,0.5073935389518738,0.5073935389518738,0.5073935389518738,1
19,RUpArmTwist_r_01,0.5066763162612915,0.5066763162612915,0.5066763162612915,1
71,thigh_l,0.5065392851829529,0.5065392851829529,0.5065392851829529,1
30,thigh_r,0.5063549280166626,0.5063549280166626,0.5063549280166626,1
55,upperarm_r,0.5057804584503174,0.5057804584503174,0.5057804584503174,1
61,ball_l,0.5057365894317627,0.5057365894317627,0.5057365894317627,1
64,ball_l,0.5052104592323303,0.5052104592323303,0.5052104592323303,1
16,ring_01_r,0.5050913095474243,0.5050913095474243,0.5050913095474243,1
85,lowerarm_l,0.5045911073684692,0.5045911073684692,0.5045911073684692,1
60,ring_01_l,0.5044600963592529,0.5044600963592529,0.5044600963592529,1
42,calf_l,0.5041506290435791,0.5041506290435791,0.5041506290435791,1
84,ball_l,0.5041118860244751,0.5041118860244751,0.5041118860244751,1
54,foot_l,0.5031815767288208,0.5031815767288208,0.5031815767288208,1
40,upperarm_r,0.5026827454566956,0.5026827454566956,0.5026827454566956,1
21,hand_r,0.5013484358787537,0.5013484358787537,0.5013484358787537,1
85,upperarm_r,0.5007743239402771,0.5007743239402771,0.5007743239402771,1
2,thigh_r,0.5007045269012451,0.5007045269012451,0.5007045269012451,1
32,hand_r,0.5002148747444153,0.5002148747444153,0.5002148747444153,1
18,ring_01_r,0.5000731348991394,0.5000731348991394,0.5000731348991394,1
56,RUpArmTwist_r_01,0.4992854595184326,0.4992854595184326,0.4992854595184326,1
33,ball_r,0.49908363819122314,0.49908363819122314,0.49908363819122314,1
48,calf_r,0.4988778829574585,0.4988778829574585,0.4988778829574585,1
22,ring_01_r,0.49871134757995605,0.49871134757995605,0.49871134757995605,1
20,foot_r,0.4983813464641571,0.4983813464641571,0.4983813464641571,1
25,hand_r,0.4983173608779907,0.4983173608779907,0.4983173608779907,1
41,hand_r,0.49811071157455444,0.49811071157455444,0.49811071157455444,1
8,RUpArmTwist_l_02,0.49748557806015015,0.49748557806015015,0.49748557806015015,1
81,foot_l,0.49720966815948486,0.49720966815948486,0.49720966815948486,1
14,RUpArmTwist_r_01,0.4970780611038208,0.4970780611038208,0.4970780611038208,1
68,thigh_r,0.49650394916534424,0.49650394916534424,0.49650394916534424,1
84,thigh_r,0.4961780309677124,0.4961780309677124,0.4961780309677124,1
37,RUpArmTwist_l_01,0.4943062365055084,0.4943062365055084,0.4943062365055084,1
52,upperarm_r,0.4937419593334198,0.4937419593334198,0.4937419593334198,1
14,ring_01_r,0.4935818016529083,0.4935818016529083,0.4935818016529083,1
49,thigh_r,0.49322596192359924,0.49322596192359924,0.49322596192359924,1
75,thigh_l,0.4905124306678772,0.4905124306678772,0.4905124306678772,1
80,foot_l,0.4904208779335022,0.4904208779335022,0.4904208779335022,1
24,hand_l,0.48986849188804626,0.48986849188804626,0.48986849188804626,1
1,hand_r,0.4897922873497009,0.4897922873497009,0.4897922873497009,1
30,ring_01_r,0.4895884394645691,0.4895884394645691,0.4895884394645691,1
15,ring_01_r,0.48903316259384155,0.48903316259384155,0.48903316259384155,1
72,hand_r,0.4882417321205139,0.4882417321205139,0.4882417321205139,1
80,foot_r,0.4881153702735901,0.4881153702735901,0.4881153702735901,1
76,foot_r,0.4880034029483795,0.4880034029483795,0.4880034029483795,1
49,hand_r,0.4873908460140228,0.4873908460140228,0.4873908460140228,1
51,thigh_l,0.4872318208217621,0.4872318208217621,0.4872318208217621,1
16,lowerarm_l,0.48719578981399536,0.48719578981399536,0.48719578981399536,1
67,upperarm_l,0.4870014190673828,0.4870014190673828,0.4870014190673828,1
37,LCalfTwist_01,0.48595815896987915,0.48595815896987915,0.48595815896987915,1
60,hand_r,0.48556557297706604,0.48556557297706604,0.48556557297706604,1
65,foot_l,0.4833349287509918,0.4833349287509918,0.4833349287509918,1
28,foot_l,0.4819698631763458,0.4819698631763458,0.4819698631763458,1
42,hand_r,0.4813989996910095,0.4813989996910095,0.4813989996910095,1
74,hand_r,0.480986624956131,0.480986624956131,0.480986624956131,1
67,foot_r,0.48087403178215027,0.48087403178215027,0.48087403178215027,1
11,thigh_l,0.4799354076385498,0.4799354076385498,0.4799354076385498,1
79,hand_r,0.479608416557312,0.479608416557312,0.479608416557312,1
13,ring_01_r,0.47914615273475647,0.47914615273475647,0.47914615273475647,1
85,upperarm_l,0.47810667753219604,0.47810667753219604,0.47810667753219604,1
54,hand_l,0.4769885540008545,0.4769885540008545,0.4769885540008545,1
2,upperarm_r,0.4768182337284088,0.4768182337284088,0.4768182337284088,1
10,ring_01_r,0.47674277424812317,0.47674277424812317,0.47674277424812317,1
48,thigh_l,0.4759890139102936,0.4759890139102936,0.4759890139102936,1
55,hand_r,0.4754176139831543,0.4754176139831543,0.4754176139831543,1
10,spine_02,0.47507813572883606,0.47507813572883606,0.47507813572883606,1
1,ball_r,0.4747854471206665,0.4747854471206665,0.4747854471206665,1
7,calf_r,0.47417521476745605,0.47417521476745605,0.47417521476745605,1
48,ball_l,0.4741290509700775,0.4741290509700775,0.4741290509700775,1
5,calf_l,0.4738196134567261,0.4738196134567261,0.4738196134567261,1
10,hand_r,0.4738137423992157,0.4738137423992157,0.4738137423992157,1
7,calf_l,0.47377511858940125,0.47377511858940125,0.47377511858940125,1
2,RUpArmTwist_l_01,0.4730793535709381,0.4730793535709381,0.4730793535709381,1
68,upperarm_l,0.4729878902435303,0.4729878902435303,0.4729878902435303,1
64,lowerarm_r,0.47112324833869934,0.47112324833869934,0.47112324833869934,1
37,RUpArmTwist_l_02,0.47005921602249146,0.47005921602249146,0.47005921602249146,1
38,ball_r,0.4699001610279083,0.4699001610279083,0.4699001610279083,1
14,LCalfTwist_02,0.46886980533599854,0.46886980533599854,0.46886980533599854,1
34,LCalfTwist_01,0.46835461258888245,0.46835461258888245,0.46835461258888245,1
39,middle_01_l,0.4681556820869446,0.4681556820869446,0.4681556820869446,1
73,foot_l,0.467801034450531,0.467801034450531,0.467801034450531,1
41,ring_01_r,0.4671456217765808,0.4671456217765808,0.4671456217765808,1
76,calf_r,0.4668979048728943,0.4668979048728943,0.4668979048728943,1
11,hand_r,0.4667397141456604,0.4667397141456604,0.4667397141456604,1
54,thigh_r,0.46664631366729736,0.46664631366729736,0.46664631366729736,1
83,thigh_l,0.4664883315563202,0.4664883315563202,0.4664883315563202,1
5,hand_r,0.46629658341407776,0.46629658341407776,0.46629658341407776,1
76,hand_l,0.46625351905822754,0.46625351905822754,0.46625351905822754,1
26,RUpArmTwist_l_02,0.466243177652359,0.466243177652359,0.466243177652359,1
1,foot_r,0.46615710854530334,0.46615710854530334,0.46615710854530334,1
56,ring_01_r,0.46584537625312805,0.46584537625312805,0.46584537625312805,1
46,foot_l,0.46564915776252747,0.46564915776252747,0.46564915776252747,1
75,upperarm_l,0.46558326482772827,0.46558326482772827,0.46558326482772827,1
62,hand_r,0.46553704142570496,0.46553704142570496,0.46553704142570496,1
54,lowerarm_r,0.46540355682373047,0.46540355682373047,0.46540355682373047,1
6,neck_01,0.46535515785217285,0.46535515785217285,0.46535515785217285,1
5,upperarm_r,0.46430453658103943,0.46430453658103943,0.46430453658103943,1
81,upperarm_l,0.4641985595226288,0.4641985595226288,0.4641985595226288,1
69,calf_l,0.46355140209198,0.46355140209198,0.46355140209198,1
76,foot_l,0.46345987915992737,0.46345987915992737,0.46345987915992737,1
2,foot_l,0.46304771304130554,0.46304771304130554,0.46304771304130554,1
59,ball_r,0.46276891231536865,0.46276891231536865,0.46276891231536865,1
79,calf_l,0.4620839059352875,0.4620839059352875,0.4620839059352875,1
11,ring_01_r,0.4619377553462982,0.4619377553462982,0.4619377553462982,1
13,hand_l,0.46146321296691895,0.46146321296691895,0.46146321296691895,1
12,foot_l,0.4612652659416199,0.4612652659416199,0.4612652659416199,1
54,hand_r,0.46120399236679077,0.46120399236679077,0.46120399236679077,1
38,hand_r,0.4608718156814575,0.4608718156814575,0.4608718156814575,1
29,hand_r,0.46066996455192566,0.46066996455192566,0.46066996455192566,1
43,calf_l,0.4604756832122803,0.4604756832122803,0.4604756832122803,1
26,clavicle_l,0.4602331519126892,0.4602331519126892,0.4602331519126892,1
37,foot_r,0.45933327078819275,0.45933327078819275,0.45933327078819275,1
77,foot_l,0.45904457569122314,0.45904457569122314,0.45904457569122314,1
12,thumb_01_r,0.4579126536846161,0.4579126536846161,0.4579126536846161,1
36,LCalfTwist_01,0.4573018252849579,0.4573018252849579,0.4573018252849579,1
3,hand_r,0.45603498816490173,0.45603498816490173,0.45603498816490173,1
82,upperarm_r,0.45356830954551697,0.45356830954551697,0.45356830954551697,1
32,ring_01_r,0.4534817636013031,0.4534817636013031,0.4534817636013031,1
23,ring_01_r,0.45269501209259033,0.45269501209259033,0.45269501209259033,1
65,RUpArmTwist_l_01,0.45261338353157043,0.45261338353157043,0.45261338353157043,1
34,RUpArmTwist_l_01,0.4525213837623596,0.4525213837623596,0.4525213837623596,1
18,thigh_r,0.4521636366844177,0.4521636366844177,0.4521636366844177,1
2,ring_01_l,0.45059990882873535,0.45059990882873535,0.45059990882873535,1
52,thigh_r,0.45035508275032043,0.45035508275032043,0.45035508275032043,1
0,hand_r,0.449940949678421,0.449940949678421,0.449940949678421,1
12,calf_l,0.4497843384742737,0.4497843384742737,0.4497843384742737,1
21,thigh_r,0.4496992230415344,0.4496992230415344,0.4496992230415344,1
39,calf_r,0.4496304988861084,0.4496304988861084,0.4496304988861084,1
85,lowerarm_r,0.44904208183288574,0.44904208183288574,0.44904208183288574,1
28,ring_01_r,0.4490358531475067,0.4490358531475067,0.4490358531475067,1
74,foot_l,0.4483209252357483,0.4483209252357483,0.4483209252357483,1
37,ball_r,0.4482434391975403,0.4482434391975403,0.4482434391975403,1
49,ball_r,0.44798779487609863,0.44798779487609863,0.44798779487609863,1
22,thigh_r,0.447846919298172,0.447846919298172,0.447846919298172,1
78,foot_r,0.446931928396225,0.446931928396225,0.446931928396225,1
4,calf_l,0.4461933672428131,0.4461933672428131,0.4461933672428131,1
11,middle_01_l,0.4450398087501526,0.4450398087501526,0.4450398087501526,1
10,lowerarm_l,0.4449910819530487,0.4449910819530487,0.4449910819530487,1
59,calf_l,0.4449908137321472,0.4449908137321472,0.4449908137321472,1
72,upperarm_r,0.44496703147888184,0.44496703147888184,0.44496703147888184,1
40,ring_01_l,0.4444916844367981,0.4444916844367981,0.4444916844367981,1
40,ring_01_r,0.44422537088394165,0.44422537088394165,0.44422537088394165,1
59,upperarm_r,0.4439601004123688,0.4439601004123688,0.4439601004123688,1
20,lowerarm_l,0.44384127855300903,0.44384127855300903,0.44384127855300903,1
12,ring_01_r,0.44371742010116577,0.44371742010116577,0.44371742010116577,1
9,lowerarm_l,0.4435763955116272,0.4435763955116272,0.4435763955116272,1
4,lowerarm_l,0.44343873858451843,0.44343873858451843,0.44343873858451843,1
83,thigh_r,0.4433528482913971,0.4433528482913971,0.4433528482913971,1
9,ring_01_r,0.442990243434906,0.442990243434906,0.442990243434906,1
42,calf_r,0.4429687559604645,0.4429687559604645,0.4429687559604645,1
4,ring_01_l,0.4429582953453064,0.4429582953453064,0.4429582953453064,1
23,calf_l,0.4428502023220062,0.4428502023220062,0.4428502023220062,1
1,upperarm_r,0.442779004573822,0.442779004573822,0.442779004573822,1
2,neck_01,0.442537397146225,0.442537397146225,0.442537397146225,1
81,hand_l,0.44199952483177185,0.44199952483177185,0.44199952483177185,1
31,ball_r,0.4418991208076477,0.4418991208076477,0.4418991208076477,1
40,RUpArmTwist_l_02,0.44155892729759216,0.44155892729759216,0.44155892729759216,1
73,upperarm_l,0.4406585991382599,0.4406585991382599,0.4406585991382599,1
30,head,0.4397156238555908,0.4397156238555908,0.4397156238555908,1
4,thigh_l,0.4397132098674774,0.4397132098674774,0.4397132098674774,1
85,thigh_r,0.4396839141845703,0.4396839141845703,0.4396839141845703,1
78,hand_r,0.43909111618995667,0.43909111618995667,0.43909111618995667,1
0,ball_r,0.4389721751213074,0.4389721751213074,0.4389721751213074,1
76,spine_01,0.4383297860622406,0.4383297860622406,0.4383297860622406,1
72,thigh_l,0.4381260871887207,0.4381260871887207,0.4381260871887207,1
45,lowerarm_l,0.4379620850086212,0.4379620850086212,0.4379620850086212,1
76,lowerarm_r,0.43779921531677246,0.43779921531677246,0.43779921531677246,1
38,ring_01_r,0.4376523196697235,0.4376523196697235,0.4376523196697235,1
69,thigh_r,0.4374855160713196,0.4374855160713196,0.4374855160713196,1
20,upperarm_r,0.43671974539756775,0.43671974539756775,0.43671974539756775,1
57,ring_01_r,0.43626049160957336,0.43626049160957336,0.43626049160957336,1
24,ring_01_l,0.4355820417404175,0.4355820417404175,0.4355820417404175,1
74,upperarm_r,0.4355761706829071,0.4355761706829071,0.4355761706829071,1
21,lowerarm_l,0.43533360958099365,0.43533360958099365,0.43533360958099365,1
1,calf_r,0.4351404011249542,0.4351404011249542,0.4351404011249542,1
55,ring_01_r,0.4336179196834564,0.4336179196834564,0.4336179196834564,1
78,ring_01_l,0.4333936274051666,0.4333936274051666,0.4333936274051666,1
7,lowerarm_l,0.433388888835907,0.433388888835907,0.433388888835907,1
56,hand_r,0.4330091178417206,0.4330091178417206,0.4330091178417206,1
19,ring_01_r,0.4329885244369507,0.4329885244369507,0.4329885244369507,1
33,foot_r,0.43291208148002625,0.43291208148002625,0.43291208148002625,1
28,upperarm_l,0.43284863233566284,0.43284863233566284,0.43284863233566284,1
52,RCalfTwist_02,0.43195876479148865,0.43195876479148865,0.43195876479148865,1
78,calf_l,0.43168023228645325,0.43168023228645325,0.43168023228645325,1
84,spine_01,0.4315981864929199,0.4315981864929199,0.4315981864929199,1
84,hand_r,0.4313897490501404,0.4313897490501404,0.4313897490501404,1
20,ring_01_r,0.4303126037120819,0.4303126037120819,0.4303126037120819,1
17,calf_r,0.4301474988460541,0.4301474988460541,0.4301474988460541,1
70,thigh_l,0.42947471141815186,0.42947471141815186,0.42947471141815186,1
72,RUpArmTwist_l_02,0.42904961109161377,0.42904961109161377,0.42904961109161377,1
33,ring_01_r,0.4289856255054474,0.4289856255054474,0.4289856255054474,1
74,spine_01,0.4285019338130951,0.4285019338130951,0.4285019338130951,1
9,calf_l,0.42822909355163574,0.42822909355163574,0.42822909355163574,1
51,calf_l,0.427757203578949,0.427757203578949,0.427757203578949,1
19,RUpArmTwist_l_01,0.42728176712989807,0.42728176712989807,0.42728176712989807,1
56,calf_r,0.42726877331733704,0.42726877331733704,0.42726877331733704,1
67,spine_02,0.4272323548793793,0.4272323548793793,0.4272323548793793,1
29,upperarm_l,0.4270079433917999,0.4270079433917999,0.4270079433917999,1
40,spine_01,0.4270073175430298,0.4270073175430298,0.4270073175430298,1
66,hand_r,0.42660337686538696,0.42660337686538696,0.42660337686538696,1
30,thigh_l,0.4264529347419739,0.4264529347419739,0.4264529347419739,1
82,RUpArmTwist_l_02,0.4261960983276367,0.4261960983276367,0.4261960983276367,1
29,ring_01_r,0.4256594181060791,0.4256594181060791,0.4256594181060791,1
41,calf_l,0.42541342973709106,0.42541342973709106,0.42541342973709106,1
67,thigh_r,0.4250895380973816,0.4250895380973816,0.4250895380973816,1
23,upperarm_r,0.424834281206131,0.424834281206131,0.424834281206131,1
14,middle_01_r,0.42420417070388794,0.42420417070388794,0.42420417070388794,1
35,ring_01_r,0.42415666580200195,0.42415666580200195,0.42415666580200195,1
66,lowerarm_l,0.42406412959098816,0.42406412959098816,0.42406412959098816,1
12,upperarm_r,0.4240598976612091,0.4240598976612091,0.4240598976612091,1
18,LCalfTwist_01,0.42304739356040955,0.42304739356040955,0.42304739356040955,1
7,lowerarm_r,0.4229307472705841,0.4229307472705841,0.4229307472705841,1
22,spine_01,0.4223359227180481,0.4223359227180481,0.4223359227180481,1
60,lowerarm_l,0.4222666919231415,0.4222666919231415,0.4222666919231415,1
10,thigh_l,0.4219559133052826,0.4219559133052826,0.4219559133052826,1
3,calf_r,0.42194482684135437,0.42194482684135437,0.42194482684135437,1
2,ball_l,0.42173314094543457,0.42173314094543457,0.42173314094543457,1
79,ring_01_l,0.421146035194397,0.421146035194397,0.421146035194397,1
73,foot_r,0.42051154375076294,0.42051154375076294,0.42051154375076294,1
73,RUpArmTwist_l_01,0.4192003011703491,0.4192003011703491,0.4192003011703491,1
62,upperarm_r,0.4190469980239868,0.4190469980239868,0.4190469980239868,1
6,hand_r,0.4190039038658142,0.4190039038658142,0.4190039038658142,1
17,RUpArmTwist_l_01,0.4187481701374054,0.4187481701374054,0.4187481701374054,1
24,ring_01_r,0.4186724126338959,0.4186724126338959,0.4186724126338959,1
53,spine_02,0.4186406433582306,0.4186406433582306,0.4186406433582306,1
82,thigh_l,0.4185616672039032,0.4185616672039032,0.4185616672039032,1
28,hand_r,0.41841351985931396,0.41841351985931396,0.41841351985931396,1
79,foot_l,0.41750913858413696,0.41750913858413696,0.41750913858413696,1
46,ring_01_l,0.41749435663223267,0.41749435663223267,0.41749435663223267,1
73,head,0.41747865080833435,0.41747865080833435,0.41747865080833435,1
5,upperarm_l,0.41738027334213257,0.41738027334213257,0.41738027334213257,1
10,ball_l,0.41718682646751404,0.41718682646751404,0.41718682646751404,1
83,upperarm_r,0.4170544147491455,0.4170544147491455,0.4170544147491455,1
65,ring_01_l,0.41687870025634766,0.41687870025634766,0.41687870025634766,1
1,ring_01_l,0.416638046503067,0.416638046503067,0.416638046503067,1
77,lowerarm_r,0.4165203869342804,0.4165203869342804,0.4165203869342804,1
54,spine_02,0.4160102903842926,0.4160102903842926,0.4160102903842926,1
48,upperarm_l,0.4158584773540497,0.4158584773540497,0.4158584773540497,1
53,head,0.41555535793304443,0.41555535793304443,0.41555535793304443,1
53,calf_r,0.41525548696517944,0.41525548696517944,0.41525548696517944,1
58,ring_01_r,0.41486743092536926,0.41486743092536926,0.41486743092536926,1
57,hand_r,0.41417548060417175,0.41417548060417175,0.41417548060417175,1
81,hand_r,0.4140542149543762,0.4140542149543762,0.4140542149543762,1
75,thigh_r,0.41390541195869446,0.41390541195869446,0.41390541195869446,1
75,ring_01_r,0.4136577844619751,0.4136577844619751,0.4136577844619751,1
7,hand_r,0.41330572962760925,0.41330572962760925,0.41330572962760925,1
34,ring_01_r,0.413076788187027,0.413076788187027,0.413076788187027,1
16,hand_r,0.4128090441226959,0.4128090441226959,0.4128090441226959,1
85,calf_l,0.4125901162624359,0.4125901162624359,0.4125901162624359,1
1,lowerarm_r,0.4121757745742798,0.4121757745742798,0.4121757745742798,1
37,hand_r,0.4120643138885498,0.4120643138885498,0.4120643138885498,1
20,spine_02,0.4118947386741638,0.4118947386741638,0.4118947386741638,1
39,upperarm_r,0.41169434785842896,0.41169434785842896,0.41169434785842896,1
76,ball_l,0.41126203536987305,0.41126203536987305,0.41126203536987305,1
77,ring_01_r,0.4110345244407654,0.4110345244407654,0.4110345244407654,1
43,ring_01_l,0.41006574034690857,0.41006574034690857,0.41006574034690857,1
80,hand_r,0.40909239649772644,0.40909239649772644,0.40909239649772644,1
31,thigh_r,0.40902799367904663,0.40902799367904663,0.40902799367904663,1
17,lowerarm_l,0.40901249647140503,0.40901249647140503,0.40901249647140503,1
8,thigh_r,0.40901052951812744,0.40901052951812744,0.40901052951812744,1
34,upperarm_r,0.40861332416534424,0.40861332416534424,0.40861332416534424,1
76,ring_01_r,0.4085864722728729,0.4085864722728729,0.4085864722728729,1
71,hand_r,0.40837863087654114,0.40837863087654114,0.40837863087654114,1
73,RUpArmTwist_l_02,0.40836188197135925,0.40836188197135925,0.40836188197135925,1
59,hand_r,0.4082237482070923,0.4082237482070923,0.4082237482070923,1
83,spine_01,0.40741756558418274,0.40741756558418274,0.40741756558418274,1
8,hand_r,0.4073428809642792,0.4073428809642792,0.4073428809642792,1
47,ring_01_l,0.406755656003952,0.406755656003952,0.406755656003952,1
59,lowerarm_r,0.40656745433807373,0.40656745433807373,0.40656745433807373,1
35,head,0.40591177344322205,0.40591177344322205,0.40591177344322205,1
4,thigh_r,0.40579837560653687,0.40579837560653687,0.40579837560653687,1
55,spine_01,0.4057835042476654,0.4057835042476654,0.4057835042476654,1
14,LCalfTwist_01,0.40569838881492615,0.40569838881492615,0.40569838881492615,1
3,lowerarm_l,0.4052906334400177,0.4052906334400177,0.4052906334400177,1
13,calf_l,0.40527573227882385,0.40527573227882385,0.40527573227882385,1
63,upperarm_r,0.40521278977394104,0.40521278977394104,0.40521278977394104,1
47,ring_01_r,0.40502893924713135,0.40502893924713135,0.40502893924713135,1
1,thigh_r,0.4049607813358307,0.4049607813358307,0.4049607813358307,1
73,ring_01_r,0.4049326479434967,0.4049326479434967,0.4049326479434967,1
36,hand_r,0.4045393466949463,0.4045393466949463,0.4045393466949463,1
68,hand_r,0.40438777208328247,0.40438777208328247,0.40438777208328247,1
15,RUpArmTwist_l_01,0.4043858051300049,0.4043858051300049,0.4043858051300049,1
52,RUpArmTwist_l_02,0.4040897786617279,0.4040897786617279,0.4040897786617279,1
25,ring_01_r,0.403126984834671,0.403126984834671,0.403126984834671,1
33,thumb_01_r,0.40275081992149353,0.40275081992149353,0.40275081992149353,1
81,lowerarm_l,0.40269050002098083,0.40269050002098083,0.40269050002098083,1
4,ring_01_r,0.4026033580303192,0.4026033580303192,0.4026033580303192,1
76,ring_01_l,0.4024714231491089,0.4024714231491089,0.4024714231491089,1
79,thigh_r,0.4022100865840912,0.4022100865840912,0.4022100865840912,1
4,middle_01_r,0.40175187587738037,0.40175187587738037,0.40175187587738037,1
17,ring_01_r,0.4014890491962433,0.4014890491962433,0.4014890491962433,1
82,calf_r,0.4013806879520416,0.4013806879520416,0.4013806879520416,1
62,head,0.40090999007225037,0.40090999007225037,0.40090999007225037,1
15,upperarm_r,0.40090420842170715,0.40090420842170715,0.40090420842170715,1
26,ring_01_r,0.4008171558380127,0.4008171558380127,0.4008171558380127,1
1,lowerarm_l,0.40072202682495117,0.40072202682495117,0.40072202682495117,1
51,RCalfTwist_02,0.40038326382637024,0.40038326382637024,0.40038326382637024,1
55,thigh_l,0.4000992476940155,0.4000992476940155,0.4000992476940155,1
6,spine_02,0.39990487694740295,0.39990487694740295,0.39990487694740295,1
0,RUpArmTwist_r_01,0.3998604118824005,0.3998604118824005,0.3998604118824005,1
47,foot_l,0.39952391386032104,0.39952391386032104,0.39952391386032104,1
10,foot_r,0.39936578273773193,0.39936578273773193,0.39936578273773193,1
0,lowerarm_l,0.3988970220088959,0.3988970220088959,0.3988970220088959,1
25,thigh_r,0.397750586271286,0.397750586271286,0.397750586271286,1
59,ring_01_r,0.397737592458725,0.397737592458725,0.397737592458725,1
61,ring_01_r,0.3974185883998871,0.3974185883998871,0.3974185883998871,1
36,upperarm_l,0.39637213945388794,0.39637213945388794,0.39637213945388794,1
55,upperarm_l,0.3962150514125824,0.3962150514125824,0.3962150514125824,1
69,hand_r,0.3955073356628418,0.3955073356628418,0.3955073356628418,1
58,hand_r,0.3936833441257477,0.3936833441257477,0.3936833441257477,1
43,hand_r,0.39354807138442993,0.39354807138442993,0.39354807138442993,1
84,ball_r,0.39311501383781433,0.39311501383781433,0.39311501383781433,1
62,ball_r,0.3925170600414276,0.3925170600414276,0.3925170600414276,1
13,thigh_r,0.392385333776474,0.392385333776474,0.392385333776474,1
80,ring_01_l,0.3923637270927429,0.3923637270927429,0.3923637270927429,1
5,ring_01_r,0.3915662169456482,0.3915662169456482,0.3915662169456482,1
32,foot_r,0.3915320932865143,0.3915320932865143,0.3915320932865143,1
27,thigh_r,0.3911037743091583,0.3911037743091583,0.3911037743091583,1
14,ring_01_l,0.3909093141555786,0.3909093141555786,0.3909093141555786,1
84,ring_01_l,0.3906089663505554,0.3906089663505554,0.3906089663505554,1
76,calf_l,0.39043352007865906,0.39043352007865906,0.39043352007865906,1
16,thigh_r,0.390428364276886,0.390428364276886,0.390428364276886,1
34,ring_01_l,0.3904266357421875,0.3904266357421875,0.3904266357421875,1
50,foot_r,0.39031943678855896,0.39031943678855896,0.39031943678855896,1
83,lowerarm_r,0.3900015354156494,0.3900015354156494,0.3900015354156494,1
63,hand_r,0.38996487855911255,0.38996487855911255,0.38996487855911255,1
68,RUpArmTwist_r_01,0.38990214467048645,0.38990214467048645,0.38990214467048645,1
3,ring_01_l,0.38933083415031433,0.38933083415031433,0.38933083415031433,1
42,lowerarm_l,0.3882058262825012,0.3882058262825012,0.3882058262825012,1
66,ring_01_l,0.3881130516529083,0.3881130516529083,0.3881130516529083,1
70,RUpArmTwist_l_01,0.3881015181541443,0.3881015181541443,0.3881015181541443,1
77,foot_r,0.3871198296546936,0.3871198296546936,0.3871198296546936,1
70,RUpArmTwist_l_02,0.3868182301521301,0.3868182301521301,0.3868182301521301,1
13,middle_01_r,0.3866557478904724,0.3866557478904724,0.3866557478904724,1
65,RUpArmTwist_r_01,0.38645413517951965,0.38645413517951965,0.38645413517951965,1
9,ring_01_l,0.3864148259162903,0.3864148259162903,0.3864148259162903,1
15,thumb_01_r,0.3860905170440674,0.3860905170440674,0.3860905170440674,1
57,RUpArmTwist_r_01,0.38608354330062866,0.38608354330062866,0.38608354330062866,1
52,lowerarm_r,0.38592788577079773,0.38592788577079773,0.38592788577079773,1
52,ring_01_l,0.385922908782959,0.385922908782959,0.385922908782959,1
29,lowerarm_l,0.38537532091140747,0.38537532091140747,0.38537532091140747,1
56,spine_01,0.38532328605651855,0.38532328605651855,0.38532328605651855,1
61,RUpArmTwist_l_02,0.3852577209472656,0.3852577209472656,0.3852577209472656,1
44,ring_01_l,0.3851627707481384,0.3851627707481384,0.3851627707481384,1
46,middle_01_l,0.3851393163204193,0.3851393163204193,0.3851393163204193,1
46,calf_r,0.3851143419742584,0.3851143419742584,0.3851143419742584,1
45,ring_01_r,0.3849167823791504,0.3849167823791504,0.3849167823791504,1
60,foot_l,0.384780615568161,0.384780615568161,0.384780615568161,1
63,ring_01_l,0.38475722074508667,0.38475722074508667,0.38475722074508667,1
13,thigh_l,0.3846173882484436,0.3846173882484436,0.3846173882484436,1
37,calf_r,0.384577214717865,0.384577214717865,0.384577214717865,1
77,upperarm_l,0.3845556080341339,0.3845556080341339,0.3845556080341339,1
84,RUpArmTwist_l_02,0.3844793438911438,0.3844793438911438,0.3844793438911438,1
66,spine_02,0.384389191865921,0.384389191865921,0.384389191865921,1
52,middle_01_r,0.3842845857143402,0.3842845857143402,0.3842845857143402,1
28,foot_r,0.38428089022636414,0.38428089022636414,0.38428089022636414,1
6,upperarm_l,0.3842567503452301,0.3842567503452301,0.3842567503452301,1
63,calf_r,0.384063184261322,0.384063184261322,0.384063184261322,1
16,foot_r,0.38340291380882263,0.38340291380882263,0.38340291380882263,1
14,thumb_01_r,0.38177362084388733,0.38177362084388733,0.38177362084388733,1
45,middle_01_l,0.38147416710853577,0.38147416710853577,0.38147416710853577,1
25,lowerarm_r,0.3814234435558319,0.3814234435558319,0.3814234435558319,1
12,pinky_01_l,0.38138547539711,0.38138547539711,0.38138547539711,1
15,pinky_01_r,0.3811721205711365,0.3811721205711365,0.3811721205711365,1
42,thigh_r,0.3810043931007385,0.3810043931007385,0.3810043931007385,1
39,RUpArmTwist_l_02,0.38097116351127625,0.38097116351127625,0.38097116351127625,1
4,head,0.38089966773986816,0.38089966773986816,0.38089966773986816,1
48,lowerarm_r,0.38010555505752563,0.38010555505752563,0.38010555505752563,1
23,thigh_l,0.37997815012931824,0.37997815012931824,0.37997815012931824,1
54,upperarm_l,0.37977665662765503,0.37977665662765503,0.37977665662765503,1
58,upperarm_r,0.3795510530471802,0.3795510530471802,0.3795510530471802,1
12,hand_r,0.379387229681015,0.379387229681015,0.379387229681015,1
6,upperarm_r,0.37906432151794434,0.37906432151794434,0.37906432151794434,1
10,RUpArmTwist_l_02,0.3785393536090851,0.3785393536090851,0.3785393536090851,1
23,ring_01_l,0.37846139073371887,0.37846139073371887,0.37846139073371887,1
38,ring_01_l,0.3774518370628357,0.3774518370628357,0.3774518370628357,1
46,thigh_r,0.37739983201026917,0.37739983201026917,0.37739983201026917,1
27,ring_01_r,0.37686294317245483,0.37686294317245483,0.37686294317245483,1
60,lowerarm_r,0.37684503197669983,0.37684503197669983,0.37684503197669983,1
37,ring_01_r,0.37679195404052734,0.37679195404052734,0.37679195404052734,1
51,ring_01_l,0.3765852451324463,0.3765852451324463,0.3765852451324463,1
17,hand_r,0.3764323592185974,0.3764323592185974,0.3764323592185974,1
3,head,0.37604808807373047,0.37604808807373047,0.37604808807373047,1
42,thumb_01_r,0.37472036480903625,0.37472036480903625,0.37472036480903625,1
55,head,0.374374657869339,0.374374657869339,0.374374657869339,1
74,ring_01_r,0.37431949377059937,0.37431949377059937,0.37431949377059937,1
26,ring_01_l,0.37430328130722046,0.37430328130722046,0.37430328130722046,1
14,neck_01,0.37412720918655396,0.37412720918655396,0.37412720918655396,1
63,middle_01_r,0.3738916516304016,0.3738916516304016,0.3738916516304016,1
16,upperarm_r,0.37367916107177734,0.37367916107177734,0.37367916107177734,1
48,ring_01_l,0.3734656870365143,0.3734656870365143,0.3734656870365143,1
74,calf_l,0.37311697006225586,0.37311697006225586,0.37311697006225586,1
30,spine_02,0.3731009364128113,0.3731009364128113,0.3731009364128113,1
81,spine_02,0.37269872426986694,0.37269872426986694,0.37269872426986694,1
51,middle_01_r,0.3726014196872711,0.3726014196872711,0.3726014196872711,1
37,upperarm_r,0.37229764461517334,0.37229764461517334,0.37229764461517334,1
75,lowerarm_r,0.3722658157348633,0.3722658157348633,0.3722658157348633,1
33,RUpArmTwist_l_01,0.37219688296318054,0.37219688296318054,0.37219688296318054,1
31,ring_01_r,0.3721790909767151,0.3721790909767151,0.3721790909767151,1
10,ring_01_l,0.37217387557029724,0.37217387557029724,0.37217387557029724,1
50,hand_r,0.37208110094070435,0.37208110094070435,0.37208110094070435,1
82,head,0.3719983994960785,0.3719983994960785,0.3719983994960785,1
10,thigh_r,0.37163522839546204,0.37163522839546204,0.37163522839546204,1
0,calf_r,0.37129610776901245,0.37129610776901245,0.37129610776901245,1
31,upperarm_l,0.37113136053085327,0.37113136053085327,0.37113136053085327,1
71,RUpArmTwist_l_01,0.37098240852355957,0.37098240852355957,0.37098240852355957,1
70,hand_r,0.3706985116004944,0.3706985116004944,0.3706985116004944,1
0,pinky_01_l,0.3705955743789673,0.3705955743789673,0.3705955743789673,1
14,calf_r,0.3705675005912781,0.3705675005912781,0.3705675005912781,1
19,spine_02,0.3703261911869049,0.3703261911869049,0.3703261911869049,1
48,RUpArmTwist_l_02,0.36992955207824707,0.36992955207824707,0.36992955207824707,1
80,head,0.3693549931049347,0.3693549931049347,0.3693549931049347,1
24,middle_01_l,0.369279682636261,0.369279682636261,0.369279682636261,1
5,middle_01_l,0.36866772174835205,0.36866772174835205,0.36866772174835205,1
44,middle_01_l,0.3685760498046875,0.3685760498046875,0.3685760498046875,1
65,lowerarm_r,0.368272066116333,0.368272066116333,0.368272066116333,1
15,middle_01_r,0.36778587102890015,0.36778587102890015,0.36778587102890015,1
30,thumb_01_r,0.36769217252731323,0.36769217252731323,0.36769217252731323,1
52,hand_r,0.36725881695747375,0.36725881695747375,0.36725881695747375,1
21,spine_01,0.36716940999031067,0.36716940999031067,0.36716940999031067,1
42,ring_01_r,0.3670773208141327,0.3670773208141327,0.3670773208141327,1
25,calf_l,0.3670646548271179,0.3670646548271179,0.3670646548271179,1
81,upperarm_r,0.36702385544776917,0.36702385544776917,0.36702385544776917,1
54,ring_01_r,0.36688676476478577,0.36688676476478577,0.36688676476478577,1
37,ring_01_l,0.36684665083885193,0.36684665083885193,0.36684665083885193,1
81,ring_01_l,0.36678817868232727,0.36678817868232727,0.36678817868232727,1
28,thumb_01_r,0.3667246103286743,0.3667246103286743,0.3667246103286743,1
8,calf_l,0.36669275164604187,0.36669275164604187,0.36669275164604187,1
25,ring_01_l,0.36661237478256226,0.36661237478256226,0.36661237478256226,1
21,ring_01_l,0.3661355972290039,0.3661355972290039,0.3661355972290039,1
44,calf_r,0.3657057285308838,0.3657057285308838,0.3657057285308838,1
11,lowerarm_l,0.36527127027511597,0.36527127027511597,0.36527127027511597,1
36,hand_l,0.36520540714263916,0.36520540714263916,0.36520540714263916,1
8,ring_01_r,0.3650480806827545,0.3650480806827545,0.3650480806827545,1
46,ring_01_r,0.3649863004684448,0.3649863004684448,0.3649863004684448,1
2,head,0.36489591002464294,0.36489591002464294,0.36489591002464294,1
8,RUpArmTwist_l_01,0.36474817991256714,0.36474817991256714,0.36474817991256714,1
30,ball_r,0.3646698594093323,0.3646698594093323,0.3646698594093323,1
36,RUpArmTwist_l_02,0.36456507444381714,0.36456507444381714,0.36456507444381714,1
27,thumb_01_r,0.36447927355766296,0.36447927355766296,0.36447927355766296,1
73,middle_01_l,0.3641115725040436,0.3641115725040436,0.3641115725040436,1
44,ring_01_r,0.36384618282318115,0.36384618282318115,0.36384618282318115,1
55,lowerarm_l,0.3637228012084961,0.3637228012084961,0.3637228012084961,1
35,upperarm_l,0.36323782801628113,0.36323782801628113,0.36323782801628113,1
53,ring_01_l,0.3632248044013977,0.3632248044013977,0.3632248044013977,1
71,neck_01,0.3630129098892212,0.3630129098892212,0.3630129098892212,1
2,clavicle_l,0.3624632656574249,0.3624632656574249,0.3624632656574249,1
28,clavicle_l,0.3624272346496582,0.3624272346496582,0.3624272346496582,1
77,hand_l,0.36235150694847107,0.36235150694847107,0.36235150694847107,1
72,spine_02,0.36232373118400574,0.36232373118400574,0.36232373118400574,1
57,neck_01,0.3622538149356842,0.3622538149356842,0.3622538149356842,1
27,middle_01_r,0.36206817626953125,0.36206817626953125,0.36206817626953125,1
46,RUpArmTwist_l_02,0.36189189553260803,0.36189189553260803,0.36189189553260803,1
73,neck_01,0.36177876591682434,0.36177876591682434,0.36177876591682434,1
6,ring_01_r,0.3616361916065216,0.3616361916065216,0.3616361916065216,1
30,pinky_01_r,0.3614056408405304,0.3614056408405304,0.3614056408405304,1
64,ring_01_l,0.36080899834632874,0.36080899834632874,0.36080899834632874,1
27,upperarm_r,0.36008191108703613,0.36008191108703613,0.36008191108703613,1
45,upperarm_r,0.3599015176296234,0.3599015176296234,0.3599015176296234,1
34,thigh_l,0.3598978817462921,0.3598978817462921,0.3598978817462921,1
61,neck_01,0.35986343026161194,0.35986343026161194,0.35986343026161194,1
36,ring_01_r,0.35957327485084534,0.35957327485084534,0.35957327485084534,1
28,lowerarm_r,0.35951319336891174,0.35951319336891174,0.35951319336891174,1
3,ring_01_r,0.35937049984931946,0.35937049984931946,0.35937049984931946,1
7,thumb_01_r,0.3592556118965149,0.3592556118965149,0.3592556118965149,1
41,upperarm_l,0.35866278409957886,0.35866278409957886,0.35866278409957886,1
79,upperarm_l,0.35839322209358215,0.35839322209358215,0.35839322209358215,1
67,ring_01_l,0.35834604501724243,0.35834604501724243,0.35834604501724243,1
25,head,0.35832273960113525,0.35832273960113525,0.35832273960113525,1
15,upperarm_l,0.35795414447784424,0.35795414447784424,0.35795414447784424,1
53,RCalfTwist_02,0.3579513430595398,0.3579513430595398,0.3579513430595398,1
70,foot_r,0.3578871488571167,0.3578871488571167,0.3578871488571167,1
49,spine_02,0.35766974091529846,0.35766974091529846,0.35766974091529846,1
73,upperarm_r,0.35765179991722107,0.35765179991722107,0.35765179991722107,1
63,thumb_01_r,0.35736656188964844,0.35736656188964844,0.35736656188964844,1
17,hand_l,0.356973797082901,0.356973797082901,0.356973797082901,1
76,upperarm_r,0.3568515479564667,0.3568515479564667,0.3568515479564667,1
35,LCalfTwist_01,0.3565240204334259,0.3565240204334259,0.3565240204334259,1
39,lowerarm_l,0.35641419887542725,0.35641419887542725,0.35641419887542725,1
41,RUpArmTwist_r_02,0.35601234436035156,0.35601234436035156,0.35601234436035156,1
44,foot_r,0.35600391030311584,0.35600391030311584,0.35600391030311584,1
74,calf_r,0.35598134994506836,0.35598134994506836,0.35598134994506836,1
9,foot_r,0.3557388186454773,0.3557388186454773,0.3557388186454773,1
46,upperarm_l,0.3556938171386719,0.3556938171386719,0.3556938171386719,1
25,foot_r,0.355392724275589,0.355392724275589,0.355392724275589,1
60,ring_01_r,0.3550144135951996,0.3550144135951996,0.3550144135951996,1
44,hand_l,0.354985773563385,0.354985773563385,0.354985773563385,1
16,thumb_01_r,0.3549339175224304,0.3549339175224304,0.3549339175224304,1
60,head,0.3549022972583771,0.3549022972583771,0.3549022972583771,1
75,lowerarm_l,0.3548550009727478,0.3548550009727478,0.3548550009727478,1
68,spine_02,0.35441356897354126,0.35441356897354126,0.35441356897354126,1
10,LCalfTwist_01,0.3543902635574341,0.3543902635574341,0.3543902635574341,1
71,lowerarm_r,0.3541494607925415,0.3541494607925415,0.3541494607925415,1
42,ball_r,0.3539654016494751,0.3539654016494751,0.3539654016494751,1
81,head,0.3537282943725586,0.3537282943725586,0.3537282943725586,1
27,calf_r,0.35344672203063965,0.35344672203063965,0.35344672203063965,1
28,neck_01,0.3534201979637146,0.3534201979637146,0.3534201979637146,1
82,middle_01_l,0.35334691405296326,0.35334691405296326,0.35334691405296326,1
57,middle_01_l,0.35312384366989136,0.35312384366989136,0.35312384366989136,1
77,ring_01_l,0.35307297110557556,0.35307297110557556,0.35307297110557556,1
5,spine_02,0.3529852628707886,0.3529852628707886,0.3529852628707886,1
79,head,0.35266804695129395,0.35266804695129395,0.35266804695129395,1
11,spine_02,0.352429062128067,0.352429062128067,0.352429062128067,1
35,RUpArmTwist_l_01,0.35225075483322144,0.35225075483322144,0.35225075483322144,1
47,hand_r,0.3521420955657959,0.3521420955657959,0.3521420955657959,1
28,middle_01_l,0.3521324098110199,0.3521324098110199,0.3521324098110199,1
71,RUpArmTwist_l_02,0.3521120846271515,0.3521120846271515,0.3521120846271515,1
62,ring_01_l,0.3518853783607483,0.3518853783607483,0.3518853783607483,1
6,middle_01_l,0.35183483362197876,0.35183483362197876,0.35183483362197876,1
30,clavicle_r,0.35180267691612244,0.35180267691612244,0.35180267691612244,1
2,upperarm_l,0.35163775086402893,0.35163775086402893,0.35163775086402893,1
29,pinky_01_l,0.35155436396598816,0.35155436396598816,0.35155436396598816,1
14,pinky_01_r,0.3515239953994751,0.3515239953994751,0.3515239953994751,1
40,middle_01_l,0.35144737362861633,0.35144737362861633,0.35144737362861633,1
12,head,0.3513258099555969,0.3513258099555969,0.3513258099555969,1
70,neck_01,0.35130858421325684,0.35130858421325684,0.35130858421325684,1
74,spine_02,0.3507760465145111,0.3507760465145111,0.3507760465145111,1
38,lowerarm_l,0.35077375173568726,0.35077375173568726,0.35077375173568726,1
74,ring_01_l,0.3507623076438904,0.3507623076438904,0.3507623076438904,1
2,ring_01_r,0.3506675064563751,0.3506675064563751,0.3506675064563751,1
26,middle_01_l,0.35055258870124817,0.35055258870124817,0.35055258870124817,1
83,spine_02,0.3504222631454468,0.3504222631454468,0.3504222631454468,1
56,middle_01_l,0.3502863943576813,0.3502863943576813,0.3502863943576813,1
18,ball_l,0.35023781657218933,0.35023781657218933,0.35023781657218933,1
53,middle_01_r,0.34979015588760376,0.34979015588760376,0.34979015588760376,1
57,calf_l,0.3495182394981384,0.3495182394981384,0.3495182394981384,1
62,middle_01_l,0.34918779134750366,0.34918779134750366,0.34918779134750366,1
74,RUpArmTwist_r_01,0.3487760126590729,0.3487760126590729,0.3487760126590729,1
13,lowerarm_l,0.3486877381801605,0.3486877381801605,0.3486877381801605,1
17,thigh_r,0.3486151397228241,0.3486151397228241,0.3486151397228241,1
3,upperarm_l,0.34835270047187805,0.34835270047187805,0.34835270047187805,1
20,lowerarm_r,0.3480865955352783,0.3480865955352783,0.3480865955352783,1
78,ring_01_r,0.34764641523361206,0.34764641523361206,0.34764641523361206,1
32,ball_r,0.34734734892845154,0.34734734892845154,0.34734734892845154,1
7,head,0.3473176658153534,0.3473176658153534,0.3473176658153534,1
25,middle_01_l,0.3470854163169861,0.3470854163169861,0.3470854163169861,1
84,lowerarm_r,0.3470636010169983,0.3470636010169983,0.3470636010169983,1
16,head,0.3470233082771301,0.3470233082771301,0.3470233082771301,1
26,RUpArmTwist_r_01,0.3469502329826355,0.3469502329826355,0.3469502329826355,1
74,RUpArmTwist_l_02,0.3469119369983673,0.3469119369983673,0.3469119369983673,1
26,thumb_01_r,0.34686946868896484,0.34686946868896484,0.34686946868896484,1
52,RUpArmTwist_l_01,0.3466394543647766,0.3466394543647766,0.3466394543647766,1
16,ring_01_l,0.34661197662353516,0.34661197662353516,0.34661197662353516,1
26,foot_r,0.34661197662353516,0.34661197662353516,0.34661197662353516,1
12,index_01_r,0.34639468789100647,0.34639468789100647,0.34639468789100647,1
48,middle_01_l,0.34624388813972473,0.34624388813972473,0.34624388813972473,1
47,thigh_r,0.34600934386253357,0.34600934386253357,0.34600934386253357,1
58,middle_01_l,0.3455677032470703,0.3455677032470703,0.3455677032470703,1
11,thumb_01_r,0.3455241322517395,0.3455241322517395,0.3455241322517395,1
13,thumb_01_r,0.34550270438194275,0.34550270438194275,0.34550270438194275,1
62,RUpArmTwist_l_01,0.34544241428375244,0.34544241428375244,0.34544241428375244,1
12,middle_01_l,0.34533047676086426,0.34533047676086426,0.34533047676086426,1
58,calf_r,0.34533005952835083,0.34533005952835083,0.34533005952835083,1
58,neck_01,0.34530892968177795,0.34530892968177795,0.34530892968177795,1
27,clavicle_l,0.3452703654766083,0.3452703654766083,0.3452703654766083,1
22,ring_01_l,0.34479251503944397,0.34479251503944397,0.34479251503944397,1
44,upperarm_l,0.3447818458080292,0.3447818458080292,0.3447818458080292,1
17,ring_01_l,0.3447529077529907,0.3447529077529907,0.3447529077529907,1
65,middle_01_r,0.3446379601955414,0.3446379601955414,0.3446379601955414,1
47,thigh_l,0.34459760785102844,0.34459760785102844,0.34459760785102844,1
82,ring_01_l,0.3445931077003479,0.3445931077003479,0.3445931077003479,1
15,foot_r,0.3445453941822052,0.3445453941822052,0.3445453941822052,1
71,head,0.3442663252353668,0.3442663252353668,0.3442663252353668,1
84,thumb_01_l,0.34388595819473267,0.34388595819473267,0.34388595819473267,1
49,thigh_l,0.34386447072029114,0.34386447072029114,0.34386447072029114,1
16,ball_l,0.34378471970558167,0.34378471970558167,0.34378471970558167,1
63,head,0.3437182903289795,0.3437182903289795,0.3437182903289795,1
32,spine_02,0.3435024917125702,0.3435024917125702,0.3435024917125702,1
74,head,0.3433079421520233,0.3433079421520233,0.3433079421520233,1
75,middle_01_l,0.34326937794685364,0.34326937794685364,0.34326937794685364,1
25,clavicle_l,0.3432290554046631,0.3432290554046631,0.3432290554046631,1
27,ring_01_l,0.3430319130420685,0.3430319130420685,0.3430319130420685,1
16,foot_l,0.3429034352302551,0.3429034352302551,0.3429034352302551,1
4,calf_r,0.3428078293800354,0.3428078293800354,0.3428078293800354,1
23,foot_r,0.34279754757881165,0.34279754757881165,0.34279754757881165,1
72,neck_01,0.3427923619747162,0.3427923619747162,0.3427923619747162,1
85,ring_01_r,0.34277021884918213,0.34277021884918213,0.34277021884918213,1
56,RUpArmTwist_l_02,0.34273025393486023,0.34273025393486023,0.34273025393486023,1
36,ring_01_l,0.3426869213581085,0.3426869213581085,0.3426869213581085,1
15,ball_l,0.34259629249572754,0.34259629249572754,0.34259629249572754,1
25,thumb_01_r,0.3425081670284271,0.3425081670284271,0.3425081670284271,1
7,thigh_l,0.34244364500045776,0.34244364500045776,0.34244364500045776,1
30,calf_r,0.3424316644668579,0.3424316644668579,0.3424316644668579,1
44,middle_01_r,0.3424215018749237,0.3424215018749237,0.3424215018749237,1
67,middle_01_r,0.3424014449119568,0.3424014449119568,0.3424014449119568,1
59,middle_01_l,0.3422743082046509,0.3422743082046509,0.3422743082046509,1
70,ring_01_l,0.3421074450016022,0.3421074450016022,0.3421074450016022,1
56,ball_r,0.3421034514904022,0.3421034514904022,0.3421034514904022,1
61,middle_01_l,0.342024564743042,0.342024564743042,0.342024564743042,1
40,upperarm_l,0.34199413657188416,0.34199413657188416,0.34199413657188416,1
30,pinky_01_l,0.3419479429721832,0.3419479429721832,0.3419479429721832,1
35,ring_01_l,0.3418785333633423,0.3418785333633423,0.3418785333633423,1
80,lowerarm_l,0.341818630695343,0.341818630695343,0.341818630695343,1
55,RCalfTwist_03,0.3416767120361328,0.3416767120361328,0.3416767120361328,1
68,ring_01_l,0.34167101979255676,0.34167101979255676,0.34167101979255676,1
3,RUpArmTwist_l_02,0.34153276681900024,0.34153276681900024,0.34153276681900024,1
15,hand_r,0.3415239453315735,0.3415239453315735,0.3415239453315735,1
64,middle_01_r,0.34151554107666016,0.34151554107666016,0.34151554107666016,1
9,head,0.34138333797454834,0.34138333797454834,0.34138333797454834,1
71,ring_01_l,0.3413049876689911,0.3413049876689911,0.3413049876689911,1
38,thumb_01_r,0.3409472107887268,0.3409472107887268,0.3409472107887268,1
27,neck_01,0.34086111187934875,0.34086111187934875,0.34086111187934875,1
71,spine_02,0.34083282947540283,0.34083282947540283,0.34083282947540283,1
34,ball_l,0.34052708745002747,0.34052708745002747,0.34052708745002747,1
50,calf_r,0.34045353531837463,0.34045353531837463,0.34045353531837463,1
42,pinky_01_l,0.34027227759361267,0.34027227759361267,0.34027227759361267,1
8,upperarm_l,0.3401474058628082,0.3401474058628082,0.3401474058628082,1
47,middle_01_l,0.34012842178344727,0.34012842178344727,0.34012842178344727,1
84,thumb_01_r,0.3398045301437378,0.3398045301437378,0.3398045301437378,1
41,middle_01_l,0.3397316038608551,0.3397316038608551,0.3397316038608551,1
79,middle_01_r,0.3394969403743744,0.3394969403743744,0.3394969403743744,1
67,RUpArmTwist_r_01,0.33945026993751526,0.33945026993751526,0.33945026993751526,1
36,RUpArmTwist_l_01,0.3392625153064728,0.3392625153064728,0.3392625153064728,1
56,RCalfTwist_03,0.3391585648059845,0.3391585648059845,0.3391585648059845,1
64,ball_r,0.3390994668006897,0.3390994668006897,0.3390994668006897,1
82,hand_r,0.338972806930542,0.338972806930542,0.338972806930542,1
15,middle_01_l,0.3386223614215851,0.3386223614215851,0.3386223614215851,1
64,thumb_01_r,0.33841511607170105,0.33841511607170105,0.33841511607170105,1
1,ring_01_r,0.3382352292537689,0.3382352292537689,0.3382352292537689,1
56,upperarm_r,0.338201642036438,0.338201642036438,0.338201642036438,1
72,lowerarm_r,0.33815643191337585,0.33815643191337585,0.33815643191337585,1
85,middle_01_r,0.33812135457992554,0.33812135457992554,0.33812135457992554,1
45,RUpArmTwist_l_02,0.3380616307258606,0.3380616307258606,0.3380616307258606,1
17,LCalfTwist_01,0.3380093276500702,0.3380093276500702,0.3380093276500702,1
22,thumb_01_r,0.33794790506362915,0.33794790506362915,0.33794790506362915,1
63,ball_r,0.33790791034698486,0.33790791034698486,0.33790791034698486,1
63,lowerarm_r,0.33789634704589844,0.33789634704589844,0.33789634704589844,1
62,middle_01_r,0.3377552926540375,0.3377552926540375,0.3377552926540375,1
26,middle_01_r,0.337504506111145,0.337504506111145,0.337504506111145,1
57,ring_01_l,0.33737027645111084,0.33737027645111084,0.33737027645111084,1
65,spine_02,0.3373645842075348,0.3373645842075348,0.3373645842075348,1
18,thigh_l,0.33725181221961975,0.33725181221961975,0.33725181221961975,1
35,thumb_01_r,0.33722007274627686,0.33722007274627686,0.33722007274627686,1
52,spine_02,0.3370097577571869,0.3370097577571869,0.3370097577571869,1
58,ring_01_l,0.33695748448371887,0.33695748448371887,0.33695748448371887,1
43,thigh_r,0.336568146944046,0.336568146944046,0.336568146944046,1
29,calf_r,0.33640140295028687,0.33640140295028687,0.33640140295028687,1
7,middle_01_r,0.3359339237213135,0.3359339237213135,0.3359339237213135,1
46,hand_r,0.33582961559295654,0.33582961559295654,0.33582961559295654,1
34,middle_01_l,0.33578863739967346,0.33578863739967346,0.33578863739967346,1
83,head,0.33574527502059937,0.33574527502059937,0.33574527502059937,1
32,ring_01_l,0.3356758654117584,0.3356758654117584,0.3356758654117584,1
47,pinky_01_l,0.33523187041282654,0.33523187041282654,0.33523187041282654,1
43,thumb_01_r,0.3351747691631317,0.3351747691631317,0.3351747691631317,1
31,upperarm_r,0.33514997363090515,0.33514997363090515,0.33514997363090515,1
72,RCalfTwist_03,0.33504894375801086,0.33504894375801086,0.33504894375801086,1
38,upperarm_l,0.3348652124404907,0.3348652124404907,0.3348652124404907,1
64,ring_01_r,0.33479687571525574,0.33479687571525574,0.33479687571525574,1
8,head,0.33475974202156067,0.33475974202156067,0.33475974202156067,1
18,pinky_01_l,0.3347465693950653,0.3347465693950653,0.3347465693950653,1
29,thumb_01_r,0.3346322178840637,0.3346322178840637,0.3346322178840637,1
66,middle_01_r,0.3345474600791931,0.3345474600791931,0.3345474600791931,1
39,head,0.33441004157066345,0.33441004157066345,0.33441004157066345,1
45,ball_l,0.3343892991542816,0.3343892991542816,0.3343892991542816,1
12,RUpArmTwist_l_01,0.33432504534721375,0.33432504534721375,0.33432504534721375,1
83,ring_01_r,0.3340485394001007,0.3340485394001007,0.3340485394001007,1
41,ring_01_l,0.3339523673057556,0.3339523673057556,0.3339523673057556,1
4,RUpArmTwist_l_02,0.3338143229484558,0.3338143229484558,0.3338143229484558,1
72,ring_01_l,0.3337155878543854,0.3337155878543854,0.3337155878543854,1
6,ball_r,0.3332739472389221,0.3332739472389221,0.3332739472389221,1
25,middle_01_r,0.3330185115337372,0.3330185115337372,0.3330185115337372,1
79,RUpArmTwist_l_02,0.3325085937976837,0.3325085937976837,0.3325085937976837,1
65,thigh_r,0.332486093044281,0.332486093044281,0.332486093044281,1
74,upperarm_l,0.33206549286842346,0.33206549286842346,0.33206549286842346,1
18,ring_01_l,0.3320511281490326,0.3320511281490326,0.3320511281490326,1
5,head,0.3319278061389923,0.3319278061389923,0.3319278061389923,1
40,neck_01,0.33176422119140625,0.33176422119140625,0.33176422119140625,1
23,middle_01_l,0.3315058648586273,0.3315058648586273,0.3315058648586273,1
45,calf_l,0.33138924837112427,0.33138924837112427,0.33138924837112427,1
64,spine_02,0.3313544690608978,0.3313544690608978,0.3313544690608978,1
39,thumb_01_r,0.331234335899353,0.331234335899353,0.331234335899353,1
38,head,0.33108946681022644,0.33108946681022644,0.33108946681022644,1
68,RCalfTwist_02,0.3308698534965515,0.3308698534965515,0.3308698534965515,1
5,index_01_r,0.3305732011795044,0.3305732011795044,0.3305732011795044,1
81,thigh_l,0.33056703209877014,0.33056703209877014,0.33056703209877014,1
59,ring_01_l,0.3301483392715454,0.3301483392715454,0.3301483392715454,1
8,calf_r,0.3301430642604828,0.3301430642604828,0.3301430642604828,1
43,pinky_01_l,0.3301326334476471,0.3301326334476471,0.3301326334476471,1
41,pinky_01_l,0.33012500405311584,0.33012500405311584,0.33012500405311584,1
72,ring_01_r,0.32978367805480957,0.32978367805480957,0.32978367805480957,1
62,ring_01_r,0.329780638217926,0.329780638217926,0.329780638217926,1
10,middle_01_l,0.3295871913433075,0.3295871913433075,0.3295871913433075,1
38,middle_01_l,0.3294844925403595,0.3294844925403595,0.3294844925403595,1
68,middle_01_l,0.32946422696113586,0.32946422696113586,0.32946422696113586,1
3,clavicle_l,0.32916760444641113,0.32916760444641113,0.32916760444641113,1
39,ring_01_l,0.3291226327419281,0.3291226327419281,0.3291226327419281,1
69,RUpArmTwist_r_01,0.32906660437583923,0.32906660437583923,0.32906660437583923,1
40,calf_l,0.32905757427215576,0.32905757427215576,0.32905757427215576,1
57,RCalfTwist_03,0.3289894461631775,0.3289894461631775,0.3289894461631775,1
67,ball_l,0.3287878632545471,0.3287878632545471,0.3287878632545471,1
30,foot_r,0.3287113606929779,0.3287113606929779,0.3287113606929779,1
29,foot_r,0.3286163806915283,0.3286163806915283,0.3286163806915283,1
55,ring_01_l,0.32851749658584595,0.32851749658584595,0.32851749658584595,1
1,RCalfTwist_03,0.3284095823764801,0.3284095823764801,0.3284095823764801,1
49,foot_r,0.3280976116657257,0.3280976116657257,0.3280976116657257,1
51,foot_l,0.3278181552886963,0.3278181552886963,0.3278181552886963,1
66,middle_01_l,0.3275470733642578,0.3275470733642578,0.3275470733642578,1
51,thigh_r,0.3272858262062073,0.3272858262062073,0.3272858262062073,1
30,ring_01_l,0.326839804649353,0.326839804649353,0.326839804649353,1
33,middle_01_l,0.32656165957450867,0.32656165957450867,0.32656165957450867,1
64,clavicle_r,0.32622334361076355,0.32622334361076355,0.32622334361076355,1
51,hand_r,0.3258683681488037,0.3258683681488037,0.3258683681488037,1
48,upperarm_r,0.3258090615272522,0.3258090615272522,0.3258090615272522,1
33,upperarm_l,0.3258014917373657,0.3258014917373657,0.3258014917373657,1
66,calf_r,0.32552599906921387,0.32552599906921387,0.32552599906921387,1
48,hand_r,0.3254741132259369,0.3254741132259369,0.3254741132259369,1
61,middle_01_r,0.3254674971103668,0.3254674971103668,0.3254674971103668,1
47,lowerarm_l,0.3253282904624939,0.3253282904624939,0.3253282904624939,1
80,neck_01,0.32526326179504395,0.32526326179504395,0.32526326179504395,1
43,foot_l,0.3251977562904358,0.3251977562904358,0.3251977562904358,1
0,upperarm_r,0.32485875487327576,0.32485875487327576,0.32485875487327576,1
30,middle_01_l,0.3247986137866974,0.3247986137866974,0.3247986137866974,1
32,pinky_01_l,0.3247229754924774,0.3247229754924774,0.3247229754924774,1
17,upperarm_r,0.3247024714946747,0.3247024714946747,0.3247024714946747,1
52,thumb_01_r,0.3244805335998535,0.3244805335998535,0.3244805335998535,1
22,pinky_01_l,0.32447710633277893,0.32447710633277893,0.32447710633277893,1
5,pinky_01_l,0.32421615719795227,0.32421615719795227,0.32421615719795227,1
25,lowerarm_l,0.32420721650123596,0.32420721650123596,0.32420721650123596,1
79,ring_01_r,0.32407844066619873,0.32407844066619873,0.32407844066619873,1
20,ring_01_l,0.32406607270240784,0.32406607270240784,0.32406607270240784,1
33,head,0.32405874133110046,0.32405874133110046,0.32405874133110046,1
22,calf_r,0.3239896595478058,0.3239896595478058,0.3239896595478058,1
61,thumb_01_r,0.3238998055458069,0.3238998055458069,0.3238998055458069,1
23,calf_r,0.3237457275390625,0.3237457275390625,0.3237457275390625,1
16,hand_l,0.323636919260025,0.323636919260025,0.323636919260025,1
16,middle_01_r,0.3234327733516693,0.3234327733516693,0.3234327733516693,1
21,pinky_01_l,0.32336559891700745,0.32336559891700745,0.32336559891700745,1
53,ring_01_r,0.32324373722076416,0.32324373722076416,0.32324373722076416,1
69,ball_r,0.3232173025608063,0.3232173025608063,0.3232173025608063,1
27,pinky_01_r,0.32309284806251526,0.32309284806251526,0.32309284806251526,1
29,middle_01_l,0.322579026222229,0.322579026222229,0.322579026222229,1
49,ring_01_r,0.32256174087524414,0.32256174087524414,0.32256174087524414,1
45,ball_r,0.32199257612228394,0.32199257612228394,0.32199257612228394,1
52,clavicle_r,0.3219373822212219,0.3219373822212219,0.3219373822212219,1
72,head,0.32190924882888794,0.32190924882888794,0.32190924882888794,1
83,calf_r,0.3218580186367035,0.3218580186367035,0.3218580186367035,1
84,upperarm_r,0.3218156099319458,0.3218156099319458,0.3218156099319458,1
84,foot_l,0.3218095302581787,0.3218095302581787,0.3218095302581787,1
13,middle_01_l,0.3218088150024414,0.3218088150024414,0.3218088150024414,1
2,spine_02,0.32155469059944153,0.32155469059944153,0.32155469059944153,1
79,ball_r,0.3214220702648163,0.3214220702648163,0.3214220702648163,1
18,thumb_01_r,0.3213053345680237,0.3213053345680237,0.3213053345680237,1
62,RUpArmTwist_l_02,0.32120615243911743,0.32120615243911743,0.32120615243911743,1
28,pinky_01_l,0.3208715319633484,0.3208715319633484,0.3208715319633484,1
56,RUpArmTwist_l_01,0.32085075974464417,0.32085075974464417,0.32085075974464417,1
53,thumb_01_r,0.3206993043422699,0.3206993043422699,0.3206993043422699,1
38,RUpArmTwist_l_02,0.3206738531589508,0.3206738531589508,0.3206738531589508,1
57,foot_l,0.3206273913383484,0.3206273913383484,0.3206273913383484,1
9,upperarm_l,0.32059308886528015,0.32059308886528015,0.32059308886528015,1
65,thumb_01_r,0.3205474019050598,0.3205474019050598,0.3205474019050598,1
69,ring_01_l,0.32048648595809937,0.32048648595809937,0.32048648595809937,1
6,RUpArmTwist_r_01,0.32045978307724,0.32045978307724,0.32045978307724,1
81,middle_01_l,0.32043105363845825,0.32043105363845825,0.32043105363845825,1
75,thumb_01_r,0.32030346989631653,0.32030346989631653,0.32030346989631653,1
23,lowerarm_l,0.32020333409309387,0.32020333409309387,0.32020333409309387,1
27,middle_01_l,0.32014939188957214,0.32014939188957214,0.32014939188957214,1
1,spine_01,0.32009202241897583,0.32009202241897583,0.32009202241897583,1
0,upperarm_l,0.32005777955055237,0.32005777955055237,0.32005777955055237,1
33,ring_01_l,0.3200136423110962,0.3200136423110962,0.3200136423110962,1
56,spine_02,0.3199746906757355,0.3199746906757355,0.3199746906757355,1
32,middle_01_l,0.31994056701660156,0.31994056701660156,0.31994056701660156,1
50,lowerarm_l,0.319663405418396,0.319663405418396,0.319663405418396,1
24,spine_02,0.31961143016815186,0.31961143016815186,0.31961143016815186,1
45,lowerarm_r,0.31957507133483887,0.31957507133483887,0.31957507133483887,1
47,upperarm_r,0.3193106949329376,0.3193106949329376,0.3193106949329376,1
72,thumb_01_r,0.31924334168434143,0.31924334168434143,0.31924334168434143,1
13,head,0.31909486651420593,0.31909486651420593,0.31909486651420593,1
22,middle_01_l,0.31907254457473755,0.31907254457473755,0.31907254457473755,1
45,index_01_r,0.3189426064491272,0.3189426064491272,0.3189426064491272,1
65,head,0.31819188594818115,0.31819188594818115,0.31819188594818115,1
4,foot_r,0.318183571100235,0.318183571100235,0.318183571100235,1
59,neck_01,0.31800132989883423,0.31800132989883423,0.31800132989883423,1
15,clavicle_l,0.31791773438453674,0.31791773438453674,0.31791773438453674,1
7,ring_01_r,0.3178377151489258,0.3178377151489258,0.3178377151489258,1
63,ring_01_r,0.3175627589225769,0.3175627589225769,0.3175627589225769,1
52,calf_l,0.317472904920578,0.317472904920578,0.317472904920578,1
51,pinky_01_l,0.3174338638782501,0.3174338638782501,0.3174338638782501,1
12,foot_r,0.3170219659805298,0.3170219659805298,0.3170219659805298,1
31,pinky_01_r,0.31697914004325867,0.31697914004325867,0.31697914004325867,1
81,middle_01_r,0.3168768882751465,0.3168768882751465,0.3168768882751465,1
42,ring_01_l,0.31659141182899475,0.31659141182899475,0.31659141182899475,1
66,RCalfTwist_02,0.3164239525794983,0.3164239525794983,0.3164239525794983,1
10,thumb_01_r,0.31614580750465393,0.31614580750465393,0.31614580750465393,1
11,ring_01_l,0.3159560561180115,0.3159560561180115,0.3159560561180115,1
30,RUpArmTwist_l_02,0.31593161821365356,0.31593161821365356,0.31593161821365356,1
25,hand_l,0.31591084599494934,0.31591084599494934,0.31591084599494934,1
49,RUpArmTwist_l_02,0.315897136926651,0.315897136926651,0.315897136926651,1
7,ring_01_l,0.31587228178977966,0.31587228178977966,0.31587228178977966,1
48,thumb_01_r,0.31584104895591736,0.31584104895591736,0.31584104895591736,1
43,ring_01_r,0.31557005643844604,0.31557005643844604,0.31557005643844604,1
57,ball_l,0.31556060910224915,0.31556060910224915,0.31556060910224915,1
4,neck_01,0.31490737199783325,0.31490737199783325,0.31490737199783325,1
49,ring_01_l,0.31490349769592285,0.31490349769592285,0.31490349769592285,1
1,head,0.3147486746311188,0.3147486746311188,0.3147486746311188,1
50,ring_01_r,0.31471875309944153,0.31471875309944153,0.31471875309944153,1
63,middle_01_l,0.31443336606025696,0.31443336606025696,0.31443336606025696,1
82,ring_01_r,0.3143877685070038,0.3143877685070038,0.3143877685070038,1
75,calf_r,0.3143695294857025,0.3143695294857025,0.3143695294857025,1
50,middle_01_l,0.3142647445201874,0.3142647445201874,0.3142647445201874,1
78,ball_r,0.3142065405845642,0.3142065405845642,0.3142065405845642,1
62,pinky_01_l,0.31385254859924316,0.31385254859924316,0.31385254859924316,1
68,lowerarm_l,0.31369155645370483,0.31369155645370483,0.31369155645370483,1
67,RCalfTwist_02,0.3134613037109375,0.3134613037109375,0.3134613037109375,1
21,middle_01_l,0.31339818239212036,0.31339818239212036,0.31339818239212036,1
45,spine_02,0.31328853964805603,0.31328853964805603,0.31328853964805603,1
83,ring_01_l,0.313141405582428,0.313141405582428,0.313141405582428,1
55,middle_01_l,0.3131237030029297,0.3131237030029297,0.3131237030029297,1
31,calf_r,0.3130994737148285,0.3130994737148285,0.3130994737148285,1
24,calf_r,0.3129556477069855,0.3129556477069855,0.3129556477069855,1
12,RUpArmTwist_l_02,0.3127843141555786,0.3127843141555786,0.3127843141555786,1
50,middle_01_r,0.3127750754356384,0.3127750754356384,0.3127750754356384,1
11,middle_01_r,0.31273335218429565,0.31273335218429565,0.31273335218429565,1
40,middle_01_r,0.3125792145729065,0.3125792145729065,0.3125792145729065,1
77,head,0.3125152289867401,0.3125152289867401,0.3125152289867401,1
39,calf_l,0.31244346499443054,0.31244346499443054,0.31244346499443054,1
54,thumb_01_r,0.3123648762702942,0.3123648762702942,0.3123648762702942,1
24,RUpArmTwist_r_01,0.31234246492385864,0.31234246492385864,0.31234246492385864,1
51,pinky_01_r,0.3122576177120209,0.3122576177120209,0.3122576177120209,1
6,thumb_01_r,0.31224045157432556,0.31224045157432556,0.31224045157432556,1
17,ball_r,0.3121953308582306,0.3121953308582306,0.3121953308582306,1
67,middle_01_l,0.31218069791793823,0.31218069791793823,0.31218069791793823,1
36,head,0.31192055344581604,0.31192055344581604,0.31192055344581604,1
81,RUpArmTwist_l_02,0.31185850501060486,0.31185850501060486,0.31185850501060486,1
48,middle_01_r,0.3118201494216919,0.3118201494216919,0.3118201494216919,1
78,upperarm_l,0.3117075562477112,0.3117075562477112,0.3117075562477112,1
69,spine_02,0.3112344741821289,0.3112344741821289,0.3112344741821289,1
80,upperarm_r,0.31118854880332947,0.31118854880332947,0.31118854880332947,1
8,thumb_01_r,0.3111592233181,0.3111592233181,0.3111592233181,1
44,hand_r,0.3110349476337433,0.3110349476337433,0.3110349476337433,1
78,foot_l,0.31096088886260986,0.31096088886260986,0.31096088886260986,1
53,middle_01_l,0.310766339302063,0.310766339302063,0.310766339302063,1
19,middle_01_l,0.3105047345161438,0.3105047345161438,0.3105047345161438,1
84,pinky_01_l,0.3104286193847656,0.3104286193847656,0.3104286193847656,1
54,middle_01_l,0.31022077798843384,0.31022077798843384,0.31022077798843384,1
79,middle_01_l,0.31011784076690674,0.31011784076690674,0.31011784076690674,1
69,RUpArmTwist_l_02,0.3101014196872711,0.3101014196872711,0.3101014196872711,1
69,RCalfTwist_02,0.30992642045021057,0.30992642045021057,0.30992642045021057,1
36,middle_01_l,0.3098055422306061,0.3098055422306061,0.3098055422306061,1
4,upperarm_l,0.309767484664917,0.309767484664917,0.309767484664917,1
67,upperarm_r,0.3096928596496582,0.3096928596496582,0.3096928596496582,1
39,RUpArmTwist_l_01,0.30944424867630005,0.30944424867630005,0.30944424867630005,1
22,head,0.30941182374954224,0.30941182374954224,0.30941182374954224,1
3,middle_01_l,0.30930429697036743,0.30930429697036743,0.30930429697036743,1
11,thigh_r,0.3092762231826782,0.3092762231826782,0.3092762231826782,1
50,thigh_r,0.309149831533432,0.309149831533432,0.309149831533432,1
2,RUpArmTwist_l_02,0.30910006165504456,0.30910006165504456,0.30910006165504456,1
12,calf_r,0.3090822994709015,0.3090822994709015,0.3090822994709015,1
46,pinky_01_l,0.3090566098690033,0.3090566098690033,0.3090566098690033,1
56,ring_01_l,0.3087807595729828,0.3087807595729828,0.3087807595729828,1
65,hand_l,0.30870407819747925,0.30870407819747925,0.30870407819747925,1
63,pinky_01_l,0.3084736168384552,0.3084736168384552,0.3084736168384552,1
11,lowerarm_r,0.3084709942340851,0.3084709942340851,0.3084709942340851,1
50,upperarm_r,0.308184951543808,0.308184951543808,0.308184951543808,1
66,RUpArmTwist_l_01,0.30807942152023315,0.30807942152023315,0.30807942152023315,1
69,middle_01_r,0.3080129623413086,0.3080129623413086,0.3080129623413086,1
85,head,0.3079262375831604,0.3079262375831604,0.3079262375831604,1
5,thigh_l,0.3076834976673126,0.3076834976673126,0.3076834976673126,1
31,ring_01_l,0.3076826333999634,0.3076826333999634,0.3076826333999634,1
38,middle_01_r,0.30743488669395447,0.30743488669395447,0.30743488669395447,1
69,thumb_01_r,0.307312548160553,0.307312548160553,0.307312548160553,1
29,clavicle_r,0.3073008358478546,0.3073008358478546,0.3073008358478546,1
13,pinky_01_r,0.30713459849357605,0.30713459849357605,0.30713459849357605,1
19,calf_r,0.3070647418498993,0.3070647418498993,0.3070647418498993,1
68,middle_01_r,0.307046115398407,0.307046115398407,0.307046115398407,1
4,clavicle_r,0.30695709586143494,0.30695709586143494,0.30695709586143494,1
61,ball_r,0.30687737464904785,0.30687737464904785,0.30687737464904785,1
80,upperarm_l,0.30673855543136597,0.30673855543136597,0.30673855543136597,1
34,LCalfTwist_03,0.3064625859260559,0.3064625859260559,0.3064625859260559,1
32,thumb_01_r,0.30643922090530396,0.30643922090530396,0.30643922090530396,1
51,neck_01,0.30613234639167786,0.30613234639167786,0.30613234639167786,1
1,upperarm_l,0.3061002194881439,0.3061002194881439,0.3061002194881439,1
31,head,0.3060162365436554,0.3060162365436554,0.3060162365436554,1
77,middle_01_l,0.30593442916870117,0.30593442916870117,0.30593442916870117,1
34,pinky_01_l,0.3057447075843811,0.3057447075843811,0.3057447075843811,1
22,neck_01,0.30553969740867615,0.30553969740867615,0.30553969740867615,1
84,head,0.3055208623409271,0.3055208623409271,0.3055208623409271,1
29,LCalfTwist_03,0.30534008145332336,0.30534008145332336,0.30534008145332336,1
13,foot_r,0.3052758276462555,0.3052758276462555,0.3052758276462555,1
50,ring_01_l,0.30523887276649475,0.30523887276649475,0.30523887276649475,1
75,neck_01,0.30521559715270996,0.30521559715270996,0.30521559715270996,1
73,thumb_01_r,0.3049449324607849,0.3049449324607849,0.3049449324607849,1
57,spine_01,0.3046327531337738,0.3046327531337738,0.3046327531337738,1
9,thumb_01_r,0.3045708239078522,0.3045708239078522,0.3045708239078522,1
23,head,0.30449584126472473,0.30449584126472473,0.30449584126472473,1
20,RUpArmTwist_l_01,0.3043234348297119,0.3043234348297119,0.3043234348297119,1
56,calf_l,0.30426672101020813,0.30426672101020813,0.30426672101020813,1
61,ring_01_l,0.30426254868507385,0.30426254868507385,0.30426254868507385,1
56,neck_01,0.3042142689228058,0.3042142689228058,0.3042142689228058,1
64,middle_01_l,0.30421140789985657,0.30421140789985657,0.30421140789985657,1
45,middle_01_r,0.30412963032722473,0.30412963032722473,0.30412963032722473,1
75,clavicle_r,0.30397647619247437,0.30397647619247437,0.30397647619247437,1
42,middle_01_l,0.30379992723464966,0.30379992723464966,0.30379992723464966,1
41,neck_01,0.3036551773548126,0.3036551773548126,0.3036551773548126,1
9,hand_r,0.30355364084243774,0.30355364084243774,0.30355364084243774,1
29,middle_01_r,0.30337655544281006,0.30337655544281006,0.30337655544281006,1
29,ring_01_l,0.30278903245925903,0.30278903245925903,0.30278903245925903,1
49,lowerarm_r,0.3026101589202881,0.3026101589202881,0.3026101589202881,1
18,upperarm_r,0.30251848697662354,0.30251848697662354,0.30251848697662354,1
39,middle_01_r,0.30245745182037354,0.30245745182037354,0.30245745182037354,1
74,thumb_01_r,0.30243468284606934,0.30243468284606934,0.30243468284606934,1
37,middle_01_r,0.3022688329219818,0.3022688329219818,0.3022688329219818,1
66,head,0.3022591471672058,0.3022591471672058,0.3022591471672058,1
65,thigh_l,0.3022562861442566,0.3022562861442566,0.3022562861442566,1
52,neck_01,0.3022465407848358,0.3022465407848358,0.3022465407848358,1
61,head,0.30214545130729675,0.30214545130729675,0.30214545130729675,1
37,middle_01_l,0.30196577310562134,0.30196577310562134,0.30196577310562134,1
68,neck_01,0.30181729793548584,0.30181729793548584,0.30181729793548584,1
77,ball_r,0.3018007278442383,0.3018007278442383,0.3018007278442383,1
57,thumb_01_r,0.3016199469566345,0.3016199469566345,0.3016199469566345,1
35,calf_l,0.30143672227859497,0.30143672227859497,0.30143672227859497,1
85,ring_01_l,0.3013748824596405,0.3013748824596405,0.3013748824596405,1
34,head,0.30133163928985596,0.30133163928985596,0.30133163928985596,1
8,upperarm_r,0.301279753446579,0.301279753446579,0.301279753446579,1
28,lowerarm_l,0.3012527525424957,0.3012527525424957,0.3012527525424957,1
8,pinky_01_l,0.30115801095962524,0.30115801095962524,0.30115801095962524,1
36,upperarm_r,0.3008967936038971,0.3008967936038971,0.3008967936038971,1
38,spine_02,0.30087214708328247,0.30087214708328247,0.30087214708328247,1
78,middle_01_r,0.30083999037742615,0.30083999037742615,0.30083999037742615,1
61,pinky_01_l,0.30080917477607727,0.30080917477607727,0.30080917477607727,1
15,spine_02,0.3006937503814697,0.3006937503814697,0.3006937503814697,1
28,ball_r,0.3004668354988098,0.3004668354988098,0.3004668354988098,1
24,neck_01,0.30044764280319214,0.30044764280319214,0.30044764280319214,1
56,thumb_01_r,0.3004250228404999,0.3004250228404999,0.3004250228404999,1
80,ring_01_r,0.3002980947494507,0.3002980947494507,0.3002980947494507,1
65,RCalfTwist_02,0.3002837598323822,0.3002837598323822,0.3002837598323822,1
4,middle_01_l,0.30024245381355286,0.30024245381355286,0.30024245381355286,1
18,lowerarm_l,0.30017292499542236,0.30017292499542236,0.30017292499542236,1
21,thumb_01_r,0.29993176460266113,0.29993176460266113,0.29993176460266113,1
54,calf_l,0.29971951246261597,0.29971951246261597,0.29971951246261597,1
18,RUpArmTwist_r_02,0.29958105087280273,0.29958105087280273,0.29958105087280273,1
20,neck_01,0.2994039058685303,0.2994039058685303,0.2994039058685303,1
2,middle_01_l,0.2993795573711395,0.2993795573711395,0.2993795573711395,1
5,ring_01_l,0.2990927994251251,0.2990927994251251,0.2990927994251251,1
45,ring_01_l,0.2990477383136749,0.2990477383136749,0.2990477383136749,1
28,ring_01_l,0.2988870441913605,0.2988870441913605,0.2988870441913605,1
43,middle_01_l,0.29885807633399963,0.29885807633399963,0.29885807633399963,1
68,ball_r,0.29861876368522644,0.29861876368522644,0.29861876368522644,1
60,middle_01_l,0.29850518703460693,0.29850518703460693,0.29850518703460693,1
9,upperarm_r,0.298493355512619,0.298493355512619,0.298493355512619,1
66,pinky_01_l,0.29847070574760437,0.29847070574760437,0.29847070574760437,1
45,calf_r,0.29830625653266907,0.29830625653266907,0.29830625653266907,1
6,middle_01_r,0.2982444167137146,0.2982444167137146,0.2982444167137146,1
58,thigh_l,0.29803019762039185,0.29803019762039185,0.29803019762039185,1
67,thumb_01_r,0.2980267107486725,0.2980267107486725,0.2980267107486725,1
34,calf_r,0.29801565408706665,0.29801565408706665,0.29801565408706665,1
32,pinky_01_r,0.29797041416168213,0.29797041416168213,0.29797041416168213,1
73,ring_01_l,0.2979605197906494,0.2979605197906494,0.2979605197906494,1
13,spine_02,0.29789143800735474,0.29789143800735474,0.29789143800735474,1
39,index_01_r,0.29767677187919617,0.29767677187919617,0.29767677187919617,1
29,hand_l,0.2976462244987488,0.2976462244987488,0.2976462244987488,1
70,head,0.29753297567367554,0.29753297567367554,0.29753297567367554,1
72,middle_01_l,0.2974439859390259,0.2974439859390259,0.2974439859390259,1
12,neck_01,0.2974320352077484,0.2974320352077484,0.2974320352077484,1
80,middle_01_l,0.2969427704811096,0.2969427704811096,0.2969427704811096,1
78,head,0.2968856394290924,0.2968856394290924,0.2968856394290924,1
44,thumb_01_r,0.29681363701820374,0.29681363701820374,0.29681363701820374,1
26,calf_r,0.29681119322776794,0.29681119322776794,0.29681119322776794,1
31,middle_01_r,0.2966174781322479,0.2966174781322479,0.2966174781322479,1
66,thumb_01_l,0.29635441303253174,0.29635441303253174,0.29635441303253174,1
63,upperarm_l,0.2962574362754822,0.2962574362754822,0.2962574362754822,1
49,middle_01_l,0.29621970653533936,0.29621970653533936,0.29621970653533936,1
83,RUpArmTwist_l_02,0.29621875286102295,0.29621875286102295,0.29621875286102295,1
82,RCalfTwist_03,0.296159565448761,0.296159565448761,0.296159565448761,1
66,thumb_01_r,0.2959650456905365,0.2959650456905365,0.2959650456905365,1
69,head,0.29587551951408386,0.29587551951408386,0.29587551951408386,1
36,lowerarm_r,0.29577842354774475,0.29577842354774475,0.29577842354774475,1
69,middle_01_l,0.2957150638103485,0.2957150638103485,0.2957150638103485,1
43,thigh_l,0.29563847184181213,0.29563847184181213,0.29563847184181213,1
70,middle_01_l,0.29555532336235046,0.29555532336235046,0.29555532336235046,1
44,RUpArmTwist_l_01,0.29525527358055115,0.29525527358055115,0.29525527358055115,1
5,thumb_01_r,0.295156329870224,0.295156329870224,0.295156329870224,1
13,ring_01_l,0.2951337397098541,0.2951337397098541,0.2951337397098541,1
38,upperarm_r,0.29512736201286316,0.29512736201286316,0.29512736201286316,1
84,spine_02,0.29501980543136597,0.29501980543136597,0.29501980543136597,1
54,head,0.2949811816215515,0.2949811816215515,0.2949811816215515,1
85,clavicle_l,0.29491445422172546,0.29491445422172546,0.29491445422172546,1
36,middle_01_r,0.294892281293869,0.294892281293869,0.294892281293869,1
7,pinky_01_l,0.2948489189147949,0.2948489189147949,0.2948489189147949,1
28,pinky_01_r,0.29472988843917847,0.29472988843917847,0.29472988843917847,1
19,foot_r,0.29444023966789246,0.29444023966789246,0.29444023966789246,1
49,RUpArmTwist_r_01,0.29426687955856323,0.29426687955856323,0.29426687955856323,1
42,clavicle_r,0.2939728796482086,0.2939728796482086,0.2939728796482086,1
67,thumb_01_l,0.2939431071281433,0.2939431071281433,0.2939431071281433,1
84,lowerarm_l,0.2939216196537018,0.2939216196537018,0.2939216196537018,1
40,RUpArmTwist_l_01,0.2937489449977875,0.2937489449977875,0.2937489449977875,1
0,lowerarm_r,0.29369354248046875,0.29369354248046875,0.29369354248046875,1
47,upperarm_l,0.29338350892066956,0.29338350892066956,0.29338350892066956,1
63,spine_02,0.2933833599090576,0.2933833599090576,0.2933833599090576,1
65,middle_01_l,0.2932845652103424,0.2932845652103424,0.2932845652103424,1
71,ring_01_r,0.29326266050338745,0.29326266050338745,0.29326266050338745,1
45,thigh_l,0.2932325601577759,0.2932325601577759,0.2932325601577759,1
0,ring_01_r,0.29314276576042175,0.29314276576042175,0.29314276576042175,1
16,RCalfTwist_02,0.29305562376976013,0.29305562376976013,0.29305562376976013,1
84,middle_01_r,0.292744517326355,0.292744517326355,0.292744517326355,1
81,ring_01_r,0.2927413880825043,0.2927413880825043,0.2927413880825043,1
23,neck_01,0.29270169138908386,0.29270169138908386,0.29270169138908386,1
0,RUpArmTwist_r_02,0.2925107777118683,0.2925107777118683,0.2925107777118683,1
23,pinky_01_l,0.2921190857887268,0.2921190857887268,0.2921190857887268,1
39,hand_l,0.29203465580940247,0.29203465580940247,0.29203465580940247,1
17,middle_01_r,0.2919640839099884,0.2919640839099884,0.2919640839099884,1
49,thumb_01_r,0.29189759492874146,0.29189759492874146,0.29189759492874146,1
16,middle_01_l,0.2918492257595062,0.2918492257595062,0.2918492257595062,1
52,middle_01_l,0.2918483018875122,0.2918483018875122,0.2918483018875122,1
28,middle_01_r,0.29180240631103516,0.29180240631103516,0.29180240631103516,1
3,upperarm_r,0.2915797233581543,0.2915797233581543,0.2915797233581543,1
17,pinky_01_l,0.29149824380874634,0.29149824380874634,0.29149824380874634,1
1,index_01_r,0.29149749875068665,0.29149749875068665,0.29149749875068665,1
11,RUpArmTwist_l_01,0.2913696765899658,0.2913696765899658,0.2913696765899658,1
14,middle_01_l,0.29117336869239807,0.29117336869239807,0.29117336869239807,1
35,middle_01_l,0.29115375876426697,0.29115375876426697,0.29115375876426697,1
43,upperarm_l,0.29100301861763,0.29100301861763,0.29100301861763,1
68,pinky_01_l,0.29097628593444824,0.29097628593444824,0.29097628593444824,1
52,foot_l,0.2909761369228363,0.2909761369228363,0.2909761369228363,1
84,pinky_01_r,0.2909034192562103,0.2909034192562103,0.2909034192562103,1
25,calf_r,0.29070138931274414,0.29070138931274414,0.29070138931274414,1
12,ring_01_l,0.29053714871406555,0.29053714871406555,0.29053714871406555,1
18,pinky_01_r,0.29053547978401184,0.29053547978401184,0.29053547978401184,1
15,RCalfTwist_02,0.2905069589614868,0.2905069589614868,0.2905069589614868,1
15,LCalfTwist_02,0.2904798984527588,0.2904798984527588,0.2904798984527588,1
77,RUpArmTwist_l_02,0.29046982526779175,0.29046982526779175,0.29046982526779175,1
70,thumb_01_r,0.29036620259284973,0.29036620259284973,0.29036620259284973,1
46,ball_l,0.290306031703949,0.290306031703949,0.290306031703949,1
1,middle_01_l,0.29001814126968384,0.29001814126968384,0.29001814126968384,1
16,ball_r,0.2899801731109619,0.2899801731109619,0.2899801731109619,1
19,pinky_01_l,0.28993961215019226,0.28993961215019226,0.28993961215019226,1
0,middle_01_l,0.2898302674293518,0.2898302674293518,0.2898302674293518,1
70,calf_l,0.28977975249290466,0.28977975249290466,0.28977975249290466,1
45,foot_r,0.2896747589111328,0.2896747589111328,0.2896747589111328,1
59,middle_01_r,0.2896072566509247,0.2896072566509247,0.2896072566509247,1
10,pinky_01_l,0.28949159383773804,0.28949159383773804,0.28949159383773804,1
2,clavicle_r,0.28928133845329285,0.28928133845329285,0.28928133845329285,1
31,thumb_01_r,0.2892328202724457,0.2892328202724457,0.2892328202724457,1
8,thumb_01_l,0.2891969382762909,0.2891969382762909,0.2891969382762909,1
67,ring_01_r,0.288636714220047,0.288636714220047,0.288636714220047,1
53,thumb_01_l,0.2886231541633606,0.2886231541633606,0.2886231541633606,1
17,foot_r,0.28853005170822144,0.28853005170822144,0.28853005170822144,1
31,middle_01_l,0.28847381472587585,0.28847381472587585,0.28847381472587585,1
69,ring_01_r,0.288431853055954,0.288431853055954,0.288431853055954,1
52,thumb_01_l,0.2883594036102295,0.2883594036102295,0.2883594036102295,1
70,middle_01_r,0.2883543074131012,0.2883543074131012,0.2883543074131012,1
65,thumb_01_l,0.2881156802177429,0.2881156802177429,0.2881156802177429,1
69,neck_01,0.287982702255249,0.287982702255249,0.287982702255249,1
28,clavicle_r,0.2879173755645752,0.2879173755645752,0.2879173755645752,1
70,ball_r,0.2877652049064636,0.2877652049064636,0.2877652049064636,1
68,ring_01_r,0.287708580493927,0.287708580493927,0.287708580493927,1
33,middle_01_r,0.28749504685401917,0.28749504685401917,0.28749504685401917,1
66,ball_r,0.2873939275741577,0.2873939275741577,0.2873939275741577,1
6,foot_r,0.28731057047843933,0.28731057047843933,0.28731057047843933,1
3,calf_l,0.287153422832489,0.287153422832489,0.287153422832489,1
10,neck_01,0.28705325722694397,0.28705325722694397,0.28705325722694397,1
58,hand_l,0.2867978811264038,0.2867978811264038,0.2867978811264038,1
38,RCalfTwist_02,0.28665900230407715,0.28665900230407715,0.28665900230407715,1
70,pinky_01_l,0.2866443693637848,0.2866443693637848,0.2866443693637848,1
28,upperarm_r,0.28656792640686035,0.28656792640686035,0.28656792640686035,1
79,RUpArmTwist_r_01,0.28656458854675293,0.28656458854675293,0.28656458854675293,1
49,upperarm_r,0.28655704855918884,0.28655704855918884,0.28655704855918884,1
75,spine_02,0.28653934597969055,0.28653934597969055,0.28653934597969055,1
41,middle_01_r,0.28632643818855286,0.28632643818855286,0.28632643818855286,1
20,pinky_01_l,0.2861672341823578,0.2861672341823578,0.2861672341823578,1
78,hand_l,0.28606656193733215,0.28606656193733215,0.28606656193733215,1
33,lowerarm_r,0.2857746183872223,0.2857746183872223,0.2857746183872223,1
20,middle_01_l,0.2857002019882202,0.2857002019882202,0.2857002019882202,1
34,RUpArmTwist_l_02,0.2856546938419342,0.2856546938419342,0.2856546938419342,1
68,thumb_01_r,0.2854870557785034,0.2854870557785034,0.2854870557785034,1
24,middle_01_r,0.28538933396339417,0.28538933396339417,0.28538933396339417,1
8,ring_01_l,0.28525248169898987,0.28525248169898987,0.28525248169898987,1
75,RUpArmTwist_l_02,0.28524118661880493,0.28524118661880493,0.28524118661880493,1
3,thumb_01_l,0.2851821780204773,0.2851821780204773,0.2851821780204773,1
81,thumb_01_l,0.2850241959095001,0.2850241959095001,0.2850241959095001,1
9,hand_l,0.28493165969848633,0.28493165969848633,0.28493165969848633,1
46,middle_01_r,0.2847525179386139,0.2847525179386139,0.2847525179386139,1
77,ball_l,0.28471532464027405,0.28471532464027405,0.28471532464027405,1
71,pinky_01_l,0.2846621572971344,0.2846621572971344,0.2846621572971344,1
73,thigh_l,0.2846580445766449,0.2846580445766449,0.2846580445766449,1
1,calf_l,0.28422582149505615,0.28422582149505615,0.28422582149505615,1
42,lowerarm_r,0.28388047218322754,0.28388047218322754,0.28388047218322754,1
84,clavicle_r,0.28377243876457214,0.28377243876457214,0.28377243876457214,1
18,neck_01,0.2837516665458679,0.2837516665458679,0.2837516665458679,1
60,LCalfTwist_02,0.2837338149547577,0.2837338149547577,0.2837338149547577,1
0,middle_01_r,0.28357547521591187,0.28357547521591187,0.28357547521591187,1
32,clavicle_r,0.283476859331131,0.283476859331131,0.283476859331131,1
7,index_01_r,0.2832208275794983,0.2832208275794983,0.2832208275794983,1
15,ring_01_l,0.28316283226013184,0.28316283226013184,0.28316283226013184,1
63,pinky_01_r,0.28301912546157837,0.28301912546157837,0.28301912546157837,1
85,pinky_01_l,0.28286129236221313,0.28286129236221313,0.28286129236221313,1
40,pinky_01_l,0.2828547954559326,0.2828547954559326,0.2828547954559326,1
55,thumb_01_r,0.28284943103790283,0.28284943103790283,0.28284943103790283,1
56,lowerarm_r,0.28274834156036377,0.28274834156036377,0.28274834156036377,1
15,pinky_01_l,0.2824859321117401,0.2824859321117401,0.2824859321117401,1
81,RUpArmTwist_r_02,0.2824590802192688,0.2824590802192688,0.2824590802192688,1
19,ring_01_l,0.2824399173259735,0.2824399173259735,0.2824399173259735,1
25,RUpArmTwist_r_01,0.28241607546806335,0.28241607546806335,0.28241607546806335,1
1,spine_02,0.28227800130844116,0.28227800130844116,0.28227800130844116,1
41,thumb_01_r,0.2820827066898346,0.2820827066898346,0.2820827066898346,1
71,middle_01_r,0.28201040625572205,0.28201040625572205,0.28201040625572205,1
80,clavicle_l,0.28184226155281067,0.28184226155281067,0.28184226155281067,1
23,thumb_01_r,0.28175029158592224,0.28175029158592224,0.28175029158592224,1
72,middle_01_r,0.2817033529281616,0.2817033529281616,0.2817033529281616,1
69,hand_l,0.28165197372436523,0.28165197372436523,0.28165197372436523,1
65,index_01_r,0.2816329300403595,0.2816329300403595,0.2816329300403595,1
19,thumb_01_r,0.28161826729774475,0.28161826729774475,0.28161826729774475,1
0,RUpArmTwist_l_02,0.2814812958240509,0.2814812958240509,0.2814812958240509,1
57,upperarm_r,0.2814115285873413,0.2814115285873413,0.2814115285873413,1
79,RUpArmTwist_l_01,0.28132879734039307,0.28132879734039307,0.28132879734039307,1
51,spine_02,0.2812730669975281,0.2812730669975281,0.2812730669975281,1
30,neck_01,0.2811415195465088,0.2811415195465088,0.2811415195465088,1
57,pinky_01_l,0.2810859680175781,0.2810859680175781,0.2810859680175781,1
41,clavicle_r,0.2810763418674469,0.2810763418674469,0.2810763418674469,1
69,thumb_01_l,0.2810315191745758,0.2810315191745758,0.2810315191745758,1
15,RUpArmTwist_l_02,0.2808585464954376,0.2808585464954376,0.2808585464954376,1
83,middle_01_l,0.2808365523815155,0.2808365523815155,0.2808365523815155,1
31,LCalfTwist_03,0.28083330392837524,0.28083330392837524,0.28083330392837524,1
43,pinky_01_r,0.28074389696121216,0.28074389696121216,0.28074389696121216,1
29,RCalfTwist_02,0.2807190716266632,0.2807190716266632,0.2807190716266632,1
35,ball_r,0.28064921498298645,0.28064921498298645,0.28064921498298645,1
67,clavicle_r,0.28060653805732727,0.28060653805732727,0.28060653805732727,1
39,neck_01,0.28053873777389526,0.28053873777389526,0.28053873777389526,1
52,pinky_01_r,0.2803894877433777,0.2803894877433777,0.2803894877433777,1
0,ring_01_l,0.28027650713920593,0.28027650713920593,0.28027650713920593,1
17,RCalfTwist_02,0.28026407957077026,0.28026407957077026,0.28026407957077026,1
64,neck_01,0.28011858463287354,0.28011858463287354,0.28011858463287354,1
62,thumb_01_l,0.27997323870658875,0.27997323870658875,0.27997323870658875,1
84,L_ForeTwist_01,0.2799627184867859,0.2799627184867859,0.2799627184867859,1
13,RCalfTwist_02,0.27991464734077454,0.27991464734077454,0.27991464734077454,1
13,thumb_01_l,0.2796500027179718,0.2796500027179718,0.2796500027179718,1
65,pinky_01_l,0.2792251408100128,0.2792251408100128,0.2792251408100128,1
58,middle_01_r,0.2791000306606293,0.2791000306606293,0.2791000306606293,1
0,thumb_01_r,0.2790241837501526,0.2790241837501526,0.2790241837501526,1
82,spine_02,0.278895765542984,0.278895765542984,0.278895765542984,1
68,thumb_01_l,0.2788059413433075,0.2788059413433075,0.2788059413433075,1
80,middle_01_r,0.2788037359714508,0.2788037359714508,0.2788037359714508,1
71,thumb_01_l,0.27873411774635315,0.27873411774635315,0.27873411774635315,1
9,RUpArmTwist_l_01,0.2786972224712372,0.2786972224712372,0.2786972224712372,1
31,pinky_01_l,0.27853280305862427,0.27853280305862427,0.27853280305862427,1
5,thumb_01_l,0.27846673130989075,0.27846673130989075,0.27846673130989075,1
52,hand_l,0.2784484922885895,0.2784484922885895,0.2784484922885895,1
24,thumb_01_r,0.2783588171005249,0.2783588171005249,0.2783588171005249,1
44,thigh_r,0.27799785137176514,0.27799785137176514,0.27799785137176514,1
54,ring_01_l,0.27796486020088196,0.27796486020088196,0.27796486020088196,1
45,RCalfTwist_02,0.2779538929462433,0.2779538929462433,0.2779538929462433,1
4,spine_02,0.27780696749687195,0.27780696749687195,0.27780696749687195,1
24,head,0.2777913808822632,0.2777913808822632,0.2777913808822632,1
77,spine_02,0.2777816355228424,0.2777816355228424,0.2777816355228424,1
68,upperarm_r,0.277691125869751,0.277691125869751,0.277691125869751,1
50,spine_02,0.277475506067276,0.277475506067276,0.277475506067276,1
72,thumb_01_l,0.2772226929664612,0.2772226929664612,0.2772226929664612,1
18,middle_01_l,0.2772016227245331,0.2772016227245331,0.2772016227245331,1
48,foot_l,0.27716031670570374,0.27716031670570374,0.27716031670570374,1
72,ball_r,0.277109295129776,0.277109295129776,0.277109295129776,1
71,thumb_01_r,0.27698060870170593,0.27698060870170593,0.27698060870170593,1
60,pinky_01_l,0.27688127756118774,0.27688127756118774,0.27688127756118774,1
50,pinky_01_l,0.2764749526977539,0.2764749526977539,0.2764749526977539,1
45,thumb_01_r,0.2763701379299164,0.2763701379299164,0.2763701379299164,1
5,lowerarm_r,0.2762725353240967,0.2762725353240967,0.2762725353240967,1
48,ring_01_r,0.27625772356987,0.27625772356987,0.27625772356987,1
33,spine_02,0.2761977016925812,0.2761977016925812,0.2761977016925812,1
38,neck_01,0.2761586606502533,0.2761586606502533,0.2761586606502533,1
6,ring_01_l,0.2761087715625763,0.2761087715625763,0.2761087715625763,1
73,spine_02,0.2760935425758362,0.2760935425758362,0.2760935425758362,1
21,spine_02,0.27594617009162903,0.27594617009162903,0.27594617009162903,1
84,ring_01_r,0.275852769613266,0.275852769613266,0.275852769613266,1
6,RUpArmTwist_r_02,0.2756348252296448,0.2756348252296448,0.2756348252296448,1
48,pinky_01_l,0.27557870745658875,0.27557870745658875,0.27557870745658875,1
16,pinky_01_l,0.27534618973731995,0.27534618973731995,0.27534618973731995,1
82,pinky_01_l,0.2752862870693207,0.2752862870693207,0.2752862870693207,1
67,head,0.27521124482154846,0.27521124482154846,0.27521124482154846,1
40,calf_r,0.2751968801021576,0.2751968801021576,0.2751968801021576,1
65,ring_01_r,0.2751174569129944,0.2751174569129944,0.2751174569129944,1
40,thumb_01_r,0.274935245513916,0.274935245513916,0.274935245513916,1
70,thumb_01_l,0.2749200463294983,0.2749200463294983,0.2749200463294983,1
76,spine_02,0.2747647166252136,0.2747647166252136,0.2747647166252136,1
34,spine_01,0.27472609281539917,0.27472609281539917,0.27472609281539917,1
19,LCalfTwist_01,0.2745074927806854,0.2745074927806854,0.2745074927806854,1
6,RUpArmTwist_l_02,0.2744714617729187,0.2744714617729187,0.2744714617729187,1
13,neck_01,0.2744705379009247,0.2744705379009247,0.2744705379009247,1
20,head,0.2743037939071655,0.2743037939071655,0.2743037939071655,1
15,head,0.27427399158477783,0.27427399158477783,0.27427399158477783,1
76,head,0.2741565406322479,0.2741565406322479,0.2741565406322479,1
52,pinky_01_l,0.27411139011383057,0.27411139011383057,0.27411139011383057,1
36,thigh_r,0.2740737497806549,0.2740737497806549,0.2740737497806549,1
25,ball_r,0.27369946241378784,0.27369946241378784,0.27369946241378784,1
81,index_01_r,0.2734122574329376,0.2734122574329376,0.2734122574329376,1
24,lowerarm_r,0.27334871888160706,0.27334871888160706,0.27334871888160706,1
72,RUpArmTwist_r_01,0.273285448551178,0.273285448551178,0.273285448551178,1
75,ball_l,0.27323266863822937,0.27323266863822937,0.27323266863822937,1
20,thumb_01_r,0.27310895919799805,0.27310895919799805,0.27310895919799805,1
11,pinky_01_l,0.2730428874492645,0.2730428874492645,0.2730428874492645,1
58,spine_01,0.27294597029685974,0.27294597029685974,0.27294597029685974,1
69,pinky_01_l,0.2728431522846222,0.2728431522846222,0.2728431522846222,1
36,ball_r,0.27279791235923767,0.27279791235923767,0.27279791235923767,1
83,pinky_01_l,0.27274924516677856,0.27274924516677856,0.27274924516677856,1
4,RUpArmTwist_r_01,0.27268657088279724,0.27268657088279724,0.27268657088279724,1
31,spine_02,0.2726309597492218,0.2726309597492218,0.2726309597492218,1
1,pinky_01_l,0.27248504757881165,0.27248504757881165,0.27248504757881165,1
75,ring_01_l,0.27246996760368347,0.27246996760368347,0.27246996760368347,1
15,thigh_l,0.2723793387413025,0.2723793387413025,0.2723793387413025,1
7,RUpArmTwist_l_02,0.27207326889038086,0.27207326889038086,0.27207326889038086,1
21,index_01_r,0.2719825804233551,0.2719825804233551,0.2719825804233551,1
64,RUpArmTwist_r_02,0.2719387412071228,0.2719387412071228,0.2719387412071228,1
51,middle_01_l,0.2718910574913025,0.2718910574913025,0.2718910574913025,1
0,index_01_r,0.2717619240283966,0.2717619240283966,0.2717619240283966,1
15,ball_r,0.2717392146587372,0.2717392146587372,0.2717392146587372,1
3,ball_r,0.2715602219104767,0.2715602219104767,0.2715602219104767,1
76,thumb_01_r,0.27145665884017944,0.27145665884017944,0.27145665884017944,1
73,calf_l,0.2714169919490814,0.2714169919490814,0.2714169919490814,1
45,hand_r,0.27137675881385803,0.27137675881385803,0.27137675881385803,1
9,pinky_01_l,0.271331250667572,0.271331250667572,0.271331250667572,1
81,thumb_01_r,0.2711401581764221,0.2711401581764221,0.2711401581764221,1
49,calf_r,0.27101776003837585,0.27101776003837585,0.27101776003837585,1
61,lowerarm_l,0.27097049355506897,0.27097049355506897,0.27097049355506897,1
21,LCalfTwist_01,0.2709271013736725,0.2709271013736725,0.2709271013736725,1
58,thumb_01_r,0.27090558409690857,0.27090558409690857,0.27090558409690857,1
77,thumb_01_r,0.27087992429733276,0.27087992429733276,0.27087992429733276,1
81,RUpArmTwist_r_01,0.27082180976867676,0.27082180976867676,0.27082180976867676,1
71,RUpArmTwist_r_01,0.27071613073349,0.27071613073349,0.27071613073349,1
28,spine_01,0.27066969871520996,0.27066969871520996,0.27066969871520996,1
7,thumb_01_l,0.2704395353794098,0.2704395353794098,0.2704395353794098,1
15,neck_01,0.2704211175441742,0.2704211175441742,0.2704211175441742,1
83,thumb_01_r,0.2702222168445587,0.2702222168445587,0.2702222168445587,1
37,pinky_01_l,0.26993048191070557,0.26993048191070557,0.26993048191070557,1
6,index_01_r,0.26991012692451477,0.26991012692451477,0.26991012692451477,1
44,RUpArmTwist_l_02,0.2698724567890167,0.2698724567890167,0.2698724567890167,1
14,clavicle_l,0.2698640823364258,0.2698640823364258,0.2698640823364258,1
19,ball_r,0.2697974443435669,0.2697974443435669,0.2697974443435669,1
9,neck_01,0.2697620987892151,0.2697620987892151,0.2697620987892151,1
70,ring_01_r,0.26968538761138916,0.26968538761138916,0.26968538761138916,1
64,thumb_01_l,0.26966774463653564,0.26966774463653564,0.26966774463653564,1
41,pinky_01_r,0.26955169439315796,0.26955169439315796,0.26955169439315796,1
56,pinky_01_l,0.2695162892341614,0.2695162892341614,0.2695162892341614,1
77,RUpArmTwist_r_01,0.26890406012535095,0.26890406012535095,0.26890406012535095,1
11,upperarm_l,0.26888716220855713,0.26888716220855713,0.26888716220855713,1
48,spine_02,0.2686014175415039,0.2686014175415039,0.2686014175415039,1
81,ball_l,0.26846978068351746,0.26846978068351746,0.26846978068351746,1
35,middle_01_r,0.26832133531570435,0.26832133531570435,0.26832133531570435,1
15,calf_r,0.2681730389595032,0.2681730389595032,0.2681730389595032,1
26,head,0.26815471053123474,0.26815471053123474,0.26815471053123474,1
12,clavicle_r,0.2681417763233185,0.2681417763233185,0.2681417763233185,1
31,lowerarm_r,0.2680665850639343,0.2680665850639343,0.2680665850639343,1
66,ring_01_r,0.26783889532089233,0.26783889532089233,0.26783889532089233,1
69,clavicle_r,0.2677168846130371,0.2677168846130371,0.2677168846130371,1
45,thumb_01_l,0.2676870822906494,0.2676870822906494,0.2676870822906494,1
75,head,0.2676776051521301,0.2676776051521301,0.2676776051521301,1
1,thumb_01_l,0.2676266133785248,0.2676266133785248,0.2676266133785248,1
65,ball_r,0.26750001311302185,0.26750001311302185,0.26750001311302185,1
79,neck_01,0.26716867089271545,0.26716867089271545,0.26716867089271545,1
50,thumb_01_r,0.26716673374176025,0.26716673374176025,0.26716673374176025,1
77,clavicle_r,0.2671051323413849,0.2671051323413849,0.2671051323413849,1
27,thigh_l,0.26707398891448975,0.26707398891448975,0.26707398891448975,1
43,lowerarm_l,0.2669660449028015,0.2669660449028015,0.2669660449028015,1
29,pinky_01_r,0.26691025495529175,0.26691025495529175,0.26691025495529175,1
63,thumb_01_l,0.2669041156768799,0.2669041156768799,0.2669041156768799,1
14,RCalfTwist_02,0.26685434579849243,0.26685434579849243,0.26685434579849243,1
4,lowerarm_r,0.26676270365715027,0.26676270365715027,0.26676270365715027,1
43,RUpArmTwist_l_01,0.26643288135528564,0.26643288135528564,0.26643288135528564,1
78,RUpArmTwist_l_02,0.2663975656032562,0.2663975656032562,0.2663975656032562,1
14,lowerarm_r,0.26635482907295227,0.26635482907295227,0.26635482907295227,1
22,RCalfTwist_02,0.26627710461616516,0.26627710461616516,0.26627710461616516,1
57,spine_02,0.2662322521209717,0.2662322521209717,0.2662322521209717,1
10,upperarm_l,0.2661820650100708,0.2661820650100708,0.2661820650100708,1
43,middle_01_r,0.2661779522895813,0.2661779522895813,0.2661779522895813,1
16,clavicle_r,0.26613911986351013,0.26613911986351013,0.26613911986351013,1
70,clavicle_l,0.2660166919231415,0.2660166919231415,0.2660166919231415,1
41,RUpArmTwist_r_01,0.26586243510246277,0.26586243510246277,0.26586243510246277,1
66,RUpArmTwist_r_01,0.2658589780330658,0.2658589780330658,0.2658589780330658,1
42,pinky_01_r,0.2658550441265106,0.2658550441265106,0.2658550441265106,1
28,RCalfTwist_02,0.26579049229621887,0.26579049229621887,0.26579049229621887,1
26,thigh_r,0.26566067337989807,0.26566067337989807,0.26566067337989807,1
21,ball_l,0.26565665006637573,0.26565665006637573,0.26565665006637573,1
79,thumb_01_l,0.26548445224761963,0.26548445224761963,0.26548445224761963,1
19,thumb_01_l,0.265478253364563,0.265478253364563,0.265478253364563,1
16,pinky_01_r,0.2654470205307007,0.2654470205307007,0.2654470205307007,1
20,ball_r,0.2654300332069397,0.2654300332069397,0.2654300332069397,1
30,middle_01_r,0.2653394341468811,0.2653394341468811,0.2653394341468811,1
74,middle_01_r,0.2653125524520874,0.2653125524520874,0.2653125524520874,1
42,LCalfTwist_02,0.26524174213409424,0.26524174213409424,0.26524174213409424,1
12,R_ForeTwist_01,0.26521798968315125,0.26521798968315125,0.26521798968315125,1
3,thumb_01_r,0.2651541233062744,0.2651541233062744,0.2651541233062744,1
49,middle_01_r,0.26511794328689575,0.26511794328689575,0.26511794328689575,1
32,upperarm_r,0.265042245388031,0.265042245388031,0.265042245388031,1
64,RCalfTwist_02,0.2650372385978699,0.2650372385978699,0.2650372385978699,1
29,thigh_r,0.26503339409828186,0.26503339409828186,0.26503339409828186,1
51,thumb_01_r,0.2647418677806854,0.2647418677806854,0.2647418677806854,1
20,middle_01_r,0.2643795907497406,0.2643795907497406,0.2643795907497406,1
6,pinky_01_l,0.2643734812736511,0.2643734812736511,0.2643734812736511,1
51,clavicle_r,0.2643473446369171,0.2643473446369171,0.2643473446369171,1
26,neck_01,0.2640422284603119,0.2640422284603119,0.2640422284603119,1
4,clavicle_l,0.2640056014060974,0.2640056014060974,0.2640056014060974,1
46,head,0.2639144957065582,0.2639144957065582,0.2639144957065582,1
70,calf_r,0.26378655433654785,0.26378655433654785,0.26378655433654785,1
68,clavicle_r,0.2637141942977905,0.2637141942977905,0.2637141942977905,1
24,RUpArmTwist_r_02,0.2636491358280182,0.2636491358280182,0.2636491358280182,1
5,lowerarm_l,0.26350125670433044,0.26350125670433044,0.26350125670433044,1
1,RUpArmTwist_l_02,0.26340198516845703,0.26340198516845703,0.26340198516845703,1
11,RUpArmTwist_l_02,0.2633611559867859,0.2633611559867859,0.2633611559867859,1
59,thumb_01_l,0.2633192837238312,0.2633192837238312,0.2633192837238312,1
21,neck_01,0.2632927894592285,0.2632927894592285,0.2632927894592285,1
42,upperarm_r,0.26325955986976624,0.26325955986976624,0.26325955986976624,1
49,pinky_01_l,0.2632412612438202,0.2632412612438202,0.2632412612438202,1
22,spine_02,0.2631831765174866,0.2631831765174866,0.2631831765174866,1
61,RUpArmTwist_r_02,0.2631405293941498,0.2631405293941498,0.2631405293941498,1
71,hand_l,0.2631365656852722,0.2631365656852722,0.2631365656852722,1
82,RUpArmTwist_l_01,0.263113796710968,0.263113796710968,0.263113796710968,1
22,index_01_r,0.26306992769241333,0.26306992769241333,0.26306992769241333,1
0,RCalfTwist_02,0.262788325548172,0.262788325548172,0.262788325548172,1
67,neck_01,0.26238250732421875,0.26238250732421875,0.26238250732421875,1
61,foot_l,0.2622261345386505,0.2622261345386505,0.2622261345386505,1
64,pinky_01_l,0.2621051073074341,0.2621051073074341,0.2621051073074341,1
27,LCalfTwist_02,0.26189908385276794,0.26189908385276794,0.26189908385276794,1
39,RCalfTwist_03,0.26180508732795715,0.26180508732795715,0.26180508732795715,1
32,middle_01_r,0.26178598403930664,0.26178598403930664,0.26178598403930664,1
3,RUpArmTwist_r_01,0.26170405745506287,0.26170405745506287,0.26170405745506287,1
17,pinky_01_r,0.2616294324398041,0.2616294324398041,0.2616294324398041,1
12,ball_r,0.26162299513816833,0.26162299513816833,0.26162299513816833,1
82,pinky_01_r,0.26161810755729675,0.26161810755729675,0.26161810755729675,1
46,foot_r,0.2615186870098114,0.2615186870098114,0.2615186870098114,1
7,hand_l,0.2614729702472687,0.2614729702472687,0.2614729702472687,1
62,RUpArmTwist_r_01,0.2614199221134186,0.2614199221134186,0.2614199221134186,1
7,middle_01_l,0.26138201355934143,0.26138201355934143,0.26138201355934143,1
30,index_01_r,0.26133447885513306,0.26133447885513306,0.26133447885513306,1
22,middle_01_r,0.26114189624786377,0.26114189624786377,0.26114189624786377,1
34,LCalfTwist_02,0.26111990213394165,0.26111990213394165,0.26111990213394165,1
77,middle_01_r,0.2609325647354126,0.2609325647354126,0.2609325647354126,1
43,R_ForeTwist_01,0.26093122363090515,0.26093122363090515,0.26093122363090515,1
78,middle_01_l,0.2608095705509186,0.2608095705509186,0.2608095705509186,1
43,ball_r,0.2604634165763855,0.2604634165763855,0.2604634165763855,1
52,clavicle_l,0.26027628779411316,0.26027628779411316,0.26027628779411316,1
35,RCalfTwist_02,0.26016107201576233,0.26016107201576233,0.26016107201576233,1
33,calf_r,0.25980114936828613,0.25980114936828613,0.25980114936828613,1
85,thumb_01_r,0.2597649097442627,0.2597649097442627,0.2597649097442627,1
36,thumb_01_r,0.25974249839782715,0.25974249839782715,0.25974249839782715,1
67,pinky_01_l,0.25958162546157837,0.25958162546157837,0.25958162546157837,1
53,pinky_01_l,0.25958138704299927,0.25958138704299927,0.25958138704299927,1
72,pinky_01_l,0.259510338306427,0.259510338306427,0.259510338306427,1
19,upperarm_r,0.2592489421367645,0.2592489421367645,0.2592489421367645,1
20,thumb_01_l,0.25905460119247437,0.25905460119247437,0.25905460119247437,1
52,head,0.2590464651584625,0.2590464651584625,0.2590464651584625,1
51,thumb_01_l,0.258942186832428,0.258942186832428,0.258942186832428,1
16,calf_r,0.2589190900325775,0.2589190900325775,0.2589190900325775,1
3,spine_02,0.25890234112739563,0.25890234112739563,0.25890234112739563,1
26,pinky_01_r,0.2587575316429138,0.2587575316429138,0.2587575316429138,1
1,hand_l,0.2586665451526642,0.2586665451526642,0.2586665451526642,1
30,clavicle_l,0.25866028666496277,0.25866028666496277,0.25866028666496277,1
49,clavicle_r,0.2586306035518646,0.2586306035518646,0.2586306035518646,1
0,thumb_01_l,0.25859925150871277,0.25859925150871277,0.25859925150871277,1
76,middle_01_l,0.25855669379234314,0.25855669379234314,0.25855669379234314,1
32,spine_01,0.2585192918777466,0.2585192918777466,0.2585192918777466,1
55,middle_01_r,0.2585149109363556,0.2585149109363556,0.2585149109363556,1
18,RUpArmTwist_r_01,0.258489727973938,0.258489727973938,0.258489727973938,1
78,lowerarm_r,0.2584373652935028,0.2584373652935028,0.2584373652935028,1
17,middle_01_l,0.25830355286598206,0.25830355286598206,0.25830355286598206,1
19,middle_01_r,0.2581913471221924,0.2581913471221924,0.2581913471221924,1
22,R_ForeTwist_01,0.2579505145549774,0.2579505145549774,0.2579505145549774,1
43,upperarm_r,0.25783148407936096,0.25783148407936096,0.25783148407936096,1
21,clavicle_r,0.2575806975364685,0.2575806975364685,0.2575806975364685,1
82,middle_01_r,0.25751566886901855,0.25751566886901855,0.25751566886901855,1
33,pinky_01_l,0.25746122002601624,0.25746122002601624,0.25746122002601624,1
3,RUpArmTwist_l_01,0.25738072395324707,0.25738072395324707,0.25738072395324707,1
18,index_01_r,0.2573726177215576,0.2573726177215576,0.2573726177215576,1
21,foot_r,0.25736284255981445,0.25736284255981445,0.25736284255981445,1
63,calf_l,0.25704142451286316,0.25704142451286316,0.25704142451286316,1
78,RUpArmTwist_r_02,0.2568305730819702,0.2568305730819702,0.2568305730819702,1
82,thumb_01_r,0.2567126154899597,0.2567126154899597,0.2567126154899597,1
34,middle_01_r,0.256644070148468,0.256644070148468,0.256644070148468,1
16,clavicle_l,0.2565947473049164,0.2565947473049164,0.2565947473049164,1
2,pinky_01_l,0.25653040409088135,0.25653040409088135,0.25653040409088135,1
82,index_01_r,0.25634458661079407,0.25634458661079407,0.25634458661079407,1
34,hand_l,0.25621509552001953,0.25621509552001953,0.25621509552001953,1
42,hand_l,0.2561541497707367,0.2561541497707367,0.2561541497707367,1
84,hand_l,0.25612592697143555,0.25612592697143555,0.25612592697143555,1
35,calf_r,0.2560998797416687,0.2560998797416687,0.2560998797416687,1
37,upperarm_l,0.2560631036758423,0.2560631036758423,0.2560631036758423,1
55,pinky_01_l,0.25574931502342224,0.25574931502342224,0.25574931502342224,1
38,RUpArmTwist_r_02,0.2556042969226837,0.2556042969226837,0.2556042969226837,1
58,pinky_01_l,0.25559669733047485,0.25559669733047485,0.25559669733047485,1
8,index_01_r,0.25554585456848145,0.25554585456848145,0.25554585456848145,1
74,thumb_01_l,0.2553989291191101,0.2553989291191101,0.2553989291191101,1
37,thumb_01_r,0.25528284907341003,0.25528284907341003,0.25528284907341003,1
57,thumb_01_l,0.25521913170814514,0.25521913170814514,0.25521913170814514,1
18,head,0.2550775408744812,0.2550775408744812,0.2550775408744812,1
62,pinky_01_r,0.25500571727752686,0.25500571727752686,0.25500571727752686,1
47,thumb_01_r,0.25477170944213867,0.25477170944213867,0.25477170944213867,1
19,RUpArmTwist_r_02,0.2546231150627136,0.2546231150627136,0.2546231150627136,1
59,thumb_01_r,0.25451457500457764,0.25451457500457764,0.25451457500457764,1
62,spine_02,0.25438162684440613,0.25438162684440613,0.25438162684440613,1
13,index_01_r,0.2543341815471649,0.2543341815471649,0.2543341815471649,1
34,thumb_01_r,0.25430527329444885,0.25430527329444885,0.25430527329444885,1
33,pinky_01_r,0.25422123074531555,0.25422123074531555,0.25422123074531555,1
74,RUpArmTwist_l_01,0.2539474368095398,0.2539474368095398,0.2539474368095398,1
60,thumb_01_l,0.25389477610588074,0.25389477610588074,0.25389477610588074,1
61,calf_r,0.25371912121772766,0.25371912121772766,0.25371912121772766,1
24,pinky_01_l,0.2535737156867981,0.2535737156867981,0.2535737156867981,1
39,foot_r,0.2532624900341034,0.2532624900341034,0.2532624900341034,1
82,calf_l,0.2530499994754791,0.2530499994754791,0.2530499994754791,1
5,neck_01,0.25304320454597473,0.25304320454597473,0.25304320454597473,1
8,middle_01_l,0.2528071105480194,0.2528071105480194,0.2528071105480194,1
66,neck_01,0.2527797818183899,0.2527797818183899,0.2527797818183899,1
85,middle_01_l,0.2527732849121094,0.2527732849121094,0.2527732849121094,1
32,RUpArmTwist_l_01,0.2527022659778595,0.2527022659778595,0.2527022659778595,1
27,LCalfTwist_01,0.25251978635787964,0.25251978635787964,0.25251978635787964,1
76,ball_r,0.25244656205177307,0.25244656205177307,0.25244656205177307,1
85,thumb_01_l,0.2524217963218689,0.2524217963218689,0.2524217963218689,1
66,lowerarm_r,0.2523713707923889,0.2523713707923889,0.2523713707923889,1
62,thumb_01_r,0.251832515001297,0.251832515001297,0.251832515001297,1
55,hand_l,0.2517947256565094,0.2517947256565094,0.2517947256565094,1
1,neck_01,0.251700758934021,0.251700758934021,0.251700758934021,1
14,head,0.2516647279262543,0.2516647279262543,0.2516647279262543,1
25,pinky_01_r,0.2515847086906433,0.2515847086906433,0.2515847086906433,1
7,foot_r,0.2514806091785431,0.2514806091785431,0.2514806091785431,1
82,ball_l,0.2512204647064209,0.2512204647064209,0.2512204647064209,1
22,foot_r,0.25099244713783264,0.25099244713783264,0.25099244713783264,1
56,middle_01_r,0.2508774399757385,0.2508774399757385,0.2508774399757385,1
47,RUpArmTwist_l_01,0.25080570578575134,0.25080570578575134,0.25080570578575134,1
5,R_ForeTwist_01,0.25074103474617004,0.25074103474617004,0.25074103474617004,1
58,calf_l,0.25064584612846375,0.25064584612846375,0.25064584612846375,1
18,middle_01_r,0.25064322352409363,0.25064322352409363,0.25064322352409363,1
3,index_01_r,0.250583678483963,0.250583678483963,0.250583678483963,1
30,RCalfTwist_02,0.25057777762413025,0.25057777762413025,0.25057777762413025,1
74,pinky_01_l,0.25052252411842346,0.25052252411842346,0.25052252411842346,1
12,RCalfTwist_02,0.25046080350875854,0.25046080350875854,0.25046080350875854,1
32,RCalfTwist_02,0.25041481852531433,0.25041481852531433,0.25041481852531433,1
85,pinky_01_r,0.25039422512054443,0.25039422512054443,0.25039422512054443,1
16,index_01_r,0.25037530064582825,0.25037530064582825,0.25037530064582825,1
55,ball_r,0.2503368854522705,0.2503368854522705,0.2503368854522705,1
37,LCalfTwist_02,0.25031426548957825,0.25031426548957825,0.25031426548957825,1
74,middle_01_l,0.25013455748558044,0.25013455748558044,0.25013455748558044,1
64,index_01_r,0.2500869929790497,0.2500869929790497,0.2500869929790497,1
25,thigh_l,0.2500333786010742,0.2500333786010742,0.2500333786010742,1
2,middle_01_r,0.25001832842826843,0.25001832842826843,0.25001832842826843,1
20,index_01_r,0.25000548362731934,0.25000548362731934,0.25000548362731934,1
19,head,0.24966076016426086,0.24966076016426086,0.24966076016426086,1
35,pinky_01_l,0.249582901597023,0.249582901597023,0.249582901597023,1
44,head,0.2495741844177246,0.2495741844177246,0.2495741844177246,1
48,calf_l,0.2493804544210434,0.2493804544210434,0.2493804544210434,1
38,calf_r,0.2493225783109665,0.2493225783109665,0.2493225783109665,1
69,clavicle_l,0.24909795820713043,0.24909795820713043,0.24909795820713043,1
35,R_ForeTwist_01,0.24909193813800812,0.24909193813800812,0.24909193813800812,1
0,head,0.2490866780281067,0.2490866780281067,0.2490866780281067,1
13,clavicle_l,0.2488398551940918,0.2488398551940918,0.2488398551940918,1
46,thumb_01_r,0.24878926575183868,0.24878926575183868,0.24878926575183868,1
5,clavicle_r,0.24868743121623993,0.24868743121623993,0.24868743121623993,1
76,RCalfTwist_02,0.24866536259651184,0.24866536259651184,0.24866536259651184,1
8,neck_01,0.24863478541374207,0.24863478541374207,0.24863478541374207,1
59,head,0.24857185781002045,0.24857185781002045,0.24857185781002045,1
5,RCalfTwist_02,0.24851222336292267,0.24851222336292267,0.24851222336292267,1
84,neck_01,0.24846027791500092,0.24846027791500092,0.24846027791500092,1
44,thigh_l,0.24829106032848358,0.24829106032848358,0.24829106032848358,1
22,pinky_01_r,0.2482544630765915,0.2482544630765915,0.2482544630765915,1
8,index_01_l,0.24823293089866638,0.24823293089866638,0.24823293089866638,1
11,index_01_r,0.24801230430603027,0.24801230430603027,0.24801230430603027,1
59,spine_01,0.24791404604911804,0.24791404604911804,0.24791404604911804,1
23,hand_l,0.24770857393741608,0.24770857393741608,0.24770857393741608,1
73,lowerarm_r,0.2476879507303238,0.2476879507303238,0.2476879507303238,1
7,neck_01,0.24751020967960358,0.24751020967960358,0.24751020967960358,1
60,RUpArmTwist_l_01,0.24737520515918732,0.24737520515918732,0.24737520515918732,1
77,calf_l,0.2473108470439911,0.2473108470439911,0.2473108470439911,1
19,RCalfTwist_02,0.2472604215145111,0.2472604215145111,0.2472604215145111,1
31,neck_01,0.2471512258052826,0.2471512258052826,0.2471512258052826,1
23,middle_01_r,0.24713259935379028,0.24713259935379028,0.24713259935379028,1
83,clavicle_r,0.24702492356300354,0.24702492356300354,0.24702492356300354,1
48,RUpArmTwist_l_01,0.2468874156475067,0.2468874156475067,0.2468874156475067,1
80,RUpArmTwist_l_02,0.24672237038612366,0.24672237038612366,0.24672237038612366,1
83,middle_01_r,0.24669064581394196,0.24669064581394196,0.24669064581394196,1
55,thumb_01_l,0.24660331010818481,0.24660331010818481,0.24660331010818481,1
76,middle_01_r,0.24636602401733398,0.24636602401733398,0.24636602401733398,1
53,clavicle_l,0.2463204264640808,0.2463204264640808,0.2463204264640808,1
18,RCalfTwist_02,0.2460779994726181,0.2460779994726181,0.2460779994726181,1
8,clavicle_r,0.24594542384147644,0.24594542384147644,0.24594542384147644,1
70,clavicle_r,0.24594169855117798,0.24594169855117798,0.24594169855117798,1
32,head,0.24591869115829468,0.24591869115829468,0.24591869115829468,1
8,RCalfTwist_02,0.24586856365203857,0.24586856365203857,0.24586856365203857,1
34,spine_02,0.2458646446466446,0.2458646446466446,0.2458646446466446,1
15,index_01_r,0.24573419988155365,0.24573419988155365,0.24573419988155365,1
80,RUpArmTwist_r_02,0.2457040250301361,0.2457040250301361,0.2457040250301361,1
0,clavicle_r,0.2456551194190979,0.2456551194190979,0.2456551194190979,1
23,spine_02,0.24555706977844238,0.24555706977844238,0.24555706977844238,1
65,clavicle_r,0.24523858726024628,0.24523858726024628,0.24523858726024628,1
16,RUpArmTwist_l_02,0.24510540068149567,0.24510540068149567,0.24510540068149567,1
83,upperarm_l,0.24510109424591064,0.24510109424591064,0.24510109424591064,1
52,ring_01_r,0.24507634341716766,0.24507634341716766,0.24507634341716766,1
56,head,0.24494093656539917,0.24494093656539917,0.24494093656539917,1
22,LCalfTwist_01,0.24490107595920563,0.24490107595920563,0.24490107595920563,1
79,pinky_01_l,0.24480795860290527,0.24480795860290527,0.24480795860290527,1
11,RCalfTwist_02,0.24466492235660553,0.24466492235660553,0.24466492235660553,1
7,upperarm_l,0.24457864463329315,0.24457864463329315,0.24457864463329315,1
23,index_01_r,0.24453753232955933,0.24453753232955933,0.24453753232955933,1
20,thigh_l,0.24411648511886597,0.24411648511886597,0.24411648511886597,1
32,calf_r,0.24407905340194702,0.24407905340194702,0.24407905340194702,1
3,thigh_r,0.2440490424633026,0.2440490424633026,0.2440490424633026,1
48,spine_01,0.2438899427652359,0.2438899427652359,0.2438899427652359,1
59,pinky_01_l,0.24386648833751678,0.24386648833751678,0.24386648833751678,1
62,neck_01,0.24378366768360138,0.24378366768360138,0.24378366768360138,1
6,RCalfTwist_02,0.24377964437007904,0.24377964437007904,0.24377964437007904,1
40,thigh_r,0.24371753633022308,0.24371753633022308,0.24371753633022308,1
26,pinky_01_l,0.24357041716575623,0.24357041716575623,0.24357041716575623,1
71,pinky_01_r,0.24336658418178558,0.24336658418178558,0.24336658418178558,1
28,index_01_r,0.2433481365442276,0.2433481365442276,0.2433481365442276,1
73,hand_l,0.24318501353263855,0.24318501353263855,0.24318501353263855,1
17,thumb_01_r,0.24302326142787933,0.24302326142787933,0.24302326142787933,1
68,head,0.24297530949115753,0.24297530949115753,0.24297530949115753,1
64,head,0.2429216057062149,0.2429216057062149,0.2429216057062149,1
76,pinky_01_l,0.24288012087345123,0.24288012087345123,0.24288012087345123,1
10,RUpArmTwist_l_01,0.2428327351808548,0.2428327351808548,0.2428327351808548,1
6,LCalfTwist_01,0.2426278293132782,0.2426278293132782,0.2426278293132782,1
11,hand_l,0.24258334934711456,0.24258334934711456,0.24258334934711456,1
12,lowerarm_l,0.24252189695835114,0.24252189695835114,0.24252189695835114,1
71,middle_01_l,0.24248836934566498,0.24248836934566498,0.24248836934566498,1
73,middle_01_r,0.24247129261493683,0.24247129261493683,0.24247129261493683,1
0,neck_01,0.24245718121528625,0.24245718121528625,0.24245718121528625,1
58,thumb_01_l,0.24245506525039673,0.24245506525039673,0.24245506525039673,1
26,RCalfTwist_02,0.24243511259555817,0.24243511259555817,0.24243511259555817,1
81,calf_l,0.24237889051437378,0.24237889051437378,0.24237889051437378,1
11,calf_r,0.24222804605960846,0.24222804605960846,0.24222804605960846,1
83,RUpArmTwist_r_02,0.2420904040336609,0.2420904040336609,0.2420904040336609,1
19,index_01_r,0.24201905727386475,0.24201905727386475,0.24201905727386475,1
33,lowerarm_l,0.24183416366577148,0.24183416366577148,0.24183416366577148,1
35,neck_01,0.24179315567016602,0.24179315567016602,0.24179315567016602,1
36,index_01_r,0.24176156520843506,0.24176156520843506,0.24176156520843506,1
51,spine_01,0.24170446395874023,0.24170446395874023,0.24170446395874023,1
54,thumb_01_l,0.24160780012607574,0.24160780012607574,0.24160780012607574,1
38,index_01_r,0.24149732291698456,0.24149732291698456,0.24149732291698456,1
57,middle_01_r,0.2411387860774994,0.2411387860774994,0.2411387860774994,1
10,calf_r,0.241129532456398,0.241129532456398,0.241129532456398,1
12,LCalfTwist_01,0.24112750589847565,0.24112750589847565,0.24112750589847565,1
25,pinky_01_l,0.24110354483127594,0.24110354483127594,0.24110354483127594,1
13,pinky_01_l,0.24092631042003632,0.24092631042003632,0.24092631042003632,1
63,index_01_r,0.24071161448955536,0.24071161448955536,0.24071161448955536,1
17,head,0.24063637852668762,0.24063637852668762,0.24063637852668762,1
80,RCalfTwist_02,0.24051858484745026,0.24051858484745026,0.24051858484745026,1
6,head,0.24044549465179443,0.24044549465179443,0.24044549465179443,1
9,clavicle_r,0.24044160544872284,0.24044160544872284,0.24044160544872284,1
78,RUpArmTwist_l_01,0.24033845961093903,0.24033845961093903,0.24033845961093903,1
79,lowerarm_r,0.24033840000629425,0.24033840000629425,0.24033840000629425,1
14,RUpArmTwist_r_02,0.23993787169456482,0.23993787169456482,0.23993787169456482,1
60,calf_r,0.23966480791568756,0.23966480791568756,0.23966480791568756,1
14,spine_01,0.23957107961177826,0.23957107961177826,0.23957107961177826,1
4,thumb_01_r,0.23945623636245728,0.23945623636245728,0.23945623636245728,1
6,RUpArmTwist_l_01,0.23927754163742065,0.23927754163742065,0.23927754163742065,1
27,RUpArmTwist_l_02,0.23911024630069733,0.23911024630069733,0.23911024630069733,1
26,RUpArmTwist_r_02,0.2390114814043045,0.2390114814043045,0.2390114814043045,1
61,index_01_r,0.23893523216247559,0.23893523216247559,0.23893523216247559,1
42,spine_02,0.2384951412677765,0.2384951412677765,0.2384951412677765,1
19,pinky_01_r,0.2384261190891266,0.2384261190891266,0.2384261190891266,1
39,ball_r,0.23839551210403442,0.23839551210403442,0.23839551210403442,1
15,thumb_01_l,0.23829668760299683,0.23829668760299683,0.23829668760299683,1
9,thigh_r,0.2380932718515396,0.2380932718515396,0.2380932718515396,1
48,head,0.23798255622386932,0.23798255622386932,0.23798255622386932,1
80,RUpArmTwist_r_01,0.23795229196548462,0.23795229196548462,0.23795229196548462,1
47,calf_l,0.23780891299247742,0.23780891299247742,0.23780891299247742,1
83,pinky_01_r,0.23769629001617432,0.23769629001617432,0.23769629001617432,1
60,ball_r,0.23763084411621094,0.23763084411621094,0.23763084411621094,1
84,RCalfTwist_02,0.23756803572177887,0.23756803572177887,0.23756803572177887,1
81,clavicle_r,0.23754027485847473,0.23754027485847473,0.23754027485847473,1
10,index_01_r,0.23750059306621552,0.23750059306621552,0.23750059306621552,1
31,clavicle_r,0.23736706376075745,0.23736706376075745,0.23736706376075745,1
75,index_01_r,0.23719888925552368,0.23719888925552368,0.23719888925552368,1
70,spine_02,0.2368781417608261,0.2368781417608261,0.2368781417608261,1
35,index_01_r,0.2368004471063614,0.2368004471063614,0.2368004471063614,1
33,LCalfTwist_02,0.2367425560951233,0.2367425560951233,0.2367425560951233,1
9,pinky_01_r,0.2364053577184677,0.2364053577184677,0.2364053577184677,1
27,RUpArmTwist_l_01,0.2363051474094391,0.2363051474094391,0.2363051474094391,1
27,pinky_01_l,0.2362964004278183,0.2362964004278183,0.2362964004278183,1
0,clavicle_l,0.23620858788490295,0.23620858788490295,0.23620858788490295,1
79,upperarm_r,0.2359773814678192,0.2359773814678192,0.2359773814678192,1
55,ball_l,0.23581969738006592,0.23581969738006592,0.23581969738006592,1
81,lowerarm_r,0.23577344417572021,0.23577344417572021,0.23577344417572021,1
32,lowerarm_r,0.23577217757701874,0.23577217757701874,0.23577217757701874,1
1,R_ForeTwist_01,0.23577101528644562,0.23577101528644562,0.23577101528644562,1
37,thumb_01_l,0.23570996522903442,0.23570996522903442,0.23570996522903442,1
35,lowerarm_r,0.2356874942779541,0.2356874942779541,0.2356874942779541,1
33,index_01_r,0.23559542000293732,0.23559542000293732,0.23559542000293732,1
25,RCalfTwist_02,0.2355499565601349,0.2355499565601349,0.2355499565601349,1
31,LCalfTwist_02,0.2354605346918106,0.2354605346918106,0.2354605346918106,1
47,index_01_r,0.2354481965303421,0.2354481965303421,0.2354481965303421,1
77,RCalfTwist_02,0.23523275554180145,0.23523275554180145,0.23523275554180145,1
46,thigh_l,0.235187828540802,0.235187828540802,0.235187828540802,1
54,spine_01,0.2351645678281784,0.2351645678281784,0.2351645678281784,1
4,L_ForeTwist_01,0.2350630909204483,0.2350630909204483,0.2350630909204483,1
73,thumb_01_l,0.23498687148094177,0.23498687148094177,0.23498687148094177,1
18,LCalfTwist_02,0.23487991094589233,0.23487991094589233,0.23487991094589233,1
17,RUpArmTwist_r_02,0.2347659021615982,0.2347659021615982,0.2347659021615982,1
21,RUpArmTwist_l_02,0.23468682169914246,0.23468682169914246,0.23468682169914246,1
66,R_ForeTwist_01,0.23463939130306244,0.23463939130306244,0.23463939130306244,1
50,neck_01,0.2346334606409073,0.2346334606409073,0.2346334606409073,1
3,neck_01,0.23457054793834686,0.23457054793834686,0.23457054793834686,1
77,pinky_01_l,0.23447485268115997,0.23447485268115997,0.23447485268115997,1
4,thumb_01_l,0.23446831107139587,0.23446831107139587,0.23446831107139587,1
54,middle_01_r,0.23441150784492493,0.23441150784492493,0.23441150784492493,1
20,LCalfTwist_01,0.23435916006565094,0.23435916006565094,0.23435916006565094,1
63,RCalfTwist_02,0.23433087766170502,0.23433087766170502,0.23433087766170502,1
78,neck_01,0.23407180607318878,0.23407180607318878,0.23407180607318878,1
2,calf_r,0.2340373694896698,0.2340373694896698,0.2340373694896698,1
45,RUpArmTwist_r_02,0.23387043178081512,0.23387043178081512,0.23387043178081512,1
2,RUpArmTwist_r_02,0.2337234765291214,0.2337234765291214,0.2337234765291214,1
16,LCalfTwist_01,0.23363980650901794,0.23363980650901794,0.23363980650901794,1
40,LCalfTwist_02,0.23353278636932373,0.23353278636932373,0.23353278636932373,1
42,R_ForeTwist_01,0.2333139330148697,0.2333139330148697,0.2333139330148697,1
36,thumb_01_l,0.2332065999507904,0.2332065999507904,0.2332065999507904,1
12,pinky_01_r,0.2330864816904068,0.2330864816904068,0.2330864816904068,1
54,neck_01,0.23298215866088867,0.23298215866088867,0.23298215866088867,1
12,middle_01_r,0.23298077285289764,0.23298077285289764,0.23298077285289764,1
66,clavicle_r,0.23294515907764435,0.23294515907764435,0.23294515907764435,1
83,calf_l,0.2327364832162857,0.2327364832162857,0.2327364832162857,1
41,head,0.23270270228385925,0.23270270228385925,0.23270270228385925,1
75,middle_01_r,0.23269705474376678,0.23269705474376678,0.23269705474376678,1
41,thigh_r,0.2326388657093048,0.2326388657093048,0.2326388657093048,1
33,R_ForeTwist_01,0.23263141512870789,0.23263141512870789,0.23263141512870789,1
35,thigh_r,0.23262476921081543,0.23262476921081543,0.23262476921081543,1
78,thumb_01_l,0.23261962831020355,0.23261962831020355,0.23261962831020355,1
3,pinky_01_r,0.23252101242542267,0.23252101242542267,0.23252101242542267,1
75,spine_01,0.23247987031936646,0.23247987031936646,0.23247987031936646,1
3,thigh_l,0.23240506649017334,0.23240506649017334,0.23240506649017334,1
46,upperarm_r,0.23232798278331757,0.23232798278331757,0.23232798278331757,1
65,neck_01,0.23231373727321625,0.23231373727321625,0.23231373727321625,1
81,RCalfTwist_02,0.231947124004364,0.231947124004364,0.231947124004364,1
32,thumb_01_l,0.23185096681118011,0.23185096681118011,0.23185096681118011,1
80,index_01_r,0.23183311522006989,0.23183311522006989,0.23183311522006989,1
26,ball_r,0.23172137141227722,0.23172137141227722,0.23172137141227722,1
3,RCalfTwist_02,0.23160238564014435,0.23160238564014435,0.23160238564014435,1
66,pinky_01_r,0.23122116923332214,0.23122116923332214,0.23122116923332214,1
36,pinky_01_l,0.23109622299671173,0.23109622299671173,0.23109622299671173,1
25,neck_01,0.23108811676502228,0.23108811676502228,0.23108811676502228,1
79,clavicle_l,0.23103861510753632,0.23103861510753632,0.23103861510753632,1
53,clavicle_r,0.23100583255290985,0.23100583255290985,0.23100583255290985,1
78,spine_02,0.23096300661563873,0.23096300661563873,0.23096300661563873,1
9,ball_r,0.23092877864837646,0.23092877864837646,0.23092877864837646,1
44,spine_02,0.23082566261291504,0.23082566261291504,0.23082566261291504,1
21,RCalfTwist_02,0.2308211475610733,0.2308211475610733,0.2308211475610733,1
54,pinky_01_l,0.23073478043079376,0.23073478043079376,0.23073478043079376,1
14,clavicle_r,0.23071999847888947,0.23071999847888947,0.23071999847888947,1
22,lowerarm_l,0.23069430887699127,0.23069430887699127,0.23069430887699127,1
27,RCalfTwist_02,0.2306404411792755,0.2306404411792755,0.2306404411792755,1
22,thumb_01_l,0.23059473931789398,0.23059473931789398,0.23059473931789398,1
79,index_01_r,0.2301313281059265,0.2301313281059265,0.2301313281059265,1
6,lowerarm_r,0.23009777069091797,0.23009777069091797,0.23009777069091797,1
1,thumb_01_r,0.2300669252872467,0.2300669252872467,0.2300669252872467,1
49,hand_l,0.22994357347488403,0.22994357347488403,0.22994357347488403,1
64,pinky_01_r,0.22991538047790527,0.22991538047790527,0.22991538047790527,1
32,index_01_r,0.2297457754611969,0.2297457754611969,0.2297457754611969,1
12,thigh_r,0.2297355830669403,0.2297355830669403,0.2297355830669403,1
48,neck_01,0.2296227514743805,0.2296227514743805,0.2296227514743805,1
42,RUpArmTwist_l_01,0.22946281731128693,0.22946281731128693,0.22946281731128693,1
61,spine_01,0.22945132851600647,0.22945132851600647,0.22945132851600647,1
10,LCalfTwist_02,0.22941386699676514,0.22941386699676514,0.22941386699676514,1
82,RUpArmTwist_r_01,0.22939294576644897,0.22939294576644897,0.22939294576644897,1
11,foot_r,0.22932574152946472,0.22932574152946472,0.22932574152946472,1
56,thumb_01_l,0.22931407392024994,0.22931407392024994,0.22931407392024994,1
42,middle_01_r,0.22918008267879486,0.22918008267879486,0.22918008267879486,1
39,upperarm_l,0.2288372963666916,0.2288372963666916,0.2288372963666916,1
75,LCalfTwist_02,0.228812113404274,0.228812113404274,0.228812113404274,1
83,RCalfTwist_02,0.2287060022354126,0.2287060022354126,0.2287060022354126,1
39,lowerarm_r,0.22857646644115448,0.22857646644115448,0.22857646644115448,1
32,LCalfTwist_02,0.22844982147216797,0.22844982147216797,0.22844982147216797,1
50,ball_r,0.22834795713424683,0.22834795713424683,0.22834795713424683,1
34,pinky_01_r,0.22825069725513458,0.22825069725513458,0.22825069725513458,1
2,pinky_01_r,0.22821930050849915,0.22821930050849915,0.22821930050849915,1
80,calf_l,0.22817151248455048,0.22817151248455048,0.22817151248455048,1
53,neck_01,0.22811247408390045,0.22811247408390045,0.22811247408390045,1
51,head,0.22807642817497253,0.22807642817497253,0.22807642817497253,1
84,middle_01_l,0.22802475094795227,0.22802475094795227,0.22802475094795227,1
60,RUpArmTwist_l_02,0.227790966629982,0.227790966629982,0.227790966629982,1
54,clavicle_l,0.22759303450584412,0.22759303450584412,0.22759303450584412,1
38,spine_01,0.22753457725048065,0.22753457725048065,0.22753457725048065,1
33,RCalfTwist_02,0.22746595740318298,0.22746595740318298,0.22746595740318298,1
21,R_ForeTwist_01,0.22746393084526062,0.22746393084526062,0.22746393084526062,1
32,RUpArmTwist_r_02,0.2274009883403778,0.2274009883403778,0.2274009883403778,1
9,middle_01_l,0.2272423505783081,0.2272423505783081,0.2272423505783081,1
16,spine_01,0.22719426453113556,0.22719426453113556,0.22719426453113556,1
10,pinky_01_r,0.22716574370861053,0.22716574370861053,0.22716574370861053,1
69,lowerarm_l,0.22711193561553955,0.22711193561553955,0.22711193561553955,1
23,spine_01,0.22707417607307434,0.22707417607307434,0.22707417607307434,1
41,RCalfTwist_02,0.22701294720172882,0.22701294720172882,0.22701294720172882,1
49,upperarm_l,0.22700120508670807,0.22700120508670807,0.22700120508670807,1
3,pinky_01_l,0.22698207199573517,0.22698207199573517,0.22698207199573517,1
80,ball_r,0.2269352227449417,0.2269352227449417,0.2269352227449417,1
78,pinky_01_l,0.22689583897590637,0.22689583897590637,0.22689583897590637,1
60,clavicle_r,0.22676017880439758,0.22676017880439758,0.22676017880439758,1
2,RUpArmTwist_r_01,0.22674526274204254,0.22674526274204254,0.22674526274204254,1
50,RUpArmTwist_l_01,0.22664958238601685,0.22664958238601685,0.22664958238601685,1
45,RUpArmTwist_l_01,0.22662051022052765,0.22662051022052765,0.22662051022052765,1
54,RUpArmTwist_r_02,0.22656095027923584,0.22656095027923584,0.22656095027923584,1
46,index_01_r,0.22654204070568085,0.22654204070568085,0.22654204070568085,1
42,RUpArmTwist_l_02,0.22653478384017944,0.22653478384017944,0.22653478384017944,1
1,middle_01_r,0.22616612911224365,0.22616612911224365,0.22616612911224365,1
44,ball_r,0.2261006087064743,0.2261006087064743,0.2261006087064743,1
42,LCalfTwist_03,0.22607724368572235,0.22607724368572235,0.22607724368572235,1
79,hand_l,0.22602108120918274,0.22602108120918274,0.22602108120918274,1
74,index_01_r,0.2260124832391739,0.2260124832391739,0.2260124832391739,1
34,thumb_01_l,0.22596287727355957,0.22596287727355957,0.22596287727355957,1
41,calf_r,0.22587299346923828,0.22587299346923828,0.22587299346923828,1
47,ball_r,0.2256689965724945,0.2256689965724945,0.2256689965724945,1
60,spine_02,0.2255820482969284,0.2255820482969284,0.2255820482969284,1
56,index_01_r,0.22555026412010193,0.22555026412010193,0.22555026412010193,1
39,thumb_01_l,0.22542956471443176,0.22542956471443176,0.22542956471443176,1
20,RCalfTwist_02,0.2254219949245453,0.2254219949245453,0.2254219949245453,1
39,spine_02,0.22532232105731964,0.22532232105731964,0.22532232105731964,1
70,RCalfTwist_02,0.225241020321846,0.225241020321846,0.225241020321846,1
81,pinky_01_l,0.22490249574184418,0.22490249574184418,0.22490249574184418,1
62,RUpArmTwist_r_02,0.22455057501792908,0.22455057501792908,0.22455057501792908,1
67,hand_l,0.22454051673412323,0.22454051673412323,0.22454051673412323,1
35,lowerarm_l,0.22428476810455322,0.22428476810455322,0.22428476810455322,1
67,clavicle_l,0.22420427203178406,0.22420427203178406,0.22420427203178406,1
84,foot_r,0.22387714684009552,0.22387714684009552,0.22387714684009552,1
30,RUpArmTwist_r_01,0.22376565635204315,0.22376565635204315,0.22376565635204315,1
21,thumb_01_l,0.22370126843452454,0.22370126843452454,0.22370126843452454,1
31,RCalfTwist_02,0.2235962450504303,0.2235962450504303,0.2235962450504303,1
74,neck_01,0.22350569069385529,0.22350569069385529,0.22350569069385529,1
7,ball_r,0.22340087592601776,0.22340087592601776,0.22340087592601776,1
29,index_01_r,0.22339238226413727,0.22339238226413727,0.22339238226413727,1
15,thigh_r,0.22337882220745087,0.22337882220745087,0.22337882220745087,1
79,spine_02,0.22331862151622772,0.22331862151622772,0.22331862151622772,1
61,thumb_01_l,0.223224937915802,0.223224937915802,0.223224937915802,1
55,RUpArmTwist_l_02,0.22315852344036102,0.22315852344036102,0.22315852344036102,1
51,RUpArmTwist_r_01,0.2230897843837738,0.2230897843837738,0.2230897843837738,1
21,middle_01_r,0.22294311225414276,0.22294311225414276,0.22294311225414276,1
45,head,0.2227494865655899,0.2227494865655899,0.2227494865655899,1
68,RUpArmTwist_l_02,0.22274553775787354,0.22274553775787354,0.22274553775787354,1
23,LCalfTwist_01,0.22268426418304443,0.22268426418304443,0.22268426418304443,1
44,upperarm_r,0.22257862985134125,0.22257862985134125,0.22257862985134125,1
59,calf_r,0.22248846292495728,0.22248846292495728,0.22248846292495728,1
78,clavicle_l,0.2224726378917694,0.2224726378917694,0.2224726378917694,1
79,thumb_01_r,0.2224663347005844,0.2224663347005844,0.2224663347005844,1
49,calf_l,0.22224192321300507,0.22224192321300507,0.22224192321300507,1
7,pinky_01_r,0.22222279012203217,0.22222279012203217,0.22222279012203217,1
58,lowerarm_r,0.2220604568719864,0.2220604568719864,0.2220604568719864,1
34,clavicle_r,0.2219986468553543,0.2219986468553543,0.2219986468553543,1
56,RUpArmTwist_r_02,0.2219385802745819,0.2219385802745819,0.2219385802745819,1
0,hand_l,0.22183561325073242,0.22183561325073242,0.22183561325073242,1
9,calf_r,0.22176821529865265,0.22176821529865265,0.22176821529865265,1
79,clavicle_r,0.2215604931116104,0.2215604931116104,0.2215604931116104,1
39,spine_01,0.22147679328918457,0.22147679328918457,0.22147679328918457,1
30,LCalfTwist_02,0.22142183780670166,0.22142183780670166,0.22142183780670166,1
80,pinky_01_l,0.22134843468666077,0.22134843468666077,0.22134843468666077,1
0,RCalfTwist_03,0.22129134833812714,0.22129134833812714,0.22129134833812714,1
2,lowerarm_r,0.22104988992214203,0.22104988992214203,0.22104988992214203,1
60,upperarm_r,0.22099271416664124,0.22099271416664124,0.22099271416664124,1
49,head,0.22094903886318207,0.22094903886318207,0.22094903886318207,1
26,lowerarm_l,0.220924511551857,0.220924511551857,0.220924511551857,1
20,clavicle_r,0.22054602205753326,0.22054602205753326,0.22054602205753326,1
21,RUpArmTwist_r_02,0.2205037772655487,0.2205037772655487,0.2205037772655487,1
14,ball_l,0.22045913338661194,0.22045913338661194,0.22045913338661194,1
29,spine_02,0.22038741409778595,0.22038741409778595,0.22038741409778595,1
17,thumb_01_l,0.22037141025066376,0.22037141025066376,0.22037141025066376,1
43,RUpArmTwist_l_02,0.2203025221824646,0.2203025221824646,0.2203025221824646,1
11,head,0.220195010304451,0.220195010304451,0.220195010304451,1
10,RUpArmTwist_r_02,0.21980519592761993,0.21980519592761993,0.21980519592761993,1
79,RCalfTwist_02,0.21977335214614868,0.21977335214614868,0.21977335214614868,1
32,hand_l,0.21971949934959412,0.21971949934959412,0.21971949934959412,1
76,RUpArmTwist_r_02,0.2196863740682602,0.2196863740682602,0.2196863740682602,1
32,R_ForeTwist_01,0.2195069044828415,0.2195069044828415,0.2195069044828415,1
47,hand_l,0.21939070522785187,0.21939070522785187,0.21939070522785187,1
69,index_01_r,0.21926435828208923,0.21926435828208923,0.21926435828208923,1
33,RUpArmTwist_l_02,0.219063863158226,0.219063863158226,0.219063863158226,1
73,ball_l,0.2190016657114029,0.2190016657114029,0.2190016657114029,1
4,index_01_r,0.2189854234457016,0.2189854234457016,0.2189854234457016,1
33,neck_01,0.21866752207279205,0.21866752207279205,0.21866752207279205,1
45,upperarm_l,0.21835610270500183,0.21835610270500183,0.21835610270500183,1
7,RUpArmTwist_l_01,0.2180701196193695,0.2180701196193695,0.2180701196193695,1
7,RCalfTwist_02,0.21788254380226135,0.21788254380226135,0.21788254380226135,1
10,middle_01_r,0.2178790122270584,0.2178790122270584,0.2178790122270584,1
30,ball_l,0.2178005874156952,0.2178005874156952,0.2178005874156952,1
42,LCalfTwist_01,0.21773789823055267,0.21773789823055267,0.21773789823055267,1
37,head,0.21771246194839478,0.21771246194839478,0.21771246194839478,1
25,RUpArmTwist_r_02,0.21765050292015076,0.21765050292015076,0.21765050292015076,1
39,pinky_01_l,0.21750985085964203,0.21750985085964203,0.21750985085964203,1
24,spine_01,0.21749189496040344,0.21749189496040344,0.21749189496040344,1
33,spine_01,0.21741744875907898,0.21741744875907898,0.21741744875907898,1
56,clavicle_r,0.21738705039024353,0.21738705039024353,0.21738705039024353,1
4,pinky_01_r,0.2173382192850113,0.2173382192850113,0.2173382192850113,1
47,middle_01_r,0.21733009815216064,0.21733009815216064,0.21733009815216064,1
60,RCalfTwist_02,0.21727091073989868,0.21727091073989868,0.21727091073989868,1
73,LCalfTwist_02,0.2172679454088211,0.2172679454088211,0.2172679454088211,1
63,clavicle_r,0.21725091338157654,0.21725091338157654,0.21725091338157654,1
70,LCalfTwist_03,0.21717604994773865,0.21717604994773865,0.21717604994773865,1
85,ball_l,0.21705588698387146,0.21705588698387146,0.21705588698387146,1
24,index_01_r,0.2168913185596466,0.2168913185596466,0.2168913185596466,1
6,LCalfTwist_03,0.2168610543012619,0.2168610543012619,0.2168610543012619,1
14,thumb_01_l,0.2168557196855545,0.2168557196855545,0.2168557196855545,1
26,index_01_r,0.21675443649291992,0.21675443649291992,0.21675443649291992,1
73,index_01_r,0.21655601263046265,0.21655601263046265,0.21655601263046265,1
50,clavicle_r,0.2164098620414734,0.2164098620414734,0.2164098620414734,1
5,RCalfTwist_01,0.21634100377559662,0.21634100377559662,0.21634100377559662,1
33,thigh_r,0.21585208177566528,0.21585208177566528,0.21585208177566528,1
46,RCalfTwist_02,0.21583621203899384,0.21583621203899384,0.21583621203899384,1
61,spine_02,0.21564581990242004,0.21564581990242004,0.21564581990242004,1
22,ball_r,0.2153479903936386,0.2153479903936386,0.2153479903936386,1
20,RUpArmTwist_r_02,0.2153305560350418,0.2153305560350418,0.2153305560350418,1
47,neck_01,0.2152719646692276,0.2152719646692276,0.2152719646692276,1
58,RUpArmTwist_r_02,0.21509531140327454,0.21509531140327454,0.21509531140327454,1
72,RCalfTwist_02,0.21490596234798431,0.21490596234798431,0.21490596234798431,1
24,LCalfTwist_01,0.21473051607608795,0.21473051607608795,0.21473051607608795,1
42,foot_r,0.21471565961837769,0.21471565961837769,0.21471565961837769,1
50,thumb_01_l,0.21448087692260742,0.21448087692260742,0.21448087692260742,1
16,neck_01,0.21445658802986145,0.21445658802986145,0.21445658802986145,1
83,index_01_r,0.21426407992839813,0.21426407992839813,0.21426407992839813,1
25,index_01_r,0.2141345739364624,0.2141345739364624,0.2141345739364624,1
18,LCalfTwist_03,0.21407639980316162,0.21407639980316162,0.21407639980316162,1
29,neck_01,0.21404814720153809,0.21404814720153809,0.21404814720153809,1
62,foot_l,0.2139538824558258,0.2139538824558258,0.2139538824558258,1
65,clavicle_l,0.2137519121170044,0.2137519121170044,0.2137519121170044,1
55,index_01_r,0.2134658396244049,0.2134658396244049,0.2134658396244049,1
23,RCalfTwist_02,0.21344822645187378,0.21344822645187378,0.21344822645187378,1
40,hand_l,0.21340006589889526,0.21340006589889526,0.21340006589889526,1
67,pinky_01_r,0.21336497366428375,0.21336497366428375,0.21336497366428375,1
7,RUpArmTwist_r_01,0.21328870952129364,0.21328870952129364,0.21328870952129364,1
22,RUpArmTwist_r_01,0.2129070907831192,0.2129070907831192,0.2129070907831192,1
17,lowerarm_r,0.2128237783908844,0.2128237783908844,0.2128237783908844,1
17,spine_02,0.2128055989742279,0.2128055989742279,0.2128055989742279,1
80,thumb_01_l,0.212751105427742,0.212751105427742,0.212751105427742,1
50,RCalfTwist_02,0.2127304971218109,0.2127304971218109,0.2127304971218109,1
51,RUpArmTwist_l_02,0.21261203289031982,0.21261203289031982,0.21261203289031982,1
41,RUpArmTwist_l_01,0.21258395910263062,0.21258395910263062,0.21258395910263062,1
64,R_ForeTwist_01,0.21243444085121155,0.21243444085121155,0.21243444085121155,1
68,clavicle_l,0.21203163266181946,0.21203163266181946,0.21203163266181946,1
32,upperarm_l,0.2120039463043213,0.2120039463043213,0.2120039463043213,1
32,LCalfTwist_03,0.21195431053638458,0.21195431053638458,0.21195431053638458,1
51,upperarm_r,0.21193067729473114,0.21193067729473114,0.21193067729473114,1
11,LCalfTwist_01,0.2117975950241089,0.2117975950241089,0.2117975950241089,1
52,index_01_r,0.21173463761806488,0.21173463761806488,0.21173463761806488,1
2,thumb_01_r,0.2116527259349823,0.2116527259349823,0.2116527259349823,1
51,ring_01_r,0.21159547567367554,0.21159547567367554,0.21159547567367554,1
79,calf_r,0.21155758202075958,0.21155758202075958,0.21155758202075958,1
7,clavicle_l,0.2115500122308731,0.2115500122308731,0.2115500122308731,1
78,RCalfTwist_02,0.2115444391965866,0.2115444391965866,0.2115444391965866,1
47,RUpArmTwist_l_02,0.21148085594177246,0.21148085594177246,0.21148085594177246,1
22,RUpArmTwist_r_02,0.21143783628940582,0.21143783628940582,0.21143783628940582,1
18,thumb_01_l,0.21107658743858337,0.21107658743858337,0.21107658743858337,1
73,pinky_01_l,0.21064892411231995,0.21064892411231995,0.21064892411231995,1
23,thigh_r,0.2106362134218216,0.2106362134218216,0.2106362134218216,1
33,hand_l,0.21063601970672607,0.21063601970672607,0.21063601970672607,1
44,index_01_r,0.21057471632957458,0.21057471632957458,0.21057471632957458,1
49,RUpArmTwist_l_01,0.21051868796348572,0.21051868796348572,0.21051868796348572,1
41,index_01_r,0.2104615718126297,0.2104615718126297,0.2104615718126297,1
14,index_01_r,0.21046064794063568,0.21046064794063568,0.21046064794063568,1
85,RCalfTwist_02,0.21043367683887482,0.21043367683887482,0.21043367683887482,1
61,pinky_01_r,0.2104104608297348,0.2104104608297348,0.2104104608297348,1
67,index_01_r,0.21037675440311432,0.21037675440311432,0.21037675440311432,1
29,ball_r,0.21030141413211823,0.21030141413211823,0.21030141413211823,1
82,thumb_01_l,0.21028631925582886,0.21028631925582886,0.21028631925582886,1
51,RCalfTwist_01,0.21018964052200317,0.21018964052200317,0.21018964052200317,1
67,RUpArmTwist_r_02,0.21012292802333832,0.21012292802333832,0.21012292802333832,1
10,hand_l,0.21011504530906677,0.21011504530906677,0.21011504530906677,1
80,LCalfTwist_03,0.210072323679924,0.210072323679924,0.210072323679924,1
40,lowerarm_l,0.2099495381116867,0.2099495381116867,0.2099495381116867,1
71,RCalfTwist_02,0.20991699397563934,0.20991699397563934,0.20991699397563934,1
41,lowerarm_l,0.20984293520450592,0.20984293520450592,0.20984293520450592,1
82,RCalfTwist_02,0.20960474014282227,0.20960474014282227,0.20960474014282227,1
76,index_01_r,0.20942378044128418,0.20942378044128418,0.20942378044128418,1
35,RUpArmTwist_l_02,0.20923741161823273,0.20923741161823273,0.20923741161823273,1
78,index_01_r,0.20923730731010437,0.20923730731010437,0.20923730731010437,1
23,R_ForeTwist_01,0.20911087095737457,0.20911087095737457,0.20911087095737457,1
50,calf_l,0.2090912163257599,0.2090912163257599,0.2090912163257599,1
9,RUpArmTwist_r_02,0.20904603600502014,0.20904603600502014,0.20904603600502014,1
74,clavicle_r,0.20892898738384247,0.20892898738384247,0.20892898738384247,1
5,ball_r,0.20885251462459564,0.20885251462459564,0.20885251462459564,1
8,lowerarm_l,0.20884115993976593,0.20884115993976593,0.20884115993976593,1
46,lowerarm_l,0.20883004367351532,0.20883004367351532,0.20883004367351532,1
64,clavicle_l,0.2086363136768341,0.2086363136768341,0.2086363136768341,1
40,RUpArmTwist_r_01,0.20856855809688568,0.20856855809688568,0.20856855809688568,1
64,RCalfTwist_03,0.208478182554245,0.208478182554245,0.208478182554245,1
5,middle_01_r,0.2083718329668045,0.2083718329668045,0.2083718329668045,1
9,middle_01_r,0.20832425355911255,0.20832425355911255,0.20832425355911255,1
81,neck_01,0.20813724398612976,0.20813724398612976,0.20813724398612976,1
9,RUpArmTwist_l_02,0.20804475247859955,0.20804475247859955,0.20804475247859955,1
0,calf_l,0.2079826146364212,0.2079826146364212,0.2079826146364212,1
13,calf_r,0.20795845985412598,0.20795845985412598,0.20795845985412598,1
37,index_01_r,0.20784980058670044,0.20784980058670044,0.20784980058670044,1
10,head,0.207839235663414,0.207839235663414,0.207839235663414,1
40,ball_r,0.20783108472824097,0.20783108472824097,0.20783108472824097,1
35,pinky_01_r,0.2078300565481186,0.2078300565481186,0.2078300565481186,1
39,Bip001,0.20778898894786835,0.20778898894786835,0.20778898894786835,1
80,spine_01,0.20765121281147003,0.20765121281147003,0.20765121281147003,1
83,thumb_01_l,0.20759892463684082,0.20759892463684082,0.20759892463684082,1
4,ball_r,0.20741678774356842,0.20741678774356842,0.20741678774356842,1
15,RUpArmTwist_r_02,0.20740672945976257,0.20740672945976257,0.20740672945976257,1
53,R_ForeTwist_01,0.20736567676067352,0.20736567676067352,0.20736567676067352,1
6,LCalfTwist_02,0.20734824240207672,0.20734824240207672,0.20734824240207672,1
65,R_ForeTwist_01,0.20715856552124023,0.20715856552124023,0.20715856552124023,1
75,L_ForeTwist_01,0.20684608817100525,0.20684608817100525,0.20684608817100525,1
85,clavicle_r,0.20669355988502502,0.20669355988502502,0.20669355988502502,1
64,RUpArmTwist_l_01,0.20653195679187775,0.20653195679187775,0.20653195679187775,1
75,pinky_01_l,0.20652812719345093,0.20652812719345093,0.20652812719345093,1
28,thigh_l,0.20644104480743408,0.20644104480743408,0.20644104480743408,1
56,hand_l,0.20640254020690918,0.20640254020690918,0.20640254020690918,1
76,thumb_01_l,0.20634783804416656,0.20634783804416656,0.20634783804416656,1
4,ball_l,0.206287682056427,0.206287682056427,0.206287682056427,1
37,clavicle_r,0.20628376305103302,0.20628376305103302,0.20628376305103302,1
36,clavicle_r,0.20625145733356476,0.20625145733356476,0.20625145733356476,1
36,lowerarm_l,0.20619657635688782,0.20619657635688782,0.20619657635688782,1
81,ball_r,0.2058841735124588,0.2058841735124588,0.2058841735124588,1
42,index_01_r,0.20576277375221252,0.20576277375221252,0.20576277375221252,1
48,hand_l,0.20562691986560822,0.20562691986560822,0.20562691986560822,1
45,pinky_01_r,0.20556862652301788,0.20556862652301788,0.20556862652301788,1
67,lowerarm_r,0.20525716245174408,0.20525716245174408,0.20525716245174408,1
40,clavicle_r,0.20525380969047546,0.20525380969047546,0.20525380969047546,1
39,L_ForeTwist_02,0.20523351430892944,0.20523351430892944,0.20523351430892944,1
41,clavicle_l,0.20517665147781372,0.20517665147781372,0.20517665147781372,1
80,thumb_01_r,0.20512646436691284,0.20512646436691284,0.20512646436691284,1
45,hand_l,0.20501163601875305,0.20501163601875305,0.20501163601875305,1
32,neck_01,0.2049982249736786,0.2049982249736786,0.2049982249736786,1
16,thumb_01_l,0.20491467416286469,0.20491467416286469,0.20491467416286469,1
81,L_ForeTwist_01,0.20482482016086578,0.20482482016086578,0.20482482016086578,1
37,LCalfTwist_03,0.20477153360843658,0.20477153360843658,0.20477153360843658,1
32,index_01_l,0.2047041356563568,0.2047041356563568,0.2047041356563568,1
62,clavicle_l,0.20466580986976624,0.20466580986976624,0.20466580986976624,1
34,index_01_r,0.2046356350183487,0.2046356350183487,0.2046356350183487,1
59,RUpArmTwist_r_01,0.2044931948184967,0.2044931948184967,0.2044931948184967,1
59,index_01_r,0.20448322594165802,0.20448322594165802,0.20448322594165802,1
74,ball_r,0.2044716626405716,0.2044716626405716,0.2044716626405716,1
8,ball_r,0.20436614751815796,0.20436614751815796,0.20436614751815796,1
5,calf_r,0.20429693162441254,0.20429693162441254,0.20429693162441254,1
68,index_01_r,0.2042585015296936,0.2042585015296936,0.2042585015296936,1
36,spine_01,0.20416055619716644,0.20416055619716644,0.20416055619716644,1
60,clavicle_l,0.20413696765899658,0.20413696765899658,0.20413696765899658,1
43,calf_r,0.20403318107128143,0.20403318107128143,0.20403318107128143,1
21,ball_r,0.20376549661159515,0.20376549661159515,0.20376549661159515,1
44,pinky_01_l,0.20376090705394745,0.20376090705394745,0.20376090705394745,1
49,RCalfTwist_02,0.20373184978961945,0.20373184978961945,0.20373184978961945,1
35,upperarm_r,0.2037305235862732,0.2037305235862732,0.2037305235862732,1
77,thumb_01_l,0.20371124148368835,0.20371124148368835,0.20371124148368835,1
1,RCalfTwist_02,0.20351725816726685,0.20351725816726685,0.20351725816726685,1
62,spine_01,0.20342957973480225,0.20342957973480225,0.20342957973480225,1
62,R_ForeTwist_01,0.20339059829711914,0.20339059829711914,0.20339059829711914,1
18,RUpArmTwist_l_01,0.20338164269924164,0.20338164269924164,0.20338164269924164,1
67,ball_r,0.203341543674469,0.203341543674469,0.203341543674469,1
20,pinky_01_r,0.2032165378332138,0.2032165378332138,0.2032165378332138,1
58,RUpArmTwist_r_01,0.20297829806804657,0.20297829806804657,0.20297829806804657,1
74,RCalfTwist_02,0.20292001962661743,0.20292001962661743,0.20292001962661743,1
50,pinky_01_r,0.20276421308517456,0.20276421308517456,0.20276421308517456,1
38,thumb_01_l,0.20267634093761444,0.20267634093761444,0.20267634093761444,1
36,RCalfTwist_02,0.20260414481163025,0.20260414481163025,0.20260414481163025,1
11,clavicle_r,0.2024620622396469,0.2024620622396469,0.2024620622396469,1
47,RUpArmTwist_r_02,0.20238520205020905,0.20238520205020905,0.20238520205020905,1
47,calf_r,0.20233319699764252,0.20233319699764252,0.20233319699764252,1
15,hand_l,0.2021789848804474,0.2021789848804474,0.2021789848804474,1
83,L_ForeTwist_01,0.2021128386259079,0.2021128386259079,0.2021128386259079,1
82,LCalfTwist_03,0.20200446248054504,0.20200446248054504,0.20200446248054504,1
65,L_ForeTwist_01,0.20193447172641754,0.20193447172641754,0.20193447172641754,1
11,R_ForeTwist_01,0.20191846787929535,0.20191846787929535,0.20191846787929535,1
35,spine_02,0.20191018283367157,0.20191018283367157,0.20191018283367157,1
71,clavicle_l,0.2019072026014328,0.2019072026014328,0.2019072026014328,1
85,LCalfTwist_02,0.20190507173538208,0.20190507173538208,0.20190507173538208,1
84,index_01_r,0.20188938081264496,0.20188938081264496,0.20188938081264496,1
9,thumb_01_l,0.201882004737854,0.201882004737854,0.201882004737854,1
6,thumb_01_l,0.20142590999603271,0.20142590999603271,0.20142590999603271,1
37,neck_01,0.20140086114406586,0.20140086114406586,0.20140086114406586,1
11,ball_r,0.2011014223098755,0.2011014223098755,0.2011014223098755,1
45,pinky_01_l,0.20099696516990662,0.20099696516990662,0.20099696516990662,1
44,RCalfTwist_02,0.20095324516296387,0.20095324516296387,0.20095324516296387,1
38,pinky_01_l,0.20088748633861542,0.20088748633861542,0.20088748633861542,1
1,RCalfTwist_01,0.20072041451931,0.20072041451931,0.20072041451931,1
48,RCalfTwist_03,0.2006063461303711,0.2006063461303711,0.2006063461303711,1
79,R_ForeTwist_02,0.20021045207977295,0.20021045207977295,0.20021045207977295,1
36,pinky_01_r,0.20000389218330383,0.20000389218330383,0.20000389218330383,1
61,RCalfTwist_02,0.19999219477176666,0.19999219477176666,0.19999219477176666,1
61,thigh_r,0.1999310404062271,0.1999310404062271,0.1999310404062271,1
55,RUpArmTwist_r_02,0.19984391331672668,0.19984391331672668,0.19984391331672668,1
39,index_01_l,0.1997252255678177,0.1997252255678177,0.1997252255678177,1
49,thumb_01_l,0.19972345232963562,0.19972345232963562,0.19972345232963562,1
43,ball_l,0.19965559244155884,0.19965559244155884,0.19965559244155884,1
77,index_01_r,0.19962270557880402,0.19962270557880402,0.19962270557880402,1
26,clavicle_r,0.19949014484882355,0.19949014484882355,0.19949014484882355,1
74,RUpArmTwist_r_02,0.19940972328186035,0.19940972328186035,0.19940972328186035,1
82,RUpArmTwist_r_02,0.1993534117937088,0.1993534117937088,0.1993534117937088,1
62,Bip001,0.19929905235767365,0.19929905235767365,0.19929905235767365,1
21,head,0.1992783397436142,0.1992783397436142,0.1992783397436142,1
9,index_01_r,0.19926005601882935,0.19926005601882935,0.19926005601882935,1
39,LCalfTwist_01,0.19920124113559723,0.19920124113559723,0.19920124113559723,1
50,head,0.19919784367084503,0.19919784367084503,0.19919784367084503,1
80,ball_l,0.1991295963525772,0.1991295963525772,0.1991295963525772,1
18,R_ForeTwist_01,0.19912706315517426,0.19912706315517426,0.19912706315517426,1
12,thumb_01_l,0.19912686944007874,0.19912686944007874,0.19912686944007874,1
84,R_ForeTwist_02,0.199112206697464,0.199112206697464,0.199112206697464,1
37,RCalfTwist_02,0.19900089502334595,0.19900089502334595,0.19900089502334595,1
40,RCalfTwist_02,0.19891861081123352,0.19891861081123352,0.19891861081123352,1
54,index_01_r,0.19890496134757996,0.19890496134757996,0.19890496134757996,1
54,clavicle_r,0.1988425999879837,0.1988425999879837,0.1988425999879837,1
50,lowerarm_r,0.19874462485313416,0.19874462485313416,0.19874462485313416,1
45,neck_01,0.1986997425556183,0.1986997425556183,0.1986997425556183,1
43,clavicle_r,0.198652982711792,0.198652982711792,0.198652982711792,1
1,index_01_l,0.19856886565685272,0.19856886565685272,0.19856886565685272,1
57,lowerarm_r,0.19850322604179382,0.19850322604179382,0.19850322604179382,1
75,thumb_01_l,0.19844473898410797,0.19844473898410797,0.19844473898410797,1
57,index_01_r,0.19827163219451904,0.19827163219451904,0.19827163219451904,1
2,ball_r,0.19826248288154602,0.19826248288154602,0.19826248288154602,1
80,pinky_01_r,0.19806881248950958,0.19806881248950958,0.19806881248950958,1
49,spine_01,0.19795113801956177,0.19795113801956177,0.19795113801956177,1
82,clavicle_r,0.19790863990783691,0.19790863990783691,0.19790863990783691,1
18,ball_r,0.19786174595355988,0.19786174595355988,0.19786174595355988,1
33,clavicle_r,0.1978502720594406,0.1978502720594406,0.1978502720594406,1
75,LCalfTwist_01,0.19782646000385284,0.19782646000385284,0.19782646000385284,1
35,thumb_01_l,0.19779278337955475,0.19779278337955475,0.19779278337955475,1
46,thumb_01_l,0.197743222117424,0.197743222117424,0.197743222117424,1
60,upperarm_l,0.1975957155227661,0.1975957155227661,0.1975957155227661,1
27,lowerarm_l,0.19753994047641754,0.19753994047641754,0.19753994047641754,1
8,pinky_01_r,0.19747930765151978,0.19747930765151978,0.19747930765151978,1
57,clavicle_r,0.19746527075767517,0.19746527075767517,0.19746527075767517,1
2,index_01_l,0.1974315494298935,0.1974315494298935,0.1974315494298935,1
73,index_01_l,0.19725686311721802,0.19725686311721802,0.19725686311721802,1
43,head,0.19724737107753754,0.19724737107753754,0.19724737107753754,1
29,RUpArmTwist_l_01,0.19709815084934235,0.19709815084934235,0.19709815084934235,1
63,neck_01,0.19708062708377838,0.19708062708377838,0.19708062708377838,1
52,L_ForeTwist_01,0.1970442235469818,0.1970442235469818,0.1970442235469818,1
22,hand_l,0.19685856997966766,0.19685856997966766,0.19685856997966766,1
33,thumb_01_l,0.19654443860054016,0.19654443860054016,0.19654443860054016,1
85,RUpArmTwist_r_02,0.196488156914711,0.196488156914711,0.196488156914711,1
47,RCalfTwist_02,0.19643822312355042,0.19643822312355042,0.19643822312355042,1
37,spine_02,0.1964244544506073,0.1964244544506073,0.1964244544506073,1
1,ball_l,0.19632157683372498,0.19632157683372498,0.19632157683372498,1
16,LCalfTwist_02,0.19624286890029907,0.19624286890029907,0.19624286890029907,1
40,RUpArmTwist_r_02,0.19623598456382751,0.19623598456382751,0.19623598456382751,1
40,thumb_01_l,0.19621188938617706,0.19621188938617706,0.19621188938617706,1
39,RCalfTwist_02,0.1961999535560608,0.1961999535560608,0.1961999535560608,1
3,lowerarm_r,0.1960929036140442,0.1960929036140442,0.1960929036140442,1
66,RUpArmTwist_r_02,0.1960681825876236,0.1960681825876236,0.1960681825876236,1
28,hand_l,0.19602350890636444,0.19602350890636444,0.19602350890636444,1
42,neck_01,0.1959286779165268,0.1959286779165268,0.1959286779165268,1
73,RCalfTwist_03,0.19591079652309418,0.19591079652309418,0.19591079652309418,1
11,pinky_01_r,0.195811465382576,0.195811465382576,0.195811465382576,1
42,thumb_01_l,0.19576965272426605,0.19576965272426605,0.19576965272426605,1
70,pinky_01_r,0.19572734832763672,0.19572734832763672,0.19572734832763672,1
54,RCalfTwist_02,0.1955481469631195,0.1955481469631195,0.1955481469631195,1
9,RCalfTwist_02,0.1955195963382721,0.1955195963382721,0.1955195963382721,1
78,R_ForeTwist_01,0.19549380242824554,0.19549380242824554,0.19549380242824554,1
1,RUpArmTwist_r_01,0.19536633789539337,0.19536633789539337,0.19536633789539337,1
56,index_01_l,0.19531647861003876,0.19531647861003876,0.19531647861003876,1
55,lowerarm_r,0.19526861608028412,0.19526861608028412,0.19526861608028412,1
80,clavicle_r,0.19509726762771606,0.19509726762771606,0.19509726762771606,1
79,spine_01,0.1950288563966751,0.1950288563966751,0.1950288563966751,1
38,calf_l,0.194936141371727,0.194936141371727,0.194936141371727,1
33,RUpArmTwist_r_02,0.19490918517112732,0.19490918517112732,0.19490918517112732,1
62,clavicle_r,0.19485989212989807,0.19485989212989807,0.19485989212989807,1
54,RUpArmTwist_l_02,0.19470833241939545,0.19470833241939545,0.19470833241939545,1
9,index_01_l,0.19463784992694855,0.19463784992694855,0.19463784992694855,1
40,spine_02,0.19458642601966858,0.19458642601966858,0.19458642601966858,1
23,thumb_01_l,0.19457390904426575,0.19457390904426575,0.19457390904426575,1
70,RUpArmTwist_r_01,0.19449879229068756,0.19449879229068756,0.19449879229068756,1
81,index_01_l,0.1943991780281067,0.1943991780281067,0.1943991780281067,1
63,RUpArmTwist_l_01,0.19438457489013672,0.19438457489013672,0.19438457489013672,1
4,RUpArmTwist_r_02,0.19425605237483978,0.19425605237483978,0.19425605237483978,1
78,clavicle_r,0.19416543841362,0.19416543841362,0.19416543841362,1
23,ball_r,0.1941123902797699,0.1941123902797699,0.1941123902797699,1
44,RUpArmTwist_r_02,0.19402049481868744,0.19402049481868744,0.19402049481868744,1
81,R_ForeTwist_01,0.194007009267807,0.194007009267807,0.194007009267807,1
13,RUpArmTwist_r_02,0.1940024346113205,0.1940024346113205,0.1940024346113205,1
79,ball_l,0.19386298954486847,0.19386298954486847,0.19386298954486847,1
38,RCalfTwist_03,0.19385287165641785,0.19385287165641785,0.19385287165641785,1
27,thumb_01_l,0.19368326663970947,0.19368326663970947,0.19368326663970947,1
80,R_ForeTwist_02,0.19368042051792145,0.19368042051792145,0.19368042051792145,1
13,ball_r,0.1936785876750946,0.1936785876750946,0.1936785876750946,1
17,clavicle_r,0.19361884891986847,0.19361884891986847,0.19361884891986847,1
49,index_01_r,0.1936163753271103,0.1936163753271103,0.1936163753271103,1
72,RUpArmTwist_r_02,0.1935758739709854,0.1935758739709854,0.1935758739709854,1
17,index_01_r,0.1935558170080185,0.1935558170080185,0.1935558170080185,1
14,ball_r,0.19349072873592377,0.19349072873592377,0.19349072873592377,1
16,upperarm_l,0.19348156452178955,0.19348156452178955,0.19348156452178955,1
72,clavicle_l,0.1929568350315094,0.1929568350315094,0.1929568350315094,1
3,RUpArmTwist_r_02,0.19267533719539642,0.19267533719539642,0.19267533719539642,1
35,spine_01,0.1924699991941452,0.1924699991941452,0.1924699991941452,1
68,spine_01,0.19246138632297516,0.19246138632297516,0.19246138632297516,1
58,index_01_r,0.19224783778190613,0.19224783778190613,0.19224783778190613,1
3,clavicle_r,0.19222095608711243,0.19222095608711243,0.19222095608711243,1
38,hand_l,0.1922014355659485,0.1922014355659485,0.1922014355659485,1
46,spine_02,0.1921282708644867,0.1921282708644867,0.1921282708644867,1
28,RUpArmTwist_l_01,0.19206580519676208,0.19206580519676208,0.19206580519676208,1
41,thumb_01_l,0.19192282855510712,0.19192282855510712,0.19192282855510712,1
47,lowerarm_r,0.1918511539697647,0.1918511539697647,0.1918511539697647,1
62,RCalfTwist_02,0.19163794815540314,0.19163794815540314,0.19163794815540314,1
35,RUpArmTwist_r_02,0.19155631959438324,0.19155631959438324,0.19155631959438324,1
5,Bip001,0.19153247773647308,0.19153247773647308,0.19153247773647308,1
5,LCalfTwist_02,0.1914825588464737,0.1914825588464737,0.1914825588464737,1
64,RUpArmTwist_l_02,0.1914345622062683,0.1914345622062683,0.1914345622062683,1
28,RUpArmTwist_l_02,0.191320538520813,0.191320538520813,0.191320538520813,1
40,index_01_r,0.19121462106704712,0.19121462106704712,0.19121462106704712,1
49,neck_01,0.19106899201869965,0.19106899201869965,0.19106899201869965,1
40,pinky_01_r,0.19094009697437286,0.19094009697437286,0.19094009697437286,1
34,RCalfTwist_02,0.19085940718650818,0.19085940718650818,0.19085940718650818,1
30,RUpArmTwist_r_02,0.19083981215953827,0.19083981215953827,0.19083981215953827,1
77,R_ForeTwist_01,0.1908232867717743,0.1908232867717743,0.1908232867717743,1
29,RUpArmTwist_r_02,0.1907825917005539,0.1907825917005539,0.1907825917005539,1
77,RUpArmTwist_l_01,0.19058050215244293,0.19058050215244293,0.19058050215244293,1
58,RCalfTwist_02,0.1905713975429535,0.1905713975429535,0.1905713975429535,1
22,lowerarm_r,0.19056759774684906,0.19056759774684906,0.19056759774684906,1
66,index_01_r,0.19056226313114166,0.19056226313114166,0.19056226313114166,1
10,ball_r,0.19046850502490997,0.19046850502490997,0.19046850502490997,1
51,hand_l,0.19029513001441956,0.19029513001441956,0.19029513001441956,1
30,thumb_01_l,0.19023481011390686,0.19023481011390686,0.19023481011390686,1
11,thumb_01_l,0.19023151695728302,0.19023151695728302,0.19023151695728302,1
51,L_ForeTwist_01,0.19017638266086578,0.19017638266086578,0.19017638266086578,1
48,thumb_01_l,0.18963970243930817,0.18963970243930817,0.18963970243930817,1
59,RCalfTwist_02,0.18954713642597198,0.18954713642597198,0.18954713642597198,1
82,ball_r,0.18948106467723846,0.18948106467723846,0.18948106467723846,1
32,ball_l,0.1894126832485199,0.1894126832485199,0.1894126832485199,1
63,R_ForeTwist_01,0.18922999501228333,0.18922999501228333,0.18922999501228333,1
19,neck_01,0.18922355771064758,0.18922355771064758,0.18922355771064758,1
48,index_01_r,0.18921074271202087,0.18921074271202087,0.18921074271202087,1
14,pinky_01_l,0.18902495503425598,0.18902495503425598,0.18902495503425598,1
78,upperarm_r,0.18885299563407898,0.18885299563407898,0.18885299563407898,1
74,pinky_01_r,0.18883764743804932,0.18883764743804932,0.18883764743804932,1
37,pinky_01_r,0.18874165415763855,0.18874165415763855,0.18874165415763855,1
65,RUpArmTwist_r_02,0.1885962039232254,0.1885962039232254,0.1885962039232254,1
7,clavicle_r,0.18849150836467743,0.18849150836467743,0.18849150836467743,1
40,clavicle_l,0.1884450912475586,0.1884450912475586,0.1884450912475586,1
28,calf_r,0.1883419007062912,0.1883419007062912,0.1883419007062912,1
63,RUpArmTwist_r_02,0.1883312165737152,0.1883312165737152,0.1883312165737152,1
15,clavicle_r,0.1882430911064148,0.1882430911064148,0.1882430911064148,1
11,neck_01,0.18821337819099426,0.18821337819099426,0.18821337819099426,1
13,upperarm_r,0.18807901442050934,0.18807901442050934,0.18807901442050934,1
50,L_ForeTwist_01,0.18793630599975586,0.18793630599975586,0.18793630599975586,1
26,lowerarm_r,0.1879354566335678,0.1879354566335678,0.1879354566335678,1
60,neck_01,0.18791650235652924,0.18791650235652924,0.18791650235652924,1
47,pinky_01_r,0.18780797719955444,0.18780797719955444,0.18780797719955444,1
16,RUpArmTwist_l_01,0.18779464066028595,0.18779464066028595,0.18779464066028595,1
76,clavicle_r,0.18744786083698273,0.18744786083698273,0.18744786083698273,1
44,pinky_01_r,0.18737497925758362,0.18737497925758362,0.18737497925758362,1
32,RUpArmTwist_l_02,0.18734435737133026,0.18734435737133026,0.18734435737133026,1
26,spine_01,0.18709217011928558,0.18709217011928558,0.18709217011928558,1
55,spine_02,0.18704742193222046,0.18704742193222046,0.18704742193222046,1
19,R_ForeTwist_01,0.1869913786649704,0.1869913786649704,0.1869913786649704,1
4,pinky_01_l,0.18697212636470795,0.18697212636470795,0.18697212636470795,1
6,clavicle_r,0.18693944811820984,0.18693944811820984,0.18693944811820984,1
63,clavicle_l,0.18686892092227936,0.18686892092227936,0.18686892092227936,1
73,RUpArmTwist_r_02,0.18673373758792877,0.18673373758792877,0.18673373758792877,1
21,pinky_01_r,0.18672695755958557,0.18672695755958557,0.18672695755958557,1
37,ball_l,0.18659554421901703,0.18659554421901703,0.18659554421901703,1
78,ball_l,0.1865759640932083,0.1865759640932083,0.1865759640932083,1
82,neck_01,0.18628571927547455,0.18628571927547455,0.18628571927547455,1
10,thumb_01_l,0.18626461923122406,0.18626461923122406,0.18626461923122406,1
51,R_ForeTwist_01,0.18605826795101166,0.18605826795101166,0.18605826795101166,1
43,thumb_01_l,0.18601295351982117,0.18601295351982117,0.18601295351982117,1
80,R_ForeTwist_01,0.18599705398082733,0.18599705398082733,0.18599705398082733,1
41,spine_02,0.18597444891929626,0.18597444891929626,0.18597444891929626,1
60,hand_l,0.18595659732818604,0.18595659732818604,0.18595659732818604,1
43,LCalfTwist_01,0.18593932688236237,0.18593932688236237,0.18593932688236237,1
24,RCalfTwist_02,0.18563956022262573,0.18563956022262573,0.18563956022262573,1
62,calf_r,0.18558111786842346,0.18558111786842346,0.18558111786842346,1
53,pinky_01_r,0.1855309158563614,0.1855309158563614,0.1855309158563614,1
23,RUpArmTwist_r_02,0.18543876707553864,0.18543876707553864,0.18543876707553864,1
5,RUpArmTwist_l_02,0.18542687594890594,0.18542687594890594,0.18542687594890594,1
84,R_ForeTwist_01,0.18536528944969177,0.18536528944969177,0.18536528944969177,1
77,clavicle_l,0.18525120615959167,0.18525120615959167,0.18525120615959167,1
57,index_01_l,0.18517759442329407,0.18517759442329407,0.18517759442329407,1
60,calf_l,0.18504174053668976,0.18504174053668976,0.18504174053668976,1
27,spine_01,0.18489785492420197,0.18489785492420197,0.18489785492420197,1
19,ball_l,0.18481506407260895,0.18481506407260895,0.18481506407260895,1
65,pinky_01_r,0.18472065031528473,0.18472065031528473,0.18472065031528473,1
53,index_01_r,0.184487447142601,0.184487447142601,0.184487447142601,1
11,RUpArmTwist_r_02,0.184449702501297,0.184449702501297,0.184449702501297,1
16,spine_02,0.18436963856220245,0.18436963856220245,0.18436963856220245,1
70,hand_l,0.18419809639453888,0.18419809639453888,0.18419809639453888,1
67,spine_01,0.18416309356689453,0.18416309356689453,0.18416309356689453,1
51,clavicle_l,0.18406745791435242,0.18406745791435242,0.18406745791435242,1
79,R_ForeTwist_01,0.18401381373405457,0.18401381373405457,0.18401381373405457,1
79,RUpArmTwist_r_02,0.18398542702198029,0.18398542702198029,0.18398542702198029,1
78,thumb_01_r,0.18397913873195648,0.18397913873195648,0.18397913873195648,1
27,clavicle_r,0.18372832238674164,0.18372832238674164,0.18372832238674164,1
31,index_01_r,0.18372324109077454,0.18372324109077454,0.18372324109077454,1
78,pinky_01_r,0.18329575657844543,0.18329575657844543,0.18329575657844543,1
42,upperarm_l,0.18326842784881592,0.18326842784881592,0.18326842784881592,1
5,thigh_r,0.18317332863807678,0.18317332863807678,0.18317332863807678,1
30,lowerarm_r,0.1831253319978714,0.1831253319978714,0.1831253319978714,1
47,LCalfTwist_02,0.18309985101222992,0.18309985101222992,0.18309985101222992,1
48,RUpArmTwist_r_02,0.18306483328342438,0.18306483328342438,0.18306483328342438,1
71,index_01_r,0.18306070566177368,0.18306070566177368,0.18306070566177368,1
2,calf_l,0.1830463409423828,0.1830463409423828,0.1830463409423828,1
82,lowerarm_r,0.1829470992088318,0.1829470992088318,0.1829470992088318,1
2,thumb_01_l,0.18284443020820618,0.18284443020820618,0.18284443020820618,1
49,LCalfTwist_02,0.18283510208129883,0.18283510208129883,0.18283510208129883,1
72,index_01_r,0.18262940645217896,0.18262940645217896,0.18262940645217896,1
71,RUpArmTwist_r_02,0.18237605690956116,0.18237605690956116,0.18237605690956116,1
69,L_ForeTwist_01,0.18232986330986023,0.18232986330986023,0.18232986330986023,1
77,R_ForeTwist_02,0.18221774697303772,0.18221774697303772,0.18221774697303772,1
82,clavicle_l,0.1820463389158249,0.1820463389158249,0.1820463389158249,1
42,head,0.1819697618484497,0.1819697618484497,0.1819697618484497,1
40,Bip001,0.18182045221328735,0.18182045221328735,0.18182045221328735,1
41,Bip001,0.1817867010831833,0.1817867010831833,0.1817867010831833,1
37,RUpArmTwist_r_02,0.18165412545204163,0.18165412545204163,0.18165412545204163,1
26,thigh_l,0.18163149058818817,0.18163149058818817,0.18163149058818817,1
74,RCalfTwist_03,0.18154968321323395,0.18154968321323395,0.18154968321323395,1
27,LCalfTwist_03,0.1814451515674591,0.1814451515674591,0.1814451515674591,1
16,RUpArmTwist_r_02,0.18142478168010712,0.18142478168010712,0.18142478168010712,1
21,R_ForeTwist_02,0.1813971996307373,0.1813971996307373,0.1813971996307373,1
83,index_01_l,0.18130627274513245,0.18130627274513245,0.18130627274513245,1
70,LCalfTwist_02,0.18124862015247345,0.18124862015247345,0.18124862015247345,1
39,RUpArmTwist_r_02,0.18116486072540283,0.18116486072540283,0.18116486072540283,1
31,thumb_01_l,0.18102724850177765,0.18102724850177765,0.18102724850177765,1
21,RUpArmTwist_l_01,0.18098323047161102,0.18098323047161102,0.18098323047161102,1
18,RUpArmTwist_l_02,0.18095865845680237,0.18095865845680237,0.18095865845680237,1
67,R_ForeTwist_01,0.18095681071281433,0.18095681071281433,0.18095681071281433,1
63,Bip001,0.18076084554195404,0.18076084554195404,0.18076084554195404,1
59,clavicle_l,0.18075628578662872,0.18075628578662872,0.18075628578662872,1
1,Bip001,0.1807350069284439,0.1807350069284439,0.1807350069284439,1
8,middle_01_r,0.1807165890932083,0.1807165890932083,0.1807165890932083,1
10,RCalfTwist_02,0.18066123127937317,0.18066123127937317,0.18066123127937317,1
52,R_ForeTwist_01,0.18061338365077972,0.18061338365077972,0.18061338365077972,1
18,spine_01,0.18058352172374725,0.18058352172374725,0.18058352172374725,1
51,index_01_r,0.18048495054244995,0.18048495054244995,0.18048495054244995,1
38,pinky_01_r,0.1803852915763855,0.1803852915763855,0.1803852915763855,1
68,RUpArmTwist_r_02,0.18038299679756165,0.18038299679756165,0.18038299679756165,1
48,clavicle_l,0.18028219044208527,0.18028219044208527,0.18028219044208527,1
59,RCalfTwist_03,0.1801401525735855,0.1801401525735855,0.1801401525735855,1
38,Bip001,0.18001693487167358,0.18001693487167358,0.18001693487167358,1
22,index_01_l,0.1799537092447281,0.1799537092447281,0.1799537092447281,1
2,RCalfTwist_03,0.1799067109823227,0.1799067109823227,0.1799067109823227,1
84,LCalfTwist_03,0.1797141134738922,0.1797141134738922,0.1797141134738922,1
3,middle_01_r,0.17968378961086273,0.17968378961086273,0.17968378961086273,1
27,spine_02,0.17942310869693756,0.17942310869693756,0.17942310869693756,1
5,RUpArmTwist_r_02,0.17924270033836365,0.17924270033836365,0.17924270033836365,1
63,spine_01,0.1791393905878067,0.1791393905878067,0.1791393905878067,1
77,L_ForeTwist_01,0.1790752410888672,0.1790752410888672,0.1790752410888672,1
64,LCalfTwist_03,0.1790270060300827,0.1790270060300827,0.1790270060300827,1
46,neck_01,0.17895811796188354,0.17895811796188354,0.17895811796188354,1
75,index_01_l,0.17887955904006958,0.17887955904006958,0.17887955904006958,1
43,spine_02,0.1788780838251114,0.1788780838251114,0.1788780838251114,1
83,RUpArmTwist_l_01,0.17874528467655182,0.17874528467655182,0.17874528467655182,1
41,lowerarm_r,0.178726926445961,0.178726926445961,0.178726926445961,1
43,RUpArmTwist_r_02,0.17849676311016083,0.17849676311016083,0.17849676311016083,1
21,clavicle_l,0.178465336561203,0.178465336561203,0.178465336561203,1
40,head,0.17836953699588776,0.17836953699588776,0.17836953699588776,1
29,clavicle_l,0.1783328652381897,0.1783328652381897,0.1783328652381897,1
69,pinky_01_r,0.17830730974674225,0.17830730974674225,0.17830730974674225,1
65,RCalfTwist_03,0.17829932272434235,0.17829932272434235,0.17829932272434235,1
79,foot_r,0.17829066514968872,0.17829066514968872,0.17829066514968872,1
25,thumb_01_l,0.17812730371952057,0.17812730371952057,0.17812730371952057,1
71,LCalfTwist_02,0.1780254989862442,0.1780254989862442,0.1780254989862442,1
24,ball_r,0.1779678761959076,0.1779678761959076,0.1779678761959076,1
51,lowerarm_l,0.17776694893836975,0.17776694893836975,0.17776694893836975,1
23,foot_l,0.17768724262714386,0.17768724262714386,0.17768724262714386,1
3,L_ForeTwist_02,0.17767563462257385,0.17767563462257385,0.17767563462257385,1
57,head,0.17760857939720154,0.17760857939720154,0.17760857939720154,1
68,LCalfTwist_03,0.17740215361118317,0.17740215361118317,0.17740215361118317,1
18,clavicle_r,0.1774018555879593,0.1774018555879593,0.1774018555879593,1
28,LCalfTwist_01,0.1771545112133026,0.1771545112133026,0.1771545112133026,1
34,upperarm_l,0.17710259556770325,0.17710259556770325,0.17710259556770325,1
52,ball_l,0.17709842324256897,0.17709842324256897,0.17709842324256897,1
71,RCalfTwist_03,0.1769712120294571,0.1769712120294571,0.1769712120294571,1
29,ball_l,0.1768043488264084,0.1768043488264084,0.1768043488264084,1
43,index_01_r,0.17675447463989258,0.17675447463989258,0.17675447463989258,1
3,index_01_l,0.17673037946224213,0.17673037946224213,0.17673037946224213,1
44,clavicle_l,0.17661799490451813,0.17661799490451813,0.17661799490451813,1
22,LCalfTwist_02,0.17656363546848297,0.17656363546848297,0.17656363546848297,1
68,L_ForeTwist_01,0.17638438940048218,0.17638438940048218,0.17638438940048218,1
61,R_ForeTwist_01,0.17629624903202057,0.17629624903202057,0.17629624903202057,1
72,RCalfTwist_01,0.17629019916057587,0.17629019916057587,0.17629019916057587,1
81,clavicle_l,0.17628097534179688,0.17628097534179688,0.17628097534179688,1
24,clavicle_r,0.17627614736557007,0.17627614736557007,0.17627614736557007,1
20,R_ForeTwist_01,0.176232248544693,0.176232248544693,0.176232248544693,1
45,Bip001,0.17614352703094482,0.17614352703094482,0.17614352703094482,1
48,RUpArmTwist_r_01,0.17612220346927643,0.17612220346927643,0.17612220346927643,1
27,ball_r,0.1760294884443283,0.1760294884443283,0.1760294884443283,1
28,RUpArmTwist_r_02,0.17590390145778656,0.17590390145778656,0.17590390145778656,1
76,RUpArmTwist_r_01,0.1758403480052948,0.1758403480052948,0.1758403480052948,1
46,RUpArmTwist_r_01,0.17563025653362274,0.17563025653362274,0.17563025653362274,1
82,R_ForeTwist_01,0.1756114959716797,0.1756114959716797,0.1756114959716797,1
19,clavicle_r,0.17549434304237366,0.17549434304237366,0.17549434304237366,1
31,RUpArmTwist_r_02,0.17531824111938477,0.17531824111938477,0.17531824111938477,1
36,calf_r,0.1752028912305832,0.1752028912305832,0.1752028912305832,1
41,spine_01,0.17509357631206512,0.17509357631206512,0.17509357631206512,1
56,RCalfTwist_02,0.1750633418560028,0.1750633418560028,0.1750633418560028,1
38,RUpArmTwist_l_01,0.17493069171905518,0.17493069171905518,0.17493069171905518,1
10,Bip001,0.17485718429088593,0.17485718429088593,0.17485718429088593,1
61,clavicle_r,0.17481525242328644,0.17481525242328644,0.17481525242328644,1
25,LCalfTwist_01,0.1747908592224121,0.1747908592224121,0.1747908592224121,1
66,RCalfTwist_03,0.1746058613061905,0.1746058613061905,0.1746058613061905,1
47,head,0.17453472316265106,0.17453472316265106,0.17453472316265106,1
81,spine_01,0.17424972355365753,0.17424972355365753,0.17424972355365753,1
67,LCalfTwist_02,0.1741776019334793,0.1741776019334793,0.1741776019334793,1
8,RUpArmTwist_r_02,0.17417041957378387,0.17417041957378387,0.17417041957378387,1
53,spine_01,0.17416486144065857,0.17416486144065857,0.17416486144065857,1
75,RCalfTwist_02,0.17412246763706207,0.17412246763706207,0.17412246763706207,1
57,RCalfTwist_02,0.17408205568790436,0.17408205568790436,0.17408205568790436,1
28,thumb_01_l,0.1739366501569748,0.1739366501569748,0.1739366501569748,1
71,ball_r,0.17377781867980957,0.17377781867980957,0.17377781867980957,1
42,clavicle_l,0.17360614240169525,0.17360614240169525,0.17360614240169525,1
83,neck_01,0.1736036092042923,0.1736036092042923,0.1736036092042923,1
44,spine_01,0.17354156076908112,0.17354156076908112,0.17354156076908112,1
47,clavicle_r,0.1735377013683319,0.1735377013683319,0.1735377013683319,1
62,RCalfTwist_03,0.1735364943742752,0.1735364943742752,0.1735364943742752,1
68,lowerarm_r,0.1734922081232071,0.1734922081232071,0.1734922081232071,1
34,RUpArmTwist_r_02,0.17348678410053253,0.17348678410053253,0.17348678410053253,1
29,head,0.1734343022108078,0.1734343022108078,0.1734343022108078,1
31,R_ForeTwist_01,0.1734037548303604,0.1734037548303604,0.1734037548303604,1
72,clavicle_r,0.17325478792190552,0.17325478792190552,0.17325478792190552,1
49,index_01_l,0.17321643233299255,0.17321643233299255,0.17321643233299255,1
34,RCalfTwist_03,0.17297004163265228,0.17297004163265228,0.17297004163265228,1
23,pinky_01_r,0.17281346023082733,0.17281346023082733,0.17281346023082733,1
10,RCalfTwist_03,0.17280155420303345,0.17280155420303345,0.17280155420303345,1
46,RUpArmTwist_r_02,0.172445610165596,0.172445610165596,0.172445610165596,1
70,index_01_r,0.17241278290748596,0.17241278290748596,0.17241278290748596,1
28,LCalfTwist_02,0.17240728437900543,0.17240728437900543,0.17240728437900543,1
80,spine_02,0.17222414910793304,0.17222414910793304,0.17222414910793304,1
73,L_ForeTwist_01,0.17215372622013092,0.17215372622013092,0.17215372622013092,1
44,lowerarm_r,0.1720215231180191,0.1720215231180191,0.1720215231180191,1
27,head,0.17197003960609436,0.17197003960609436,0.17197003960609436,1
76,neck_01,0.17155666649341583,0.17155666649341583,0.17155666649341583,1
47,thumb_01_l,0.17153653502464294,0.17153653502464294,0.17153653502464294,1
49,Bip001,0.17146512866020203,0.17146512866020203,0.17146512866020203,1
69,LCalfTwist_03,0.1713828295469284,0.1713828295469284,0.1713828295469284,1
78,RUpArmTwist_r_01,0.17132584750652313,0.17132584750652313,0.17132584750652313,1
4,RCalfTwist_02,0.171285018324852,0.171285018324852,0.171285018324852,1
77,RCalfTwist_03,0.1711796373128891,0.1711796373128891,0.1711796373128891,1
24,thumb_01_l,0.17116805911064148,0.17116805911064148,0.17116805911064148,1
34,lowerarm_l,0.17115163803100586,0.17115163803100586,0.17115163803100586,1
53,RUpArmTwist_r_02,0.1711353063583374,0.1711353063583374,0.1711353063583374,1
82,LCalfTwist_02,0.17106196284294128,0.17106196284294128,0.17106196284294128,1
18,R_ForeTwist_02,0.17105317115783691,0.17105317115783691,0.17105317115783691,1
2,Bip001,0.17090345919132233,0.17090345919132233,0.17090345919132233,1
54,R_ForeTwist_02,0.170847088098526,0.170847088098526,0.170847088098526,1
47,spine_01,0.17079102993011475,0.17079102993011475,0.17079102993011475,1
76,R_ForeTwist_02,0.17058926820755005,0.17058926820755005,0.17058926820755005,1
10,R_ForeTwist_01,0.170139878988266,0.170139878988266,0.170139878988266,1
47,spine_02,0.17000067234039307,0.17000067234039307,0.17000067234039307,1
51,RUpArmTwist_r_02,0.16999691724777222,0.16999691724777222,0.16999691724777222,1
67,L_ForeTwist_01,0.16988807916641235,0.16988807916641235,0.16988807916641235,1
69,RUpArmTwist_r_02,0.16965816915035248,0.16965816915035248,0.16965816915035248,1
52,LCalfTwist_03,0.16952142119407654,0.16952142119407654,0.16952142119407654,1
49,pinky_01_r,0.169514462351799,0.169514462351799,0.169514462351799,1
3,R_ForeTwist_01,0.16948038339614868,0.16948038339614868,0.16948038339614868,1
9,spine_01,0.16945062577724457,0.16945062577724457,0.16945062577724457,1
26,LCalfTwist_02,0.1693791002035141,0.1693791002035141,0.1693791002035141,1
9,spine_02,0.16920936107635498,0.16920936107635498,0.16920936107635498,1
70,RUpArmTwist_r_02,0.16913548111915588,0.16913548111915588,0.16913548111915588,1
5,spine_01,0.16912981867790222,0.16912981867790222,0.16912981867790222,1
38,clavicle_r,0.16908572614192963,0.16908572614192963,0.16908572614192963,1
44,thumb_01_l,0.16900062561035156,0.16900062561035156,0.16900062561035156,1
53,LCalfTwist_02,0.16887842118740082,0.16887842118740082,0.16887842118740082,1
49,RCalfTwist_03,0.16885046660900116,0.16885046660900116,0.16885046660900116,1
18,calf_r,0.16881053149700165,0.16881053149700165,0.16881053149700165,1
26,LCalfTwist_01,0.16880261898040771,0.16880261898040771,0.16880261898040771,1
33,clavicle_l,0.16876547038555145,0.16876547038555145,0.16876547038555145,1
39,RCalfTwist_01,0.16857554018497467,0.16857554018497467,0.16857554018497467,1
44,lowerarm_l,0.16850197315216064,0.16850197315216064,0.16850197315216064,1
38,L_ForeTwist_02,0.16845247149467468,0.16845247149467468,0.16845247149467468,1
47,R_ForeTwist_01,0.1683741807937622,0.1683741807937622,0.1683741807937622,1
6,L_ForeTwist_01,0.1682848185300827,0.1682848185300827,0.1682848185300827,1
28,R_ForeTwist_01,0.16827009618282318,0.16827009618282318,0.16827009618282318,1
15,LCalfTwist_03,0.16810141503810883,0.16810141503810883,0.16810141503810883,1
60,Bip001,0.16804282367229462,0.16804282367229462,0.16804282367229462,1
65,RUpArmTwist_l_02,0.16799885034561157,0.16799885034561157,0.16799885034561157,1
43,RCalfTwist_02,0.1679161936044693,0.1679161936044693,0.1679161936044693,1
84,upperarm_l,0.16778045892715454,0.16778045892715454,0.16778045892715454,1
7,R_ForeTwist_01,0.16768504679203033,0.16768504679203033,0.16768504679203033,1
63,LCalfTwist_01,0.16768479347229004,0.16768479347229004,0.16768479347229004,1
4,hand_l,0.16763219237327576,0.16763219237327576,0.16763219237327576,1
65,ball_l,0.1675705760717392,0.1675705760717392,0.1675705760717392,1
27,index_01_r,0.16756698489189148,0.16756698489189148,0.16756698489189148,1
41,L_ForeTwist_01,0.16751597821712494,0.16751597821712494,0.16751597821712494,1
60,RUpArmTwist_r_01,0.16740109026432037,0.16740109026432037,0.16740109026432037,1
5,pinky_01_r,0.16737109422683716,0.16737109422683716,0.16737109422683716,1
60,ball_l,0.16726891696453094,0.16726891696453094,0.16726891696453094,1
18,spine_02,0.1671385020017624,0.1671385020017624,0.1671385020017624,1
46,pinky_01_r,0.16712164878845215,0.16712164878845215,0.16712164878845215,1
7,RUpArmTwist_r_02,0.16689252853393555,0.16689252853393555,0.16689252853393555,1
9,LCalfTwist_02,0.16668681800365448,0.16668681800365448,0.16668681800365448,1
71,clavicle_r,0.1666477769613266,0.1666477769613266,0.1666477769613266,1
42,RCalfTwist_02,0.16659760475158691,0.16659760475158691,0.16659760475158691,1
11,clavicle_l,0.16650135815143585,0.16650135815143585,0.16650135815143585,1
43,clavicle_l,0.16641612350940704,0.16641612350940704,0.16641612350940704,1
35,clavicle_r,0.16640682518482208,0.16640682518482208,0.16640682518482208,1
29,R_ForeTwist_01,0.1664014309644699,0.1664014309644699,0.1664014309644699,1
48,LCalfTwist_02,0.16633103787899017,0.16633103787899017,0.16633103787899017,1
84,RUpArmTwist_l_01,0.16621431708335876,0.16621431708335876,0.16621431708335876,1
7,spine_01,0.16616301238536835,0.16616301238536835,0.16616301238536835,1
66,clavicle_l,0.1660631000995636,0.1660631000995636,0.1660631000995636,1
64,L_ForeTwist_01,0.16604292392730713,0.16604292392730713,0.16604292392730713,1
82,L_ForeTwist_01,0.16591782867908478,0.16591782867908478,0.16591782867908478,1
46,LCalfTwist_02,0.16591739654541016,0.16591739654541016,0.16591739654541016,1
76,RCalfTwist_01,0.16578900814056396,0.16578900814056396,0.16578900814056396,1
85,index_01_r,0.16572783887386322,0.16572783887386322,0.16572783887386322,1
69,RUpArmTwist_l_01,0.16565924882888794,0.16565924882888794,0.16565924882888794,1
58,clavicle_r,0.16556034982204437,0.16556034982204437,0.16556034982204437,1
40,L_ForeTwist_02,0.1654624342918396,0.1654624342918396,0.1654624342918396,1
82,Bip001,0.1653781533241272,0.1653781533241272,0.1653781533241272,1
72,pinky_01_r,0.16530415415763855,0.16530415415763855,0.16530415415763855,1
12,hand_l,0.16528019309043884,0.16528019309043884,0.16528019309043884,1
74,LCalfTwist_02,0.16522642970085144,0.16522642970085144,0.16522642970085144,1
1,LCalfTwist_01,0.1651884764432907,0.1651884764432907,0.1651884764432907,1
77,upperarm_r,0.16477227210998535,0.16477227210998535,0.16477227210998535,1
43,hand_l,0.16477131843566895,0.16477131843566895,0.16477131843566895,1
6,R_ForeTwist_01,0.16473644971847534,0.16473644971847534,0.16473644971847534,1
1,pinky_01_r,0.16471897065639496,0.16471897065639496,0.16471897065639496,1
24,pinky_01_r,0.1645374894142151,0.1645374894142151,0.1645374894142151,1
77,neck_01,0.16449764370918274,0.16449764370918274,0.16449764370918274,1
83,RUpArmTwist_r_01,0.16435131430625916,0.16435131430625916,0.16435131430625916,1
83,Bip001,0.16430002450942993,0.16430002450942993,0.16430002450942993,1
8,LCalfTwist_01,0.1642628163099289,0.1642628163099289,0.1642628163099289,1
73,clavicle_r,0.16425707936286926,0.16425707936286926,0.16425707936286926,1
63,RCalfTwist_03,0.16421934962272644,0.16421934962272644,0.16421934962272644,1
68,pinky_01_r,0.16413584351539612,0.16413584351539612,0.16413584351539612,1
84,calf_r,0.16387580335140228,0.16387580335140228,0.16387580335140228,1
37,lowerarm_l,0.16386710107326508,0.16386710107326508,0.16386710107326508,1
23,clavicle_r,0.16379325091838837,0.16379325091838837,0.16379325091838837,1
50,index_01_r,0.16376203298568726,0.16376203298568726,0.16376203298568726,1
80,index_01_l,0.16374190151691437,0.16374190151691437,0.16374190151691437,1
47,clavicle_l,0.163519486784935,0.163519486784935,0.163519486784935,1
36,RCalfTwist_03,0.16341443359851837,0.16341443359851837,0.16341443359851837,1
75,RCalfTwist_03,0.1632249802350998,0.1632249802350998,0.1632249802350998,1
59,hand_l,0.16306708753108978,0.16306708753108978,0.16306708753108978,1
27,Bip001,0.16305230557918549,0.16305230557918549,0.16305230557918549,1
71,spine_01,0.1630128175020218,0.1630128175020218,0.1630128175020218,1
4,LCalfTwist_02,0.16292963922023773,0.16292963922023773,0.16292963922023773,1
75,hand_l,0.16289499402046204,0.16289499402046204,0.16289499402046204,1
12,RUpArmTwist_r_01,0.16281361877918243,0.16281361877918243,0.16281361877918243,1
19,lowerarm_r,0.16280002892017365,0.16280002892017365,0.16280002892017365,1
76,LCalfTwist_03,0.16271594166755676,0.16271594166755676,0.16271594166755676,1
46,calf_l,0.16254432499408722,0.16254432499408722,0.16254432499408722,1
60,RUpArmTwist_r_02,0.16251195967197418,0.16251195967197418,0.16251195967197418,1
12,spine_02,0.16248716413974762,0.16248716413974762,0.16248716413974762,1
52,LCalfTwist_02,0.16247133910655975,0.16247133910655975,0.16247133910655975,1
53,RCalfTwist_03,0.1624642312526703,0.1624642312526703,0.1624642312526703,1
30,spine_01,0.1623086780309677,0.1623086780309677,0.1623086780309677,1
15,index_01_l,0.16207194328308105,0.16207194328308105,0.16207194328308105,1
5,RCalfTwist_03,0.16197292506694794,0.16197292506694794,0.16197292506694794,1
57,RUpArmTwist_r_02,0.16174769401550293,0.16174769401550293,0.16174769401550293,1
5,L_ForeTwist_02,0.16168364882469177,0.16168364882469177,0.16168364882469177,1
20,R_ForeTwist_02,0.16160641610622406,0.16160641610622406,0.16160641610622406,1
3,hand_l,0.1614789217710495,0.1614789217710495,0.1614789217710495,1
27,RUpArmTwist_r_02,0.16137705743312836,0.16137705743312836,0.16137705743312836,1
9,Bip001,0.1613636463880539,0.1613636463880539,0.1613636463880539,1
13,spine_01,0.16123509407043457,0.16123509407043457,0.16123509407043457,1
49,R_ForeTwist_01,0.16118110716342926,0.16118110716342926,0.16118110716342926,1
56,LCalfTwist_02,0.16111122071743011,0.16111122071743011,0.16111122071743011,1
0,RUpArmTwist_l_01,0.16104091703891754,0.16104091703891754,0.16104091703891754,1
59,clavicle_r,0.16100160777568817,0.16100160777568817,0.16100160777568817,1
45,clavicle_r,0.1609198898077011,0.1609198898077011,0.1609198898077011,1
42,L_ForeTwist_01,0.16077271103858948,0.16077271103858948,0.16077271103858948,1
13,Bip001,0.1607184261083603,0.1607184261083603,0.1607184261083603,1
48,clavicle_r,0.16069838404655457,0.16069838404655457,0.16069838404655457,1
51,Bip001,0.16068385541439056,0.16068385541439056,0.16068385541439056,1
15,R_ForeTwist_01,0.1606338620185852,0.1606338620185852,0.1606338620185852,1
17,LCalfTwist_02,0.1605987250804901,0.1605987250804901,0.1605987250804901,1
22,ball_l,0.16058142483234406,0.16058142483234406,0.16058142483234406,1
81,RUpArmTwist_l_01,0.16052240133285522,0.16052240133285522,0.16052240133285522,1
71,LCalfTwist_01,0.16050472855567932,0.16050472855567932,0.16050472855567932,1
66,LCalfTwist_02,0.16050437092781067,0.16050437092781067,0.16050437092781067,1
82,upperarm_l,0.1604604721069336,0.1604604721069336,0.1604604721069336,1
78,R_ForeTwist_02,0.16034744679927826,0.16034744679927826,0.16034744679927826,1
55,calf_l,0.16034692525863647,0.16034692525863647,0.16034692525863647,1
72,LCalfTwist_02,0.1602635532617569,0.1602635532617569,0.1602635532617569,1
31,ball_l,0.1602020263671875,0.1602020263671875,0.1602020263671875,1
41,LCalfTwist_02,0.16015444695949554,0.16015444695949554,0.16015444695949554,1
17,R_ForeTwist_01,0.1599760502576828,0.1599760502576828,0.1599760502576828,1
0,spine_01,0.15996329486370087,0.15996329486370087,0.15996329486370087,1
54,LCalfTwist_02,0.15989653766155243,0.15989653766155243,0.15989653766155243,1
60,middle_01_r,0.15977619588375092,0.15977619588375092,0.15977619588375092,1
51,LCalfTwist_03,0.15969927608966827,0.15969927608966827,0.15969927608966827,1
65,R_ForeTwist_02,0.1596665382385254,0.1596665382385254,0.1596665382385254,1
34,R_ForeTwist_01,0.15961304306983948,0.15961304306983948,0.15961304306983948,1
58,head,0.15953689813613892,0.15953689813613892,0.15953689813613892,1
13,index_01_l,0.15951071679592133,0.15951071679592133,0.15951071679592133,1
35,RCalfTwist_03,0.15944017469882965,0.15944017469882965,0.15944017469882965,1
61,Bip001,0.15924103558063507,0.15924103558063507,0.15924103558063507,1
9,RCalfTwist_03,0.15916526317596436,0.15916526317596436,0.15916526317596436,1
24,ball_l,0.15894952416419983,0.15894952416419983,0.15894952416419983,1
72,index_01_l,0.1589219719171524,0.1589219719171524,0.1589219719171524,1
7,LCalfTwist_01,0.1588788628578186,0.1588788628578186,0.1588788628578186,1
24,R_ForeTwist_01,0.15885981917381287,0.15885981917381287,0.15885981917381287,1
21,index_01_l,0.1588582843542099,0.1588582843542099,0.1588582843542099,1
51,lowerarm_r,0.15882021188735962,0.15882021188735962,0.15882021188735962,1
58,LCalfTwist_02,0.15875788033008575,0.15875788033008575,0.15875788033008575,1
12,LCalfTwist_02,0.15856462717056274,0.15856462717056274,0.15856462717056274,1
29,Bip001,0.1585235297679901,0.1585235297679901,0.1585235297679901,1
34,RCalfTwist_01,0.1584591418504715,0.1584591418504715,0.1584591418504715,1
38,LCalfTwist_01,0.15837426483631134,0.15837426483631134,0.15837426483631134,1
12,index_01_l,0.15829430520534515,0.15829430520534515,0.15829430520534515,1
50,Bip001,0.15817831456661224,0.15817831456661224,0.15817831456661224,1
8,LCalfTwist_02,0.15808501839637756,0.15808501839637756,0.15808501839637756,1
70,RCalfTwist_03,0.15807801485061646,0.15807801485061646,0.15807801485061646,1
37,hand_l,0.15807615220546722,0.15807615220546722,0.15807615220546722,1
45,LCalfTwist_01,0.15801607072353363,0.15801607072353363,0.15801607072353363,1
36,RUpArmTwist_r_02,0.1577681601047516,0.1577681601047516,0.1577681601047516,1
50,clavicle_l,0.1577666848897934,0.1577666848897934,0.1577666848897934,1
39,pinky_01_r,0.15775738656520844,0.15775738656520844,0.15775738656520844,1
68,R_ForeTwist_01,0.15775147080421448,0.15775147080421448,0.15775147080421448,1
46,LCalfTwist_01,0.157595694065094,0.157595694065094,0.157595694065094,1
12,RCalfTwist_01,0.1575092077255249,0.1575092077255249,0.1575092077255249,1
57,LCalfTwist_02,0.15750491619110107,0.15750491619110107,0.15750491619110107,1
60,spine_01,0.1574079692363739,0.1574079692363739,0.1574079692363739,1
38,RCalfTwist_01,0.15713435411453247,0.15713435411453247,0.15713435411453247,1
70,L_ForeTwist_01,0.1570950448513031,0.1570950448513031,0.1570950448513031,1
71,R_ForeTwist_01,0.15708695352077484,0.15708695352077484,0.15708695352077484,1
9,ball_l,0.15702825784683228,0.15702825784683228,0.15702825784683228,1
81,R_ForeTwist_02,0.15701113641262054,0.15701113641262054,0.15701113641262054,1
25,ball_l,0.15687724947929382,0.15687724947929382,0.15687724947929382,1
24,LCalfTwist_03,0.1568199098110199,0.1568199098110199,0.1568199098110199,1
35,hand_l,0.15667200088500977,0.15667200088500977,0.15667200088500977,1
78,RCalfTwist_03,0.15654246509075165,0.15654246509075165,0.15654246509075165,1
2,R_ForeTwist_01,0.1564899981021881,0.1564899981021881,0.1564899981021881,1
33,LCalfTwist_01,0.1564568281173706,0.1564568281173706,0.1564568281173706,1
54,index_01_l,0.15640099346637726,0.15640099346637726,0.15640099346637726,1
28,Bip001,0.1563490629196167,0.1563490629196167,0.1563490629196167,1
30,L_ForeTwist_01,0.15634620189666748,0.15634620189666748,0.15634620189666748,1
10,spine_01,0.15631255507469177,0.15631255507469177,0.15631255507469177,1
37,spine_01,0.15616293251514435,0.15616293251514435,0.15616293251514435,1
61,RUpArmTwist_r_01,0.1560516208410263,0.1560516208410263,0.1560516208410263,1
4,spine_01,0.15601836144924164,0.15601836144924164,0.15601836144924164,1
83,R_ForeTwist_01,0.156017005443573,0.156017005443573,0.156017005443573,1
79,RCalfTwist_03,0.15601122379302979,0.15601122379302979,0.15601122379302979,1
8,hand_l,0.15575137734413147,0.15575137734413147,0.15575137734413147,1
63,RUpArmTwist_l_02,0.1556280106306076,0.1556280106306076,0.1556280106306076,1
82,index_01_l,0.15544651448726654,0.15544651448726654,0.15544651448726654,1
59,RUpArmTwist_r_02,0.15523256361484528,0.15523256361484528,0.15523256361484528,1
1,clavicle_r,0.1546693593263626,0.1546693593263626,0.1546693593263626,1
43,Bip001,0.15457092225551605,0.15457092225551605,0.15457092225551605,1
62,LCalfTwist_02,0.15443836152553558,0.15443836152553558,0.15443836152553558,1
16,R_ForeTwist_01,0.15443821251392365,0.15443821251392365,0.15443821251392365,1
32,lowerarm_l,0.15441061556339264,0.15441061556339264,0.15441061556339264,1
4,Bip001,0.1542893499135971,0.1542893499135971,0.1542893499135971,1
70,index_01_l,0.15420371294021606,0.15420371294021606,0.15420371294021606,1
74,R_ForeTwist_02,0.15414206683635712,0.15414206683635712,0.15414206683635712,1
66,L_ForeTwist_01,0.15402768552303314,0.15402768552303314,0.15402768552303314,1
58,RCalfTwist_03,0.15397557616233826,0.15397557616233826,0.15397557616233826,1
0,index_01_l,0.15393178164958954,0.15393178164958954,0.15393178164958954,1
26,thumb_01_l,0.1538894772529602,0.1538894772529602,0.1538894772529602,1
55,LCalfTwist_02,0.15378296375274658,0.15378296375274658,0.15378296375274658,1
74,clavicle_l,0.15371154248714447,0.15371154248714447,0.15371154248714447,1
51,LCalfTwist_01,0.15366968512535095,0.15366968512535095,0.15366968512535095,1
34,neck_01,0.1536564975976944,0.1536564975976944,0.1536564975976944,1
77,Bip001,0.1536322832107544,0.1536322832107544,0.1536322832107544,1
53,RCalfTwist_01,0.15361778438091278,0.15361778438091278,0.15361778438091278,1
25,clavicle_r,0.15360885858535767,0.15360885858535767,0.15360885858535767,1
35,LCalfTwist_03,0.15315836668014526,0.15315836668014526,0.15315836668014526,1
62,LCalfTwist_03,0.15315398573875427,0.15315398573875427,0.15315398573875427,1
37,RCalfTwist_03,0.1531187742948532,0.1531187742948532,0.1531187742948532,1
50,RUpArmTwist_r_01,0.1530788093805313,0.1530788093805313,0.1530788093805313,1
50,hand_l,0.15307138860225677,0.15307138860225677,0.15307138860225677,1
26,LCalfTwist_03,0.15296003222465515,0.15296003222465515,0.15296003222465515,1
48,pinky_01_r,0.15276502072811127,0.15276502072811127,0.15276502072811127,1
0,LCalfTwist_03,0.15263384580612183,0.15263384580612183,0.15263384580612183,1
33,RUpArmTwist_r_01,0.152601420879364,0.152601420879364,0.152601420879364,1
28,thigh_r,0.15251286327838898,0.15251286327838898,0.15251286327838898,1
49,L_ForeTwist_01,0.15234695374965668,0.15234695374965668,0.15234695374965668,1
29,LCalfTwist_02,0.15230567753314972,0.15230567753314972,0.15230567753314972,1
1,LCalfTwist_02,0.15228569507598877,0.15228569507598877,0.15228569507598877,1
30,index_01_l,0.15225395560264587,0.15225395560264587,0.15225395560264587,1
52,RCalfTwist_01,0.15210199356079102,0.15210199356079102,0.15210199356079102,1
77,LCalfTwist_02,0.15209552645683289,0.15209552645683289,0.15209552645683289,1
4,RUpArmTwist_l_01,0.15207551419734955,0.15207551419734955,0.15207551419734955,1
50,RUpArmTwist_l_02,0.15200400352478027,0.15200400352478027,0.15200400352478027,1
4,L_ForeTwist_02,0.15197600424289703,0.15197600424289703,0.15197600424289703,1
13,R_ForeTwist_01,0.15196369588375092,0.15196369588375092,0.15196369588375092,1
30,Bip001,0.151934415102005,0.151934415102005,0.151934415102005,1
29,thumb_01_l,0.15171074867248535,0.15171074867248535,0.15171074867248535,1
36,neck_01,0.15165719389915466,0.15165719389915466,0.15165719389915466,1
4,RCalfTwist_01,0.1515681892633438,0.1515681892633438,0.1515681892633438,1
83,ball_r,0.15138356387615204,0.15138356387615204,0.15138356387615204,1
6,spine_01,0.1512899100780487,0.1512899100780487,0.1512899100780487,1
38,LCalfTwist_02,0.1512366682291031,0.1512366682291031,0.1512366682291031,1
61,LCalfTwist_03,0.15121164917945862,0.15121164917945862,0.15121164917945862,1
2,LCalfTwist_02,0.15111593902111053,0.15111593902111053,0.15111593902111053,1
58,pinky_01_r,0.15110856294631958,0.15110856294631958,0.15110856294631958,1
22,RCalfTwist_03,0.15109457075595856,0.15109457075595856,0.15109457075595856,1
5,index_01_l,0.15105955302715302,0.15105955302715302,0.15105955302715302,1
40,LCalfTwist_03,0.15105663239955902,0.15105663239955902,0.15105663239955902,1
85,LCalfTwist_01,0.15104404091835022,0.15104404091835022,0.15104404091835022,1
85,L_ForeTwist_01,0.1509374976158142,0.1509374976158142,0.1509374976158142,1
55,RCalfTwist_02,0.1508699208498001,0.1508699208498001,0.1508699208498001,1
11,LCalfTwist_02,0.15082214772701263,0.15082214772701263,0.15082214772701263,1
61,L_ForeTwist_02,0.1507549285888672,0.1507549285888672,0.1507549285888672,1
68,index_01_l,0.15074114501476288,0.15074114501476288,0.15074114501476288,1
40,index_01_l,0.15054532885551453,0.15054532885551453,0.15054532885551453,1
42,index_01_l,0.15054063498973846,0.15054063498973846,0.15054063498973846,1
37,R_ForeTwist_01,0.15028487145900726,0.15028487145900726,0.15028487145900726,1
2,index_01_r,0.15016184747219086,0.15016184747219086,0.15016184747219086,1
60,L_ForeTwist_02,0.15008974075317383,0.15008974075317383,0.15008974075317383,1
50,index_01_l,0.15005610883235931,0.15005610883235931,0.15005610883235931,1
76,R_ForeTwist_01,0.15003854036331177,0.15003854036331177,0.15003854036331177,1
8,R_ForeTwist_01,0.15003089606761932,0.15003089606761932,0.15003089606761932,1
35,LCalfTwist_02,0.14998383820056915,0.14998383820056915,0.14998383820056915,1
8,LCalfTwist_03,0.14996337890625,0.14996337890625,0.14996337890625,1
5,R_ForeTwist_02,0.14985063672065735,0.14985063672065735,0.14985063672065735,1
50,R_ForeTwist_01,0.14975015819072723,0.14975015819072723,0.14975015819072723,1
48,RCalfTwist_02,0.14964136481285095,0.14964136481285095,0.14964136481285095,1
60,thumb_01_r,0.14938241243362427,0.14938241243362427,0.14938241243362427,1
52,spine_01,0.14932964742183685,0.14932964742183685,0.14932964742183685,1
10,clavicle_r,0.14930188655853271,0.14930188655853271,0.14930188655853271,1
81,LCalfTwist_03,0.1492413729429245,0.1492413729429245,0.1492413729429245,1
79,L_ForeTwist_01,0.14898106455802917,0.14898106455802917,0.14898106455802917,1
6,pinky_01_r,0.14893780648708344,0.14893780648708344,0.14893780648708344,1
21,LCalfTwist_02,0.1486261934041977,0.1486261934041977,0.1486261934041977,1
47,index_01_l,0.14851899445056915,0.14851899445056915,0.14851899445056915,1
64,RUpArmTwist_r_01,0.14821554720401764,0.14821554720401764,0.14821554720401764,1
59,LCalfTwist_02,0.1481967568397522,0.1481967568397522,0.1481967568397522,1
45,LCalfTwist_02,0.14803098142147064,0.14803098142147064,0.14803098142147064,1
57,LCalfTwist_03,0.14799772202968597,0.14799772202968597,0.14799772202968597,1
49,clavicle_l,0.1479969322681427,0.1479969322681427,0.1479969322681427,1
68,ball_l,0.1479858160018921,0.1479858160018921,0.1479858160018921,1
52,RUpArmTwist_r_02,0.14797882735729218,0.14797882735729218,0.14797882735729218,1
19,Bip001,0.14784248173236847,0.14784248173236847,0.14784248173236847,1
26,Bip001,0.1477953940629959,0.1477953940629959,0.1477953940629959,1
15,LCalfTwist_01,0.147786483168602,0.147786483168602,0.147786483168602,1
35,clavicle_l,0.14777527749538422,0.14777527749538422,0.14777527749538422,1
13,clavicle_r,0.1474795639514923,0.1474795639514923,0.1474795639514923,1
70,R_ForeTwist_01,0.14745503664016724,0.14745503664016724,0.14745503664016724,1
12,thigh_l,0.14743661880493164,0.14743661880493164,0.14743661880493164,1
7,L_ForeTwist_01,0.14732591807842255,0.14732591807842255,0.14732591807842255,1
29,upperarm_r,0.14730866253376007,0.14730866253376007,0.14730866253376007,1
73,pinky_01_r,0.147153839468956,0.147153839468956,0.147153839468956,1
83,LCalfTwist_02,0.14710861444473267,0.14710861444473267,0.14710861444473267,1
39,ball_l,0.14708533883094788,0.14708533883094788,0.14708533883094788,1
80,L_ForeTwist_01,0.1469716876745224,0.1469716876745224,0.1469716876745224,1
36,L_ForeTwist_02,0.14663243293762207,0.14663243293762207,0.14663243293762207,1
81,RCalfTwist_03,0.1464393138885498,0.1464393138885498,0.1464393138885498,1
63,R_ForeTwist_02,0.14642903208732605,0.14642903208732605,0.14642903208732605,1
52,R_ForeTwist_02,0.14638446271419525,0.14638446271419525,0.14638446271419525,1
1,RUpArmTwist_r_02,0.14634910225868225,0.14634910225868225,0.14634910225868225,1
12,spine_01,0.1463126391172409,0.1463126391172409,0.1463126391172409,1
8,spine_01,0.14626918733119965,0.14626918733119965,0.14626918733119965,1
73,Bip001,0.1460660845041275,0.1460660845041275,0.1460660845041275,1
3,Bip001,0.14603526890277863,0.14603526890277863,0.14603526890277863,1
23,lowerarm_r,0.14594537019729614,0.14594537019729614,0.14594537019729614,1
8,RCalfTwist_03,0.14586812257766724,0.14586812257766724,0.14586812257766724,1
17,clavicle_l,0.14574569463729858,0.14574569463729858,0.14574569463729858,1
68,LCalfTwist_02,0.14567714929580688,0.14567714929580688,0.14567714929580688,1
17,LCalfTwist_03,0.14547280967235565,0.14547280967235565,0.14547280967235565,1
25,spine_02,0.1454678326845169,0.1454678326845169,0.1454678326845169,1
53,LCalfTwist_03,0.1453792005777359,0.1453792005777359,0.1453792005777359,1
63,RUpArmTwist_r_01,0.14533311128616333,0.14533311128616333,0.14533311128616333,1
65,spine_01,0.14526449143886566,0.14526449143886566,0.14526449143886566,1
45,L_ForeTwist_01,0.1452506184577942,0.1452506184577942,0.1452506184577942,1
19,R_ForeTwist_02,0.14510256052017212,0.14510256052017212,0.14510256052017212,1
76,RCalfTwist_03,0.14508633315563202,0.14508633315563202,0.14508633315563202,1
68,R_ForeTwist_02,0.14505620300769806,0.14505620300769806,0.14505620300769806,1
44,neck_01,0.1450103372335434,0.1450103372335434,0.1450103372335434,1
36,R_ForeTwist_01,0.14497120678424835,0.14497120678424835,0.14497120678424835,1
28,RUpArmTwist_r_01,0.1449429988861084,0.1449429988861084,0.1449429988861084,1
79,index_01_l,0.14490346610546112,0.14490346610546112,0.14490346610546112,1
15,RCalfTwist_01,0.14451968669891357,0.14451968669891357,0.14451968669891357,1
11,Bip001,0.14451628923416138,0.14451628923416138,0.14451628923416138,1
53,RUpArmTwist_l_02,0.14447952806949615,0.14447952806949615,0.14447952806949615,1
6,hand_l,0.14433452486991882,0.14433452486991882,0.14433452486991882,1
11,RCalfTwist_03,0.14430464804172516,0.14430464804172516,0.14430464804172516,1
46,lowerarm_r,0.14412160217761993,0.14412160217761993,0.14412160217761993,1
59,index_01_l,0.1440943479537964,0.1440943479537964,0.1440943479537964,1
77,RUpArmTwist_r_02,0.14403367042541504,0.14403367042541504,0.14403367042541504,1
11,L_ForeTwist_01,0.144024059176445,0.144024059176445,0.144024059176445,1
65,LCalfTwist_01,0.1439143717288971,0.1439143717288971,0.1439143717288971,1
75,R_ForeTwist_01,0.1437682956457138,0.1437682956457138,0.1437682956457138,1
81,Bip001,0.14369703829288483,0.14369703829288483,0.14369703829288483,1
38,index_01_l,0.14361700415611267,0.14361700415611267,0.14361700415611267,1
39,R_ForeTwist_02,0.14360250532627106,0.14360250532627106,0.14360250532627106,1
12,Bip001,0.1435081660747528,0.1435081660747528,0.1435081660747528,1
39,RUpArmTwist_r_01,0.14341209828853607,0.14341209828853607,0.14341209828853607,1
62,index_01_r,0.14333435893058777,0.14333435893058777,0.14333435893058777,1
27,R_ForeTwist_01,0.1433173269033432,0.1433173269033432,0.1433173269033432,1
12,upperarm_l,0.14313432574272156,0.14313432574272156,0.14313432574272156,1
25,spine_01,0.14311383664608002,0.14311383664608002,0.14311383664608002,1
83,LCalfTwist_01,0.1429293155670166,0.1429293155670166,0.1429293155670166,1
45,R_ForeTwist_02,0.14290261268615723,0.14290261268615723,0.14290261268615723,1
83,ball_l,0.14286503195762634,0.14286503195762634,0.14286503195762634,1
17,RCalfTwist_03,0.1428196132183075,0.1428196132183075,0.1428196132183075,1
22,clavicle_r,0.14263582229614258,0.14263582229614258,0.14263582229614258,1
80,RCalfTwist_03,0.14262132346630096,0.14262132346630096,0.14262132346630096,1
45,LCalfTwist_03,0.14249055087566376,0.14249055087566376,0.14249055087566376,1
33,L_ForeTwist_02,0.14247997105121613,0.14247997105121613,0.14247997105121613,1
12,RUpArmTwist_r_02,0.14247561991214752,0.14247561991214752,0.14247561991214752,1
81,LCalfTwist_02,0.14222308993339539,0.14222308993339539,0.14222308993339539,1
34,RUpArmTwist_r_01,0.14218996465206146,0.14218996465206146,0.14218996465206146,1
76,LCalfTwist_02,0.14214164018630981,0.14214164018630981,0.14214164018630981,1
3,LCalfTwist_02,0.14209410548210144,0.14209410548210144,0.14209410548210144,1
23,RCalfTwist_03,0.1420072764158249,0.1420072764158249,0.1420072764158249,1
58,clavicle_l,0.14180199801921844,0.14180199801921844,0.14180199801921844,1
76,pinky_01_r,0.1415591537952423,0.1415591537952423,0.1415591537952423,1
36,LCalfTwist_02,0.14151613414287567,0.14151613414287567,0.14151613414287567,1
39,clavicle_r,0.14143794775009155,0.14143794775009155,0.14143794775009155,1
19,RCalfTwist_03,0.14134560525417328,0.14134560525417328,0.14134560525417328,1
75,Bip001,0.1412765234708786,0.1412765234708786,0.1412765234708786,1
60,index_01_l,0.1412724256515503,0.1412724256515503,0.1412724256515503,1
71,L_ForeTwist_01,0.14120279252529144,0.14120279252529144,0.14120279252529144,1
20,calf_r,0.14118991792201996,0.14118991792201996,0.14118991792201996,1
60,RCalfTwist_03,0.14108745753765106,0.14108745753765106,0.14108745753765106,1
68,RCalfTwist_01,0.14107944071292877,0.14107944071292877,0.14107944071292877,1
64,R_ForeTwist_02,0.14101272821426392,0.14101272821426392,0.14101272821426392,1
66,RUpArmTwist_l_02,0.14099840819835663,0.14099840819835663,0.14099840819835663,1
25,Bip001,0.14093662798404694,0.14093662798404694,0.14093662798404694,1
51,LCalfTwist_02,0.14093509316444397,0.14093509316444397,0.14093509316444397,1
57,R_ForeTwist_01,0.1408320516347885,0.1408320516347885,0.1408320516347885,1
64,Bip001,0.14079855382442474,0.14079855382442474,0.14079855382442474,1
60,index_01_r,0.14073462784290314,0.14073462784290314,0.14073462784290314,1
20,clavicle_l,0.1405821144580841,0.1405821144580841,0.1405821144580841,1
48,R_ForeTwist_01,0.1404898762702942,0.1404898762702942,0.1404898762702942,1
69,R_ForeTwist_01,0.14034081995487213,0.14034081995487213,0.14034081995487213,1
9,LCalfTwist_01,0.1402006596326828,0.1402006596326828,0.1402006596326828,1
17,Bip001,0.14004093408584595,0.14004093408584595,0.14004093408584595,1
57,clavicle_l,0.13995036482810974,0.13995036482810974,0.13995036482810974,1
17,spine_01,0.13984854519367218,0.13984854519367218,0.13984854519367218,1
58,spine_02,0.1397850215435028,0.1397850215435028,0.1397850215435028,1
43,neck_01,0.13978104293346405,0.13978104293346405,0.13978104293346405,1
19,spine_01,0.13977667689323425,0.13977667689323425,0.13977667689323425,1
42,RUpArmTwist_r_01,0.13974785804748535,0.13974785804748535,0.13974785804748535,1
84,index_01_l,0.13961638510227203,0.13961638510227203,0.13961638510227203,1
77,index_01_l,0.13960833847522736,0.13960833847522736,0.13960833847522736,1
11,L_ForeTwist_02,0.1395583301782608,0.1395583301782608,0.1395583301782608,1
41,RCalfTwist_01,0.13954657316207886,0.13954657316207886,0.13954657316207886,1
54,RUpArmTwist_r_01,0.13941460847854614,0.13941460847854614,0.13941460847854614,1
69,R_ForeTwist_02,0.1393985152244568,0.1393985152244568,0.1393985152244568,1
25,LCalfTwist_03,0.13926324248313904,0.13926324248313904,0.13926324248313904,1
34,L_ForeTwist_01,0.13919875025749207,0.13919875025749207,0.13919875025749207,1
39,R_ForeTwist_01,0.1391727775335312,0.1391727775335312,0.1391727775335312,1
52,LCalfTwist_01,0.1391572505235672,0.1391572505235672,0.1391572505235672,1
61,LCalfTwist_01,0.13908818364143372,0.13908818364143372,0.13908818364143372,1
74,index_01_l,0.13899435102939606,0.13899435102939606,0.13899435102939606,1
36,Bip001,0.13888989388942719,0.13888989388942719,0.13888989388942719,1
79,pinky_01_r,0.1388879269361496,0.1388879269361496,0.1388879269361496,1
59,L_ForeTwist_02,0.1388520896434784,0.1388520896434784,0.1388520896434784,1
9,R_ForeTwist_01,0.13884423673152924,0.13884423673152924,0.13884423673152924,1
11,RCalfTwist_01,0.13884291052818298,0.13884291052818298,0.13884291052818298,1
23,index_01_l,0.138774573802948,0.138774573802948,0.138774573802948,1
31,spine_01,0.138713538646698,0.138713538646698,0.138713538646698,1
28,spine_02,0.13865593075752258,0.13865593075752258,0.13865593075752258,1
41,RCalfTwist_03,0.13865171372890472,0.13865171372890472,0.13865171372890472,1
46,spine_01,0.1385677605867386,0.1385677605867386,0.1385677605867386,1
16,Bip001,0.13855335116386414,0.13855335116386414,0.13855335116386414,1
67,LCalfTwist_03,0.13848158717155457,0.13848158717155457,0.13848158717155457,1
45,spine_01,0.13846290111541748,0.13846290111541748,0.13846290111541748,1
55,RCalfTwist_01,0.13843683898448944,0.13843683898448944,0.13843683898448944,1
73,ball_r,0.13842928409576416,0.13842928409576416,0.13842928409576416,1
76,RUpArmTwist_l_02,0.13824985921382904,0.13824985921382904,0.13824985921382904,1
8,clavicle_l,0.13818314671516418,0.13818314671516418,0.13818314671516418,1
58,L_ForeTwist_02,0.13809645175933838,0.13809645175933838,0.13809645175933838,1
12,R_ForeTwist_02,0.13803228735923767,0.13803228735923767,0.13803228735923767,1
42,RUpArmTwist_r_02,0.13801540434360504,0.13801540434360504,0.13801540434360504,1
60,pinky_01_r,0.13798679411411285,0.13798679411411285,0.13798679411411285,1
21,RCalfTwist_01,0.1379830539226532,0.1379830539226532,0.1379830539226532,1
63,LCalfTwist_02,0.1379736363887787,0.1379736363887787,0.1379736363887787,1
66,LCalfTwist_03,0.1379234492778778,0.1379234492778778,0.1379234492778778,1
36,LCalfTwist_03,0.1375611573457718,0.1375611573457718,0.1375611573457718,1
54,pinky_01_r,0.1375463455915451,0.1375463455915451,0.1375463455915451,1
33,index_01_l,0.1374087631702423,0.1374087631702423,0.1374087631702423,1
39,LCalfTwist_02,0.13737031817436218,0.13737031817436218,0.13737031817436218,1
78,LCalfTwist_02,0.136977881193161,0.136977881193161,0.136977881193161,1
75,clavicle_l,0.13688485324382782,0.13688485324382782,0.13688485324382782,1
7,LCalfTwist_02,0.13686548173427582,0.13686548173427582,0.13686548173427582,1
50,LCalfTwist_02,0.13682019710540771,0.13682019710540771,0.13682019710540771,1
46,R_ForeTwist_01,0.1367489993572235,0.1367489993572235,0.1367489993572235,1
45,index_01_l,0.13674280047416687,0.13674280047416687,0.13674280047416687,1
84,Bip001,0.13673147559165955,0.13673147559165955,0.13673147559165955,1
31,L_ForeTwist_02,0.13666948676109314,0.13666948676109314,0.13666948676109314,1
69,LCalfTwist_02,0.13663189113140106,0.13663189113140106,0.13663189113140106,1
31,Bip001,0.13651376962661743,0.13651376962661743,0.13651376962661743,1
14,index_01_l,0.13641448318958282,0.13641448318958282,0.13641448318958282,1
79,Bip001,0.13639777898788452,0.13639777898788452,0.13639777898788452,1
73,RUpArmTwist_r_01,0.13632789254188538,0.13632789254188538,0.13632789254188538,1
15,Bip001,0.13621462881565094,0.13621462881565094,0.13621462881565094,1
80,lowerarm_r,0.13609668612480164,0.13609668612480164,0.13609668612480164,1
85,spine_02,0.13605456054210663,0.13605456054210663,0.13605456054210663,1
76,index_01_l,0.13598892092704773,0.13598892092704773,0.13598892092704773,1
44,LCalfTwist_02,0.13588453829288483,0.13588453829288483,0.13588453829288483,1
30,RCalfTwist_01,0.13582682609558105,0.13582682609558105,0.13582682609558105,1
36,spine_02,0.13582639396190643,0.13582639396190643,0.13582639396190643,1
10,L_ForeTwist_01,0.13546724617481232,0.13546724617481232,0.13546724617481232,1
20,RCalfTwist_03,0.1352609544992447,0.1352609544992447,0.1352609544992447,1
44,L_ForeTwist_01,0.13524959981441498,0.13524959981441498,0.13524959981441498,1
24,Bip001,0.1352284997701645,0.1352284997701645,0.1352284997701645,1
32,Bip001,0.13522599637508392,0.13522599637508392,0.13522599637508392,1
24,L_ForeTwist_02,0.1351596862077713,0.1351596862077713,0.1351596862077713,1
41,R_ForeTwist_01,0.13512979447841644,0.13512979447841644,0.13512979447841644,1
52,Bip001,0.13507257401943207,0.13507257401943207,0.13507257401943207,1
75,L_ForeTwist_02,0.1349608153104782,0.1349608153104782,0.1349608153104782,1
69,lowerarm_r,0.13482801616191864,0.13482801616191864,0.13482801616191864,1
73,LCalfTwist_01,0.13474200665950775,0.13474200665950775,0.13474200665950775,1
2,R_ForeTwist_02,0.13466493785381317,0.13466493785381317,0.13466493785381317,1
35,Bip001,0.13464362919330597,0.13464362919330597,0.13464362919330597,1
6,clavicle_l,0.13453027606010437,0.13453027606010437,0.13453027606010437,1
82,L_ForeTwist_02,0.13439995050430298,0.13439995050430298,0.13439995050430298,1
20,index_01_l,0.1343134492635727,0.1343134492635727,0.1343134492635727,1
51,RCalfTwist_03,0.13426321744918823,0.13426321744918823,0.13426321744918823,1
75,LCalfTwist_03,0.13425299525260925,0.13425299525260925,0.13425299525260925,1
82,LCalfTwist_01,0.13415361940860748,0.13415361940860748,0.13415361940860748,1
18,RCalfTwist_01,0.1339874565601349,0.1339874565601349,0.1339874565601349,1
66,RCalfTwist_01,0.1338624656200409,0.1338624656200409,0.1338624656200409,1
0,LCalfTwist_01,0.13383758068084717,0.13383758068084717,0.13383758068084717,1
81,pinky_01_r,0.1336747705936432,0.1336747705936432,0.1336747705936432,1
20,RCalfTwist_01,0.13358040153980255,0.13358040153980255,0.13358040153980255,1
13,RCalfTwist_01,0.13357718288898468,0.13357718288898468,0.13357718288898468,1
37,L_ForeTwist_02,0.13342808187007904,0.13342808187007904,0.13342808187007904,1
83,L_ForeTwist_02,0.13342636823654175,0.13342636823654175,0.13342636823654175,1
78,Bip001,0.13335666060447693,0.13335666060447693,0.13335666060447693,1
31,RUpArmTwist_l_02,0.1332564651966095,0.1332564651966095,0.1332564651966095,1
0,LCalfTwist_02,0.13312970101833344,0.13312970101833344,0.13312970101833344,1
46,R_ForeTwist_02,0.13292181491851807,0.13292181491851807,0.13292181491851807,1
44,R_ForeTwist_02,0.13281111419200897,0.13281111419200897,0.13281111419200897,1
27,foot_r,0.1327773779630661,0.1327773779630661,0.1327773779630661,1
83,hand_l,0.1326458901166916,0.1326458901166916,0.1326458901166916,1
59,R_ForeTwist_01,0.13252630829811096,0.13252630829811096,0.13252630829811096,1
31,lowerarm_l,0.13241302967071533,0.13241302967071533,0.13241302967071533,1
20,Bip001,0.1324033886194229,0.1324033886194229,0.1324033886194229,1
51,ball_l,0.13235385715961456,0.13235385715961456,0.13235385715961456,1
14,Bip001,0.1323118805885315,0.1323118805885315,0.1323118805885315,1
72,L_ForeTwist_01,0.1321735680103302,0.1321735680103302,0.1321735680103302,1
59,Bip001,0.13215629756450653,0.13215629756450653,0.13215629756450653,1
1,L_ForeTwist_01,0.13208431005477905,0.13208431005477905,0.13208431005477905,1
4,R_ForeTwist_02,0.1320420801639557,0.1320420801639557,0.1320420801639557,1
55,clavicle_l,0.13203774392604828,0.13203774392604828,0.13203774392604828,1
5,clavicle_l,0.13199834525585175,0.13199834525585175,0.13199834525585175,1
48,RCalfTwist_01,0.13197343051433563,0.13197343051433563,0.13197343051433563,1
64,index_01_l,0.13196119666099548,0.13196119666099548,0.13196119666099548,1
25,LCalfTwist_02,0.13188154995441437,0.13188154995441437,0.13188154995441437,1
70,LCalfTwist_01,0.1315956562757492,0.1315956562757492,0.1315956562757492,1
73,RCalfTwist_02,0.1315287947654724,0.1315287947654724,0.1315287947654724,1
56,RCalfTwist_01,0.13140717148780823,0.13140717148780823,0.13140717148780823,1
15,lowerarm_r,0.1311490684747696,0.1311490684747696,0.1311490684747696,1
19,clavicle_l,0.1311076283454895,0.1311076283454895,0.1311076283454895,1
64,LCalfTwist_02,0.13068079948425293,0.13068079948425293,0.13068079948425293,1
1,RUpArmTwist_l_01,0.13067059218883514,0.13067059218883514,0.13067059218883514,1
69,LCalfTwist_01,0.13061398267745972,0.13061398267745972,0.13061398267745972,1
60,LCalfTwist_01,0.13047809898853302,0.13047809898853302,0.13047809898853302,1
24,RCalfTwist_03,0.1304074078798294,0.1304074078798294,0.1304074078798294,1
28,RCalfTwist_01,0.13034053146839142,0.13034053146839142,0.13034053146839142,1
29,RCalfTwist_03,0.13030709326267242,0.13030709326267242,0.13030709326267242,1
78,index_01_l,0.1302908957004547,0.1302908957004547,0.1302908957004547,1
42,Bip001,0.13019555807113647,0.13019555807113647,0.13019555807113647,1
55,pinky_01_r,0.1301318109035492,0.1301318109035492,0.1301318109035492,1
43,LCalfTwist_02,0.12982077896595,0.12982077896595,0.12982077896595,1
6,RCalfTwist_01,0.12976478040218353,0.12976478040218353,0.12976478040218353,1
44,R_ForeTwist_01,0.12963566184043884,0.12963566184043884,0.12963566184043884,1
40,RCalfTwist_03,0.12960423529148102,0.12960423529148102,0.12960423529148102,1
37,RCalfTwist_01,0.12952324748039246,0.12952324748039246,0.12952324748039246,1
28,RCalfTwist_03,0.1292385756969452,0.1292385756969452,0.1292385756969452,1
23,L_ForeTwist_02,0.12921105325222015,0.12921105325222015,0.12921105325222015,1
45,RCalfTwist_03,0.1290832906961441,0.1290832906961441,0.1290832906961441,1
56,ball_l,0.12903256714344025,0.12903256714344025,0.12903256714344025,1
50,RUpArmTwist_r_02,0.12903183698654175,0.12903183698654175,0.12903183698654175,1
2,RCalfTwist_02,0.12901340425014496,0.12901340425014496,0.12901340425014496,1
65,calf_l,0.1289294809103012,0.1289294809103012,0.1289294809103012,1
68,hand_l,0.12887534499168396,0.12887534499168396,0.12887534499168396,1
56,clavicle_l,0.12881314754486084,0.12881314754486084,0.12881314754486084,1
32,RUpArmTwist_r_01,0.12875235080718994,0.12875235080718994,0.12875235080718994,1
61,LCalfTwist_02,0.12871642410755157,0.12871642410755157,0.12871642410755157,1
58,R_ForeTwist_01,0.12860246002674103,0.12860246002674103,0.12860246002674103,1
3,ball_l,0.12859170138835907,0.12859170138835907,0.12859170138835907,1
3,LCalfTwist_03,0.12850920855998993,0.12850920855998993,0.12850920855998993,1
73,RCalfTwist_01,0.12837405502796173,0.12837405502796173,0.12837405502796173,1
55,R_ForeTwist_01,0.128295436501503,0.128295436501503,0.128295436501503,1
56,pinky_01_r,0.12825824320316315,0.12825824320316315,0.12825824320316315,1
74,R_ForeTwist_01,0.12796550989151,0.12796550989151,0.12796550989151,1
56,LCalfTwist_03,0.1279003769159317,0.1279003769159317,0.1279003769159317,1
66,R_ForeTwist_02,0.1278601735830307,0.1278601735830307,0.1278601735830307,1
35,R_ForeTwist_02,0.12773075699806213,0.12773075699806213,0.12773075699806213,1
54,ball_l,0.12769539654254913,0.12769539654254913,0.12769539654254913,1
5,L_ForeTwist_01,0.12766262888908386,0.12766262888908386,0.12766262888908386,1
85,R_ForeTwist_02,0.1276514083147049,0.1276514083147049,0.1276514083147049,1
84,RCalfTwist_03,0.12752926349639893,0.12752926349639893,0.12752926349639893,1
17,RCalfTwist_01,0.12751834094524384,0.12751834094524384,0.12751834094524384,1
5,LCalfTwist_01,0.12733681499958038,0.12733681499958038,0.12733681499958038,1
85,RCalfTwist_01,0.12728101015090942,0.12728101015090942,0.12728101015090942,1
83,LCalfTwist_03,0.12727101147174835,0.12727101147174835,0.12727101147174835,1
69,ball_l,0.12719981372356415,0.12719981372356415,0.12719981372356415,1
62,R_ForeTwist_02,0.12712225317955017,0.12712225317955017,0.12712225317955017,1
73,clavicle_l,0.1270284801721573,0.1270284801721573,0.1270284801721573,1
84,clavicle_l,0.12695148587226868,0.12695148587226868,0.12695148587226868,1
2,L_ForeTwist_01,0.12687738239765167,0.12687738239765167,0.12687738239765167,1
69,index_01_l,0.12663693726062775,0.12663693726062775,0.12663693726062775,1
19,LCalfTwist_02,0.1265988051891327,0.1265988051891327,0.1265988051891327,1
37,lowerarm_r,0.12659558653831482,0.12659558653831482,0.12659558653831482,1
34,clavicle_l,0.126578226685524,0.126578226685524,0.126578226685524,1
82,R_ForeTwist_02,0.1265736222267151,0.1265736222267151,0.1265736222267151,1
64,LCalfTwist_01,0.12626633048057556,0.12626633048057556,0.12626633048057556,1
84,LCalfTwist_02,0.12619026005268097,0.12619026005268097,0.12619026005268097,1
49,RUpArmTwist_r_02,0.12598788738250732,0.12598788738250732,0.12598788738250732,1
46,clavicle_l,0.12597782909870148,0.12597782909870148,0.12597782909870148,1
52,RCalfTwist_03,0.12585213780403137,0.12585213780403137,0.12585213780403137,1
72,hand_l,0.12580542266368866,0.12580542266368866,0.12580542266368866,1
22,R_ForeTwist_02,0.12579654157161713,0.12579654157161713,0.12579654157161713,1
65,LCalfTwist_03,0.12568017840385437,0.12568017840385437,0.12568017840385437,1
7,index_01_l,0.12550634145736694,0.12550634145736694,0.12550634145736694,1
70,lowerarm_r,0.12547069787979126,0.12547069787979126,0.12547069787979126,1
61,index_01_l,0.12545858323574066,0.12545858323574066,0.12545858323574066,1
41,RUpArmTwist_l_02,0.12539224326610565,0.12539224326610565,0.12539224326610565,1
70,ball_l,0.125374436378479,0.125374436378479,0.125374436378479,1
21,RCalfTwist_03,0.12530314922332764,0.12530314922332764,0.12530314922332764,1
84,LCalfTwist_01,0.12519708275794983,0.12519708275794983,0.12519708275794983,1
62,L_ForeTwist_02,0.12515340745449066,0.12515340745449066,0.12515340745449066,1
12,L_ForeTwist_01,0.12509474158287048,0.12509474158287048,0.12509474158287048,1
81,L_ForeTwist_02,0.12501542270183563,0.12501542270183563,0.12501542270183563,1
46,L_ForeTwist_01,0.12497086822986603,0.12497086822986603,0.12497086822986603,1
73,L_ForeTwist_02,0.12494447827339172,0.12494447827339172,0.12494447827339172,1
19,RCalfTwist_01,0.12485316395759583,0.12485316395759583,0.12485316395759583,1
41,L_ForeTwist_02,0.12483014166355133,0.12483014166355133,0.12483014166355133,1
66,LCalfTwist_01,0.1247958317399025,0.1247958317399025,0.1247958317399025,1
28,L_ForeTwist_01,0.12475504726171494,0.12475504726171494,0.12475504726171494,1
56,R_ForeTwist_01,0.12473396956920624,0.12473396956920624,0.12473396956920624,1
32,L_ForeTwist_02,0.12462969124317169,0.12462969124317169,0.12462969124317169,1
61,clavicle_l,0.12457596510648727,0.12457596510648727,0.12457596510648727,1
63,LCalfTwist_03,0.12446204572916031,0.12446204572916031,0.12446204572916031,1
68,RCalfTwist_03,0.12445055693387985,0.12445055693387985,0.12445055693387985,1
38,lowerarm_r,0.12441860884428024,0.12441860884428024,0.12441860884428024,1
41,hand_l,0.12439806014299393,0.12439806014299393,0.12439806014299393,1
4,index_01_l,0.12436212599277496,0.12436212599277496,0.12436212599277496,1
78,LCalfTwist_03,0.12415652722120285,0.12415652722120285,0.12415652722120285,1
23,LCalfTwist_02,0.1240331158041954,0.1240331158041954,0.1240331158041954,1
29,L_ForeTwist_01,0.12399178743362427,0.12399178743362427,0.12399178743362427,1
77,RCalfTwist_01,0.12385325878858566,0.12385325878858566,0.12385325878858566,1
85,index_01_l,0.1237664744257927,0.1237664744257927,0.1237664744257927,1
37,index_01_l,0.12356337904930115,0.12356337904930115,0.12356337904930115,1
49,L_ForeTwist_02,0.12346407771110535,0.12346407771110535,0.12346407771110535,1
10,LCalfTwist_03,0.12343954294919968,0.12343954294919968,0.12343954294919968,1
45,R_ForeTwist_01,0.12339206784963608,0.12339206784963608,0.12339206784963608,1
54,L_ForeTwist_01,0.1233220025897026,0.1233220025897026,0.1233220025897026,1
53,index_01_l,0.12328305840492249,0.12328305840492249,0.12328305840492249,1
9,LCalfTwist_03,0.1232229620218277,0.1232229620218277,0.1232229620218277,1
0,L_ForeTwist_01,0.12317477911710739,0.12317477911710739,0.12317477911710739,1
31,RUpArmTwist_r_01,0.12316565215587616,0.12316565215587616,0.12316565215587616,1
45,L_ForeTwist_02,0.1231587827205658,0.1231587827205658,0.1231587827205658,1
20,LCalfTwist_03,0.12313750386238098,0.12313750386238098,0.12313750386238098,1
50,ball_l,0.12310896068811417,0.12310896068811417,0.12310896068811417,1
24,RCalfTwist_01,0.12305338680744171,0.12305338680744171,0.12305338680744171,1
83,R_ForeTwist_02,0.12295468151569366,0.12295468151569366,0.12295468151569366,1
66,Bip001,0.12291241437196732,0.12291241437196732,0.12291241437196732,1
25,RCalfTwist_03,0.12283262610435486,0.12283262610435486,0.12283262610435486,1
12,ball_l,0.12278624624013901,0.12278624624013901,0.12278624624013901,1
67,R_ForeTwist_02,0.12275668233633041,0.12275668233633041,0.12275668233633041,1
9,L_ForeTwist_01,0.12273180484771729,0.12273180484771729,0.12273180484771729,1
58,LCalfTwist_01,0.12257251888513565,0.12257251888513565,0.12257251888513565,1
48,LCalfTwist_01,0.1225597932934761,0.1225597932934761,0.1225597932934761,1
19,index_01_l,0.1225232407450676,0.1225232407450676,0.1225232407450676,1
77,L_ForeTwist_02,0.12243175506591797,0.12243175506591797,0.12243175506591797,1
20,LCalfTwist_02,0.12241601198911667,0.12241601198911667,0.12241601198911667,1
59,pinky_01_r,0.12238922715187073,0.12238922715187073,0.12238922715187073,1
37,Bip001,0.12228142470121384,0.12228142470121384,0.12228142470121384,1
67,RCalfTwist_03,0.12200445681810379,0.12200445681810379,0.12200445681810379,1
57,hand_l,0.12181244790554047,0.12181244790554047,0.12181244790554047,1
27,RCalfTwist_01,0.1217021644115448,0.1217021644115448,0.1217021644115448,1
14,R_ForeTwist_01,0.12168370187282562,0.12168370187282562,0.12168370187282562,1
18,RCalfTwist_03,0.12162026017904282,0.12162026017904282,0.12162026017904282,1
36,index_01_l,0.12137914448976517,0.12137914448976517,0.12137914448976517,1
27,index_01_l,0.12136702984571457,0.12136702984571457,0.12136702984571457,1
50,LCalfTwist_01,0.12133845686912537,0.12133845686912537,0.12133845686912537,1
54,LCalfTwist_03,0.12122181057929993,0.12122181057929993,0.12122181057929993,1
71,index_01_l,0.12114220857620239,0.12114220857620239,0.12114220857620239,1
76,clavicle_l,0.12089814990758896,0.12089814990758896,0.12089814990758896,1
38,R_ForeTwist_01,0.12073894590139389,0.12073894590139389,0.12073894590139389,1
42,L_ForeTwist_02,0.12068860232830048,0.12068860232830048,0.12068860232830048,1
47,Bip001,0.12048664689064026,0.12048664689064026,0.12048664689064026,1
66,thigh_r,0.12012659013271332,0.12012659013271332,0.12012659013271332,1
40,LCalfTwist_01,0.12012476474046707,0.12012476474046707,0.12012476474046707,1
50,thigh_l,0.12001776695251465,0.12001776695251465,0.12001776695251465,1
46,hand_l,0.11991703510284424,0.11991703510284424,0.11991703510284424,1
54,R_ForeTwist_01,0.11985410749912262,0.11985410749912262,0.11985410749912262,1
36,R_ForeTwist_02,0.11983809620141983,0.11983809620141983,0.11983809620141983,1
44,RUpArmTwist_r_01,0.11975114792585373,0.11975114792585373,0.11975114792585373,1
62,index_01_l,0.11969131231307983,0.11969131231307983,0.11969131231307983,1
55,index_01_l,0.11955051124095917,0.11955051124095917,0.11955051124095917,1
73,LCalfTwist_03,0.11924124509096146,0.11924124509096146,0.11924124509096146,1
76,LCalfTwist_01,0.11921777576208115,0.11921777576208115,0.11921777576208115,1
12,clavicle_l,0.11905454844236374,0.11905454844236374,0.11905454844236374,1
22,RCalfTwist_01,0.11897705495357513,0.11897705495357513,0.11897705495357513,1
80,hand_l,0.11889137327671051,0.11889137327671051,0.11889137327671051,1
33,Bip001,0.11886295676231384,0.11886295676231384,0.11886295676231384,1
35,ball_l,0.11869253218173981,0.11869253218173981,0.11869253218173981,1
43,index_01_l,0.11868032813072205,0.11868032813072205,0.11868032813072205,1
34,L_ForeTwist_02,0.11864157766103745,0.11864157766103745,0.11864157766103745,1
69,spine_01,0.11862047016620636,0.11862047016620636,0.11862047016620636,1
40,R_ForeTwist_01,0.1186131089925766,0.1186131089925766,0.1186131089925766,1
23,R_ForeTwist_02,0.11847709119319916,0.11847709119319916,0.11847709119319916,1
84,RUpArmTwist_r_02,0.11847633123397827,0.11847633123397827,0.11847633123397827,1
42,RCalfTwist_03,0.1181596890091896,0.1181596890091896,0.1181596890091896,1
19,RUpArmTwist_l_02,0.11811792105436325,0.11811792105436325,0.11811792105436325,1
30,L_ForeTwist_02,0.1180529072880745,0.1180529072880745,0.1180529072880745,1
58,Bip001,0.11790306121110916,0.11790306121110916,0.11790306121110916,1
31,L_ForeTwist_01,0.11787283420562744,0.11787283420562744,0.11787283420562744,1
12,lowerarm_r,0.1178702861070633,0.1178702861070633,0.1178702861070633,1
21,lowerarm_r,0.11785786598920822,0.11785786598920822,0.11785786598920822,1
18,clavicle_l,0.11784769594669342,0.11784769594669342,0.11784769594669342,1
29,LCalfTwist_01,0.1178157851099968,0.1178157851099968,0.1178157851099968,1
55,clavicle_r,0.11774326860904694,0.11774326860904694,0.11774326860904694,1
23,RCalfTwist_01,0.11768708378076553,0.11768708378076553,0.11768708378076553,1
10,R_ForeTwist_02,0.11754104495048523,0.11754104495048523,0.11754104495048523,1
30,R_ForeTwist_01,0.1175125241279602,0.1175125241279602,0.1175125241279602,1
55,neck_01,0.11749507486820221,0.11749507486820221,0.11749507486820221,1
74,LCalfTwist_01,0.11746901273727417,0.11746901273727417,0.11746901273727417,1
76,RUpArmTwist_l_01,0.1174517348408699,0.1174517348408699,0.1174517348408699,1
48,index_01_l,0.1173970028758049,0.1173970028758049,0.1173970028758049,1
29,RCalfTwist_01,0.11735280603170395,0.11735280603170395,0.11735280603170395,1
47,LCalfTwist_01,0.11734994500875473,0.11734994500875473,0.11734994500875473,1
44,Bip001,0.1173427477478981,0.1173427477478981,0.1173427477478981,1
14,hand_l,0.1171976700425148,0.1171976700425148,0.1171976700425148,1
25,R_ForeTwist_01,0.11712385714054108,0.11712385714054108,0.11712385714054108,1
35,L_ForeTwist_02,0.11707493662834167,0.11707493662834167,0.11707493662834167,1
9,RUpArmTwist_r_01,0.11703100800514221,0.11703100800514221,0.11703100800514221,1
52,L_ForeTwist_02,0.11702495068311691,0.11702495068311691,0.11702495068311691,1
35,index_01_l,0.11701293289661407,0.11701293289661407,0.11701293289661407,1
61,L_ForeTwist_01,0.11701042950153351,0.11701042950153351,0.11701042950153351,1
33,R_ForeTwist_02,0.11685989797115326,0.11685989797115326,0.11685989797115326,1
18,Bip001,0.11668101698160172,0.11668101698160172,0.11668101698160172,1
33,LCalfTwist_03,0.11657924205064774,0.11657924205064774,0.11657924205064774,1
16,RCalfTwist_01,0.11654911190271378,0.11654911190271378,0.11654911190271378,1
50,LCalfTwist_03,0.11641858518123627,0.11641858518123627,0.11641858518123627,1
70,R_ForeTwist_02,0.11636341363191605,0.11636341363191605,0.11636341363191605,1
52,index_01_l,0.11635605245828629,0.11635605245828629,0.11635605245828629,1
43,LCalfTwist_03,0.11629927158355713,0.11629927158355713,0.11629927158355713,1
22,L_ForeTwist_02,0.11628542840480804,0.11628542840480804,0.11628542840480804,1
72,LCalfTwist_01,0.11620130389928818,0.11620130389928818,0.11620130389928818,1
73,R_ForeTwist_01,0.11588287353515625,0.11588287353515625,0.11588287353515625,1
35,L_ForeTwist_01,0.11568485200405121,0.11568485200405121,0.11568485200405121,1
16,thigh_l,0.11550156772136688,0.11550156772136688,0.11550156772136688,1
46,index_01_l,0.11547593027353287,0.11547593027353287,0.11547593027353287,1
3,LCalfTwist_01,0.11538378894329071,0.11538378894329071,0.11538378894329071,1
31,index_01_l,0.11532580852508545,0.11532580852508545,0.11532580852508545,1
26,L_ForeTwist_01,0.11526435613632202,0.11526435613632202,0.11526435613632202,1
44,LCalfTwist_01,0.1148218959569931,0.1148218959569931,0.1148218959569931,1
38,R_ForeTwist_02,0.11481406539678574,0.11481406539678574,0.11481406539678574,1
18,L_ForeTwist_02,0.11473353207111359,0.11473353207111359,0.11473353207111359,1
80,LCalfTwist_01,0.1147245392203331,0.1147245392203331,0.1147245392203331,1
53,RUpArmTwist_r_01,0.11472011357545853,0.11472011357545853,0.11472011357545853,1
71,LCalfTwist_03,0.11434650421142578,0.11434650421142578,0.11434650421142578,1
50,spine_01,0.11420133709907532,0.11420133709907532,0.11420133709907532,1
1,L_ForeTwist_02,0.11416547745466232,0.11416547745466232,0.11416547745466232,1
10,L_ForeTwist_02,0.11413349211215973,0.11413349211215973,0.11413349211215973,1
43,L_ForeTwist_02,0.11408083885908127,0.11408083885908127,0.11408083885908127,1
68,LCalfTwist_01,0.11406612396240234,0.11406612396240234,0.11406612396240234,1
7,Bip001,0.11401545256376266,0.11401545256376266,0.11401545256376266,1
17,L_ForeTwist_02,0.11395363509654999,0.11395363509654999,0.11395363509654999,1
29,L_ForeTwist_02,0.1139058768749237,0.1139058768749237,0.1139058768749237,1
12,RCalfTwist_03,0.11385389417409897,0.11385389417409897,0.11385389417409897,1
8,Bip001,0.113787941634655,0.113787941634655,0.113787941634655,1
79,LCalfTwist_03,0.11375626921653748,0.11375626921653748,0.11375626921653748,1
26,spine_02,0.11375036835670471,0.11375036835670471,0.11375036835670471,1
0,Bip001,0.11372285336256027,0.11372285336256027,0.11372285336256027,1
84,L_ForeTwist_02,0.11368775367736816,0.11368775367736816,0.11368775367736816,1
1,LCalfTwist_03,0.1133418157696724,0.1133418157696724,0.1133418157696724,1
51,L_ForeTwist_02,0.11330462247133255,0.11330462247133255,0.11330462247133255,1
69,RCalfTwist_03,0.11322043091058731,0.11322043091058731,0.11322043091058731,1
36,RCalfTwist_01,0.11317911744117737,0.11317911744117737,0.11317911744117737,1
75,RUpArmTwist_r_02,0.11312535405158997,0.11312535405158997,0.11312535405158997,1
62,RCalfTwist_01,0.11292381584644318,0.11292381584644318,0.11292381584644318,1
4,R_ForeTwist_01,0.11285466700792313,0.11285466700792313,0.11285466700792313,1
28,index_01_l,0.11281795799732208,0.11281795799732208,0.11281795799732208,1
21,upperarm_l,0.11279252916574478,0.11279252916574478,0.11279252916574478,1
46,L_ForeTwist_02,0.11279156059026718,0.11279156059026718,0.11279156059026718,1
65,index_01_l,0.11278124898672104,0.11278124898672104,0.11278124898672104,1
80,Bip001,0.11270148307085037,0.11270148307085037,0.11270148307085037,1
50,upperarm_l,0.1126682236790657,0.1126682236790657,0.1126682236790657,1
41,LCalfTwist_01,0.11263320595026016,0.11263320595026016,0.11263320595026016,1
54,RCalfTwist_03,0.11262631416320801,0.11262631416320801,0.11262631416320801,1
85,RUpArmTwist_l_02,0.11245957016944885,0.11245957016944885,0.11245957016944885,1
65,LCalfTwist_02,0.11236976832151413,0.11236976832151413,0.11236976832151413,1
80,L_ForeTwist_02,0.1123015433549881,0.1123015433549881,0.1123015433549881,1
6,R_ForeTwist_02,0.11227156966924667,0.11227156966924667,0.11227156966924667,1
14,RCalfTwist_01,0.11208651214838028,0.11208651214838028,0.11208651214838028,1
72,R_ForeTwist_01,0.11203403025865555,0.11203403025865555,0.11203403025865555,1
2,L_ForeTwist_02,0.11201686412096024,0.11201686412096024,0.11201686412096024,1
76,Bip001,0.11195988953113556,0.11195988953113556,0.11195988953113556,1
27,RCalfTwist_03,0.11188282072544098,0.11188282072544098,0.11188282072544098,1
52,RUpArmTwist_r_01,0.1118667796254158,0.1118667796254158,0.1118667796254158,1
34,lowerarm_r,0.11184921860694885,0.11184921860694885,0.11184921860694885,1
67,LCalfTwist_01,0.11170103400945663,0.11170103400945663,0.11170103400945663,1
44,index_01_l,0.1115984171628952,0.1115984171628952,0.1115984171628952,1
60,R_ForeTwist_01,0.11127961426973343,0.11127961426973343,0.11127961426973343,1
67,Bip001,0.11125368624925613,0.11125368624925613,0.11125368624925613,1
53,LCalfTwist_01,0.1110132560133934,0.1110132560133934,0.1110132560133934,1
61,R_ForeTwist_02,0.11096184700727463,0.11096184700727463,0.11096184700727463,1
7,RCalfTwist_01,0.11071260273456573,0.11071260273456573,0.11071260273456573,1
12,L_ForeTwist_02,0.11053109169006348,0.11053109169006348,0.11053109169006348,1
21,L_ForeTwist_02,0.11040807515382767,0.11040807515382767,0.11040807515382767,1
67,index_01_l,0.11032506823539734,0.11032506823539734,0.11032506823539734,1
72,spine_01,0.11030691862106323,0.11030691862106323,0.11030691862106323,1
13,RCalfTwist_03,0.11024682223796844,0.11024682223796844,0.11024682223796844,1
85,hand_l,0.11019621044397354,0.11019621044397354,0.11019621044397354,1
3,spine_01,0.11006032675504684,0.11006032675504684,0.11006032675504684,1
66,L_ForeTwist_02,0.11003617942333221,0.11003617942333221,0.11003617942333221,1
72,Bip001,0.10999967157840729,0.10999967157840729,0.10999967157840729,1
20,L_ForeTwist_02,0.10992331057786942,0.10992331057786942,0.10992331057786942,1
47,LCalfTwist_03,0.10989309102296829,0.10989309102296829,0.10989309102296829,1
26,RCalfTwist_01,0.10976790636777878,0.10976790636777878,0.10976790636777878,1
31,RUpArmTwist_l_01,0.10975933820009232,0.10975933820009232,0.10975933820009232,1
16,index_01_l,0.1095934808254242,0.1095934808254242,0.1095934808254242,1
66,index_01_l,0.10957943648099899,0.10957943648099899,0.10957943648099899,1
3,L_ForeTwist_01,0.10955596715211868,0.10955596715211868,0.10955596715211868,1
0,R_ForeTwist_01,0.10954295843839645,0.10954295843839645,0.10954295843839645,1
37,L_ForeTwist_01,0.10938531160354614,0.10938531160354614,0.10938531160354614,1
46,clavicle_r,0.1093590185046196,0.1093590185046196,0.1093590185046196,1
44,L_ForeTwist_02,0.10932684689760208,0.10932684689760208,0.10932684689760208,1
11,LCalfTwist_03,0.1091604009270668,0.1091604009270668,0.1091604009270668,1
47,R_ForeTwist_02,0.10879276692867279,0.10879276692867279,0.10879276692867279,1
66,spine_01,0.1087830513715744,0.1087830513715744,0.1087830513715744,1
32,L_ForeTwist_01,0.10866200178861618,0.10866200178861618,0.10866200178861618,1
32,R_ForeTwist_02,0.10862258821725845,0.10862258821725845,0.10862258821725845,1
16,RUpArmTwist_r_01,0.10854318737983704,0.10854318737983704,0.10854318737983704,1
71,R_ForeTwist_02,0.10849042236804962,0.10849042236804962,0.10849042236804962,1
54,LCalfTwist_01,0.1084119901061058,0.1084119901061058,0.1084119901061058,1
31,R_ForeTwist_02,0.10832972079515457,0.10832972079515457,0.10832972079515457,1
28,LCalfTwist_03,0.10823076963424683,0.10823076963424683,0.10823076963424683,1
50,RCalfTwist_01,0.10811509937047958,0.10811509937047958,0.10811509937047958,1
24,index_01_l,0.10808690637350082,0.10808690637350082,0.10808690637350082,1
67,L_ForeTwist_02,0.1079762652516365,0.1079762652516365,0.1079762652516365,1
25,RCalfTwist_01,0.10776849836111069,0.10776849836111069,0.10776849836111069,1
36,L_ForeTwist_01,0.10747437179088593,0.10747437179088593,0.10747437179088593,1
41,LCalfTwist_03,0.1074228435754776,0.1074228435754776,0.1074228435754776,1
23,Bip001,0.10733328014612198,0.10733328014612198,0.10733328014612198,1
4,LCalfTwist_03,0.10723332315683365,0.10723332315683365,0.10723332315683365,1
73,R_ForeTwist_02,0.10712168365716934,0.10712168365716934,0.10712168365716934,1
47,L_ForeTwist_02,0.10691548138856888,0.10691548138856888,0.10691548138856888,1
33,L_ForeTwist_01,0.106849804520607,0.106849804520607,0.106849804520607,1
16,RCalfTwist_03,0.10665703564882278,0.10665703564882278,0.10665703564882278,1
21,Bip001,0.10655657202005386,0.10655657202005386,0.10655657202005386,1
15,lowerarm_l,0.10652381181716919,0.10652381181716919,0.10652381181716919,1
62,LCalfTwist_01,0.1065140813589096,0.1065140813589096,0.1065140813589096,1
38,L_ForeTwist_01,0.10628024488687515,0.10628024488687515,0.10628024488687515,1
78,RCalfTwist_01,0.10625749826431274,0.10625749826431274,0.10625749826431274,1
25,index_01_l,0.10618726909160614,0.10618726909160614,0.10618726909160614,1
27,lowerarm_r,0.10616075247526169,0.10616075247526169,0.10616075247526169,1
57,L_ForeTwist_02,0.10614503175020218,0.10614503175020218,0.10614503175020218,1
82,RCalfTwist_01,0.10591917484998703,0.10591917484998703,0.10591917484998703,1
55,LCalfTwist_01,0.10581174492835999,0.10581174492835999,0.10581174492835999,1
19,L_ForeTwist_02,0.10574723035097122,0.10574723035097122,0.10574723035097122,1
42,RCalfTwist_01,0.10574314743280411,0.10574314743280411,0.10574314743280411,1
51,R_ForeTwist_02,0.10572753101587296,0.10572753101587296,0.10572753101587296,1
72,LCalfTwist_03,0.10571383684873581,0.10571383684873581,0.10571383684873581,1
69,RCalfTwist_01,0.10571272671222687,0.10571272671222687,0.10571272671222687,1
31,RCalfTwist_03,0.10570978373289108,0.10570978373289108,0.10570978373289108,1
78,L_ForeTwist_02,0.10560069978237152,0.10560069978237152,0.10560069978237152,1
17,R_ForeTwist_02,0.10558997839689255,0.10558997839689255,0.10558997839689255,1
61,RCalfTwist_03,0.10554329305887222,0.10554329305887222,0.10554329305887222,1
2,spine_01,0.10541559755802155,0.10541559755802155,0.10541559755802155,1
28,L_ForeTwist_02,0.10528840124607086,0.10528840124607086,0.10528840124607086,1
75,R_ForeTwist_02,0.10525664687156677,0.10525664687156677,0.10525664687156677,1
43,L_ForeTwist_01,0.10522444546222687,0.10522444546222687,0.10522444546222687,1
67,RUpArmTwist_l_02,0.10484064370393753,0.10484064370393753,0.10484064370393753,1
47,RCalfTwist_03,0.1048319935798645,0.1048319935798645,0.1048319935798645,1
57,pinky_01_r,0.1045694425702095,0.1045694425702095,0.1045694425702095,1
66,upperarm_r,0.10444528609514236,0.10444528609514236,0.10444528609514236,1
60,L_ForeTwist_01,0.10422639548778534,0.10422639548778534,0.10422639548778534,1
25,L_ForeTwist_02,0.1041954979300499,0.1041954979300499,0.1041954979300499,1
16,LCalfTwist_03,0.10417380928993225,0.10417380928993225,0.10417380928993225,1
72,R_ForeTwist_02,0.10365303605794907,0.10365303605794907,0.10365303605794907,1
33,ball_l,0.10350902378559113,0.10350902378559113,0.10350902378559113,1
27,L_ForeTwist_01,0.10343766212463379,0.10343766212463379,0.10343766212463379,1
55,L_ForeTwist_02,0.1033688634634018,0.1033688634634018,0.1033688634634018,1
16,L_ForeTwist_02,0.10331622511148453,0.10331622511148453,0.10331622511148453,1
57,LCalfTwist_01,0.10311296582221985,0.10311296582221985,0.10311296582221985,1
21,L_ForeTwist_01,0.10309967398643494,0.10309967398643494,0.10309967398643494,1
48,L_ForeTwist_02,0.10289421677589417,0.10289421677589417,0.10289421677589417,1
58,L_ForeTwist_01,0.10288487374782562,0.10288487374782562,0.10288487374782562,1
40,L_ForeTwist_01,0.10273018479347229,0.10273018479347229,0.10273018479347229,1
61,lowerarm_r,0.10241391509771347,0.10241391509771347,0.10241391509771347,1
57,R_ForeTwist_02,0.10216114670038223,0.10216114670038223,0.10216114670038223,1
7,R_ForeTwist_02,0.1021149680018425,0.1021149680018425,0.1021149680018425,1
46,RUpArmTwist_l_01,0.10206902772188187,0.10206902772188187,0.10206902772188187,1
29,RUpArmTwist_r_01,0.10182918608188629,0.10182918608188629,0.10182918608188629,1
41,ball_l,0.10165461152791977,0.10165461152791977,0.10165461152791977,1
10,RCalfTwist_01,0.10165295004844666,0.10165295004844666,0.10165295004844666,1
64,RCalfTwist_01,0.1016140878200531,0.1016140878200531,0.1016140878200531,1
50,RCalfTwist_03,0.10158155113458633,0.10158155113458633,0.10158155113458633,1
2,LCalfTwist_03,0.10149175673723221,0.10149175673723221,0.10149175673723221,1
7,spine_02,0.10133111476898193,0.10133111476898193,0.10133111476898193,1
63,L_ForeTwist_01,0.10115533322095871,0.10115533322095871,0.10115533322095871,1
43,RCalfTwist_01,0.10108736902475357,0.10108736902475357,0.10108736902475357,1
74,ball_l,0.10099563747644424,0.10099563747644424,0.10099563747644424,1
65,Bip001,0.10093992948532104,0.10093992948532104,0.10093992948532104,1
84,RCalfTwist_01,0.10087356716394424,0.10087356716394424,0.10087356716394424,1
34,R_ForeTwist_02,0.10072018206119537,0.10072018206119537,0.10072018206119537,1
41,index_01_l,0.1006929874420166,0.1006929874420166,0.1006929874420166,1
9,clavicle_l,0.10065701603889465,0.10065701603889465,0.10065701603889465,1
29,index_01_l,0.1004289984703064,0.1004289984703064,0.1004289984703064,1
57,L_ForeTwist_01,0.10037156939506531,0.10037156939506531,0.10037156939506531,1
11,spine_01,0.10032536834478378,0.10032536834478378,0.10032536834478378,1
65,lowerarm_l,0.10012474656105042,0.10012474656105042,0.10012474656105042,1
26,index_01_l,0.10011588037014008,0.10011588037014008,0.10011588037014008,1
30,RCalfTwist_03,0.09986617416143417,0.09986617416143417,0.09986617416143417,1
20,RUpArmTwist_l_02,0.0998477041721344,0.0998477041721344,0.0998477041721344,1
74,Bip001,0.09982924908399582,0.09982924908399582,0.09982924908399582,1
26,RCalfTwist_03,0.09979332238435745,0.09979332238435745,0.09979332238435745,1
59,L_ForeTwist_01,0.09978608042001724,0.09978608042001724,0.09978608042001724,1
77,LCalfTwist_03,0.0997772216796875,0.0997772216796875,0.0997772216796875,1
60,RCalfTwist_01,0.09974437206983566,0.09974437206983566,0.09974437206983566,1
62,L_ForeTwist_01,0.09956023097038269,0.09956023097038269,0.09956023097038269,1
53,R_ForeTwist_02,0.09952790290117264,0.09952790290117264,0.09952790290117264,1
58,R_ForeTwist_02,0.09935116022825241,0.09935116022825241,0.09935116022825241,1
56,L_ForeTwist_02,0.0993487611413002,0.0993487611413002,0.0993487611413002,1
17,neck_01,0.09931501746177673,0.09931501746177673,0.09931501746177673,1
56,LCalfTwist_01,0.0993080735206604,0.0993080735206604,0.0993080735206604,1
6,RCalfTwist_03,0.09900932759046555,0.09900932759046555,0.09900932759046555,1
45,clavicle_l,0.09894834458827972,0.09894834458827972,0.09894834458827972,1
70,spine_01,0.09876150637865067,0.09876150637865067,0.09876150637865067,1
4,LCalfTwist_01,0.09866228699684143,0.09866228699684143,0.09866228699684143,1
43,lowerarm_r,0.09861557930707932,0.09861557930707932,0.09861557930707932,1
80,LCalfTwist_02,0.09856265783309937,0.09856265783309937,0.09856265783309937,1
85,Bip001,0.09840068221092224,0.09840068221092224,0.09840068221092224,1
79,L_ForeTwist_02,0.09837987273931503,0.09837987273931503,0.09837987273931503,1
38,LCalfTwist_03,0.09803139418363571,0.09803139418363571,0.09803139418363571,1
15,RCalfTwist_03,0.09780057519674301,0.09780057519674301,0.09780057519674301,1
29,spine_01,0.09759116172790527,0.09759116172790527,0.09759116172790527,1
9,L_ForeTwist_02,0.09751392155885696,0.09751392155885696,0.09751392155885696,1
85,LCalfTwist_03,0.09750176221132278,0.09750176221132278,0.09750176221132278,1
46,RCalfTwist_01,0.09746956080198288,0.09746956080198288,0.09746956080198288,1
50,R_ForeTwist_02,0.09723774343729019,0.09723774343729019,0.09723774343729019,1
83,clavicle_l,0.09723735600709915,0.09723735600709915,0.09723735600709915,1
30,LCalfTwist_03,0.09689891338348389,0.09689891338348389,0.09689891338348389,1
32,LCalfTwist_01,0.0968855544924736,0.0968855544924736,0.0968855544924736,1
24,LCalfTwist_02,0.09687585383653641,0.09687585383653641,0.09687585383653641,1
28,head,0.09665679186582565,0.09665679186582565,0.09665679186582565,1
4,RCalfTwist_03,0.09631020575761795,0.09631020575761795,0.09631020575761795,1
85,RCalfTwist_03,0.09624911844730377,0.09624911844730377,0.09624911844730377,1
24,clavicle_l,0.09624890238046646,0.09624890238046646,0.09624890238046646,1
67,RCalfTwist_01,0.09591945260763168,0.09591945260763168,0.09591945260763168,1
8,ball_l,0.09578070789575577,0.09578070789575577,0.09578070789575577,1
63,L_ForeTwist_02,0.09577524662017822,0.09577524662017822,0.09577524662017822,1
24,L_ForeTwist_01,0.09576214849948883,0.09576214849948883,0.09576214849948883,1
66,hand_l,0.09571725875139236,0.09571725875139236,0.09571725875139236,1
83,RCalfTwist_03,0.09552231431007385,0.09552231431007385,0.09552231431007385,1
59,RCalfTwist_01,0.09550447016954422,0.09550447016954422,0.09550447016954422,1
27,RUpArmTwist_r_01,0.09525394439697266,0.09525394439697266,0.09525394439697266,1
79,LCalfTwist_02,0.09513160586357117,0.09513160586357117,0.09513160586357117,1
15,RUpArmTwist_r_01,0.0949002206325531,0.0949002206325531,0.0949002206325531,1
47,RUpArmTwist_r_01,0.09472204744815826,0.09472204744815826,0.09472204744815826,1
44,RCalfTwist_03,0.09469962865114212,0.09469962865114212,0.09469962865114212,1
49,LCalfTwist_01,0.09468656033277512,0.09468656033277512,0.09468656033277512,1
19,LCalfTwist_03,0.09452009201049805,0.09452009201049805,0.09452009201049805,1
26,R_ForeTwist_01,0.09449023008346558,0.09449023008346558,0.09449023008346558,1
68,Bip001,0.09441567957401276,0.09441567957401276,0.09441567957401276,1
22,Bip001,0.09407085925340652,0.09407085925340652,0.09407085925340652,1
8,RCalfTwist_01,0.09398311376571655,0.09398311376571655,0.09398311376571655,1
35,RCalfTwist_01,0.09394607692956924,0.09394607692956924,0.09394607692956924,1
31,LCalfTwist_01,0.09376777708530426,0.09376777708530426,0.09376777708530426,1
54,RCalfTwist_01,0.09373778104782104,0.09373778104782104,0.09373778104782104,1
40,RCalfTwist_01,0.09368565678596497,0.09368565678596497,0.09368565678596497,1
80,RCalfTwist_01,0.09357568621635437,0.09357568621635437,0.09357568621635437,1
14,L_ForeTwist_01,0.0933695062994957,0.0933695062994957,0.0933695062994957,1
43,RCalfTwist_03,0.09328929334878922,0.09328929334878922,0.09328929334878922,1
79,LCalfTwist_01,0.09321554750204086,0.09321554750204086,0.09321554750204086,1
6,Bip001,0.09313367307186127,0.09313367307186127,0.09313367307186127,1
8,lowerarm_r,0.09304238855838776,0.09304238855838776,0.09304238855838776,1
64,L_ForeTwist_02,0.09291437268257141,0.09291437268257141,0.09291437268257141,1
46,RCalfTwist_03,0.09286210685968399,0.09286210685968399,0.09286210685968399,1
34,index_01_l,0.09277848899364471,0.09277848899364471,0.09277848899364471,1
58,index_01_l,0.09275289624929428,0.09275289624929428,0.09275289624929428,1
47,L_ForeTwist_01,0.09264462441205978,0.09264462441205978,0.09264462441205978,1
50,L_ForeTwist_02,0.09261271357536316,0.09261271357536316,0.09261271357536316,1
25,L_ForeTwist_01,0.092485211789608,0.092485211789608,0.092485211789608,1
64,spine_01,0.0922485962510109,0.0922485962510109,0.0922485962510109,1
10,RUpArmTwist_r_01,0.0921953022480011,0.0921953022480011,0.0921953022480011,1
11,RUpArmTwist_r_01,0.0920879915356636,0.0920879915356636,0.0920879915356636,1
8,thigh_l,0.09188656508922577,0.09188656508922577,0.09188656508922577,1
23,LCalfTwist_03,0.09170902520418167,0.09170902520418167,0.09170902520418167,1
85,R_ForeTwist_01,0.09165313094854355,0.09165313094854355,0.09165313094854355,1
9,lowerarm_r,0.09162139147520065,0.09162139147520065,0.09162139147520065,1
23,L_ForeTwist_01,0.09159106016159058,0.09159106016159058,0.09159106016159058,1
49,RCalfTwist_01,0.09153850376605988,0.09153850376605988,0.09153850376605988,1
70,Bip001,0.09150712192058563,0.09150712192058563,0.09150712192058563,1
75,RUpArmTwist_r_01,0.09143563359975815,0.09143563359975815,0.09143563359975815,1
18,index_01_l,0.09133600443601608,0.09133600443601608,0.09133600443601608,1
70,L_ForeTwist_02,0.0910266563296318,0.0910266563296318,0.0910266563296318,1
44,LCalfTwist_03,0.09081659466028214,0.09081659466028214,0.09081659466028214,1
26,L_ForeTwist_02,0.09074670076370239,0.09074670076370239,0.09074670076370239,1
11,R_ForeTwist_02,0.0906485915184021,0.0906485915184021,0.0906485915184021,1
5,LCalfTwist_03,0.09040197730064392,0.09040197730064392,0.09040197730064392,1
43,R_ForeTwist_02,0.09022943675518036,0.09022943675518036,0.09022943675518036,1
83,RCalfTwist_01,0.09005943685770035,0.09005943685770035,0.09005943685770035,1
69,Bip001,0.09001190960407257,0.09001190960407257,0.09001190960407257,1
55,RUpArmTwist_l_01,0.08998783677816391,0.08998783677816391,0.08998783677816391,1
75,RUpArmTwist_l_01,0.08998055011034012,0.08998055011034012,0.08998055011034012,1
85,RUpArmTwist_r_01,0.08988892287015915,0.08988892287015915,0.08988892287015915,1
30,R_ForeTwist_02,0.08984431624412537,0.08984431624412537,0.08984431624412537,1
71,RCalfTwist_01,0.08980671316385269,0.08980671316385269,0.08980671316385269,1
14,R_ForeTwist_02,0.08975348621606827,0.08975348621606827,0.08975348621606827,1
74,LCalfTwist_03,0.08959504216909409,0.08959504216909409,0.08959504216909409,1
31,clavicle_l,0.08940025418996811,0.08940025418996811,0.08940025418996811,1
37,clavicle_l,0.08936712145805359,0.08936712145805359,0.08936712145805359,1
55,R_ForeTwist_02,0.08923394232988358,0.08923394232988358,0.08923394232988358,1
13,L_ForeTwist_01,0.08908190578222275,0.08908190578222275,0.08908190578222275,1
49,ball_l,0.08906196802854538,0.08906196802854538,0.08906196802854538,1
75,RCalfTwist_01,0.08876831084489822,0.08876831084489822,0.08876831084489822,1
69,L_ForeTwist_02,0.08867347985506058,0.08867347985506058,0.08867347985506058,1
71,Bip001,0.08853653818368912,0.08853653818368912,0.08853653818368912,1
8,R_ForeTwist_02,0.08839645236730576,0.08839645236730576,0.08839645236730576,1
76,L_ForeTwist_01,0.08822888135910034,0.08822888135910034,0.08822888135910034,1
72,ball_l,0.08821824193000793,0.08821824193000793,0.08821824193000793,1
37,RUpArmTwist_r_01,0.08812671154737473,0.08812671154737473,0.08812671154737473,1
56,R_ForeTwist_02,0.0880173072218895,0.0880173072218895,0.0880173072218895,1
30,RUpArmTwist_l_01,0.08788485825061798,0.08788485825061798,0.08788485825061798,1
74,L_ForeTwist_01,0.08763879537582397,0.08763879537582397,0.08763879537582397,1
48,LCalfTwist_03,0.08762970566749573,0.08762970566749573,0.08762970566749573,1
46,LCalfTwist_03,0.08750550448894501,0.08750550448894501,0.08750550448894501,1
51,RUpArmTwist_l_01,0.08736411482095718,0.08736411482095718,0.08736411482095718,1
24,R_ForeTwist_02,0.08732057362794876,0.08732057362794876,0.08732057362794876,1
56,Bip001,0.08719982206821442,0.08719982206821442,0.08719982206821442,1
68,L_ForeTwist_02,0.08702797442674637,0.08702797442674637,0.08702797442674637,1
56,L_ForeTwist_01,0.08691929280757904,0.08691929280757904,0.08691929280757904,1
7,L_ForeTwist_02,0.08691755682229996,0.08691755682229996,0.08691755682229996,1
65,RCalfTwist_01,0.08684966713190079,0.08684966713190079,0.08684966713190079,1
63,RCalfTwist_01,0.08678805083036423,0.08678805083036423,0.08678805083036423,1
14,RCalfTwist_03,0.08641873300075531,0.08641873300075531,0.08641873300075531,1
12,LCalfTwist_03,0.08594272285699844,0.08594272285699844,0.08594272285699844,1
77,pinky_01_r,0.08593862503767014,0.08593862503767014,0.08593862503767014,1
37,R_ForeTwist_02,0.08593801409006119,0.08593801409006119,0.08593801409006119,1
70,RCalfTwist_01,0.08544869720935822,0.08544869720935822,0.08544869720935822,1
34,Bip001,0.0854455977678299,0.0854455977678299,0.0854455977678299,1
29,lowerarm_r,0.0854206308722496,0.0854206308722496,0.0854206308722496,1
27,L_ForeTwist_02,0.08529886603355408,0.08529886603355408,0.08529886603355408,1
10,index_01_l,0.08519168943166733,0.08519168943166733,0.08519168943166733,1
32,RCalfTwist_01,0.08502557873725891,0.08502557873725891,0.08502557873725891,1
1,R_ForeTwist_02,0.08493795245885849,0.08493795245885849,0.08493795245885849,1
71,L_ForeTwist_02,0.0847313180565834,0.0847313180565834,0.0847313180565834,1
73,spine_01,0.08472881466150284,0.08472881466150284,0.08472881466150284,1
53,L_ForeTwist_02,0.0847134068608284,0.0847134068608284,0.0847134068608284,1
78,L_ForeTwist_01,0.08463601768016815,0.08463601768016815,0.08463601768016815,1
14,L_ForeTwist_02,0.08455134183168411,0.08455134183168411,0.08455134183168411,1
82,spine_01,0.0844484195113182,0.0844484195113182,0.0844484195113182,1
71,ball_l,0.08444029837846756,0.08444029837846756,0.08444029837846756,1
75,pinky_01_r,0.08441469073295593,0.08441469073295593,0.08441469073295593,1
16,R_ForeTwist_02,0.08439738303422928,0.08439738303422928,0.08439738303422928,1
72,L_ForeTwist_02,0.08424548804759979,0.08424548804759979,0.08424548804759979,1
57,Bip001,0.084186851978302,0.084186851978302,0.084186851978302,1
44,clavicle_r,0.08407564461231232,0.08407564461231232,0.08407564461231232,1
42,spine_01,0.0838942900300026,0.0838942900300026,0.0838942900300026,1
9,R_ForeTwist_02,0.08384250849485397,0.08384250849485397,0.08384250849485397,1
63,index_01_l,0.0837494358420372,0.0837494358420372,0.0837494358420372,1
31,RCalfTwist_01,0.08372238278388977,0.08372238278388977,0.08372238278388977,1
3,RCalfTwist_03,0.08351722359657288,0.08351722359657288,0.08351722359657288,1
32,clavicle_l,0.08349356055259705,0.08349356055259705,0.08349356055259705,1
49,R_ForeTwist_02,0.08338584750890732,0.08338584750890732,0.08338584750890732,1
59,R_ForeTwist_02,0.08285091817378998,0.08285091817378998,0.08285091817378998,1
40,lowerarm_r,0.08273223042488098,0.08273223042488098,0.08273223042488098,1
53,Bip001,0.08269491791725159,0.08269491791725159,0.08269491791725159,1
5,ball_l,0.08246594667434692,0.08246594667434692,0.08246594667434692,1
45,RUpArmTwist_r_01,0.08245451003313065,0.08245451003313065,0.08245451003313065,1
65,upperarm_r,0.0823279544711113,0.0823279544711113,0.0823279544711113,1
64,foot_r,0.08226614445447922,0.08226614445447922,0.08226614445447922,1
51,index_01_l,0.08184181153774261,0.08184181153774261,0.08184181153774261,1
35,RUpArmTwist_r_01,0.08154456317424774,0.08154456317424774,0.08154456317424774,1
18,L_ForeTwist_01,0.08152182400226593,0.08152182400226593,0.08152182400226593,1
58,LCalfTwist_03,0.08141607791185379,0.08141607791185379,0.08141607791185379,1
77,LCalfTwist_01,0.08128218352794647,0.08128218352794647,0.08128218352794647,1
81,RCalfTwist_01,0.08123575896024704,0.08123575896024704,0.08123575896024704,1
53,L_ForeTwist_01,0.0812285766005516,0.0812285766005516,0.0812285766005516,1
40,R_ForeTwist_02,0.0811634510755539,0.0811634510755539,0.0811634510755539,1
22,LCalfTwist_03,0.08108177781105042,0.08108177781105042,0.08108177781105042,1
13,R_ForeTwist_02,0.08096420019865036,0.08096420019865036,0.08096420019865036,1
78,LCalfTwist_01,0.0807691365480423,0.0807691365480423,0.0807691365480423,1
39,LCalfTwist_03,0.08047009259462357,0.08047009259462357,0.08047009259462357,1
30,LCalfTwist_01,0.08024146407842636,0.08024146407842636,0.08024146407842636,1
65,L_ForeTwist_02,0.07989148795604706,0.07989148795604706,0.07989148795604706,1
0,pinky_01_r,0.0796537771821022,0.0796537771821022,0.0796537771821022,1
59,LCalfTwist_01,0.07963759452104568,0.07963759452104568,0.07963759452104568,1
17,index_01_l,0.07917535305023193,0.07917535305023193,0.07917535305023193,1
47,RCalfTwist_01,0.079136423766613,0.079136423766613,0.079136423766613,1
76,L_ForeTwist_02,0.07911884784698486,0.07911884784698486,0.07911884784698486,1
1,clavicle_l,0.07895777374505997,0.07895777374505997,0.07895777374505997,1
33,RCalfTwist_01,0.07894119620323181,0.07894119620323181,0.07894119620323181,1
2,RCalfTwist_01,0.07886309176683426,0.07886309176683426,0.07886309176683426,1
13,L_ForeTwist_02,0.07869213819503784,0.07869213819503784,0.07869213819503784,1
44,RCalfTwist_01,0.07840263843536377,0.07840263843536377,0.07840263843536377,1
60,R_ForeTwist_02,0.07834596931934357,0.07834596931934357,0.07834596931934357,1
81,LCalfTwist_01,0.07828734070062637,0.07828734070062637,0.07828734070062637,1
15,L_ForeTwist_02,0.0777769610285759,0.0777769610285759,0.0777769610285759,1
43,spine_01,0.07753118872642517,0.07753118872642517,0.07753118872642517,1
36,RUpArmTwist_r_01,0.07743805646896362,0.07743805646896362,0.07743805646896362,1
13,RUpArmTwist_r_01,0.07739000022411346,0.07739000022411346,0.07739000022411346,1
39,clavicle_l,0.07713118940591812,0.07713118940591812,0.07713118940591812,1
7,LCalfTwist_03,0.0770643949508667,0.0770643949508667,0.0770643949508667,1
36,clavicle_l,0.07699871808290482,0.07699871808290482,0.07699871808290482,1
54,RUpArmTwist_l_01,0.0767315998673439,0.0767315998673439,0.0767315998673439,1
85,spine_01,0.07568448036909103,0.07568448036909103,0.07568448036909103,1
6,L_ForeTwist_02,0.0752776488661766,0.0752776488661766,0.0752776488661766,1
32,RCalfTwist_03,0.07504033297300339,0.07504033297300339,0.07504033297300339,1
10,lowerarm_r,0.07503393292427063,0.07503393292427063,0.07503393292427063,1
0,RCalfTwist_01,0.07467351108789444,0.07467351108789444,0.07467351108789444,1
54,L_ForeTwist_02,0.0744180977344513,0.0744180977344513,0.0744180977344513,1
46,Bip001,0.07431964576244354,0.07431964576244354,0.07431964576244354,1
55,L_ForeTwist_01,0.07389768213033676,0.07389768213033676,0.07389768213033676,1
59,LCalfTwist_03,0.07369457930326462,0.07369457930326462,0.07369457930326462,1
78,spine_01,0.07350873202085495,0.07350873202085495,0.07350873202085495,1
47,ball_l,0.07343872636556625,0.07343872636556625,0.07343872636556625,1
33,RCalfTwist_03,0.07342219352722168,0.07342219352722168,0.07342219352722168,1
84,RUpArmTwist_r_01,0.0728132426738739,0.0728132426738739,0.0728132426738739,1
8,L_ForeTwist_02,0.07279784977436066,0.07279784977436066,0.07279784977436066,1
48,L_ForeTwist_01,0.0725669115781784,0.0725669115781784,0.0725669115781784,1
41,R_ForeTwist_02,0.07210895419120789,0.07210895419120789,0.07210895419120789,1
82,hand_l,0.07204331457614899,0.07204331457614899,0.07204331457614899,1
7,RCalfTwist_03,0.07176711410284042,0.07176711410284042,0.07176711410284042,1
22,L_ForeTwist_01,0.071725033223629,0.071725033223629,0.071725033223629,1
9,RCalfTwist_01,0.07131292670965195,0.07131292670965195,0.07131292670965195,1
74,L_ForeTwist_02,0.07126036286354065,0.07126036286354065,0.07126036286354065,1
85,L_ForeTwist_02,0.07097931206226349,0.07097931206226349,0.07097931206226349,1
13,lowerarm_r,0.07082996517419815,0.07082996517419815,0.07082996517419815,1
55,Bip001,0.07071199268102646,0.07071199268102646,0.07071199268102646,1
16,lowerarm_r,0.07042216509580612,0.07042216509580612,0.07042216509580612,1
20,ball_l,0.06974367052316666,0.06974367052316666,0.06974367052316666,1
20,spine_01,0.0692100077867508,0.0692100077867508,0.0692100077867508,1
10,clavicle_l,0.06888319551944733,0.06888319551944733,0.06888319551944733,1
57,RCalfTwist_01,0.06848651170730591,0.06848651170730591,0.06848651170730591,1
85,RUpArmTwist_l_01,0.06796547770500183,0.06796547770500183,0.06796547770500183,1
5,RUpArmTwist_r_01,0.06787064671516418,0.06787064671516418,0.06787064671516418,1
6,index_01_l,0.06762334704399109,0.06762334704399109,0.06762334704399109,1
27,R_ForeTwist_02,0.06761664897203445,0.06761664897203445,0.06761664897203445,1
29,R_ForeTwist_02,0.06731496006250381,0.06731496006250381,0.06731496006250381,1
38,RUpArmTwist_r_01,0.06714517623186111,0.06714517623186111,0.06714517623186111,1
54,Bip001,0.06686647981405258,0.06686647981405258,0.06686647981405258,1
21,LCalfTwist_03,0.0666404590010643,0.0666404590010643,0.0666404590010643,1
15,R_ForeTwist_02,0.0663115456700325,0.0663115456700325,0.0663115456700325,1
3,R_ForeTwist_02,0.06603812426328659,0.06603812426328659,0.06603812426328659,1
8,RUpArmTwist_r_01,0.06603709608316422,0.06603709608316422,0.06603709608316422,1
20,L_ForeTwist_01,0.06574087589979172,0.06574087589979172,0.06574087589979172,1
45,RCalfTwist_01,0.06530119478702545,0.06530119478702545,0.06530119478702545,1
36,ball_l,0.06515555828809738,0.06515555828809738,0.06515555828809738,1
3,RCalfTwist_01,0.06483528763055801,0.06483528763055801,0.06483528763055801,1
8,spine_02,0.06403127312660217,0.06403127312660217,0.06403127312660217,1
22,clavicle_l,0.063534677028656,0.063534677028656,0.063534677028656,1
55,LCalfTwist_03,0.06327822804450989,0.06327822804450989,0.06327822804450989,1
58,RCalfTwist_01,0.06315349042415619,0.06315349042415619,0.06315349042415619,1
61,RCalfTwist_01,0.06236213445663452,0.06236213445663452,0.06236213445663452,1
43,RUpArmTwist_r_01,0.06112688407301903,0.06112688407301903,0.06112688407301903,1
48,Bip001,0.06026304513216019,0.06026304513216019,0.06026304513216019,1
0,L_ForeTwist_02,0.05985211580991745,0.05985211580991745,0.05985211580991745,1
53,RUpArmTwist_l_01,0.059700217097997665,0.059700217097997665,0.059700217097997665,1
80,RUpArmTwist_l_01,0.05967014655470848,0.05967014655470848,0.05967014655470848,1
49,LCalfTwist_03,0.059256840497255325,0.059256840497255325,0.059256840497255325,1
59,foot_l,0.05814851075410843,0.05814851075410843,0.05814851075410843,1
39,L_ForeTwist_01,0.05744781345129013,0.05744781345129013,0.05744781345129013,1
17,L_ForeTwist_01,0.05719265714287758,0.05719265714287758,0.05719265714287758,1
8,L_ForeTwist_01,0.05504461005330086,0.05504461005330086,0.05504461005330086,1
17,RUpArmTwist_r_01,0.054980941116809845,0.054980941116809845,0.054980941116809845,1
21,RUpArmTwist_r_01,0.05466451123356819,0.05466451123356819,0.05466451123356819,1
5,RUpArmTwist_l_01,0.054264988750219345,0.054264988750219345,0.054264988750219345,1
75,calf_l,0.05343034118413925,0.05343034118413925,0.05343034118413925,1
42,R_ForeTwist_02,0.05190502479672432,0.05190502479672432,0.05190502479672432,1
15,spine_01,0.051875658333301544,0.051875658333301544,0.051875658333301544,1
23,RUpArmTwist_r_01,0.04897784814238548,0.04897784814238548,0.04897784814238548,1
38,clavicle_l,0.04882325604557991,0.04882325604557991,0.04882325604557991,1
67,RUpArmTwist_l_01,0.048572998493909836,0.048572998493909836,0.048572998493909836,1
77,spine_01,0.04843801259994507,0.04843801259994507,0.04843801259994507,1
42,ball_l,0.04837699979543686,0.04837699979543686,0.04837699979543686,1
25,R_ForeTwist_02,0.04829186946153641,0.04829186946153641,0.04829186946153641,1
19,L_ForeTwist_01,0.04766245186328888,0.04766245186328888,0.04766245186328888,1
60,LCalfTwist_03,0.04703406244516373,0.04703406244516373,0.04703406244516373,1
28,R_ForeTwist_02,0.046958327293395996,0.046958327293395996,0.046958327293395996,1
0,R_ForeTwist_02,0.04614449664950371,0.04614449664950371,0.04614449664950371,1
48,R_ForeTwist_02,0.04585016146302223,0.04585016146302223,0.04585016146302223,1
16,L_ForeTwist_01,0.04476073384284973,0.04476073384284973,0.04476073384284973,1
2,LCalfTwist_01,0.04112913832068443,0.04112913832068443,0.04112913832068443,1
26,R_ForeTwist_02,0.040098659694194794,0.040098659694194794,0.040098659694194794,1
29,RUpArmTwist_l_02,0.03969984129071236,0.03969984129071236,0.03969984129071236,1
79,RCalfTwist_01,0.037751179188489914,0.037751179188489914,0.037751179188489914,1
74,RCalfTwist_01,0.03761851787567139,0.03761851787567139,0.03761851787567139,1
23,clavicle_l,0.03391477093100548,0.03391477093100548,0.03391477093100548,1
11,index_01_l,0.03382168337702751,0.03382168337702751,0.03382168337702751,1
23,ball_l,0.03256010264158249,0.03256010264158249,0.03256010264158249,1
15,L_ForeTwist_01,0.02913403883576393,0.02913403883576393,0.02913403883576393,1
68,RUpArmTwist_l_01,0.022016828879714012,0.022016828879714012,0.022016828879714012,1
17,RUpArmTwist_l_02,0.019089357927441597,0.019089357927441597,0.019089357927441597,1
