sic,bone,mean_deg,p50_deg,p90_deg,count
37,foot_l,3.464819590250651,3.744609832763672,4.095557785034179,3
31,foot_l,3.3666951656341553,3.32304310798645,3.9140242099761964,3
85,calf_r,2.967759132385254,3.1337549686431885,3.159056520462036,3
32,foot_l,2.844912608464559,2.9219889640808105,3.113848400115967,3
32,calf_l,2.61673911412557,2.648898124694824,2.856269645690918,3
85,foot_r,2.468447685241699,2.431433916091919,2.616192674636841,3
53,ball_r,2.3601816097895303,2.5485968589782715,2.6906950950622557,3
27,calf_l,2.314470807711283,1.9777592420578003,2.881812262535095,3
41,foot_l,2.1340843439102173,2.209651231765747,2.6970787525177,3
33,foot_l,2.116727113723755,2.245108127593994,2.322505474090576,3
36,foot_l,2.088288187980652,2.3085896968841553,2.9510964870452883,3
13,foot_l,2.0660707155863443,1.9110064506530762,2.846652126312256,3
32,thigh_l,2.046298543612162,1.9361494779586792,2.3944820165634155,3
53,foot_r,2.039394497871399,2.1274259090423584,2.191779851913452,3
13,ball_l,1.9458188613255818,1.8787760734558105,2.1153733253479006,3
42,foot_l,1.9250032901763916,1.920625925064087,2.4853861331939697,3
71,calf_l,1.833027680714925,1.7670563459396362,1.934727931022644,3
14,foot_l,1.7727328538894653,1.6598654985427856,2.225609803199768,3
31,thigh_l,1.6698497136433919,1.5615603923797607,1.9986840724945067,3
38,foot_l,1.6650391817092896,1.6730228662490845,2.2655654191970824,3
17,foot_l,1.618707259496053,1.7193173170089722,1.8023792028427124,3
81,calf_r,1.5985595385233562,1.5805963277816772,1.7422784566879272,3
18,foot_l,1.5664124488830566,1.5524741411209106,1.860887837409973,3
55,foot_r,1.4699453512827556,1.4788328409194946,1.6304800271987916,3
2,calf_l,1.414752205212911,1.4259358644485474,1.65656578540802,3
19,foot_l,1.3619575500488281,1.3588206768035889,1.3685542583465575,3
11,foot_l,1.3186552127202351,1.3479458093643188,1.36949303150177,3
84,calf_r,1.313375473022461,1.2383506298065186,1.6612486362457275,3
28,calf_l,1.2991809050242107,1.308883786201477,1.6125678300857544,3
52,ball_r,1.2955158750216167,1.4067084789276123,1.7193907260894776,3
40,foot_l,1.2818524837493896,1.3200836181640625,1.3228440284729004,3
37,thigh_l,1.2591384649276733,1.1498311758041382,1.4653093099594117,3
18,calf_l,1.240485688050588,1.3833963871002197,1.5295603275299072,3
85,upperarm_l,1.1675440867741902,1.0946356058120728,1.3157417535781861,3
40,thigh_l,1.1416011055310566,1.256738305091858,1.3431012392044068,3
0,calf_r,1.1378848155339558,1.2286062240600586,1.2518602371215821,3
34,foot_l,1.1329107681910198,1.128386378288269,1.1489470243453979,3
84,thigh_l,1.1202413439750671,1.1621240377426147,1.330044436454773,3
56,foot_r,1.1163143515586853,1.1123480796813965,1.3431638717651366,3
37,calf_l,1.1138816873232524,1.2151306867599487,1.2839850187301636,3
7,foot_l,1.10906716187795,1.028535008430481,1.3359763383865357,3
4,hand_r,1.1035926739374797,1.1174004077911377,1.2012467861175538,3
35,foot_l,1.1002518932024639,1.179447889328003,1.623421049118042,3
36,thigh_l,1.1001950701077778,1.0580195188522339,1.2968154668807983,3
7,ball_l,1.098817229270935,1.0793553590774536,1.1575767755508424,3
62,ball_l,1.0914950768152873,1.1139854192733765,1.1187035322189331,3
71,thigh_l,1.0861997803052266,1.079140305519104,1.2692890405654906,3
0,foot_r,1.0849863290786743,1.0827076435089111,1.1155585765838623,3
31,hand_l,1.0837621291478474,1.0767822265625,1.1222070693969726,3
83,calf_r,1.0617295503616333,1.0982205867767334,1.1292283535003662,3
33,thigh_l,1.0486537615458171,0.8338465094566345,1.351380717754364,3
6,foot_l,1.0378849705060322,1.0039710998535156,1.1349879264831544,3
16,calf_l,1.0335872371991475,1.1357144117355347,1.3655643224716187,3
54,foot_r,1.021227240562439,0.9809704422950745,1.170223343372345,3
40,ball_l,1.0169514815012615,1.0703493356704712,1.0766014337539673,3
5,foot_l,1.0107348561286926,1.0659115314483643,1.1718661785125732,3
30,calf_l,1.0011022686958313,0.9462725520133972,1.1725388884544372,3
80,calf_r,0.99461563428243,0.9950764775276184,1.118106520175934,3
27,ball_l,0.9844720363616943,0.9607590436935425,1.0725766897201539,3
36,calf_l,0.9692759911219279,1.066368818283081,1.0802241802215575,3
85,foot_l,0.9688160618146261,1.0055441856384277,1.0147359848022461,3
13,hand_r,0.9479366938273112,0.9063349366188049,1.06829491853714,3
26,hand_r,0.9473129510879517,0.9550186395645142,1.0240083932876587,3
23,calf_l,0.935481051603953,0.8487757444381714,1.1243021726608275,3
84,upperarm_l,0.9238425095876058,0.8818925023078918,1.020398771762848,3
39,foot_l,0.9230809410413107,0.9268614649772644,1.0197696089744568,3
43,foot_l,0.9228794773419698,0.8540583252906799,1.1478152394294738,3
30,hand_l,0.9112457434336344,0.9102829098701477,0.9541191697120667,3
0,thigh_l,0.905495802561442,0.7568169832229614,1.1268579721450807,3
1,calf_r,0.9032929738362631,0.8759754300117493,1.0423147797584533,3
85,thigh_l,0.8986557324727377,0.8502337336540222,0.9696243643760681,3
81,thigh_r,0.8951150973637899,0.8684236407279968,1.0324029326438904,3
58,ball_l,0.8923591176668803,0.9972477555274963,1.0051861882209778,3
15,foot_l,0.8848979473114014,0.666717529296875,1.1978577613830566,3
81,foot_r,0.8690958023071289,0.8695617318153381,0.9186240792274475,3
84,foot_l,0.8679927984873453,0.8741366267204285,0.8922093749046326,3
58,foot_r,0.8675479690233866,0.8942943811416626,0.9907733201980591,3
1,upperarm_r,0.8668426076571146,0.856579065322876,0.9709909439086915,3
84,ball_l,0.866539478302002,0.917429506778717,0.971887743473053,3
20,foot_l,0.8658339182535807,0.7742195129394531,1.0426427841186523,3
24,hand_r,0.8649031519889832,0.878104031085968,0.9228387951850892,3
29,foot_l,0.8561577995618185,0.8926911950111389,0.9930220723152161,3
26,hand_l,0.8516330321629842,0.9128368496894836,0.9439902901649475,3
17,thigh_l,0.8514785567919413,0.792244553565979,1.1547942399978637,3
39,upperarm_r,0.8513152400652567,0.8085594177246094,0.9392134189605713,3
38,calf_l,0.8510490655899048,0.8625978827476501,0.9525336146354675,3
13,lowerarm_l,0.8458748658498129,0.8661518692970276,0.8849454045295715,3
45,foot_l,0.8364941676457723,0.8233553171157837,0.8645540475845337,3
10,calf_l,0.8364727795124054,0.9576318264007568,1.1023787975311279,3
13,upperarm_r,0.8348379333813986,0.9113945364952087,0.9418218016624451,3
5,foot_r,0.8343537251154581,0.8787413835525513,0.891614556312561,3
0,lowerarm_l,0.8338287274042765,0.7677406072616577,1.0576422452926635,3
30,foot_l,0.8315192560354868,0.9235640168190002,1.1018038868904114,3
41,thigh_l,0.8286252617835999,0.7855535745620728,1.1025358438491821,3
47,foot_r,0.8261789282162985,0.8381333947181702,0.9192694306373597,3
3,foot_r,0.8166414896647135,0.8263669610023499,0.917120897769928,3
16,foot_l,0.8162301182746887,0.8809373378753662,0.9328381538391113,3
59,foot_r,0.8145557840665182,0.9523181319236755,1.0088179469108582,3
2,hand_r,0.809546947479248,0.8617326021194458,0.8950976133346558,3
72,calf_l,0.8021644949913025,0.8281417489051819,0.8535719513893127,3
84,foot_r,0.8013501962025961,0.8353845477104187,0.9599280238151551,3
21,calf_l,0.7948410312334696,0.7810695171356201,1.0182173252105713,3
35,thigh_l,0.7946223417917887,0.6707870960235596,0.9742940425872803,3
2,foot_r,0.7944809198379517,0.8241673707962036,0.8265623807907104,3
15,calf_l,0.7930664817492167,0.9113327264785767,1.0166245698928833,3
14,calf_l,0.7898706197738647,0.8583446741104126,1.0018230676651,3
57,foot_r,0.7868263522783915,0.7558172345161438,0.9493045926094055,3
34,hand_r,0.7796585162480673,0.8187240362167358,0.8419161081314087,3
0,thigh_r,0.7790924708048502,0.7972031235694885,0.9575686573982238,3
75,foot_r,0.7718750536441803,0.9601274728775024,0.9816437005996704,3
52,foot_r,0.771796464920044,0.7539361715316772,0.799557089805603,3
81,upperarm_l,0.7615245978037516,0.758597195148468,0.8048419117927551,3
62,ball_r,0.7609632015228271,0.7915369868278503,0.8207168459892273,3
80,foot_r,0.7588058908780416,0.7972010970115662,0.8414835333824158,3
71,foot_l,0.7585265239079794,0.745960533618927,0.7851199746131897,3
44,ball_l,0.7548530300458273,0.7525816559791565,0.8812668442726135,3
68,calf_l,0.7532268166542053,0.8230463862419128,0.8333668112754822,3
22,hand_r,0.7526944875717163,0.7801315188407898,0.8031209826469421,3
1,ball_l,0.7516769766807556,0.8273535370826721,0.8528962731361389,3
1,lowerarm_l,0.7513446013132731,0.7209895253181458,0.9094389081001282,3
23,upperarm_l,0.7497974435488383,0.7848145365715027,0.8561487555503845,3
59,upperarm_l,0.7487961252530416,0.7568500638008118,0.8642353653907776,3
4,calf_l,0.7467151681582133,0.7045941948890686,0.9231082081794739,3
23,foot_l,0.7395294606685638,0.7207760214805603,0.9512916445732117,3
4,foot_r,0.737942616144816,0.7218035459518433,0.8318777322769165,3
63,ball_l,0.733954906463623,0.7258584499359131,0.7781697273254394,3
3,upperarm_r,0.7325537403424581,0.7842935919761658,0.8454763770103455,3
1,upperarm_l,0.7311201691627502,0.7163516283035278,0.7716985464096069,3
0,upperarm_l,0.7297192712624868,0.7514973878860474,0.9029765367507935,3
4,thigh_r,0.7295451362927755,0.7006666660308838,0.8335097312927247,3
39,thigh_l,0.7278416951497396,0.7704327702522278,0.9610353112220764,3
12,calf_l,0.7261413931846619,0.8284739851951599,0.9794882655143737,3
59,ball_l,0.723980188369751,0.6872387528419495,0.8403760075569153,3
11,calf_l,0.7197710573673248,0.9002653956413269,0.9487006545066834,3
25,lowerarm_l,0.7181253035863241,0.7404590845108032,0.8069968938827514,3
0,upperarm_r,0.717136820157369,0.7059850692749023,0.8881415367126465,3
23,lowerarm_l,0.7169036666552225,0.7221428155899048,0.7349563360214233,3
35,calf_l,0.7161638538042704,0.7435386180877686,0.8322376728057861,3
24,lowerarm_l,0.7157005866368612,0.7367058396339417,0.7658351063728333,3
26,upperarm_l,0.715326170126597,0.768753707408905,0.7991459250450135,3
54,calf_r,0.7142686247825623,0.7229658365249634,0.8406688451766968,3
22,upperarm_r,0.7101531227429708,0.7624838948249817,0.8076114296913147,3
24,calf_l,0.7100159525871277,0.6242570877075195,0.84091215133667,3
6,ball_l,0.705238401889801,0.7774037718772888,0.8035929083824158,3
22,thigh_l,0.7050500810146332,0.8195084929466248,0.9208733916282654,3
17,calf_l,0.7034775018692017,0.8333102464675903,0.9483242750167846,3
1,thigh_l,0.702231764793396,0.6350383162498474,0.864342725276947,3
47,calf_r,0.6964029471079508,0.6090851426124573,0.8684884667396545,3
5,thigh_r,0.6962713400522867,0.7262053489685059,0.7828634738922119,3
30,hand_r,0.6937300761540731,0.6999805569648743,0.7732242703437805,3
6,calf_l,0.6911239922046661,0.8064431548118591,0.9347257494926453,3
34,calf_l,0.6834744811058044,0.7459260821342468,0.7885491251945496,3
85,calf_l,0.6825422644615173,0.6087005138397217,0.8176506042480469,3
72,thigh_l,0.6825195550918579,0.7888786792755127,0.8098964691162109,3
4,upperarm_r,0.6807796359062195,0.6965351104736328,0.7289170742034912,3
0,ball_r,0.6794386704762777,0.696172297000885,0.7133239865303039,3
34,thigh_r,0.6754050254821777,0.6935957074165344,0.7925543427467346,3
69,calf_l,0.6752476294835409,0.7198130488395691,0.7513427138328552,3
66,lowerarm_l,0.6739749113718668,0.7308107018470764,0.753889286518097,3
59,thigh_l,0.6726374626159668,0.7227368950843811,0.8401480793952942,3
23,RUpArmTwist_l_01,0.6704922517140707,0.6748669743537903,0.7842111706733703,3
6,foot_r,0.6701400677363077,0.5871016383171082,0.8439516425132751,3
67,calf_l,0.6697147289911906,0.701357364654541,0.7763129234313965,3
66,upperarm_l,0.6657380859057108,0.5403063893318176,0.8427755951881408,3
85,hand_r,0.665182888507843,0.736024022102356,0.7615512609481812,3
3,calf_l,0.6627924342950186,0.7014757394790649,0.8486468553543091,3
4,upperarm_l,0.6613789399464926,0.6785145998001099,0.7679907083511353,3
8,upperarm_r,0.6608580152193705,0.6752262115478516,0.8089516639709473,3
47,foot_l,0.6499516069889069,0.7248715162277222,0.8517201662063598,3
45,calf_l,0.6496630311012268,0.6313421130180359,0.6843522429466248,3
25,upperarm_l,0.6484478910764059,0.6959747672080994,0.7081384062767029,3
2,upperarm_l,0.6459117035071055,0.6488162875175476,0.867162549495697,3
2,thigh_l,0.6452676852544149,0.6476942896842957,0.6678709387779236,3
19,thigh_l,0.6393673320611318,0.5402912497520447,0.940768039226532,3
64,lowerarm_l,0.6365801294644674,0.6894136071205139,0.7038889527320862,3
2,hand_l,0.6327246228853861,0.6544537544250488,0.661805534362793,3
48,foot_l,0.6313805182774862,0.6502119302749634,0.7285912752151489,3
60,hand_l,0.6284817059834799,0.642641544342041,0.6898514270782471,3
64,upperarm_l,0.6269220610459646,0.5063455104827881,0.8375006675720215,3
24,upperarm_l,0.6252035895983378,0.6643891930580139,0.6907632946968079,3
34,upperarm_r,0.6219694018363953,0.6348100900650024,0.7237616300582885,3
5,lowerarm_l,0.6214432120323181,0.6249048113822937,0.7250953078269958,3
14,hand_r,0.6212414304415385,0.6394462585449219,0.6970944404602051,3
23,upperarm_r,0.6193080147107443,0.701253354549408,0.7672788023948669,3
78,thigh_r,0.6171513994534811,0.5991402268409729,0.6522044777870178,3
47,upperarm_l,0.6169437567392985,0.6003685593605042,0.709888470172882,3
82,calf_r,0.6155329545338949,0.6798083186149597,0.7117684721946717,3
78,lowerarm_l,0.6135887106259664,0.5999312400817871,0.682315731048584,3
14,upperarm_l,0.6135188539822897,0.6466443538665771,0.6624085426330566,3
55,upperarm_r,0.6100322604179382,0.6393391489982605,0.6446852087974548,3
54,ball_r,0.6080880761146545,0.639148473739624,0.8217637538909912,3
30,upperarm_r,0.6077853838602701,0.5842005610466003,0.7049270987510681,3
79,foot_r,0.6071843902269999,0.6513638496398926,0.7184365749359131,3
31,hand_r,0.601249615351359,0.616564154624939,0.7490813970565796,3
45,ball_l,0.6005825797716776,0.5227074027061462,0.7241954684257508,3
6,thigh_l,0.6005807220935822,0.609476625919342,0.6943596005439758,3
57,upperarm_l,0.6004936695098877,0.5798876881599426,0.6983073830604554,3
56,upperarm_l,0.597520500421524,0.5618016123771667,0.7007957816123962,3
47,thigh_l,0.5972845653692881,0.7017208933830261,0.7211361289024353,3
22,upperarm_l,0.5972288250923157,0.693353533744812,0.7480805158615113,3
55,lowerarm_l,0.5965890487035116,0.6069089770317078,0.6672166228294373,3
50,foot_r,0.5962548752625784,0.48135849833488464,0.7742457330226898,3
17,upperarm_l,0.5962170958518982,0.6391547322273254,0.8110860466957093,3
21,hand_l,0.5960704882939657,0.5967369079589844,0.6089966773986817,3
77,upperarm_r,0.5957992474238077,0.5324349403381348,0.7425479412078857,3
55,ball_r,0.5936003923416138,0.682522714138031,0.702681815624237,3
23,hand_r,0.5926405787467957,0.5740697383880615,0.6368924140930176,3
15,upperarm_r,0.5915625393390656,0.5865927934646606,0.7426859617233277,3
61,upperarm_l,0.5910869340101877,0.5204346776008606,0.7064361214637757,3
24,RUpArmTwist_l_01,0.5897143085797628,0.6118263006210327,0.7112900495529175,3
18,hand_l,0.5891502698262533,0.6007157564163208,0.6246065855026245,3
23,ball_l,0.5884365836779276,0.6017232537269592,0.6914487957954407,3
78,foot_r,0.587149033943812,0.6988303661346436,0.775087308883667,3
19,calf_l,0.5871247152487437,0.6297173500061035,0.8092163562774658,3
36,foot_r,0.5849270820617676,0.604724645614624,0.6369153022766113,3
38,upperarm_l,0.5825839638710022,0.4922854006290436,0.7353511154651642,3
6,calf_r,0.5820457736651102,0.5934126377105713,0.6183933258056641,3
70,lowerarm_l,0.5801526010036469,0.5867486596107483,0.700479519367218,3
19,upperarm_r,0.5800909002621969,0.494279146194458,0.7090771198272705,3
77,thigh_r,0.5790834029515585,0.5840323567390442,0.6867280602455139,3
39,calf_l,0.5788954695065817,0.531970202922821,0.6601025938987732,3
4,RUpArmTwist_r_01,0.5787366131941477,0.5328422784805298,0.6876787424087525,3
22,foot_l,0.5768456757068634,0.6216744184494019,0.7248078107833862,3
65,upperarm_l,0.5766711433728536,0.4972355365753174,0.7593354701995849,3
25,foot_l,0.5758941521247228,0.6050199866294861,0.8401378035545349,3
74,upperarm_r,0.5756986339886984,0.5164117217063904,0.7156884074211121,3
61,thigh_l,0.5739923169215521,0.6374015808105469,0.8011709690093994,3
79,upperarm_l,0.5739378531773885,0.5550082921981812,0.6042303800582886,3
13,thigh_r,0.5701299905776978,0.5572492480278015,0.6597189784049988,3
54,upperarm_l,0.5693128903706869,0.5574687123298645,0.7473549008369446,3
10,thigh_l,0.5692724883556366,0.653765082359314,0.6833131074905395,3
85,thigh_r,0.5685051878293356,0.5813003778457642,0.7285555601119995,3
14,thigh_l,0.567627360423406,0.5474939346313477,0.7978135108947754,3
30,thigh_l,0.56632532676061,0.38856905698776245,0.8220040678977967,3
68,lowerarm_l,0.5657457808653513,0.6045475006103516,0.7147292613983154,3
19,hand_l,0.564825435479482,0.5862716436386108,0.5926878690719605,3
28,upperarm_r,0.5633876423041025,0.5352613925933838,0.6920169830322266,3
27,upperarm_r,0.5629264712333679,0.5927382111549377,0.7017407059669495,3
43,calf_l,0.5619999766349792,0.5594397187232971,0.5767208218574524,3
83,thigh_l,0.5608439743518829,0.48532170057296753,0.7648571848869323,3
27,upperarm_l,0.560074379046758,0.48466095328330994,0.764001339673996,3
25,hand_r,0.5583165685335795,0.5737643837928772,0.5872073769569397,3
5,thigh_l,0.5582221001386642,0.636145830154419,0.7893764972686768,3
68,foot_r,0.5575036406517029,0.6536851525306702,0.6615445256233216,3
66,upperarm_r,0.55670365691185,0.5469610095024109,0.6311313033103942,3
79,upperarm_r,0.5564704736073812,0.5473867058753967,0.5891986966133118,3
67,foot_r,0.555638055006663,0.605326771736145,0.6180463075637818,3
1,spine_02,0.5550321837266287,0.538886308670044,0.6475259780883789,3
51,thigh_l,0.5537173400322596,0.6494730114936829,0.7424126744270325,3
23,thigh_l,0.5517228146394094,0.5301861763000488,0.7186243057250976,3
11,ball_l,0.5504969457785288,0.5542557239532471,0.6139057636260986,3
84,lowerarm_l,0.5504626631736755,0.5778525471687317,0.7165762543678283,3
22,ball_l,0.5500332216421763,0.5783252716064453,0.6302919387817383,3
82,thigh_r,0.5496227741241455,0.5034272074699402,0.6828587412834167,3
18,thigh_l,0.5483395457267761,0.4424070715904236,0.7740619063377381,3
8,hand_r,0.5468786259492239,0.5663565397262573,0.6330173254013062,3
20,upperarm_l,0.5467353463172913,0.4762313663959503,0.7619359076023102,3
19,upperarm_l,0.5461663007736206,0.544668972492218,0.7666153073310852,3
7,lowerarm_l,0.5446924964586893,0.502704381942749,0.6765645980834961,3
62,foot_l,0.5439297358194987,0.5771092772483826,0.6515121817588806,3
21,thigh_l,0.5435800155003866,0.5820594429969788,0.7483128666877746,3
30,upperarm_l,0.5431854625542959,0.5215499401092529,0.5919566631317139,3
24,thigh_l,0.5420621335506439,0.4239219129085541,0.7307459533214569,3
74,upperarm_l,0.5400093992551168,0.5292783379554749,0.6490634560585022,3
61,lowerarm_l,0.5375526944796244,0.5404655933380127,0.6107829570770263,3
44,foot_l,0.5369389454523722,0.523211658000946,0.5635367274284363,3
26,lowerarm_l,0.5352444450060526,0.547294020652771,0.6188157796859741,3
70,upperarm_l,0.535174161195755,0.5274496674537659,0.5725133061408997,3
27,hand_r,0.5342879096666971,0.5149355530738831,0.5657873749732971,3
20,thigh_l,0.5342514514923096,0.5038365125656128,0.7612544298171997,3
81,upperarm_r,0.5332729915777842,0.5660309195518494,0.5783945918083191,3
75,upperarm_l,0.5328949987888336,0.464116632938385,0.6559377789497376,3
63,thigh_l,0.5318288306395212,0.5466778874397278,0.7825128197669983,3
39,upperarm_l,0.5310856600602468,0.49480387568473816,0.6009348809719086,3
13,thigh_l,0.5310586194197336,0.4155578911304474,0.7799672663211823,3
20,upperarm_r,0.5307417809963226,0.4983898401260376,0.654289698600769,3
26,foot_l,0.5300862987836202,0.5326597094535828,0.5786768317222595,3
9,thigh_l,0.5300337572892507,0.4982399344444275,0.787998902797699,3
16,thigh_l,0.529856542746226,0.41752323508262634,0.6910950839519501,3
4,lowerarm_l,0.5297349294026693,0.4935457408428192,0.5851395070552826,3
69,foot_r,0.5292445023854574,0.5604987144470215,0.6192888259887696,3
2,calf_r,0.5291852056980133,0.5732671022415161,0.5894947290420532,3
1,foot_l,0.5270318885644277,0.5451259016990662,0.6578362822532654,3
61,thigh_r,0.5266756514708201,0.5826221704483032,0.6560943365097046,3
42,ball_l,0.5266425013542175,0.5081301331520081,0.6364696145057678,3
35,lowerarm_l,0.5263282756010691,0.5315136313438416,0.5769075751304626,3
45,thigh_l,0.5260966382920742,0.6667488813400269,0.8450862646102906,3
81,hand_l,0.5259769558906555,0.5446638464927673,0.5533270239830017,3
78,upperarm_r,0.5259093443552653,0.5177394151687622,0.592260193824768,3
33,hand_r,0.524776041507721,0.5274930596351624,0.6165780663490296,3
79,lowerarm_l,0.5244664053122202,0.4951089024543762,0.6665354371070862,3
7,hand_l,0.5243661999702454,0.5266447067260742,0.5596911907196045,3
25,thigh_l,0.5231598416964213,0.5105146765708923,0.7104346632957459,3
83,foot_r,0.5230555832386017,0.482708215713501,0.7442670345306397,3
74,foot_r,0.5229846636454264,0.7185428142547607,0.7242619514465332,3
39,hand_r,0.5229707658290863,0.6019803881645203,0.6338500380516052,3
80,upperarm_l,0.5229588945706686,0.5157146453857422,0.5419081211090088,3
51,upperarm_l,0.5228767593701681,0.5071386098861694,0.5504116773605346,3
29,upperarm_l,0.5226323505242666,0.516383945941925,0.7082516312599182,3
76,thigh_r,0.5226052006085714,0.5901126265525818,0.6533791899681092,3
37,upperarm_l,0.5225714047749838,0.47376322746276855,0.6007158279418945,3
65,lowerarm_l,0.5223438739776611,0.5601945519447327,0.6350822567939758,3
49,upperarm_r,0.5221936603387197,0.5117986798286438,0.6277136445045471,3
64,foot_r,0.5220917761325836,0.49356335401535034,0.6137476801872254,3
77,calf_r,0.5220087369283041,0.5130191445350647,0.5986345887184144,3
11,hand_r,0.5217144389947256,0.5027156472206116,0.6063156247138977,3
29,hand_l,0.5206425984700521,0.5360754728317261,0.5627533197402954,3
17,lowerarm_r,0.5202391992012659,0.6564710736274719,0.6656814217567444,3
12,foot_l,0.5199814438819885,0.5873675346374512,0.6159902095794678,3
59,RUpArmTwist_l_01,0.5194881856441498,0.5874963402748108,0.6261916279792785,3
74,thigh_r,0.5181273718674978,0.42796188592910767,0.6495889782905578,3
63,calf_r,0.5174721479415894,0.5418657660484314,0.6339064002037048,3
58,foot_l,0.5169333517551422,0.5411050319671631,0.5710828304290771,3
69,lowerarm_l,0.5162827968597412,0.5474327206611633,0.6678979516029357,3
72,foot_l,0.5152407983938853,0.5207064747810364,0.5577139019966125,3
63,foot_l,0.513343463341395,0.46136102080345154,0.6322144210338593,3
25,RUpArmTwist_l_01,0.5132483243942261,0.546850323677063,0.628113865852356,3
38,foot_r,0.5126137137413025,0.4964808523654938,0.5451590359210968,3
60,lowerarm_l,0.5112603604793549,0.5644459128379822,0.6083312392234802,3
67,lowerarm_l,0.5111948549747467,0.5632031559944153,0.627236521244049,3
49,ball_r,0.5108604977528254,0.31427934765815735,0.8435644209384918,3
69,upperarm_l,0.5107044180234274,0.5024497509002686,0.5755166053771973,3
35,hand_r,0.5096314052740732,0.4995426535606384,0.5671659350395203,3
82,thigh_l,0.5086274147033691,0.3631933331489563,0.7599862694740296,3
76,calf_r,0.5070446829001108,0.4757598340511322,0.5892133414745331,3
8,ball_l,0.5069385766983032,0.5493708848953247,0.5931727170944214,3
43,calf_r,0.5065041581789652,0.49291276931762695,0.6114373683929444,3
60,foot_r,0.5062426428000132,0.5061877369880676,0.5820523858070373,3
56,thigh_l,0.5045701712369919,0.6390112042427063,0.6844197392463685,3
4,thigh_l,0.5044117371241251,0.43907028436660767,0.6945113778114319,3
66,foot_r,0.502368321021398,0.5723820328712463,0.5987355351448059,3
18,hand_r,0.5017799635728201,0.4909307360649109,0.5364564776420593,3
51,calf_r,0.5016458729902903,0.46675795316696167,0.5708742499351501,3
12,thigh_l,0.5013959606488546,0.5291880369186401,0.6521095514297486,3
79,thigh_r,0.501380999883016,0.41394349932670593,0.6306462705135345,3
5,calf_r,0.5012997388839722,0.5052763819694519,0.6346799254417419,3
48,upperarm_l,0.5012436409791311,0.43669113516807556,0.5994316279888153,3
81,hand_r,0.5011737942695618,0.5319529175758362,0.5514201283454895,3
55,upperarm_l,0.5001562535762787,0.4183058440685272,0.664891141653061,3
29,thigh_l,0.49999645352363586,0.42201825976371765,0.6641722619533539,3
80,thigh_r,0.4996949036916097,0.4078539311885834,0.73380805850029,3
1,hand_r,0.4978390832742055,0.5842118859291077,0.5858065724372864,3
78,upperarm_l,0.4969162742296855,0.466030478477478,0.5488800764083862,3
64,thigh_l,0.4964855412642161,0.444052129983902,0.7352028667926789,3
42,thigh_l,0.49646825591723126,0.5552322268486023,0.7340557456016541,3
11,foot_r,0.4963167607784271,0.47959715127944946,0.5287088513374328,3
9,upperarm_l,0.4959358374277751,0.5413505434989929,0.6650222659111023,3
25,thigh_r,0.4956355392932892,0.5695101618766785,0.5872058272361755,3
7,calf_l,0.495586762825648,0.488127201795578,0.7521430909633636,3
32,ball_l,0.49545485774676007,0.4476276636123657,0.5665894746780396,3
36,upperarm_l,0.4950587749481201,0.44087234139442444,0.6274583637714386,3
18,upperarm_l,0.49504024783770245,0.41218337416648865,0.7113373935222626,3
53,upperarm_l,0.49470428625742596,0.41097450256347656,0.7044604778289795,3
60,pinky_01_r,0.49435659249623615,0.5137983560562134,0.5266162633895874,3
22,RUpArmTwist_l_01,0.49428842465082806,0.5160849094390869,0.5232097148895264,3
24,thigh_r,0.4936975638071696,0.5172896385192871,0.6070558071136475,3
80,upperarm_r,0.4935591518878937,0.4778084456920624,0.5198769509792328,3
70,calf_r,0.4931729833285014,0.5432600975036621,0.6270769596099853,3
3,thigh_l,0.4921807646751404,0.5153616666793823,0.6110387086868286,3
40,upperarm_l,0.4919755756855011,0.46448227763175964,0.5707558572292328,3
65,upperarm_r,0.49189385771751404,0.4549062252044678,0.5552189826965332,3
64,thigh_r,0.4918411672115326,0.49156275391578674,0.6548273384571075,3
44,calf_l,0.4912826319535573,0.5076282620429993,0.5665142178535462,3
13,upperarm_l,0.4901544153690338,0.5362339019775391,0.5768836498260498,3
15,upperarm_l,0.48990268508593243,0.5191560387611389,0.5743011593818664,3
57,ball_r,0.4884113570054372,0.45252367854118347,0.6078847825527192,3
0,RUpArmTwist_r_01,0.48825517296791077,0.5230439901351929,0.6178787469863891,3
48,foot_r,0.48810996611913043,0.4894653558731079,0.5117037534713745,3
58,upperarm_l,0.4873495250940323,0.6604123115539551,0.663765287399292,3
53,thigh_l,0.48717982570330304,0.424040824174881,0.6416237413883209,3
64,upperarm_r,0.48704324165980023,0.43771907687187195,0.567547744512558,3
77,foot_r,0.48540520668029785,0.5733682513237,0.5742761969566346,3
74,lowerarm_l,0.4843509991963704,0.551130473613739,0.5702991843223572,3
28,ball_l,0.48382070660591125,0.4958672523498535,0.5194933414459229,3
41,ball_r,0.48317505419254303,0.45119231939315796,0.695160186290741,3
61,ball_l,0.4831135372320811,0.4363792836666107,0.6382314383983612,3
63,ball_r,0.48242584864298504,0.43659156560897827,0.5788306593894958,3
30,ball_r,0.4819347063700358,0.47265955805778503,0.6547498166561126,3
40,ring_01_r,0.48192769289016724,0.5503364205360413,0.5564275860786438,3
2,spine_02,0.4817354877789815,0.5065263509750366,0.5137134313583374,3
28,upperarm_l,0.48095900813738507,0.3502199351787567,0.672007268667221,3
33,thigh_r,0.4804043074448903,0.5428903102874756,0.5471748828887939,3
12,ring_01_r,0.4796040455500285,0.5146619081497192,0.5913450479507446,3
9,foot_r,0.4790022373199463,0.5242701768875122,0.5812793493270874,3
32,hand_r,0.4788694977760315,0.49780362844467163,0.5011504530906677,3
0,hand_r,0.4786605437596639,0.5696384310722351,0.5714004397392273,3
61,hand_l,0.47761770089467365,0.46537724137306213,0.5047438442707062,3
5,ball_l,0.4774898886680603,0.4395747482776642,0.5379124701023101,3
82,lowerarm_l,0.4768234392007192,0.45138096809387207,0.6111999034881592,3
27,thigh_l,0.47619680563608807,0.4602777659893036,0.5930025994777679,3
35,upperarm_l,0.4755692481994629,0.4787521958351135,0.5831605553627014,3
7,pinky_01_r,0.4754578471183777,0.5150021910667419,0.5548394560813904,3
80,lowerarm_l,0.4746059278647105,0.4323033392429352,0.5879506886005401,3
45,upperarm_l,0.47437376777331036,0.3868778347969055,0.678899347782135,3
44,upperarm_r,0.47373470664024353,0.45497262477874756,0.5777520418167115,3
36,lowerarm_l,0.47368019819259644,0.4938236474990845,0.532157301902771,3
53,foot_l,0.4736763536930084,0.48210766911506653,0.5583923876285553,3
85,pinky_01_r,0.4732723633448283,0.38803741335868835,0.5983229577541351,3
57,upperarm_r,0.47303588191668194,0.4978348910808563,0.5648085057735444,3
52,thigh_l,0.47240103284517926,0.538837730884552,0.6356309056282043,3
53,lowerarm_l,0.47235334912935895,0.4422270655632019,0.5245478034019471,3
82,foot_l,0.4719650248686473,0.49239155650138855,0.5316873967647553,3
62,foot_r,0.47193412979443866,0.5692883729934692,0.5887823343276978,3
67,upperarm_l,0.47147618730862934,0.40378618240356445,0.6080289363861084,3
76,lowerarm_l,0.4712739090124766,0.5418210029602051,0.546591854095459,3
31,calf_l,0.4710899045070012,0.4451012909412384,0.7519130289554596,3
35,foot_r,0.46950196226437885,0.4691736102104187,0.47903233766555786,3
15,thigh_l,0.46917128562927246,0.36053168773651123,0.6351305246353149,3
42,upperarm_r,0.46854397654533386,0.481616348028183,0.5749662101268769,3
83,hand_r,0.46804330746332806,0.4565047025680542,0.5698319196701049,3
29,ball_l,0.46804022789001465,0.48695337772369385,0.5186829328536987,3
44,upperarm_l,0.4673914313316345,0.4925711452960968,0.5164892733097076,3
9,calf_l,0.4669015308221181,0.5401265621185303,0.6802209377288818,3
27,calf_r,0.46645628412564594,0.42480960488319397,0.5370929539203644,3
83,upperarm_l,0.4657428165276845,0.49556639790534973,0.5007782995700836,3
14,LCalfTwist_02,0.4652802248795827,0.4670078456401825,0.47704915404319764,3
9,upperarm_r,0.4648398856321971,0.4459940791130066,0.6363252997398376,3
42,upperarm_l,0.4643397231896718,0.47261232137680054,0.5502851366996765,3
43,foot_r,0.4638690600792567,0.5450204610824585,0.5943525075912476,3
62,hand_l,0.46379974484443665,0.4547109305858612,0.5194123685359955,3
59,foot_l,0.46161240339279175,0.4591689705848694,0.5042009949684143,3
85,neck_01,0.46057890852292377,0.469369113445282,0.5008596777915955,3
60,hand_r,0.4603913327058156,0.4592478275299072,0.4670001745223999,3
6,upperarm_r,0.45996519923210144,0.45741569995880127,0.562142014503479,3
51,foot_r,0.4598060001929601,0.3913882076740265,0.6747046530246734,3
33,calf_l,0.459389994541804,0.3465757668018341,0.6583832323551178,3
26,calf_l,0.45904600123564404,0.2802632749080658,0.7752072036266328,3
35,upperarm_r,0.45870156089464825,0.4401164650917053,0.5653274178504943,3
41,ring_01_r,0.4586131771405538,0.4521333873271942,0.5329141557216645,3
82,upperarm_l,0.4584297140439351,0.5226272940635681,0.5506786227226257,3
59,lowerarm_l,0.4573436776796977,0.42690837383270264,0.5446399927139283,3
27,lowerarm_r,0.4571729948123296,0.5376933217048645,0.6083594918251037,3
46,ball_r,0.45709548393885296,0.5226444005966187,0.5418922662734985,3
25,calf_l,0.45664771894613904,0.2912580668926239,0.7744072377681732,3
17,thigh_r,0.4566282629966736,0.4881252944469452,0.5165718972682953,3
79,calf_r,0.4546222984790802,0.3694213926792145,0.5942149937152863,3
3,hand_l,0.4546132981777191,0.45106926560401917,0.47729588150978086,3
2,RUpArmTwist_l_01,0.45410382747650146,0.5202017426490784,0.5288899064064025,3
47,lowerarm_r,0.4535989662011464,0.5099497437477112,0.5742518067359924,3
73,thigh_l,0.45350366334120434,0.4947304427623749,0.6742527425289154,3
61,ring_01_r,0.452739675839742,0.4097747504711151,0.5323288381099701,3
77,lowerarm_l,0.4526260793209076,0.46667149662971497,0.5621926367282868,3
40,thigh_r,0.45247122645378113,0.4410132169723511,0.5289628267288208,3
20,hand_l,0.4521925946076711,0.46236085891723633,0.46338210105895994,3
29,upperarm_r,0.45207686225573224,0.3700646460056305,0.599806958436966,3
30,ring_01_r,0.45197903116544086,0.41665223240852356,0.5274921000003815,3
40,foot_r,0.45101770758628845,0.45025894045829773,0.5517923295497894,3
67,upperarm_r,0.4500629703203837,0.45869016647338867,0.5089805603027344,3
52,upperarm_l,0.44999722639719647,0.3867090344429016,0.5707743287086486,3
33,lowerarm_l,0.4498930772145589,0.46331149339675903,0.46954659223556516,3
41,upperarm_l,0.44970470666885376,0.5285511016845703,0.5429032802581787,3
48,ball_l,0.4495547115802765,0.4659428000450134,0.4737429261207581,3
24,foot_l,0.44940923651059467,0.4032084047794342,0.6292252838611603,3
3,upperarm_l,0.44932880997657776,0.4465883672237396,0.5442893207073212,3
11,thigh_l,0.4492258280515671,0.6101037859916687,0.6115708708763122,3
18,foot_r,0.44882042209307355,0.45233049988746643,0.536737710237503,3
63,upperarm_l,0.4482976694901784,0.35804760456085205,0.6246606588363648,3
71,foot_r,0.4481934905052185,0.46637600660324097,0.536564576625824,3
48,ball_r,0.44796648621559143,0.37162068486213684,0.5668425619602203,3
43,ring_01_r,0.4469580252965291,0.39213529229164124,0.5521044552326202,3
0,hand_l,0.4469018479188283,0.37891021370887756,0.5469772636890411,3
38,calf_r,0.44684795538584393,0.4133875072002411,0.6062604367733002,3
24,upperarm_r,0.4458358883857727,0.3845914304256439,0.5435448825359345,3
26,thigh_l,0.4449717005093892,0.5159379243850708,0.5516178846359253,3
22,ring_01_r,0.44493138790130615,0.44477540254592896,0.5041727662086487,3
82,foot_r,0.4443214436372121,0.46036073565483093,0.5642837941646576,3
12,pinky_01_r,0.4436420400937398,0.44647958874702454,0.4873911917209625,3
34,thigh_l,0.4435112476348877,0.40754473209381104,0.5266528844833374,3
28,thigh_l,0.4430471360683441,0.5224453806877136,0.5438905596733093,3
85,upperarm_r,0.4418721596399943,0.3826763331890106,0.5856379449367524,3
68,thigh_l,0.4411116341749827,0.4351392686367035,0.4503941714763641,3
56,upperarm_r,0.4398953119913737,0.44982296228408813,0.5288794159889221,3
59,ring_01_r,0.439754178126653,0.37796318531036377,0.527755331993103,3
83,pinky_01_r,0.43947384754816693,0.38804078102111816,0.5401354312896729,3
13,pinky_01_r,0.43920230865478516,0.41402074694633484,0.541266244649887,3
5,upperarm_l,0.4391091565291087,0.433796226978302,0.515926468372345,3
34,upperarm_l,0.43878235419591266,0.4111974835395813,0.6444098591804505,3
5,calf_l,0.4386726915836334,0.5206674337387085,0.5263250589370727,3
13,foot_r,0.4384601314862569,0.4631069600582123,0.49856197237968447,3
73,upperarm_l,0.4384171664714813,0.4503329396247864,0.4724167943000793,3
55,thigh_l,0.4381095866362254,0.44876232743263245,0.6560769379138947,3
85,hand_l,0.437661091486613,0.4380488991737366,0.4859369874000549,3
11,upperarm_l,0.4374941388765971,0.4290609061717987,0.462960547208786,3
6,pinky_01_r,0.4374073048432668,0.44200393557548523,0.5380503118038178,3
34,ring_01_r,0.43730196356773376,0.33930131793022156,0.6060778081417084,3
31,lowerarm_r,0.43727753559748334,0.5111426711082458,0.5305673003196716,3
45,lowerarm_l,0.4372715751330058,0.41959235072135925,0.47179104685783385,3
14,foot_r,0.43683089812596637,0.3985210061073303,0.49619885683059695,3
3,hand_r,0.43660810589790344,0.474254310131073,0.48933950662612913,3
19,foot_r,0.4362298846244812,0.5601792931556702,0.6057948708534241,3
62,calf_r,0.43574794630209607,0.4540201723575592,0.5795335114002228,3
43,upperarm_l,0.4354373514652252,0.47862812876701355,0.4790597140789032,3
2,lowerarm_l,0.43497321506341297,0.5003940463066101,0.6219335436820984,3
76,upperarm_l,0.43456433216730755,0.37713828682899475,0.6107888519763947,3
46,upperarm_l,0.43445271750291187,0.46815094351768494,0.6218362510204315,3
44,thigh_l,0.43441636860370636,0.47583314776420593,0.6350531995296478,3
0,head,0.433998962243398,0.5045908093452454,0.5208797097206116,3
19,lowerarm_r,0.4336900959412257,0.5427807569503784,0.5558645009994507,3
37,ring_01_r,0.4328982432683309,0.37740448117256165,0.5907191812992096,3
32,upperarm_l,0.43271733323733014,0.40267840027809143,0.5014177143573761,3
34,lowerarm_l,0.4325619737307231,0.44165995717048645,0.4615340054035187,3
16,upperarm_l,0.43252519766489667,0.5571357011795044,0.5573625802993775,3
2,lowerarm_r,0.4321497629086177,0.4941665530204773,0.5841625571250916,3
46,ring_01_r,0.43187999725341797,0.4790025055408478,0.5525201380252838,3
9,lowerarm_l,0.43186309933662415,0.39116767048835754,0.49157825112342834,3
31,foot_r,0.4317711765567462,0.58952796459198,0.5931679010391235,3
9,spine_02,0.43143285314242047,0.37791064381599426,0.5387123644351959,3
36,calf_r,0.43132756153742474,0.39951157569885254,0.5651475429534912,3
52,ring_01_r,0.4309739867846171,0.4530736207962036,0.5295748949050904,3
41,calf_r,0.43052080273628235,0.3476215898990631,0.6160529434680939,3
10,upperarm_l,0.430320809284846,0.3817039430141449,0.5511295020580291,3
29,calf_l,0.42998282611370087,0.5201101303100586,0.5210986137390137,3
58,thigh_l,0.42998172839482623,0.41944509744644165,0.5091055035591125,3
55,spine_01,0.42919453978538513,0.4239417016506195,0.4442760646343231,3
46,foot_r,0.4291779299577077,0.4980437457561493,0.5350277364253998,3
17,foot_r,0.42906058331330615,0.5024117231369019,0.566240382194519,3
27,ring_01_r,0.42875345051288605,0.4921366274356842,0.5400163948535919,3
50,ring_01_r,0.4286401371161143,0.4416549801826477,0.4884348511695862,3
25,upperarm_r,0.42842904726664227,0.4102282226085663,0.4616865575313568,3
58,ring_01_r,0.4277800917625427,0.45459887385368347,0.5206502854824067,3
84,pinky_01_r,0.42754579583803815,0.40531104803085327,0.4846803545951843,3
4,ring_01_r,0.4270896116892497,0.46858423948287964,0.5138584971427917,3
46,calf_l,0.4268278082211812,0.4300527274608612,0.48892006278038025,3
42,ring_01_r,0.42676518360773724,0.3464577794075012,0.544618284702301,3
26,foot_r,0.42655497789382935,0.4321526288986206,0.43689420223236086,3
24,ring_01_r,0.4263303279876709,0.4801434576511383,0.5061642467975617,3
14,pinky_01_r,0.4262504577636719,0.4414054751396179,0.4782251000404358,3
2,ball_l,0.426198810338974,0.46615779399871826,0.4888790130615234,3
34,foot_r,0.42612303296724957,0.32810065150260925,0.6147843301296234,3
14,thigh_r,0.4256130208571752,0.5400018095970154,0.5427894473075867,3
60,thigh_r,0.42561277747154236,0.40247732400894165,0.5243194222450256,3
45,ball_r,0.4255640506744385,0.4495532810688019,0.549335104227066,3
76,foot_r,0.42531948784987134,0.5395058989524841,0.5492901682853699,3
15,hand_r,0.42498016357421875,0.4460638463497162,0.46789063811302184,3
62,thigh_l,0.4247698386510213,0.4252726137638092,0.4462086260318756,3
19,pinky_01_r,0.4243652323881785,0.44263604283332825,0.46433079838752744,3
52,pinky_01_r,0.4243180851141612,0.4545570909976959,0.4571954786777496,3
81,thigh_l,0.4242521822452545,0.46864792704582214,0.5617608964443207,3
67,thigh_l,0.42387975255648297,0.3930022716522217,0.505029296875,3
82,ring_01_r,0.4237894614537557,0.43910595774650574,0.5162115514278411,3
14,RUpArmTwist_l_01,0.422666072845459,0.3479035198688507,0.6005455076694488,3
48,ring_01_r,0.42179396251837414,0.4992234408855438,0.5190212190151214,3
69,thigh_l,0.42166263858477276,0.409478098154068,0.5082437813282012,3
42,foot_r,0.42165039976437885,0.3968004882335663,0.4748706042766571,3
71,lowerarm_l,0.4215660095214844,0.3920474052429199,0.5290465354919434,3
13,LCalfTwist_02,0.42128558953603107,0.39348238706588745,0.46501492261886596,3
25,ring_01_r,0.42095625897248584,0.45134174823760986,0.5397339582443237,3
18,pinky_01_r,0.419575959444046,0.4456444978713989,0.4814993143081665,3
81,ring_01_r,0.41881049672762555,0.45023834705352783,0.4988465547561646,3
51,ring_01_r,0.4183471004168193,0.42285236716270447,0.49008185267448423,3
25,calf_r,0.41831038395563763,0.44315284490585327,0.5117407202720642,3
31,upperarm_l,0.41818691541751224,0.5558578968048096,0.5822312355041503,3
17,pinky_01_r,0.417961448431015,0.4572482407093048,0.4685906708240509,3
20,pinky_01_r,0.41750208536783856,0.41415131092071533,0.4514886140823364,3
54,ring_01_r,0.4169015983740489,0.4226329028606415,0.49964689612388613,3
45,ring_01_r,0.4167611598968506,0.37379249930381775,0.5006848990917205,3
28,ring_01_r,0.41646801431973773,0.44195473194122314,0.5066751718521119,3
60,thigh_l,0.4163607855637868,0.35626891255378723,0.5666719019412995,3
41,pinky_01_r,0.41632334391276044,0.4005908668041229,0.5003392636775971,3
84,hand_r,0.41629263758659363,0.5109480619430542,0.5856883287429809,3
64,ball_l,0.4162438710530599,0.4192532002925873,0.4228360831737518,3
27,ring_01_l,0.4156840741634369,0.4323097765445709,0.4431575834751129,3
33,ring_01_r,0.41566334168116253,0.35603776574134827,0.5542738258838653,3
5,pinky_01_r,0.4156132439772288,0.40175706148147583,0.47261618375778197,3
56,ring_01_r,0.4155588348706563,0.3634417653083801,0.4933352589607239,3
23,ring_01_r,0.41509344180425006,0.4483596682548523,0.48619717359542847,3
60,upperarm_r,0.4146296977996826,0.4008297026157379,0.48238099217414854,3
59,pinky_01_r,0.41462058822313946,0.3918229937553406,0.4656075596809387,3
39,ball_l,0.41430214047431946,0.44055554270744324,0.48546807169914247,3
35,calf_r,0.4133000373840332,0.3775370717048645,0.5416367173194885,3
3,lowerarm_r,0.4132302949825923,0.5023192763328552,0.5674050688743592,3
72,ring_01_r,0.41303034623463947,0.3685646057128906,0.5008379459381104,3
36,ring_01_r,0.4126431743303935,0.3458404839038849,0.5581705152988434,3
32,ring_01_r,0.41207852959632874,0.37656548619270325,0.5092162191867828,3
47,pinky_01_r,0.4118632674217224,0.41020259261131287,0.41849300265312195,3
81,pinky_01_r,0.41167357563972473,0.44069039821624756,0.48018360137939453,3
52,lowerarm_l,0.41158122817675274,0.45784902572631836,0.4655168533325195,3
20,ring_01_r,0.41142551104227704,0.3940602242946625,0.44178332686424254,3
21,ring_01_r,0.4113506277402242,0.4054645895957947,0.4605206847190857,3
8,middle_01_r,0.4110597570737203,0.3621748983860016,0.5422227203845977,3
51,upperarm_r,0.4108707110087077,0.44231605529785156,0.5115724563598633,3
38,ring_01_r,0.41077469786008197,0.45845964550971985,0.5089065611362458,3
82,pinky_01_r,0.4101530114809672,0.41352346539497375,0.5028760969638825,3
23,thigh_r,0.4098353981971741,0.3784741759300232,0.5423877120018006,3
71,ring_01_r,0.40930795669555664,0.3707174062728882,0.46901960372924806,3
7,upperarm_r,0.40924620628356934,0.4529649317264557,0.4928211510181427,3
30,pinky_01_r,0.4089154303073883,0.4675748944282532,0.4676826596260071,3
35,ring_01_r,0.4084521035353343,0.31385183334350586,0.5639089107513428,3
44,ring_01_r,0.40839065114657086,0.3996151089668274,0.5173164486885071,3
12,foot_r,0.4081888099511464,0.44779708981513977,0.45498507618904116,3
63,lowerarm_l,0.40739933649698895,0.4557535648345947,0.4651529312133789,3
26,calf_r,0.40739746391773224,0.41866376996040344,0.5399542868137359,3
9,thigh_r,0.407369206349055,0.2674442529678345,0.6094392538070679,3
62,ring_01_r,0.40736327568689984,0.39264145493507385,0.4942335903644562,3
12,lowerarm_l,0.40717971324920654,0.4189319908618927,0.45922811627388,3
73,ring_01_r,0.4071441888809204,0.3477160632610321,0.49488477110862733,3
26,ring_01_r,0.4068803737560908,0.4480709731578827,0.5432688653469085,3
84,calf_l,0.4067947169144948,0.3494434356689453,0.5327433109283447,3
84,ring_01_r,0.4065329333146413,0.4347262978553772,0.4541772961616516,3
23,foot_r,0.4065070127447446,0.5339502096176147,0.563170313835144,3
68,ball_l,0.4060480296611786,0.4002249836921692,0.4150110840797424,3
73,pinky_01_r,0.40592271089553833,0.36862751841545105,0.461202996969223,3
56,ball_r,0.4057534436384837,0.3331543207168579,0.5121900796890259,3
21,pinky_01_r,0.4054838716983795,0.4001196622848511,0.43069257736206057,3
53,thigh_r,0.4052691211303075,0.46786534786224365,0.5513005018234253,3
12,upperarm_l,0.4050563797354698,0.5464224219322205,0.5555829882621766,3
2,ring_01_r,0.4049556454022725,0.3716398775577545,0.5048445045948029,3
9,pinky_01_l,0.40480490525563556,0.45652979612350464,0.4819724678993225,3
46,foot_l,0.4047346313794454,0.3812708258628845,0.4777779936790466,3
49,thigh_l,0.4045446713765462,0.4083588421344757,0.5704864084720611,3
47,ring_01_r,0.4044975737730662,0.4330097734928131,0.4960400402545929,3
57,thigh_l,0.4044959619641304,0.5305836200714111,0.5649990558624267,3
21,upperarm_l,0.4044271608193715,0.4509696960449219,0.48016748428344724,3
83,thigh_r,0.40432652831077576,0.4073318839073181,0.42261635065078734,3
57,ring_01_r,0.40431151787439984,0.3807045519351959,0.48092220425605775,3
19,hand_r,0.40351012349128723,0.4158354103565216,0.4552389919757843,3
3,thigh_r,0.4034689615170161,0.4393872916698456,0.5135190427303314,3
65,foot_r,0.40344465772310895,0.467077374458313,0.4901987075805664,3
71,upperarm_l,0.40328945716222125,0.3862254321575165,0.44163464903831484,3
72,upperarm_l,0.4032147725423177,0.35991713404655457,0.4764312207698822,3
43,upperarm_r,0.40314892927805585,0.39672911167144775,0.5137011766433716,3
83,ring_01_r,0.402569701274236,0.4202258586883545,0.4742143154144287,3
68,upperarm_r,0.4024434487024943,0.4202762842178345,0.43939661979675293,3
85,ring_01_r,0.40206106503804523,0.36768046021461487,0.4688531458377838,3
71,calf_r,0.4019010265668233,0.41436734795570374,0.6102550804615021,3
8,pinky_01_r,0.4018954634666443,0.39907631278038025,0.44617087244987486,3
50,thigh_l,0.40188231070836383,0.36252307891845703,0.5344182968139648,3
49,foot_r,0.40157156189282733,0.39624151587486267,0.4351889073848724,3
39,RUpArmTwist_r_01,0.4014337708552678,0.40219685435295105,0.5760531842708587,3
16,hand_r,0.40117186307907104,0.4264441132545471,0.4342155814170837,3
66,hand_l,0.4008527795473735,0.3974141776561737,0.428672069311142,3
83,lowerarm_l,0.40070776144663495,0.37811264395713806,0.47530590891838076,3
32,pinky_01_r,0.4006439745426178,0.4222863018512726,0.461040598154068,3
70,ring_01_r,0.40059635043144226,0.3697570562362671,0.49058406352996825,3
2,foot_l,0.4005892773469289,0.39920035004615784,0.4673504650592804,3
55,ring_01_r,0.4005418618520101,0.40210363268852234,0.48251213431358336,3
48,thigh_l,0.4004158178965251,0.3984610140323639,0.5409591019153595,3
37,upperarm_r,0.40038007001082104,0.3937140703201294,0.5349937200546264,3
8,thigh_l,0.400062620639801,0.37002673745155334,0.6016413509845734,3
83,spine_01,0.40005917350451153,0.35799503326416016,0.5240020751953125,3
63,ring_01_r,0.3997715761264165,0.4366568326950073,0.5309106588363648,3
85,lowerarm_l,0.39970170458157855,0.3783925473690033,0.5103196322917938,3
83,upperarm_r,0.39966777960459393,0.3992985188961029,0.4420304477214813,3
31,ring_01_r,0.39954744776089984,0.3866293430328369,0.42522051334381106,3
8,ring_01_r,0.3995334406693776,0.4151769280433655,0.43940786123275755,3
33,upperarm_l,0.39921732743581134,0.3630634546279907,0.45740809440612795,3
40,ball_r,0.39919033646583557,0.28227728605270386,0.5915644049644471,3
72,pinky_01_r,0.39866454402605694,0.3724200427532196,0.4642549455165863,3
54,lowerarm_l,0.3986635009447734,0.3991886377334595,0.4221269845962524,3
69,ring_01_r,0.39841631054878235,0.38504794239997864,0.4898603022098541,3
7,middle_01_r,0.39814863602320355,0.3165912330150604,0.5430157601833343,3
42,pinky_01_r,0.3977280557155609,0.43061044812202454,0.4692021429538727,3
3,RUpArmTwist_l_01,0.3975412845611572,0.3627353012561798,0.513899952173233,3
58,pinky_01_r,0.3975217640399933,0.4219786822795868,0.4617205798625946,3
29,ring_01_r,0.39752110838890076,0.43343213200569153,0.46174855828285216,3
3,pinky_01_r,0.3971264660358429,0.36688828468322754,0.47612290382385253,3
12,ball_l,0.39675705631573993,0.3732873499393463,0.47131152749061583,3
19,RUpArmTwist_r_01,0.39660904308160144,0.37638339400291443,0.5373058974742889,3
19,ring_01_r,0.39657601714134216,0.4018367528915405,0.4547013282775879,3
44,ball_r,0.3964445690313975,0.33781665563583374,0.5063390612602234,3
38,hand_r,0.396419753630956,0.4088551700115204,0.49987816214561465,3
38,thigh_l,0.3963223819931348,0.4203032851219177,0.6447651267051697,3
49,ring_01_r,0.39626245697339374,0.37344855070114136,0.47013422250747683,3
22,foot_r,0.3957590013742447,0.4626721143722534,0.474589204788208,3
25,foot_r,0.3957328299681346,0.42816615104675293,0.4393587350845337,3
11,lowerarm_l,0.3956308265527089,0.4071445167064667,0.4363264501094818,3
80,ring_01_r,0.395431915918986,0.3781522214412689,0.5063172042369842,3
73,hand_r,0.3953547477722168,0.43675824999809265,0.47024654746055605,3
3,ring_01_r,0.39524773756663006,0.4676955044269562,0.5640945494174957,3
66,thigh_r,0.39521560072898865,0.38164326548576355,0.5224119603633881,3
13,ring_01_r,0.3951505819956462,0.39246073365211487,0.4696414530277252,3
48,pinky_01_r,0.3948616882165273,0.4026242196559906,0.44640066027641295,3
9,ring_01_l,0.39484450221061707,0.3728179633617401,0.5028287827968597,3
68,lowerarm_r,0.39410918951034546,0.4565078020095825,0.5041938543319702,3
22,RUpArmTwist_r_01,0.39395585656166077,0.40445849299430847,0.49821595549583436,3
21,middle_01_r,0.39388249317804974,0.3228999674320221,0.5297975838184357,3
10,ring_01_r,0.39344918727874756,0.3844599723815918,0.4845421314239502,3
15,pinky_01_r,0.39338137706120807,0.418611615896225,0.4596846282482147,3
24,foot_r,0.3932181124885877,0.5355576872825623,0.5380596995353699,3
22,pinky_01_r,0.3931931058565776,0.3610113859176636,0.45702328681945803,3
64,foot_l,0.393111785252889,0.3947833180427551,0.4894227147102356,3
71,upperarm_r,0.3928498129049937,0.366587370634079,0.4446273982524872,3
68,ring_01_r,0.3925369282563527,0.3937082886695862,0.4857235550880432,3
79,ring_01_r,0.3923228432734807,0.40890559554100037,0.5173965632915497,3
53,ring_01_r,0.3921380539735158,0.3887876570224762,0.47278669476509094,3
38,ring_01_l,0.3920075595378876,0.3549520671367645,0.5120433270931244,3
36,ring_01_l,0.391884908080101,0.4136296808719635,0.520688658952713,3
46,thigh_l,0.3918224722146988,0.42790699005126953,0.4927814483642578,3
5,ring_01_r,0.39161798854668933,0.42903247475624084,0.492540055513382,3
6,middle_01_r,0.39152639110883075,0.3521541655063629,0.5168641865253448,3
74,calf_r,0.39134421944618225,0.42032209038734436,0.5520567238330841,3
46,pinky_01_r,0.3907176951567332,0.39536237716674805,0.4016022443771362,3
39,ring_01_r,0.3905223608016968,0.449926495552063,0.47209670543670657,3
56,ring_01_l,0.3904893795649211,0.3512628376483917,0.45989933609962463,3
54,thigh_l,0.39045365154743195,0.3550090491771698,0.6012263238430023,3
41,hand_r,0.3902543584505717,0.42432406544685364,0.46682501435279844,3
24,RUpArmTwist_l_02,0.39005112648010254,0.4133257269859314,0.5314800620079041,3
14,LCalfTwist_03,0.38998643557230633,0.3890920579433441,0.3997320353984833,3
47,calf_l,0.389952689409256,0.40751785039901733,0.4172873139381409,3
58,lowerarm_l,0.38977572321891785,0.41715869307518005,0.48297223448753357,3
10,foot_l,0.3895016411940257,0.45350947976112366,0.4926787197589874,3
3,spine_02,0.3889874517917633,0.41264382004737854,0.43447363972663877,3
22,middle_01_r,0.3889466921488444,0.2990211546421051,0.5175426781177521,3
35,ring_01_l,0.3889167706171672,0.4264037609100342,0.49191904067993164,3
60,ring_01_r,0.3889073034127553,0.391484797000885,0.4405109047889709,3
51,lowerarm_l,0.3886265854040782,0.4577527344226837,0.4635726034641266,3
11,upperarm_r,0.38857775926589966,0.39334824681282043,0.46582654118537903,3
39,thigh_r,0.38851652046044666,0.4364994168281555,0.5191837430000306,3
21,foot_r,0.3883952597777049,0.36237701773643494,0.4628159701824188,3
16,pinky_01_r,0.3882286747296651,0.4347895085811615,0.43805243372917174,3
44,hand_l,0.3881896237532298,0.3349834978580475,0.47482083439826966,3
23,middle_01_r,0.3874564468860626,0.30551740527153015,0.5289462506771088,3
74,thigh_l,0.3873005410035451,0.3558565080165863,0.5810034453868866,3
9,ring_01_r,0.3869577447573344,0.34948310256004333,0.45347940325737,3
61,upperarm_r,0.38654107848803204,0.35963207483291626,0.4455270886421204,3
84,index_01_r,0.3864932854970296,0.44766053557395935,0.47923542857170104,3
60,ball_r,0.3860105872154236,0.4228575527667999,0.4434047281742096,3
15,ring_01_r,0.38594775398572284,0.3521713316440582,0.45759556889534,3
20,foot_r,0.3856169581413269,0.4077814817428589,0.41227068901062014,3
73,thigh_r,0.3851719895998637,0.3766700327396393,0.43850827813148496,3
60,upperarm_l,0.38512955109278363,0.2785552144050598,0.6329938530921936,3
34,ring_01_l,0.3850390960772832,0.43002283573150635,0.4856301784515381,3
64,ring_01_r,0.384864608446757,0.4222715198993683,0.5032882750034332,3
45,upperarm_r,0.3847912847995758,0.3678569197654724,0.47161513566970825,3
24,middle_01_r,0.3842712640762329,0.32344552874565125,0.5140315949916839,3
39,middle_01_r,0.38409799337387085,0.290536493062973,0.5745589435100555,3
78,ring_01_r,0.3840150634447734,0.4118154048919678,0.5023204803466796,3
70,thigh_l,0.3839732805887858,0.380269855260849,0.5388403594493866,3
53,pinky_01_r,0.38394888242085773,0.40639036893844604,0.43717576265335084,3
17,ball_l,0.38392921288808185,0.38767892122268677,0.44801753759384155,3
27,thigh_r,0.3832687834898631,0.4323219656944275,0.4585888504981995,3
70,pinky_01_r,0.38323745131492615,0.3826848864555359,0.41607784032821654,3
43,thigh_l,0.3829421016077201,0.3356400728225708,0.6690873861312866,3
82,middle_01_r,0.3828369081020355,0.3265987038612366,0.5029609799385071,3
15,RUpArmTwist_l_01,0.38280977805455524,0.3047947585582733,0.5098998010158539,3
10,thigh_r,0.38266902168591815,0.36875903606414795,0.4447093725204468,3
47,lowerarm_l,0.382570077975591,0.3942832052707672,0.4106624186038971,3
42,calf_r,0.38246849179267883,0.3060804307460785,0.5288125693798065,3
52,foot_l,0.3819833993911743,0.39048418402671814,0.41009899973869324,3
32,upperarm_r,0.3817452092965444,0.33091264963150024,0.49249993562698363,3
26,RUpArmTwist_l_01,0.3816218276818593,0.3861978054046631,0.4942933559417725,3
26,ring_01_l,0.381279577811559,0.3817901313304901,0.43830456137657164,3
74,ring_01_r,0.381163090467453,0.33525803685188293,0.460579115152359,3
13,spine_02,0.3809706121683121,0.4329946041107178,0.48077523708343506,3
58,calf_l,0.38082224130630493,0.4175148010253906,0.4209823846817017,3
16,foot_r,0.3806573847929637,0.45419567823410034,0.501899516582489,3
46,ring_01_l,0.3801242510477702,0.3266187608242035,0.49063817858695985,3
34,pinky_01_r,0.3799705704053243,0.3701237738132477,0.41481598019599913,3
14,index_01_r,0.37986403703689575,0.36835920810699463,0.46569688320159913,3
74,pinky_01_r,0.37951244910558063,0.33999210596084595,0.4842755913734436,3
18,ring_01_r,0.37923500935236615,0.3517135977745056,0.43251153230667116,3
84,middle_01_r,0.37905073165893555,0.3834840655326843,0.4543265700340271,3
14,ring_01_r,0.3787466585636139,0.4349813461303711,0.46227149963378905,3
75,ball_r,0.3786940077940623,0.3623781204223633,0.43939502239227296,3
85,middle_01_r,0.3786803036928177,0.3573853373527527,0.5098548293113708,3
4,thumb_01_l,0.37862399220466614,0.35752496123313904,0.4275938212871552,3
72,foot_r,0.3785865654548009,0.2805669903755188,0.655540955066681,3
10,ring_01_l,0.3785349329312642,0.37481382489204407,0.4465402901172638,3
37,foot_r,0.37844051917394,0.4045029878616333,0.4258721828460693,3
75,lowerarm_l,0.37837113440036774,0.419256329536438,0.4842581033706665,3
84,spine_01,0.37832942605018616,0.39435258507728577,0.4135620653629303,3
10,pinky_01_l,0.37821364402770996,0.44474703073501587,0.4459396719932556,3
37,ring_01_l,0.3781676044066747,0.3974103331565857,0.4950806498527527,3
55,ring_01_l,0.3778659999370575,0.3250986933708191,0.46647781133651733,3
11,ring_01_l,0.3777457078297933,0.3963792622089386,0.4208280384540558,3
8,lowerarm_l,0.3777180314064026,0.40301594138145447,0.42058767676353453,3
82,upperarm_r,0.3777128954728444,0.41800183057785034,0.4337243437767029,3
46,thigh_r,0.37764906883239746,0.41354212164878845,0.44083120226860045,3
53,middle_01_r,0.377292479077975,0.3368873596191406,0.5145175933837891,3
44,lowerarm_l,0.3772570292154948,0.3488733768463135,0.41956186294555664,3
52,middle_01_r,0.37708641091982525,0.32339298725128174,0.5021978616714478,3
75,ring_01_r,0.3769017159938812,0.35439932346343994,0.48948981761932375,3
10,index_01_r,0.3768790165583293,0.37536099553108215,0.45369072556495665,3
44,ring_01_l,0.37687838077545166,0.3295401334762573,0.5034298658370971,3
58,thumb_01_r,0.3767768045266469,0.34973251819610596,0.4238142490386963,3
21,ball_l,0.37664249539375305,0.38995492458343506,0.45877366065979003,3
69,lowerarm_r,0.3764528880516688,0.4562321603298187,0.4745167434215546,3
68,upperarm_l,0.376442015171051,0.38485419750213623,0.4172050476074219,3
81,middle_01_r,0.3762936194737752,0.3023347556591034,0.48612899184226993,3
81,foot_l,0.3762015501658122,0.3510361611843109,0.4199488341808319,3
9,ball_l,0.37612323959668476,0.36981645226478577,0.3979654610157013,3
66,ring_01_r,0.3760462949673335,0.398563951253891,0.48486563563346863,3
61,pinky_01_r,0.3758763571580251,0.36948102712631226,0.4504431366920471,3
6,spine_02,0.37570737799008685,0.40705394744873047,0.49240765571594236,3
80,pinky_01_r,0.37565475702285767,0.42494088411331177,0.44246119260787964,3
54,ring_01_l,0.3756459256013234,0.35592079162597656,0.46385416984558103,3
43,hand_r,0.3756346106529236,0.33762097358703613,0.434228253364563,3
11,pinky_01_r,0.37555275360743207,0.37450912594795227,0.4195428192615509,3
68,ring_01_l,0.37553127606709796,0.3152003884315491,0.46846548318862913,3
75,pinky_01_r,0.3753698567549388,0.3613423705101013,0.43545717000961304,3
8,foot_l,0.3751634657382965,0.37250226736068726,0.3825130581855774,3
33,pinky_01_r,0.375150332848231,0.4105188250541687,0.41637238264083865,3
24,pinky_01_r,0.3750796814759572,0.36566731333732605,0.3937578618526459,3
67,thigh_r,0.37492185831069946,0.4100116789340973,0.4705865204334259,3
85,spine_01,0.37469037373860675,0.3799893260002136,0.4463283896446228,3
73,neck_01,0.37447396914164227,0.3178793489933014,0.4915017426013947,3
1,ring_01_r,0.37447114785512287,0.32930609583854675,0.49161786437034605,3
23,pinky_01_r,0.3743077615896861,0.3756900429725647,0.39483855962753295,3
41,lowerarm_r,0.37413858870665234,0.4681030809879303,0.5040304481983184,3
58,RUpArmTwist_l_01,0.3741115430990855,0.4147898554801941,0.4402814030647278,3
50,middle_01_r,0.3740179439385732,0.35040757060050964,0.41157254576683044,3
68,calf_r,0.37397655844688416,0.3059965968132019,0.536558997631073,3
9,pinky_01_r,0.37394240995248157,0.37128788232803345,0.47498747110366824,3
15,index_01_r,0.37382107973098755,0.402372807264328,0.4459368884563446,3
11,ring_01_r,0.3738112648328145,0.41521063446998596,0.48017883896827696,3
26,index_01_r,0.37366341551144916,0.33622756600379944,0.4589137852191925,3
54,thigh_r,0.373607541124026,0.43559354543685913,0.48505369424819944,3
65,ring_01_r,0.3735384742418925,0.4064154624938965,0.4821665287017822,3
67,ring_01_r,0.37346630295117694,0.3869897425174713,0.46401486992836,3
48,middle_01_r,0.37330788373947144,0.3206437826156616,0.49672086238861085,3
14,LCalfTwist_01,0.3731921464204788,0.33622896671295166,0.5085016965866089,3
15,lowerarm_l,0.37282827993233997,0.3681481182575226,0.4776757776737213,3
25,ring_01_l,0.3726835449536641,0.3527472913265228,0.4282543122768402,3
3,clavicle_l,0.3725633720556895,0.3683895766735077,0.39035903811454775,3
64,hand_l,0.37246055404345196,0.3761873245239258,0.41309194564819335,3
0,pinky_01_r,0.37202179431915283,0.39303457736968994,0.48294227123260497,3
85,ball_r,0.3719350943962733,0.44950324296951294,0.4525363087654114,3
68,pinky_01_r,0.3717806140581767,0.39811891317367554,0.415260112285614,3
70,foot_r,0.3717038830121358,0.40631383657455444,0.41035879850387574,3
46,middle_01_r,0.37169262766838074,0.2827991843223572,0.517002809047699,3
9,hand_r,0.3716706732908885,0.3135721981525421,0.4998416006565094,3
57,ball_l,0.371643602848053,0.3178631067276001,0.4538900136947632,3
31,calf_r,0.3715752164522807,0.31876039505004883,0.47232766151428224,3
67,ring_01_l,0.3714706401030223,0.3098568320274353,0.4743130087852478,3
72,hand_r,0.371393362681071,0.35569116473197937,0.4530367076396942,3
21,lowerarm_r,0.3711548298597336,0.45780912041664124,0.4818237602710724,3
15,middle_01_r,0.37090597053368884,0.3436405062675476,0.5296625971794129,3
28,pinky_01_r,0.3708921770254771,0.3571811318397522,0.43829764127731324,3
50,calf_r,0.3707654724518458,0.33418864011764526,0.5091633677482605,3
16,middle_01_r,0.3706965545813243,0.32044553756713867,0.5175145149230957,3
10,foot_r,0.3705042203267415,0.4165414869785309,0.4254811108112335,3
78,pinky_01_r,0.3704519371191661,0.39150094985961914,0.45053350925445557,3
54,middle_01_r,0.37022847930590314,0.34990790486335754,0.4889622271060944,3
4,pinky_01_r,0.3701145549615224,0.3071605861186981,0.4777427613735199,3
69,pinky_01_r,0.3700404465198517,0.37739670276641846,0.41068456172943113,3
70,hand_l,0.37002525726954144,0.3539372384548187,0.40523297190666197,3
82,neck_01,0.3698362509409587,0.38215553760528564,0.40189361572265625,3
79,pinky_01_r,0.36979082226753235,0.42450380325317383,0.42681131362915037,3
35,thigh_r,0.36966807146867114,0.33947622776031494,0.5079718828201294,3
6,RUpArmTwist_r_01,0.3692988107601802,0.37466245889663696,0.5212738633155822,3
72,upperarm_r,0.3689406116803487,0.40273183584213257,0.40706309080123904,3
41,thigh_r,0.368879238764445,0.37387531995773315,0.4606542944908142,3
62,pinky_01_r,0.3685703972975413,0.39589381217956543,0.416621470451355,3
63,upperarm_r,0.36851311723391217,0.33855438232421875,0.42180871963500977,3
51,pinky_01_r,0.36817222833633423,0.36825016140937805,0.4299008667469025,3
0,ring_01_r,0.36812801162401837,0.3359037935733795,0.44368789792060853,3
14,ring_01_l,0.3680771787961324,0.3407641649246216,0.4115314483642578,3
83,middle_01_r,0.3672589759031932,0.306042343378067,0.49941394925117494,3
26,ball_l,0.36714884638786316,0.35807326436042786,0.39692419171333315,3
33,middle_01_r,0.36713475982348126,0.29215577244758606,0.4999191820621491,3
17,lowerarm_l,0.36705947915712994,0.3445393741130829,0.41886977553367616,3
33,foot_r,0.36638588706652325,0.38466641306877136,0.5134839951992035,3
18,middle_01_r,0.3663555085659027,0.28633302450180054,0.4863298296928406,3
70,thumb_01_r,0.3663007120291392,0.337342232465744,0.4520955741405487,3
37,ball_r,0.36606993277867633,0.3258250653743744,0.5020204246044159,3
81,lowerarm_l,0.3660346766312917,0.3739282190799713,0.4430287182331085,3
20,middle_01_r,0.3659047484397888,0.286791056394577,0.5113693654537201,3
22,neck_01,0.36585869391759235,0.4153861999511719,0.41844496726989744,3
46,hand_r,0.3658556044101715,0.37081119418144226,0.4095244348049164,3
76,pinky_01_r,0.3658259908358256,0.31510335206985474,0.4526872754096985,3
12,middle_01_r,0.3655402958393097,0.4070146381855011,0.46393032670021056,3
10,spine_02,0.3653337061405182,0.4242655038833618,0.4478346347808838,3
26,upperarm_r,0.36530257264773053,0.33902138471603394,0.4128355622291565,3
39,foot_r,0.3649100462595622,0.3693365752696991,0.41373178362846375,3
4,neck_01,0.36490096648534137,0.3220432996749878,0.4525529146194458,3
71,pinky_01_r,0.3648701310157776,0.3445291817188263,0.44005311131477354,3
32,lowerarm_l,0.3647143642107646,0.38568827509880066,0.40975348353385926,3
16,ring_01_r,0.3647000789642334,0.32818305492401123,0.45676915645599364,3
49,middle_01_r,0.36463019251823425,0.3724876940250397,0.4110751450061798,3
74,hand_r,0.3646116703748703,0.32907283306121826,0.4819014310836792,3
70,middle_01_r,0.364360769589742,0.282394140958786,0.48056973814964293,3
31,pinky_01_r,0.36428511142730713,0.36359718441963196,0.39683805108070375,3
77,ring_01_r,0.3640563388665517,0.4200189411640167,0.4754444181919098,3
1,pinky_01_r,0.36390196283658344,0.39154133200645447,0.3930205762386322,3
0,pinky_01_l,0.36375829577445984,0.40941035747528076,0.46355581283569336,3
31,middle_01_r,0.3636732002099355,0.3214575946331024,0.45652746558189394,3
37,pinky_01_r,0.363530029853185,0.35873910784721375,0.37536234259605405,3
72,middle_01_r,0.3633701056241989,0.3248618245124817,0.4805029511451721,3
25,hand_l,0.3633178969224294,0.33914250135421753,0.3972835898399353,3
57,pinky_01_r,0.36323318878809613,0.3986695408821106,0.42229567766189574,3
26,ball_r,0.36309874057769775,0.2976943850517273,0.4988525748252869,3
70,upperarm_r,0.3630516032377879,0.340862900018692,0.42283509373664857,3
25,pinky_01_r,0.3630507290363312,0.3721008598804474,0.4216003715991974,3
65,hand_r,0.36276153723398846,0.35000333189964294,0.40101251006126404,3
11,calf_r,0.3627418378988902,0.33229973912239075,0.4655162632465363,3
45,ring_01_l,0.3626137028137843,0.3386741280555725,0.4823827385902405,3
47,upperarm_r,0.36249740918477374,0.3138865530490875,0.48090508580207825,3
40,pinky_01_r,0.3624594509601593,0.3151697814464569,0.43854452967643737,3
61,foot_l,0.3622691333293915,0.29180434346199036,0.4635378897190094,3
56,thigh_r,0.361956258614858,0.32140541076660156,0.46859116554260255,3
5,index_01_r,0.36189937591552734,0.36154115200042725,0.3737983465194702,3
25,index_01_r,0.3617309828599294,0.3423922657966614,0.4424903988838196,3
27,hand_l,0.361480712890625,0.3902341425418854,0.4250676929950714,3
22,ring_01_l,0.36119673649470013,0.31597644090652466,0.46225341558456423,3
60,middle_01_r,0.36075128118197125,0.328689306974411,0.43776652216911316,3
71,hand_r,0.3607247670491536,0.28723445534706116,0.4916737377643585,3
18,ring_01_l,0.3604840040206909,0.3143835663795471,0.47398086786270144,3
29,pinky_01_r,0.36036620537439984,0.3448021709918976,0.4194841682910919,3
66,ring_01_l,0.36031081279118854,0.329861581325531,0.45452381372451783,3
62,calf_l,0.3601136604944865,0.35942986607551575,0.37864637970924375,3
6,lowerarm_r,0.36008549729983014,0.3988233804702759,0.5143721342086792,3
30,ball_l,0.3600616951783498,0.3419044017791748,0.4099130153656006,3
7,ring_01_r,0.35994499921798706,0.32315051555633545,0.4367818355560303,3
35,ball_l,0.3599306344985962,0.37584659457206726,0.4067999541759491,3
27,pinky_01_r,0.35986752311388653,0.33319756388664246,0.4133037507534027,3
19,ring_01_l,0.3597653905550639,0.3027583062648773,0.46124393343925474,3
50,calf_l,0.3596222698688507,0.35634514689445496,0.36712228655815127,3
13,ring_01_l,0.35947734117507935,0.37388062477111816,0.4047863483428955,3
73,middle_01_r,0.3594645857810974,0.34008538722991943,0.45761876106262206,3
47,ball_l,0.3592989941438039,0.3425694704055786,0.3905256032943726,3
63,hand_l,0.3592490057150523,0.40055227279663086,0.4013115644454956,3
71,thumb_01_r,0.3592272599538167,0.35132092237472534,0.38641494512557983,3
26,pinky_01_r,0.3588940699895223,0.3447013199329376,0.41008020043373106,3
8,foot_r,0.35875794291496277,0.3600389063358307,0.38296828866004945,3
49,lowerarm_l,0.3586399704217911,0.40635091066360474,0.43245002031326296,3
62,thigh_r,0.3585437635580699,0.38685309886932373,0.4202961683273315,3
38,ball_l,0.35852356751759845,0.35898175835609436,0.40401566624641416,3
69,hand_l,0.3582197924455007,0.3333616554737091,0.3930955231189728,3
51,middle_01_r,0.3581492106119792,0.34612801671028137,0.42150457501411437,3
68,middle_01_r,0.35807038843631744,0.30047863721847534,0.49008883237838746,3
57,calf_l,0.3580353359381358,0.3430595099925995,0.4086014449596405,3
58,neck_01,0.35778383413950604,0.348858505487442,0.515956574678421,3
77,pinky_01_r,0.3577585617701213,0.36243966221809387,0.41224165558815,3
13,LCalfTwist_03,0.35765182971954346,0.36043742299079895,0.4047662079334259,3
28,lowerarm_r,0.35756803055604297,0.4254400432109833,0.4930010735988617,3
28,ring_01_l,0.35748570164044696,0.349998414516449,0.3899063944816589,3
16,index_01_r,0.35710158944129944,0.3531637191772461,0.44092526435852053,3
6,ring_01_r,0.35700802008310956,0.3267543315887451,0.4601428508758545,3
67,neck_01,0.35700080792109173,0.3778245747089386,0.42120552659034727,3
75,thigh_l,0.3569677223761876,0.3321928083896637,0.5237622082233429,3
76,ring_01_r,0.3567936221758525,0.3688240051269531,0.4534214735031128,3
21,ring_01_l,0.3566471040248871,0.27510276436805725,0.5092743694782257,3
67,pinky_01_r,0.35657254854838055,0.3820571303367615,0.39231535196304324,3
17,upperarm_r,0.3565379132827123,0.3336917459964752,0.495414000749588,3
44,middle_01_r,0.35653777917226154,0.3224221467971802,0.43684725761413573,3
66,thigh_l,0.3562874148289363,0.2009483128786087,0.5870877891778946,3
12,lowerarm_r,0.3560605049133301,0.3448486924171448,0.43261131048202517,3
45,pinky_01_r,0.35604100426038104,0.35603803396224976,0.37344897985458375,3
21,hand_r,0.35595279932022095,0.35826921463012695,0.44816362857818604,3
50,lowerarm_l,0.3559495707352956,0.42666831612586975,0.43743446469306946,3
9,index_01_r,0.3558376928170522,0.3592626452445984,0.45545560121536255,3
50,pinky_01_r,0.3557947774728139,0.2949938178062439,0.44257553815841677,3
40,lowerarm_r,0.35562748710314435,0.3919432461261749,0.40014944672584535,3
69,thumb_01_r,0.35560668508211773,0.33863669633865356,0.4512261986732483,3
50,upperarm_l,0.35548801223436993,0.4224170744419098,0.44898772835731504,3
40,middle_01_r,0.35531853636105853,0.2873738706111908,0.4897506892681122,3
12,index_01_r,0.3552795847256978,0.3275580406188965,0.41478791236877444,3
2,neck_01,0.3552706241607666,0.34516289830207825,0.4443488657474518,3
11,index_01_r,0.35523993770281476,0.32685789465904236,0.45450944304466245,3
56,lowerarm_l,0.3552086651325226,0.38216423988342285,0.3913414001464844,3
79,calf_l,0.35513782501220703,0.3221818804740906,0.4046063542366028,3
8,thumb_01_r,0.3550918996334076,0.35700470209121704,0.38334773778915404,3
18,RUpArmTwist_l_01,0.3549807667732239,0.37441563606262207,0.42845609188079836,3
85,spine_02,0.3547893663247426,0.32533758878707886,0.43489431142807006,3
49,ring_01_l,0.35461115340391797,0.29055577516555786,0.47956439256668093,3
57,thumb_01_r,0.3544695774714152,0.3240247070789337,0.43041279911994934,3
55,thigh_r,0.3543270379304886,0.3595811426639557,0.48352583050727843,3
67,middle_01_r,0.354273979862531,0.32439592480659485,0.4794441759586334,3
12,ring_01_l,0.3541833460330963,0.3307769298553467,0.47201786041259763,3
2,pinky_01_r,0.35410673916339874,0.33175384998321533,0.5021069765090942,3
85,thumb_01_r,0.35407137870788574,0.3531627058982849,0.3780693173408508,3
9,middle_01_r,0.3539603302876155,0.3197016417980194,0.4665738999843597,3
10,pinky_01_r,0.35382237037022907,0.3544495105743408,0.4342565774917603,3
54,pinky_01_r,0.35375813643137616,0.33013448119163513,0.39791945815086366,3
15,ring_01_l,0.3537416060765584,0.3736376464366913,0.38274251818656924,3
81,neck_01,0.3537096877892812,0.3536309599876404,0.37575081586837766,3
4,index_01_r,0.35362035036087036,0.40282729268074036,0.4609618723392487,3
23,RUpArmTwist_l_02,0.35350069403648376,0.3529457151889801,0.4937278091907501,3
38,middle_01_r,0.3534287065267563,0.2463272511959076,0.5311164557933807,3
71,neck_01,0.3534143368403117,0.3202882707118988,0.43963107466697693,3
33,ring_01_l,0.3533622721831004,0.3019181787967682,0.4600719749927521,3
56,lowerarm_r,0.35330666104952496,0.43547096848487854,0.43617334961891174,3
60,thumb_01_l,0.3531931936740875,0.32611173391342163,0.4393104910850525,3
42,lowerarm_r,0.3531254827976227,0.40617379546165466,0.41756622195243837,3
76,thigh_l,0.3530526359875997,0.29552528262138367,0.4870461404323578,3
29,foot_r,0.352752427260081,0.3155416250228882,0.4165348529815674,3
29,lowerarm_r,0.35260411103566486,0.36842840909957886,0.45173016786575315,3
14,middle_01_r,0.3525484303633372,0.29606539011001587,0.47526170015335084,3
69,middle_01_r,0.35249172647794086,0.26784321665763855,0.48396000266075134,3
1,foot_r,0.3522964616616567,0.367271363735199,0.3820109009742737,3
79,middle_01_r,0.3522790124018987,0.30984506011009216,0.4972951591014862,3
6,hand_r,0.3522346615791321,0.3431951403617859,0.391985809803009,3
80,lowerarm_r,0.3520450492699941,0.4254828095436096,0.44926804304122925,3
64,ring_01_l,0.35181982318560284,0.3337879776954651,0.4438414216041565,3
15,foot_r,0.35146745045979816,0.3444954454898834,0.36598718762397764,3
19,middle_01_r,0.35143886506557465,0.2777150273323059,0.49804517030715945,3
13,lowerarm_r,0.35129180053869885,0.42580708861351013,0.4754617393016815,3
51,ring_01_l,0.35125229756037396,0.2644718587398529,0.47508599162101744,3
42,middle_01_r,0.3511660595734914,0.3354339897632599,0.40927172303199766,3
5,ring_01_l,0.3511479397614797,0.2916124165058136,0.43536539673805236,3
84,thumb_01_r,0.35109780232111615,0.3331705629825592,0.4074705898761749,3
30,middle_01_r,0.35097243388493854,0.3355240225791931,0.4412877678871155,3
43,lowerarm_l,0.35093624393145245,0.3723728060722351,0.43442870378494264,3
41,middle_01_r,0.35065603256225586,0.32386747002601624,0.4519006788730621,3
8,upperarm_l,0.3505486895640691,0.4136730432510376,0.4658974170684814,3
17,middle_01_r,0.3505200395981471,0.29385611414909363,0.4877335011959076,3
20,hand_r,0.35047536094983417,0.3526119589805603,0.3959800124168396,3
72,thumb_01_r,0.3500317732493083,0.3284982740879059,0.403240829706192,3
43,middle_01_r,0.3499978880087535,0.3171129822731018,0.4124275088310242,3
49,pinky_01_r,0.34998923540115356,0.322121262550354,0.3909320592880249,3
49,ball_l,0.3499648670355479,0.3327226936817169,0.3844154179096222,3
24,ring_01_l,0.3498326043287913,0.36323282122612,0.39178046584129333,3
17,ring_01_r,0.3498029112815857,0.3057900369167328,0.4365125834941864,3
53,ring_01_l,0.3495029956102371,0.37596145272254944,0.41731234192848204,3
25,middle_01_r,0.34944386780261993,0.3247295022010803,0.4850184082984924,3
68,thigh_r,0.34934071203072864,0.35038208961486816,0.4420748710632324,3
20,ring_01_l,0.34925322731335956,0.28330692648887634,0.4622329890727997,3
6,ring_01_l,0.34914881984392804,0.2750854790210724,0.47160807251930237,3
32,middle_01_r,0.348770538965861,0.30933138728141785,0.4657460629940033,3
71,middle_01_r,0.3487689097722371,0.2753850817680359,0.471194064617157,3
47,middle_01_r,0.3484322230021159,0.2862064838409424,0.48332176208496097,3
12,thigh_r,0.34839653968811035,0.3922433853149414,0.4204357385635376,3
34,ball_r,0.34805044035116833,0.3486631512641907,0.4463953375816345,3
61,calf_l,0.3479613810777664,0.3167232573032379,0.4741083920001984,3
7,index_01_r,0.3479381650686264,0.3994098901748657,0.4145343780517578,3
65,thigh_l,0.3479008376598358,0.3127584755420685,0.5127707064151764,3
82,thumb_01_r,0.3478536307811737,0.2934351861476898,0.4369910657405853,3
16,thumb_01_r,0.3477226545413335,0.3329329788684845,0.4505226671695709,3
65,middle_01_r,0.3477129538853963,0.2973613142967224,0.48459428548812866,3
39,ring_01_l,0.34751306970914203,0.3065369129180908,0.4411128520965576,3
76,upperarm_r,0.34748664995034534,0.3041492998600006,0.48392804265022277,3
57,lowerarm_l,0.34743428230285645,0.31164708733558655,0.4277551233768463,3
18,lowerarm_r,0.34742359817028046,0.4121209681034088,0.44003918766975403,3
66,middle_01_r,0.3472573707501094,0.31741848587989807,0.47084577679634093,3
35,head,0.34721135596434277,0.29791703820228577,0.46834829449653625,3
11,neck_01,0.347138245900472,0.3167061507701874,0.3953683078289032,3
25,thumb_01_l,0.34697025020917255,0.37087005376815796,0.37725194692611697,3
36,pinky_01_r,0.3469521800676982,0.34481918811798096,0.3603455305099487,3
1,pinky_01_l,0.3468528787295024,0.2747354507446289,0.4524556159973145,3
35,pinky_01_r,0.34684579571088153,0.34574094414711,0.3618180096149445,3
83,foot_l,0.34680071969827014,0.39419734477996826,0.40805745124816895,3
26,thigh_r,0.3467388202746709,0.4109378159046173,0.45979695916175845,3
37,middle_01_r,0.3465813597043355,0.27122581005096436,0.537946629524231,3
13,index_01_r,0.3465721557537715,0.3859685957431793,0.41310136914253237,3
55,hand_r,0.3464740713437398,0.3247877061367035,0.41418697237968444,3
55,middle_01_r,0.34644608696301776,0.29626208543777466,0.4559903979301453,3
17,index_01_r,0.3457038601239522,0.3789617121219635,0.4142053186893463,3
37,hand_r,0.3456986645857493,0.3643108308315277,0.3865295112133026,3
30,middle_01_l,0.34564222892125446,0.32262685894966125,0.39878740906715393,3
52,ring_01_l,0.34540141622225445,0.353541761636734,0.40684221386909486,3
69,ring_01_l,0.345375120639801,0.32500213384628296,0.42807923555374144,3
36,upperarm_r,0.3453039824962616,0.3236338496208191,0.46818875074386596,3
21,lowerarm_l,0.3453035851319631,0.3448350429534912,0.3562554121017456,3
17,ball_r,0.3452441195646922,0.3155474066734314,0.426128613948822,3
47,thigh_r,0.3450496693452199,0.3889216482639313,0.46446622014045713,3
59,hand_l,0.34472863872845966,0.32331782579421997,0.379418408870697,3
77,foot_l,0.3444449206193288,0.337634801864624,0.3744177341461182,3
66,neck_01,0.34438561896483105,0.30315321683883667,0.46069916486740115,3
23,neck_01,0.3441614011923472,0.3276054263114929,0.3941866993904114,3
70,neck_01,0.3440978725751241,0.28507864475250244,0.42732579708099366,3
16,ring_01_l,0.34394341707229614,0.35960057377815247,0.4023015320301056,3
68,thumb_01_r,0.34372153878211975,0.3482228219509125,0.44866434931755067,3
57,lowerarm_r,0.34359439959128696,0.44014105200767517,0.47648114562034605,3
36,middle_01_r,0.3433181494474411,0.2583519518375397,0.5200332462787628,3
29,ring_01_l,0.34306442737579346,0.3326849341392517,0.3875144124031067,3
66,ball_r,0.34297797083854675,0.32668375968933105,0.4062623977661133,3
63,foot_r,0.3427635778983434,0.35583052039146423,0.5550755679607391,3
51,thigh_r,0.3426191707452138,0.2849997580051422,0.4273667871952057,3
43,pinky_01_r,0.3421657830476761,0.37979257106781006,0.42336952686309814,3
21,neck_01,0.3420790135860443,0.34257471561431885,0.37605061531066897,3
31,ring_01_l,0.3419664551814397,0.3081551194190979,0.466343367099762,3
0,neck_01,0.34196333090464276,0.34798258543014526,0.4793506026268005,3
81,thumb_01_r,0.3416136900583903,0.3118007481098175,0.4335679590702057,3
45,middle_01_r,0.3415942390759786,0.28159376978874207,0.4412550389766693,3
39,lowerarm_r,0.3415626535813014,0.3707292973995209,0.48288204073905944,3
27,thumb_01_r,0.34155697623888653,0.32623979449272156,0.3701815068721771,3
41,thumb_01_l,0.3415340681870778,0.32027071714401245,0.3945855975151062,3
23,index_01_r,0.3414040307203929,0.30710554122924805,0.410332989692688,3
66,pinky_01_r,0.34136973818143207,0.35734766721725464,0.37940517663955686,3
4,ball_l,0.3413405219713847,0.30043619871139526,0.48587721586227417,3
24,RUpArmTwist_r_01,0.3411072293917338,0.2446690946817398,0.5141770154237747,3
14,lowerarm_l,0.34094690283139545,0.3029341399669647,0.4364073216915131,3
24,index_01_r,0.3408518930276235,0.31763944029808044,0.40380889773368833,3
12,middle_01_l,0.3408183306455612,0.3952682614326477,0.47501381635665896,3
27,foot_r,0.3407006363073985,0.33996936678886414,0.40079750418663024,3
74,pinky_01_l,0.3404255012671153,0.34498846530914307,0.4544384956359863,3
85,LCalfTwist_03,0.340340514977773,0.33159586787223816,0.450602525472641,3
48,thigh_r,0.3402336686849594,0.3557332754135132,0.41337034702301023,3
24,thumb_01_l,0.34011568625768024,0.34562960267066956,0.3595355570316315,3
54,neck_01,0.34009743730227154,0.34069985151290894,0.4192655682563782,3
5,middle_01_r,0.3400836040576299,0.31835171580314636,0.4284517228603363,3
4,middle_01_r,0.3399364650249481,0.3164364993572235,0.49125370383262634,3
58,ball_r,0.33984340230623883,0.33200934529304504,0.44082790017127993,3
30,foot_r,0.33981961011886597,0.3316926956176758,0.39826853275299073,3
23,ring_01_l,0.3397908906141917,0.29328474402427673,0.41798526644706724,3
75,middle_01_r,0.3397754083077113,0.31204551458358765,0.4527032732963562,3
15,thumb_01_l,0.339638610680898,0.3267330229282379,0.38264101147651675,3
85,index_01_r,0.3393607983986537,0.30046895146369934,0.4664239466190338,3
61,hand_r,0.3393503874540329,0.4072644114494324,0.4183553814888,3
41,index_01_r,0.3392713914314906,0.36965516209602356,0.4078447163105011,3
80,middle_01_r,0.3391583909591039,0.2805156409740448,0.48384260535240176,3
7,ring_01_l,0.3391454170147578,0.25398850440979004,0.4674339771270752,3
14,calf_r,0.3388683944940567,0.3758152723312378,0.39711267948150636,3
63,index_01_r,0.3387855490048726,0.3529711365699768,0.3702331900596619,3
63,pinky_01_r,0.33877211809158325,0.3626542091369629,0.3764909267425537,3
5,thumb_01_r,0.3386446038881938,0.3522724211215973,0.36843991875648496,3
9,thumb_01_r,0.33863310019175213,0.34668129682540894,0.3621438145637512,3
2,thumb_01_l,0.3385099073251088,0.29993951320648193,0.4016872882843018,3
72,neck_01,0.3384122351805369,0.2954038679599762,0.44688478112220764,3
36,neck_01,0.3381696691115697,0.352509468793869,0.40361055731773376,3
38,lowerarm_r,0.33813804884751636,0.3687296211719513,0.4380564033985138,3
29,middle_01_r,0.3380502760410309,0.2927864193916321,0.42983404397964475,3
42,thigh_r,0.3378383219242096,0.33447015285491943,0.3993978500366211,3
13,calf_l,0.33782561123371124,0.29986169934272766,0.43977184891700744,3
34,middle_01_r,0.33778739472230274,0.25501349568367004,0.5152370512485505,3
68,foot_l,0.3372129301230113,0.29568058252334595,0.4278195261955261,3
14,ball_l,0.33712273836135864,0.3337251842021942,0.3735876500606537,3
56,pinky_01_l,0.3370695610841115,0.38181009888648987,0.39082375168800354,3
28,thigh_r,0.33706242839495343,0.36296430230140686,0.38447378277778627,3
60,thumb_01_r,0.3368154565493266,0.3516318202018738,0.38626211881637573,3
9,hand_l,0.3367913067340851,0.3337806165218353,0.3913785874843597,3
29,RUpArmTwist_l_01,0.3365819106499354,0.3982715308666229,0.4061818063259125,3
23,calf_r,0.3364574710528056,0.37684452533721924,0.428493857383728,3
17,ring_01_l,0.33626818160216015,0.3249804675579071,0.4196908175945282,3
47,ring_01_l,0.33617494503657025,0.2940559983253479,0.43493696451187136,3
39,pinky_01_r,0.33606861035029095,0.369890421628952,0.3934276282787323,3
41,foot_r,0.3360193818807602,0.37755149602890015,0.41782642602920533,3
10,hand_r,0.33588845034440357,0.39385631680488586,0.4673912346363068,3
44,hand_r,0.3357265094916026,0.34216558933258057,0.35803515911102296,3
25,ball_r,0.33571359515190125,0.28331995010375977,0.44893922805786135,3
10,thumb_01_r,0.3356904685497284,0.3491499423980713,0.3502808094024658,3
27,index_01_r,0.3356656531492869,0.36792704463005066,0.3946212947368622,3
13,LCalfTwist_01,0.3356303970019023,0.35975876450538635,0.45457425713539124,3
59,middle_01_r,0.3355585038661957,0.3013751804828644,0.47539129853248596,3
43,thigh_r,0.33555232485135394,0.2857491374015808,0.42330552339553834,3
47,neck_01,0.335457647840182,0.31847983598709106,0.4215872406959534,3
49,upperarm_l,0.3353697657585144,0.26498913764953613,0.4751118659973145,3
65,ring_01_l,0.33530065417289734,0.2827053964138031,0.4165280759334564,3
42,thumb_01_l,0.3350683351357778,0.3228033483028412,0.41151458621025083,3
40,index_01_r,0.3349498212337494,0.3295273184776306,0.39333540201187134,3
13,thumb_01_l,0.3347916305065155,0.32982563972473145,0.3516311883926392,3
77,upperarm_l,0.33461468915144604,0.3151264786720276,0.4431571841239929,3
82,hand_r,0.33456804354985553,0.3178980052471161,0.4015171229839325,3
24,neck_01,0.33454468846321106,0.29841849207878113,0.38896026015281676,3
37,thigh_r,0.3345361848672231,0.2839285731315613,0.41454864740371705,3
71,pinky_01_l,0.3342665533224742,0.3502636253833771,0.40791085362434387,3
16,spine_01,0.33422115445137024,0.34911876916885376,0.3655197501182556,3
34,index_01_r,0.33390353123346966,0.31385403871536255,0.36770445108413696,3
42,hand_r,0.33360370993614197,0.3400745689868927,0.3761827528476715,3
64,ball_r,0.33326322336991626,0.3665483593940735,0.3903464674949646,3
60,spine_01,0.3332512478033702,0.27071651816368103,0.42351788878440855,3
12,upperarm_r,0.3331333249807358,0.36589285731315613,0.46517500281333923,3
42,calf_l,0.333126703898112,0.34204167127609253,0.3857711672782898,3
74,middle_01_r,0.33292768398920697,0.307697594165802,0.45705357789993284,3
68,neck_01,0.33292534947395325,0.338192880153656,0.38421107530593873,3
70,ring_01_l,0.33289489646752674,0.3315315842628479,0.41502019166946413,3
57,neck_01,0.3328127960364024,0.30341172218322754,0.548211669921875,3
2,middle_01_r,0.33280953268210095,0.2677069306373596,0.5007331490516662,3
1,middle_01_r,0.33278265098730725,0.29337945580482483,0.4404706537723541,3
19,RUpArmTwist_l_01,0.3327789803345998,0.3634408414363861,0.3785696685314178,3
64,index_01_r,0.3326832056045532,0.3462740182876587,0.36145625114440916,3
27,foot_l,0.3324936280647914,0.27210086584091187,0.4396417737007141,3
19,index_01_r,0.3324183026949565,0.3572176694869995,0.3609920978546143,3
20,index_01_r,0.3323211173216502,0.3356765806674957,0.3528203070163727,3
83,thumb_01_r,0.3322405318419139,0.3438799977302551,0.3545509696006775,3
19,RUpArmTwist_l_02,0.33217649161815643,0.29815351963043213,0.49011542797088625,3
16,thigh_r,0.3321210741996765,0.35633090138435364,0.40619986653327944,3
59,thumb_01_r,0.3319051166375478,0.3212777078151703,0.3799449145793915,3
82,index_01_r,0.3317537804444631,0.3897203803062439,0.397937023639679,3
26,thumb_01_r,0.33174723386764526,0.29455190896987915,0.38856316804885865,3
21,middle_01_l,0.331658273935318,0.40208810567855835,0.4426186680793762,3
38,index_01_r,0.33156970143318176,0.3518402576446533,0.35960867404937746,3
38,pinky_01_r,0.3314786454041799,0.33699560165405273,0.3565095901489258,3
15,thumb_01_r,0.3313899834950765,0.29406440258026123,0.42622690200805663,3
80,calf_l,0.33135995268821716,0.2752320468425751,0.42247230410575864,3
36,thigh_r,0.33135347565015155,0.2951740324497223,0.43125284314155576,3
73,thumb_01_r,0.3313162922859192,0.31745293736457825,0.3840623199939728,3
61,foot_r,0.33109242220719654,0.31025230884552,0.44675018787384035,3
14,upperarm_r,0.3310416142145793,0.3338139057159424,0.4207796335220337,3
40,head,0.33099911610285443,0.40197446942329407,0.405585914850235,3
39,calf_r,0.33094751089811325,0.23885197937488556,0.5719877153635026,3
60,index_01_r,0.3308497170607249,0.3546631634235382,0.3991843521595001,3
9,lowerarm_r,0.3304746647675832,0.4023495614528656,0.4146394431591034,3
62,middle_01_r,0.33040658632914227,0.2613949477672577,0.43000463843345643,3
26,thumb_01_l,0.3303380111853282,0.359891802072525,0.3646071493625641,3
56,index_01_r,0.33025915920734406,0.3687371015548706,0.38401193618774415,3
77,middle_01_r,0.33010290563106537,0.26536187529563904,0.4615647494792938,3
18,upperarm_r,0.3299702852964401,0.3772357702255249,0.4167841196060181,3
28,middle_01_r,0.3299408455689748,0.2969360053539276,0.4299595534801483,3
62,thumb_01_l,0.329909086227417,0.34033918380737305,0.35394978523254395,3
26,middle_01_r,0.3299054851134618,0.31808021664619446,0.4569847404956818,3
67,lowerarm_r,0.3297092914581299,0.40581923723220825,0.4176481604576111,3
64,pinky_01_r,0.3295143147309621,0.3476736843585968,0.3585020363330841,3
12,thumb_01_l,0.3294943819443385,0.36761900782585144,0.3795226514339447,3
52,index_01_r,0.3293815553188324,0.36649829149246216,0.40759700536727905,3
64,middle_01_r,0.32935719688733417,0.300510972738266,0.43952385783195497,3
85,ball_l,0.32934380571047467,0.32548847794532776,0.3366935312747955,3
7,thumb_01_r,0.3293175995349884,0.2885242700576782,0.44675021171569823,3
40,hand_r,0.32915327449639636,0.3753502070903778,0.40246824622154237,3
37,lowerarm_l,0.32908812165260315,0.36643633246421814,0.37392768263816833,3
58,hand_r,0.32896875341733295,0.28445297479629517,0.4752118706703186,3
63,middle_01_r,0.3289472907781601,0.27493706345558167,0.4384709894657135,3
6,index_01_r,0.3288308382034302,0.3345898687839508,0.3786128103733063,3
30,thumb_01_r,0.32863115270932514,0.30158883333206177,0.4055864930152893,3
78,middle_01_r,0.3284347305695216,0.28328484296798706,0.47478021383285524,3
49,hand_r,0.3283556004365285,0.33624306321144104,0.36352007985115053,3
61,thumb_01_r,0.32832735280195874,0.3372330665588379,0.4234595775604248,3
57,thigh_r,0.3282427688439687,0.31525012850761414,0.4417932450771332,3
34,RUpArmTwist_l_01,0.3281122048695882,0.38907381892204285,0.393998259305954,3
17,thumb_01_r,0.327618529399236,0.3170053958892822,0.3970613479614258,3
37,thumb_01_r,0.32758426666259766,0.32092538475990295,0.36993027329444883,3
53,index_01_r,0.3273080140352249,0.37837791442871094,0.39334821701049805,3
80,thumb_01_r,0.3272794634103775,0.31499502062797546,0.4055994927883148,3
46,pinky_01_l,0.327208290497462,0.2783902883529663,0.39973058700561526,3
69,hand_r,0.3271995385487874,0.2995504140853882,0.4056525230407715,3
13,hand_l,0.3271930863459905,0.29376891255378723,0.42738290429115294,3
44,foot_r,0.32714654008547467,0.31048744916915894,0.3688770651817322,3
70,RUpArmTwist_l_01,0.32704121867815655,0.32564496994018555,0.38256714344024656,3
55,pinky_01_r,0.32690101861953735,0.31956398487091064,0.3480679988861084,3
65,pinky_01_r,0.3268657724062602,0.3434177041053772,0.34917229413986206,3
23,lowerarm_r,0.32620516916116077,0.3398576080799103,0.4177634298801422,3
57,ring_01_l,0.3261846899986267,0.29094985127449036,0.40546944737434387,3
41,ball_l,0.32592661182085675,0.29521217942237854,0.36913052201271057,3
10,middle_01_r,0.3259035646915436,0.3313225507736206,0.43626389503479,3
43,ring_01_l,0.3259022732575734,0.2833860218524933,0.41350372433662413,3
71,thumb_01_l,0.3258661727110545,0.3292868137359619,0.34233741760253905,3
63,thumb_01_r,0.32584457099437714,0.33230721950531006,0.39967563152313235,3
0,foot_l,0.3257666379213333,0.2514204680919647,0.4412135541439057,3
0,spine_02,0.32570111254851025,0.3532155752182007,0.42825114727020264,3
35,middle_01_r,0.325634703040123,0.23061013221740723,0.5020051002502441,3
27,lowerarm_l,0.3254765222469966,0.322367399930954,0.39906343817710876,3
16,upperarm_r,0.32540668547153473,0.32620686292648315,0.4408021092414856,3
7,thigh_l,0.32520634680986404,0.33163881301879883,0.5114686012268066,3
32,foot_r,0.32486819724241894,0.39318546652793884,0.4156278073787689,3
35,neck_01,0.32480314870675403,0.33045831322669983,0.4103858768939972,3
20,RUpArmTwist_l_01,0.3247624635696411,0.35019275546073914,0.36573647856712344,3
25,thumb_01_r,0.3247257073720296,0.3187607526779175,0.36600675582885744,3
33,RUpArmTwist_l_01,0.32469261686007184,0.3274122178554535,0.3907651364803314,3
24,RUpArmTwist_r_02,0.3246869246164958,0.24309344589710236,0.5035455614328385,3
66,ball_l,0.32468385497728985,0.31288695335388184,0.3497260808944702,3
47,pinky_01_l,0.3245907525221507,0.28178608417510986,0.3857553243637085,3
41,calf_l,0.3244667152563731,0.3431544899940491,0.39575966596603396,3
8,pinky_01_l,0.32432513932387036,0.3487091362476349,0.4184011995792389,3
77,thigh_l,0.32427125920852023,0.35673031210899353,0.48309728503227234,3
29,thigh_r,0.32396407922108966,0.32535743713378906,0.3635581016540527,3
7,foot_r,0.32389190793037415,0.3175080716609955,0.39240831732749937,3
30,ring_01_l,0.3237613836924235,0.295565664768219,0.4312082171440125,3
22,RUpArmTwist_l_02,0.32368690768877667,0.3288528323173523,0.47319711446762086,3
53,neck_01,0.32364847759405774,0.24384741485118866,0.4361753314733505,3
3,index_01_r,0.3236474295457204,0.3509734869003296,0.36738274097442625,3
60,neck_01,0.32304633657137555,0.3163754343986511,0.33411582708358767,3
5,hand_r,0.32298751175403595,0.34379974007606506,0.3692240536212921,3
65,foot_l,0.32280240456263226,0.2734491527080536,0.4115833222866058,3
56,pinky_01_r,0.32257386048634845,0.3462413251399994,0.35157575011253356,3
6,thumb_01_l,0.32242368658383685,0.33960580825805664,0.350756573677063,3
52,thumb_01_r,0.3222827613353729,0.3120616376399994,0.33863109946250913,3
10,ball_l,0.32205765942732495,0.37846747040748596,0.39505091309547424,3
76,hand_r,0.32193709413210553,0.27775299549102783,0.4023909568786621,3
81,index_01_r,0.3218931208054225,0.3617912828922272,0.3683599293231964,3
10,neck_01,0.32188891371091205,0.3372083306312561,0.39095538854599,3
31,upperarm_r,0.3218352794647217,0.33091849088668823,0.428144109249115,3
73,foot_r,0.32178399463494617,0.26099893450737,0.4217901170253754,3
19,ball_l,0.32151369253794354,0.3174491226673126,0.38496881127357485,3
84,ring_01_l,0.3213020662466685,0.26526764035224915,0.4524631559848786,3
41,neck_01,0.32125971217950183,0.31527596712112427,0.43984757661819457,3
37,index_01_r,0.3210340241591136,0.3144993484020233,0.33437158465385436,3
72,hand_l,0.32100410262743634,0.3353551924228668,0.33825233578681946,3
7,upperarm_l,0.32097287227710086,0.3442506194114685,0.5028821349143981,3
25,neck_01,0.3209519733985265,0.3054344058036804,0.39658149480819704,3
69,neck_01,0.32093783219655353,0.3586362600326538,0.37240512371063234,3
60,ball_l,0.320880467693011,0.2155328392982483,0.4786332726478577,3
74,neck_01,0.32086416085561115,0.33526498079299927,0.34450176954269407,3
0,RCalfTwist_03,0.3208523591359456,0.32635873556137085,0.3540811657905579,3
21,index_01_r,0.3208077947298686,0.3155401647090912,0.371761816740036,3
1,thumb_01_r,0.3206745783487956,0.3156347870826721,0.33746846914291384,3
28,index_01_r,0.3205577035744985,0.3486177921295166,0.3888015508651733,3
56,neck_01,0.32053864002227783,0.27757924795150757,0.4518675923347473,3
51,lowerarm_r,0.32034770647684735,0.38172632455825806,0.4390207648277283,3
16,calf_r,0.32014380892117816,0.3937561810016632,0.4161352217197418,3
51,index_01_r,0.32006580134232837,0.35608547925949097,0.36946007013320925,3
8,index_01_r,0.31997235119342804,0.3378584384918213,0.37605292797088624,3
48,pinky_01_l,0.31986791888872784,0.2684434652328491,0.40791072845458987,3
75,hand_r,0.31985098123550415,0.36375075578689575,0.37120281457901,3
39,index_01_r,0.3198312222957611,0.34620290994644165,0.3487855553627014,3
55,neck_01,0.3197169651587804,0.3366850018501282,0.3915645003318787,3
55,index_01_r,0.31960953772068024,0.34361594915390015,0.36426337957382204,3
43,index_01_r,0.3194386015335719,0.3202689290046692,0.3905387282371521,3
59,RUpArmTwist_l_02,0.3193899194399516,0.39332517981529236,0.43566388487815855,3
34,spine_01,0.3193100889523824,0.30173853039741516,0.3841199934482574,3
73,index_01_r,0.31928982337315875,0.38259050250053406,0.40155498385429383,3
19,calf_r,0.31928112109502155,0.2868850529193878,0.39404564499855044,3
23,thumb_01_l,0.3192494809627533,0.32133349776268005,0.3396655976772308,3
47,thumb_01_l,0.3192055920759837,0.31910595297813416,0.33083547949790953,3
40,ring_01_l,0.3190964212020238,0.25758394598960876,0.4290627181529999,3
84,neck_01,0.3190743277470271,0.28777387738227844,0.39740961194038393,3
47,index_01_r,0.3190734386444092,0.3351132571697235,0.3434987485408783,3
50,ring_01_l,0.31889591614405316,0.24116133153438568,0.43473176658153534,3
46,index_01_r,0.3188855250676473,0.3358471691608429,0.33933122754096984,3
58,middle_01_r,0.3188767333825429,0.2824189066886902,0.44241863489151,3
46,thumb_01_r,0.3187413662672043,0.30534443259239197,0.3830385148525238,3
4,foot_l,0.31872567037741345,0.2312561422586441,0.457560995221138,3
80,thumb_01_l,0.318709264198939,0.2940162122249603,0.38088640570640564,3
42,ball_r,0.3186691850423813,0.3309204578399658,0.38449654579162595,3
53,thumb_01_r,0.31866003572940826,0.33957186341285706,0.3675541698932648,3
28,thumb_01_r,0.3184894919395447,0.2841566205024719,0.37111309766769407,3
61,middle_01_r,0.3183880199988683,0.2619677186012268,0.4248887896537781,3
27,thumb_01_l,0.31817813714345294,0.3230859339237213,0.3409823000431061,3
15,calf_r,0.31816193958123523,0.32888326048851013,0.37039524912834165,3
76,pinky_01_l,0.31809239089488983,0.2907886505126953,0.4102341651916504,3
44,pinky_01_r,0.31808345516522724,0.31859254837036133,0.33160064220428465,3
55,thumb_01_r,0.3180655936400096,0.32854247093200684,0.41464781761169434,3
59,pinky_01_l,0.31806015968322754,0.2591452896595001,0.4055852711200714,3
42,index_01_r,0.3180450151364009,0.3327687680721283,0.41071695685386655,3
8,ring_01_l,0.31798897683620453,0.3109970688819885,0.41487611532211305,3
4,clavicle_r,0.3179827407002449,0.30318304896354675,0.4813496530056,3
34,neck_01,0.31797789533933,0.33024612069129944,0.3679458200931549,3
54,index_01_r,0.3179233471552531,0.32253918051719666,0.3665004432201385,3
39,neck_01,0.31782156725724536,0.32309749722480774,0.39346562027931214,3
80,thigh_l,0.31780334810415906,0.36075690388679504,0.3744308054447174,3
11,middle_01_r,0.31779320041338605,0.33983516693115234,0.40516793727874756,3
83,thumb_01_l,0.31777701278527576,0.30794259905815125,0.38629724383354186,3
77,hand_r,0.31767069300015766,0.34365731477737427,0.3774194598197937,3
19,thumb_01_r,0.31764741738637287,0.31674832105636597,0.355107319355011,3
30,lowerarm_r,0.31757775445779163,0.3801459074020386,0.4392841815948486,3
57,index_01_r,0.3174768537282944,0.35501325130462646,0.38680367469787597,3
34,thumb_01_r,0.31734458605448407,0.29143261909484863,0.38290843963623045,3
3,foot_l,0.31726616124312085,0.27272534370422363,0.4161461353302002,3
11,pinky_01_l,0.31698239346345264,0.3724671006202698,0.37709168195724485,3
57,pinky_01_l,0.3169810672601064,0.29711493849754333,0.3936445891857147,3
25,RUpArmTwist_l_02,0.31685081124305725,0.34422633051872253,0.4370571792125702,3
45,index_01_r,0.3167726397514343,0.31964895129203796,0.35854429602622984,3
78,thumb_01_l,0.31667645772298175,0.2961958944797516,0.37786961197853086,3
29,lowerarm_l,0.3165547450383504,0.2816259264945984,0.3680861830711365,3
27,middle_01_r,0.3164818386236827,0.31165066361427307,0.4284060776233673,3
48,index_01_r,0.31634997328122455,0.3233267068862915,0.33813679218292236,3
14,thumb_01_l,0.3162335157394409,0.308210551738739,0.33526655435562136,3
80,ring_01_l,0.3161524881919225,0.3330404460430145,0.3935989558696747,3
75,neck_01,0.3161369115114212,0.2751624882221222,0.40274952054023744,3
76,middle_01_r,0.3161131590604782,0.26188579201698303,0.44545131325721743,3
37,neck_01,0.31577033797899884,0.3051297962665558,0.3742887556552887,3
57,middle_01_r,0.3156060328086217,0.2502146363258362,0.4280406355857849,3
36,index_01_r,0.31552854180336,0.32304254174232483,0.32858174443244936,3
30,index_01_r,0.3154117862383525,0.3374688923358917,0.36145995259284974,3
74,thumb_01_r,0.3152629534403483,0.3318430781364441,0.3328003764152527,3
48,thumb_01_l,0.3149334490299225,0.31840780377388,0.3254084408283234,3
18,thumb_01_r,0.31487815578778583,0.31399592757225037,0.3756870925426483,3
33,index_01_r,0.31480733553568524,0.2933408319950104,0.35769036412239075,3
37,thumb_01_l,0.3147050390640895,0.34335625171661377,0.3493674278259277,3
65,neck_01,0.3146228939294815,0.2353118360042572,0.45656372904777526,3
36,hand_r,0.3145875583092372,0.33522796630859375,0.3753623962402344,3
41,RUpArmTwist_r_02,0.31455754737059277,0.2550675570964813,0.4652962148189545,3
13,neck_01,0.3145357370376587,0.29443931579589844,0.34279627799987794,3
35,pinky_01_l,0.3144940286874771,0.2696124315261841,0.4178429841995239,3
46,hand_l,0.31449146072069806,0.293379008769989,0.39690757989883424,3
63,thigh_r,0.3144312525788943,0.3242902457714081,0.4642544686794281,3
75,calf_r,0.3144286076227824,0.2999894618988037,0.373805570602417,3
70,lowerarm_r,0.3140566945075989,0.33372339606285095,0.4074214160442352,3
14,clavicle_r,0.31391915678977966,0.27225252985954285,0.3806449830532074,3
44,index_01_r,0.3135428726673126,0.30813926458358765,0.3590702414512634,3
17,calf_r,0.31345410148302716,0.30249038338661194,0.38480175137519834,3
13,calf_r,0.3133963892857234,0.2319943904876709,0.4413315296173096,3
18,index_01_r,0.3133324881394704,0.30673855543136597,0.3433686375617981,3
28,foot_r,0.3130488395690918,0.3454012870788574,0.3760521411895752,3
49,index_01_r,0.3129932979742686,0.30646783113479614,0.33694030046463014,3
14,hand_l,0.3128897547721863,0.3068733215332031,0.432465124130249,3
20,thumb_01_r,0.3128844201564789,0.31384220719337463,0.3488070785999298,3
85,thumb_01_l,0.3128138432900111,0.2825189232826233,0.3958403944969177,3
76,calf_l,0.3124919533729553,0.249944806098938,0.4031724214553833,3
66,index_01_r,0.3124638150135676,0.32632702589035034,0.3650018095970154,3
22,thumb_01_r,0.3124098877112071,0.30122822523117065,0.37639631032943727,3
35,ball_r,0.3123394747575124,0.3019917607307434,0.4030603051185608,3
60,ring_01_l,0.3122401833534241,0.31588685512542725,0.3730573892593384,3
51,RUpArmTwist_l_01,0.31211193402608234,0.31957748532295227,0.34787982106208803,3
20,calf_r,0.31210698187351227,0.2722155451774597,0.40221849679946897,3
83,neck_01,0.3120715022087097,0.2776906192302704,0.37463900446891785,3
19,neck_01,0.3119027763605118,0.3264252543449402,0.4078222870826721,3
13,middle_01_r,0.31187128523985547,0.2774604260921478,0.4063232600688934,3
24,hand_l,0.3117598096529643,0.33060604333877563,0.3533251881599426,3
82,ring_01_l,0.3117505858341853,0.3140254616737366,0.40505791902542115,3
38,upperarm_r,0.3117424050966899,0.30733585357666016,0.3903944730758667,3
48,thumb_01_r,0.3115684191385905,0.28327783942222595,0.37400142550468446,3
54,ball_l,0.311407874027888,0.31131479144096375,0.32395910620689394,3
81,ring_01_l,0.3113243679205577,0.3107340931892395,0.4297521710395813,3
61,spine_01,0.31127676367759705,0.3050089180469513,0.3288044035434723,3
33,calf_r,0.3112376580635707,0.23746174573898315,0.44333728551864626,3
11,thumb_01_r,0.3111347456773122,0.31061357259750366,0.31286433935165403,3
26,neck_01,0.3110167682170868,0.2842317223548889,0.3905027508735657,3
5,neck_01,0.3109715481599172,0.29471006989479065,0.3514693319797516,3
5,thumb_01_l,0.31087492903073627,0.29840371012687683,0.36946703791618346,3
29,hand_r,0.3105248163143794,0.33062341809272766,0.36233497262001035,3
48,ring_01_l,0.31016868352890015,0.2431938499212265,0.41070854365825654,3
85,ring_01_l,0.30987708270549774,0.2601342797279358,0.38820425271987913,3
14,thumb_01_r,0.3098723739385605,0.25384727120399475,0.4127090036869049,3
41,upperarm_r,0.30963747203350067,0.34358757734298706,0.3569733023643494,3
34,pinky_01_l,0.3096318741639455,0.26180413365364075,0.4326331913471222,3
4,hand_l,0.30961503585179645,0.2685510814189911,0.39825238585472106,3
83,ball_r,0.30957770347595215,0.2583669424057007,0.4282052040100098,3
50,index_01_r,0.3095181385676066,0.3149676024913788,0.36538261771202085,3
58,ring_01_l,0.30932475129763287,0.26428285241127014,0.37516871094703674,3
67,thumb_01_r,0.3090430150429408,0.33728575706481934,0.3999181270599365,3
0,middle_01_r,0.30887598792711896,0.24705402553081512,0.41144369542598724,3
75,index_01_r,0.308809573451678,0.3654085397720337,0.3710594415664673,3
58,thumb_01_l,0.3085903873046239,0.32048505544662476,0.349450957775116,3
44,thumb_01_r,0.30838094154993695,0.31052836775779724,0.32416743636131284,3
62,index_01_r,0.30818984905878705,0.29635748267173767,0.376040381193161,3
74,hand_l,0.3081875145435333,0.3159410357475281,0.3670602202415466,3
59,thigh_r,0.307985117038091,0.28932255506515503,0.3367824196815491,3
6,neck_01,0.30774905780951184,0.3171720504760742,0.374721360206604,3
1,thigh_r,0.30774880200624466,0.3556686043739319,0.44298242330551146,3
76,thumb_01_l,0.30769529938697815,0.3117888271808624,0.3194639980792999,3
62,ring_01_l,0.30760809779167175,0.23009763658046722,0.41742422282695774,3
74,index_01_r,0.30757643779118854,0.3156399130821228,0.39345818758010864,3
5,lowerarm_r,0.3075331548849742,0.3542911112308502,0.3753314554691315,3
45,thumb_01_r,0.3074846863746643,0.31878021359443665,0.34105473160743716,3
11,thumb_01_l,0.3074734111626943,0.30262449383735657,0.3157394230365753,3
16,thumb_01_l,0.3074604074160258,0.3080786168575287,0.34570388197898866,3
58,lowerarm_r,0.3074416369199753,0.34806114435195923,0.4136151671409607,3
79,thumb_01_r,0.307439257701238,0.29694005846977234,0.39308845400810244,3
5,hand_l,0.3074236214160919,0.3159515857696533,0.40954668521881105,3
0,spine_01,0.3073579917351405,0.3255555033683777,0.4217504620552063,3
22,middle_01_l,0.3073531190554301,0.36794084310531616,0.3889633536338806,3
46,thumb_01_l,0.30732808510462445,0.28780004382133484,0.3365248143672943,3
62,hand_r,0.3073280155658722,0.3143870532512665,0.33783342242240905,3
14,RUpArmTwist_r_01,0.30714261531829834,0.2410999983549118,0.4708680957555771,3
79,thumb_01_l,0.30706603328386944,0.28116482496261597,0.3617318272590637,3
3,thumb_01_r,0.3070203612248103,0.27092230319976807,0.3889531373977661,3
71,ring_01_l,0.30699153741200763,0.32887405157089233,0.3701431632041931,3
84,ball_r,0.30694881081581116,0.28666478395462036,0.37670665979385376,3
79,thigh_l,0.30692275365193683,0.3038848638534546,0.31771159172058105,3
54,upperarm_r,0.3068719406922658,0.32235342264175415,0.34745465517044066,3
31,ball_r,0.3067457030216853,0.33678701519966125,0.3972595512866974,3
23,middle_01_l,0.3066416730483373,0.34662672877311707,0.40339083075523374,3
32,ring_01_l,0.3064589450756709,0.25152313709259033,0.40572826862335204,3
35,index_01_r,0.30643346905708313,0.326219767332077,0.33468522429466246,3
34,LCalfTwist_01,0.30635957419872284,0.2833247184753418,0.43713793754577634,3
58,pinky_01_l,0.3063342918952306,0.2473546415567398,0.4250561505556107,3
54,spine_01,0.3062572280565898,0.3402283191680908,0.3433829307556152,3
63,ring_01_l,0.30603305498758954,0.27077198028564453,0.3845219612121582,3
32,middle_01_l,0.3059496035178502,0.34597423672676086,0.3492303192615509,3
7,head,0.3058551649252574,0.2598487436771393,0.3709597647190094,3
66,calf_l,0.30581789712111157,0.316728800535202,0.4335112750530243,3
6,thumb_01_r,0.3058118422826131,0.26232731342315674,0.4107100486755371,3
51,hand_l,0.3056099514166514,0.2980044484138489,0.3364433407783508,3
78,thigh_l,0.3055094430843989,0.2559869885444641,0.4356487631797791,3
13,clavicle_r,0.30547019342581433,0.2221761792898178,0.46804043948650365,3
37,hand_l,0.30541858077049255,0.26123133301734924,0.36747522950172423,3
55,pinky_01_l,0.3054140905539195,0.28097739815711975,0.3573745310306549,3
36,thumb_01_r,0.305274893840154,0.30283594131469727,0.3218329906463623,3
84,upperarm_r,0.30521223445733386,0.3416970670223236,0.3459615170955658,3
82,lowerarm_r,0.30517271161079407,0.3694610893726349,0.39288161396980287,3
72,calf_r,0.3051370580991109,0.3072415888309479,0.42358999848365786,3
13,thumb_01_r,0.30503282447655994,0.25740087032318115,0.3885444402694702,3
64,thumb_01_r,0.3048930764198303,0.32452869415283203,0.40548536777496336,3
52,thigh_r,0.304893064002196,0.3530747890472412,0.4361785173416138,3
42,thumb_01_r,0.30483780801296234,0.2773239016532898,0.3778843283653259,3
56,hand_r,0.3048247843980789,0.23074382543563843,0.42942219972610474,3
22,calf_l,0.30462314188480377,0.29682856798171997,0.450238025188446,3
62,upperarm_l,0.30448777973651886,0.36229875683784485,0.40045385956764223,3
45,pinky_01_l,0.304422269264857,0.31649696826934814,0.3550302743911743,3
1,ring_01_l,0.3043899784485499,0.37308961153030396,0.3767283082008362,3
50,ball_r,0.3043820510307948,0.27325883507728577,0.4241772472858429,3
35,lowerarm_r,0.3041817347208659,0.32426124811172485,0.3550702929496765,3
0,thumb_01_r,0.30417617162068683,0.3020663857460022,0.31557799577713014,3
15,thigh_r,0.3040547768274943,0.323345810174942,0.33763280510902405,3
79,ring_01_l,0.30405157307783764,0.3311777412891388,0.4016365110874176,3
61,neck_01,0.30399950842062634,0.3353580832481384,0.3588266491889954,3
34,thumb_01_l,0.303863321741422,0.33874309062957764,0.367140531539917,3
11,ball_r,0.30377374092737836,0.24272041022777557,0.39463883340358735,3
79,neck_01,0.30358228584130603,0.32279840111732483,0.3452052414417267,3
39,LCalfTwist_02,0.30357349415620166,0.33807307481765747,0.34977718591690066,3
85,pinky_01_l,0.30333320796489716,0.3505987226963043,0.3969964325428009,3
78,ring_01_l,0.3032015760739644,0.31910309195518494,0.3967385947704315,3
22,index_01_r,0.30312394599119824,0.33407843112945557,0.3347350835800171,3
72,index_01_r,0.30309194326400757,0.3504648804664612,0.3847927927970886,3
68,index_01_r,0.30308347940444946,0.3446880877017975,0.3462549030780792,3
36,ball_r,0.30305688083171844,0.25658681988716125,0.4022012293338776,3
49,thumb_01_l,0.3030015528202057,0.30799251794815063,0.31335548162460325,3
30,RUpArmTwist_r_01,0.3028696725765864,0.2970109283924103,0.44342833161354067,3
9,middle_01_l,0.30263938506444293,0.2711857259273529,0.4113135039806366,3
20,middle_01_l,0.30261941502491635,0.37496182322502136,0.4084180533885956,3
50,thumb_01_l,0.30228816469510394,0.3100995421409607,0.3296894907951355,3
64,neck_01,0.3021082282066345,0.24998262524604797,0.447291761636734,3
43,lowerarm_r,0.30203184982140857,0.3576199412345886,0.3655173182487488,3
74,thumb_01_l,0.3019113639990489,0.29301178455352783,0.31859138011932375,3
29,thumb_01_r,0.30185359716415405,0.2891286015510559,0.34567073583602903,3
48,lowerarm_l,0.30182766417662305,0.3386172950267792,0.36244813799858094,3
17,thumb_01_l,0.30180591344833374,0.28295984864234924,0.34671254754066466,3
32,thumb_01_r,0.3016510456800461,0.28397804498672485,0.3571483016014099,3
18,LCalfTwist_01,0.3014718368649483,0.34598833322525024,0.41757663488388064,3
67,index_01_r,0.3013319671154022,0.31876498460769653,0.3556435227394104,3
58,index_01_r,0.30132244030634564,0.33402225375175476,0.36913766264915465,3
56,middle_01_r,0.30129751066366833,0.23976492881774902,0.3878140449523926,3
40,neck_01,0.30109479029973346,0.2819499373435974,0.38316677808761596,3
78,hand_r,0.3009181221326192,0.25945061445236206,0.3634199261665344,3
53,calf_l,0.30090342462062836,0.26804372668266296,0.3635391891002655,3
78,clavicle_r,0.3007075438896815,0.28149092197418213,0.35639488697052,3
18,neck_01,0.3006970038016637,0.2898849546909332,0.3925282537937164,3
32,index_01_r,0.300642063220342,0.2919701933860779,0.3343623518943787,3
57,hand_r,0.3006248672803243,0.2553640902042389,0.3897291004657745,3
28,hand_r,0.30049920082092285,0.2837195098400116,0.34969045519828795,3
79,lowerarm_r,0.30011363327503204,0.331626832485199,0.35683647394180296,3
58,spine_02,0.3000776966412862,0.34836554527282715,0.37372164726257323,3
27,neck_01,0.2999248653650284,0.3143938183784485,0.4274382710456848,3
28,thumb_01_l,0.29983337223529816,0.3202221393585205,0.32843575477600095,3
29,index_01_r,0.29980019231637317,0.35115525126457214,0.3738204658031464,3
43,thumb_01_l,0.2997000316778819,0.3150418996810913,0.34514675140380857,3
55,calf_l,0.2995554010073344,0.2617720067501068,0.387421578168869,3
47,hand_r,0.2994661529858907,0.24246782064437866,0.3822616696357727,3
63,neck_01,0.2993914584318797,0.2664281129837036,0.41512901782989503,3
54,thumb_01_r,0.2992771565914154,0.3409663140773773,0.37994603514671327,3
8,thumb_01_l,0.29909629623095196,0.28210142254829407,0.3333740532398224,3
64,calf_r,0.29904834429423016,0.3278416097164154,0.33320133090019227,3
36,head,0.2990116775035858,0.2065972536802292,0.4291713088750839,3
14,RUpArmTwist_l_02,0.29885028551022214,0.32463395595550537,0.46350209712982177,3
39,thumb_01_l,0.2987970511118571,0.3163283169269562,0.33095157742500303,3
36,lowerarm_r,0.2987739493449529,0.33752623200416565,0.36919582486152647,3
38,thumb_01_r,0.29875781138737995,0.2890743017196655,0.3425493955612183,3
20,pinky_01_l,0.2987045844395955,0.2500711977481842,0.41666930317878725,3
47,thumb_01_r,0.29869912068049115,0.32715970277786255,0.3481497406959534,3
4,thumb_01_r,0.2986295223236084,0.2505207061767578,0.3761012077331543,3
54,pinky_01_l,0.29849981268246967,0.26741889119148254,0.36631115078926085,3
45,thumb_01_l,0.2984843999147415,0.26558735966682434,0.3643752634525299,3
6,lowerarm_l,0.2984594206015269,0.34543779492378235,0.35514801144599917,3
20,RUpArmTwist_l_02,0.2982303649187088,0.27288109064102173,0.4462678074836731,3
72,pinky_01_l,0.29822633663813275,0.3067339360713959,0.3780460774898529,3
0,clavicle_r,0.29816022018591565,0.31110745668411255,0.361770761013031,3
62,upperarm_r,0.2981073359648387,0.29396605491638184,0.3972139358520508,3
39,thumb_01_r,0.29793041944503784,0.294795423746109,0.348324853181839,3
84,pinky_01_l,0.2978213479121526,0.333065390586853,0.3599062442779541,3
7,neck_01,0.29779467980066937,0.3086707293987274,0.3347490727901459,3
10,thumb_01_l,0.2977311263481776,0.33153900504112244,0.33371493220329285,3
1,head,0.29770471652348834,0.351334810256958,0.35518784523010255,3
0,index_01_r,0.2976113309462865,0.3198525309562683,0.356129515171051,3
51,thumb_01_r,0.29758451382319134,0.26000484824180603,0.3606270968914032,3
70,index_01_r,0.2974914113680522,0.3524537682533264,0.3625915884971619,3
73,foot_l,0.2974814126888911,0.2904336452484131,0.34702136516571047,3
3,spine_01,0.29738350709279376,0.2988532483577728,0.3063168704509735,3
53,pinky_01_l,0.29709236820538837,0.3106323778629303,0.3214336931705475,3
2,index_01_r,0.2969657282034556,0.34304752945899963,0.37794488072395327,3
65,thigh_r,0.2969380170106888,0.2616311311721802,0.45152008533477783,3
8,calf_l,0.29683302342891693,0.34387680888175964,0.411240690946579,3
56,thumb_01_r,0.29682081937789917,0.24822166562080383,0.38129284977912903,3
8,neck_01,0.2964993268251419,0.34207624197006226,0.34745417833328246,3
63,pinky_01_l,0.2963690261046092,0.31453749537467957,0.33075610995292665,3
31,thigh_r,0.2962501545747121,0.2582821547985077,0.45006951689720154,3
19,middle_01_l,0.29624742021163303,0.36820000410079956,0.397104012966156,3
15,spine_02,0.2961914042631785,0.28951847553253174,0.32194268703460693,3
36,thumb_01_l,0.2961890399456024,0.3067091405391693,0.3279357850551605,3
20,RUpArmTwist_r_01,0.29617246985435486,0.3116692900657654,0.4292385220527649,3
46,middle_01_l,0.29616408546765643,0.27975744009017944,0.3320648789405823,3
40,thumb_01_l,0.2961600224177043,0.28512445092201233,0.3407396137714386,3
52,lowerarm_r,0.2961556861797969,0.3395177125930786,0.34076006412506105,3
61,index_01_r,0.29612302283445996,0.31789132952690125,0.3443571269512177,3
23,thumb_01_r,0.2961105406284332,0.27268457412719727,0.3364850044250488,3
5,ball_r,0.2960289269685745,0.3062611222267151,0.3927156329154968,3
12,thumb_01_r,0.29602231085300446,0.22122591733932495,0.41327604055404665,3
66,thumb_01_r,0.29594753682613373,0.3422622084617615,0.36719073057174684,3
13,RUpArmTwist_r_01,0.2958061993122101,0.27749764919281006,0.4101296901702881,3
82,thumb_01_l,0.29575448234875995,0.26677441596984863,0.379639720916748,3
69,thigh_r,0.29569104313850403,0.26571571826934814,0.3926441192626953,3
20,calf_l,0.2956264490882556,0.3756684958934784,0.3866346299648285,3
6,upperarm_l,0.29555413126945496,0.2924739718437195,0.336331832408905,3
62,pinky_01_l,0.2954277644554774,0.32812026143074036,0.32969933152198794,3
21,ball_r,0.29536854724089306,0.2693771421909332,0.3664673626422882,3
2,thumb_01_r,0.2952940762042999,0.32093504071235657,0.33087254166603086,3
41,thumb_01_r,0.29527921974658966,0.24771012365818024,0.363835409283638,3
24,thumb_01_r,0.2952009638150533,0.29016417264938354,0.3331479668617249,3
74,ball_r,0.29509008924166363,0.297809898853302,0.34535080194473267,3
77,thumb_01_l,0.2949882944424947,0.2767205238342285,0.3277648687362671,3
12,ball_r,0.29486532509326935,0.316317617893219,0.32641600370407103,3
63,calf_l,0.2946828802426656,0.22418905794620514,0.41685550510883335,3
25,spine_02,0.2946763386329015,0.34427082538604736,0.3618166923522949,3
65,calf_r,0.29461367428302765,0.3628135025501251,0.36639724373817445,3
32,RUpArmTwist_l_01,0.29448629915714264,0.3186572194099426,0.3259794592857361,3
51,RUpArmTwist_l_02,0.29427113632361096,0.23703646659851074,0.39018442630767824,3
20,neck_01,0.29420986771583557,0.2674856185913086,0.44655256271362304,3
17,middle_01_l,0.294135386745135,0.33032286167144775,0.3732901573181152,3
0,ring_01_l,0.2940840522448222,0.36116886138916016,0.38007168769836425,3
59,ring_01_l,0.29402223726113635,0.24917186796665192,0.38082893192768097,3
63,thumb_01_l,0.29395685096581775,0.3254850208759308,0.325552374124527,3
79,index_01_r,0.29389143983523053,0.29728400707244873,0.3225605249404907,3
72,ring_01_l,0.29384689033031464,0.3323121666908264,0.3641771197319031,3
37,RUpArmTwist_l_01,0.2938077549139659,0.2850351631641388,0.38177652955055236,3
35,LCalfTwist_03,0.2936158875624339,0.33630362153053284,0.34637828469276427,3
50,lowerarm_r,0.2935117209951083,0.38168632984161377,0.3836951732635498,3
55,spine_02,0.29349397619565326,0.26918652653694153,0.33862908482551574,3
85,clavicle_l,0.29348677893479663,0.24817025661468506,0.4096151113510132,3
51,hand_r,0.29345550139745075,0.29365870356559753,0.31850077509880065,3
24,pinky_01_l,0.2934373865524928,0.29226911067962646,0.3451682090759277,3
3,middle_01_r,0.29342610637346905,0.2866460084915161,0.41059465408325196,3
58,upperarm_r,0.2932966748873393,0.31675001978874207,0.3417144238948822,3
44,thigh_r,0.2932443122069041,0.33010151982307434,0.34963706135749817,3
59,neck_01,0.2928585211435954,0.2557820677757263,0.3933613657951355,3
79,ball_r,0.2927900354067485,0.26660454273223877,0.3391797780990601,3
78,index_01_r,0.2926933666070302,0.2806755602359772,0.31060801148414613,3
32,calf_r,0.2926763544480006,0.21643823385238647,0.4281908869743347,3
7,thumb_01_l,0.2926552991072337,0.2898573875427246,0.33355958461761476,3
22,thumb_01_l,0.29259230693181354,0.31995075941085815,0.3240167021751404,3
58,RUpArmTwist_l_02,0.2925545225540797,0.2995620369911194,0.39867969751358034,3
46,upperarm_r,0.2921016613642375,0.2596290111541748,0.37778003215789796,3
74,spine_01,0.2920670062303543,0.32910600304603577,0.37517195343971255,3
83,ring_01_l,0.2920420865217845,0.2575017511844635,0.3782100260257721,3
61,pinky_01_l,0.29203083117802936,0.2679523229598999,0.35148608684539795,3
4,RUpArmTwist_r_02,0.2920058916012446,0.24768395721912384,0.42820939123630525,3
24,ball_l,0.29186426599820453,0.3031350076198578,0.3225820243358612,3
28,foot_l,0.29174314936002094,0.268952876329422,0.3515935480594635,3
38,neck_01,0.29171177248160046,0.30365365743637085,0.32689815759658813,3
14,neck_01,0.2916346291700999,0.2835600972175598,0.3544010281562805,3
19,thumb_01_l,0.2916226883729299,0.28883206844329834,0.3099437475204468,3
71,index_01_r,0.291568527619044,0.30712389945983887,0.3834233283996582,3
15,neck_01,0.29150542120138806,0.24430562555789948,0.3605253010988235,3
21,thumb_01_r,0.2913399438063304,0.31513699889183044,0.3196528136730194,3
22,thigh_r,0.2912923942009608,0.27505362033843994,0.3572702169418335,3
35,thumb_01_l,0.29123424490292865,0.296610563993454,0.3244576871395111,3
79,ball_l,0.2912115852038066,0.2747170627117157,0.3213040053844452,3
76,spine_01,0.2911345462004344,0.3096887171268463,0.3713169634342194,3
50,thumb_01_r,0.2910064607858658,0.26714247465133667,0.3456608414649963,3
61,lowerarm_r,0.29088830451170605,0.32616645097732544,0.40932751893997193,3
9,clavicle_r,0.2907659163077672,0.27863016724586487,0.3920415699481964,3
48,upperarm_r,0.2906465133031209,0.26090168952941895,0.3555992364883423,3
72,lowerarm_l,0.2906080981095632,0.3112946152687073,0.3615019679069519,3
69,index_01_r,0.29060085117816925,0.33397141098976135,0.361166912317276,3
65,ball_r,0.29044054945309955,0.31686484813690186,0.321116304397583,3
77,index_01_r,0.29035917421181995,0.30586251616477966,0.32654215693473815,3
11,thigh_r,0.28995641072591144,0.33708876371383667,0.36779271364212035,3
19,pinky_01_l,0.28994672497113544,0.23604583740234375,0.39495315551757815,3
79,clavicle_r,0.2899348984162013,0.2815655469894409,0.3685204029083252,3
60,pinky_01_l,0.28983911375204724,0.2501356303691864,0.349113267660141,3
78,neck_01,0.2897675732771556,0.29748865962028503,0.3787808358669281,3
3,thumb_01_l,0.2896904597679774,0.24270856380462646,0.3659264087677002,3
70,hand_r,0.28964536885420483,0.2437034249305725,0.3943266272544861,3
29,pinky_01_l,0.28959086040655774,0.3147694766521454,0.32403802275657656,3
41,spine_01,0.28956026832262677,0.2802068591117859,0.3652602076530457,3
81,thumb_01_l,0.28948550422986347,0.26049456000328064,0.35781869292259216,3
17,hand_r,0.28947752714157104,0.2674993574619293,0.3479960262775421,3
48,hand_r,0.28927919268608093,0.2732931077480316,0.3268513858318329,3
37,pinky_01_l,0.2892731378475825,0.21614223718643188,0.3932996392250061,3
42,neck_01,0.2891719788312912,0.3040487468242645,0.3775191009044647,3
7,hand_r,0.28913577397664386,0.27397215366363525,0.37310640811920165,3
2,clavicle_r,0.28904282053311664,0.3226747214794159,0.33869900107383727,3
51,RUpArmTwist_r_01,0.28889623781045276,0.2843407392501831,0.4219873666763306,3
49,thigh_r,0.28888556361198425,0.2942163348197937,0.3636808514595032,3
51,thumb_01_l,0.2888262669245402,0.2743372619152069,0.33091978430747987,3
33,neck_01,0.2888055394093196,0.27565011382102966,0.401040118932724,3
31,middle_01_l,0.2887319475412369,0.3039676249027252,0.378073126077652,3
43,ball_r,0.2886762668689092,0.2669975757598877,0.34792840480804443,3
25,ball_l,0.2885429412126541,0.32460111379623413,0.3337755799293518,3
65,index_01_r,0.28843429684638977,0.3033730387687683,0.36804107427597044,3
52,neck_01,0.28840724130471546,0.2572461664676666,0.3716335117816925,3
61,thumb_01_l,0.28836990396181744,0.2914496660232544,0.3052545070648193,3
33,pinky_01_l,0.2883426547050476,0.22499187290668488,0.390133610367775,3
9,thumb_01_l,0.2883089929819107,0.31116366386413574,0.3282692193984985,3
80,pinky_01_l,0.28790945808092755,0.26537129282951355,0.3315708816051483,3
44,thumb_01_l,0.28787468870480853,0.2636745274066925,0.338363915681839,3
81,RUpArmTwist_l_01,0.28780652582645416,0.24172528088092804,0.37409516870975495,3
31,lowerarm_l,0.2876412471135457,0.2750474810600281,0.31489995718002317,3
83,index_01_r,0.28762324651082355,0.25430744886398315,0.4077492833137512,3
36,pinky_01_l,0.28759102523326874,0.22828787565231323,0.3825111508369446,3
76,ball_r,0.2875089943408966,0.27635887265205383,0.3115941107273102,3
6,thigh_r,0.287460262576739,0.19480757415294647,0.41973508298397066,3
32,hand_l,0.2874389986197154,0.2952820062637329,0.3103827953338623,3
49,clavicle_r,0.2874296655257543,0.23462791740894318,0.39195593893527986,3
19,thigh_r,0.2873261918624242,0.27341020107269287,0.3317265510559082,3
35,thumb_01_r,0.2872877170642217,0.3028867840766907,0.3271238923072815,3
47,spine_01,0.28728339076042175,0.27653297781944275,0.3199140250682831,3
2,thigh_r,0.28726676603158313,0.20615851879119873,0.43027825355529786,3
78,thumb_01_r,0.28711309532324475,0.3037717640399933,0.36528571248054503,3
35,RUpArmTwist_l_01,0.28698432445526123,0.266713410615921,0.3910535156726837,3
76,index_01_r,0.286978820959727,0.29577288031578064,0.346923965215683,3
0,thumb_01_l,0.28693822026252747,0.24190403521060944,0.3525959521532059,3
65,thumb_01_r,0.28680748244126636,0.30646029114723206,0.3441603481769562,3
72,thumb_01_l,0.2866857300202052,0.28076961636543274,0.3196225941181183,3
0,calf_l,0.28657419979572296,0.25276386737823486,0.3462771654129028,3
4,ball_r,0.2864903211593628,0.27540233731269836,0.3029262602329254,3
9,neck_01,0.28645700712998706,0.2511123716831207,0.4684149563312531,3
35,LCalfTwist_01,0.2864325021704038,0.27748772501945496,0.43266157507896424,3
49,lowerarm_r,0.28631079693635303,0.3107134997844696,0.33589085936546326,3
48,neck_01,0.286099374294281,0.27241015434265137,0.396094536781311,3
78,lowerarm_r,0.2857985943555832,0.31933972239494324,0.3207862079143524,3
58,clavicle_r,0.28557760020097095,0.30735328793525696,0.351778107881546,3
63,spine_01,0.2851775785287221,0.33547595143318176,0.34212773442268374,3
38,lowerarm_l,0.2850021521250407,0.25848087668418884,0.33647443652153014,3
57,thumb_01_l,0.2849862774213155,0.2977249324321747,0.32417344450950625,3
21,pinky_01_l,0.28496288259824115,0.27331382036209106,0.3555859923362732,3
1,middle_01_l,0.2848964184522629,0.25559812784194946,0.3993756175041199,3
51,ball_r,0.2844235102335612,0.2850417196750641,0.30137682557106016,3
69,RUpArmTwist_l_01,0.28442033131917316,0.2388533502817154,0.356026628613472,3
23,pinky_01_l,0.2843704620997111,0.27930569648742676,0.3517508268356323,3
80,neck_01,0.28427089750766754,0.25341689586639404,0.36163697242736814,3
76,thumb_01_r,0.28417060275872547,0.27976638078689575,0.3202263951301575,3
55,thumb_01_l,0.2841174950202306,0.2693270742893219,0.331661182641983,3
84,hand_l,0.28407739102840424,0.27368998527526855,0.32120547294616697,3
56,thumb_01_l,0.2840713560581207,0.27676770091056824,0.3176181972026825,3
21,foot_l,0.2839045276244481,0.23619598150253296,0.3554427266120911,3
32,lowerarm_r,0.2838983138402303,0.280746191740036,0.2933605134487152,3
73,hand_l,0.2837965190410614,0.2791411578655243,0.3316370666027069,3
85,LCalfTwist_01,0.28370360533396405,0.3744829297065735,0.4037937521934509,3
47,ball_r,0.2835954626401265,0.30098673701286316,0.3094733417034149,3
20,thumb_01_l,0.28354187806447345,0.2679188549518585,0.30917358994483946,3
72,thigh_r,0.28353222211201984,0.25045859813690186,0.3912531852722168,3
4,lowerarm_r,0.2834769586722056,0.3024325370788574,0.39670615196228026,3
18,thumb_01_l,0.283345361550649,0.2709559500217438,0.31418142914772035,3
18,middle_01_l,0.28285759687423706,0.34101054072380066,0.350479382276535,3
33,thumb_01_r,0.2827994128068288,0.27121299505233765,0.3556644082069397,3
80,clavicle_r,0.2827112525701523,0.34419021010398865,0.3542865216732025,3
59,hand_r,0.28268101314703625,0.28704890608787537,0.34107391238212587,3
33,ball_l,0.28265853226184845,0.2042568027973175,0.3958405077457428,3
31,spine_01,0.28258927663167316,0.2795848846435547,0.32853055000305176,3
75,calf_l,0.28215975562731427,0.2584061622619629,0.320447301864624,3
21,thigh_r,0.282013605038325,0.2672364115715027,0.3401563048362732,3
12,hand_r,0.2819969306389491,0.2605340778827667,0.4116957485675812,3
77,pinky_01_l,0.28187573949495953,0.25282734632492065,0.32736107110977175,3
32,pinky_01_l,0.2818639775117238,0.2283320277929306,0.37148377597332,3
73,thumb_01_l,0.28182581067085266,0.308252215385437,0.32108631134033205,3
4,RCalfTwist_03,0.2817937682072322,0.295124351978302,0.31988915205001833,3
61,ball_r,0.28174668550491333,0.2690517008304596,0.362798935174942,3
44,pinky_01_l,0.2817142804463704,0.25507161021232605,0.3692868411540985,3
29,RUpArmTwist_l_02,0.2816222235560417,0.25724661350250244,0.4275762319564819,3
1,clavicle_r,0.28156229853630066,0.21498745679855347,0.4097472310066223,3
38,ball_r,0.28149740397930145,0.33348941802978516,0.35832164287567136,3
22,lowerarm_l,0.2813694377740224,0.2515721321105957,0.35697169303894044,3
69,clavicle_r,0.28122010330359143,0.21536274254322052,0.3793991714715958,3
2,pinky_01_l,0.2811535944541295,0.27134615182876587,0.33780349493026735,3
1,neck_01,0.2811296532551448,0.3204945921897888,0.37876254320144653,3
56,ball_l,0.28100311756134033,0.2714298963546753,0.3062000036239624,3
49,neck_01,0.28099413712819415,0.2668900191783905,0.34899844527244567,3
10,RUpArmTwist_r_01,0.28097444772720337,0.30343955755233765,0.35091558694839475,3
64,calf_l,0.2807285189628601,0.23341532051563263,0.3684941202402115,3
68,RUpArmTwist_r_01,0.2806021173795064,0.22637662291526794,0.3932694375514984,3
49,thumb_01_r,0.2805906633536021,0.2657897174358368,0.34851149916648866,3
21,spine_01,0.2805209656556447,0.3031423091888428,0.3397684574127197,3
43,middle_01_l,0.28049345314502716,0.34132492542266846,0.34140064716339114,3
24,middle_01_l,0.28048571944236755,0.2880840599536896,0.37401607632637024,3
65,thumb_01_l,0.2804374694824219,0.2882690727710724,0.3120547831058502,3
74,foot_l,0.2804356515407562,0.2932596504688263,0.2953131258487701,3
27,clavicle_r,0.28040068844954175,0.28339046239852905,0.38102599382400515,3
10,lowerarm_r,0.28033298750718433,0.32053548097610474,0.3758716702461243,3
15,RUpArmTwist_l_02,0.2802966336409251,0.24415931105613708,0.34999963641166687,3
29,middle_01_l,0.28028276562690735,0.292519211769104,0.3623234033584595,3
40,RUpArmTwist_l_01,0.2799540360768636,0.2848815321922302,0.36493352651596067,3
42,ring_01_l,0.27995078762372333,0.2715621888637543,0.31701099276542666,3
23,RUpArmTwist_r_01,0.2799501344561577,0.32972657680511475,0.38623206615447997,3
71,hand_l,0.27991268535455066,0.2273114174604416,0.36987281739711764,3
8,clavicle_r,0.27975045144557953,0.24934881925582886,0.42234631776809695,3
28,middle_01_l,0.27961810926596325,0.3051331341266632,0.3566963493824005,3
78,spine_01,0.27945927282174426,0.2750031352043152,0.3161349415779114,3
73,lowerarm_l,0.2793985108534495,0.298089861869812,0.37166781425476075,3
24,spine_02,0.2793745497862498,0.31628331542015076,0.33418824076652526,3
30,spine_01,0.2790714850028356,0.27621275186538696,0.31239608526229856,3
64,spine_01,0.279016708334287,0.30093005299568176,0.33002660870552064,3
24,calf_r,0.2787610540787379,0.3020099699497223,0.36492934823036194,3
78,pinky_01_l,0.27873265246550244,0.2524808943271637,0.3218576967716217,3
76,lowerarm_r,0.27868859469890594,0.32405269145965576,0.3260060787200928,3
54,thumb_01_l,0.27866927285989124,0.25701701641082764,0.3287647008895874,3
42,LCalfTwist_03,0.2785550008217494,0.2804158329963684,0.32231916189193727,3
70,thumb_01_l,0.27855031192302704,0.2413053810596466,0.33322680592536924,3
0,RUpArmTwist_r_02,0.2783399646480878,0.3468460142612457,0.39357998967170715,3
58,RCalfTwist_03,0.27825766801834106,0.2636697590351105,0.3051391661167145,3
63,hand_r,0.2782493233680725,0.26401257514953613,0.33848669528961184,3
84,R_ForeTwist_01,0.2780843625466029,0.2997990846633911,0.3028328657150269,3
27,middle_01_l,0.27799469729264575,0.33261632919311523,0.38261845111846926,3
10,middle_01_l,0.27796552578608197,0.2990489602088928,0.36998351812362673,3
45,middle_01_l,0.27789482722679776,0.34992533922195435,0.3687450051307678,3
17,pinky_01_l,0.27788332601388294,0.24160268902778625,0.35141029953956604,3
77,clavicle_r,0.2777773588895798,0.2947080731391907,0.3019504427909851,3
3,ring_01_l,0.2777218669652939,0.3145069181919098,0.34095993638038635,3
8,middle_01_l,0.27762409547964734,0.2562882900238037,0.39846832752227784,3
16,middle_01_l,0.2775800625483195,0.3159456253051758,0.3408702850341797,3
77,hand_l,0.27746962507565814,0.29315614700317383,0.3017953634262085,3
43,thumb_01_r,0.2773844699064891,0.2816561758518219,0.3364598095417023,3
18,pinky_01_l,0.27737608551979065,0.22894127666950226,0.35294343531131744,3
52,upperarm_r,0.27732136348883313,0.26486936211586,0.31582737565040586,3
75,thumb_01_l,0.2773120601971944,0.26318424940109253,0.3271573901176453,3
75,thumb_01_r,0.27718255917231244,0.27749842405319214,0.32792683839797976,3
71,RUpArmTwist_l_01,0.2771541128555934,0.2652716338634491,0.3386852443218231,3
32,ball_r,0.27704399327437085,0.3130638003349304,0.3220117688179016,3
36,LCalfTwist_01,0.27697157859802246,0.27267399430274963,0.38339162468910215,3
16,lowerarm_r,0.2768636991580327,0.30034950375556946,0.31321778893470764,3
77,lowerarm_r,0.2768617967764537,0.31138601899147034,0.3203064024448395,3
38,thumb_01_l,0.27676603694756824,0.2741464674472809,0.30461769700050356,3
22,pinky_01_l,0.2766449848810832,0.2486577332019806,0.3691096603870392,3
16,RUpArmTwist_l_02,0.2766379415988922,0.2344485968351364,0.3818661063909531,3
19,ball_r,0.27663084864616394,0.29766684770584106,0.31002713441848756,3
8,spine_02,0.27658941348393756,0.24783208966255188,0.3296701729297638,3
79,hand_r,0.27653936048348743,0.28412628173828125,0.3383063077926636,3
17,LCalfTwist_03,0.27641480167706806,0.3060356080532074,0.360696405172348,3
84,thumb_01_l,0.2764144043127696,0.2717300057411194,0.3479313015937805,3
59,thumb_01_l,0.2763616492350896,0.27515456080436707,0.30953401923179624,3
29,thumb_01_l,0.2761795222759247,0.28800278902053833,0.2977269053459167,3
50,ball_l,0.27607029179732007,0.2305881530046463,0.3602975755929947,3
17,LCalfTwist_01,0.27596283455689746,0.31372737884521484,0.388876748085022,3
80,index_01_r,0.2759304990371068,0.2789660394191742,0.297345370054245,3
80,spine_01,0.2758217553297679,0.21731208264827728,0.36941568553447723,3
41,lowerarm_l,0.27579399446646374,0.3254934251308441,0.3449286162853241,3
67,calf_r,0.2757422874371211,0.21979740262031555,0.3878950417041779,3
27,spine_01,0.27571136752764386,0.23230202496051788,0.33893467485904694,3
45,hand_r,0.27569738030433655,0.2615891098976135,0.3646066069602966,3
46,neck_01,0.2755480607350667,0.26826348900794983,0.32375038266181944,3
8,hand_l,0.2753762553135554,0.24558895826339722,0.33054739236831665,3
30,thumb_01_l,0.2753027379512787,0.3216245472431183,0.3437542259693146,3
33,middle_01_l,0.2751970092455546,0.31545379757881165,0.34601805806159974,3
60,clavicle_r,0.27505185703436535,0.26621386408805847,0.33050588965415956,3
37,spine_01,0.274975727001826,0.2776757478713989,0.32621939182281495,3
2,clavicle_l,0.27491437395413715,0.23885297775268555,0.36974387168884276,3
3,lowerarm_l,0.27488161623477936,0.2072048932313919,0.3934840589761734,3
69,upperarm_r,0.27476363877455395,0.2852028012275696,0.3258808970451355,3
59,lowerarm_r,0.2747525672117869,0.2871748208999634,0.382149863243103,3
10,calf_r,0.27465595304965973,0.288688987493515,0.35240737795829774,3
20,lowerarm_r,0.2744379887978236,0.24943213164806366,0.31392463147640226,3
5,spine_01,0.27435389161109924,0.2630220651626587,0.30820956230163576,3
36,hand_l,0.2742217481136322,0.2641117572784424,0.31546061038970946,3
40,LCalfTwist_02,0.2742153952519099,0.29003405570983887,0.29773755073547364,3
82,LCalfTwist_02,0.27421170473098755,0.2958735227584839,0.3111084222793579,3
62,thumb_01_r,0.2740572343269984,0.29082781076431274,0.32987648248672485,3
28,pinky_01_l,0.2740439722935359,0.2889132499694824,0.30174129009246825,3
28,neck_01,0.27403776347637177,0.30223017930984497,0.343469512462616,3
53,upperarm_r,0.27400945623715717,0.28391438722610474,0.2955572485923767,3
80,ball_r,0.27352799971898395,0.2660205662250519,0.342494136095047,3
38,pinky_01_l,0.27335381011168164,0.25250884890556335,0.3371004283428192,3
26,clavicle_l,0.27333137889703113,0.2810015380382538,0.3623203933238983,3
17,neck_01,0.2732750078042348,0.272500216960907,0.37045468091964723,3
21,thumb_01_l,0.2731951375802358,0.2694500982761383,0.2902510702610016,3
0,ball_l,0.2729464073975881,0.2587960660457611,0.3092970311641693,3
59,index_01_r,0.2728869666655858,0.3225431442260742,0.334421443939209,3
62,lowerarm_l,0.2728700339794159,0.28999143838882446,0.3106082797050476,3
30,lowerarm_l,0.27251189947128296,0.250443696975708,0.39793949127197265,3
70,pinky_01_l,0.2724447250366211,0.28651294112205505,0.304851096868515,3
45,lowerarm_r,0.2723931074142456,0.27356863021850586,0.28682737350463866,3
65,clavicle_r,0.2723333736260732,0.27676111459732056,0.3385703206062317,3
32,thumb_01_l,0.2723139375448227,0.27485644817352295,0.33168931007385255,3
44,lowerarm_r,0.27224937081336975,0.27937591075897217,0.28345403671264646,3
69,pinky_01_l,0.27223140001296997,0.28261175751686096,0.2963273823261261,3
59,upperarm_r,0.27212174733479816,0.27724334597587585,0.3416028439998627,3
73,ring_01_l,0.27207842965920764,0.2785600423812866,0.35246930122375486,3
75,pinky_01_l,0.2719089637200038,0.2579796016216278,0.33364195227622984,3
77,thumb_01_r,0.27189648151397705,0.28697091341018677,0.3112266182899475,3
79,pinky_01_l,0.27188780903816223,0.25707876682281494,0.30070269107818604,3
43,pinky_01_l,0.2717364778121312,0.2344392091035843,0.34294227659702303,3
65,pinky_01_l,0.27172815799713135,0.2621487081050873,0.3066690146923065,3
61,ring_01_l,0.27158227066198987,0.2377915382385254,0.35318827629089355,3
33,upperarm_r,0.2715093344449997,0.2616993188858032,0.31396031379699707,3
48,hand_l,0.27111614247163135,0.2852812111377716,0.29545922875404357,3
58,RCalfTwist_02,0.27092721064885456,0.28378719091415405,0.3353878855705261,3
45,thigh_r,0.27091218034426373,0.24051132798194885,0.3524569571018219,3
57,RUpArmTwist_l_02,0.27090636144081753,0.31528377532958984,0.39191737174987795,3
39,pinky_01_l,0.2708827207485835,0.27568942308425903,0.3083685040473938,3
56,RUpArmTwist_r_01,0.2708788464466731,0.22611789405345917,0.3612346023321152,3
50,clavicle_r,0.27081945538520813,0.22883746027946472,0.38480848670005796,3
41,pinky_01_l,0.2708144386609395,0.24174758791923523,0.3251600205898285,3
2,upperarm_r,0.2708078622817993,0.31352779269218445,0.3192427337169647,3
9,head,0.2706449280182521,0.25674617290496826,0.32243549823760986,3
17,clavicle_l,0.27060113847255707,0.25115156173706055,0.3131341695785522,3
2,RUpArmTwist_l_02,0.27056493361790973,0.2565944194793701,0.3513842344284058,3
47,RUpArmTwist_l_01,0.2705627779165904,0.27836403250694275,0.3455680787563324,3
69,thumb_01_l,0.27052251001199085,0.23049989342689514,0.33345213532447815,3
83,lowerarm_r,0.27032870054244995,0.2906467318534851,0.3806564211845398,3
41,RUpArmTwist_r_01,0.2702461505929629,0.23996205627918243,0.4169365555047989,3
29,RUpArmTwist_r_01,0.2701424186428388,0.251062273979187,0.4361135482788086,3
75,thigh_r,0.27011336882909137,0.3263886868953705,0.3472038686275482,3
31,LCalfTwist_02,0.2700790613889694,0.2701708674430847,0.31753653287887573,3
31,pinky_01_l,0.2699497689803441,0.25936198234558105,0.35296082496643066,3
43,neck_01,0.26978867252667743,0.2720475196838379,0.3024035930633545,3
3,middle_01_l,0.2697717758516471,0.37293940782546997,0.3758175492286682,3
25,middle_01_l,0.26971786717573804,0.30056232213974,0.33674887418746946,3
1,index_01_r,0.26954371730486554,0.2621753513813019,0.3158671915531158,3
2,middle_01_l,0.26942672828833264,0.24136927723884583,0.38910494446754457,3
39,RUpArmTwist_r_02,0.2693852012356122,0.35013872385025024,0.38187772035598755,3
57,RUpArmTwist_r_01,0.26923668384552,0.2648077607154846,0.37633477449417113,3
28,RUpArmTwist_r_01,0.2692296927173932,0.27115944027900696,0.42233639359474184,3
45,neck_01,0.26896757384141284,0.1978125423192978,0.3730556458234787,3
52,RCalfTwist_03,0.2687089890241623,0.28567537665367126,0.3014560878276825,3
20,lowerarm_l,0.26865336298942566,0.3055572807788849,0.34074578881263734,3
15,middle_01_l,0.2686363756656647,0.2481934130191803,0.34401012063026426,3
82,spine_01,0.26862528920173645,0.2805083394050598,0.3388576149940491,3
63,middle_01_l,0.2686169097820918,0.33662304282188416,0.3655278146266937,3
40,middle_01_l,0.26859208444754284,0.24832257628440857,0.37998871207237245,3
40,thumb_01_r,0.2685446043809255,0.26097339391708374,0.3109001278877258,3
80,hand_r,0.2685156911611557,0.25635793805122375,0.33001790642738343,3
15,ball_l,0.2684994687636693,0.2822217047214508,0.3249697983264923,3
42,lowerarm_l,0.2684481342633565,0.2910187244415283,0.3082742691040039,3
11,lowerarm_r,0.26833287874857586,0.2616121172904968,0.3526891827583313,3
64,middle_01_l,0.26830119142929715,0.34159237146377563,0.34720319509506226,3
71,LCalfTwist_03,0.2682884633541107,0.2922119200229645,0.3406720221042633,3
51,neck_01,0.26812294125556946,0.22126509249210358,0.36312520802021026,3
83,clavicle_r,0.26808351278305054,0.25694409012794495,0.2863424837589264,3
77,neck_01,0.2679030845562617,0.28284287452697754,0.3503835201263428,3
61,head,0.2678348223368327,0.22539260983467102,0.40441887974739077,3
27,RUpArmTwist_r_01,0.2678252657254537,0.2554376721382141,0.3605255722999573,3
55,ball_l,0.26771247386932373,0.27224916219711304,0.27928251028060913,3
31,index_01_r,0.26764630277951557,0.2549445331096649,0.3122863233089447,3
53,RCalfTwist_03,0.26746628681818646,0.2530485987663269,0.3014634490013123,3
15,clavicle_r,0.2674121956030528,0.2828056812286377,0.31386466026306153,3
13,pinky_01_l,0.2673370689153671,0.2720566689968109,0.3156280696392059,3
31,thumb_01_r,0.2672906269629796,0.2932690680027008,0.3011882364749908,3
40,clavicle_r,0.2672591805458069,0.2531367242336273,0.3187367141246796,3
69,calf_r,0.2671860655148824,0.2162284106016159,0.3744608014822006,3
3,ball_r,0.26714570820331573,0.26237252354621887,0.32015114426612856,3
53,hand_r,0.26703354716300964,0.3192993104457855,0.3234775006771088,3
4,spine_01,0.2669228861729304,0.2755300998687744,0.3036401033401489,3
81,lowerarm_r,0.2669185698032379,0.2794952392578125,0.3219263792037964,3
17,spine_01,0.26680853962898254,0.24603846669197083,0.29988091588020327,3
39,ball_r,0.2667627235253652,0.27666959166526794,0.3041808307170868,3
83,pinky_01_l,0.26675627132256824,0.28595373034477234,0.31932579874992373,3
82,pinky_01_l,0.26673992971579236,0.27745527029037476,0.29960266351699827,3
30,pinky_01_l,0.26655719180901843,0.2683796286582947,0.3494753479957581,3
73,pinky_01_l,0.2664542297522227,0.25044918060302734,0.3491018295288086,3
27,pinky_01_l,0.2664059599240621,0.26876673102378845,0.283522766828537,3
26,middle_01_l,0.26633647580941516,0.28609469532966614,0.3486894428730011,3
7,lowerarm_r,0.26624895135561627,0.25959649682044983,0.31864359974861145,3
38,middle_01_l,0.2661622067292531,0.2864086627960205,0.3047581434249878,3
37,LCalfTwist_01,0.2661210000514984,0.24176935851573944,0.3643557637929916,3
6,RCalfTwist_03,0.26603078345457715,0.28047114610671997,0.2809030175209045,3
18,LCalfTwist_03,0.2660156587759654,0.3103775084018707,0.33538835644721987,3
4,pinky_01_l,0.2659162183602651,0.2767590284347534,0.2825013637542725,3
9,foot_l,0.2658282419045766,0.20184235274791718,0.38458286225795746,3
68,clavicle_r,0.2657773147026698,0.218181312084198,0.37978602647781373,3
57,clavicle_r,0.2657410502433777,0.2297528088092804,0.327572637796402,3
52,thumb_01_l,0.26560328404108685,0.2630278170108795,0.28627694249153135,3
4,ring_01_l,0.2655777285496394,0.30635955929756165,0.3095955908298492,3
11,RUpArmTwist_l_01,0.26544096569220227,0.23005032539367676,0.37097816467285155,3
26,clavicle_r,0.26522056261698407,0.24676433205604553,0.35180874466896056,3
21,clavicle_r,0.2650412271420161,0.2767884135246277,0.3605296492576599,3
64,thumb_01_l,0.26499587794144946,0.29967817664146423,0.3235978543758392,3
0,middle_01_l,0.26497920602560043,0.278728187084198,0.37708505392074587,3
18,ball_l,0.2649610638618469,0.2593049108982086,0.32906962037086485,3
85,clavicle_r,0.2649551182985306,0.23037390410900116,0.33824537694454193,3
21,index_01_l,0.26479719082514447,0.2460903823375702,0.35528547167778013,3
65,RUpArmTwist_l_01,0.2647189299265544,0.23473906517028809,0.34470202922821047,3
74,ring_01_l,0.2646969606479009,0.2717849612236023,0.3187956690788269,3
49,calf_l,0.2644514838854472,0.32229217886924744,0.33838483691215515,3
66,lowerarm_r,0.2643515070279439,0.3061758279800415,0.3155115842819214,3
26,lowerarm_r,0.2642301221688588,0.22872966527938843,0.31769498586654665,3
27,clavicle_l,0.2641082654396693,0.2735739052295685,0.33443563580513,3
41,middle_01_l,0.26381925245126087,0.2767110764980316,0.34559540152549745,3
5,middle_01_l,0.2636396810412407,0.332474946975708,0.3499861478805542,3
16,RUpArmTwist_l_01,0.2635771135489146,0.2177458554506302,0.3530794531106949,3
30,thigh_r,0.2635082850853602,0.27169308066368103,0.35877341628074644,3
40,RUpArmTwist_l_02,0.26346691449483234,0.2907729148864746,0.3878538370132446,3
67,RUpArmTwist_r_01,0.263386532664299,0.22123833000659943,0.3869384199380875,3
39,lowerarm_l,0.26333563526471454,0.2744816243648529,0.2953193366527557,3
48,spine_01,0.2633323272069295,0.28565964102745056,0.2961533010005951,3
17,hand_l,0.2632482598225276,0.2716980278491974,0.29557231068611145,3
52,ball_l,0.2632084786891937,0.24510790407657623,0.3439558297395706,3
48,RUpArmTwist_l_02,0.2631795058647792,0.2790619730949402,0.32394458055496217,3
33,thumb_01_l,0.26302362978458405,0.2889820635318756,0.2953114092350006,3
71,thigh_r,0.26268432041009265,0.22084906697273254,0.35892451405525205,3
52,calf_l,0.2624957362810771,0.2563815712928772,0.27316986322402953,3
17,RUpArmTwist_l_02,0.2624276081720988,0.20915500819683075,0.33865276277065276,3
64,pinky_01_l,0.26242586970329285,0.26570314168930054,0.2833624482154846,3
8,RUpArmTwist_l_02,0.2623995492855708,0.2034739851951599,0.3530445694923401,3
85,R_ForeTwist_01,0.2621255914370219,0.2638275623321533,0.26763436794281004,3
76,clavicle_r,0.26211417218049365,0.2934894561767578,0.2959610462188721,3
56,clavicle_r,0.26208624243736267,0.22764423489570618,0.34676612019538877,3
10,upperarm_r,0.2616717095176379,0.26824864745140076,0.38244723677635195,3
56,RUpArmTwist_r_02,0.2616601064801216,0.3260858356952667,0.36700270771980287,3
50,upperarm_r,0.26151887079079944,0.300337016582489,0.33378061056137087,3
69,foot_l,0.26143509646256763,0.24526575207710266,0.3155513346195221,3
50,RUpArmTwist_l_02,0.26138821244239807,0.22609646618366241,0.3714101701974869,3
46,ball_l,0.2611490339040756,0.24187739193439484,0.2929909139871597,3
53,thumb_01_l,0.2611440569162369,0.26222530007362366,0.2793132603168488,3
65,RCalfTwist_03,0.2611414094765981,0.30829665064811707,0.30942379832267763,3
27,ball_r,0.2609718094269435,0.27171820402145386,0.28662043809890747,3
42,clavicle_r,0.2609056929747264,0.20025813579559326,0.3505114555358887,3
36,middle_01_l,0.26050007343292236,0.278363972902298,0.30790882706642153,3
40,calf_l,0.26027079423268634,0.2800990641117096,0.32127185463905333,3
49,RUpArmTwist_l_02,0.2600453446308772,0.271176278591156,0.2918708920478821,3
25,pinky_01_l,0.2599027355511983,0.2545469403266907,0.31638609170913695,3
66,RUpArmTwist_r_01,0.2598685026168823,0.20826905965805054,0.3934960007667542,3
54,lowerarm_r,0.25982867181301117,0.23379486799240112,0.31664239168167113,3
31,RUpArmTwist_l_02,0.2597614626089732,0.2691876292228699,0.30748757123947146,3
77,ring_01_l,0.2597249299287796,0.2620026469230652,0.3574061989784241,3
75,RUpArmTwist_r_01,0.25964340567588806,0.24904979765415192,0.36538412868976594,3
29,clavicle_r,0.2595598151286443,0.21794705092906952,0.3368753999471664,3
48,RUpArmTwist_l_01,0.259503905971845,0.2696274518966675,0.3230201244354248,3
13,RUpArmTwist_l_01,0.25948870678742725,0.14746856689453125,0.42287778854370117,3
22,ball_r,0.25947829087575275,0.20996609330177307,0.3295106470584869,3
54,middle_01_l,0.2594502915938695,0.29778578877449036,0.35412936806678774,3
3,clavicle_r,0.2592426637808482,0.2526922821998596,0.31397634744644165,3
15,lowerarm_r,0.2592031806707382,0.2681587338447571,0.31830960512161255,3
3,pinky_01_l,0.2592025697231293,0.274155855178833,0.2803258657455444,3
68,thumb_01_l,0.2591164708137512,0.23193183541297913,0.32918100953102114,3
55,middle_01_l,0.25903662542502087,0.30200400948524475,0.3290641844272614,3
66,thumb_01_l,0.25892258683840436,0.24560298025608063,0.30380199253559115,3
66,pinky_01_l,0.25878913203875226,0.2452479749917984,0.2856021910905838,3
71,lowerarm_r,0.2587289015452067,0.24751237034797668,0.2850551426410675,3
50,thigh_r,0.25869642694791156,0.31389445066452026,0.3201728701591492,3
8,spine_01,0.2586903025706609,0.25733619928359985,0.2876696944236755,3
14,middle_01_l,0.2585321143269539,0.2552550137042999,0.37363775372505187,3
76,neck_01,0.25846556822458905,0.22444191575050354,0.3794602692127228,3
44,neck_01,0.2583986421426137,0.2052505612373352,0.34355000257492063,3
33,spine_01,0.25839580595493317,0.2693716883659363,0.27714253664016725,3
40,pinky_01_l,0.25828129549821216,0.2998828887939453,0.3159917116165161,3
5,RCalfTwist_03,0.2581544518470764,0.2488378882408142,0.33500229120254515,3
48,lowerarm_r,0.2581164091825485,0.25633955001831055,0.2981586933135986,3
1,thumb_01_l,0.2579904596010844,0.25621283054351807,0.29765887260437013,3
58,calf_r,0.25797508656978607,0.300716757774353,0.3121655941009521,3
18,index_01_l,0.25767597059408825,0.20516140758991241,0.3408428102731705,3
3,neck_01,0.25757749875386554,0.2736794352531433,0.3013036370277405,3
16,index_01_l,0.2575608243544896,0.18324057757854462,0.36910084187984465,3
46,lowerarm_r,0.2575327505668004,0.2451724410057068,0.2812982678413391,3
34,lowerarm_r,0.2575279424587886,0.2870679795742035,0.2892678201198578,3
38,thigh_r,0.25749102234840393,0.16571316123008728,0.40378610491752626,3
18,lowerarm_l,0.25744806230068207,0.24617066979408264,0.3256526291370392,3
26,pinky_01_l,0.25720572968324024,0.23246754705905914,0.3031012564897537,3
40,calf_r,0.2572021732727687,0.1631869375705719,0.40695667862892154,3
60,lowerarm_r,0.2571738163630168,0.24649499356746674,0.2938197821378708,3
10,head,0.2570360725124677,0.24628832936286926,0.3742522060871124,3
12,neck_01,0.2563941727081935,0.27489370107650757,0.32293521165847777,3
12,spine_01,0.25638403991858166,0.2493354231119156,0.2673031836748123,3
41,clavicle_r,0.2563779403765996,0.21527162194252014,0.3355110228061676,3
67,hand_l,0.2563447604576747,0.23264889419078827,0.30187664926052094,3
46,lowerarm_l,0.25633502503236133,0.24432162940502167,0.30623269975185397,3
42,pinky_01_l,0.2563273111979167,0.22632867097854614,0.3338600993156433,3
36,spine_01,0.2562621633211772,0.23795002698898315,0.31474498510360716,3
16,neck_01,0.2560509219765663,0.2780933678150177,0.3490892708301544,3
13,head,0.2560450981060664,0.2118474245071411,0.3693125009536743,3
53,middle_01_l,0.2560111979643504,0.2640428841114044,0.36599181294441224,3
64,RUpArmTwist_l_02,0.25588802496592206,0.1952553242444992,0.3814036935567856,3
39,spine_01,0.25582288702329,0.24672412872314453,0.3035762310028076,3
18,thigh_r,0.25580017268657684,0.23327752947807312,0.31262924075126647,3
42,LCalfTwist_01,0.2557430664698283,0.2704507112503052,0.2943608283996582,3
60,RCalfTwist_01,0.2557351340850194,0.23288904130458832,0.296350309252739,3
66,hand_r,0.25569450358549756,0.2705836296081543,0.2986754417419434,3
67,hand_r,0.25566474596659344,0.2312907576560974,0.3046119809150696,3
73,upperarm_r,0.25562649841109913,0.2986874580383301,0.3865129709243774,3
41,ring_01_l,0.2555989474058151,0.2167588472366333,0.3121374845504761,3
7,clavicle_r,0.2555052687724431,0.2910986840724945,0.3096106708049774,3
1,hand_l,0.2553863475720088,0.3136696219444275,0.3437439322471619,3
50,hand_r,0.2553175315260887,0.2864418029785156,0.34336118698120116,3
52,pinky_01_l,0.2552533894777298,0.2602573037147522,0.2737885117530823,3
80,RUpArmTwist_r_02,0.255229984720548,0.18305647373199463,0.39949281215667726,3
19,clavicle_r,0.2552122324705124,0.2431551069021225,0.30493142306804655,3
1,RUpArmTwist_r_01,0.25517285118500393,0.20720182359218597,0.3917014092206955,3
47,middle_01_l,0.25510096549987793,0.2293059378862381,0.31831659376621246,3
10,R_ForeTwist_01,0.25504347681999207,0.26462969183921814,0.2974844634532928,3
42,RUpArmTwist_l_02,0.2549229562282562,0.2832295000553131,0.3261378586292267,3
16,pinky_01_l,0.25484269360701245,0.2631872296333313,0.323215639591217,3
62,neck_01,0.25478969514369965,0.28651487827301025,0.2871332883834839,3
34,RUpArmTwist_r_01,0.2547638813654582,0.2613113820552826,0.3372875154018402,3
43,clavicle_r,0.25470513105392456,0.20418570935726166,0.32733058631420137,3
64,hand_r,0.2546502898136775,0.24223779141902924,0.2903330534696579,3
43,ball_l,0.25452062984307605,0.21442683041095734,0.3367566496133804,3
70,clavicle_r,0.2544767806927363,0.24431295692920685,0.32697674334049226,3
34,clavicle_r,0.25441214442253113,0.2936560809612274,0.3829947173595428,3
70,thigh_r,0.25414980947971344,0.2893356382846832,0.29889217019081116,3
20,ball_r,0.2541340192159017,0.24526219069957733,0.3169338792562485,3
70,spine_02,0.2540174027283986,0.2749409079551697,0.3103565812110901,3
8,index_01_l,0.25392888486385345,0.24532867968082428,0.3353108912706375,3
76,ring_01_l,0.25391537447770435,0.24923114478588104,0.31811161935329435,3
33,lowerarm_r,0.25383836030960083,0.2655216455459595,0.2824537754058838,3
67,thumb_01_l,0.25381668905417126,0.22057704627513885,0.3076318591833115,3
66,calf_r,0.25361141314109165,0.28810644149780273,0.34709484577178956,3
37,middle_01_l,0.2534484664599101,0.26658058166503906,0.31262574195861814,3
26,RUpArmTwist_l_02,0.2533486286799113,0.2572863698005676,0.35702677965164187,3
5,RCalfTwist_02,0.25314151247342426,0.2629997730255127,0.2978125333786011,3
18,clavicle_l,0.25313899914423627,0.2540898323059082,0.3011840581893921,3
42,middle_01_l,0.2531272967656453,0.30968499183654785,0.31191234588623046,3
33,ball_r,0.25308491786321,0.2497079074382782,0.2703162133693695,3
75,ring_01_l,0.2528468618790309,0.25175169110298157,0.34637117981910703,3
11,middle_01_l,0.2526671017209689,0.2872277498245239,0.34422361850738525,3
26,RUpArmTwist_r_01,0.2525693376859029,0.15177947282791138,0.4172026515007019,3
1,calf_l,0.25247472027937573,0.21561874449253082,0.32770624458789827,3
20,thigh_r,0.25223785638809204,0.2481161206960678,0.28405987918376924,3
59,ball_r,0.2522137612104416,0.2595992088317871,0.28081388473510743,3
71,clavicle_r,0.2518779585758845,0.2313770353794098,0.30319815278053286,3
71,ball_r,0.25187554955482483,0.2739925980567932,0.2981548190116882,3
66,RCalfTwist_03,0.25187042852242786,0.2802726924419403,0.3008875072002411,3
30,calf_r,0.25176531573136646,0.17665444314479828,0.4223104923963547,3
67,foot_l,0.251578430334727,0.27832886576652527,0.27945443987846375,3
44,RUpArmTwist_l_01,0.2513558665911357,0.20867381989955902,0.35598053634166715,3
84,RCalfTwist_03,0.2512597193320592,0.22312921285629272,0.3067274928092957,3
14,spine_02,0.2512526909510295,0.2609577178955078,0.2694528102874756,3
55,RUpArmTwist_l_02,0.25124870737393695,0.2711498439311981,0.31039418578147887,3
30,index_01_l,0.25095759828885394,0.22374004125595093,0.2916239857673645,3
84,lowerarm_r,0.25089464088280994,0.22751308977603912,0.28495834171772005,3
28,ball_r,0.2508779565493266,0.24178235232830048,0.30340095460414884,3
42,RUpArmTwist_r_01,0.25076401233673096,0.2933768928050995,0.3680490911006927,3
75,clavicle_r,0.2507012262940407,0.3142801821231842,0.3164840042591095,3
75,upperarm_r,0.2503896951675415,0.22365745902061462,0.30566067099571226,3
69,RUpArmTwist_l_02,0.2502007633447647,0.2376405894756317,0.3713413655757904,3
15,LCalfTwist_02,0.2501974205176036,0.2575976550579071,0.2985077083110809,3
4,clavicle_l,0.25015481809775036,0.21520547568798065,0.2994037002325058,3
53,spine_01,0.25009194513161975,0.2540963590145111,0.25793456435203554,3
59,spine_01,0.2498903969923655,0.2593594491481781,0.28496329188346864,3
40,spine_01,0.24969759583473206,0.24738790094852448,0.27879498302936556,3
30,LCalfTwist_02,0.24954552948474884,0.1893499493598938,0.34778364896774294,3
81,RUpArmTwist_r_01,0.24954121311505637,0.24787093698978424,0.3403258353471756,3
48,calf_r,0.24940834442774454,0.2568108141422272,0.3372978508472443,3
26,spine_01,0.24920054773489633,0.24066585302352905,0.28572491407394407,3
67,clavicle_r,0.24908332526683807,0.22016869485378265,0.35172965228557584,3
68,pinky_01_l,0.24893820782502493,0.25127363204956055,0.26201186180114744,3
67,ball_l,0.2489056537548701,0.24734103679656982,0.25357258319854736,3
28,lowerarm_l,0.24881198008855185,0.22307409346103668,0.30891704857349395,3
19,RUpArmTwist_r_02,0.24868148565292358,0.31863370537757874,0.33257644772529604,3
54,RUpArmTwist_l_02,0.24840814371903738,0.24746933579444885,0.28884547352790835,3
34,LCalfTwist_03,0.2482657531897227,0.27137601375579834,0.30148336887359617,3
44,middle_01_l,0.24822497243682543,0.32110005617141724,0.3667928338050842,3
32,thigh_r,0.24801895519097647,0.26846417784690857,0.28393091559410094,3
78,foot_l,0.24782384932041168,0.3068580627441406,0.3172311305999756,3
16,lowerarm_l,0.24775187174479166,0.20525437593460083,0.3256494879722595,3
31,neck_01,0.247627355158329,0.16529735922813416,0.4037132203578949,3
18,RUpArmTwist_l_02,0.24762658774852753,0.18593718111515045,0.33763408958911895,3
12,index_01_l,0.24755475421746573,0.21557088196277618,0.3532997280359268,3
23,ball_r,0.2475487987200419,0.23890729248523712,0.2674063593149185,3
49,pinky_01_l,0.24746960401535034,0.2267446219921112,0.2808282315731049,3
67,pinky_01_l,0.24741103251775107,0.24600914120674133,0.26546438336372374,3
82,clavicle_r,0.24736595650513968,0.22969798743724823,0.3350397199392319,3
60,R_ForeTwist_01,0.24736320972442627,0.255786657333374,0.28190371990203855,3
6,clavicle_r,0.2472862402598063,0.2498556524515152,0.2985363036394119,3
5,clavicle_r,0.24720134834448496,0.2435426414012909,0.326272577047348,3
52,RUpArmTwist_l_02,0.2471299022436142,0.25281038880348206,0.27915580868721007,3
51,clavicle_r,0.24711195131142935,0.23277053236961365,0.2929289281368256,3
5,pinky_01_l,0.2470711867014567,0.23587490618228912,0.2775381118059158,3
34,R_ForeTwist_01,0.2469347914059957,0.22879551351070404,0.3507987231016159,3
8,lowerarm_r,0.24692469338575998,0.21796688437461853,0.2995492875576019,3
34,middle_01_l,0.24691993494828543,0.25781500339508057,0.32933883666992186,3
67,RUpArmTwist_l_02,0.24691832065582275,0.20953767001628876,0.3458883613348007,3
63,RUpArmTwist_l_02,0.2468507339557012,0.24109776318073273,0.3180798918008804,3
23,spine_02,0.24675479531288147,0.29753902554512024,0.3006014168262482,3
34,ball_l,0.24674804508686066,0.2085096538066864,0.31806089282035827,3
45,clavicle_r,0.24655559162298837,0.23450398445129395,0.3093635320663452,3
32,neck_01,0.24640252689520517,0.2016010582447052,0.3469065487384796,3
79,RUpArmTwist_l_01,0.24639063576857248,0.19653207063674927,0.35555716753005984,3
43,LCalfTwist_03,0.24631557365258536,0.23141436278820038,0.30775769650936124,3
20,ball_l,0.2462425778309504,0.20507201552391052,0.3154531896114349,3
50,neck_01,0.2461532155672709,0.2540246248245239,0.25728983879089357,3
14,pinky_01_l,0.24611740310986838,0.27976563572883606,0.31723912358283995,3
37,clavicle_r,0.24585241079330444,0.21927860379219055,0.3137578308582306,3
62,clavicle_r,0.2457649161418279,0.23195914924144745,0.283391484618187,3
68,R_ForeTwist_01,0.2457362413406372,0.2594182789325714,0.2818812906742096,3
7,spine_02,0.24568094809850058,0.2609431743621826,0.28509137630462644,3
51,head,0.24567180375258127,0.2343970537185669,0.3806617736816406,3
44,clavicle_r,0.24563448627789816,0.2571375370025635,0.2771901607513428,3
49,hand_l,0.24559352298577627,0.2678073048591614,0.27068778276443484,3
61,RUpArmTwist_l_01,0.24550881733496985,0.25306567549705505,0.34078089594841005,3
55,hand_l,0.24546569089094797,0.23461593687534332,0.298082759976387,3
59,head,0.24508834381898245,0.27416589856147766,0.31390119194984434,3
13,RUpArmTwist_l_02,0.24502493937810263,0.23275527358055115,0.3389013230800629,3
81,pinky_01_l,0.24491171538829803,0.24738721549510956,0.26561127603054047,3
18,clavicle_r,0.24489412705103555,0.2202509194612503,0.346240821480751,3
17,index_01_l,0.2447180151939392,0.17574018239974976,0.34659193754196166,3
53,RUpArmTwist_l_02,0.24454241742690405,0.23639167845249176,0.3719807416200638,3
42,hand_l,0.2444772869348526,0.25390538573265076,0.2918602883815765,3
0,RCalfTwist_02,0.24446953336397806,0.2471405565738678,0.29509106278419495,3
72,ball_l,0.24438998103141785,0.237618088722229,0.304163384437561,3
75,foot_l,0.2443444480498632,0.2320048213005066,0.28709968328475954,3
7,pinky_01_l,0.2443134287993113,0.2785155773162842,0.29347243309021,3
56,calf_l,0.24395938714345297,0.21811339259147644,0.3243774831295013,3
72,RUpArmTwist_l_01,0.24383977055549622,0.2381085604429245,0.3122246593236923,3
31,index_01_l,0.2437546451886495,0.2274858057498932,0.3100858747959137,3
37,RUpArmTwist_l_02,0.24374128878116608,0.242231547832489,0.2670197606086731,3
66,clavicle_r,0.24373405675093332,0.22631333768367767,0.3316944092512131,3
54,RUpArmTwist_r_02,0.24362102895975113,0.19523072242736816,0.39967143535614014,3
27,R_ForeTwist_01,0.24358629683653513,0.23892278969287872,0.28374079763889315,3
25,spine_01,0.2434820830821991,0.2585780620574951,0.2777780771255493,3
10,clavicle_r,0.24342732379833856,0.2291165143251419,0.3597712904214859,3
31,head,0.2433911661307017,0.2034580409526825,0.351805180311203,3
54,RUpArmTwist_l_01,0.24333028495311737,0.2499275654554367,0.2941282600164413,3
78,hand_l,0.24320922791957855,0.2686946988105774,0.28148010969161985,3
35,middle_01_l,0.24312903980414072,0.26023370027542114,0.31626938581466674,3
85,head,0.2429827352364858,0.3008549213409424,0.32013442516326907,3
84,thigh_r,0.24297081430753073,0.24444836378097534,0.32550801038742067,3
25,clavicle_r,0.24294722080230713,0.2581008970737457,0.3416482746601105,3
9,R_ForeTwist_01,0.2428126037120819,0.23852232098579407,0.2578507959842682,3
28,clavicle_r,0.24259581168492636,0.24224424362182617,0.28730273246765137,3
26,RUpArmTwist_r_02,0.2425603667894999,0.18369817733764648,0.3587996244430542,3
32,LCalfTwist_02,0.24243057270844778,0.2229175865650177,0.3072626173496246,3
33,RUpArmTwist_l_02,0.24229936301708221,0.2324528694152832,0.33044750690460206,3
54,hand_l,0.24227296809355417,0.2190510630607605,0.2853779435157776,3
52,index_01_l,0.24224036435286203,0.25920701026916504,0.2597045421600342,3
2,spine_01,0.24223139385382333,0.2165212333202362,0.2915345370769501,3
68,hand_r,0.24216162661711374,0.21923935413360596,0.32513718605041503,3
28,RUpArmTwist_l_01,0.24211534361044565,0.2355080246925354,0.29070569276809693,3
47,hand_l,0.24206013977527618,0.21283431351184845,0.2947819381952286,3
16,LCalfTwist_01,0.24203279614448547,0.25233110785484314,0.2892738521099091,3
62,RUpArmTwist_l_02,0.24188300470511118,0.2607670724391937,0.2745413720607758,3
71,spine_02,0.24184021850426993,0.25105172395706177,0.3248592734336853,3
36,clavicle_r,0.2417045384645462,0.3125508427619934,0.3310305953025818,3
30,RUpArmTwist_l_02,0.24158748984336853,0.187472403049469,0.32446340322494505,3
32,spine_01,0.2415358672539393,0.24277344346046448,0.2455375611782074,3
20,index_01_l,0.24149216214815775,0.22654137015342712,0.3094683825969696,3
9,index_01_l,0.24141823748747507,0.22718369960784912,0.33478846549987795,3
64,index_01_l,0.2413887878259023,0.19217409193515778,0.32168257534503936,3
3,ball_l,0.24135571221510568,0.24854564666748047,0.2760721206665039,3
81,head,0.24133393168449402,0.225381538271904,0.30956798493862153,3
74,clavicle_r,0.2411575714747111,0.2360190898180008,0.29072817862033845,3
31,thumb_01_l,0.2411236713329951,0.24806906282901764,0.271658256649971,3
18,ball_r,0.24095270534356436,0.22983360290527344,0.2717308044433594,3
15,RUpArmTwist_r_01,0.240911602973938,0.1486256718635559,0.38532844781875614,3
38,R_ForeTwist_01,0.2408238078157107,0.286112904548645,0.3104226112365723,3
56,middle_01_l,0.2407881567875544,0.27436432242393494,0.30678762793540953,3
61,RUpArmTwist_r_01,0.24078493316968283,0.1997067928314209,0.35772573947906494,3
25,clavicle_l,0.24077517787615457,0.2442985475063324,0.31706611514091493,3
15,hand_l,0.2406037300825119,0.20201601088047028,0.3429196149110794,3
79,RUpArmTwist_r_01,0.24059796084960303,0.2101304978132248,0.3660649389028549,3
17,RCalfTwist_03,0.2405858983596166,0.24781997501850128,0.2621878057718277,3
11,RUpArmTwist_r_01,0.24054467181364694,0.2888006865978241,0.3000438868999481,3
69,R_ForeTwist_01,0.24050613244374594,0.2401283234357834,0.2738241285085678,3
68,middle_01_l,0.24044327437877655,0.2880134880542755,0.29312339425086975,3
81,clavicle_r,0.24039188027381897,0.2046419382095337,0.33247554302215576,3
1,index_01_l,0.24036851525306702,0.26496702432632446,0.277750289440155,3
39,RCalfTwist_01,0.24036512772242227,0.26136937737464905,0.2728555738925934,3
49,foot_l,0.24036176999409994,0.22360458970069885,0.30831568837165835,3
18,RUpArmTwist_r_02,0.24033020933469137,0.2872011661529541,0.30754852294921875,3
45,foot_r,0.24020993212858835,0.23530583083629608,0.3071136325597763,3
12,hand_l,0.24015238881111145,0.29205870628356934,0.2969501972198486,3
31,clavicle_r,0.24007034301757812,0.1784311830997467,0.36713803410530094,3
54,hand_r,0.23998833944400152,0.2681659758090973,0.32627409100532534,3
7,RUpArmTwist_r_02,0.23994622627894083,0.20519500970840454,0.3120343804359436,3
84,middle_01_l,0.23990564048290253,0.262247771024704,0.35526823401451113,3
41,RUpArmTwist_l_02,0.23985375463962555,0.25035277009010315,0.3147179424762726,3
52,hand_l,0.23977107306321463,0.24189195036888123,0.24835967421531677,3
55,lowerarm_r,0.2396278977394104,0.24272075295448303,0.2715325176715851,3
69,middle_01_l,0.23955144981543222,0.2765401303768158,0.30758408904075624,3
51,pinky_01_l,0.23945048451423645,0.19218149781227112,0.3060631096363068,3
68,RUpArmTwist_l_02,0.23938747743765512,0.1924971342086792,0.31233289241790774,3
20,clavicle_r,0.23906385898590088,0.25568023324012756,0.2605938732624054,3
16,clavicle_l,0.23895137012004852,0.20738741755485535,0.29919440150260923,3
74,LCalfTwist_03,0.23894543200731277,0.28035053610801697,0.315642899274826,3
59,RUpArmTwist_r_01,0.2387859970331192,0.21787676215171814,0.33197728991508485,3
48,spine_02,0.23874667286872864,0.2025972604751587,0.2943336009979248,3
31,ball_l,0.2387339969476064,0.2074887901544571,0.2979038029909134,3
44,RUpArmTwist_r_01,0.23868553837140402,0.19484056532382965,0.31318807899951934,3
46,index_01_l,0.23867773016293845,0.22068290412425995,0.2871681541204453,3
15,pinky_01_l,0.2386473466952642,0.27884945273399353,0.29602896571159365,3
18,RUpArmTwist_r_01,0.23855737100044885,0.21105600893497467,0.3693559914827347,3
35,spine_01,0.23855185508728027,0.2104630470275879,0.31899545192718504,3
5,upperarm_r,0.23853235443433127,0.23014864325523376,0.31983370184898374,3
43,LCalfTwist_01,0.23852655788262686,0.2764389216899872,0.3027204930782318,3
7,spine_01,0.23844710985819498,0.2507971227169037,0.2513616502285004,3
61,middle_01_l,0.23842517286539078,0.26528531312942505,0.33702841997146604,3
30,neck_01,0.23832064867019653,0.16647866368293762,0.36474967598915103,3
55,RUpArmTwist_r_01,0.23813867568969727,0.22727087140083313,0.32566140294075013,3
38,RCalfTwist_01,0.2381161948045095,0.2502417266368866,0.2749785602092743,3
10,RUpArmTwist_r_02,0.23810850580533346,0.24051110446453094,0.28851333558559417,3
79,foot_l,0.2381024310986201,0.2536233067512512,0.2893703818321228,3
49,RUpArmTwist_r_01,0.23808888594309488,0.2350759357213974,0.3118287295103073,3
64,clavicle_r,0.23807337383429208,0.24215781688690186,0.3176600456237793,3
30,RUpArmTwist_r_02,0.23785140613714853,0.26696398854255676,0.33990283608436583,3
72,ball_r,0.23772985736529031,0.21798157691955566,0.2822451591491699,3
29,ball_r,0.23756513992945352,0.23517301678657532,0.3083383619785309,3
84,head,0.23754124840100607,0.30096372961997986,0.33111461997032166,3
82,ball_r,0.2372922400633494,0.1694195419549942,0.3425875216722489,3
22,clavicle_r,0.23729071021080017,0.24852460622787476,0.29692026376724245,3
55,clavicle_r,0.23707252740859985,0.20582111179828644,0.2984124571084976,3
63,lowerarm_r,0.23706810176372528,0.2485039234161377,0.26247854232788087,3
6,RUpArmTwist_r_02,0.23702241480350494,0.27378159761428833,0.27695034742355346,3
84,RUpArmTwist_r_02,0.23702114075422287,0.1940530389547348,0.3684865921735764,3
62,RUpArmTwist_l_01,0.23688674966494241,0.237984761595726,0.31609639823436736,3
39,middle_01_l,0.23686892787615457,0.24621425569057465,0.3050307482481003,3
37,ball_l,0.23686779042085013,0.23750996589660645,0.2623440265655518,3
17,clavicle_r,0.2368448277314504,0.27552330493927,0.27710106372833254,3
27,spine_02,0.23683489362398782,0.23170024156570435,0.25537422895431516,3
59,clavicle_r,0.23680457472801208,0.21700844168663025,0.2757534682750702,3
53,ball_l,0.2367724229892095,0.2310686856508255,0.25076638758182523,3
81,middle_01_l,0.23676140109697977,0.2951483130455017,0.32093743085861204,3
52,RCalfTwist_02,0.23663457731405893,0.25726133584976196,0.2923883080482483,3
80,index_01_l,0.23660783469676971,0.235982745885849,0.256582635641098,3
42,spine_01,0.23659314215183258,0.21517668664455414,0.2863306254148483,3
52,RCalfTwist_01,0.23638821641604105,0.26733821630477905,0.3004836678504944,3
36,ball_l,0.23633788526058197,0.23450908064842224,0.25632593035697937,3
20,spine_02,0.23633782068888345,0.27920055389404297,0.28435819149017333,3
58,R_ForeTwist_02,0.23631062110265097,0.1980685442686081,0.3334588140249252,3
58,middle_01_l,0.23627611994743347,0.28457021713256836,0.2980440616607666,3
12,pinky_01_l,0.23617847512165704,0.24733534455299377,0.3204880774021149,3
45,RUpArmTwist_l_02,0.23613486687342325,0.2015891969203949,0.28564555048942564,3
64,lowerarm_r,0.23599494496981302,0.2198551893234253,0.2685078144073486,3
28,RUpArmTwist_l_02,0.23598235348860422,0.16985294222831726,0.3531199872493744,3
61,clavicle_r,0.23598199586073557,0.23579636216163635,0.24676504731178284,3
38,clavicle_r,0.23595122744639715,0.3002803921699524,0.3185601830482483,3
24,clavicle_r,0.23587115108966827,0.25862500071525574,0.30068630576133726,3
20,spine_01,0.23583669463793436,0.28330379724502563,0.29013651609420776,3
52,RUpArmTwist_l_01,0.23573443790276846,0.2213209569454193,0.30464436411857604,3
59,RCalfTwist_03,0.2357341299454371,0.21567575633525848,0.27672732770442965,3
50,pinky_01_l,0.2356924613316854,0.20368018746376038,0.29184308648109436,3
42,R_ForeTwist_02,0.23556017378966013,0.2521962523460388,0.26481693983078003,3
44,RUpArmTwist_l_02,0.2355076124270757,0.2528176009654999,0.2578138291835785,3
77,RCalfTwist_03,0.2354729970296224,0.26515278220176697,0.26869532465934753,3
6,spine_01,0.2354207237561544,0.2240770012140274,0.26196458637714387,3
57,hand_l,0.23494809865951538,0.23798218369483948,0.24971747994422913,3
32,index_01_l,0.23459720611572266,0.21292062103748322,0.28716122210025785,3
52,R_ForeTwist_01,0.2345656454563141,0.23838907480239868,0.27130559682846067,3
16,clavicle_r,0.23455271124839783,0.16681672632694244,0.3311960965394974,3
4,RCalfTwist_01,0.23455012838045755,0.23270121216773987,0.2780429184436798,3
19,lowerarm_l,0.2344543089469274,0.270006388425827,0.296006315946579,3
1,lowerarm_r,0.23434779544671377,0.24054597318172455,0.2834226578474045,3
61,RUpArmTwist_r_02,0.2341004858414332,0.19367241859436035,0.3627737760543823,3
81,R_ForeTwist_01,0.23405942817529043,0.2731609642505646,0.27474034428596494,3
67,middle_01_l,0.23386003077030182,0.27830854058265686,0.30285988450050355,3
81,spine_02,0.23372389376163483,0.2839614748954773,0.2951237320899963,3
2,ring_01_l,0.23365994294484457,0.25084376335144043,0.2859600067138672,3
16,ball_r,0.23364667097727457,0.2323785126209259,0.23732903599739075,3
60,RUpArmTwist_l_02,0.2335951030254364,0.1885712891817093,0.30822412073612215,3
71,head,0.23337865869204202,0.26519420742988586,0.27089460492134093,3
28,RUpArmTwist_r_02,0.23336386680603027,0.26487261056900024,0.2903251528739929,3
78,RUpArmTwist_r_02,0.2332138568162918,0.24510517716407776,0.2908088743686676,3
61,spine_02,0.23315047721068063,0.2156284600496292,0.2584344297647476,3
62,spine_01,0.23313130935033163,0.25103437900543213,0.26699399948120117,3
29,R_ForeTwist_01,0.23308916886647543,0.24221548438072205,0.24581335186958314,3
9,RUpArmTwist_r_02,0.23295661807060242,0.23283982276916504,0.32327966690063475,3
25,lowerarm_r,0.2327220837275187,0.26556673645973206,0.27380476593971254,3
24,ball_r,0.23272078235944113,0.233848437666893,0.25918552577495574,3
12,calf_r,0.2326734165350596,0.2653345465660095,0.29286869764328005,3
56,head,0.23255330820878348,0.21070392429828644,0.3079692512750626,3
63,clavicle_r,0.23254595200220743,0.23225879669189453,0.28626165390014646,3
35,hand_l,0.23245395720005035,0.24314558506011963,0.2533931016921997,3
70,R_ForeTwist_01,0.23244799176851907,0.2315593659877777,0.25416216254234314,3
67,R_ForeTwist_01,0.23241054515043894,0.23575975000858307,0.27043068706989287,3
57,middle_01_l,0.23240240414937338,0.26721328496932983,0.28447197675704955,3
54,head,0.2323597570260366,0.16707074642181396,0.36483633518218994,3
8,RUpArmTwist_r_01,0.23235031217336655,0.2733250856399536,0.32567808628082273,3
34,spine_02,0.2323268453280131,0.21814285218715668,0.2850742071866989,3
24,spine_01,0.23231632014115652,0.20337222516536713,0.29012794196605685,3
85,middle_01_l,0.23220699653029442,0.2588796615600586,0.37317025661468506,3
42,RCalfTwist_03,0.23210033774375916,0.21715004742145538,0.2982006222009659,3
81,LCalfTwist_02,0.23207368950049082,0.25099870562553406,0.25719699263572693,3
15,index_01_l,0.23205735286076865,0.1860806792974472,0.32611577212810516,3
23,clavicle_r,0.2319640964269638,0.2081541270017624,0.27824576795101164,3
46,RCalfTwist_01,0.23195049166679382,0.201649472117424,0.2927826255559921,3
28,calf_r,0.23188296208779016,0.20117267966270447,0.37858275771141053,3
71,ball_l,0.2318441222111384,0.2374453991651535,0.2621041387319565,3
78,index_01_l,0.23182302713394165,0.24338647723197937,0.2525104463100433,3
57,spine_02,0.23181779185930887,0.24310249090194702,0.26000150442123415,3
34,calf_r,0.23172338803609213,0.18950799107551575,0.33016117215156554,3
42,RUpArmTwist_r_02,0.23166782160600027,0.22854624688625336,0.2522954195737839,3
26,R_ForeTwist_01,0.23160071422656378,0.2623470723628998,0.3075935781002045,3
52,clavicle_r,0.23159068822860718,0.23907510936260223,0.28648692071437837,3
66,middle_01_l,0.23156517992417017,0.29613998532295227,0.300639683008194,3
27,RUpArmTwist_l_02,0.231496661901474,0.17183242738246918,0.32248208224773406,3
63,index_01_l,0.23128954569498697,0.1971382051706314,0.2863625556230545,3
51,index_01_l,0.23120866219202676,0.2210288792848587,0.25893029272556306,3
60,R_ForeTwist_02,0.23117883006731668,0.2107873558998108,0.27656556367874147,3
38,RUpArmTwist_r_02,0.23117332657178244,0.18317574262619019,0.3201839566230774,3
42,index_01_l,0.2311168909072876,0.2305370271205902,0.2403664767742157,3
81,ball_r,0.23107081154982248,0.19507107138633728,0.3212154805660248,3
64,spine_02,0.23094362517197928,0.21992450952529907,0.254434072971344,3
37,calf_r,0.23089449604352316,0.12953221797943115,0.4168422222137451,3
6,pinky_01_l,0.2308551569779714,0.2203865945339203,0.29553734660148623,3
20,RUpArmTwist_r_02,0.23082898060480753,0.22456616163253784,0.2647384762763977,3
48,middle_01_l,0.2308143526315689,0.2127760648727417,0.2875255346298218,3
75,spine_01,0.23071517795324326,0.274373322725296,0.32793880105018614,3
84,clavicle_r,0.23069838186105093,0.23026694357395172,0.2558938294649124,3
27,RUpArmTwist_r_02,0.2306602398554484,0.2294752597808838,0.25195238590240476,3
67,RCalfTwist_03,0.23063766459623972,0.24838785827159882,0.26656368672847747,3
19,index_01_l,0.23053833842277527,0.23119862377643585,0.2939572960138321,3
37,R_ForeTwist_01,0.23049446195363998,0.24386104941368103,0.30798975825309755,3
59,middle_01_l,0.23046726981798807,0.25401028990745544,0.317358011007309,3
66,RUpArmTwist_l_01,0.23046227792898813,0.22460368275642395,0.26860128045082093,3
39,RUpArmTwist_l_02,0.2303790201743444,0.22153352200984955,0.24682707488536834,3
43,hand_l,0.23030623296896616,0.23204849660396576,0.3020104616880417,3
83,R_ForeTwist_01,0.23021345833937326,0.24165871739387512,0.2539143621921539,3
70,ball_l,0.23016678293546042,0.2424534410238266,0.2437639206647873,3
1,spine_01,0.2301407903432846,0.19312405586242676,0.29428579807281496,3
39,clavicle_r,0.23003371804952621,0.25253039598464966,0.31425362825393677,3
44,R_ForeTwist_01,0.22980473438898721,0.2210395783185959,0.2835132211446762,3
65,RUpArmTwist_l_02,0.22974721093972525,0.21475224196910858,0.2715370267629623,3
77,RUpArmTwist_r_01,0.2296292930841446,0.17998524010181427,0.33594020903110505,3
51,calf_l,0.2296163191397985,0.23698149621486664,0.2450699418783188,3
51,middle_01_l,0.22959114362796149,0.30386340618133545,0.3148761510848999,3
75,lowerarm_r,0.2295237829287847,0.25426676869392395,0.2637703239917755,3
1,ball_r,0.2294464409351349,0.22020363807678223,0.25552642345428467,3
5,R_ForeTwist_01,0.2294089769323667,0.22002190351486206,0.32210956811904906,3
45,RCalfTwist_01,0.22933471699555716,0.24793432652950287,0.28334903419017793,3
70,RUpArmTwist_l_02,0.22899665931860605,0.21304239332675934,0.32083127796649935,3
70,middle_01_l,0.22890074799458185,0.2715419828891754,0.3069911301136017,3
42,spine_02,0.22886861860752106,0.18749310076236725,0.28920619785785673,3
38,hand_l,0.22875108321507773,0.25862741470336914,0.2624929428100586,3
81,RUpArmTwist_r_02,0.22875049461921057,0.3042275905609131,0.31972756385803225,3
45,R_ForeTwist_01,0.22873803476492563,0.2668148875236511,0.28524566888809205,3
74,clavicle_l,0.22871636102596918,0.17535747587680817,0.3448332339525223,3
7,RUpArmTwist_l_02,0.2286243438720703,0.25639697909355164,0.2571407496929169,3
79,index_01_l,0.2285033663113912,0.22119852900505066,0.2540102183818817,3
65,spine_01,0.22848969201246896,0.2195696085691452,0.2873675674200058,3
49,middle_01_l,0.22843859096368155,0.2867099940776825,0.3000767886638641,3
60,middle_01_l,0.2284237121542295,0.23609665036201477,0.338567453622818,3
66,RUpArmTwist_l_02,0.2283454934755961,0.22474417090415955,0.27519444823265077,3
10,spine_01,0.22812444965044656,0.23459355533123016,0.2844355195760727,3
62,head,0.22810891270637512,0.1988392025232315,0.32796948254108427,3
23,hand_l,0.22788187364737192,0.2452278882265091,0.3054079681634903,3
28,spine_01,0.2276506870985031,0.1844342201948166,0.2965871423482895,3
41,hand_l,0.22744538883368173,0.23474855720996857,0.25424531996250155,3
22,spine_01,0.22743655741214752,0.23321838676929474,0.3016247183084488,3
3,head,0.22731014837821326,0.22446176409721375,0.31381134390830995,3
65,index_01_l,0.22730653981367746,0.23880039155483246,0.2536528557538986,3
47,R_ForeTwist_01,0.22726782659689584,0.2606300711631775,0.2644241452217102,3
35,spine_02,0.22705526649951935,0.1861017495393753,0.2948732525110245,3
32,RUpArmTwist_l_02,0.22690744201342264,0.21158431470394135,0.2898520439863205,3
82,R_ForeTwist_01,0.22684002419312796,0.22434960305690765,0.25680372416973113,3
13,ball_r,0.22667139520247778,0.1575484722852707,0.3677755922079086,3
34,RUpArmTwist_l_02,0.2266100694735845,0.22798947989940643,0.25003837049007416,3
56,RUpArmTwist_l_02,0.22659889360268912,0.19646605849266052,0.2811922490596771,3
18,spine_02,0.22646821041901907,0.23001857101917267,0.2766451507806778,3
49,RUpArmTwist_r_02,0.22639029721419016,0.21040725708007812,0.2520418882369995,3
58,RCalfTwist_01,0.22634552915891012,0.2387126088142395,0.2558318257331848,3
51,RUpArmTwist_r_02,0.2263189603885015,0.21699200570583344,0.2565856665372849,3
0,R_ForeTwist_01,0.2263040691614151,0.20530687272548676,0.26880175769329073,3
18,spine_01,0.2261699934800466,0.21417884528636932,0.2752768129110336,3
35,clavicle_r,0.22602510452270508,0.2700822651386261,0.295168000459671,3
85,Bip001,0.2257214883963267,0.23666834831237793,0.2692539691925049,3
37,head,0.2256715272863706,0.13989844918251038,0.38255131840705875,3
63,RUpArmTwist_r_02,0.22565798461437225,0.18930155038833618,0.2839325785636902,3
29,index_01_l,0.22556882599989572,0.2186010479927063,0.2725173354148865,3
62,middle_01_l,0.22541924131413302,0.3096235692501068,0.33817197680473327,3
0,index_01_l,0.225405881802241,0.21905045211315155,0.2818067163228989,3
53,head,0.22535004715124765,0.19147759675979614,0.2954009175300598,3
77,spine_02,0.2253397504488627,0.21257002651691437,0.2460334926843643,3
53,index_01_l,0.22528731326262155,0.21972143650054932,0.2767561197280884,3
50,RUpArmTwist_r_02,0.22526776293913522,0.18505355715751648,0.2821039378643036,3
71,R_ForeTwist_01,0.22516442835330963,0.20546898245811462,0.2577486217021942,3
3,index_01_l,0.22512968877951303,0.19136114418506622,0.28550809919834136,3
71,RUpArmTwist_l_02,0.22510651250680289,0.2055549919605255,0.26432178616523744,3
79,spine_02,0.22507878144582114,0.2465360015630722,0.24960448443889618,3
82,middle_01_l,0.22499971836805344,0.2565746605396271,0.33438296914100646,3
22,lowerarm_r,0.22499932100375494,0.22623008489608765,0.3263013482093811,3
41,index_01_l,0.2249205857515335,0.2165585309267044,0.24367205202579498,3
7,middle_01_l,0.22491846730311713,0.27442115545272827,0.3271299719810486,3
9,RUpArmTwist_l_02,0.22489550709724426,0.1675739288330078,0.3065629243850708,3
66,spine_01,0.2248756637175878,0.2324531376361847,0.2709297716617584,3
40,lowerarm_l,0.22479226191838583,0.24294894933700562,0.27112499475479124,3
12,spine_02,0.22474955519040427,0.2580624222755432,0.26698635816574096,3
64,head,0.2245907485485077,0.20092852413654327,0.34340950548648835,3
36,R_ForeTwist_01,0.22455055018266043,0.23875479400157928,0.29292288720607756,3
11,LCalfTwist_03,0.22454479336738586,0.2072097361087799,0.2984119474887848,3
8,RUpArmTwist_r_02,0.22449551026026407,0.2270060032606125,0.267061385512352,3
59,calf_l,0.22446913023789725,0.18117204308509827,0.2953306257724762,3
53,R_ForeTwist_01,0.22446336348851523,0.22368408739566803,0.2442540556192398,3
68,hand_l,0.2244532654682795,0.23687003552913666,0.2621284693479538,3
65,RUpArmTwist_r_02,0.22407161196072897,0.23084503412246704,0.23660047054290773,3
50,middle_01_l,0.22383890052636465,0.29502934217453003,0.30223244428634644,3
29,calf_r,0.22368700553973517,0.15686340630054474,0.390721669793129,3
36,RUpArmTwist_l_01,0.2235901951789856,0.18039754033088684,0.29240489602088926,3
50,spine_01,0.2234722226858139,0.22788795828819275,0.25609623789787295,3
40,RUpArmTwist_r_02,0.2234719047943751,0.21785545349121094,0.2564175844192505,3
10,RUpArmTwist_l_02,0.22347077230612436,0.21281114220619202,0.28781731724739074,3
7,thigh_r,0.2233691985408465,0.2694174349308014,0.2917283117771149,3
58,head,0.2232772707939148,0.2825133502483368,0.28599304556846616,3
13,middle_01_l,0.22310333947340646,0.21435664594173431,0.3271536558866501,3
17,RUpArmTwist_r_02,0.22307820121447244,0.17315040528774261,0.3401871889829636,3
4,RCalfTwist_02,0.2230453019340833,0.26572132110595703,0.3088700294494629,3
18,R_ForeTwist_01,0.22303121785322824,0.20385059714317322,0.2705939710140228,3
73,middle_01_l,0.22299162298440933,0.291827917098999,0.300305700302124,3
4,spine_02,0.22295587261517844,0.24896065890789032,0.2992743104696274,3
85,RUpArmTwist_l_01,0.22288422286510468,0.18569615483283997,0.29317482113838195,3
19,clavicle_l,0.2228420078754425,0.21184898912906647,0.2527500420808792,3
66,index_01_l,0.22282008330027261,0.2177635282278061,0.2483937233686447,3
11,spine_01,0.22280795127153397,0.26456525921821594,0.3211587488651276,3
62,index_01_l,0.22274632255236307,0.20216397941112518,0.28517366349697115,3
10,R_ForeTwist_02,0.22272627552350363,0.2090790569782257,0.2434704840183258,3
48,clavicle_r,0.22250102708737055,0.25113633275032043,0.2959227621555328,3
55,head,0.2224048227071762,0.16081029176712036,0.3155987858772278,3
73,calf_r,0.22230413556098938,0.17244389653205872,0.3193441927433014,3
67,RUpArmTwist_r_02,0.22224852939446768,0.24648557603359222,0.27577838599681853,3
70,head,0.22223679224650064,0.26200681924819946,0.2932838797569275,3
56,hand_l,0.2221474846204122,0.18843486905097961,0.28195429444313047,3
75,middle_01_l,0.22212163855632147,0.2860993444919586,0.3014435350894928,3
52,spine_01,0.22209041317303976,0.21726489067077637,0.22968195676803588,3
37,lowerarm_r,0.22199598451455435,0.2187899500131607,0.23152429163455962,3
58,thigh_r,0.22197807828585306,0.23511236906051636,0.26494804620742796,3
30,Bip001,0.22193868458271027,0.229673832654953,0.2773906171321869,3
21,upperarm_r,0.2216825783252716,0.2282809019088745,0.32594220638275145,3
80,spine_02,0.22160346806049347,0.22819843888282776,0.2492079794406891,3
34,hand_l,0.22151094178358713,0.23482102155685425,0.24555100202560426,3
43,RUpArmTwist_l_02,0.22138947248458862,0.21513114869594574,0.2511510580778122,3
41,RUpArmTwist_l_01,0.2213086187839508,0.21515190601348877,0.2899721384048462,3
43,RUpArmTwist_l_01,0.22108792265256247,0.19017484784126282,0.31356590390205386,3
39,LCalfTwist_01,0.221081572274367,0.19524633884429932,0.35266425609588625,3
41,R_ForeTwist_02,0.22095130383968353,0.2471662163734436,0.24785056114196777,3
10,LCalfTwist_01,0.22081458320220312,0.24303700029850006,0.31519568264484404,3
54,calf_l,0.22079944610595703,0.2087886780500412,0.27980171144008636,3
18,head,0.22073250512282053,0.15972161293029785,0.36605124473571776,3
61,index_01_l,0.22073133289813995,0.21996073424816132,0.2920498937368393,3
65,head,0.22065583368142447,0.21828769147396088,0.2765213459730148,3
23,RUpArmTwist_r_02,0.22058729827404022,0.2195841372013092,0.25286603569984434,3
13,spine_01,0.22049694259961447,0.19245366752147675,0.2606197685003281,3
76,LCalfTwist_03,0.22045228133598962,0.23527510464191437,0.29419356882572173,3
3,calf_r,0.22039884328842163,0.21799218654632568,0.2798667669296265,3
78,R_ForeTwist_01,0.22032587975263596,0.2583853304386139,0.27751265168190004,3
79,hand_l,0.2201475203037262,0.23994910717010498,0.27248897552490237,3
43,RUpArmTwist_r_01,0.22012952963511148,0.23290331661701202,0.3159099012613297,3
28,R_ForeTwist_01,0.22002877791722616,0.21398968994617462,0.24420413076877595,3
39,hand_l,0.2199627161026001,0.20255912840366364,0.24962485134601592,3
73,clavicle_r,0.2198074758052826,0.23498836159706116,0.24494481682777405,3
84,RUpArmTwist_r_01,0.21971497436364493,0.24156644940376282,0.3103706181049347,3
36,LCalfTwist_03,0.2197148452202479,0.23476870357990265,0.2513144642114639,3
72,R_ForeTwist_01,0.21967522303263345,0.2317560613155365,0.2404220163822174,3
54,R_ForeTwist_01,0.21965539952119192,0.2240331918001175,0.257244935631752,3
80,middle_01_l,0.21930219729741415,0.2562580406665802,0.27635818123817446,3
27,LCalfTwist_03,0.219236359000206,0.21761555969715118,0.2386418968439102,3
6,index_01_l,0.2191100666920344,0.20174472033977509,0.26086080968379977,3
78,middle_01_l,0.21907016883293787,0.2672079801559448,0.2708380460739136,3
21,R_ForeTwist_01,0.21899127463499704,0.21838518977165222,0.286113566160202,3
7,index_01_l,0.21897904574871063,0.18332915008068085,0.2765178769826889,3
12,RUpArmTwist_r_01,0.21884562075138092,0.19472217559814453,0.2700416803359985,3
54,index_01_l,0.2188265025615692,0.19284585118293762,0.2792391836643219,3
11,index_01_l,0.21880584955215454,0.19508607685565948,0.29725851118564606,3
31,RUpArmTwist_r_01,0.21873755007982254,0.16492366790771484,0.3407496213912964,3
82,head,0.21864333748817444,0.2140614241361618,0.29789553582668304,3
2,ball_r,0.2186213880777359,0.19546005129814148,0.27881960272789,3
35,RCalfTwist_03,0.2185549388329188,0.20412391424179077,0.25873440504074097,3
14,index_01_l,0.21853411197662354,0.18894416093826294,0.26403006315231325,3
46,clavicle_r,0.21834311385949454,0.24639299511909485,0.2591497957706451,3
51,ball_l,0.218142901857694,0.16982170939445496,0.30969175696372986,3
7,R_ForeTwist_01,0.218111182252566,0.22316469252109528,0.2255492240190506,3
2,RUpArmTwist_r_02,0.21806547542413077,0.18791872262954712,0.29501155614852903,3
31,LCalfTwist_03,0.21799960732460022,0.17974771559238434,0.283944633603096,3
25,RUpArmTwist_r_02,0.21799311538537344,0.17907637357711792,0.29821492433547975,3
65,calf_l,0.21789981424808502,0.2065453827381134,0.2604260265827179,3
65,R_ForeTwist_01,0.21767775217692056,0.23006489872932434,0.23271278738975526,3
52,hand_r,0.2176464001337687,0.21193274855613708,0.24828304648399352,3
83,middle_01_l,0.21754399687051773,0.26161032915115356,0.33289910554885865,3
29,spine_01,0.21753253042697906,0.19616802036762238,0.2781358391046524,3
63,head,0.21750065684318542,0.1560216248035431,0.3073506414890289,3
47,spine_02,0.217455193400383,0.22995062172412872,0.23194262087345124,3
80,RCalfTwist_03,0.21741481125354767,0.2190970629453659,0.24156753718852997,3
83,RUpArmTwist_l_01,0.21725124617417654,0.17330175638198853,0.3157714486122131,3
62,RUpArmTwist_r_02,0.21724800765514374,0.2298387736082077,0.23670495450496673,3
25,R_ForeTwist_01,0.2171845311919848,0.2531706988811493,0.30307371020317075,3
22,index_01_l,0.21715287367502847,0.21748267114162445,0.285311695933342,3
47,clavicle_r,0.21712605158487955,0.22286881506443024,0.24523926079273223,3
85,RUpArmTwist_r_02,0.21703217923641205,0.14792650938034058,0.323503839969635,3
25,RCalfTwist_01,0.21691477795441946,0.20886322855949402,0.25577778220176695,3
72,head,0.216893640657266,0.25200384855270386,0.2826848864555359,3
74,calf_l,0.21689253052075705,0.2184264212846756,0.25430146753787997,3
50,RCalfTwist_03,0.21678171555201212,0.2002730816602707,0.2506157010793686,3
79,R_ForeTwist_01,0.2167323430379232,0.24598339200019836,0.26094797253608704,3
78,RCalfTwist_01,0.21668104082345963,0.1786985546350479,0.31726775467395785,3
14,ball_r,0.21663975467284521,0.12714257836341858,0.3580630600452423,3
74,R_ForeTwist_01,0.21662273506323496,0.2273305505514145,0.2580885857343674,3
26,R_ForeTwist_02,0.216618612408638,0.22281494736671448,0.24533475041389466,3
53,spine_02,0.21654076874256134,0.23346613347530365,0.26480171382427214,3
62,spine_02,0.21635173757870993,0.23525145649909973,0.23906163573265077,3
17,R_ForeTwist_01,0.21633617083231607,0.21765336394309998,0.2552588641643524,3
49,head,0.21627593288818994,0.25255268812179565,0.2844880700111389,3
53,RCalfTwist_01,0.21626527607440948,0.2352972775697708,0.28653818666934966,3
40,Bip001,0.21609952052434286,0.23739512264728546,0.2554302841424942,3
2,head,0.21603701512018839,0.18962466716766357,0.3651595592498779,3
15,clavicle_l,0.21594855189323425,0.20503540337085724,0.26269902288913727,3
36,clavicle_l,0.21589794754981995,0.1931055188179016,0.25368982553482056,3
39,head,0.2158626119295756,0.21633461117744446,0.23145946860313416,3
16,RUpArmTwist_r_02,0.215700164437294,0.19303788244724274,0.2903497725725174,3
77,calf_l,0.2156101812918981,0.18995219469070435,0.2644152998924255,3
53,RUpArmTwist_l_01,0.21555982530117035,0.19537073373794556,0.24488853216171264,3
80,R_ForeTwist_01,0.21541035920381546,0.2610761225223541,0.2688984930515289,3
8,head,0.21534536282221475,0.21812978386878967,0.2431292712688446,3
12,clavicle_l,0.21530860662460327,0.2532028257846832,0.274516636133194,3
52,middle_01_l,0.21529395629962286,0.26109570264816284,0.3375670790672302,3
76,foot_l,0.215170090397199,0.17700384557247162,0.3020231693983078,3
20,R_ForeTwist_01,0.21515662968158722,0.1816711723804474,0.2628691256046295,3
72,middle_01_l,0.21512493242820105,0.2787817716598511,0.3120455026626587,3
53,lowerarm_r,0.21507934729258218,0.19852715730667114,0.2657673954963684,3
66,head,0.2148831511537234,0.23678579926490784,0.28032925724983215,3
80,foot_l,0.2148345559835434,0.24365851283073425,0.24926092028617858,3
50,head,0.21475032716989517,0.22776024043560028,0.31088353097438814,3
2,index_01_l,0.21470013757546744,0.1885216385126114,0.2582736998796463,3
14,RUpArmTwist_r_02,0.2146873821814855,0.17376923561096191,0.32971189022064207,3
8,Bip001,0.21460085113843283,0.14976456761360168,0.30869329571723936,3
58,spine_01,0.21456644932428995,0.1995859593153,0.2869532197713852,3
31,R_ForeTwist_01,0.21456082661946616,0.18989866971969604,0.25319393873214724,3
6,middle_01_l,0.2145432693262895,0.27079683542251587,0.31416863203048706,3
78,ball_l,0.21453341841697693,0.21158058941364288,0.24636849462985994,3
2,R_ForeTwist_02,0.2145075649023056,0.20830820500850677,0.23560706079006194,3
8,thigh_r,0.21450586120287576,0.1855897754430771,0.26147772967815397,3
14,lowerarm_r,0.21447514245907465,0.21675428748130798,0.289203280210495,3
30,clavicle_r,0.2140276183684667,0.18193569779396057,0.2832472622394562,3
54,clavicle_r,0.21400127311547598,0.2455291897058487,0.24682096540927886,3
9,LCalfTwist_01,0.21392132341861725,0.1918041706085205,0.27741787433624265,3
85,RUpArmTwist_r_01,0.21380343536535898,0.20320771634578705,0.2819494932889938,3
67,head,0.21368981649478277,0.2695097029209137,0.27948437333106996,3
6,RUpArmTwist_l_02,0.2136350671450297,0.2081148624420166,0.22952401638031006,3
29,neck_01,0.21340677638848624,0.22458715736865997,0.23076660931110382,3
38,LCalfTwist_01,0.21340584754943848,0.18730954825878143,0.32986768186092374,3
6,hand_l,0.21324273943901062,0.23701979219913483,0.25377886593341825,3
4,middle_01_l,0.2132068301240603,0.23472076654434204,0.2933087944984436,3
18,RCalfTwist_03,0.21316479643185934,0.2247839868068695,0.2434709131717682,3
15,ball_r,0.21301525086164474,0.16847217082977295,0.32692010402679444,3
36,RCalfTwist_01,0.2129452625910441,0.20934133231639862,0.23092909753322602,3
79,spine_01,0.21287473539511362,0.16173452138900757,0.2883486866950989,3
72,RUpArmTwist_r_02,0.21281521767377853,0.2662615478038788,0.27502614855766294,3
67,spine_01,0.21279007196426392,0.19944898784160614,0.2357373684644699,3
18,calf_r,0.212756909430027,0.18701225519180298,0.30908178091049193,3
10,index_01_l,0.2127502461274465,0.1722719371318817,0.2982535779476166,3
73,calf_l,0.2126601313551267,0.21594767272472382,0.3141557782888412,3
71,spine_01,0.2126375138759613,0.23318170011043549,0.23744709193706512,3
12,RCalfTwist_03,0.21260201434294382,0.18943363428115845,0.2591775059700012,3
35,clavicle_l,0.21257651845614114,0.2057158648967743,0.2785386502742767,3
21,RUpArmTwist_r_02,0.21234196424484253,0.1757756918668747,0.29923575818538667,3
2,LCalfTwist_03,0.2123005191485087,0.21809114515781403,0.29804222881793974,3
46,R_ForeTwist_01,0.21219337979952493,0.24779069423675537,0.2538870334625244,3
23,index_01_l,0.2121802270412445,0.18789519369602203,0.282737997174263,3
79,RUpArmTwist_r_02,0.21205069621404013,0.21144640445709229,0.24968400001525878,3
77,index_01_l,0.21203053990999857,0.2216922640800476,0.24856628179550172,3
65,middle_01_l,0.21187714984019598,0.27477937936782837,0.2878574013710022,3
38,LCalfTwist_02,0.21186748147010803,0.22755077481269836,0.24770880341529847,3
73,spine_02,0.21185322602589926,0.21549813449382782,0.21724915206432344,3
25,RUpArmTwist_r_01,0.2118301788965861,0.15185849368572235,0.33991845548152927,3
5,RUpArmTwist_l_02,0.2117660641670227,0.17792686820030212,0.3166160523891449,3
59,R_ForeTwist_01,0.21174352367719015,0.22299423813819885,0.2306850492954254,3
73,lowerarm_r,0.21160210420687994,0.23751519620418549,0.2667427271604538,3
73,RUpArmTwist_l_01,0.21154421071211496,0.2287396490573883,0.26702321171760557,3
60,LCalfTwist_01,0.21141638358434042,0.21163345873355865,0.21685387194156647,3
28,head,0.21139753113190332,0.23484815657138824,0.2743399411439896,3
70,calf_l,0.21138310432434082,0.21564622223377228,0.2883103281259537,3
9,spine_01,0.21134324868520102,0.22375354170799255,0.24047070145606994,3
53,clavicle_l,0.2113096167643865,0.1707267016172409,0.279037269949913,3
12,RUpArmTwist_l_01,0.21123393376668295,0.2101193070411682,0.27866922616958617,3
68,head,0.21103144685427347,0.2659516930580139,0.3278233170509338,3
59,RCalfTwist_02,0.2110192080338796,0.20844492316246033,0.25770487189292907,3
5,index_01_l,0.21101688841978708,0.20437651872634888,0.27044392824172975,3
39,Bip001,0.21100400884946188,0.22918449342250824,0.25900599658489226,3
27,LCalfTwist_01,0.2109574774901072,0.20453684031963348,0.25278657376766206,3
55,index_01_l,0.21082214514414468,0.17969752848148346,0.2702594786882401,3
49,R_ForeTwist_01,0.21079330643018088,0.22165091335773468,0.2294742852449417,3
67,index_01_l,0.21063039700190225,0.20603780448436737,0.2377643793821335,3
44,index_01_l,0.21044609447320303,0.21535669267177582,0.2216849535703659,3
50,RUpArmTwist_l_01,0.21041306853294373,0.22406934201717377,0.29658102691173555,3
78,calf_l,0.2102113962173462,0.16506411135196686,0.27896187603473666,3
78,ball_r,0.21017604072888693,0.2017761766910553,0.22782277464866638,3
73,head,0.2100459486246109,0.15420915186405182,0.30777588188648225,3
50,R_ForeTwist_02,0.2100286732117335,0.22158990800380707,0.26314646899700167,3
7,RUpArmTwist_l_01,0.21002410848935446,0.1675395965576172,0.2973948955535889,3
47,RCalfTwist_01,0.20998493830362955,0.2197745144367218,0.22154603600502015,3
77,ball_l,0.2099782427151998,0.21236573159694672,0.24152718484401703,3
11,R_ForeTwist_02,0.2099737673997879,0.2098165899515152,0.24839699566364287,3
53,clavicle_r,0.20994926989078522,0.18454183638095856,0.2614909917116165,3
80,clavicle_l,0.20986871172984442,0.1677047312259674,0.3166486084461212,3
28,index_01_l,0.20983312527338663,0.19704875349998474,0.24917096495628357,3
26,RCalfTwist_01,0.20983248949050903,0.20718973875045776,0.2571694731712341,3
19,R_ForeTwist_01,0.20983128249645233,0.2025138884782791,0.25053302347660067,3
48,head,0.20971142252286276,0.1944524347782135,0.2369394838809967,3
29,RUpArmTwist_r_02,0.2096036672592163,0.20253661274909973,0.28747807145118714,3
5,RCalfTwist_01,0.2095662901798884,0.14792312681674957,0.3105998307466507,3
6,R_ForeTwist_01,0.2094907114903132,0.2155061513185501,0.24349481165409087,3
11,RCalfTwist_02,0.20932681361834207,0.20655936002731323,0.24702929258346557,3
77,head,0.20924562960863113,0.2680123746395111,0.2695041120052338,3
68,RCalfTwist_03,0.20918158690134683,0.21463200449943542,0.23440938591957092,3
3,L_ForeTwist_02,0.20909967025121054,0.22850096225738525,0.25113084316253664,3
61,RUpArmTwist_l_02,0.20905578136444092,0.23457254469394684,0.23698778450489044,3
72,spine_01,0.20896553496519724,0.23312675952911377,0.23366782665252686,3
80,LCalfTwist_03,0.20887139439582825,0.21169689297676086,0.24589386582374573,3
28,R_ForeTwist_02,0.20885354777177176,0.23480021953582764,0.244818115234375,3
19,spine_01,0.2088378667831421,0.212986558675766,0.21321939826011657,3
73,spine_01,0.20860522985458374,0.22034944593906403,0.23381382524967192,3
43,index_01_l,0.20857191582520804,0.2189769744873047,0.23346855640411376,3
71,middle_01_l,0.20856970051924387,0.22293561697006226,0.2905820727348328,3
0,RCalfTwist_01,0.2085118442773819,0.21654997766017914,0.24316253364086152,3
58,LCalfTwist_03,0.20835071802139282,0.22149010002613068,0.26190065443515775,3
76,R_ForeTwist_01,0.20820018152395883,0.22570909559726715,0.26828823387622835,3
43,spine_01,0.20812777678171793,0.2339777946472168,0.24901998043060303,3
40,LCalfTwist_01,0.20807144294182459,0.203057199716568,0.30497062802314756,3
60,clavicle_l,0.20803766697645187,0.23374716937541962,0.2708806604146957,3
59,spine_02,0.20802303651968637,0.2387591153383255,0.30418013632297514,3
11,LCalfTwist_01,0.20794694870710373,0.2619238495826721,0.2854310631752014,3
17,RUpArmTwist_l_01,0.20785164336363474,0.231594055891037,0.2573795735836029,3
78,RUpArmTwist_l_02,0.2078307420015335,0.23531652987003326,0.2406885415315628,3
41,head,0.20779852072397867,0.212530717253685,0.2461323231458664,3
25,R_ForeTwist_02,0.20771526296933493,0.1802893728017807,0.250591179728508,3
4,calf_r,0.20760779082775116,0.21605661511421204,0.3118484795093536,3
82,LCalfTwist_03,0.20760105550289154,0.18255670368671417,0.28105765879154204,3
24,lowerarm_r,0.2075569157799085,0.2045401632785797,0.29819739460945127,3
11,R_ForeTwist_01,0.2075048511226972,0.2510593831539154,0.2713974416255951,3
39,R_ForeTwist_02,0.20746873319149017,0.21693964302539825,0.2216314345598221,3
38,Bip001,0.20746156573295593,0.20586971938610077,0.23833275735378265,3
19,LCalfTwist_03,0.2073973094423612,0.2311263233423233,0.2904124289751053,3
52,spine_02,0.20738720893859863,0.20044301450252533,0.26801724135875704,3
57,RUpArmTwist_l_01,0.20736969510714212,0.2512384057044983,0.2792572855949402,3
59,index_01_l,0.20731280744075775,0.21827538311481476,0.24084836542606353,3
68,index_01_l,0.20724155008792877,0.21209552884101868,0.22239709496498108,3
77,ball_r,0.20699035127957663,0.21057988703250885,0.22042447626590728,3
78,calf_r,0.20696483055750528,0.19341924786567688,0.2693470299243927,3
12,R_ForeTwist_01,0.2068316712975502,0.18414832651615143,0.2952004462480545,3
52,LCalfTwist_03,0.20680858691533408,0.20649555325508118,0.28284409642219543,3
7,Bip001,0.20670671264330545,0.21150638163089752,0.23030273020267486,3
4,R_ForeTwist_01,0.20669283966223398,0.24406015872955322,0.246280038356781,3
73,RUpArmTwist_r_02,0.20658727486928305,0.16389261186122894,0.29335167109966276,3
2,R_ForeTwist_01,0.20656451086203256,0.21619784832000732,0.26486265659332275,3
64,RUpArmTwist_r_02,0.20635328193505606,0.14546161890029907,0.3345205903053284,3
72,lowerarm_r,0.2063035766283671,0.22330066561698914,0.2335805594921112,3
66,RUpArmTwist_r_02,0.2063029408454895,0.18606886267662048,0.2747348487377167,3
57,R_ForeTwist_02,0.20628806948661804,0.19944654405117035,0.23018947541713713,3
77,RUpArmTwist_l_02,0.20625513792037964,0.23084969818592072,0.23852187693119048,3
55,R_ForeTwist_01,0.2061848839124044,0.23112852871418,0.23615002930164336,3
55,RCalfTwist_01,0.20608630776405334,0.21526570618152618,0.25494398176670074,3
47,head,0.2059850494066874,0.1622232049703598,0.2845796555280685,3
15,LCalfTwist_01,0.20586258421341577,0.1674845814704895,0.31358312368392943,3
66,R_ForeTwist_01,0.2058361421028773,0.20049290359020233,0.21676063239574433,3
8,R_ForeTwist_01,0.20581579208374023,0.2275899350643158,0.23164766430854797,3
69,head,0.20580120633045831,0.21130242943763733,0.27457080483436586,3
79,middle_01_l,0.20571734507878622,0.263454794883728,0.2646934986114502,3
22,calf_r,0.20570962876081467,0.2258889526128769,0.2989812582731247,3
71,RUpArmTwist_r_02,0.20563864211241403,0.20854994654655457,0.22168417572975158,3
53,LCalfTwist_01,0.20560056964556375,0.18211747705936432,0.2609259635210037,3
79,RUpArmTwist_l_02,0.20551598072052002,0.18182098865509033,0.23901500701904296,3
77,R_ForeTwist_01,0.20539510746796927,0.21121767163276672,0.256527715921402,3
11,RUpArmTwist_l_02,0.20539355278015137,0.22841593623161316,0.25310794711112977,3
83,RUpArmTwist_l_02,0.20539289464553198,0.20694243907928467,0.2758138179779053,3
36,RUpArmTwist_r_02,0.20525806645552316,0.20508478581905365,0.268524643778801,3
69,ball_r,0.20523731410503387,0.20158177614212036,0.21757228374481202,3
21,RUpArmTwist_l_02,0.20512579878171286,0.21329396963119507,0.22325825691223145,3
72,clavicle_r,0.20503259201844534,0.17718473076820374,0.25993629097938536,3
12,clavicle_r,0.20495469868183136,0.20063121616840363,0.2553861767053604,3
16,ball_l,0.20493568976720175,0.21630194783210754,0.23098756670951842,3
60,RUpArmTwist_r_01,0.20488698035478592,0.15683959424495697,0.31986047923564914,3
13,R_ForeTwist_01,0.2048770934343338,0.21515808999538422,0.2489284723997116,3
54,foot_l,0.20484442015488943,0.1890542209148407,0.23959669470787048,3
10,lowerarm_l,0.2047786166270574,0.16754816472530365,0.25697786509990694,3
68,ball_r,0.20475768049558005,0.22057706117630005,0.2661164879798889,3
31,RCalfTwist_03,0.20468889673550925,0.2208402156829834,0.23361858129501342,3
33,clavicle_r,0.20460297539830208,0.21436534821987152,0.3124553173780441,3
68,spine_02,0.20459757248560587,0.2049107700586319,0.24479744732379913,3
2,RCalfTwist_01,0.20459583898385367,0.20258527994155884,0.2613661170005798,3
74,middle_01_l,0.20446368431051573,0.2514733374118805,0.3016757547855377,3
26,spine_02,0.20409963528315225,0.17705945670604706,0.24344800412654877,3
58,R_ForeTwist_01,0.2040379842122396,0.1951322853565216,0.22384324669837952,3
11,hand_l,0.20399280389149985,0.20181311666965485,0.24730298817157745,3
39,R_ForeTwist_01,0.2039323349793752,0.1823059767484665,0.2554407924413681,3
31,RUpArmTwist_r_02,0.20386161903540292,0.22037054598331451,0.26303947269916533,3
45,LCalfTwist_02,0.20375734070936838,0.2093576341867447,0.23637775480747222,3
24,R_ForeTwist_01,0.20358813057343164,0.2450021505355835,0.28782355785369873,3
44,RUpArmTwist_r_02,0.2035810351371765,0.20290310680866241,0.22808846533298494,3
56,R_ForeTwist_01,0.2034461796283722,0.18551072478294373,0.2291174590587616,3
58,RUpArmTwist_r_02,0.20327696204185486,0.20033462345600128,0.2307383805513382,3
3,RUpArmTwist_r_01,0.2032699336608251,0.2305411696434021,0.23828301429748536,3
55,RUpArmTwist_r_02,0.20325098931789398,0.16325969994068146,0.2721946150064468,3
9,R_ForeTwist_02,0.2032372256120046,0.20811522006988525,0.21551142930984496,3
28,clavicle_l,0.20320791999499002,0.20119930803775787,0.23993331491947173,3
81,index_01_l,0.20304096738497415,0.18803396821022034,0.2467377722263336,3
32,RUpArmTwist_r_01,0.20300077026089033,0.17129512131214142,0.3430264860391617,3
75,head,0.2029979725678762,0.25899043679237366,0.2669879972934723,3
76,ball_l,0.20282730956872305,0.20662476122379303,0.24027962982654572,3
4,RUpArmTwist_l_02,0.20278016726175943,0.22282373905181885,0.26606509685516355,3
43,R_ForeTwist_02,0.2026444524526596,0.23606863617897034,0.2554660618305206,3
7,ball_r,0.20255154371261597,0.1657700538635254,0.2845890998840332,3
41,RCalfTwist_03,0.20251458386580148,0.18938341736793518,0.2465900957584381,3
85,RCalfTwist_01,0.2023442933956782,0.19177329540252686,0.2271325945854187,3
38,RUpArmTwist_r_01,0.20205425222714743,0.17545345425605774,0.2591590940952301,3
37,spine_02,0.2020177592833837,0.20536930859088898,0.20653169453144074,3
57,head,0.20197628438472748,0.23812296986579895,0.3198589861392975,3
26,LCalfTwist_01,0.2019741783539454,0.1996569037437439,0.22883354425430297,3
74,RCalfTwist_01,0.2019258290529251,0.20259739458560944,0.2096362978219986,3
73,R_ForeTwist_01,0.20186794797579447,0.2218216359615326,0.23494181036949158,3
13,RCalfTwist_01,0.20184596379597983,0.2138432115316391,0.25403737723827363,3
12,RCalfTwist_02,0.2018397202094396,0.19019383192062378,0.28277753591537474,3
38,index_01_l,0.20182215670744577,0.19420769810676575,0.22389950156211852,3
51,RCalfTwist_02,0.20181948443253836,0.1837739497423172,0.2719872385263443,3
17,RUpArmTwist_r_01,0.20169296115636826,0.23081178963184357,0.2495000272989273,3
23,spine_01,0.20167423784732819,0.17693500220775604,0.25914710462093354,3
27,head,0.20166784028212228,0.151527538895607,0.28451345264911654,3
60,calf_l,0.20166457692782083,0.13320669531822205,0.3026845157146454,3
3,R_ForeTwist_01,0.20166021088759103,0.22748726606369019,0.23317705392837523,3
70,spine_01,0.2015845129887263,0.20883657038211823,0.23434697687625886,3
41,spine_02,0.20151764651139578,0.1740509569644928,0.2738638460636139,3
6,RCalfTwist_01,0.2015047570069631,0.2015848457813263,0.2327020823955536,3
48,R_ForeTwist_01,0.20147782564163208,0.1969088315963745,0.21070423126220703,3
36,RUpArmTwist_l_02,0.2014657606681188,0.20072510838508606,0.20990708470344543,3
14,RCalfTwist_01,0.2014444371064504,0.19215752184391022,0.250875261425972,3
0,lowerarm_r,0.20128599802652994,0.14675237238407135,0.3195922404527664,3
81,RUpArmTwist_l_02,0.20114738245805105,0.18450845777988434,0.235910502076149,3
27,index_01_l,0.20102482040723166,0.21155746281147003,0.21260038912296295,3
74,lowerarm_r,0.20089436074097952,0.21493308246135712,0.2241094082593918,3
11,clavicle_r,0.20089198152224222,0.16297250986099243,0.25468982458114625,3
47,RUpArmTwist_r_02,0.2008089448014895,0.19504638016223907,0.2678565412759781,3
75,index_01_l,0.20076894263426462,0.18232692778110504,0.24037347137928008,3
46,clavicle_l,0.20069554696480432,0.20486533641815186,0.259759259223938,3
29,RCalfTwist_03,0.20066983501116434,0.17484316229820251,0.24758111834526061,3
50,hand_l,0.20063552260398865,0.20969311892986298,0.24247382581233978,3
15,RUpArmTwist_r_02,0.20059027771155039,0.1937793642282486,0.2334672123193741,3
30,R_ForeTwist_02,0.20053620636463165,0.19161592423915863,0.3008048743009567,3
14,Bip001,0.2005285918712616,0.1811927855014801,0.23196751475334168,3
2,Bip001,0.20045598347981772,0.17929017543792725,0.23899555206298828,3
69,index_01_l,0.20039313038190207,0.19430546462535858,0.2095725268125534,3
47,index_01_l,0.20038539171218872,0.22650586068630219,0.22782252728939056,3
14,R_ForeTwist_01,0.20035873353481293,0.18803970515727997,0.2402484029531479,3
14,head,0.20033899694681168,0.15485887229442596,0.31754330098628997,3
85,RUpArmTwist_l_02,0.2003134787082672,0.13039728999137878,0.32006365656852725,3
35,RCalfTwist_01,0.20026897390683493,0.2031501829624176,0.21798805594444276,3
52,clavicle_l,0.20026071866353354,0.2056865394115448,0.240496426820755,3
27,RCalfTwist_01,0.2002137949069341,0.17642173171043396,0.2493717133998871,3
12,RUpArmTwist_r_02,0.20018472274144491,0.19107036292552948,0.24310973584651946,3
41,clavicle_l,0.20017623901367188,0.18876022100448608,0.25580157041549684,3
28,spine_02,0.20015654464562735,0.2028256207704544,0.2174485832452774,3
77,spine_01,0.20015154778957367,0.1907627433538437,0.24407140910625458,3
27,R_ForeTwist_02,0.20014129082361856,0.15923777222633362,0.2713021576404572,3
37,RUpArmTwist_r_02,0.20011942833662033,0.23811064660549164,0.2402161568403244,3
15,R_ForeTwist_01,0.20006446540355682,0.20582959055900574,0.2112179219722748,3
82,RUpArmTwist_l_02,0.19990171988805136,0.20335125923156738,0.24838681221008302,3
65,RUpArmTwist_r_01,0.1998713662226995,0.14537793397903442,0.3362063765525818,3
83,clavicle_l,0.19973403215408325,0.18391938507556915,0.32702457010746,3
22,RUpArmTwist_r_02,0.1997273713350296,0.21819421648979187,0.23199988007545472,3
70,ball_r,0.1995201657215754,0.21014493703842163,0.24097020626068116,3
6,ball_r,0.19951381285985312,0.21847356855869293,0.24770763218402864,3
73,ball_r,0.19951011737187704,0.20045414566993713,0.20522767901420594,3
10,Bip001,0.19937975704669952,0.1990548074245453,0.2539062201976776,3
36,spine_02,0.1993710994720459,0.19118817150592804,0.26528359949588776,3
37,RUpArmTwist_r_01,0.199310635526975,0.1908576786518097,0.2633234798908234,3
10,ball_r,0.19926797846953073,0.19664640724658966,0.20441544353961943,3
8,LCalfTwist_01,0.1992239554723104,0.20001940429210663,0.21372487246990204,3
81,ball_l,0.1991783231496811,0.2051050364971161,0.21401295065879822,3
48,index_01_l,0.1991393913825353,0.18253165483474731,0.24964922666549683,3
69,clavicle_l,0.1989482045173645,0.14327852427959442,0.29851134717464445,3
78,LCalfTwist_03,0.1988163044055303,0.1960257887840271,0.2684582591056824,3
40,RCalfTwist_01,0.19880404074986777,0.16096700727939606,0.252175834774971,3
76,index_01_l,0.1987070987621943,0.2216239869594574,0.24208282828330993,3
51,spine_01,0.19866713881492615,0.166713148355484,0.24654164910316467,3
4,L_ForeTwist_02,0.19864454368750253,0.16527466475963593,0.2612681001424789,3
7,RUpArmTwist_r_01,0.1985716919104258,0.225862056016922,0.2306019365787506,3
65,lowerarm_r,0.19847117364406586,0.20251059532165527,0.24178733825683593,3
16,RUpArmTwist_r_01,0.19840322186549506,0.20211496949195862,0.2566362202167511,3
24,index_01_l,0.19838442405064902,0.17385774850845337,0.23612276315689087,3
11,RUpArmTwist_r_02,0.19837094098329544,0.17033132910728455,0.2780499875545502,3
60,Bip001,0.1983551283677419,0.23212537169456482,0.2423393428325653,3
46,RUpArmTwist_l_01,0.1982225924730301,0.19749514758586884,0.227719983458519,3
15,Bip001,0.19807876149813333,0.2043946236371994,0.21452854573726654,3
57,calf_r,0.19806422293186188,0.2008383721113205,0.26273795068264005,3
0,Bip001,0.19803062081336975,0.19398042559623718,0.23098800778388978,3
45,spine_01,0.1980223407347997,0.22434554994106293,0.2283843606710434,3
16,head,0.19795980552832285,0.1540994495153427,0.28151290118694305,3
6,head,0.1978736805419127,0.2352719008922577,0.29632171988487244,3
9,Bip001,0.1978237802783648,0.17777802050113678,0.2830730706453323,3
39,clavicle_l,0.19773568709691366,0.17750294506549835,0.2889981657266617,3
60,LCalfTwist_03,0.19769394397735596,0.18072296679019928,0.238475301861763,3
82,index_01_l,0.1976478546857834,0.19172747433185577,0.2524222761392593,3
2,LCalfTwist_01,0.1975604792435964,0.18515723943710327,0.21700522899627686,3
40,R_ForeTwist_02,0.197550597290198,0.22272589802742004,0.2414651095867157,3
74,RUpArmTwist_r_02,0.1975210209687551,0.1688985377550125,0.2596715122461319,3
84,spine_02,0.19747276604175568,0.20108455419540405,0.22923812866210938,3
78,R_ForeTwist_02,0.1974521353840828,0.23157067596912384,0.2403939038515091,3
40,upperarm_r,0.19722784062226614,0.23295342922210693,0.23314436674118041,3
26,RCalfTwist_03,0.1971902201573054,0.20514044165611267,0.22040597796440126,3
6,RCalfTwist_02,0.19718984266122183,0.21224388480186462,0.26327080130577085,3
49,R_ForeTwist_02,0.19716601073741913,0.1804005354642868,0.2547468990087509,3
57,R_ForeTwist_01,0.197165717681249,0.19536808133125305,0.2330455243587494,3
73,RUpArmTwist_r_01,0.1969850386182467,0.1665235012769699,0.30466340482234955,3
21,spine_02,0.1968484123547872,0.19181369245052338,0.26030595004558565,3
80,RUpArmTwist_l_02,0.19679544866085052,0.19805218279361725,0.232981076836586,3
79,RCalfTwist_02,0.1967931588490804,0.1989181637763977,0.2906076073646545,3
69,RUpArmTwist_r_02,0.1966797560453415,0.19380135834217072,0.23836670219898223,3
52,RUpArmTwist_r_02,0.1965035746494929,0.17261800169944763,0.23074989914894103,3
60,head,0.19649483015139899,0.22319896519184113,0.25141293108463286,3
52,head,0.19644196331501007,0.23688694834709167,0.24800793528556825,3
68,RUpArmTwist_l_01,0.1962952564160029,0.16745513677597046,0.25631529092788696,3
69,spine_02,0.19619747002919516,0.17540408670902252,0.2428019553422928,3
64,R_ForeTwist_01,0.19615394870440164,0.2048463076353073,0.20820512473583222,3
72,RUpArmTwist_l_02,0.19614904622236887,0.18469932675361633,0.24621310830116272,3
52,LCalfTwist_01,0.19608938694000244,0.20355728268623352,0.24296122193336486,3
23,R_ForeTwist_01,0.19606222212314606,0.25053730607032776,0.26594021916389465,3
75,RUpArmTwist_r_02,0.19598894317944845,0.15442369878292084,0.30144416987895967,3
73,index_01_l,0.1959866682688395,0.1860385686159134,0.21705240309238433,3
46,RUpArmTwist_r_01,0.19594310720761618,0.16356635093688965,0.2545482158660889,3
32,RUpArmTwist_r_02,0.19590421517690024,0.17793181538581848,0.25511394143104554,3
73,RUpArmTwist_l_02,0.19589664041996002,0.17693109810352325,0.2552258402109146,3
72,RCalfTwist_01,0.1957380324602127,0.15722250938415527,0.25712430477142334,3
33,Bip001,0.19565134743849436,0.1872282326221466,0.23230276703834535,3
22,Bip001,0.19565060238043466,0.21765151619911194,0.23225647807121277,3
51,R_ForeTwist_01,0.19548102716604868,0.20046843588352203,0.20223704874515533,3
76,middle_01_l,0.19546974947055182,0.23726892471313477,0.2506998062133789,3
13,Bip001,0.19529658555984497,0.1890205442905426,0.21863453984260559,3
46,Bip001,0.1952393651008606,0.18678726255893707,0.22142710983753205,3
79,RCalfTwist_01,0.19523845364650091,0.16660712659358978,0.2773746460676193,3
4,RUpArmTwist_l_01,0.19519775857528052,0.22024966776371002,0.23763990700244902,3
56,index_01_l,0.19509192804495493,0.18910202383995056,0.25729872584342955,3
40,index_01_l,0.19504180550575256,0.17460662126541138,0.2537629008293152,3
56,RUpArmTwist_l_01,0.19490004827578863,0.1589595079421997,0.2877060413360596,3
78,RUpArmTwist_r_01,0.19489581137895584,0.17901696264743805,0.2770671397447586,3
47,RUpArmTwist_l_02,0.19489491482575735,0.17896565794944763,0.21797507405281066,3
54,RCalfTwist_01,0.1948883906006813,0.22744405269622803,0.27153098583221436,3
9,RUpArmTwist_r_01,0.19477558135986328,0.2224038988351822,0.2526676684617996,3
53,RUpArmTwist_r_02,0.1945985605319341,0.20669931173324585,0.22150582075119019,3
33,index_01_l,0.19454684356848398,0.20986542105674744,0.21268959641456603,3
40,RUpArmTwist_r_01,0.19452665746212006,0.1562744528055191,0.25579784214496615,3
57,index_01_l,0.19446951150894165,0.17096486687660217,0.24869547486305238,3
61,LCalfTwist_03,0.19445586701234183,0.1734319031238556,0.26058481335639955,3
74,head,0.19437206536531448,0.19796887040138245,0.28801525235176084,3
28,LCalfTwist_03,0.1943554033835729,0.18741187453269958,0.23431515097618102,3
83,hand_l,0.1942132512728373,0.20266985893249512,0.24451730251312256,3
50,RCalfTwist_02,0.1941834290822347,0.17786851525306702,0.2569716513156891,3
46,spine_02,0.19407123823960623,0.18595506250858307,0.21146571934223174,3
72,spine_02,0.1939619779586792,0.1654452532529831,0.23791113793849944,3
63,R_ForeTwist_01,0.19386751453081766,0.18609660863876343,0.22593719959259034,3
82,clavicle_l,0.19384530186653137,0.17434142529964447,0.23932163417339325,3
38,head,0.19369165847698847,0.1796945482492447,0.29379973709583285,3
51,foot_l,0.1935932437578837,0.16842500865459442,0.23426185548305511,3
45,hand_l,0.19331394384304681,0.22154489159584045,0.29862759709358216,3
11,spine_02,0.19320643693208694,0.21253328025341034,0.2614257425069809,3
3,RUpArmTwist_l_02,0.19315495838721594,0.17468205094337463,0.28259273171424865,3
45,L_ForeTwist_01,0.19308594365914664,0.19031864404678345,0.2458917737007141,3
58,hand_l,0.19304166734218597,0.21306538581848145,0.25655369758605956,3
39,spine_02,0.19302075604597727,0.20187291502952576,0.24089731574058532,3
60,foot_l,0.19299942255020142,0.2099699079990387,0.22146896719932557,3
0,RUpArmTwist_l_01,0.19299306472142538,0.17690956592559814,0.24797372817993163,3
71,R_ForeTwist_02,0.19297252098719278,0.19075925648212433,0.20419045984745027,3
21,RUpArmTwist_l_01,0.19284502665201822,0.15902505815029144,0.2768285721540451,3
85,RCalfTwist_03,0.19281858205795288,0.20766125619411469,0.22575393617153167,3
30,clavicle_l,0.19277636955181757,0.2087845653295517,0.25740582644939425,3
83,calf_l,0.1927508513132731,0.14593791961669922,0.26253795623779297,3
29,R_ForeTwist_02,0.19274893899758658,0.1645607352256775,0.26248236894607546,3
33,RUpArmTwist_r_02,0.19274675846099854,0.19679594039916992,0.25538299083709715,3
21,R_ForeTwist_02,0.19265495240688324,0.22200368344783783,0.22645510137081146,3
22,RCalfTwist_03,0.19257127741972604,0.1686818152666092,0.22611391842365264,3
57,RCalfTwist_02,0.19253714382648468,0.1908644735813141,0.19698190093040466,3
59,RCalfTwist_01,0.19253450135389963,0.21289701759815216,0.2328719526529312,3
37,LCalfTwist_03,0.19247089823087057,0.20564037561416626,0.21522929668426513,3
43,RUpArmTwist_r_02,0.19242919981479645,0.178512841463089,0.24191942811012268,3
45,RUpArmTwist_r_02,0.19242124011119208,0.16494449973106384,0.27814869284629823,3
49,RCalfTwist_02,0.19240978360176086,0.18460623919963837,0.24693728387355804,3
40,R_ForeTwist_01,0.19238372395435968,0.21222230792045593,0.255805629491806,3
0,R_ForeTwist_02,0.19238221645355225,0.19429513812065125,0.1996821343898773,3
68,LCalfTwist_02,0.19221735497315726,0.18898479640483856,0.2140675038099289,3
3,RUpArmTwist_r_02,0.19215392072995505,0.17220571637153625,0.25209422707557677,3
65,LCalfTwist_01,0.19214988251527151,0.17977945506572723,0.24075571000576018,3
45,index_01_l,0.1921253502368927,0.17041049897670746,0.2291676729917526,3
13,R_ForeTwist_02,0.1920499006907145,0.19070225954055786,0.22795674800872803,3
63,LCalfTwist_01,0.19203394651412964,0.21000319719314575,0.2175834059715271,3
38,R_ForeTwist_02,0.1920198847850164,0.18550445139408112,0.20451600849628448,3
46,RUpArmTwist_l_02,0.1919124722480774,0.24633005261421204,0.2615610182285309,3
68,spine_01,0.19184869527816772,0.19975779950618744,0.20945170819759368,3
68,RUpArmTwist_r_02,0.19184038043022156,0.19496874511241913,0.2186732143163681,3
64,LCalfTwist_01,0.19165017704168955,0.21431086957454681,0.21501358449459076,3
11,Bip001,0.1915410061677297,0.20419001579284668,0.2308041572570801,3
39,LCalfTwist_03,0.19148443390925726,0.17481136322021484,0.2645215272903442,3
3,R_ForeTwist_02,0.19138936201731363,0.15710721909999847,0.27587892711162565,3
49,clavicle_l,0.19130544861157736,0.18470586836338043,0.23594966232776643,3
47,LCalfTwist_03,0.1912726884086927,0.19138102233409882,0.24674719274044038,3
75,clavicle_l,0.19118136167526245,0.18333639204502106,0.2209742099046707,3
50,index_01_l,0.19109046459197998,0.1822175532579422,0.22777109444141388,3
74,LCalfTwist_01,0.19102759410937628,0.2103082537651062,0.24942530393600465,3
82,RUpArmTwist_r_02,0.19099719325701395,0.18303363025188446,0.2385488361120224,3
7,RCalfTwist_01,0.19098085165023804,0.16733351349830627,0.23769691586494446,3
14,spine_01,0.19075598816076914,0.1936466097831726,0.23265854120254517,3
79,RCalfTwist_03,0.19063474734624228,0.21969184279441833,0.22801472544670104,3
82,RUpArmTwist_l_01,0.1906162972251574,0.1716810017824173,0.2649141937494278,3
32,clavicle_l,0.1901542767882347,0.22625970840454102,0.25578348636627196,3
30,head,0.1900591403245926,0.10367721319198608,0.3198465943336487,3
43,head,0.18980873251954714,0.1920771598815918,0.3062495231628418,3
54,spine_02,0.1897785464922587,0.23276489973068237,0.23698484897613525,3
2,RUpArmTwist_r_01,0.18973529090483984,0.1685326248407364,0.260515096783638,3
52,RUpArmTwist_r_01,0.18967034171024957,0.2306649088859558,0.2426055908203125,3
56,Bip001,0.18953503668308258,0.19889084994792938,0.22146353423595427,3
34,index_01_l,0.1895264834165573,0.20220544934272766,0.2227066695690155,3
33,RUpArmTwist_r_01,0.18949670096238455,0.18585389852523804,0.2100886106491089,3
16,R_ForeTwist_01,0.18949486315250397,0.18478989601135254,0.20926517248153687,3
50,R_ForeTwist_01,0.18945732216040292,0.18442869186401367,0.22096385955810546,3
82,Bip001,0.18944097558657327,0.19079101085662842,0.23781849145889283,3
76,RUpArmTwist_r_02,0.18935898939768472,0.18519869446754456,0.22600778937339783,3
36,RUpArmTwist_r_01,0.18932402382294336,0.20456601679325104,0.23520009815692902,3
20,R_ForeTwist_02,0.1892878164847692,0.1813666820526123,0.22208871841430664,3
47,Bip001,0.18923165400822958,0.17263932526111603,0.21254415810108185,3
53,RCalfTwist_02,0.18912801643212637,0.2210664302110672,0.2403649002313614,3
28,LCalfTwist_01,0.18909378349781036,0.21245919167995453,0.21852165162563325,3
59,RUpArmTwist_r_02,0.18905956794818243,0.24447374045848846,0.2458188623189926,3
77,RCalfTwist_02,0.1889053756992022,0.17879527807235718,0.25811487436294556,3
56,spine_02,0.18883071839809418,0.18718673288822174,0.19293226301670074,3
6,clavicle_l,0.18877912064393362,0.1932401806116104,0.21504484713077546,3
81,spine_01,0.18877321978410086,0.16524890065193176,0.22668011784553527,3
76,head,0.1887140447894732,0.219318225979805,0.24812525808811187,3
37,R_ForeTwist_02,0.18868528306484222,0.1742219179868698,0.22894514501094818,3
53,Bip001,0.18860066930452982,0.20855370163917542,0.22464143633842468,3
35,RUpArmTwist_r_01,0.18858269353707632,0.16336816549301147,0.24265507459640503,3
73,ball_l,0.18854102989037833,0.18235178291797638,0.22902005016803742,3
81,calf_l,0.1882047305504481,0.2103179693222046,0.2195057153701782,3
31,clavicle_l,0.18816005190213522,0.19585159420967102,0.23813171982765197,3
57,RUpArmTwist_r_02,0.1880383094151815,0.20698125660419464,0.23929088413715363,3
84,RUpArmTwist_l_02,0.18802042305469513,0.17592117190361023,0.2146740138530731,3
84,index_01_l,0.18799766898155212,0.18732203543186188,0.21299624741077422,3
62,R_ForeTwist_01,0.18798050036032996,0.22375796735286713,0.23541302382946014,3
70,clavicle_l,0.18772584944963455,0.13133199512958527,0.2895557075738907,3
34,RUpArmTwist_r_02,0.18766907354195914,0.20295670628547668,0.22675235867500304,3
26,index_01_l,0.18758599956830344,0.19512367248535156,0.21811376810073851,3
69,spine_01,0.18751722077528635,0.19897343218326569,0.22653605043888092,3
74,Bip001,0.1874949038028717,0.17388950288295746,0.21410948932170867,3
24,RCalfTwist_01,0.1874426007270813,0.18540051579475403,0.20495863556861876,3
42,RUpArmTwist_l_01,0.18743629256884256,0.18300241231918335,0.247623074054718,3
14,clavicle_l,0.18740427742401758,0.177003875374794,0.24572854340076447,3
44,RCalfTwist_01,0.18739207088947296,0.15294024348258972,0.24714552760124206,3
69,ball_l,0.18735450009504953,0.19267845153808594,0.20606428384780884,3
4,index_01_l,0.18725095689296722,0.16189004480838776,0.23865423500537872,3
30,R_ForeTwist_01,0.18724716951449713,0.20050384104251862,0.23339504301548003,3
77,middle_01_l,0.18724132577578226,0.2334512323141098,0.24314962327480316,3
39,RUpArmTwist_l_01,0.18717620273431143,0.13357281684875488,0.26605663299560545,3
26,LCalfTwist_03,0.18714667856693268,0.15489985048770905,0.24514372646808624,3
60,calf_r,0.18712380031744638,0.11717923730611801,0.2903463289141655,3
74,RUpArmTwist_l_02,0.1870910773674647,0.20065614581108093,0.20681379437446595,3
44,head,0.18704047550757727,0.18330194056034088,0.2668967038393021,3
10,RUpArmTwist_l_01,0.18702512482802072,0.1940271109342575,0.20523804128170015,3
71,Bip001,0.1869869257013003,0.1709100902080536,0.2472754180431366,3
19,RCalfTwist_03,0.18694269160429636,0.1910426914691925,0.21425209641456605,3
70,index_01_l,0.18692509333292642,0.1838686615228653,0.19191811382770538,3
80,hand_l,0.1869171385963758,0.19981969892978668,0.23784444630146026,3
54,LCalfTwist_01,0.18679875632127127,0.1831168234348297,0.2118248760700226,3
29,clavicle_l,0.1866626019279162,0.179813414812088,0.2503118336200714,3
69,RCalfTwist_02,0.18666189660628638,0.22724279761314392,0.23709521889686586,3
72,index_01_l,0.18627892434597015,0.20076967775821686,0.20882238447666168,3
70,RUpArmTwist_r_02,0.18626533448696136,0.17547693848609924,0.2168011724948883,3
27,Bip001,0.1861656755208969,0.18607722222805023,0.22918064296245574,3
53,L_ForeTwist_01,0.18610486388206482,0.18585285544395447,0.21739762425422668,3
0,LCalfTwist_01,0.18596792469422022,0.23076170682907104,0.23553342819213868,3
62,lowerarm_r,0.18586095919211706,0.18877767026424408,0.2742614716291428,3
55,calf_r,0.18577095369497934,0.20525719225406647,0.21421423256397248,3
35,index_01_l,0.18569723765055338,0.19617919623851776,0.21385183036327363,3
75,RCalfTwist_02,0.1856832206249237,0.16627471148967743,0.22059014737606047,3
75,hand_l,0.18566851317882538,0.1877230703830719,0.2025393068790436,3
78,RCalfTwist_02,0.18560001999139786,0.1718396246433258,0.28334959149360656,3
32,clavicle_r,0.1855033834775289,0.1872929036617279,0.24965733885765076,3
8,ball_r,0.18545379241307577,0.14658893644809723,0.29859884083271027,3
19,LCalfTwist_01,0.18538443992535272,0.1833309829235077,0.2541219651699066,3
83,ball_l,0.18532389402389526,0.17444805800914764,0.22340761125087738,3
67,ball_r,0.18527281284332275,0.21535921096801758,0.24621875286102296,3
7,clavicle_l,0.18521484235922495,0.18823614716529846,0.20456450581550598,3
12,head,0.18521463871002197,0.20858193933963776,0.24728133976459504,3
35,R_ForeTwist_01,0.18490170190731683,0.17607295513153076,0.2513595104217529,3
41,R_ForeTwist_01,0.18487239877382913,0.18813496828079224,0.22377560138702393,3
59,R_ForeTwist_02,0.18484609325726828,0.16058409214019775,0.24646897315979005,3
32,LCalfTwist_03,0.18474109967549643,0.1489914357662201,0.27428590655326845,3
63,RUpArmTwist_r_01,0.18467464049657187,0.16670776903629303,0.213242569565773,3
62,LCalfTwist_01,0.1846288541952769,0.1795080006122589,0.19209448695182801,3
4,Bip001,0.18458642065525055,0.18238720297813416,0.21377251744270326,3
20,clavicle_l,0.18451319138209024,0.18120872974395752,0.20828973054885863,3
43,R_ForeTwist_01,0.18450274566809335,0.19195802509784698,0.21339108049869537,3
8,clavicle_l,0.18437990546226501,0.16483376920223236,0.22894069850444793,3
75,RUpArmTwist_l_02,0.18437181413173676,0.19626261293888092,0.2189144879579544,3
21,head,0.18436797133957347,0.24300463497638702,0.2926975876092911,3
5,LCalfTwist_02,0.18435991803805032,0.18269313871860504,0.18743799030780792,3
37,index_01_l,0.18433707455794016,0.20597918331623077,0.2059868484735489,3
81,RCalfTwist_01,0.1842813789844513,0.1748267561197281,0.22186193764209747,3
71,RCalfTwist_01,0.1842373162508011,0.1683393269777298,0.22045429050922394,3
72,Bip001,0.18418713410695395,0.18470141291618347,0.22670208811759948,3
60,index_01_l,0.18415612975756326,0.18258565664291382,0.1910651445388794,3
76,hand_l,0.1841498166322708,0.20122557878494263,0.20817002058029174,3
76,RCalfTwist_01,0.18405882020791373,0.17868474125862122,0.25972827076911925,3
1,R_ForeTwist_02,0.18403554459412894,0.1851627677679062,0.21455493867397307,3
61,R_ForeTwist_02,0.18400761981805167,0.1598401963710785,0.22005838751792908,3
42,RCalfTwist_02,0.18386179705460867,0.1790534108877182,0.26802880465984347,3
44,spine_01,0.18383188794056574,0.19755834341049194,0.2547803521156311,3
45,spine_02,0.183821772535642,0.17683781683444977,0.20948260128498078,3
39,index_01_l,0.18378027280171713,0.20585863292217255,0.2128220647573471,3
40,hand_l,0.18346840888261795,0.1399383246898651,0.2578561961650848,3
38,RUpArmTwist_l_02,0.18342224260171255,0.19926917552947998,0.20984586477279663,3
75,R_ForeTwist_01,0.18336008240779242,0.20661543309688568,0.24845044314861298,3
26,Bip001,0.18334774672985077,0.16692648828029633,0.21238650977611542,3
12,RUpArmTwist_l_02,0.18328424791495004,0.16179445385932922,0.22896706461906433,3
82,RUpArmTwist_r_01,0.18311403691768646,0.17135559022426605,0.22446664273738862,3
29,LCalfTwist_03,0.18303288022677103,0.14328905940055847,0.2514812409877777,3
80,RUpArmTwist_r_01,0.18294775982697806,0.16309601068496704,0.29567972421646116,3
35,RUpArmTwist_l_02,0.18287894626458487,0.18318922817707062,0.19084507524967192,3
37,RCalfTwist_01,0.18287102381388345,0.1880030632019043,0.1920293927192688,3
46,L_ForeTwist_01,0.18276619662841162,0.1756056398153305,0.2583138674497604,3
45,RUpArmTwist_r_01,0.18260124574104944,0.1476551741361618,0.27233193814754486,3
80,RUpArmTwist_l_01,0.18253049502770105,0.1539345532655716,0.26021510660648345,3
73,Bip001,0.18250698347886404,0.18977457284927368,0.20279626846313475,3
53,LCalfTwist_02,0.18250277638435364,0.15676680207252502,0.22012267708778382,3
25,LCalfTwist_01,0.18233104050159454,0.2064467817544937,0.21092266142368316,3
82,hand_l,0.18224075933297476,0.1957981139421463,0.21962428390979766,3
55,RUpArmTwist_l_01,0.1821333815654119,0.17976057529449463,0.2193616509437561,3
33,LCalfTwist_01,0.18212463955084482,0.15651987493038177,0.23406212031841278,3
73,RCalfTwist_03,0.18174663186073303,0.16929499804973602,0.2138761729001999,3
36,index_01_l,0.181700199842453,0.18620306253433228,0.19030330181121827,3
83,RUpArmTwist_r_02,0.18169225752353668,0.18376424908638,0.21736181378364564,3
16,hand_l,0.1816501741607984,0.2061920017004013,0.21518052518367767,3
76,LCalfTwist_01,0.18164122104644775,0.16356226801872253,0.2073744237422943,3
78,RUpArmTwist_l_01,0.18160459399223328,0.1492648720741272,0.29134527444839475,3
84,Bip001,0.18154355883598328,0.1910271793603897,0.21135429441928863,3
48,R_ForeTwist_02,0.18149623771508536,0.1581457257270813,0.21526511907577514,3
35,RUpArmTwist_r_02,0.1814912830789884,0.19269298017024994,0.22651906907558442,3
83,head,0.18146968632936478,0.2018846720457077,0.21975612342357637,3
28,hand_l,0.1812288612127304,0.20683863759040833,0.2404121458530426,3
78,LCalfTwist_01,0.18117035925388336,0.18725816905498505,0.19886461198329924,3
44,RCalfTwist_03,0.1811701034506162,0.1797836720943451,0.22917738556861877,3
80,ball_l,0.18116680781046549,0.18456856906414032,0.19055049121379852,3
1,RUpArmTwist_r_02,0.18112442890803018,0.18173256516456604,0.23425318598747252,3
8,LCalfTwist_02,0.1811133623123169,0.17144624888896942,0.2018621414899826,3
48,RUpArmTwist_r_02,0.18106145163377127,0.18285220861434937,0.19378429651260376,3
83,LCalfTwist_01,0.1809181571006775,0.18150445818901062,0.20935607552528382,3
16,Bip001,0.18087302148342133,0.18149389326572418,0.18832865059375764,3
71,clavicle_l,0.18086950729290643,0.12825901806354523,0.2784371763467789,3
79,head,0.18083635717630386,0.21539275348186493,0.21920996606349946,3
70,foot_l,0.18076742192109427,0.16809000074863434,0.2481071025133133,3
68,RCalfTwist_02,0.18075943241516748,0.21889837086200714,0.2409171611070633,3
19,head,0.18071254218618074,0.18070760369300842,0.2978608667850494,3
34,head,0.18056008964776993,0.2141818255186081,0.2653972238302231,3
80,RCalfTwist_01,0.18053762366374335,0.16475170850753784,0.251219379901886,3
22,RCalfTwist_01,0.18051387866338095,0.17783793807029724,0.21460385918617247,3
9,clavicle_l,0.18049481014410654,0.15358760952949524,0.2408625662326813,3
1,RCalfTwist_01,0.1804562658071518,0.21207185089588165,0.21906957924365997,3
48,Bip001,0.18043681482474008,0.16919951140880585,0.2099763721227646,3
13,index_01_l,0.18039873242378235,0.18592144548892975,0.1994495540857315,3
25,Bip001,0.1803789585828781,0.15979643166065216,0.20981560051441192,3
77,RUpArmTwist_r_02,0.18033706148465475,0.14968490600585938,0.275948691368103,3
54,RUpArmTwist_r_01,0.18025806297858557,0.20894834399223328,0.2260831415653229,3
67,LCalfTwist_02,0.17994098365306854,0.17022070288658142,0.19526954293251036,3
49,calf_r,0.17980400969584784,0.1758609414100647,0.24095894098281861,3
60,RCalfTwist_02,0.1797968049844106,0.21358008682727814,0.22064432203769685,3
81,RCalfTwist_02,0.17974939197301865,0.19713571667671204,0.2483631193637848,3
37,Bip001,0.1797487735748291,0.16055457293987274,0.20702624022960664,3
84,clavicle_l,0.17953348408142725,0.16737912595272064,0.2343992918729782,3
72,LCalfTwist_03,0.17952989786863327,0.20394131541252136,0.20998855233192443,3
78,head,0.17948431024948755,0.16762176156044006,0.27213061451911924,3
77,RUpArmTwist_l_01,0.1794023464123408,0.12908214330673218,0.28375462293624876,3
49,LCalfTwist_01,0.17939441899458566,0.1961396038532257,0.20230358242988586,3
76,clavicle_l,0.17925988137722015,0.13351301848888397,0.24694684445858003,3
10,RCalfTwist_02,0.1792247494061788,0.19920140504837036,0.21352860927581788,3
77,RCalfTwist_01,0.179203599691391,0.1438995897769928,0.2637984097003937,3
10,clavicle_l,0.17919366310040155,0.1982678920030594,0.23623432219028473,3
56,R_ForeTwist_02,0.17919082939624786,0.1779647022485733,0.1949753314256668,3
23,RCalfTwist_01,0.17917093137900034,0.17295639216899872,0.20978693664073944,3
19,spine_02,0.17914767563343048,0.19752417504787445,0.23011853396892548,3
27,RUpArmTwist_l_01,0.17914236088593802,0.19172263145446777,0.23569737672805785,3
6,RUpArmTwist_l_01,0.17903358985980353,0.1939040720462799,0.2281966269016266,3
58,clavicle_l,0.1790101503332456,0.21772819757461548,0.22015540599822997,3
83,RCalfTwist_01,0.17895541588465372,0.15902967751026154,0.21921018660068511,3
22,head,0.1789529211819172,0.19950762391090393,0.28426201939582824,3
67,RCalfTwist_02,0.178760456542174,0.18274500966072083,0.25504963994026186,3
24,Bip001,0.17871668934822083,0.16328024864196777,0.21159361600875853,3
44,LCalfTwist_01,0.17850187917550406,0.16512003540992737,0.20303788781166077,3
58,index_01_l,0.17842974265416464,0.16376572847366333,0.21199417114257812,3
72,LCalfTwist_01,0.17841326196988425,0.21047304570674896,0.21811709105968474,3
83,LCalfTwist_03,0.17787015934785208,0.1557668298482895,0.2211417406797409,3
6,Bip001,0.1778548608223597,0.18242405354976654,0.20207835137844085,3
43,RCalfTwist_02,0.17779714738329253,0.20394976437091827,0.25715302526950834,3
21,LCalfTwist_01,0.1777903288602829,0.1565144658088684,0.2078192114830017,3
44,calf_r,0.17776347696781158,0.12344151735305786,0.27560092210769654,3
11,RCalfTwist_01,0.17763166626294455,0.17806130647659302,0.195865261554718,3
38,clavicle_l,0.17758159836133322,0.14006727933883667,0.23089150190353394,3
49,RUpArmTwist_l_01,0.17742029080788294,0.21839639544487,0.22406734824180602,3
47,LCalfTwist_01,0.17732971906661987,0.15377284586429596,0.23256774246692657,3
43,spine_02,0.17711953818798065,0.15612080693244934,0.22732287049293518,3
21,Bip001,0.17700930684804916,0.18987038731575012,0.2345818817615509,3
12,LCalfTwist_03,0.17687163750330606,0.16121521592140198,0.19881995320320128,3
45,Bip001,0.17686962087949118,0.1769121140241623,0.18049812018871308,3
54,Bip001,0.17686926325162253,0.1724792718887329,0.19275637865066528,3
55,R_ForeTwist_02,0.17685184379418692,0.1761743426322937,0.20174636840820312,3
70,LCalfTwist_02,0.17684129377206168,0.1625656932592392,0.20453937947750092,3
1,RUpArmTwist_l_02,0.17682030300299326,0.15878014266490936,0.22742777764797212,3
20,LCalfTwist_02,0.1767875701189041,0.17656272649765015,0.20992231369018555,3
60,RCalfTwist_03,0.17677141229311624,0.19958460330963135,0.2015549898147583,3
74,ball_l,0.17669742554426193,0.1403121054172516,0.2433784306049347,3
83,spine_02,0.17669524252414703,0.1878500133752823,0.22114854156970978,3
17,spine_02,0.17661927143732706,0.1757408231496811,0.18493814170360565,3
42,R_ForeTwist_01,0.17656571169694266,0.16238170862197876,0.20015692710876465,3
76,spine_02,0.17647919803857803,0.19795924425125122,0.22160770893096923,3
72,R_ForeTwist_02,0.1763310730457306,0.16469453275203705,0.20353154838085175,3
13,clavicle_l,0.17621836811304092,0.16004031896591187,0.24092291593551635,3
38,RCalfTwist_03,0.17608080804347992,0.18087325990200043,0.18763050734996795,3
83,index_01_l,0.1760393256942431,0.19692526757717133,0.21191254556179046,3
25,RCalfTwist_02,0.17601841688156128,0.16843244433403015,0.18828478455543518,3
61,calf_r,0.17589775721232095,0.20726194977760315,0.2144611060619354,3
75,ball_l,0.17585345109303793,0.1782248616218567,0.22301119565963745,3
20,head,0.17583285768826803,0.16864070296287537,0.26937655806541444,3
85,lowerarm_r,0.1758241355419159,0.14355160295963287,0.2438017874956131,3
12,Bip001,0.1757210592428843,0.19877348840236664,0.25648791491985323,3
49,spine_01,0.17571783065795898,0.1644546240568161,0.24615879952907563,3
84,LCalfTwist_01,0.1756974384188652,0.18959546089172363,0.20889976024627685,3
45,calf_r,0.17569571236769357,0.1043504849076271,0.3051541641354561,3
21,RUpArmTwist_r_01,0.17568878332773843,0.1767280548810959,0.18947634398937224,3
12,R_ForeTwist_02,0.17561417818069458,0.1959467977285385,0.20589837729930877,3
36,Bip001,0.17550706366697946,0.16772083938121796,0.19414132535457612,3
4,LCalfTwist_02,0.1754378875096639,0.15334779024124146,0.2191666007041931,3
34,R_ForeTwist_02,0.17522282898426056,0.1379583179950714,0.2351783096790314,3
8,RUpArmTwist_l_01,0.1752226303021113,0.13515280187129974,0.23809649646282197,3
80,RCalfTwist_02,0.17522262036800385,0.1895621418952942,0.230204176902771,3
23,R_ForeTwist_02,0.17516695459683737,0.16873863339424133,0.21250211596488952,3
28,Bip001,0.17509434123833975,0.20145781338214874,0.2128356486558914,3
47,RUpArmTwist_r_01,0.17505154261986414,0.1259409636259079,0.2469911426305771,3
75,Bip001,0.1750070403019587,0.16455791890621185,0.19034366309642792,3
70,Bip001,0.1748550981283188,0.14487144351005554,0.2182513415813446,3
46,R_ForeTwist_02,0.1748356968164444,0.16367454826831818,0.20684875547885895,3
9,LCalfTwist_03,0.17475893596808115,0.20428596436977386,0.21266556680202484,3
34,Bip001,0.17466129859288534,0.15751203894615173,0.2197985827922821,3
51,LCalfTwist_01,0.174491877357165,0.16863594949245453,0.1838746041059494,3
66,foot_l,0.17448420077562332,0.1424759477376938,0.24688615500926972,3
48,clavicle_l,0.17445518573125204,0.17522071301937103,0.23302215039730073,3
15,RCalfTwist_01,0.1743445098400116,0.1878393292427063,0.23176841735839843,3
7,LCalfTwist_01,0.1742698699235916,0.17989258468151093,0.1818824142217636,3
49,index_01_l,0.17402232189973196,0.1509362906217575,0.20934374034404754,3
20,Bip001,0.1738067790865898,0.2167213261127472,0.22373120188713075,3
38,spine_02,0.17376930018266043,0.17551757395267487,0.18812842667102814,3
45,RUpArmTwist_l_01,0.17369356751441956,0.18989348411560059,0.21838403940200807,3
61,Bip001,0.17363758385181427,0.17520850896835327,0.18947232961654664,3
76,RUpArmTwist_l_02,0.17356884479522705,0.149490088224411,0.25596222281455994,3
58,Bip001,0.17354629933834076,0.15398100018501282,0.2140181005001068,3
46,RUpArmTwist_r_02,0.17352539797623953,0.17817920446395874,0.19072829484939574,3
53,RUpArmTwist_r_01,0.1735079661011696,0.13634774088859558,0.250155109167099,3
18,LCalfTwist_02,0.17340866352121034,0.21097373962402344,0.2454930543899536,3
5,R_ForeTwist_02,0.17338791489601135,0.15598224103450775,0.2153813809156418,3
1,R_ForeTwist_01,0.17335695028305054,0.1665678173303604,0.22668862640857695,3
25,index_01_l,0.17323110500971475,0.16278989613056183,0.19402252733707429,3
65,hand_l,0.17303187772631645,0.17703793942928314,0.25942148864269254,3
36,R_ForeTwist_02,0.1730069319407145,0.15034765005111694,0.21278616189956664,3
47,clavicle_l,0.17297020678718886,0.22408191859722137,0.23591980636119841,3
55,foot_l,0.17280040433009466,0.14878082275390625,0.23830254077911378,3
35,R_ForeTwist_02,0.1727913717428843,0.16344401240348816,0.22257681488990783,3
54,clavicle_l,0.17278360947966576,0.17875981330871582,0.27005815505981445,3
19,R_ForeTwist_02,0.17276066541671753,0.1684502512216568,0.19742248356342315,3
1,clavicle_l,0.1726137896378835,0.1913820058107376,0.2246676951646805,3
4,R_ForeTwist_02,0.17257354160149893,0.1584237515926361,0.20593100190162658,3
9,RCalfTwist_01,0.17256532112757364,0.18472473323345184,0.1964900702238083,3
63,spine_02,0.1725563332438469,0.15560050308704376,0.2242346554994583,3
34,clavicle_l,0.1722003643711408,0.19847732782363892,0.19953371286392213,3
55,Bip001,0.172175462047259,0.18330411612987518,0.1868433326482773,3
48,calf_l,0.17215892424186072,0.22143509984016418,0.22374786734580993,3
21,clavicle_l,0.17212964097658792,0.08935128897428513,0.2995401367545128,3
79,R_ForeTwist_02,0.17207194864749908,0.16212044656276703,0.18919893205165864,3
0,LCalfTwist_03,0.17204906543095908,0.17735017836093903,0.21555112898349763,3
71,LCalfTwist_01,0.17194749414920807,0.1794329136610031,0.19790005385875703,3
8,RCalfTwist_01,0.17171689371267954,0.17059393227100372,0.19352780878543854,3
29,LCalfTwist_02,0.17165280133485794,0.14779634773731232,0.2255661517381668,3
18,Bip001,0.17159555852413177,0.1556214839220047,0.21440952122211457,3
75,RCalfTwist_03,0.17126010358333588,0.1729695051908493,0.18233018815517427,3
49,spine_02,0.1711850712696711,0.15657499432563782,0.20376262068748474,3
57,Bip001,0.17117893447478613,0.16556081175804138,0.21290372014045716,3
83,Bip001,0.17117187877496085,0.1518910974264145,0.22471332252025605,3
0,RUpArmTwist_l_02,0.17116236686706543,0.13012386858463287,0.2654959946870804,3
61,L_ForeTwist_02,0.1709464192390442,0.16344280540943146,0.1968819409608841,3
11,RCalfTwist_03,0.17093385756015778,0.15990659594535828,0.19657986760139465,3
5,RUpArmTwist_r_01,0.1708402931690216,0.18391472101211548,0.1885910987854004,3
24,R_ForeTwist_02,0.17082425455252329,0.16203996539115906,0.1926588237285614,3
74,index_01_l,0.1706087961792946,0.2062389850616455,0.20808833837509155,3
46,spine_01,0.1705474704504013,0.14411301910877228,0.21288645565509795,3
10,LCalfTwist_03,0.17052915692329407,0.18592076003551483,0.215393528342247,3
55,LCalfTwist_01,0.17047613362471262,0.16298070549964905,0.18674798607826232,3
76,RUpArmTwist_l_01,0.17047238598267236,0.16480430960655212,0.21765218377113343,3
73,R_ForeTwist_02,0.17046266794204712,0.15892741084098816,0.20833926796913146,3
24,head,0.17043096075455347,0.13803350925445557,0.2314227819442749,3
52,L_ForeTwist_01,0.17038617531458536,0.1659957617521286,0.1769846647977829,3
77,R_ForeTwist_02,0.17033515373865762,0.12153880298137665,0.26122353971004486,3
6,LCalfTwist_01,0.17031686007976532,0.16621609032154083,0.1761848360300064,3
32,Bip001,0.1701354185740153,0.1494775116443634,0.2446864426136017,3
74,R_ForeTwist_02,0.16983949641386667,0.17063230276107788,0.1730203628540039,3
25,head,0.16977815826733908,0.11968523263931274,0.25798481702804565,3
48,RUpArmTwist_r_01,0.16976207494735718,0.15459369122982025,0.19259969890117645,3
60,RUpArmTwist_r_02,0.16971181829770407,0.17184050381183624,0.20332769453525543,3
28,RCalfTwist_01,0.16963506738344827,0.18225722014904022,0.18866675794124604,3
78,RCalfTwist_03,0.1695734957853953,0.1950768381357193,0.20829536020755768,3
68,clavicle_l,0.16946147630612055,0.15615005791187286,0.25010301172733307,3
63,R_ForeTwist_02,0.16935038069883981,0.17966999113559723,0.2095367819070816,3
82,RCalfTwist_01,0.16932413975397745,0.1598452627658844,0.18584834933280944,3
23,head,0.16931783159573874,0.16831636428833008,0.27390906810760496,3
44,spine_02,0.1692596028248469,0.14537329971790314,0.20802005827426912,3
81,RCalfTwist_03,0.16918173929055533,0.1618386059999466,0.18233559429645538,3
73,RCalfTwist_01,0.16916165252526602,0.1361444592475891,0.2275417685508728,3
16,LCalfTwist_03,0.16912378122409186,0.16339915990829468,0.22581197023391725,3
4,LCalfTwist_01,0.16912108908096948,0.19580037891864777,0.216812601685524,3
42,clavicle_l,0.16910187900066376,0.15717683732509613,0.18587983548641204,3
9,RUpArmTwist_l_01,0.16904487212498984,0.16470840573310852,0.17648404240608215,3
62,LCalfTwist_03,0.16901193062464395,0.1869986355304718,0.19296801686286927,3
38,RUpArmTwist_l_01,0.16898124913374582,0.20296066999435425,0.22279597520828248,3
77,LCalfTwist_01,0.16892977058887482,0.1720685362815857,0.19328522682189941,3
14,RCalfTwist_02,0.1689172461628914,0.19861820340156555,0.20773696303367614,3
51,R_ForeTwist_02,0.16888615737358728,0.20615148544311523,0.2153216242790222,3
78,spine_02,0.16884452104568481,0.15783633291721344,0.18726241886615752,3
82,calf_l,0.16865471502145132,0.15768268704414368,0.20160409808158875,3
40,LCalfTwist_03,0.16861279557148615,0.1771962195634842,0.2289082795381546,3
45,clavicle_l,0.16861272354920706,0.20915664732456207,0.21772495806217193,3
45,LCalfTwist_01,0.16851942737897238,0.1594979614019394,0.2227204769849777,3
63,RCalfTwist_01,0.16834447284539542,0.1841450035572052,0.22660250067710877,3
45,head,0.16831814497709274,0.1587640345096588,0.257474547624588,3
5,RUpArmTwist_r_02,0.16828375309705734,0.13200053572654724,0.23599955439567566,3
13,RUpArmTwist_r_02,0.16821171840031943,0.13543947041034698,0.2619164615869522,3
13,RCalfTwist_03,0.16803161799907684,0.15599936246871948,0.20318958759307862,3
61,R_ForeTwist_01,0.16801320761442184,0.18261587619781494,0.20184391736984253,3
60,L_ForeTwist_01,0.16795537372430167,0.1607753336429596,0.18657030463218688,3
44,LCalfTwist_02,0.16784859697024027,0.1419002264738083,0.20588838756084443,3
61,RCalfTwist_03,0.16769184172153473,0.15482553839683533,0.18664491772651673,3
49,LCalfTwist_03,0.16762076814969382,0.17993886768817902,0.180313840508461,3
52,Bip001,0.1675101841489474,0.18497689068317413,0.20225572884082793,3
47,RCalfTwist_03,0.1674975504477819,0.16490699350833893,0.18151572048664094,3
63,Bip001,0.1674323429663976,0.15311679244041443,0.19451772570610046,3
22,LCalfTwist_02,0.1673833504319191,0.18760347366333008,0.20025200843811036,3
36,RCalfTwist_02,0.16737514237562814,0.17207945883274078,0.2086860090494156,3
3,Bip001,0.16733320554097494,0.15691855549812317,0.19299493432044984,3
69,Bip001,0.16726811230182648,0.14462140202522278,0.20649241805076599,3
63,RUpArmTwist_l_01,0.16714285065730414,0.15590085089206696,0.213840451836586,3
47,R_ForeTwist_02,0.167124072710673,0.15820105373859406,0.19531798660755156,3
11,head,0.16710777332385382,0.17586307227611542,0.2080739825963974,3
12,RCalfTwist_01,0.1670901154478391,0.1903735250234604,0.21855249106884003,3
23,Bip001,0.16700089474519095,0.1712314784526825,0.20412110686302185,3
3,RCalfTwist_02,0.1667814552783966,0.17069537937641144,0.19721337854862214,3
34,RCalfTwist_01,0.16675392538309097,0.18746314942836761,0.19923922717571257,3
3,LCalfTwist_03,0.16661857316891351,0.1494131088256836,0.24397857189178468,3
62,RUpArmTwist_r_01,0.16655952235062918,0.19378234446048737,0.21659202873706818,3
51,clavicle_l,0.1664691964785258,0.18349173665046692,0.23587769865989686,3
21,calf_r,0.1664415697256724,0.1588580459356308,0.24547600448131562,3
15,spine_01,0.16626116633415222,0.15220509469509125,0.19903109967708588,3
69,RCalfTwist_01,0.16623346010843912,0.1582925021648407,0.19383831620216369,3
83,RUpArmTwist_r_01,0.16616615653038025,0.17357951402664185,0.21761471033096313,3
82,ball_l,0.1661518265803655,0.16524279117584229,0.19196851253509523,3
55,RCalfTwist_03,0.166148213048776,0.18549413979053497,0.2141874462366104,3
65,LCalfTwist_03,0.16608632852633795,0.16409842669963837,0.2169984310865402,3
67,spine_02,0.16600961734851202,0.20592652261257172,0.21674823462963105,3
64,clavicle_l,0.1659714157382647,0.16273339092731476,0.2247779756784439,3
84,RCalfTwist_01,0.1656721035639445,0.16839343309402466,0.1742972493171692,3
50,clavicle_l,0.16565516591072083,0.1986905187368393,0.2134596437215805,3
75,R_ForeTwist_02,0.16557171444098154,0.17707417905330658,0.1799488991498947,3
31,Bip001,0.16556461652119955,0.17784738540649414,0.2166670799255371,3
35,Bip001,0.16552010675271353,0.16916202008724213,0.18654082715511322,3
75,RCalfTwist_01,0.16540063420931497,0.1700676828622818,0.1906331092119217,3
57,RCalfTwist_01,0.16537459194660187,0.14990268647670746,0.20029966533184052,3
55,LCalfTwist_02,0.16532019277413687,0.14356715977191925,0.20833759605884553,3
31,RCalfTwist_01,0.1652787228425344,0.19442956149578094,0.2006044715642929,3
66,RCalfTwist_02,0.16519024968147278,0.15354014933109283,0.22413192093372344,3
9,ball_r,0.16516728699207306,0.12799687683582306,0.24817477762699128,3
66,LCalfTwist_01,0.1651150236527125,0.1729009598493576,0.17501724660396575,3
33,LCalfTwist_03,0.16496858994166055,0.1327860951423645,0.21452609300613404,3
24,LCalfTwist_01,0.16483030716578165,0.16498424112796783,0.1849290758371353,3
65,clavicle_l,0.16477320343255997,0.1995084434747696,0.20719862282276152,3
81,clavicle_l,0.16470752159754434,0.12242797762155533,0.23562250882387162,3
24,RCalfTwist_02,0.16440874338150024,0.1739262342453003,0.18497676849365235,3
58,RUpArmTwist_r_01,0.16437958677609762,0.13924144208431244,0.20103248059749604,3
74,RUpArmTwist_r_01,0.16430876900752386,0.1417090892791748,0.21391834020614625,3
5,RUpArmTwist_l_01,0.16421367724736533,0.17194856703281403,0.24597995579242707,3
65,ball_l,0.16406250993410745,0.1688884198665619,0.16935139298439025,3
10,RCalfTwist_01,0.1640614519516627,0.15957796573638916,0.19007673263549804,3
44,Bip001,0.16398328046003977,0.16404172778129578,0.1676263391971588,3
46,RCalfTwist_03,0.16383934517701468,0.15224438905715942,0.18371959924697875,3
23,RCalfTwist_02,0.163827915986379,0.17233401536941528,0.177767014503479,3
17,R_ForeTwist_02,0.16368803878625235,0.1813632845878601,0.20603680610656738,3
70,R_ForeTwist_02,0.16366680463155112,0.16557343304157257,0.17951479256153108,3
73,LCalfTwist_01,0.16350880016883215,0.17719784379005432,0.19122665524482726,3
67,clavicle_l,0.1633494608104229,0.21063902974128723,0.2175426661968231,3
32,R_ForeTwist_02,0.163307286798954,0.18013375997543335,0.22971937656402588,3
74,RCalfTwist_02,0.16309825579325357,0.15554426610469818,0.1827684611082077,3
73,clavicle_l,0.16307875017325082,0.1644986867904663,0.21609117984771728,3
29,RCalfTwist_01,0.16298476109902063,0.17153310775756836,0.1976858377456665,3
42,head,0.16294580201307932,0.20387141406536102,0.21791211068630217,3
46,LCalfTwist_01,0.16289687405029932,0.1601063758134842,0.20574229061603547,3
16,R_ForeTwist_02,0.16285696377356848,0.18500101566314697,0.21080200672149657,3
79,LCalfTwist_01,0.16281965374946594,0.16515520215034485,0.18917449116706847,3
48,RCalfTwist_01,0.162785438199838,0.1518373191356659,0.21219715476036072,3
80,R_ForeTwist_02,0.16274295250574747,0.15537430346012115,0.1819295197725296,3
38,LCalfTwist_03,0.16254480183124542,0.16181617975234985,0.18407723903656006,3
32,RCalfTwist_01,0.16253147025903067,0.1502569317817688,0.18191434144973756,3
8,R_ForeTwist_02,0.16246754924456278,0.14314375817775726,0.2026137202978134,3
22,R_ForeTwist_01,0.16239996006091437,0.1754952222108841,0.2125834733247757,3
64,RCalfTwist_01,0.16226552178462347,0.15551970899105072,0.2344166725873947,3
71,index_01_l,0.162264717121919,0.1798836588859558,0.18900634050369264,3
51,RCalfTwist_01,0.16225600242614746,0.1496630609035492,0.22493569254875184,3
38,L_ForeTwist_01,0.1621646136045456,0.1393435299396515,0.19956979155540466,3
56,foot_l,0.16211477170387903,0.16987912356853485,0.23258285224437714,3
26,RCalfTwist_02,0.1620750923951467,0.15588760375976562,0.17335882186889648,3
21,RCalfTwist_02,0.16200227538744608,0.15476183593273163,0.19446369111537934,3
54,L_ForeTwist_01,0.1619833211104075,0.19026094675064087,0.1912984609603882,3
29,head,0.16190278778473535,0.19444838166236877,0.20879326462745668,3
11,LCalfTwist_02,0.1617643063267072,0.19265584647655487,0.20111078917980194,3
9,LCalfTwist_02,0.16176016132036844,0.16946175694465637,0.19702760577201844,3
33,RCalfTwist_03,0.16170725474754968,0.17020897567272186,0.20118990838527678,3
1,LCalfTwist_01,0.16163057833909988,0.14872604608535767,0.20337077379226684,3
60,spine_02,0.16155311465263367,0.1434832066297531,0.19673809707164763,3
69,LCalfTwist_02,0.1614968627691269,0.15409430861473083,0.17257614731788634,3
33,RCalfTwist_01,0.16147074103355408,0.14438369870185852,0.19022191166877747,3
17,head,0.16140775258342424,0.15183858573436737,0.26403857171535494,3
69,RUpArmTwist_r_01,0.16134227315584818,0.14080257713794708,0.2135563760995865,3
61,LCalfTwist_01,0.16092758377393088,0.17164652049541473,0.1795315235853195,3
19,Bip001,0.1607752318183581,0.19667759537696838,0.21082096695899963,3
66,LCalfTwist_02,0.160750612616539,0.170955091714859,0.17964476943016053,3
1,L_ForeTwist_01,0.16073560218016306,0.14594103395938873,0.18783465921878814,3
74,spine_02,0.1606701115767161,0.17239826917648315,0.21056386232376098,3
18,RCalfTwist_02,0.1606542021036148,0.1409727931022644,0.19406906366348267,3
22,RCalfTwist_02,0.16064434746901193,0.1530567705631256,0.2283107578754425,3
54,LCalfTwist_02,0.1606257309516271,0.1654147356748581,0.18500241935253142,3
59,Bip001,0.16050168375174204,0.15718300640583038,0.18592503368854524,3
26,head,0.16042193149526915,0.09831079095602036,0.2766070529818535,3
30,spine_02,0.1603984832763672,0.17126154899597168,0.18192894458770753,3
3,LCalfTwist_01,0.16037055353323618,0.14140985906124115,0.19504162967205046,3
29,LCalfTwist_01,0.16013021767139435,0.15113919973373413,0.22086373567581177,3
37,RCalfTwist_03,0.1600515345732371,0.14952586591243744,0.18841318786144257,3
6,LCalfTwist_03,0.1600273276368777,0.15320393443107605,0.19828035235404967,3
7,LCalfTwist_02,0.15997925400733948,0.16141332685947418,0.17302999794483184,3
35,RCalfTwist_02,0.1599621350566546,0.1651017814874649,0.2016219288110733,3
76,Bip001,0.15990004936854044,0.17991995811462402,0.19601653814315795,3
22,R_ForeTwist_02,0.1598502000172933,0.12215898931026459,0.22028928697109224,3
29,Bip001,0.1598121722539266,0.1884024292230606,0.20778546631336212,3
5,LCalfTwist_03,0.15980509916941324,0.15088321268558502,0.18867243826389313,3
59,clavicle_l,0.15972408403952917,0.14872249960899353,0.21393399834632873,3
33,LCalfTwist_02,0.15968323747316995,0.15879850089550018,0.17771665751934052,3
17,Bip001,0.15966655065615973,0.1666046679019928,0.1973490297794342,3
65,spine_02,0.15961749106645584,0.1757713407278061,0.20895622670650482,3
70,RUpArmTwist_r_01,0.15942243238290152,0.15885882079601288,0.18000427186489104,3
52,R_ForeTwist_02,0.15919954081376395,0.1497616171836853,0.22694381475448608,3
20,RCalfTwist_02,0.15919401248296103,0.141156867146492,0.19170941412448883,3
33,hand_l,0.15914740661780039,0.20032161474227905,0.21033436059951782,3
82,spine_02,0.15914601211746535,0.21825596690177917,0.2334518849849701,3
17,RCalfTwist_01,0.15909365316232046,0.16273315250873566,0.19325523674488068,3
14,R_ForeTwist_02,0.15903042753537497,0.17170417308807373,0.18191194534301758,3
44,clavicle_l,0.1590225746234258,0.17378418147563934,0.18749370276927949,3
48,LCalfTwist_01,0.159002718826135,0.12732811272144318,0.20965234339237213,3
62,R_ForeTwist_02,0.15894045929114023,0.15756669640541077,0.18399046063423158,3
56,RCalfTwist_02,0.15888973325490952,0.12444252520799637,0.2172359362244606,3
46,LCalfTwist_02,0.1587900916735331,0.15262500941753387,0.1688433140516281,3
67,LCalfTwist_01,0.15877662102381387,0.14976656436920166,0.19460183382034302,3
78,clavicle_l,0.158675750096639,0.13841784000396729,0.23985121250152588,3
61,RCalfTwist_01,0.15863240013519922,0.16095978021621704,0.20131219625473024,3
4,L_ForeTwist_01,0.15858564525842667,0.14957846701145172,0.20661441385746002,3
20,LCalfTwist_01,0.15849672257900238,0.1551530659198761,0.18169061541557313,3
30,RCalfTwist_02,0.15841385970513025,0.13510699570178986,0.21679822504520416,3
81,Bip001,0.15834290782610574,0.15561877191066742,0.17571296393871308,3
21,LCalfTwist_03,0.15826945006847382,0.15000002086162567,0.1793735593557358,3
22,LCalfTwist_01,0.1581773360570272,0.16860871016979218,0.16937547624111177,3
64,RCalfTwist_03,0.15804963807264963,0.16548751294612885,0.16773755252361297,3
69,R_ForeTwist_02,0.1580193986495336,0.16837911307811737,0.1898035615682602,3
2,RCalfTwist_03,0.15796720733245215,0.10629535466432571,0.2342657819390297,3
16,spine_02,0.15794138113657633,0.17763198912143707,0.1915641576051712,3
51,Bip001,0.15786410868167877,0.15613797307014465,0.18199161887168885,3
59,LCalfTwist_03,0.15777083237965903,0.13338620960712433,0.19816867411136627,3
76,R_ForeTwist_02,0.15771390000979105,0.13368460536003113,0.2223096787929535,3
72,RUpArmTwist_r_01,0.1576611896355947,0.15858043730258942,0.1807813435792923,3
4,head,0.1575604739288489,0.1801900714635849,0.22247401177883147,3
68,Bip001,0.15741990258296332,0.16840702295303345,0.18186389207839965,3
32,RCalfTwist_03,0.15740623076756796,0.1722872406244278,0.18401550352573395,3
64,RUpArmTwist_l_01,0.1573165605465571,0.14686249196529388,0.17518572509288788,3
44,RCalfTwist_02,0.15723562240600586,0.1551441103219986,0.21680499613285065,3
64,Bip001,0.15715685983498892,0.13396906852722168,0.19143881797790527,3
44,R_ForeTwist_02,0.15714319298664728,0.18578222393989563,0.19181913733482361,3
33,R_ForeTwist_01,0.1570284739136696,0.12234999239444733,0.21262320578098298,3
18,R_ForeTwist_02,0.15702499945958456,0.14730136096477509,0.20360741317272185,3
13,RCalfTwist_02,0.15688529113928476,0.1488076150417328,0.16994090676307677,3
29,spine_02,0.15679356207450232,0.1715576946735382,0.18544648289680482,3
31,LCalfTwist_01,0.15678568805257478,0.12804844975471497,0.2649107038974762,3
21,RCalfTwist_01,0.15678170571724573,0.1192442998290062,0.22498981207609178,3
32,RCalfTwist_02,0.15654834856589636,0.1781143844127655,0.19118056893348695,3
43,clavicle_l,0.15643847733736038,0.16214655339717865,0.18036046922206878,3
63,RCalfTwist_02,0.15639671434958777,0.1382918655872345,0.20579350590705872,3
67,Bip001,0.15626871585845947,0.1628069132566452,0.17696262300014495,3
26,L_ForeTwist_01,0.15623096376657486,0.15342934429645538,0.1847456604242325,3
54,R_ForeTwist_02,0.15617411335309347,0.14159908890724182,0.19110029339790344,3
73,RCalfTwist_02,0.15616544087727866,0.13853654265403748,0.18841713070869445,3
4,LCalfTwist_03,0.15604320168495178,0.15454526245594025,0.17915221750736238,3
35,LCalfTwist_02,0.15576250851154327,0.16809284687042236,0.2223656415939331,3
53,calf_r,0.1557457223534584,0.09719156473875046,0.2567340597510338,3
70,LCalfTwist_01,0.15572331845760345,0.1535044014453888,0.15990228056907654,3
84,RCalfTwist_02,0.15572132666905722,0.1794314980506897,0.1906365156173706,3
30,RCalfTwist_01,0.15562187135219574,0.14876621961593628,0.1715350031852722,3
64,RUpArmTwist_r_01,0.1555044154326121,0.14343054592609406,0.1870350271463394,3
50,Bip001,0.1553758978843689,0.15788137912750244,0.17201642990112304,3
58,L_ForeTwist_02,0.15534134457508722,0.1763542741537094,0.19097242057323455,3
76,RCalfTwist_02,0.1553191045920054,0.15857332944869995,0.1692163825035095,3
50,RCalfTwist_01,0.1552046835422516,0.15960372984409332,0.1647933155298233,3
64,RCalfTwist_02,0.15517334391673407,0.11044414341449738,0.22443985044956208,3
80,LCalfTwist_01,0.15508360415697098,0.17163726687431335,0.17287814021110534,3
57,clavicle_l,0.15483200550079346,0.12162908911705017,0.2340927302837372,3
80,head,0.1547717402378718,0.15038524568080902,0.16094469726085664,3
19,LCalfTwist_02,0.15462654332319895,0.17519080638885498,0.17548058032989503,3
23,LCalfTwist_01,0.15458600719769797,0.1687869131565094,0.18589532971382142,3
46,calf_r,0.15447794646024704,0.17821858823299408,0.18539756238460542,3
63,RCalfTwist_03,0.15435245633125305,0.15930794179439545,0.17095449864864348,3
68,RCalfTwist_01,0.15419784684975943,0.11916854977607727,0.20868751406669617,3
45,RCalfTwist_03,0.15402049819628397,0.1369662582874298,0.18007516264915466,3
83,RCalfTwist_03,0.15388206640879312,0.16498050093650818,0.17785820364952087,3
32,R_ForeTwist_01,0.1538305034240087,0.12284239381551743,0.19979140013456345,3
41,LCalfTwist_02,0.15376095722119013,0.16468700766563416,0.18262147307395935,3
68,LCalfTwist_01,0.15371888627608618,0.13713222742080688,0.1874788999557495,3
17,LCalfTwist_02,0.15363935381174088,0.13790418207645416,0.23029494583606722,3
70,RCalfTwist_01,0.15338773528734842,0.15540297329425812,0.17503789961338043,3
41,RCalfTwist_01,0.15312360723813376,0.14895731210708618,0.1626671075820923,3
74,RUpArmTwist_l_01,0.1531127765774727,0.1848597526550293,0.1963763117790222,3
61,RCalfTwist_02,0.1530481825272242,0.15357130765914917,0.1627017855644226,3
34,L_ForeTwist_01,0.15304424613714218,0.12889644503593445,0.2156442940235138,3
7,RCalfTwist_02,0.1529708132147789,0.1669335663318634,0.1743516743183136,3
2,RCalfTwist_02,0.15290491531292597,0.09995590150356293,0.2559141844511032,3
56,RCalfTwist_01,0.15288387735684714,0.16250596940517426,0.16669780910015106,3
30,RUpArmTwist_l_01,0.15281131863594055,0.13794192671775818,0.17424293160438536,3
3,RCalfTwist_01,0.15278825908899307,0.18141888082027435,0.19299766719341277,3
62,RCalfTwist_01,0.1527003621061643,0.18458333611488342,0.20337325930595399,3
66,clavicle_l,0.15266799057523409,0.17032749950885773,0.21525239050388337,3
61,clavicle_l,0.15263279775778452,0.17173905670642853,0.20124128162860871,3
37,clavicle_l,0.15256868054469427,0.1469998061656952,0.21575363278388976,3
52,LCalfTwist_02,0.15247007956107458,0.14250747859477997,0.19406547248363495,3
19,RCalfTwist_01,0.15207789838314056,0.16945305466651917,0.18114345669746398,3
85,index_01_l,0.15194753060738245,0.14954563975334167,0.18989430069923402,3
1,LCalfTwist_02,0.15194310496250787,0.1527530699968338,0.17892575562000274,3
53,R_ForeTwist_02,0.1517513319849968,0.1113719642162323,0.22726063132286073,3
40,clavicle_l,0.1517329066991806,0.125005841255188,0.19539716243743896,3
62,clavicle_l,0.15169715136289597,0.1423521637916565,0.21550343036651612,3
10,RCalfTwist_03,0.15167059997717539,0.1502157300710678,0.15996809899806977,3
67,RUpArmTwist_l_01,0.15166804939508438,0.15298570692539215,0.17252329885959625,3
16,RCalfTwist_01,0.15163444727659225,0.17089875042438507,0.18173557817935942,3
23,LCalfTwist_02,0.15161886314551035,0.17197592556476593,0.1747191935777664,3
33,clavicle_l,0.1516075258453687,0.12180677056312561,0.2128500521183014,3
41,RCalfTwist_02,0.15153096616268158,0.17026177048683167,0.17853278517723084,3
33,head,0.15137029687563577,0.13822706043720245,0.21341902315616607,3
43,Bip001,0.15134364366531372,0.15137659013271332,0.15957433879375457,3
64,R_ForeTwist_02,0.15128389497598013,0.12923139333724976,0.2074578285217285,3
65,R_ForeTwist_02,0.15108500917752585,0.14867444336414337,0.20326164066791536,3
66,LCalfTwist_03,0.15103195856014887,0.12856163084506989,0.18654222786426544,3
81,R_ForeTwist_02,0.15101330230633417,0.17734624445438385,0.19215051233768463,3
59,L_ForeTwist_02,0.1510076274474462,0.15592092275619507,0.19546713829040527,3
41,Bip001,0.15090607355038324,0.16011829674243927,0.18550559580326081,3
69,LCalfTwist_01,0.1507694125175476,0.16173912584781647,0.1618182212114334,3
66,spine_02,0.150713333239158,0.1750871241092682,0.2187509834766388,3
1,Bip001,0.15070026367902756,0.18052023649215698,0.2052871346473694,3
48,LCalfTwist_03,0.15068091452121735,0.14568446576595306,0.17795200049877166,3
46,head,0.15065002689758936,0.14938275516033173,0.20925454795360565,3
82,R_ForeTwist_02,0.1505528837442398,0.1574133038520813,0.19682760238647462,3
40,spine_02,0.150408074259758,0.1611064076423645,0.1624378204345703,3
65,RCalfTwist_02,0.1503918394446373,0.15960177779197693,0.17013404965400697,3
22,hand_l,0.15026722103357315,0.1641274094581604,0.23212376832962037,3
51,LCalfTwist_03,0.15026341627041498,0.14541661739349365,0.17789216041564943,3
21,LCalfTwist_02,0.15019069612026215,0.1669006049633026,0.18111284375190734,3
30,L_ForeTwist_01,0.15006104111671448,0.13965550065040588,0.17202960848808288,3
80,Bip001,0.15000907331705093,0.15310709178447723,0.17350480258464812,3
36,LCalfTwist_02,0.14990990360577902,0.1310690939426422,0.20576068758964539,3
0,L_ForeTwist_01,0.1498898838957151,0.11360752582550049,0.20117833614349365,3
62,Bip001,0.14975979924201965,0.13999179005622864,0.16897189021110534,3
24,RCalfTwist_03,0.14971882849931717,0.13620688021183014,0.17916832268238067,3
15,R_ForeTwist_02,0.14949347575505575,0.1457081288099289,0.18930562436580659,3
51,L_ForeTwist_01,0.14943000177542368,0.14869549870491028,0.15505664944648742,3
37,L_ForeTwist_01,0.14940693229436874,0.15194068849086761,0.18857989013195037,3
55,clavicle_l,0.1493128053843975,0.20432531833648682,0.20520880222320556,3
18,RCalfTwist_01,0.14929165442784628,0.1555590033531189,0.1715655207633972,3
8,RCalfTwist_02,0.14903695633014044,0.14485560357570648,0.1920686811208725,3
20,RCalfTwist_03,0.14902577549219131,0.15241609513759613,0.18134970366954803,3
6,LCalfTwist_02,0.14898176491260529,0.14020265638828278,0.16127577126026155,3
70,RCalfTwist_02,0.14889549215634665,0.15555375814437866,0.15906912088394165,3
30,LCalfTwist_01,0.14884057144323984,0.13385343551635742,0.1722550392150879,3
77,clavicle_l,0.1488361582159996,0.14806877076625824,0.18000268638134004,3
65,RCalfTwist_01,0.14879930267731348,0.14540593326091766,0.2051967352628708,3
83,R_ForeTwist_02,0.14877814799547195,0.12206456810235977,0.19745844155550002,3
24,L_ForeTwist_01,0.14867429931958517,0.12304312735795975,0.21159184128046035,3
56,calf_r,0.14855153113603592,0.14514712989330292,0.17320010364055632,3
66,L_ForeTwist_01,0.14836044112841287,0.14157769083976746,0.17238609194755555,3
6,R_ForeTwist_02,0.14827853937943777,0.16198968887329102,0.19250696897506714,3
49,RCalfTwist_01,0.14815726379553476,0.14373788237571716,0.17030181288719176,3
63,clavicle_l,0.1481317157546679,0.16406963765621185,0.19942427575588226,3
15,head,0.14800938218832016,0.17787331342697144,0.18459361791610718,3
75,LCalfTwist_01,0.1479822297890981,0.13952505588531494,0.18934497833251954,3
23,L_ForeTwist_01,0.14796558767557144,0.15916864573955536,0.20910362899303436,3
5,head,0.14793160557746887,0.12811145186424255,0.1855681598186493,3
5,clavicle_l,0.14790100355943045,0.1303759664297104,0.18889866769313812,3
78,Bip001,0.1477199619015058,0.1252196580171585,0.2000773936510086,3
25,LCalfTwist_02,0.14757655809322992,0.14840656518936157,0.17686166763305664,3
20,RCalfTwist_01,0.1474628746509552,0.16531915962696075,0.17222531139850616,3
82,LCalfTwist_01,0.14744779219230017,0.11083994060754776,0.21643458157777787,3
33,R_ForeTwist_02,0.1473421131571134,0.11305190622806549,0.20101117193698884,3
79,Bip001,0.14721917112668356,0.15016913414001465,0.17862157821655272,3
46,RCalfTwist_02,0.14721614122390747,0.13867877423763275,0.18042640388011932,3
10,L_ForeTwist_01,0.14714322735865912,0.132406547665596,0.18445164263248442,3
56,LCalfTwist_01,0.14696922649939856,0.13953432440757751,0.17183887362480163,3
51,spine_02,0.1469095597664515,0.1570817530155182,0.1718626081943512,3
66,RCalfTwist_01,0.14682099719842276,0.11553411930799484,0.22014802545309067,3
37,LCalfTwist_02,0.1467196842034658,0.14464861154556274,0.19613503217697142,3
66,Bip001,0.14670193692048392,0.1551944464445114,0.17466751039028167,3
56,clavicle_l,0.14644182721773782,0.12493293732404709,0.21715491861104966,3
83,LCalfTwist_02,0.1463762198885282,0.15470054745674133,0.16388540863990783,3
84,R_ForeTwist_02,0.14635237058003744,0.13591685891151428,0.16767542958259582,3
79,L_ForeTwist_01,0.14616353809833527,0.1380433738231659,0.1658006489276886,3
79,clavicle_l,0.14609721302986145,0.08233177661895752,0.24376084804534914,3
72,clavicle_l,0.14591807375351587,0.16567574441432953,0.193937811255455,3
59,LCalfTwist_02,0.14565230160951614,0.152146115899086,0.16100409328937532,3
19,RCalfTwist_02,0.14555280158917108,0.14432504773139954,0.17039627432823182,3
16,RCalfTwist_03,0.1455036054054896,0.15494026243686676,0.16536315977573396,3
30,RCalfTwist_03,0.14548377692699432,0.14871978759765625,0.16275734901428224,3
71,RUpArmTwist_r_01,0.14532052725553513,0.147795632481575,0.17735909521579743,3
31,L_ForeTwist_02,0.14513512452443442,0.1345483511686325,0.16352786719799042,3
85,LCalfTwist_02,0.14513346056143442,0.1576986014842987,0.17402835488319396,3
75,LCalfTwist_02,0.14502075066169104,0.16550201177597046,0.17464146614074708,3
63,L_ForeTwist_01,0.144996111591657,0.13465465605258942,0.16679358780384063,3
57,spine_01,0.14496911441286406,0.1818627119064331,0.2048647165298462,3
36,L_ForeTwist_01,0.14494877308607101,0.12454048544168472,0.19992446452379226,3
53,hand_l,0.14490759000182152,0.15888865292072296,0.21790890991687775,3
85,R_ForeTwist_02,0.14483995487292609,0.12377432733774185,0.18506947308778762,3
7,RCalfTwist_03,0.1447936420639356,0.15446723997592926,0.16295969784259795,3
32,head,0.1447533369064331,0.12916135787963867,0.21634974479675292,3
9,calf_r,0.14447467029094696,0.10449502617120743,0.23061148673295975,3
81,LCalfTwist_01,0.14440167943636575,0.10595867037773132,0.2147034227848053,3
10,hand_l,0.1443736826380094,0.15896561741828918,0.21863226294517518,3
34,RCalfTwist_03,0.14406649519999823,0.1815943568944931,0.18376403748989106,3
32,L_ForeTwist_02,0.14403992891311646,0.15195447206497192,0.16188908815383912,3
17,RCalfTwist_02,0.14399348199367523,0.15845537185668945,0.17099361419677733,3
49,Bip001,0.14365368584791818,0.13455983996391296,0.17111942172050476,3
24,clavicle_l,0.1436067372560501,0.13006150722503662,0.21648305654525757,3
56,spine_01,0.14356782287359238,0.16241943836212158,0.21194262504577638,3
82,RCalfTwist_02,0.14355448136727014,0.1581932157278061,0.1769150346517563,3
67,RCalfTwist_01,0.14353725562493005,0.09867529571056366,0.20995324552059175,3
34,LCalfTwist_02,0.1434177334109942,0.1579093635082245,0.2179759919643402,3
68,R_ForeTwist_02,0.1433499058087667,0.14376559853553772,0.18272921442985535,3
32,L_ForeTwist_01,0.143252265950044,0.12119796127080917,0.17850286215543748,3
75,spine_02,0.14321645349264145,0.15872076153755188,0.18485262989997864,3
82,RCalfTwist_03,0.14300620555877686,0.14840513467788696,0.15226026773452758,3
77,LCalfTwist_03,0.14277245104312897,0.1257164031267166,0.17621656954288484,3
83,L_ForeTwist_02,0.14276166260242462,0.14286759495735168,0.15062974095344545,3
84,LCalfTwist_03,0.14274760584036508,0.14787450432777405,0.16407628655433654,3
47,L_ForeTwist_01,0.14269301295280457,0.14602500200271606,0.18618322610855104,3
5,L_ForeTwist_01,0.1424807384610176,0.1276712417602539,0.17018134593963624,3
9,RCalfTwist_02,0.14246229330698648,0.11301305890083313,0.20632333159446717,3
5,Bip001,0.1422834719220797,0.12326638400554657,0.16983308494091034,3
27,L_ForeTwist_01,0.14209872484207153,0.1318986862897873,0.1736417979001999,3
16,LCalfTwist_02,0.1420439158876737,0.11748091131448746,0.18827719241380692,3
54,RCalfTwist_02,0.14187118411064148,0.11395655572414398,0.184382888674736,3
23,LCalfTwist_03,0.14186462263266245,0.1266288459300995,0.17378150820732116,3
50,LCalfTwist_01,0.14179757237434387,0.15028820931911469,0.1508099764585495,3
80,LCalfTwist_02,0.1416571984688441,0.14007681608200073,0.15075459480285644,3
1,RCalfTwist_02,0.14135981102784476,0.13931915163993835,0.16658892035484313,3
66,R_ForeTwist_02,0.14114653567473093,0.15051980316638947,0.17810846865177155,3
31,R_ForeTwist_02,0.1411426936586698,0.16221241652965546,0.18307190835475923,3
13,L_ForeTwist_02,0.1409765655795733,0.14801660180091858,0.1505998909473419,3
45,RCalfTwist_02,0.14094423005978265,0.15241527557373047,0.15513207912445068,3
67,L_ForeTwist_01,0.1409213071068128,0.13071796298027039,0.1773863136768341,3
73,LCalfTwist_03,0.1408980612953504,0.13680626451969147,0.15981558859348297,3
57,foot_l,0.14054972430070242,0.17511853575706482,0.1848396122455597,3
43,RCalfTwist_03,0.140502097706,0.11659754812717438,0.18187651932239532,3
7,R_ForeTwist_02,0.14039974908034006,0.13463693857192993,0.1715333342552185,3
43,RCalfTwist_01,0.14027022818724313,0.14729513227939606,0.18523201048374177,3
65,LCalfTwist_02,0.14024139940738678,0.13016046583652496,0.17664099037647246,3
38,spine_01,0.13993020355701447,0.17375637590885162,0.17842661440372468,3
44,L_ForeTwist_01,0.13984634478886923,0.14373032748699188,0.15303498208522798,3
64,L_ForeTwist_01,0.13977612803379694,0.14115522801876068,0.1586557596921921,3
77,Bip001,0.13967633247375488,0.1341470628976822,0.19373312294483186,3
20,LCalfTwist_03,0.13965087197721004,0.163191556930542,0.2122476577758789,3
75,RUpArmTwist_l_01,0.13964612036943436,0.13496537506580353,0.16758698523044585,3
21,L_ForeTwist_02,0.1395675092935562,0.13722294569015503,0.16095514297485353,3
60,RUpArmTwist_l_01,0.139485997458299,0.14792586863040924,0.16557945311069489,3
85,L_ForeTwist_02,0.1394542952378591,0.11966342478990555,0.16787181049585342,3
85,RCalfTwist_02,0.13935315608978271,0.13995474576950073,0.14236518144607543,3
84,LCalfTwist_02,0.13894120355447134,0.1393415331840515,0.1423594117164612,3
67,R_ForeTwist_02,0.1387390817205111,0.13550086319446564,0.17254221737384795,3
54,RCalfTwist_03,0.1386660858988762,0.12802140414714813,0.17197037637233734,3
74,L_ForeTwist_01,0.13864906877279282,0.12034149467945099,0.1816850334405899,3
73,L_ForeTwist_01,0.13854534924030304,0.1256866157054901,0.19185721278190612,3
41,LCalfTwist_01,0.13851400464773178,0.13548336923122406,0.1604997009038925,3
65,L_ForeTwist_01,0.13844346503416696,0.13779382407665253,0.16106261909008027,3
65,Bip001,0.13834234327077866,0.15226414799690247,0.16621164679527284,3
28,LCalfTwist_02,0.13825702418883642,0.1493809074163437,0.1631098598241806,3
15,LCalfTwist_03,0.13820470124483109,0.16029152274131775,0.1785721480846405,3
11,L_ForeTwist_01,0.13820224006970724,0.16717849671840668,0.1860092729330063,3
55,RCalfTwist_02,0.13819175710280737,0.1395169198513031,0.2131553828716278,3
10,LCalfTwist_02,0.1381438026825587,0.1654944121837616,0.1723060429096222,3
62,RCalfTwist_02,0.13803580900033316,0.1350310891866684,0.15396152436733246,3
62,RCalfTwist_03,0.1380088304479917,0.15195956826210022,0.16840545535087587,3
71,RCalfTwist_02,0.1373426392674446,0.14474818110466003,0.17070513367652893,3
22,clavicle_l,0.13731253147125244,0.09749722480773926,0.1960269331932068,3
23,clavicle_l,0.13727228591839472,0.12261585146188736,0.16728422194719314,3
12,LCalfTwist_02,0.13727060705423355,0.1318010538816452,0.17146513164043425,3
70,RCalfTwist_03,0.1371109535296758,0.14020231366157532,0.1453644335269928,3
38,RCalfTwist_02,0.13705676545699438,0.14316636323928833,0.15733909606933594,3
37,RCalfTwist_02,0.13695837805668512,0.1172521635890007,0.17315851300954818,3
42,Bip001,0.13682619978984198,0.13693001866340637,0.16624042391777039,3
22,spine_02,0.13678197314341864,0.1372939944267273,0.18615573644638062,3
27,RCalfTwist_03,0.13655736794074377,0.11185643821954727,0.17820981293916702,3
49,RCalfTwist_03,0.1364573339621226,0.13920708000659943,0.1564830094575882,3
33,L_ForeTwist_01,0.13606442014376322,0.09775570034980774,0.19053282141685488,3
61,LCalfTwist_02,0.13601236790418625,0.12068892270326614,0.16294011026620864,3
12,L_ForeTwist_02,0.13592522839705148,0.14619609713554382,0.17196841835975646,3
57,LCalfTwist_03,0.1356256604194641,0.14050261676311493,0.14991993606090545,3
84,RUpArmTwist_l_01,0.1356002613902092,0.11505867540836334,0.17371918261051178,3
15,RCalfTwist_02,0.13549159467220306,0.14052803814411163,0.14106716215610504,3
62,L_ForeTwist_01,0.135297492146492,0.13131479918956757,0.1410750240087509,3
39,RCalfTwist_02,0.1351474573214849,0.13592594861984253,0.167734694480896,3
13,L_ForeTwist_01,0.13488061974445978,0.10712142288684845,0.1744882732629776,3
55,L_ForeTwist_01,0.13479202737410864,0.15198002755641937,0.16140993535518647,3
52,calf_r,0.13472256809473038,0.09528811275959015,0.21166445314884186,3
51,LCalfTwist_02,0.13455759982268015,0.15040062367916107,0.16082976758480072,3
35,L_ForeTwist_01,0.13449088235696158,0.10438235849142075,0.19039625376462938,3
74,L_ForeTwist_02,0.13443330427010855,0.12886802852153778,0.16858448684215546,3
33,RCalfTwist_02,0.13410134116808572,0.12980657815933228,0.17344104051589965,3
80,L_ForeTwist_01,0.1339597925543785,0.13836976885795593,0.14171214699745177,3
14,L_ForeTwist_01,0.1337412173549334,0.14217431843280792,0.15552352964878083,3
47,RCalfTwist_02,0.1328789343436559,0.11643662303686142,0.15962143391370773,3
16,RCalfTwist_02,0.1328127384185791,0.1359361708164215,0.13749722838401796,3
57,LCalfTwist_01,0.13232400765021643,0.1432444155216217,0.1477525055408478,3
11,L_ForeTwist_02,0.13227184861898422,0.13453803956508636,0.17894408404827117,3
22,LCalfTwist_03,0.13223286469777426,0.13605503737926483,0.13876236379146575,3
78,L_ForeTwist_01,0.13209783534208933,0.14140962064266205,0.1487211674451828,3
71,LCalfTwist_02,0.13203348716100058,0.11776648461818695,0.1576913684606552,3
72,RCalfTwist_03,0.13184627890586853,0.12242228537797928,0.1509289875626564,3
14,RCalfTwist_03,0.13182892898718515,0.13424499332904816,0.14383116066455842,3
47,LCalfTwist_02,0.13177894552548727,0.11791560053825378,0.16511366963386537,3
32,LCalfTwist_01,0.13175177201628685,0.12171731889247894,0.19693500697612762,3
59,LCalfTwist_01,0.13150966664155325,0.145184725522995,0.15097262263298034,3
5,spine_02,0.13139542688926062,0.1483541876077652,0.18561386168003083,3
2,L_ForeTwist_01,0.1313679739832878,0.12198911607265472,0.14695851504802704,3
71,L_ForeTwist_02,0.13125164558490118,0.12461601942777634,0.14507590383291244,3
26,LCalfTwist_02,0.13078241795301437,0.13540181517601013,0.1600222647190094,3
51,RCalfTwist_03,0.13074212397138277,0.1478734165430069,0.17650772631168365,3
80,L_ForeTwist_02,0.13061712185541788,0.1328722983598709,0.1853584200143814,3
76,L_ForeTwist_02,0.1305945465962092,0.10911872982978821,0.17151355147361755,3
69,RCalfTwist_03,0.13049602508544922,0.12588565051555634,0.1395299643278122,3
9,L_ForeTwist_01,0.13045967618624368,0.11849343031644821,0.1767933711409569,3
81,LCalfTwist_03,0.13044317563374838,0.1550167351961136,0.19412977993488312,3
57,LCalfTwist_02,0.13039671381314596,0.1362011432647705,0.1647510051727295,3
76,RUpArmTwist_r_01,0.13034223268429437,0.12199749052524567,0.15645804703235627,3
7,LCalfTwist_03,0.1300355593363444,0.1456805169582367,0.15437650084495544,3
12,LCalfTwist_01,0.12985570480426153,0.14299380779266357,0.15053513050079345,3
17,L_ForeTwist_01,0.12979646772146225,0.1257483959197998,0.15456773042678834,3
48,RCalfTwist_03,0.12977428237597147,0.14605475962162018,0.1546478897333145,3
78,L_ForeTwist_02,0.12971659004688263,0.1378752440214157,0.17690373361110687,3
56,LCalfTwist_03,0.12955618649721146,0.1245761290192604,0.15101345330476762,3
83,RCalfTwist_02,0.12948139756917953,0.11546437442302704,0.16146397292613984,3
63,LCalfTwist_02,0.12944852809111276,0.11645837128162384,0.18675853312015533,3
76,L_ForeTwist_01,0.12912620107332864,0.11343958228826523,0.15656496733427047,3
50,spine_02,0.12909941375255585,0.11162344366312027,0.18257883340120315,3
70,LCalfTwist_03,0.12894507000843683,0.13951288163661957,0.1727813333272934,3
48,L_ForeTwist_02,0.12883334358533224,0.11552421003580093,0.1661783531308174,3
25,L_ForeTwist_01,0.12880459427833557,0.11333826929330826,0.16974696666002273,3
58,LCalfTwist_01,0.12878554066022238,0.12944599986076355,0.14262881875038147,3
71,RCalfTwist_03,0.12850762158632278,0.1435471922159195,0.14478808939456939,3
16,L_ForeTwist_02,0.1280716508626938,0.12992797791957855,0.13712089955806733,3
62,LCalfTwist_02,0.12794891993204752,0.13704903423786163,0.1463043361902237,3
23,L_ForeTwist_02,0.1278905669848124,0.1082705557346344,0.1567818343639374,3
15,RCalfTwist_03,0.12774797280629477,0.11787480860948563,0.1513044372200966,3
10,L_ForeTwist_02,0.12769500414530435,0.13133762776851654,0.16550534665584565,3
50,RUpArmTwist_r_01,0.1274919162193934,0.10320474952459335,0.17284913510084152,3
64,LCalfTwist_02,0.12747880816459656,0.11551576107740402,0.16923335641622544,3
20,L_ForeTwist_01,0.12746544182300568,0.1017971783876419,0.171754851937294,3
36,RCalfTwist_03,0.12704290946324667,0.13978078961372375,0.1420667588710785,3
60,LCalfTwist_02,0.12695435931285223,0.1154419481754303,0.14696698784828185,3
42,L_ForeTwist_01,0.12682541211446127,0.12685883045196533,0.12706090211868287,3
75,LCalfTwist_03,0.12677502383788428,0.12055369466543198,0.14661850184202194,3
20,L_ForeTwist_02,0.1265961875518163,0.12460292875766754,0.14637928307056428,3
5,LCalfTwist_01,0.12658172845840454,0.0880010575056076,0.1929266780614853,3
45,R_ForeTwist_02,0.12653669714927673,0.12133049219846725,0.14760371297597885,3
25,LCalfTwist_03,0.12599862863620123,0.1376352310180664,0.155761194229126,3
50,LCalfTwist_02,0.12594049175580344,0.11719290912151337,0.15095125138759613,3
41,LCalfTwist_03,0.12588373447457948,0.13546837866306305,0.18010424673557282,3
45,L_ForeTwist_02,0.12580285221338272,0.11342594772577286,0.1491920068860054,3
15,L_ForeTwist_01,0.1254830484588941,0.10915885120630264,0.15617308169603347,3
42,RCalfTwist_01,0.12547855079174042,0.1439932882785797,0.1457807242870331,3
2,L_ForeTwist_02,0.1254599466919899,0.13442328572273254,0.1392647445201874,3
48,RCalfTwist_02,0.12545236696799597,0.09726077318191528,0.1725691556930542,3
77,L_ForeTwist_01,0.12532280633846918,0.11336024850606918,0.15016342848539352,3
30,LCalfTwist_03,0.12507924064993858,0.17710204422473907,0.17974609434604644,3
3,RCalfTwist_03,0.12479942291975021,0.1238212063908577,0.17081618458032607,3
72,RCalfTwist_02,0.12474574521183968,0.09810426831245422,0.20098368525505067,3
48,LCalfTwist_02,0.12462039043505986,0.12158581614494324,0.13580426573753357,3
55,LCalfTwist_03,0.12445152799288432,0.13337144255638123,0.13338499665260314,3
46,LCalfTwist_03,0.12411824862162273,0.11933131515979767,0.13888063728809358,3
31,RCalfTwist_02,0.12401471535364787,0.12833645939826965,0.13582560420036316,3
11,clavicle_l,0.1239464320242405,0.07980263978242874,0.21103999763727188,3
2,LCalfTwist_02,0.12380060056845348,0.13117946684360504,0.14904097616672515,3
3,L_ForeTwist_01,0.12365179012219112,0.1353062093257904,0.14132845997810364,3
50,L_ForeTwist_01,0.12350219488143921,0.12427126616239548,0.13031142801046372,3
79,LCalfTwist_03,0.12331581612428029,0.11957164108753204,0.15500957071781157,3
68,L_ForeTwist_01,0.12319636593262355,0.12241940200328827,0.14089038074016572,3
69,L_ForeTwist_02,0.12279266615708669,0.13442249596118927,0.1588287264108658,3
79,LCalfTwist_02,0.12240257610877354,0.10935752838850021,0.1521264895796776,3
50,LCalfTwist_03,0.12218206872542699,0.11136990040540695,0.14967471212148667,3
0,L_ForeTwist_02,0.12204806009928386,0.13160958886146545,0.13455575108528137,3
28,RCalfTwist_03,0.12200965483983357,0.11155293136835098,0.17275316268205643,3
85,L_ForeTwist_01,0.12151896705230077,0.14500616490840912,0.17310137450695037,3
75,L_ForeTwist_01,0.12142310788234074,0.10645797848701477,0.15927695631980895,3
16,L_ForeTwist_01,0.12141481786966324,0.1382836401462555,0.14065368771553038,3
84,L_ForeTwist_01,0.12141223003466924,0.12735964357852936,0.12926733791828154,3
0,clavicle_l,0.12140230586131413,0.10041334480047226,0.15678695887327193,3
23,RCalfTwist_03,0.12140027681986491,0.10342958569526672,0.1483224093914032,3
9,RCalfTwist_03,0.12133273482322693,0.11643274128437042,0.14141311943531037,3
82,L_ForeTwist_01,0.12132870405912399,0.12200310826301575,0.12466159462928772,3
25,RCalfTwist_03,0.12128338466087978,0.10204703360795975,0.15477147251367568,3
33,L_ForeTwist_02,0.1212374394138654,0.11140389740467072,0.1597077876329422,3
61,L_ForeTwist_01,0.12114135424296062,0.1330569088459015,0.15386235117912292,3
24,L_ForeTwist_02,0.12113288044929504,0.10086671262979507,0.16492229253053664,3
31,spine_02,0.1210060603916645,0.1465059220790863,0.1560856282711029,3
54,L_ForeTwist_02,0.12099344780047734,0.11641010642051697,0.12768273949623107,3
19,L_ForeTwist_01,0.12094078212976456,0.102765291929245,0.16372552514076233,3
14,L_ForeTwist_02,0.12083110461632411,0.11677432060241699,0.13165103197097777,3
73,LCalfTwist_02,0.12077433615922928,0.13034972548484802,0.14029383063316345,3
17,L_ForeTwist_02,0.12010173499584198,0.12189427763223648,0.1268762782216072,3
63,LCalfTwist_03,0.11993252734343211,0.10918627679347992,0.1360573500394821,3
59,L_ForeTwist_01,0.11979712297519048,0.12055900692939758,0.16002177596092224,3
76,RCalfTwist_03,0.1197633147239685,0.10881263762712479,0.14175979048013687,3
56,RCalfTwist_03,0.11953496312101682,0.1440819352865219,0.15258961617946626,3
83,L_ForeTwist_01,0.11940610408782959,0.13225708901882172,0.15276771485805513,3
1,RUpArmTwist_l_01,0.11920492847760518,0.09379840642213821,0.1706471934914589,3
6,L_ForeTwist_01,0.11909327904383342,0.13322769105434418,0.13911658227443696,3
72,L_ForeTwist_02,0.1190651406844457,0.11523501574993134,0.14280219972133637,3
24,LCalfTwist_03,0.11900478353103001,0.1038718968629837,0.1689367562532425,3
6,L_ForeTwist_02,0.11893258740504582,0.10231009870767593,0.15966815501451492,3
7,L_ForeTwist_01,0.11853450536727905,0.1340344250202179,0.13478589653968812,3
27,RCalfTwist_02,0.1185114433368047,0.11999323219060898,0.1341046616435051,3
9,L_ForeTwist_02,0.1184803768992424,0.11969902366399765,0.12674211710691452,3
1,LCalfTwist_03,0.11844665308793385,0.12317808717489243,0.12811234444379807,3
18,L_ForeTwist_02,0.11839609593153,0.11757318675518036,0.13545185029506684,3
57,L_ForeTwist_02,0.11828368157148361,0.1305527240037918,0.1360611230134964,3
38,L_ForeTwist_02,0.1181777889529864,0.09457284212112427,0.1693443775177002,3
55,L_ForeTwist_02,0.11813794573148091,0.11593621969223022,0.12727450132369994,3
65,L_ForeTwist_02,0.11811086659630139,0.15745240449905396,0.1595284342765808,3
39,L_ForeTwist_02,0.11801580960551898,0.11832796037197113,0.16598788201808928,3
28,RCalfTwist_02,0.11768932888905208,0.10937497019767761,0.13173143267631532,3
39,L_ForeTwist_01,0.11766078323125839,0.11833273619413376,0.13750878423452378,3
44,LCalfTwist_03,0.11755476519465446,0.13710133731365204,0.15496180951595306,3
22,L_ForeTwist_01,0.11720224469900131,0.12023665010929108,0.13229917585849763,3
21,RCalfTwist_03,0.11688251048326492,0.0985366478562355,0.15420075207948686,3
33,spine_02,0.11675671488046646,0.1482211947441101,0.15140373706817628,3
19,L_ForeTwist_02,0.11651716381311417,0.12125692516565323,0.14373714476823807,3
69,L_ForeTwist_01,0.1163849135239919,0.13003744184970856,0.1399646669626236,3
1,RCalfTwist_03,0.11637364079554875,0.10899446904659271,0.15420808494091034,3
15,L_ForeTwist_02,0.1162118911743164,0.12149720638990402,0.14573551267385482,3
28,L_ForeTwist_01,0.11613625288009644,0.11704523116350174,0.1295479193329811,3
3,LCalfTwist_02,0.11578519394000371,0.11702217906713486,0.14728305786848067,3
27,LCalfTwist_02,0.1156587302684784,0.08765348792076111,0.15782055258750916,3
29,RCalfTwist_02,0.11555436501900355,0.1157115176320076,0.132223941385746,3
67,LCalfTwist_03,0.11519588778416316,0.11952853947877884,0.14932269006967544,3
29,L_ForeTwist_02,0.1149658386905988,0.10847979038953781,0.12782935947179794,3
58,LCalfTwist_02,0.11480022966861725,0.1243586540222168,0.13365979194641114,3
49,L_ForeTwist_02,0.11477865278720856,0.1245073452591896,0.13279834538698196,3
77,LCalfTwist_02,0.11455773810545604,0.11435478925704956,0.13983045816421508,3
43,LCalfTwist_02,0.11451299240191777,0.09754780679941177,0.13981436043977738,3
82,L_ForeTwist_02,0.1141694113612175,0.09129969030618668,0.14740242511034013,3
74,RCalfTwist_03,0.11409485091765721,0.11209128797054291,0.13682396113872528,3
57,L_ForeTwist_01,0.11407175908486049,0.09193108230829239,0.15775914937257768,3
53,LCalfTwist_03,0.11377048740784328,0.12234842032194138,0.15990211814641953,3
8,RCalfTwist_03,0.11370670050382614,0.13019539415836334,0.14297403395175934,3
56,L_ForeTwist_02,0.11341492086648941,0.10608997941017151,0.13736048340797424,3
34,RCalfTwist_02,0.11303384105364482,0.10150999575853348,0.15263134390115737,3
79,L_ForeTwist_02,0.11285098890463512,0.11721517145633698,0.16968224346637725,3
70,L_ForeTwist_02,0.11214374750852585,0.11191190034151077,0.13106341511011124,3
5,L_ForeTwist_02,0.111397219200929,0.12407030910253525,0.1286439225077629,3
47,L_ForeTwist_02,0.11135403315226237,0.11333508789539337,0.14480710327625274,3
40,L_ForeTwist_01,0.11069935808579127,0.1156284362077713,0.12189320027828217,3
60,L_ForeTwist_02,0.11068858702977498,0.13060732185840607,0.13251954615116118,3
43,L_ForeTwist_01,0.11056034515301387,0.11473888158798218,0.11533342003822326,3
29,L_ForeTwist_01,0.11024243384599686,0.11814320832490921,0.11888316422700881,3
77,L_ForeTwist_02,0.11000087857246399,0.10548572987318039,0.15511275380849837,3
49,LCalfTwist_02,0.10979255785544713,0.11237818747758865,0.1365920916199684,3
42,LCalfTwist_02,0.1097315972050031,0.09705973416566849,0.16799681335687638,3
64,LCalfTwist_03,0.10971761370698611,0.132233127951622,0.14334296882152558,3
21,L_ForeTwist_01,0.1096854271988074,0.11389536410570145,0.14528314024209976,3
54,LCalfTwist_03,0.10945015649000804,0.10988771915435791,0.11053541898727418,3
71,L_ForeTwist_01,0.10942988097667694,0.1098862886428833,0.15139538049697876,3
44,L_ForeTwist_02,0.10914678623278935,0.097687266767025,0.12781855314970017,3
52,L_ForeTwist_02,0.10860597714781761,0.11834988743066788,0.16998593360185624,3
8,LCalfTwist_03,0.10816298797726631,0.13639013469219208,0.1372171849012375,3
72,LCalfTwist_02,0.10811018695433934,0.112818144261837,0.12270414084196091,3
56,LCalfTwist_02,0.10806732128063838,0.08773350715637207,0.15067280530929567,3
68,L_ForeTwist_02,0.10788812985022862,0.13313862681388855,0.13632203936576842,3
78,LCalfTwist_02,0.10785540690024693,0.1190044954419136,0.1228499785065651,3
37,L_ForeTwist_02,0.10753505180279414,0.09014987200498581,0.1470177635550499,3
40,RCalfTwist_02,0.10747583707173665,0.06358906626701355,0.1757367193698883,3
72,L_ForeTwist_01,0.10710327823956807,0.08401055634021759,0.149862602353096,3
81,L_ForeTwist_02,0.10696371396382649,0.09463121742010117,0.13211827725172043,3
22,L_ForeTwist_02,0.10691764454046886,0.09430865943431854,0.13919003903865815,3
24,LCalfTwist_02,0.10641314834356308,0.1051454097032547,0.13710127174854278,3
46,L_ForeTwist_02,0.10608913997809093,0.09141293168067932,0.14504390358924865,3
30,L_ForeTwist_02,0.10594164331754048,0.1056288555264473,0.11035038977861404,3
26,L_ForeTwist_02,0.10593526313702266,0.09557148814201355,0.1414448082447052,3
75,L_ForeTwist_02,0.10584028313557307,0.08952633291482925,0.14580651074647905,3
7,L_ForeTwist_02,0.10560896744330724,0.11547339707612991,0.12488787323236465,3
67,L_ForeTwist_02,0.10530857493480046,0.1296336054801941,0.13931907415390016,3
57,RCalfTwist_03,0.10492577403783798,0.10496910661458969,0.12583928555250168,3
27,L_ForeTwist_02,0.10490800688664119,0.10306582599878311,0.13051698952913285,3
18,L_ForeTwist_01,0.10459468513727188,0.09447743743658066,0.13164946287870408,3
58,L_ForeTwist_01,0.10445267955462138,0.08485378324985504,0.14071439802646638,3
41,L_ForeTwist_01,0.10411911457777023,0.11171887069940567,0.11588853150606156,3
84,L_ForeTwist_02,0.1040601134300232,0.0790654644370079,0.14530241936445237,3
25,L_ForeTwist_02,0.10344239696860313,0.10750319808721542,0.14726701229810715,3
28,L_ForeTwist_02,0.1032263586918513,0.1026170551776886,0.1235786497592926,3
69,LCalfTwist_03,0.10311621924241383,0.11432342976331711,0.12789858430624007,3
66,L_ForeTwist_02,0.1030479868253072,0.1290603131055832,0.13806314170360565,3
7,calf_r,0.10294728726148605,0.0997810885310173,0.12786098569631577,3
81,L_ForeTwist_01,0.10288205742835999,0.10412172973155975,0.11464053690433502,3
36,L_ForeTwist_02,0.10205071916182835,0.09672846645116806,0.14140067547559737,3
50,L_ForeTwist_02,0.10088043908278148,0.10406816005706787,0.12594432830810548,3
12,L_ForeTwist_01,0.0998994888116916,0.12353005260229111,0.14199890345335006,3
73,L_ForeTwist_02,0.09956652919451396,0.1156468465924263,0.11653374582529068,3
31,L_ForeTwist_01,0.09931668639183044,0.0864764079451561,0.1355585739016533,3
45,LCalfTwist_03,0.09921568135420482,0.104668989777565,0.1258648544549942,3
40,L_ForeTwist_02,0.0989086665213108,0.07011191546916962,0.14650687873363494,3
50,foot_l,0.0987045740087827,0.09492675215005875,0.11636372357606888,3
48,L_ForeTwist_01,0.09801237285137177,0.0837370753288269,0.11930408477783203,3
31,RUpArmTwist_l_01,0.09713691721359889,0.09925464540719986,0.11038974076509475,3
70,L_ForeTwist_01,0.09657527009646098,0.10577978193759918,0.11198475062847138,3
59,calf_r,0.0959039032459259,0.10115257650613785,0.1463368371129036,3
64,L_ForeTwist_02,0.09581984579563141,0.09726035594940186,0.10337944626808167,3
0,LCalfTwist_02,0.09514191746711731,0.10604192316532135,0.11281531751155853,3
35,L_ForeTwist_02,0.09498452643553416,0.09616708755493164,0.11440589427947997,3
1,L_ForeTwist_02,0.0943063497543335,0.09312032908201218,0.10024012178182602,3
76,LCalfTwist_02,0.09316493570804596,0.11245454102754593,0.11518766433000564,3
53,L_ForeTwist_02,0.09168458481629689,0.09014719724655151,0.12334003448486328,3
62,L_ForeTwist_02,0.09164142856995265,0.09371938556432724,0.09874824732542038,3
68,LCalfTwist_03,0.09071846306324005,0.1164548322558403,0.12302641719579696,3
42,L_ForeTwist_02,0.09060163050889969,0.07982690632343292,0.10601036846637726,3
8,L_ForeTwist_01,0.09031514823436737,0.09207288920879364,0.0955162912607193,3
40,RCalfTwist_03,0.0897978109618028,0.10291915386915207,0.12696989625692368,3
56,L_ForeTwist_01,0.08903996894756953,0.08362022042274475,0.09878456592559814,3
8,L_ForeTwist_02,0.08882754916946094,0.07890685647726059,0.11960701197385788,3
63,L_ForeTwist_02,0.08805934836467107,0.092158243060112,0.09493707716464997,3
41,L_ForeTwist_02,0.0872313603758812,0.08765299618244171,0.10313517153263092,3
74,LCalfTwist_02,0.0870227999985218,0.09363400936126709,0.11159390807151795,3
32,spine_02,0.0853889100253582,0.09820318967103958,0.13166322857141494,3
43,L_ForeTwist_02,0.08474762737751007,0.08876004815101624,0.09773879647254943,3
51,L_ForeTwist_02,0.08440093944470088,0.08248057961463928,0.09885159730911255,3
34,L_ForeTwist_02,0.08425547927618027,0.08213780075311661,0.10079526454210282,3
49,L_ForeTwist_01,0.08377339690923691,0.08791419863700867,0.09024152159690857,3
39,RCalfTwist_03,0.08012524681786697,0.10330666601657867,0.11120668947696685,3
8,calf_r,0.06517872090140979,0.06294809281826019,0.07760063707828521,3
