{
  "runs": {
    "MLPDryRun": {
      "teacher": {
        "AngVelMAE": {
          "mean": 0.0027918914177157217,
          "min": 0.0008974625644358722,
          "max": 0.03863849998875098,
          "best_epoch": 13
        },
        "AngVelDirDegRaw": {
          "mean": 6.899813344112384,
          "min": 6.2920168096368965,
          "max": 18.577136993408203,
          "best_epoch": 15
        },
        "AngVelDirDegWeighted": {
          "mean": 0.8319739951189287,
          "min": 0.3595906871498389,
          "max": 10.030340214962605,
          "best_epoch": 13
        },
        "AngVelDirDegTorso": {
          "mean": 1.0640074568451745,
          "min": 0.4845032943666062,
          "max": 13.132567620465535,
          "best_epoch": 13
        },
        "AngVelDirDegProximal": {
          "mean": 0.9550379070849556,
          "min": 0.3964553534212444,
          "max": 11.777592817410204,
          "best_epoch": 13
        },
        "AngVelDirDegDistal": {
          "mean": 0.7852560002218992,
          "min": 0.3402419574393445,
          "max": 9.385486672434464,
          "best_epoch": 13
        }
      },
      "valfree": {
        "AngVelMAE": {
          "mean": 0.242419335725052,
          "min": 0.22143473476171494,
          "max": 0.2717459350824356,
          "best_epoch": 12
        },
        "AngVelMagRel": {
          "mean": 0.8312642467873437,
          "min": 0.5262662768363953,
          "max": 0.9156530499458313,
          "best_epoch": 2
        },
        "AngVelDirDegRaw": {
          "mean": 72.7626951762608,
          "min": 61.44076156616211,
          "max": 88.72922897338867,
          "best_epoch": 25
        },
        "AngVelDirDegWeighted": {
          "mean": 68.65087915774575,
          "min": 54.82029708238144,
          "max": 88.3615024056121,
          "best_epoch": 25
        },
        "AngVelDirDegTorso": {
          "mean": 79.51921194610141,
          "min": 59.396805252066585,
          "max": 101.57451349916973,
          "best_epoch": 27
        },
        "AngVelDirDegProximal": {
          "mean": 65.09895439825122,
          "min": 50.22599386684039,
          "max": 93.10596891667845,
          "best_epoch": 27
        },
        "AngVelDirDegDistal": {
          "mean": 68.29419830917185,
          "min": 54.62586793884839,
          "max": 86.91859137969959,
          "best_epoch": 25
        }
      }
    },
    "MLPNoDryRun": {
      "teacher": {
        "AngVelMAE": {
          "mean": 0.002518905440402337,
          "min": 0.0004939256733368067,
          "max": 0.040038072588768875,
          "best_epoch": 16
        },
        "AngVelDirDegRaw": {
          "mean": 6.8729517676613545,
          "min": 6.2098261226307265,
          "max": 19.143419785933062,
          "best_epoch": 18
        },
        "AngVelDirDegWeighted": {
          "mean": 0.7913665485626068,
          "min": 0.2925733081342333,
          "max": 10.563655972933548,
          "best_epoch": 16
        },
        "AngVelDirDegTorso": {
          "mean": 0.9868613461412808,
          "min": 0.42126872571759805,
          "max": 12.36415910020137,
          "best_epoch": 16
        },
        "AngVelDirDegProximal": {
          "mean": 0.9281875290362956,
          "min": 0.31810650802753365,
          "max": 12.780207848036172,
          "best_epoch": 16
        },
        "AngVelDirDegDistal": {
          "mean": 0.7454697267174668,
          "min": 0.27508298612030446,
          "max": 9.951877547886058,
          "best_epoch": 16
        }
      },
      "valfree": {
        "AngVelMAE": {
          "mean": 0.24519318901002407,
          "min": 0.21499080955982208,
          "max": 0.2796158343553543,
          "best_epoch": 27
        },
        "AngVelMagRel": {
          "mean": 0.8571713875447001,
          "min": 0.46484190225601196,
          "max": 0.9345187544822693,
          "best_epoch": 2
        },
        "AngVelDirDegRaw": {
          "mean": 77.7377906526838,
          "min": 69.75621032714844,
          "max": 89.52865600585938,
          "best_epoch": 28
        },
        "AngVelDirDegWeighted": {
          "mean": 74.91781051365288,
          "min": 64.76637197620241,
          "max": 89.66515739296985,
          "best_epoch": 24
        },
        "AngVelDirDegTorso": {
          "mean": 76.13857987057291,
          "min": 63.743784671984514,
          "max": 93.20466371997372,
          "best_epoch": 28
        },
        "AngVelDirDegProximal": {
          "mean": 73.90901464191718,
          "min": 60.20942343367566,
          "max": 95.50598097384858,
          "best_epoch": 28
        },
        "AngVelDirDegDistal": {
          "mean": 75.0031110002741,
          "min": 64.54292353588461,
          "max": 91.81895870030075,
          "best_epoch": 24
        }
      }
    }
  },
  "raw": {
    "root_vel_mag": {
      "mean": 0.7564205562314779,
      "median": 0.7346574525395609,
      "p90": 0.921753382342409,
      "max": 1.074353411005479
    },
    "yaw_step_deg": {
      "mean": 0.48648645387427947,
      "median": 0.0,
      "p90": 1.3679781199910215,
      "max": 1.8559826710931973
    },
    "bone_angvel_mag": {
      "mean": 0.6079093002661893,
      "median": 0.31004920133712777,
      "p90": 1.5281338872964383,
      "max": 12.351082391024287
    },
    "num_frames": 375,
    "num_yaw_steps": 370,
    "num_angvel_samples": 17250
  }
}