{
  "runs": {
    "MLPDryRun": {
      "teacher": {
        "GeoDeg": {
          "mean": 0.11003385650046567,
          "min": 0.0817076949910684,
          "max": 0.6077600825916637
        },
        "AngVelMAE": {
          "mean": 0.0027918914177157217,
          "min": 0.0008974625644358722,
          "max": 0.03863849998875098
        },
        "MSEnormY": {
          "mean": 0.00048708013485432685,
          "min": 1.3533047670286827e-05,
          "max": 0.01116858371956782
        },
        "tf_ratio": {
          "mean": 0.30603448275862066,
          "min": 0.0,
          "max": 1.0
        },
        "FootContact": {
          "mean": 0.9795548368397178,
          "min": 0.9792532216418873,
          "max": 0.9796803051775153
        }
      },
      "valfree": {
        "YawAbsDeg": {
          "mean": 17.449393493788584,
          "min": 11.185862064361572,
          "max": 21.629149436950684
        },
        "RootVelMAE": {
          "mean": 0.017331339718241776,
          "min": 0.014212637208402157,
          "max": 0.020691082812845707
        },
        "InputRotGeoDeg": {
          "mean": 2.1290058259453093,
          "min": 1.7670279741287231,
          "max": 2.442536950111389
        },
        "GeoDeg": {
          "mean": 2.538043741668974,
          "min": 2.1252614855766296,
          "max": 2.947648048400879
        },
        "AngVelMAE": {
          "mean": 0.242419335725052,
          "min": 0.22143473476171494,
          "max": 0.2717459350824356
        },
        "AngVelMagRel": {
          "mean": 0.8312642467873437,
          "min": 0.5262662768363953,
          "max": 0.9156530499458313
        },
        "FootContact": {
          "mean": 1.0,
          "min": 1.0,
          "max": 1.0
        }
      }
    },
    "MLPNoDryRun": {
      "teacher": {
        "GeoDeg": {
          "mean": 0.11149816929733491,
          "min": 0.08197962831367146,
          "max": 0.5945227633823048
        },
        "AngVelMAE": {
          "mean": 0.002518905440402337,
          "min": 0.0004939256733368067,
          "max": 0.040038072588768875
        },
        "MSEnormY": {
          "mean": 0.0005716816601041922,
          "min": 4.56955575083901e-06,
          "max": 0.014042335308410904
        },
        "tf_ratio": {
          "mean": 0.30603448275862066,
          "min": 0.0,
          "max": 1.0
        },
        "FootContact": {
          "mean": 0.9795326046809134,
          "min": 0.9792867248708551,
          "max": 0.9796216921372847
        }
      },
      "valfree": {
        "YawAbsDeg": {
          "mean": 17.58392299073083,
          "min": 12.483150720596313,
          "max": 24.449206352233887
        },
        "RootVelMAE": {
          "mean": 0.017458355968951116,
          "min": 0.0111106694675982,
          "max": 0.02177282515913248
        },
        "InputRotGeoDeg": {
          "mean": 2.1630855990307674,
          "min": 1.8659321069717407,
          "max": 2.5227644443511963
        },
        "GeoDeg": {
          "mean": 2.5746108229671205,
          "min": 2.2290191650390625,
          "max": 2.975503444671631
        },
        "AngVelMAE": {
          "mean": 0.24519318901002407,
          "min": 0.21499080955982208,
          "max": 0.2796158343553543
        },
        "AngVelMagRel": {
          "mean": 0.8571713875447001,
          "min": 0.46484190225601196,
          "max": 0.9345187544822693
        },
        "FootContact": {
          "mean": 1.0,
          "min": 1.0,
          "max": 1.0
        }
      }
    }
  },
  "diffs": {
    "teacher": {
      "1": {
        "GeoDeg": -0.013237319209358889,
        "AngVelMAE": 0.0013995726000178982,
        "MSEnormY": 0.0028737515888430844
      },
      "2": {
        "GeoDeg": 0.05947346714409915,
        "AngVelMAE": 0.0011971967972137718,
        "MSEnormY": -1.022149808704853e-05
      },
      "3": {
        "GeoDeg": 0.02538453448902475,
        "AngVelMAE": -0.00010847456922585342,
        "MSEnormY": -0.00013017101975327182
      },
      "4": {
        "GeoDeg": 0.016766900366002868,
        "AngVelMAE": -8.17837108942599e-05,
        "MSEnormY": 2.2530770035122027e-06
      },
      "5": {
        "GeoDeg": 0.008447310463948685,
        "AngVelMAE": -7.391704077070404e-05,
        "MSEnormY": 6.0595398694700144e-05
      },
      "6": {
        "GeoDeg": 0.00023712217807769775,
        "AngVelMAE": 4.218274261802435e-05,
        "MSEnormY": -9.93125286186114e-06
      },
      "7": {
        "GeoDeg": 0.00025365095246922265,
        "AngVelMAE": -8.262803947383713e-05,
        "MSEnormY": 1.9941484920722843e-06
      },
      "8": {
        "GeoDeg": -0.00042567605322058055,
        "AngVelMAE": -0.0001086458532054994,
        "MSEnormY": -1.3040365708796095e-05
      },
      "9": {
        "GeoDeg": 0.0003855397755449519,
        "AngVelMAE": -0.0001851775186051699,
        "MSEnormY": 8.946381058194675e-07
      },
      "10": {
        "GeoDeg": 0.0017599571834910899,
        "AngVelMAE": -0.00011313813526860701,
        "MSEnormY": -1.8391065995357109e-06
      },
      "11": {
        "GeoDeg": -0.0016402676701545715,
        "AngVelMAE": -0.0002530868990685452,
        "MSEnormY": -7.823114256924864e-06
      },
      "12": {
        "GeoDeg": 0.0005649111487648628,
        "AngVelMAE": -0.00025587777649475776,
        "MSEnormY": -4.96189849482934e-06
      },
      "13": {
        "GeoDeg": -9.04256647283469e-05,
        "AngVelMAE": -0.0003533347784964876,
        "MSEnormY": -2.4025730454013686e-05
      },
      "14": {
        "GeoDeg": -0.0011291470039974522,
        "AngVelMAE": -0.00040145866064862775,
        "MSEnormY": 5.967451877288774e-06
      },
      "15": {
        "GeoDeg": -0.00031539662317796313,
        "AngVelMAE": -0.0004332417156547308,
        "MSEnormY": -1.1337192600794051e-05
      },
      "16": {
        "GeoDeg": -1.0287219827834204e-05,
        "AngVelMAE": -0.0004928082555786451,
        "MSEnormY": -1.5195447841423713e-05
      },
      "17": {
        "GeoDeg": -0.0008216662840409839,
        "AngVelMAE": -0.0004539551604962485,
        "MSEnormY": -8.966264141980156e-06
      },
      "18": {
        "GeoDeg": -0.0022691122510216516,
        "AngVelMAE": -0.0005120050627738238,
        "MSEnormY": -1.202567814702475e-05
      },
      "19": {
        "GeoDeg": -0.0021390359510074924,
        "AngVelMAE": -0.000492971374610947,
        "MSEnormY": -2.298464137724791e-05
      },
      "20": {
        "GeoDeg": -0.0019417249343612053,
        "AngVelMAE": -0.0004925259113819761,
        "MSEnormY": -1.2545723372816362e-05
      },
      "21": {
        "GeoDeg": -0.0030617903579365086,
        "AngVelMAE": -0.0005519984459335154,
        "MSEnormY": -1.7297997518736256e-05
      },
      "22": {
        "GeoDeg": -0.003643949600783264,
        "AngVelMAE": -0.0004927194042300637,
        "MSEnormY": -1.8123593938732732e-05
      },
      "23": {
        "GeoDeg": -0.005538483912294556,
        "AngVelMAE": -0.0006996364893645725,
        "MSEnormY": -2.5172175024966812e-05
      },
      "24": {
        "GeoDeg": -0.005068766799840058,
        "AngVelMAE": -0.0006285829056816345,
        "MSEnormY": -2.2608139013093684e-05
      },
      "25": {
        "GeoDeg": -0.005723680962215774,
        "AngVelMAE": -0.0006439301068894565,
        "MSEnormY": -2.5052264142934952e-05
      },
      "26": {
        "GeoDeg": -0.004994275217706512,
        "AngVelMAE": -0.0006129827710207212,
        "MSEnormY": -2.5932342065392404e-05
      },
      "27": {
        "GeoDeg": -0.006540501659566711,
        "AngVelMAE": -0.0006999672676267271,
        "MSEnormY": -2.5603283823081504e-05
      },
      "28": {
        "GeoDeg": -0.00629193200306459,
        "AngVelMAE": -0.0006686589648862453,
        "MSEnormY": -2.4474124777704922e-05
      },
      "29": {
        "GeoDeg": -0.005924883213910187,
        "AngVelMAE": -0.0006620386636561969,