{
  "epoch": 28,
  "tag": "valfree",
  "timestamp": "2025-11-04T18:21:08",
  "metrics": {
    "YawAbsDeg": 8.373581409454346,
    "RootVelMAE": 0.12337913364171982,
    "period_abs_mean": 0.8220435976982117,
    "period_abs_std": 0.253327876329422,
    "GeoDeg": 13.406933784484863,
    "AngVelMAE": 0.14044541865587234,
    "AngVelMagRel": 0.42852868139743805,
    "Bone/pelvis/AngVelMagMAE": 0.17048640549182892,
    "Bone/pelvis/AngVelMAE": 0.1349881812930107,
    "Bone/Bip001/AngVelMagMAE": 1.8718657770477876e-06,
    "Bone/Bip001/AngVelMAE": 9.38143159601168e-07,
    "Bone/spine_01/AngVelMagMAE": 0.1007169708609581,
    "Bone/spine_01/AngVelMAE": 0.10472973436117172,
    "Bone/spine_02/AngVelMagMAE": 0.11495644226670265,
    "Bone/spine_02/AngVelMAE": 0.101893849670887,
    "Bone/clavicle_l/AngVelMagMAE": 0.11268667504191399,
    "Bone/clavicle_l/AngVelMAE": 0.08464595675468445,
    "Bone/upperarm_l/AngVelMagMAE": 0.230951726436615,
    "Bone/upperarm_l/AngVelMAE": 0.2348291203379631,
    "Bone/RUpArmTwist_l_01/AngVelMagMAE": 0.09062527492642403,
    "Bone/RUpArmTwist_l_01/AngVelMAE": 0.05123031884431839,
    "Bone/RUpArmTwist_l_02/AngVelMagMAE": 0.0630849227309227,
    "Bone/RUpArmTwist_l_02/AngVelMAE": 0.030380518175661564,
    "Bone/lowerarm_l/AngVelMagMAE": 0.3147652745246887,
    "Bone/lowerarm_l/AngVelMAE": 0.16697341948747635,
    "Bone/L_ForeTwist_01/AngVelMagMAE": 0.03653434291481972,
    "Bone/L_ForeTwist_01/AngVelMAE": 0.014507048763334751,
    "Bone/L_ForeTwist_02/AngVelMagMAE": 0.041933340951800346,
    "Bone/L_ForeTwist_02/AngVelMAE": 0.015272475779056549,
    "Bone/hand_l/AngVelMagMAE": 0.166750468313694,
    "Bone/hand_l/AngVelMAE": 0.13980063050985336,
    "Bone/index_01_l/AngVelMagMAE": 0.08979755640029907,
    "Bone/index_01_l/AngVelMAE": 0.07749774307012558,
    "Bone/middle_01_l/AngVelMagMAE": 0.07714886218309402,
    "Bone/middle_01_l/AngVelMAE": 0.057395465672016144,
    "Bone/pinky_01_l/AngVelMagMAE": 0.7345006167888641,
    "Bone/pinky_01_l/AngVelMAE": 0.5393968820571899,
    "Bone/ring_01_l/AngVelMagMAE": 0.1342446580529213,
    "Bone/ring_01_l/AngVelMAE": 0.10361980274319649,
    "Bone/thumb_01_l/AngVelMagMAE": 0.45886167883872986,
    "Bone/thumb_01_l/AngVelMAE": 0.35723206400871277,
    "Bone/clavicle_r/AngVelMagMAE": 0.07367915287613869,
    "Bone/clavicle_r/AngVelMAE": 0.0710325762629509,
    "Bone/upperarm_r/AngVelMagMAE": 0.26141244173049927,
    "Bone/upperarm_r/AngVelMAE": 0.24237432330846786,
    "Bone/RUpArmTwist_r_01/AngVelMagMAE": 0.1356159970164299,
    "Bone/RUpArmTwist_r_01/AngVelMAE": 0.08443235233426094,
    "Bone/RUpArmTwist_r_02/AngVelMagMAE": 0.08055063337087631,
    "Bone/RUpArmTwist_r_02/AngVelMAE": 0.04743318632245064,
    "Bone/lowerarm_r/AngVelMagMAE": 0.2201734408736229,
    "Bone/lowerarm_r/AngVelMAE": 0.11264894902706146,
    "Bone/R_ForeTwist_01/AngVelMagMAE": 0.03948971629142761,
    "Bone/R_ForeTwist_01/AngVelMAE": 0.019384725019335747,
    "Bone/R_ForeTwist_02/AngVelMagMAE": 0.05255888216197491,
    "Bone/R_ForeTwist_02/AngVelMAE": 0.022533908486366272,
    "Bone/hand_r/AngVelMagMAE": 0.2183152362704277,
    "Bone/hand_r/AngVelMAE": 0.20616919547319412,
    "Bone/index_01_r/AngVelMagMAE": 0.08976482227444649,
    "Bone/index_01_r/AngVelMAE": 0.05301462113857269,
    "Bone/middle_01_r/AngVelMagMAE": 0.07900846749544144,
    "Bone/middle_01_r/AngVelMAE": 0.04667959548532963,
    "Bone/pinky_01_r/AngVelMagMAE": 0.2636911869049072,
    "Bone/pinky_01_r/AngVelMAE": 0.1503164991736412,
    "Bone/ring_01_r/AngVelMagMAE": 0.0964319221675396,
    "Bone/ring_01_r/AngVelMAE": 0.05713929049670696,
    "Bone/thumb_01_r/AngVelMagMAE": 0.2790639102458954,
    "Bone/thumb_01_r/AngVelMAE": 0.1840856522321701,
    "Bone/neck_01/AngVelMagMAE": 0.09914832934737206,
    "Bone/neck_01/AngVelMAE": 0.09348678216338158,
    "Bone/head/AngVelMagMAE": 0.1419600546360016,
    "Bone/head/AngVelMAE": 0.11997675150632858,
    "Bone/thigh_l/AngVelMagMAE": 0.3836662769317627,
    "Bone/thigh_l/AngVelMAE": 0.3371215760707855,
    "Bone/calf_l/AngVelMagMAE": 0.7717383503913879,
    "Bone/calf_l/AngVelMAE": 0.29381968080997467,
    "Bone/LCalfTwist_01/AngVelMagMAE": 0.07077469304203987,
    "Bone/LCalfTwist_01/AngVelMAE": 0.034647636115550995,
    "Bone/LCalfTwist_02/AngVelMagMAE": 0.06882312893867493,
    "Bone/LCalfTwist_02/AngVelMAE": 0.03615850396454334,
    "Bone/LCalfTwist_03/AngVelMagMAE": 0.08290373533964157,
    "Bone/LCalfTwist_03/AngVelMAE": 0.03873932547867298,
    "Bone/foot_l/AngVelMagMAE": 0.6281633079051971,
    "Bone/foot_l/AngVelMAE": 0.4095116853713989,
    "Bone/ball_l/AngVelMagMAE": 0.34603458642959595,
    "Bone/ball_l/AngVelMAE": 0.19414367526769638,
    "Bone/thigh_r/AngVelMagMAE": 0.42445409297943115,
    "Bone/thigh_r/AngVelMAE": 0.34800879657268524,
    "Bone/calf_r/AngVelMagMAE": 0.6288195550441742,
    "Bone/calf_r/AngVelMAE": 0.27579379081726074,
    "Bone/RCalfTwist_01/AngVelMagMAE": 0.06889442726969719,
    "Bone/RCalfTwist_01/AngVelMAE": 0.033897269517183304,
    "Bone/RCalfTwist_02/AngVelMagMAE": 0.07158912718296051,
    "Bone/RCalfTwist_02/AngVelMAE": 0.03412369824945927,
    "Bone/RCalfTwist_03/AngVelMagMAE": 0.08485560119152069,
    "Bone/RCalfTwist_03/AngVelMAE": 0.0365363247692585,
    "Bone/foot_r/AngVelMagMAE": 0.5653041899204254,
    "Bone/foot_r/AngVelMAE": 0.39451631903648376,
    "Bone/ball_r/AngVelMagMAE": 0.529114693403244,
    "Bone/ball_r/AngVelMAE": 0.26836833357810974,
    "KeyBone/upperarm_l/GeoDeg": 18.315673828125,
    "KeyBone/upperarm_l/AngVelMAE": 0.2348291203379631,
    "KeyBone/upperarm_l/AngVelMagMAE": 0.230951726436615,
    "KeyBone/upperarm_l/AngVelMagRel": 0.3880109339952469,
    "KeyBone/upperarm_l/AngVelDirDeg": 89.33765411376953,
    "KeyBone/lowerarm_l/GeoDeg": 10.671631813049316,
    "KeyBone/lowerarm_l/AngVelMAE": 0.16697341948747635,
    "KeyBone/lowerarm_l/AngVelMagMAE": 0.3147652745246887,
    "KeyBone/lowerarm_l/AngVelMagRel": 0.5518476963043213,
    "KeyBone/lowerarm_l/AngVelDirDeg": 87.25622940063477,
    "KeyBone/hand_l/GeoDeg": 11.874917030334473,
    "KeyBone/hand_l/AngVelMAE": 0.13980063050985336,
    "KeyBone/hand_l/AngVelMagMAE": 0.166750468313694,
    "KeyBone/hand_l/AngVelMagRel": 0.32893703877925873,
    "KeyBone/hand_l/AngVelDirDeg": 89.66875076293945,
    "KeyBone/upperarm_r/GeoDeg": 17.49130153656006,
    "KeyBone/upperarm_r/AngVelMAE": 0.24237432330846786,
    "KeyBone/upperarm_r/AngVelMagMAE": 0.26141244173049927,
    "KeyBone/upperarm_r/AngVelMagRel": 0.38445615768432617,
    "KeyBone/upperarm_r/AngVelDirDeg": 90.65675354003906,
    "KeyBone/lowerarm_r/GeoDeg": 15.249499320983887,
    "KeyBone/lowerarm_r/AngVelMAE": 0.11264894902706146,
    "KeyBone/lowerarm_r/AngVelMagMAE": 0.2201734408736229,
    "KeyBone/lowerarm_r/AngVelMagRel": 0.4892865866422653,
    "KeyBone/lowerarm_r/AngVelDirDeg": 88.14541625976562,
    "KeyBone/hand_r/GeoDeg": 15.936322689056396,
    "KeyBone/hand_r/AngVelMAE": 0.20616919547319412,
    "KeyBone/hand_r/AngVelMagMAE": 0.2183152362704277,
    "KeyBone/hand_r/AngVelMagRel": 0.35516485571861267,
    "KeyBone/hand_r/AngVelDirDeg": 90.39458847045898,
    "KeyBone/thigh_l/GeoDeg": 21.7562198638916,
    "KeyBone/thigh_l/AngVelMAE": 0.3371215760707855,
    "KeyBone/thigh_l/AngVelMagMAE": 0.3836662769317627,
    "KeyBone/thigh_l/AngVelMagRel": 0.4490296542644501,
    "KeyBone/thigh_l/AngVelDirDeg": 91.27947998046875,
    "KeyBone/calf_l/GeoDeg": 15.93001937866211,
    "KeyBone/calf_l/AngVelMAE": 0.29381968080997467,
    "KeyBone/calf_l/AngVelMagMAE": 0.7717383503913879,
    "KeyBone/calf_l/AngVelMagRel": 0.8416310846805573,
    "KeyBone/calf_l/AngVelDirDeg": 89.05495834350586,
    "KeyBone/foot_l/GeoDeg": 15.804187774658203,
    "KeyBone/foot_l/AngVelMAE": 0.4095116853713989,
    "KeyBone/foot_l/AngVelMagMAE": 0.6281633079051971,
    "KeyBone/foot_l/AngVelMagRel": 0.6363415420055389,
    "KeyBone/foot_l/AngVelDirDeg": 89.85780334472656,
    "KeyBone/thigh_r/GeoDeg": 18.2407283782959,