{
  "epoch": 26,
  "tag": "valfree",
  "timestamp": "2025-11-04T16:50:29",
  "metrics": {
    "YawAbsDeg": 11.32384204864502,
    "RootVelMAE": 0.12376046925783157,
    "period_abs_mean": 0.8173589706420898,
    "period_abs_std": 0.2547283321619034,
    "GeoDeg": 12.370990753173828,
    "AngVelMAE": 0.14385291934013367,
    "AngVelMagRel": 0.4272810220718384,
    "Bone/pelvis/AngVelMagMAE": 0.15994735062122345,
    "Bone/pelvis/AngVelMAE": 0.1327499821782112,
    "Bone/Bip001/AngVelMagMAE": 1.971139113265963e-06,
    "Bone/Bip001/AngVelMAE": 9.835026162363647e-07,
    "Bone/spine_01/AngVelMagMAE": 0.10799785330891609,
    "Bone/spine_01/AngVelMAE": 0.11179546266794205,
    "Bone/spine_02/AngVelMagMAE": 0.12268292158842087,
    "Bone/spine_02/AngVelMAE": 0.10701369494199753,
    "Bone/clavicle_l/AngVelMagMAE": 0.1041116788983345,
    "Bone/clavicle_l/AngVelMAE": 0.08269937336444855,
    "Bone/upperarm_l/AngVelMagMAE": 0.2214977890253067,
    "Bone/upperarm_l/AngVelMAE": 0.2407490313053131,
    "Bone/RUpArmTwist_l_01/AngVelMagMAE": 0.09454187750816345,
    "Bone/RUpArmTwist_l_01/AngVelMAE": 0.05326690524816513,
    "Bone/RUpArmTwist_l_02/AngVelMagMAE": 0.06315470114350319,
    "Bone/RUpArmTwist_l_02/AngVelMAE": 0.031056692823767662,
    "Bone/lowerarm_l/AngVelMagMAE": 0.3394653648138046,
    "Bone/lowerarm_l/AngVelMAE": 0.17950508743524551,
    "Bone/L_ForeTwist_01/AngVelMagMAE": 0.03358336351811886,
    "Bone/L_ForeTwist_01/AngVelMAE": 0.013386359438300133,
    "Bone/L_ForeTwist_02/AngVelMagMAE": 0.03915032371878624,
    "Bone/L_ForeTwist_02/AngVelMAE": 0.014173977542668581,
    "Bone/hand_l/AngVelMagMAE": 0.14733511954545975,
    "Bone/hand_l/AngVelMAE": 0.1332891583442688,
    "Bone/index_01_l/AngVelMagMAE": 0.0929829366505146,
    "Bone/index_01_l/AngVelMAE": 0.08298688754439354,
    "Bone/middle_01_l/AngVelMagMAE": 0.07843290641903877,
    "Bone/middle_01_l/AngVelMAE": 0.060910459607839584,
    "Bone/pinky_01_l/AngVelMagMAE": 0.7620398104190826,
    "Bone/pinky_01_l/AngVelMAE": 0.5650245547294617,
    "Bone/ring_01_l/AngVelMagMAE": 0.13410624861717224,
    "Bone/ring_01_l/AngVelMAE": 0.10912168025970459,
    "Bone/thumb_01_l/AngVelMagMAE": 0.4839543402194977,
    "Bone/thumb_01_l/AngVelMAE": 0.3883589953184128,
    "Bone/clavicle_r/AngVelMagMAE": 0.07379007339477539,
    "Bone/clavicle_r/AngVelMAE": 0.07197102531790733,
    "Bone/upperarm_r/AngVelMagMAE": 0.27415208518505096,
    "Bone/upperarm_r/AngVelMAE": 0.24806971102952957,
    "Bone/RUpArmTwist_r_01/AngVelMagMAE": 0.14637353271245956,
    "Bone/RUpArmTwist_r_01/AngVelMAE": 0.08776352927088737,
    "Bone/RUpArmTwist_r_02/AngVelMagMAE": 0.08696169778704643,
    "Bone/RUpArmTwist_r_02/AngVelMAE": 0.04899071156978607,
    "Bone/lowerarm_r/AngVelMagMAE": 0.19973675161600113,
    "Bone/lowerarm_r/AngVelMAE": 0.10688377544283867,
    "Bone/R_ForeTwist_01/AngVelMagMAE": 0.042135387659072876,
    "Bone/R_ForeTwist_01/AngVelMAE": 0.02033993136137724,
    "Bone/R_ForeTwist_02/AngVelMagMAE": 0.05278007127344608,
    "Bone/R_ForeTwist_02/AngVelMAE": 0.02286664769053459,
    "Bone/hand_r/AngVelMagMAE": 0.22225865721702576,
    "Bone/hand_r/AngVelMAE": 0.21622177213430405,
    "Bone/index_01_r/AngVelMagMAE": 0.09194961190223694,
    "Bone/index_01_r/AngVelMAE": 0.055585965514183044,
    "Bone/middle_01_r/AngVelMagMAE": 0.08139366656541824,
    "Bone/middle_01_r/AngVelMAE": 0.04881807044148445,
    "Bone/pinky_01_r/AngVelMagMAE": 0.28631317615509033,
    "Bone/pinky_01_r/AngVelMAE": 0.16425920277833939,
    "Bone/ring_01_r/AngVelMagMAE": 0.10297738015651703,
    "Bone/ring_01_r/AngVelMAE": 0.06138632073998451,
    "Bone/thumb_01_r/AngVelMagMAE": 0.2977050542831421,
    "Bone/thumb_01_r/AngVelMAE": 0.20039810985326767,
    "Bone/neck_01/AngVelMagMAE": 0.09853485599160194,
    "Bone/neck_01/AngVelMAE": 0.09592068567872047,
    "Bone/head/AngVelMagMAE": 0.14426705241203308,
    "Bone/head/AngVelMAE": 0.12414273992180824,
    "Bone/thigh_l/AngVelMagMAE": 0.378440722823143,
    "Bone/thigh_l/AngVelMAE": 0.33742082118988037,
    "Bone/calf_l/AngVelMagMAE": 0.6374104917049408,
    "Bone/calf_l/AngVelMAE": 0.25227856636047363,
    "Bone/LCalfTwist_01/AngVelMagMAE": 0.0667923241853714,
    "Bone/LCalfTwist_01/AngVelMAE": 0.03415823169052601,
    "Bone/LCalfTwist_02/AngVelMagMAE": 0.06768397986888885,
    "Bone/LCalfTwist_02/AngVelMAE": 0.03548616170883179,
    "Bone/LCalfTwist_03/AngVelMagMAE": 0.08190944790840149,
    "Bone/LCalfTwist_03/AngVelMAE": 0.03787745162844658,
    "Bone/foot_l/AngVelMagMAE": 0.5610924363136292,
    "Bone/foot_l/AngVelMAE": 0.3852883279323578,
    "Bone/ball_l/AngVelMagMAE": 0.32007332146167755,
    "Bone/ball_l/AngVelMAE": 0.18168940395116806,
    "Bone/thigh_r/AngVelMagMAE": 0.43690191209316254,
    "Bone/thigh_r/AngVelMAE": 0.35847796499729156,
    "Bone/calf_r/AngVelMagMAE": 0.6588476300239563,
    "Bone/calf_r/AngVelMAE": 0.29644225537776947,
    "Bone/RCalfTwist_01/AngVelMagMAE": 0.07830378040671349,
    "Bone/RCalfTwist_01/AngVelMAE": 0.037246689200401306,
    "Bone/RCalfTwist_02/AngVelMagMAE": 0.07954943552613258,
    "Bone/RCalfTwist_02/AngVelMAE": 0.03751373663544655,
    "Bone/RCalfTwist_03/AngVelMagMAE": 0.0942174419760704,
    "Bone/RCalfTwist_03/AngVelMAE": 0.03980226814746857,
    "Bone/foot_r/AngVelMagMAE": 0.6260794401168823,
    "Bone/foot_r/AngVelMAE": 0.4238533675670624,
    "Bone/ball_r/AngVelMagMAE": 0.551233321428299,
    "Bone/ball_r/AngVelMAE": 0.27999138832092285,
    "KeyBone/upperarm_l/GeoDeg": 16.381059646606445,
    "KeyBone/upperarm_l/AngVelMAE": 0.2407490313053131,
    "KeyBone/upperarm_l/AngVelMagMAE": 0.2214977890253067,
    "KeyBone/upperarm_l/AngVelMagRel": 0.3535224050283432,
    "KeyBone/upperarm_l/AngVelDirDeg": 90.91390991210938,
    "KeyBone/lowerarm_l/GeoDeg": 12.051251411437988,
    "KeyBone/lowerarm_l/AngVelMAE": 0.17950508743524551,
    "KeyBone/lowerarm_l/AngVelMagMAE": 0.3394653648138046,
    "KeyBone/lowerarm_l/AngVelMagRel": 0.5760835111141205,
    "KeyBone/lowerarm_l/AngVelDirDeg": 91.98852157592773,
    "KeyBone/hand_l/GeoDeg": 10.260621070861816,
    "KeyBone/hand_l/AngVelMAE": 0.1332891583442688,
    "KeyBone/hand_l/AngVelMagMAE": 0.14733511954545975,
    "KeyBone/hand_l/AngVelMagRel": 0.26476215571165085,
    "KeyBone/hand_l/AngVelDirDeg": 89.45713424682617,
    "KeyBone/upperarm_r/GeoDeg": 17.511555671691895,
    "KeyBone/upperarm_r/AngVelMAE": 0.24806971102952957,
    "KeyBone/upperarm_r/AngVelMagMAE": 0.27415208518505096,
    "KeyBone/upperarm_r/AngVelMagRel": 0.38817116618156433,
    "KeyBone/upperarm_r/AngVelDirDeg": 90.61453628540039,
    "KeyBone/lowerarm_r/GeoDeg": 13.155905723571777,
    "KeyBone/lowerarm_r/AngVelMAE": 0.10688377544283867,
    "KeyBone/lowerarm_r/AngVelMagMAE": 0.19973675161600113,
    "KeyBone/lowerarm_r/AngVelMagRel": 0.4476325213909149,
    "KeyBone/lowerarm_r/AngVelDirDeg": 87.93896484375,
    "KeyBone/hand_r/GeoDeg": 15.86186170578003,
    "KeyBone/hand_r/AngVelMAE": 0.21622177213430405,
    "KeyBone/hand_r/AngVelMagMAE": 0.22225865721702576,
    "KeyBone/hand_r/AngVelMagRel": 0.35812267661094666,
    "KeyBone/hand_r/AngVelDirDeg": 90.7337417602539,
    "KeyBone/thigh_l/GeoDeg": 20.424236297607422,
    "KeyBone/thigh_l/AngVelMAE": 0.33742082118988037,
    "KeyBone/thigh_l/AngVelMagMAE": 0.378440722823143,
    "KeyBone/thigh_l/AngVelMagRel": 0.46180105209350586,
    "KeyBone/thigh_l/AngVelDirDeg": 90.89452743530273,
    "KeyBone/calf_l/GeoDeg": 13.296069145202637,
    "KeyBone/calf_l/AngVelMAE": 0.25227856636047363,
    "KeyBone/calf_l/AngVelMagMAE": 0.6374104917049408,
    "KeyBone/calf_l/AngVelMagRel": 0.7308838963508606,
    "KeyBone/calf_l/AngVelDirDeg": 89.3490104675293,
    "KeyBone/foot_l/GeoDeg": 14.647388458251953,
    "KeyBone/foot_l/AngVelMAE": 0.3852883279323578,
    "KeyBone/foot_l/AngVelMagMAE": 0.5610924363136292,
    "KeyBone/foot_l/AngVelMagRel": 0.5704537928104401,
    "KeyBone/foot_l/AngVelDirDeg": 89.14044189453125,
    "KeyBone/thigh_r/GeoDeg": 18.45145320892334,