{
  "epoch": 34,
  "tag": "valfree",
  "timestamp": "2025-11-04T19:10:39",
  "metrics": {
    "YawAbsDeg": 7.513217449188232,
    "RootVelMAE": 0.09700185060501099,
    "period_abs_mean": 0.8036990463733673,
    "period_abs_std": 0.25994929671287537,
    "GeoDeg": 12.57868480682373,
    "AngVelMAE": 0.1356218010187149,
    "AngVelMagRel": 0.4270484745502472,
    "Bone/pelvis/AngVelMagMAE": 0.16803347319364548,
    "Bone/pelvis/AngVelMAE": 0.13294655084609985,
    "Bone/Bip001/AngVelMagMAE": 1.7758705439518963e-06,
    "Bone/Bip001/AngVelMAE": 8.857720388277812e-07,
    "Bone/spine_01/AngVelMagMAE": 0.09609377011656761,
    "Bone/spine_01/AngVelMAE": 0.1011505164206028,
    "Bone/spine_02/AngVelMagMAE": 0.09376337379217148,
    "Bone/spine_02/AngVelMAE": 0.0897517092525959,
    "Bone/clavicle_l/AngVelMagMAE": 0.10859104990959167,
    "Bone/clavicle_l/AngVelMAE": 0.08255060762166977,
    "Bone/upperarm_l/AngVelMagMAE": 0.2339523881673813,
    "Bone/upperarm_l/AngVelMAE": 0.23320075869560242,
    "Bone/RUpArmTwist_l_01/AngVelMagMAE": 0.09010447934269905,
    "Bone/RUpArmTwist_l_01/AngVelMAE": 0.05031060427427292,
    "Bone/RUpArmTwist_l_02/AngVelMagMAE": 0.06225301884114742,
    "Bone/RUpArmTwist_l_02/AngVelMAE": 0.029983585700392723,
    "Bone/lowerarm_l/AngVelMagMAE": 0.31614504754543304,
    "Bone/lowerarm_l/AngVelMAE": 0.16438495367765427,
    "Bone/L_ForeTwist_01/AngVelMagMAE": 0.03689589351415634,
    "Bone/L_ForeTwist_01/AngVelMAE": 0.01427924120798707,
    "Bone/L_ForeTwist_02/AngVelMagMAE": 0.04156406410038471,
    "Bone/L_ForeTwist_02/AngVelMAE": 0.014992134179919958,
    "Bone/hand_l/AngVelMagMAE": 0.17282530665397644,
    "Bone/hand_l/AngVelMAE": 0.14160943031311035,
    "Bone/index_01_l/AngVelMagMAE": 0.09269173443317413,
    "Bone/index_01_l/AngVelMAE": 0.07293866947293282,
    "Bone/middle_01_l/AngVelMagMAE": 0.08028774335980415,
    "Bone/middle_01_l/AngVelMAE": 0.05488123558461666,
    "Bone/pinky_01_l/AngVelMagMAE": 0.7387250065803528,
    "Bone/pinky_01_l/AngVelMAE": 0.5113343149423599,
    "Bone/ring_01_l/AngVelMagMAE": 0.1346697434782982,
    "Bone/ring_01_l/AngVelMAE": 0.09742936864495277,
    "Bone/thumb_01_l/AngVelMagMAE": 0.4485500454902649,
    "Bone/thumb_01_l/AngVelMAE": 0.3378092795610428,
    "Bone/clavicle_r/AngVelMagMAE": 0.07279649004340172,
    "Bone/clavicle_r/AngVelMAE": 0.06860183924436569,
    "Bone/upperarm_r/AngVelMagMAE": 0.25646742433309555,
    "Bone/upperarm_r/AngVelMAE": 0.23489713668823242,
    "Bone/RUpArmTwist_r_01/AngVelMagMAE": 0.13727137446403503,
    "Bone/RUpArmTwist_r_01/AngVelMAE": 0.0823017954826355,
    "Bone/RUpArmTwist_r_02/AngVelMagMAE": 0.08123525977134705,
    "Bone/RUpArmTwist_r_02/AngVelMAE": 0.04572107084095478,
    "Bone/lowerarm_r/AngVelMagMAE": 0.21769598871469498,
    "Bone/lowerarm_r/AngVelMAE": 0.11069608852267265,
    "Bone/R_ForeTwist_01/AngVelMagMAE": 0.04041283763945103,
    "Bone/R_ForeTwist_01/AngVelMAE": 0.018914852291345596,
    "Bone/R_ForeTwist_02/AngVelMagMAE": 0.05180433765053749,
    "Bone/R_ForeTwist_02/AngVelMAE": 0.02158201951533556,
    "Bone/hand_r/AngVelMagMAE": 0.228161059319973,
    "Bone/hand_r/AngVelMAE": 0.2084151953458786,
    "Bone/index_01_r/AngVelMagMAE": 0.08238556236028671,
    "Bone/index_01_r/AngVelMAE": 0.048076728358864784,
    "Bone/middle_01_r/AngVelMagMAE": 0.06869122013449669,
    "Bone/middle_01_r/AngVelMAE": 0.040305495262145996,
    "Bone/pinky_01_r/AngVelMagMAE": 0.25151849538087845,
    "Bone/pinky_01_r/AngVelMAE": 0.14140190929174423,
    "Bone/ring_01_r/AngVelMagMAE": 0.08920074254274368,
    "Bone/ring_01_r/AngVelMAE": 0.05233203060925007,
    "Bone/thumb_01_r/AngVelMagMAE": 0.2771635502576828,
    "Bone/thumb_01_r/AngVelMAE": 0.17563585937023163,
    "Bone/neck_01/AngVelMagMAE": 0.08322976157069206,
    "Bone/neck_01/AngVelMAE": 0.08487266674637794,
    "Bone/head/AngVelMagMAE": 0.14415161311626434,
    "Bone/head/AngVelMAE": 0.11714107543230057,
    "Bone/thigh_l/AngVelMagMAE": 0.36657238006591797,
    "Bone/thigh_l/AngVelMAE": 0.3267172873020172,
    "Bone/calf_l/AngVelMagMAE": 0.6396426558494568,
    "Bone/calf_l/AngVelMAE": 0.24962203204631805,
    "Bone/LCalfTwist_01/AngVelMagMAE": 0.06560008227825165,
    "Bone/LCalfTwist_01/AngVelMAE": 0.032957324758172035,
    "Bone/LCalfTwist_02/AngVelMagMAE": 0.06199575401842594,
    "Bone/LCalfTwist_02/AngVelMAE": 0.033957045525312424,
    "Bone/LCalfTwist_03/AngVelMagMAE": 0.07882118225097656,
    "Bone/LCalfTwist_03/AngVelMAE": 0.03605544753372669,
    "Bone/foot_l/AngVelMagMAE": 0.5877526998519897,
    "Bone/foot_l/AngVelMAE": 0.38564632833004,
    "Bone/ball_l/AngVelMagMAE": 0.2977534085512161,
    "Bone/ball_l/AngVelMAE": 0.16969852894544601,
    "Bone/thigh_r/AngVelMagMAE": 0.4266297519207001,
    "Bone/thigh_r/AngVelMAE": 0.34584546089172363,
    "Bone/calf_r/AngVelMagMAE": 0.6917020380496979,
    "Bone/calf_r/AngVelMAE": 0.29739731550216675,
    "Bone/RCalfTwist_01/AngVelMagMAE": 0.07263581827282906,
    "Bone/RCalfTwist_01/AngVelMAE": 0.03424463048577309,
    "Bone/RCalfTwist_02/AngVelMagMAE": 0.07287981361150742,
    "Bone/RCalfTwist_02/AngVelMAE": 0.034880731254816055,
    "Bone/RCalfTwist_03/AngVelMagMAE": 0.08733000606298447,
    "Bone/RCalfTwist_03/AngVelMAE": 0.0370750967413187,
    "Bone/foot_r/AngVelMagMAE": 0.5852283239364624,
    "Bone/foot_r/AngVelMAE": 0.3987797200679779,
    "Bone/ball_r/AngVelMagMAE": 0.5543927848339081,
    "Bone/ball_r/AngVelMAE": 0.2752760350704193,
    "KeyBone/upperarm_l/GeoDeg": 18.142093658447266,
    "KeyBone/upperarm_l/AngVelMAE": 0.23320075869560242,
    "KeyBone/upperarm_l/AngVelMagMAE": 0.2339523881673813,
    "KeyBone/upperarm_l/AngVelMagRel": 0.3980499356985092,
    "KeyBone/upperarm_l/AngVelDirDeg": 90.02907943725586,
    "KeyBone/lowerarm_l/GeoDeg": 10.826102256774902,
    "KeyBone/lowerarm_l/AngVelMAE": 0.16438495367765427,
    "KeyBone/lowerarm_l/AngVelMagMAE": 0.31614504754543304,
    "KeyBone/lowerarm_l/AngVelMagRel": 0.5665374994277954,
    "KeyBone/lowerarm_l/AngVelDirDeg": 91.56570434570312,
    "KeyBone/hand_l/GeoDeg": 11.4754958152771,
    "KeyBone/hand_l/AngVelMAE": 0.14160943031311035,
    "KeyBone/hand_l/AngVelMagMAE": 0.17282530665397644,
    "KeyBone/hand_l/AngVelMagRel": 0.3425019383430481,
    "KeyBone/hand_l/AngVelDirDeg": 90.21501541137695,
    "KeyBone/upperarm_r/GeoDeg": 15.097261428833008,
    "KeyBone/upperarm_r/AngVelMAE": 0.23489713668823242,
    "KeyBone/upperarm_r/AngVelMagMAE": 0.25646742433309555,
    "KeyBone/upperarm_r/AngVelMagRel": 0.3769661486148834,
    "KeyBone/upperarm_r/AngVelDirDeg": 90.1405258178711,
    "KeyBone/lowerarm_r/GeoDeg": 14.141391277313232,
    "KeyBone/lowerarm_r/AngVelMAE": 0.11069608852267265,
    "KeyBone/lowerarm_r/AngVelMagMAE": 0.21769598871469498,
    "KeyBone/lowerarm_r/AngVelMagRel": 0.4908996671438217,
    "KeyBone/lowerarm_r/AngVelDirDeg": 89.98064422607422,
    "KeyBone/hand_r/GeoDeg": 15.6132230758667,
    "KeyBone/hand_r/AngVelMAE": 0.2084151953458786,
    "KeyBone/hand_r/AngVelMagMAE": 0.228161059319973,
    "KeyBone/hand_r/AngVelMagRel": 0.3818881958723068,
    "KeyBone/hand_r/AngVelDirDeg": 90.46909713745117,
    "KeyBone/thigh_l/GeoDeg": 20.52627468109131,
    "KeyBone/thigh_l/AngVelMAE": 0.3267172873020172,
    "KeyBone/thigh_l/AngVelMagMAE": 0.36657238006591797,
    "KeyBone/thigh_l/AngVelMagRel": 0.46306008100509644,
    "KeyBone/thigh_l/AngVelDirDeg": 90.44490432739258,
    "KeyBone/calf_l/GeoDeg": 14.945603847503662,
    "KeyBone/calf_l/AngVelMAE": 0.24962203204631805,
    "KeyBone/calf_l/AngVelMagMAE": 0.6396426558494568,
    "KeyBone/calf_l/AngVelMagRel": 0.761467695236206,
    "KeyBone/calf_l/AngVelDirDeg": 90.76253509521484,
    "KeyBone/foot_l/GeoDeg": 13.637197971343994,
    "KeyBone/foot_l/AngVelMAE": 0.38564632833004,
    "KeyBone/foot_l/AngVelMagMAE": 0.5877526998519897,
    "KeyBone/foot_l/AngVelMagRel": 0.6278528869152069,
    "KeyBone/foot_l/AngVelDirDeg": 89.59016036987305,
    "KeyBone/thigh_r/GeoDeg": 17.661577224731445,