{
  "epoch": 22,
  "tag": "valfree",
  "timestamp": "2025-11-04T15:47:00",
  "metrics": {
    "YawAbsDeg": 10.712947368621826,
    "RootVelMAE": 0.12366906553506851,
    "period_abs_mean": 0.8279024660587311,
    "period_abs_std": 0.24935456365346909,
    "GeoDeg": 12.68517017364502,
    "AngVelMAE": 0.14705736190080643,
    "AngVelMagRel": 0.3985423296689987,
    "Bone/pelvis/AngVelMagMAE": 0.15685873478651047,
    "Bone/pelvis/AngVelMAE": 0.13825950026512146,
    "Bone/Bip001/AngVelMagMAE": 2.0636481394831208e-06,
    "Bone/Bip001/AngVelMAE": 1.0277419164594903e-06,
    "Bone/spine_01/AngVelMagMAE": 0.10628187656402588,
    "Bone/spine_01/AngVelMAE": 0.11472174152731895,
    "Bone/spine_02/AngVelMagMAE": 0.1212526448071003,
    "Bone/spine_02/AngVelMAE": 0.11081543937325478,
    "Bone/clavicle_l/AngVelMagMAE": 0.1070944182574749,
    "Bone/clavicle_l/AngVelMAE": 0.0866720862686634,
    "Bone/upperarm_l/AngVelMagMAE": 0.21413802355527878,
    "Bone/upperarm_l/AngVelMAE": 0.24491465091705322,
    "Bone/RUpArmTwist_l_01/AngVelMagMAE": 0.0916246585547924,
    "Bone/RUpArmTwist_l_01/AngVelMAE": 0.053957583382725716,
    "Bone/RUpArmTwist_l_02/AngVelMagMAE": 0.06698982790112495,
    "Bone/RUpArmTwist_l_02/AngVelMAE": 0.03280862607061863,
    "Bone/lowerarm_l/AngVelMagMAE": 0.3217346519231796,
    "Bone/lowerarm_l/AngVelMAE": 0.17833691090345383,
    "Bone/L_ForeTwist_01/AngVelMagMAE": 0.03564497921615839,
    "Bone/L_ForeTwist_01/AngVelMAE": 0.014180009718984365,
    "Bone/L_ForeTwist_02/AngVelMagMAE": 0.04151255451142788,
    "Bone/L_ForeTwist_02/AngVelMAE": 0.015189579222351313,
    "Bone/hand_l/AngVelMagMAE": 0.15357059985399246,
    "Bone/hand_l/AngVelMAE": 0.14272739738225937,
    "Bone/index_01_l/AngVelMagMAE": 0.09446757286787033,
    "Bone/index_01_l/AngVelMAE": 0.0837433859705925,
    "Bone/middle_01_l/AngVelMagMAE": 0.08297428116202354,
    "Bone/middle_01_l/AngVelMAE": 0.06381862983107567,
    "Bone/pinky_01_l/AngVelMagMAE": 0.7626105844974518,
    "Bone/pinky_01_l/AngVelMAE": 0.5756346881389618,
    "Bone/ring_01_l/AngVelMagMAE": 0.13782957941293716,
    "Bone/ring_01_l/AngVelMAE": 0.11033707857131958,
    "Bone/thumb_01_l/AngVelMagMAE": 0.526862382888794,
    "Bone/thumb_01_l/AngVelMAE": 0.41328446567058563,
    "Bone/clavicle_r/AngVelMagMAE": 0.07623467966914177,
    "Bone/clavicle_r/AngVelMAE": 0.07657824084162712,
    "Bone/upperarm_r/AngVelMagMAE": 0.25353260338306427,
    "Bone/upperarm_r/AngVelMAE": 0.24766693264245987,
    "Bone/RUpArmTwist_r_01/AngVelMagMAE": 0.14412857592105865,
    "Bone/RUpArmTwist_r_01/AngVelMAE": 0.08753852546215057,
    "Bone/RUpArmTwist_r_02/AngVelMagMAE": 0.0882585234940052,
    "Bone/RUpArmTwist_r_02/AngVelMAE": 0.051544563844799995,
    "Bone/lowerarm_r/AngVelMagMAE": 0.20551181584596634,
    "Bone/lowerarm_r/AngVelMAE": 0.11171344667673111,
    "Bone/R_ForeTwist_01/AngVelMagMAE": 0.040625547990202904,
    "Bone/R_ForeTwist_01/AngVelMAE": 0.020298989489674568,
    "Bone/R_ForeTwist_02/AngVelMagMAE": 0.05311991088092327,
    "Bone/R_ForeTwist_02/AngVelMAE": 0.023407326079905033,
    "Bone/hand_r/AngVelMagMAE": 0.2084551751613617,
    "Bone/hand_r/AngVelMAE": 0.21407174319028854,
    "Bone/index_01_r/AngVelMagMAE": 0.09297104179859161,
    "Bone/index_01_r/AngVelMAE": 0.056075941771268845,
    "Bone/middle_01_r/AngVelMagMAE": 0.08215191587805748,
    "Bone/middle_01_r/AngVelMAE": 0.04975513927638531,
    "Bone/pinky_01_r/AngVelMagMAE": 0.2747487276792526,
    "Bone/pinky_01_r/AngVelMAE": 0.16108829528093338,
    "Bone/ring_01_r/AngVelMagMAE": 0.10162831097841263,
    "Bone/ring_01_r/AngVelMAE": 0.061847811564803123,
    "Bone/thumb_01_r/AngVelMagMAE": 0.2897859364748001,
    "Bone/thumb_01_r/AngVelMAE": 0.19789351522922516,
    "Bone/neck_01/AngVelMagMAE": 0.09998071193695068,
    "Bone/neck_01/AngVelMAE": 0.0994076170027256,
    "Bone/head/AngVelMagMAE": 0.13951171934604645,
    "Bone/head/AngVelMAE": 0.12735043093562126,
    "Bone/thigh_l/AngVelMagMAE": 0.37230685353279114,
    "Bone/thigh_l/AngVelMAE": 0.348943293094635,
    "Bone/calf_l/AngVelMagMAE": 0.7003555595874786,
    "Bone/calf_l/AngVelMAE": 0.2758534550666809,
    "Bone/LCalfTwist_01/AngVelMagMAE": 0.06732736900448799,
    "Bone/LCalfTwist_01/AngVelMAE": 0.03536703810095787,
    "Bone/LCalfTwist_02/AngVelMagMAE": 0.06630326062440872,
    "Bone/LCalfTwist_02/AngVelMAE": 0.0367554035037756,
    "Bone/LCalfTwist_03/AngVelMagMAE": 0.08275699242949486,
    "Bone/LCalfTwist_03/AngVelMAE": 0.03933281451463699,
    "Bone/foot_l/AngVelMagMAE": 0.5878819227218628,
    "Bone/foot_l/AngVelMAE": 0.4139537364244461,
    "Bone/ball_l/AngVelMagMAE": 0.3347396105527878,
    "Bone/ball_l/AngVelMAE": 0.19173093140125275,
    "Bone/thigh_r/AngVelMagMAE": 0.41275128722190857,
    "Bone/thigh_r/AngVelMAE": 0.36257369816303253,
    "Bone/calf_r/AngVelMagMAE": 0.6307807266712189,
    "Bone/calf_r/AngVelMAE": 0.28516265749931335,
    "Bone/RCalfTwist_01/AngVelMagMAE": 0.07406110689043999,
    "Bone/RCalfTwist_01/AngVelMAE": 0.036758020520210266,
    "Bone/RCalfTwist_02/AngVelMagMAE": 0.07453075796365738,
    "Bone/RCalfTwist_02/AngVelMAE": 0.0358597245067358,
    "Bone/RCalfTwist_03/AngVelMagMAE": 0.08892243355512619,
    "Bone/RCalfTwist_03/AngVelMAE": 0.039296943694353104,
    "Bone/foot_r/AngVelMagMAE": 0.5771929919719696,
    "Bone/foot_r/AngVelMAE": 0.41706159710884094,
    "Bone/ball_r/AngVelMagMAE": 0.543390303850174,
    "Bone/ball_r/AngVelMAE": 0.28034810721874237,
    "KeyBone/upperarm_l/GeoDeg": 16.88648796081543,
    "KeyBone/upperarm_l/AngVelMAE": 0.24491465091705322,
    "KeyBone/upperarm_l/AngVelMagMAE": 0.21413802355527878,
    "KeyBone/upperarm_l/AngVelMagRel": 0.33978474140167236,
    "KeyBone/upperarm_l/AngVelDirDeg": 90.45857238769531,
    "KeyBone/lowerarm_l/GeoDeg": 11.148685455322266,
    "KeyBone/lowerarm_l/AngVelMAE": 0.17833691090345383,
    "KeyBone/lowerarm_l/AngVelMagMAE": 0.3217346519231796,
    "KeyBone/lowerarm_l/AngVelMagRel": 0.5318880081176758,
    "KeyBone/lowerarm_l/AngVelDirDeg": 87.93595886230469,
    "KeyBone/hand_l/GeoDeg": 10.611251831054688,
    "KeyBone/hand_l/AngVelMAE": 0.14272739738225937,
    "KeyBone/hand_l/AngVelMagMAE": 0.15357059985399246,
    "KeyBone/hand_l/AngVelMagRel": 0.270863302052021,
    "KeyBone/hand_l/AngVelDirDeg": 91.44472122192383,
    "KeyBone/upperarm_r/GeoDeg": 17.98460102081299,
    "KeyBone/upperarm_r/AngVelMAE": 0.24766693264245987,
    "KeyBone/upperarm_r/AngVelMagMAE": 0.25353260338306427,
    "KeyBone/upperarm_r/AngVelMagRel": 0.34688109159469604,
    "KeyBone/upperarm_r/AngVelDirDeg": 89.65604019165039,
    "KeyBone/lowerarm_r/GeoDeg": 13.95953369140625,
    "KeyBone/lowerarm_r/AngVelMAE": 0.11171344667673111,
    "KeyBone/lowerarm_r/AngVelMagMAE": 0.20551181584596634,
    "KeyBone/lowerarm_r/AngVelMagRel": 0.43770910799503326,
    "KeyBone/lowerarm_r/AngVelDirDeg": 89.87329483032227,
    "KeyBone/hand_r/GeoDeg": 15.6029372215271,
    "KeyBone/hand_r/AngVelMAE": 0.21407174319028854,
    "KeyBone/hand_r/AngVelMagMAE": 0.2084551751613617,
    "KeyBone/hand_r/AngVelMagRel": 0.32808560132980347,
    "KeyBone/hand_r/AngVelDirDeg": 90.42903900146484,
    "KeyBone/thigh_l/GeoDeg": 21.52645492553711,
    "KeyBone/thigh_l/AngVelMAE": 0.348943293094635,
    "KeyBone/thigh_l/AngVelMagMAE": 0.37230685353279114,
    "KeyBone/thigh_l/AngVelMagRel": 0.41666479408741,
    "KeyBone/thigh_l/AngVelDirDeg": 90.76532363891602,
    "KeyBone/calf_l/GeoDeg": 14.830551147460938,
    "KeyBone/calf_l/AngVelMAE": 0.2758534550666809,
    "KeyBone/calf_l/AngVelMagMAE": 0.7003555595874786,
    "KeyBone/calf_l/AngVelMagRel": 0.7739848494529724,
    "KeyBone/calf_l/AngVelDirDeg": 89.51546859741211,
    "KeyBone/foot_l/GeoDeg": 15.39869499206543,
    "KeyBone/foot_l/AngVelMAE": 0.4139537364244461,
    "KeyBone/foot_l/AngVelMagMAE": 0.5878819227218628,
    "KeyBone/foot_l/AngVelMagRel": 0.5702980160713196,
    "KeyBone/foot_l/AngVelDirDeg": 90.55146026611328,
    "KeyBone/thigh_r/GeoDeg": 18.115638732910156,