{
  "epoch": 46,
  "tag": "valfree",
  "timestamp": "2025-11-04T20:46:40",
  "metrics": {
    "YawAbsDeg": 8.567986249923706,
    "RootVelMAE": 0.13428744673728943,
    "period_abs_mean": 0.8133390843868256,
    "period_abs_std": 0.2573191225528717,
    "GeoDeg": 13.401902198791504,
    "AngVelMAE": 0.139024518430233,
    "AngVelMagRel": 0.4629199057817459,
    "Bone/pelvis/AngVelMagMAE": 0.1715971976518631,
    "Bone/pelvis/AngVelMAE": 0.12589290738105774,
    "Bone/Bip001/AngVelMagMAE": 1.573301631196955e-06,
    "Bone/Bip001/AngVelMAE": 7.894249733908509e-07,
    "Bone/spine_01/AngVelMagMAE": 0.10582045838236809,
    "Bone/spine_01/AngVelMAE": 0.0999218299984932,
    "Bone/spine_02/AngVelMagMAE": 0.11673091351985931,
    "Bone/spine_02/AngVelMAE": 0.0977441780269146,
    "Bone/clavicle_l/AngVelMagMAE": 0.11854710802435875,
    "Bone/clavicle_l/AngVelMAE": 0.08547244966030121,
    "Bone/upperarm_l/AngVelMagMAE": 0.24932315945625305,
    "Bone/upperarm_l/AngVelMAE": 0.2330183982849121,
    "Bone/RUpArmTwist_l_01/AngVelMagMAE": 0.09249141067266464,
    "Bone/RUpArmTwist_l_01/AngVelMAE": 0.048639968037605286,
    "Bone/RUpArmTwist_l_02/AngVelMagMAE": 0.062474461272358894,
    "Bone/RUpArmTwist_l_02/AngVelMAE": 0.029062554240226746,
    "Bone/lowerarm_l/AngVelMagMAE": 0.3425903469324112,
    "Bone/lowerarm_l/AngVelMAE": 0.16906333714723587,
    "Bone/L_ForeTwist_01/AngVelMagMAE": 0.037942834198474884,
    "Bone/L_ForeTwist_01/AngVelMAE": 0.014694598503410816,
    "Bone/L_ForeTwist_02/AngVelMagMAE": 0.042724428698420525,
    "Bone/L_ForeTwist_02/AngVelMAE": 0.015565098728984594,
    "Bone/hand_l/AngVelMagMAE": 0.16100755333900452,
    "Bone/hand_l/AngVelMAE": 0.13378699123859406,
    "Bone/index_01_l/AngVelMagMAE": 0.08485878258943558,
    "Bone/index_01_l/AngVelMAE": 0.07696628198027611,
    "Bone/middle_01_l/AngVelMagMAE": 0.076296865940094,
    "Bone/middle_01_l/AngVelMAE": 0.05769745074212551,
    "Bone/pinky_01_l/AngVelMagMAE": 0.7578124701976776,
    "Bone/pinky_01_l/AngVelMAE": 0.5549220144748688,
    "Bone/ring_01_l/AngVelMagMAE": 0.13721081614494324,
    "Bone/ring_01_l/AngVelMAE": 0.10350966826081276,
    "Bone/thumb_01_l/AngVelMagMAE": 0.42348067462444305,
    "Bone/thumb_01_l/AngVelMAE": 0.3547669053077698,
    "Bone/clavicle_r/AngVelMagMAE": 0.07189597748219967,
    "Bone/clavicle_r/AngVelMAE": 0.06503545492887497,
    "Bone/upperarm_r/AngVelMagMAE": 0.28861501067876816,
    "Bone/upperarm_r/AngVelMAE": 0.24154194444417953,
    "Bone/RUpArmTwist_r_01/AngVelMagMAE": 0.14330248534679413,
    "Bone/RUpArmTwist_r_01/AngVelMAE": 0.08558931574225426,
    "Bone/RUpArmTwist_r_02/AngVelMagMAE": 0.08223674446344376,
    "Bone/RUpArmTwist_r_02/AngVelMAE": 0.04653560742735863,
    "Bone/lowerarm_r/AngVelMagMAE": 0.21088522672653198,
    "Bone/lowerarm_r/AngVelMAE": 0.10706433281302452,
    "Bone/R_ForeTwist_01/AngVelMagMAE": 0.04350411891937256,
    "Bone/R_ForeTwist_01/AngVelMAE": 0.019924120046198368,
    "Bone/R_ForeTwist_02/AngVelMagMAE": 0.05395520478487015,
    "Bone/R_ForeTwist_02/AngVelMAE": 0.022658136673271656,
    "Bone/hand_r/AngVelMagMAE": 0.24250146746635437,
    "Bone/hand_r/AngVelMAE": 0.20953156799077988,
    "Bone/index_01_r/AngVelMagMAE": 0.09356003254652023,
    "Bone/index_01_r/AngVelMAE": 0.05474492907524109,
    "Bone/middle_01_r/AngVelMagMAE": 0.08349330350756645,
    "Bone/middle_01_r/AngVelMAE": 0.04791399464011192,
    "Bone/pinky_01_r/AngVelMagMAE": 0.2903405576944351,
    "Bone/pinky_01_r/AngVelMAE": 0.16271034628152847,
    "Bone/ring_01_r/AngVelMagMAE": 0.10344882309436798,
    "Bone/ring_01_r/AngVelMAE": 0.06004107743501663,
    "Bone/thumb_01_r/AngVelMagMAE": 0.2984231263399124,
    "Bone/thumb_01_r/AngVelMAE": 0.19469191133975983,
    "Bone/neck_01/AngVelMagMAE": 0.10328277945518494,
    "Bone/neck_01/AngVelMAE": 0.09058567509055138,
    "Bone/head/AngVelMagMAE": 0.1489790454506874,
    "Bone/head/AngVelMAE": 0.11690029129385948,
    "Bone/thigh_l/AngVelMagMAE": 0.398598775267601,
    "Bone/thigh_l/AngVelMAE": 0.3216427117586136,
    "Bone/calf_l/AngVelMagMAE": 0.7108846306800842,
    "Bone/calf_l/AngVelMAE": 0.2709492892026901,
    "Bone/LCalfTwist_01/AngVelMagMAE": 0.07257592305541039,
    "Bone/LCalfTwist_01/AngVelMAE": 0.03470099717378616,
    "Bone/LCalfTwist_02/AngVelMagMAE": 0.06959028169512749,
    "Bone/LCalfTwist_02/AngVelMAE": 0.03567839786410332,
    "Bone/LCalfTwist_03/AngVelMagMAE": 0.08481666818261147,
    "Bone/LCalfTwist_03/AngVelMAE": 0.03795119188725948,
    "Bone/foot_l/AngVelMagMAE": 0.6274518072605133,
    "Bone/foot_l/AngVelMAE": 0.38990749418735504,
    "Bone/ball_l/AngVelMagMAE": 0.3532860279083252,
    "Bone/ball_l/AngVelMAE": 0.19239824265241623,
    "Bone/thigh_r/AngVelMagMAE": 0.4441772699356079,
    "Bone/thigh_r/AngVelMAE": 0.3404497057199478,
    "Bone/calf_r/AngVelMagMAE": 0.6576483845710754,
    "Bone/calf_r/AngVelMAE": 0.28117236495018005,
    "Bone/RCalfTwist_01/AngVelMagMAE": 0.0756138488650322,
    "Bone/RCalfTwist_01/AngVelMAE": 0.035159757360816,
    "Bone/RCalfTwist_02/AngVelMagMAE": 0.07622778788208961,
    "Bone/RCalfTwist_02/AngVelMAE": 0.03518052585422993,
    "Bone/RCalfTwist_03/AngVelMagMAE": 0.08925573155283928,
    "Bone/RCalfTwist_03/AngVelMAE": 0.03737739659845829,
    "Bone/foot_r/AngVelMagMAE": 0.5935609936714172,
    "Bone/foot_r/AngVelMAE": 0.39148442447185516,
    "Bone/ball_r/AngVelMagMAE": 0.5334498286247253,
    "Bone/ball_r/AngVelMAE": 0.26488132774829865,
    "KeyBone/upperarm_l/GeoDeg": 18.027573585510254,
    "KeyBone/upperarm_l/AngVelMAE": 0.2330183982849121,
    "KeyBone/upperarm_l/AngVelMagMAE": 0.24932315945625305,
    "KeyBone/upperarm_l/AngVelMagRel": 0.44060973823070526,
    "KeyBone/upperarm_l/AngVelDirDeg": 90.7078971862793,
    "KeyBone/lowerarm_l/GeoDeg": 11.569801330566406,
    "KeyBone/lowerarm_l/AngVelMAE": 0.16906333714723587,
    "KeyBone/lowerarm_l/AngVelMagMAE": 0.3425903469324112,
    "KeyBone/lowerarm_l/AngVelMagRel": 0.6075732111930847,
    "KeyBone/lowerarm_l/AngVelDirDeg": 88.59366989135742,
    "KeyBone/hand_l/GeoDeg": 11.89006233215332,
    "KeyBone/hand_l/AngVelMAE": 0.13378699123859406,
    "KeyBone/hand_l/AngVelMagMAE": 0.16100755333900452,
    "KeyBone/hand_l/AngVelMagRel": 0.3301730155944824,
    "KeyBone/hand_l/AngVelDirDeg": 90.31733703613281,
    "KeyBone/upperarm_r/GeoDeg": 17.215394496917725,
    "KeyBone/upperarm_r/AngVelMAE": 0.24154194444417953,
    "KeyBone/upperarm_r/AngVelMagMAE": 0.28861501067876816,
    "KeyBone/upperarm_r/AngVelMagRel": 0.45366857945919037,
    "KeyBone/upperarm_r/AngVelDirDeg": 91.10676574707031,
    "KeyBone/lowerarm_r/GeoDeg": 14.86476755142212,
    "KeyBone/lowerarm_r/AngVelMAE": 0.10706433281302452,
    "KeyBone/lowerarm_r/AngVelMagMAE": 0.21088522672653198,
    "KeyBone/lowerarm_r/AngVelMagRel": 0.4703589528799057,
    "KeyBone/lowerarm_r/AngVelDirDeg": 90.99706649780273,
    "KeyBone/hand_r/GeoDeg": 16.578826427459717,
    "KeyBone/hand_r/AngVelMAE": 0.20953156799077988,
    "KeyBone/hand_r/AngVelMagMAE": 0.24250146746635437,
    "KeyBone/hand_r/AngVelMagRel": 0.4058670401573181,
    "KeyBone/hand_r/AngVelDirDeg": 89.37342834472656,
    "KeyBone/thigh_l/GeoDeg": 20.709132194519043,
    "KeyBone/thigh_l/AngVelMAE": 0.3216427117586136,
    "KeyBone/thigh_l/AngVelMagMAE": 0.398598775267601,
    "KeyBone/thigh_l/AngVelMagRel": 0.4800851047039032,
    "KeyBone/thigh_l/AngVelDirDeg": 90.58834457397461,
    "KeyBone/calf_l/GeoDeg": 14.345992088317871,
    "KeyBone/calf_l/AngVelMAE": 0.2709492892026901,
    "KeyBone/calf_l/AngVelMagMAE": 0.7108846306800842,
    "KeyBone/calf_l/AngVelMagRel": 0.8196383714675903,
    "KeyBone/calf_l/AngVelDirDeg": 90.02240753173828,
    "KeyBone/foot_l/GeoDeg": 15.212383270263672,
    "KeyBone/foot_l/AngVelMAE": 0.38990749418735504,
    "KeyBone/foot_l/AngVelMagMAE": 0.6274518072605133,
    "KeyBone/foot_l/AngVelMagRel": 0.6761262118816376,
    "KeyBone/foot_l/AngVelDirDeg": 90.54416275024414,
    "KeyBone/thigh_r/GeoDeg": 18.78825569152832,