{
  "epoch": 43,
  "tag": "valfree",
  "timestamp": "2025-11-04T20:22:41",
  "metrics": {
    "YawAbsDeg": 7.337716341018677,
    "RootVelMAE": 0.12349231913685799,
    "period_abs_mean": 0.8019728362560272,
    "period_abs_std": 0.2608422040939331,
    "GeoDeg": 12.229230403900146,
    "AngVelMAE": 0.13536500185728073,
    "AngVelMagRel": 0.4396248161792755,
    "Bone/pelvis/AngVelMagMAE": 0.17207231372594833,
    "Bone/pelvis/AngVelMAE": 0.1299043744802475,
    "Bone/Bip001/AngVelMagMAE": 1.6380312217734172e-06,
    "Bone/Bip001/AngVelMAE": 8.181549731034465e-07,
    "Bone/spine_01/AngVelMagMAE": 0.10522161051630974,
    "Bone/spine_01/AngVelMAE": 0.10152341797947884,
    "Bone/spine_02/AngVelMagMAE": 0.11018810793757439,
    "Bone/spine_02/AngVelMAE": 0.095704335719347,
    "Bone/clavicle_l/AngVelMagMAE": 0.10551204159855843,
    "Bone/clavicle_l/AngVelMAE": 0.0808296725153923,
    "Bone/upperarm_l/AngVelMagMAE": 0.2511986941099167,
    "Bone/upperarm_l/AngVelMAE": 0.23240969330072403,
    "Bone/RUpArmTwist_l_01/AngVelMagMAE": 0.09169954806566238,
    "Bone/RUpArmTwist_l_01/AngVelMAE": 0.04954211413860321,
    "Bone/RUpArmTwist_l_02/AngVelMagMAE": 0.06283332407474518,
    "Bone/RUpArmTwist_l_02/AngVelMAE": 0.029470117762684822,
    "Bone/lowerarm_l/AngVelMagMAE": 0.3405255675315857,
    "Bone/lowerarm_l/AngVelMAE": 0.1704372987151146,
    "Bone/L_ForeTwist_01/AngVelMagMAE": 0.03216087818145752,
    "Bone/L_ForeTwist_01/AngVelMAE": 0.01255735894665122,
    "Bone/L_ForeTwist_02/AngVelMagMAE": 0.037432560697197914,
    "Bone/L_ForeTwist_02/AngVelMAE": 0.013554042670875788,
    "Bone/hand_l/AngVelMagMAE": 0.15046078711748123,
    "Bone/hand_l/AngVelMAE": 0.12841340526938438,
    "Bone/index_01_l/AngVelMagMAE": 0.0910431444644928,
    "Bone/index_01_l/AngVelMAE": 0.07504459470510483,
    "Bone/middle_01_l/AngVelMagMAE": 0.07736217230558395,
    "Bone/middle_01_l/AngVelMAE": 0.05610694736242294,
    "Bone/pinky_01_l/AngVelMagMAE": 0.7615829110145569,
    "Bone/pinky_01_l/AngVelMAE": 0.533775269985199,
    "Bone/ring_01_l/AngVelMagMAE": 0.13733946532011032,
    "Bone/ring_01_l/AngVelMAE": 0.10178614035248756,
    "Bone/thumb_01_l/AngVelMagMAE": 0.4538252204656601,
    "Bone/thumb_01_l/AngVelMAE": 0.35279011726379395,
    "Bone/clavicle_r/AngVelMagMAE": 0.06457467935979366,
    "Bone/clavicle_r/AngVelMAE": 0.06276767142117023,
    "Bone/upperarm_r/AngVelMagMAE": 0.2642943561077118,
    "Bone/upperarm_r/AngVelMAE": 0.23147417604923248,
    "Bone/RUpArmTwist_r_01/AngVelMagMAE": 0.1413179636001587,
    "Bone/RUpArmTwist_r_01/AngVelMAE": 0.08104671910405159,
    "Bone/RUpArmTwist_r_02/AngVelMagMAE": 0.08332245796918869,
    "Bone/RUpArmTwist_r_02/AngVelMAE": 0.04608912393450737,
    "Bone/lowerarm_r/AngVelMagMAE": 0.1990414410829544,
    "Bone/lowerarm_r/AngVelMAE": 0.10440951585769653,
    "Bone/R_ForeTwist_01/AngVelMagMAE": 0.040283288806676865,
    "Bone/R_ForeTwist_01/AngVelMAE": 0.01841927971690893,
    "Bone/R_ForeTwist_02/AngVelMagMAE": 0.050526268780231476,
    "Bone/R_ForeTwist_02/AngVelMAE": 0.020890824496746063,
    "Bone/hand_r/AngVelMagMAE": 0.2280145138502121,
    "Bone/hand_r/AngVelMAE": 0.20371220260858536,
    "Bone/index_01_r/AngVelMagMAE": 0.08535150438547134,
    "Bone/index_01_r/AngVelMAE": 0.04986323602497578,
    "Bone/middle_01_r/AngVelMagMAE": 0.0751722864806652,
    "Bone/middle_01_r/AngVelMAE": 0.042989518493413925,
    "Bone/pinky_01_r/AngVelMagMAE": 0.2616964280605316,
    "Bone/pinky_01_r/AngVelMAE": 0.1466556042432785,
    "Bone/ring_01_r/AngVelMagMAE": 0.09324489161372185,
    "Bone/ring_01_r/AngVelMAE": 0.05399651639163494,
    "Bone/thumb_01_r/AngVelMagMAE": 0.28150221705436707,
    "Bone/thumb_01_r/AngVelMAE": 0.17994174361228943,
    "Bone/neck_01/AngVelMagMAE": 0.09241583943367004,
    "Bone/neck_01/AngVelMAE": 0.08682908862829208,
    "Bone/head/AngVelMagMAE": 0.13523408025503159,
    "Bone/head/AngVelMAE": 0.11035315319895744,
    "Bone/thigh_l/AngVelMagMAE": 0.38716910779476166,
    "Bone/thigh_l/AngVelMAE": 0.31650272011756897,
    "Bone/calf_l/AngVelMagMAE": 0.6509691476821899,
    "Bone/calf_l/AngVelMAE": 0.2502317652106285,
    "Bone/LCalfTwist_01/AngVelMagMAE": 0.0668248850852251,
    "Bone/LCalfTwist_01/AngVelMAE": 0.03251056373119354,
    "Bone/LCalfTwist_02/AngVelMagMAE": 0.06498140655457973,
    "Bone/LCalfTwist_02/AngVelMAE": 0.033404640853405,
    "Bone/LCalfTwist_03/AngVelMagMAE": 0.0796516053378582,
    "Bone/LCalfTwist_03/AngVelMAE": 0.03585515543818474,
    "Bone/foot_l/AngVelMagMAE": 0.5721692740917206,
    "Bone/foot_l/AngVelMAE": 0.3706759661436081,
    "Bone/ball_l/AngVelMagMAE": 0.3350665271282196,
    "Bone/ball_l/AngVelMAE": 0.18523183465003967,
    "Bone/thigh_r/AngVelMagMAE": 0.43211814761161804,
    "Bone/thigh_r/AngVelMAE": 0.3374338299036026,
    "Bone/calf_r/AngVelMagMAE": 0.7112482488155365,
    "Bone/calf_r/AngVelMAE": 0.30476173758506775,
    "Bone/RCalfTwist_01/AngVelMagMAE": 0.07283027842640877,
    "Bone/RCalfTwist_01/AngVelMAE": 0.0336273442953825,
    "Bone/RCalfTwist_02/AngVelMagMAE": 0.07374006509780884,
    "Bone/RCalfTwist_02/AngVelMAE": 0.033875590190291405,
    "Bone/RCalfTwist_03/AngVelMagMAE": 0.08799281343817711,
    "Bone/RCalfTwist_03/AngVelMAE": 0.036619676277041435,
    "Bone/foot_r/AngVelMagMAE": 0.5971193909645081,
    "Bone/foot_r/AngVelMAE": 0.39458027482032776,
    "Bone/ball_r/AngVelMagMAE": 0.5164695382118225,
    "Bone/ball_r/AngVelMAE": 0.258190780878067,
    "KeyBone/upperarm_l/GeoDeg": 17.383485794067383,
    "KeyBone/upperarm_l/AngVelMAE": 0.23240969330072403,
    "KeyBone/upperarm_l/AngVelMagMAE": 0.2511986941099167,
    "KeyBone/upperarm_l/AngVelMagRel": 0.4443117678165436,
    "KeyBone/upperarm_l/AngVelDirDeg": 90.7303695678711,
    "KeyBone/lowerarm_l/GeoDeg": 12.10068416595459,
    "KeyBone/lowerarm_l/AngVelMAE": 0.1704372987151146,
    "KeyBone/lowerarm_l/AngVelMagMAE": 0.3405255675315857,
    "KeyBone/lowerarm_l/AngVelMagRel": 0.6072468757629395,
    "KeyBone/lowerarm_l/AngVelDirDeg": 91.35930252075195,
    "KeyBone/hand_l/GeoDeg": 10.920950412750244,
    "KeyBone/hand_l/AngVelMAE": 0.12841340526938438,
    "KeyBone/hand_l/AngVelMagMAE": 0.15046078711748123,
    "KeyBone/hand_l/AngVelMagRel": 0.31934431195259094,
    "KeyBone/hand_l/AngVelDirDeg": 90.26351547241211,
    "KeyBone/upperarm_r/GeoDeg": 15.50340223312378,
    "KeyBone/upperarm_r/AngVelMAE": 0.23147417604923248,
    "KeyBone/upperarm_r/AngVelMagMAE": 0.2642943561077118,
    "KeyBone/upperarm_r/AngVelMagRel": 0.40952272713184357,
    "KeyBone/upperarm_r/AngVelDirDeg": 90.04496765136719,
    "KeyBone/lowerarm_r/GeoDeg": 13.140946388244629,
    "KeyBone/lowerarm_r/AngVelMAE": 0.10440951585769653,
    "KeyBone/lowerarm_r/AngVelMagMAE": 0.1990414410829544,
    "KeyBone/lowerarm_r/AngVelMagRel": 0.46243564784526825,
    "KeyBone/lowerarm_r/AngVelDirDeg": 89.86522674560547,
    "KeyBone/hand_r/GeoDeg": 15.868868827819824,
    "KeyBone/hand_r/AngVelMAE": 0.20371220260858536,
    "KeyBone/hand_r/AngVelMagMAE": 0.2280145138502121,
    "KeyBone/hand_r/AngVelMagRel": 0.37542474269866943,
    "KeyBone/hand_r/AngVelDirDeg": 91.14112854003906,
    "KeyBone/thigh_l/GeoDeg": 19.336373329162598,
    "KeyBone/thigh_l/AngVelMAE": 0.31650272011756897,
    "KeyBone/thigh_l/AngVelMagMAE": 0.38716910779476166,
    "KeyBone/thigh_l/AngVelMagRel": 0.49046261608600616,
    "KeyBone/thigh_l/AngVelDirDeg": 91.53312301635742,
    "KeyBone/calf_l/GeoDeg": 13.27237606048584,
    "KeyBone/calf_l/AngVelMAE": 0.2502317652106285,
    "KeyBone/calf_l/AngVelMagMAE": 0.6509691476821899,
    "KeyBone/calf_l/AngVelMagRel": 0.7740651667118073,
    "KeyBone/calf_l/AngVelDirDeg": 90.30179595947266,
    "KeyBone/foot_l/GeoDeg": 13.650248527526855,
    "KeyBone/foot_l/AngVelMAE": 0.3706759661436081,
    "KeyBone/foot_l/AngVelMagMAE": 0.5721692740917206,
    "KeyBone/foot_l/AngVelMagRel": 0.636175274848938,
    "KeyBone/foot_l/AngVelDirDeg": 89.21658325195312,
    "KeyBone/thigh_r/GeoDeg": 18.734630584716797,