{
  "epoch": 38,
  "tag": "valfree",
  "timestamp": "2025-11-04T19:42:32",
  "metrics": {
    "YawAbsDeg": 8.668503999710083,
    "RootVelMAE": 0.12349390611052513,
    "period_abs_mean": 0.8149653077125549,
    "period_abs_std": 0.2550874426960945,
    "GeoDeg": 12.807220458984375,
    "AngVelMAE": 0.13609418272972107,
    "AngVelMagRel": 0.44593699276447296,
    "Bone/pelvis/AngVelMagMAE": 0.17726873606443405,
    "Bone/pelvis/AngVelMAE": 0.13268761336803436,
    "Bone/Bip001/AngVelMagMAE": 1.6991327811410883e-06,
    "Bone/Bip001/AngVelMAE": 8.51580182370526e-07,
    "Bone/spine_01/AngVelMagMAE": 0.1068020835518837,
    "Bone/spine_01/AngVelMAE": 0.10386182740330696,
    "Bone/spine_02/AngVelMagMAE": 0.11436866223812103,
    "Bone/spine_02/AngVelMAE": 0.09844793006777763,
    "Bone/clavicle_l/AngVelMagMAE": 0.10680818557739258,
    "Bone/clavicle_l/AngVelMAE": 0.08025002479553223,
    "Bone/upperarm_l/AngVelMagMAE": 0.23998703807592392,
    "Bone/upperarm_l/AngVelMAE": 0.22724344581365585,
    "Bone/RUpArmTwist_l_01/AngVelMagMAE": 0.0945923663675785,
    "Bone/RUpArmTwist_l_01/AngVelMAE": 0.05106070637702942,
    "Bone/RUpArmTwist_l_02/AngVelMagMAE": 0.06474853307008743,
    "Bone/RUpArmTwist_l_02/AngVelMAE": 0.030369182117283344,
    "Bone/lowerarm_l/AngVelMagMAE": 0.3259037137031555,
    "Bone/lowerarm_l/AngVelMAE": 0.16458837687969208,
    "Bone/L_ForeTwist_01/AngVelMagMAE": 0.03313745930790901,
    "Bone/L_ForeTwist_01/AngVelMAE": 0.012943858746439219,
    "Bone/L_ForeTwist_02/AngVelMagMAE": 0.038374146446585655,
    "Bone/L_ForeTwist_02/AngVelMAE": 0.013874463271349669,
    "Bone/hand_l/AngVelMagMAE": 0.1564411148428917,
    "Bone/hand_l/AngVelMAE": 0.13365870714187622,
    "Bone/index_01_l/AngVelMagMAE": 0.09120399504899979,
    "Bone/index_01_l/AngVelMAE": 0.07476011663675308,
    "Bone/middle_01_l/AngVelMagMAE": 0.07604499533772469,
    "Bone/middle_01_l/AngVelMAE": 0.05551696941256523,
    "Bone/pinky_01_l/AngVelMagMAE": 0.7141172587871552,
    "Bone/pinky_01_l/AngVelMAE": 0.5131393671035767,
    "Bone/ring_01_l/AngVelMagMAE": 0.13253945112228394,
    "Bone/ring_01_l/AngVelMAE": 0.09702715277671814,
    "Bone/thumb_01_l/AngVelMagMAE": 0.4357532560825348,
    "Bone/thumb_01_l/AngVelMAE": 0.3399175554513931,
    "Bone/clavicle_r/AngVelMagMAE": 0.06951874494552612,
    "Bone/clavicle_r/AngVelMAE": 0.06484671123325825,
    "Bone/upperarm_r/AngVelMagMAE": 0.2563227042555809,
    "Bone/upperarm_r/AngVelMAE": 0.23114506900310516,
    "Bone/RUpArmTwist_r_01/AngVelMagMAE": 0.13496457040309906,
    "Bone/RUpArmTwist_r_01/AngVelMAE": 0.08008487150073051,
    "Bone/RUpArmTwist_r_02/AngVelMagMAE": 0.08264908939599991,
    "Bone/RUpArmTwist_r_02/AngVelMAE": 0.044948760420084,
    "Bone/lowerarm_r/AngVelMagMAE": 0.21759312599897385,
    "Bone/lowerarm_r/AngVelMAE": 0.11013162508606911,
    "Bone/R_ForeTwist_01/AngVelMagMAE": 0.03982892073690891,
    "Bone/R_ForeTwist_01/AngVelMAE": 0.018833263777196407,
    "Bone/R_ForeTwist_02/AngVelMagMAE": 0.04948887601494789,
    "Bone/R_ForeTwist_02/AngVelMAE": 0.0205623647198081,
    "Bone/hand_r/AngVelMagMAE": 0.2235693484544754,
    "Bone/hand_r/AngVelMAE": 0.2027524635195732,
    "Bone/index_01_r/AngVelMagMAE": 0.08828699961304665,
    "Bone/index_01_r/AngVelMAE": 0.05063946545124054,
    "Bone/middle_01_r/AngVelMagMAE": 0.07734258845448494,
    "Bone/middle_01_r/AngVelMAE": 0.04445686750113964,
    "Bone/pinky_01_r/AngVelMagMAE": 0.2583620995283127,
    "Bone/pinky_01_r/AngVelMAE": 0.14545303210616112,
    "Bone/ring_01_r/AngVelMagMAE": 0.0941854976117611,
    "Bone/ring_01_r/AngVelMAE": 0.05482606589794159,
    "Bone/thumb_01_r/AngVelMagMAE": 0.2770939990878105,
    "Bone/thumb_01_r/AngVelMAE": 0.17844492942094803,
    "Bone/neck_01/AngVelMagMAE": 0.0988926850259304,
    "Bone/neck_01/AngVelMAE": 0.09069735556840897,
    "Bone/head/AngVelMagMAE": 0.14757070690393448,
    "Bone/head/AngVelMAE": 0.11648184061050415,
    "Bone/thigh_l/AngVelMagMAE": 0.3821498453617096,
    "Bone/thigh_l/AngVelMAE": 0.3253534138202667,
    "Bone/calf_l/AngVelMagMAE": 0.7463863492012024,
    "Bone/calf_l/AngVelMAE": 0.2830558866262436,
    "Bone/LCalfTwist_01/AngVelMagMAE": 0.06710588559508324,
    "Bone/LCalfTwist_01/AngVelMAE": 0.03314678277820349,
    "Bone/LCalfTwist_02/AngVelMagMAE": 0.06553778611123562,
    "Bone/LCalfTwist_02/AngVelMAE": 0.034779878333210945,
    "Bone/LCalfTwist_03/AngVelMagMAE": 0.08180780336260796,
    "Bone/LCalfTwist_03/AngVelMAE": 0.03680972196161747,
    "Bone/foot_l/AngVelMagMAE": 0.6057553887367249,
    "Bone/foot_l/AngVelMAE": 0.3921467810869217,
    "Bone/ball_l/AngVelMagMAE": 0.3312251567840576,
    "Bone/ball_l/AngVelMAE": 0.1847478523850441,
    "Bone/thigh_r/AngVelMagMAE": 0.42195355892181396,
    "Bone/thigh_r/AngVelMAE": 0.34567874670028687,
    "Bone/calf_r/AngVelMagMAE": 0.6278958320617676,
    "Bone/calf_r/AngVelMAE": 0.2739362120628357,
    "Bone/RCalfTwist_01/AngVelMagMAE": 0.07014404982328415,
    "Bone/RCalfTwist_01/AngVelMAE": 0.03387567400932312,
    "Bone/RCalfTwist_02/AngVelMagMAE": 0.07282771915197372,
    "Bone/RCalfTwist_02/AngVelMAE": 0.03399328142404556,
    "Bone/RCalfTwist_03/AngVelMagMAE": 0.08493658155202866,
    "Bone/RCalfTwist_03/AngVelMAE": 0.03630481846630573,
    "Bone/foot_r/AngVelMagMAE": 0.5872189402580261,
    "Bone/foot_r/AngVelMAE": 0.3961198925971985,
    "Bone/ball_r/AngVelMagMAE": 0.5328231155872345,
    "Bone/ball_r/AngVelMAE": 0.26673075556755066,
    "KeyBone/upperarm_l/GeoDeg": 18.015116691589355,
    "KeyBone/upperarm_l/AngVelMAE": 0.22724344581365585,
    "KeyBone/upperarm_l/AngVelMagMAE": 0.23998703807592392,
    "KeyBone/upperarm_l/AngVelMagRel": 0.41098634898662567,
    "KeyBone/upperarm_l/AngVelDirDeg": 90.34696197509766,
    "KeyBone/lowerarm_l/GeoDeg": 11.055493831634521,
    "KeyBone/lowerarm_l/AngVelMAE": 0.16458837687969208,
    "KeyBone/lowerarm_l/AngVelMagMAE": 0.3259037137031555,
    "KeyBone/lowerarm_l/AngVelMagRel": 0.5827816724777222,
    "KeyBone/lowerarm_l/AngVelDirDeg": 87.27957534790039,
    "KeyBone/hand_l/GeoDeg": 11.326618194580078,
    "KeyBone/hand_l/AngVelMAE": 0.13365870714187622,
    "KeyBone/hand_l/AngVelMagMAE": 0.1564411148428917,
    "KeyBone/hand_l/AngVelMagRel": 0.28939878940582275,
    "KeyBone/hand_l/AngVelDirDeg": 89.63946914672852,
    "KeyBone/upperarm_r/GeoDeg": 17.03817319869995,
    "KeyBone/upperarm_r/AngVelMAE": 0.23114506900310516,
    "KeyBone/upperarm_r/AngVelMagMAE": 0.2563227042555809,
    "KeyBone/upperarm_r/AngVelMagRel": 0.3817045986652374,
    "KeyBone/upperarm_r/AngVelDirDeg": 90.42181777954102,
    "KeyBone/lowerarm_r/GeoDeg": 14.17594575881958,
    "KeyBone/lowerarm_r/AngVelMAE": 0.11013162508606911,
    "KeyBone/lowerarm_r/AngVelMagMAE": 0.21759312599897385,
    "KeyBone/lowerarm_r/AngVelMagRel": 0.4839550107717514,
    "KeyBone/lowerarm_r/AngVelDirDeg": 87.5043716430664,
    "KeyBone/hand_r/GeoDeg": 15.74259901046753,
    "KeyBone/hand_r/AngVelMAE": 0.2027524635195732,
    "KeyBone/hand_r/AngVelMagMAE": 0.2235693484544754,
    "KeyBone/hand_r/AngVelMagRel": 0.38339783251285553,
    "KeyBone/hand_r/AngVelDirDeg": 89.13525772094727,
    "KeyBone/thigh_l/GeoDeg": 20.55357265472412,
    "KeyBone/thigh_l/AngVelMAE": 0.3253534138202667,
    "KeyBone/thigh_l/AngVelMagMAE": 0.3821498453617096,
    "KeyBone/thigh_l/AngVelMagRel": 0.47700339555740356,
    "KeyBone/thigh_l/AngVelDirDeg": 91.19352340698242,
    "KeyBone/calf_l/GeoDeg": 14.214222431182861,
    "KeyBone/calf_l/AngVelMAE": 0.2830558866262436,
    "KeyBone/calf_l/AngVelMagMAE": 0.7463863492012024,
    "KeyBone/calf_l/AngVelMagRel": 0.8081068992614746,
    "KeyBone/calf_l/AngVelDirDeg": 88.80748748779297,
    "KeyBone/foot_l/GeoDeg": 15.135399341583252,
    "KeyBone/foot_l/AngVelMAE": 0.3921467810869217,
    "KeyBone/foot_l/AngVelMagMAE": 0.6057553887367249,
    "KeyBone/foot_l/AngVelMagRel": 0.6454846560955048,
    "KeyBone/foot_l/AngVelDirDeg": 89.63404083251953,
    "KeyBone/thigh_r/GeoDeg": 18.458149909973145,