{
  "epoch": 30,
  "tag": "valfree",
  "timestamp": "2025-11-04T18:37:47",
  "metrics": {
    "YawAbsDeg": 6.506744623184204,
    "RootVelMAE": 0.12371927127242088,
    "period_abs_mean": 0.8119873702526093,
    "period_abs_std": 0.2565111964941025,
    "GeoDeg": 13.099904537200928,
    "AngVelMAE": 0.13757258653640747,
    "AngVelMagRel": 0.4177883565425873,
    "Bone/pelvis/AngVelMagMAE": 0.1688191071152687,
    "Bone/pelvis/AngVelMAE": 0.13302499800920486,
    "Bone/Bip001/AngVelMagMAE": 1.8284716247762844e-06,
    "Bone/Bip001/AngVelMAE": 9.14017419972879e-07,
    "Bone/spine_01/AngVelMagMAE": 0.09467074647545815,
    "Bone/spine_01/AngVelMAE": 0.10122062265872955,
    "Bone/spine_02/AngVelMagMAE": 0.10169088840484619,
    "Bone/spine_02/AngVelMAE": 0.09553996473550797,
    "Bone/clavicle_l/AngVelMagMAE": 0.11369967088103294,
    "Bone/clavicle_l/AngVelMAE": 0.08600417524576187,
    "Bone/upperarm_l/AngVelMagMAE": 0.24220024794340134,
    "Bone/upperarm_l/AngVelMAE": 0.2342870756983757,
    "Bone/RUpArmTwist_l_01/AngVelMagMAE": 0.09237263724207878,
    "Bone/RUpArmTwist_l_01/AngVelMAE": 0.050477273762226105,
    "Bone/RUpArmTwist_l_02/AngVelMagMAE": 0.062180936336517334,
    "Bone/RUpArmTwist_l_02/AngVelMAE": 0.029546167701482773,
    "Bone/lowerarm_l/AngVelMagMAE": 0.3151553124189377,
    "Bone/lowerarm_l/AngVelMAE": 0.1655280962586403,
    "Bone/L_ForeTwist_01/AngVelMagMAE": 0.03648636769503355,
    "Bone/L_ForeTwist_01/AngVelMAE": 0.014386692084372044,
    "Bone/L_ForeTwist_02/AngVelMagMAE": 0.0423226710408926,
    "Bone/L_ForeTwist_02/AngVelMAE": 0.015368614345788956,
    "Bone/hand_l/AngVelMagMAE": 0.16360559314489365,
    "Bone/hand_l/AngVelMAE": 0.13822411745786667,
    "Bone/index_01_l/AngVelMagMAE": 0.09549278765916824,
    "Bone/index_01_l/AngVelMAE": 0.07778821140527725,
    "Bone/middle_01_l/AngVelMagMAE": 0.08154316991567612,
    "Bone/middle_01_l/AngVelMAE": 0.05803001672029495,
    "Bone/pinky_01_l/AngVelMagMAE": 0.7412129640579224,
    "Bone/pinky_01_l/AngVelMAE": 0.5308949649333954,
    "Bone/ring_01_l/AngVelMagMAE": 0.13632281124591827,
    "Bone/ring_01_l/AngVelMAE": 0.1028190366923809,
    "Bone/thumb_01_l/AngVelMagMAE": 0.4619673788547516,
    "Bone/thumb_01_l/AngVelMAE": 0.3557073324918747,
    "Bone/clavicle_r/AngVelMagMAE": 0.06844941899180412,
    "Bone/clavicle_r/AngVelMAE": 0.06731416285037994,
    "Bone/upperarm_r/AngVelMagMAE": 0.24813537299633026,
    "Bone/upperarm_r/AngVelMAE": 0.2345532327890396,
    "Bone/RUpArmTwist_r_01/AngVelMagMAE": 0.1421392783522606,
    "Bone/RUpArmTwist_r_01/AngVelMAE": 0.08304863795638084,
    "Bone/RUpArmTwist_r_02/AngVelMagMAE": 0.08207794278860092,
    "Bone/RUpArmTwist_r_02/AngVelMAE": 0.04613152891397476,
    "Bone/lowerarm_r/AngVelMagMAE": 0.21488860994577408,
    "Bone/lowerarm_r/AngVelMAE": 0.11089984327554703,
    "Bone/R_ForeTwist_01/AngVelMagMAE": 0.04020795598626137,
    "Bone/R_ForeTwist_01/AngVelMAE": 0.0191817469894886,
    "Bone/R_ForeTwist_02/AngVelMagMAE": 0.0514494813978672,
    "Bone/R_ForeTwist_02/AngVelMAE": 0.02184975240379572,
    "Bone/hand_r/AngVelMagMAE": 0.22031663358211517,
    "Bone/hand_r/AngVelMAE": 0.20694873481988907,
    "Bone/index_01_r/AngVelMagMAE": 0.08557526394724846,
    "Bone/index_01_r/AngVelMAE": 0.05043966323137283,
    "Bone/middle_01_r/AngVelMagMAE": 0.07546384260058403,
    "Bone/middle_01_r/AngVelMAE": 0.04392939992249012,
    "Bone/pinky_01_r/AngVelMagMAE": 0.25492941588163376,
    "Bone/pinky_01_r/AngVelMAE": 0.14464832097291946,
    "Bone/ring_01_r/AngVelMagMAE": 0.09222616627812386,
    "Bone/ring_01_r/AngVelMAE": 0.05460824817419052,
    "Bone/thumb_01_r/AngVelMagMAE": 0.27540114521980286,
    "Bone/thumb_01_r/AngVelMAE": 0.17884669452905655,
    "Bone/neck_01/AngVelMagMAE": 0.08911513909697533,
    "Bone/neck_01/AngVelMAE": 0.08926248922944069,
    "Bone/head/AngVelMagMAE": 0.1357218623161316,
    "Bone/head/AngVelMAE": 0.1159903071820736,
    "Bone/thigh_l/AngVelMagMAE": 0.3724205642938614,
    "Bone/thigh_l/AngVelMAE": 0.32601331174373627,
    "Bone/calf_l/AngVelMagMAE": 0.7158866822719574,
    "Bone/calf_l/AngVelMAE": 0.27384281158447266,
    "Bone/LCalfTwist_01/AngVelMagMAE": 0.06820050999522209,
    "Bone/LCalfTwist_01/AngVelMAE": 0.03419820964336395,
    "Bone/LCalfTwist_02/AngVelMagMAE": 0.06675935536623001,
    "Bone/LCalfTwist_02/AngVelMAE": 0.03545146994292736,
    "Bone/LCalfTwist_03/AngVelMagMAE": 0.08166471496224403,
    "Bone/LCalfTwist_03/AngVelMAE": 0.0383144486695528,
    "Bone/foot_l/AngVelMagMAE": 0.6051854193210602,
    "Bone/foot_l/AngVelMAE": 0.39854711294174194,
    "Bone/ball_l/AngVelMagMAE": 0.33931154012680054,
    "Bone/ball_l/AngVelMAE": 0.18990878760814667,
    "Bone/thigh_r/AngVelMagMAE": 0.4274592250585556,
    "Bone/thigh_r/AngVelMAE": 0.3451281040906906,
    "Bone/calf_r/AngVelMagMAE": 0.6445653140544891,
    "Bone/calf_r/AngVelMAE": 0.2818760871887207,
    "Bone/RCalfTwist_01/AngVelMagMAE": 0.06841566786170006,
    "Bone/RCalfTwist_01/AngVelMAE": 0.03370623290538788,
    "Bone/RCalfTwist_02/AngVelMagMAE": 0.06952862069010735,
    "Bone/RCalfTwist_02/AngVelMAE": 0.03364128991961479,
    "Bone/RCalfTwist_03/AngVelMagMAE": 0.08552738279104233,
    "Bone/RCalfTwist_03/AngVelMAE": 0.036079054698348045,
    "Bone/foot_r/AngVelMagMAE": 0.5557937920093536,
    "Bone/foot_r/AngVelMAE": 0.38277387619018555,
    "Bone/ball_r/AngVelMagMAE": 0.5228813588619232,
    "Bone/ball_r/AngVelMAE": 0.2623569518327713,
    "KeyBone/upperarm_l/GeoDeg": 18.787466049194336,
    "KeyBone/upperarm_l/AngVelMAE": 0.2342870756983757,
    "KeyBone/upperarm_l/AngVelMagMAE": 0.24220024794340134,
    "KeyBone/upperarm_l/AngVelMagRel": 0.41285301744937897,
    "KeyBone/upperarm_l/AngVelDirDeg": 89.49063873291016,
    "KeyBone/lowerarm_l/GeoDeg": 10.711523532867432,
    "KeyBone/lowerarm_l/AngVelMAE": 0.1655280962586403,
    "KeyBone/lowerarm_l/AngVelMagMAE": 0.3151553124189377,
    "KeyBone/lowerarm_l/AngVelMagRel": 0.5574209690093994,
    "KeyBone/lowerarm_l/AngVelDirDeg": 88.82030868530273,
    "KeyBone/hand_l/GeoDeg": 11.965651512145996,
    "KeyBone/hand_l/AngVelMAE": 0.13822411745786667,
    "KeyBone/hand_l/AngVelMagMAE": 0.16360559314489365,
    "KeyBone/hand_l/AngVelMagRel": 0.3280559778213501,
    "KeyBone/hand_l/AngVelDirDeg": 91.10491180419922,
    "KeyBone/upperarm_r/GeoDeg": 15.87017822265625,
    "KeyBone/upperarm_r/AngVelMAE": 0.2345532327890396,
    "KeyBone/upperarm_r/AngVelMagMAE": 0.24813537299633026,
    "KeyBone/upperarm_r/AngVelMagRel": 0.36573512852191925,
    "KeyBone/upperarm_r/AngVelDirDeg": 90.83610534667969,
    "KeyBone/lowerarm_r/GeoDeg": 14.811641216278076,
    "KeyBone/lowerarm_r/AngVelMAE": 0.11089984327554703,
    "KeyBone/lowerarm_r/AngVelMagMAE": 0.21488860994577408,
    "KeyBone/lowerarm_r/AngVelMagRel": 0.47162574529647827,
    "KeyBone/lowerarm_r/AngVelDirDeg": 88.97037506103516,
    "KeyBone/hand_r/GeoDeg": 15.885274410247803,
    "KeyBone/hand_r/AngVelMAE": 0.20694873481988907,
    "KeyBone/hand_r/AngVelMagMAE": 0.22031663358211517,
    "KeyBone/hand_r/AngVelMagRel": 0.3660382032394409,
    "KeyBone/hand_r/AngVelDirDeg": 90.33367538452148,
    "KeyBone/thigh_l/GeoDeg": 20.550085067749023,
    "KeyBone/thigh_l/AngVelMAE": 0.32601331174373627,
    "KeyBone/thigh_l/AngVelMagMAE": 0.3724205642938614,
    "KeyBone/thigh_l/AngVelMagRel": 0.4634412080049515,
    "KeyBone/thigh_l/AngVelDirDeg": 90.68282699584961,
    "KeyBone/calf_l/GeoDeg": 14.800408840179443,
    "KeyBone/calf_l/AngVelMAE": 0.27384281158447266,
    "KeyBone/calf_l/AngVelMagMAE": 0.7158866822719574,
    "KeyBone/calf_l/AngVelMagRel": 0.8380521535873413,
    "KeyBone/calf_l/AngVelDirDeg": 89.52921676635742,
    "KeyBone/foot_l/GeoDeg": 14.882498264312744,
    "KeyBone/foot_l/AngVelMAE": 0.39854711294174194,
    "KeyBone/foot_l/AngVelMagMAE": 0.6051854193210602,
    "KeyBone/foot_l/AngVelMagRel": 0.6264907717704773,
    "KeyBone/foot_l/AngVelDirDeg": 89.92953872680664,
    "KeyBone/thigh_r/GeoDeg": 18.401020050048828,