{
  "epoch": 12,
  "tag": "valfree",
  "timestamp": "2025-11-04T14:27:36",
  "metrics": {
    "YawAbsDeg": 9.262920141220093,
    "RootVelMAE": 0.11368672922253609,
    "period_abs_mean": 0.8142008781433105,
    "period_abs_std": 0.2574390321969986,
    "GeoDeg": 13.558810234069824,
    "AngVelMAE": 0.24203509092330933,
    "AngVelMagRel": 0.39573168754577637,
    "Bone/pelvis/AngVelMagMAE": 0.20356819033622742,
    "Bone/pelvis/AngVelMAE": 0.2154749110341072,
    "Bone/Bip001/AngVelMagMAE": 6.145166480564512e-06,
    "Bone/Bip001/AngVelMAE": 3.0921535199013306e-06,
    "Bone/spine_01/AngVelMagMAE": 0.2335456907749176,
    "Bone/spine_01/AngVelMAE": 0.2106347382068634,
    "Bone/spine_02/AngVelMagMAE": 0.2055886909365654,
    "Bone/spine_02/AngVelMAE": 0.18277573585510254,
    "Bone/clavicle_l/AngVelMagMAE": 0.1684219092130661,
    "Bone/clavicle_l/AngVelMAE": 0.15564821660518646,
    "Bone/upperarm_l/AngVelMagMAE": 0.4293137937784195,
    "Bone/upperarm_l/AngVelMAE": 0.4501498341560364,
    "Bone/RUpArmTwist_l_01/AngVelMagMAE": 0.165058434009552,
    "Bone/RUpArmTwist_l_01/AngVelMAE": 0.09975062683224678,
    "Bone/RUpArmTwist_l_02/AngVelMagMAE": 0.10942265018820763,
    "Bone/RUpArmTwist_l_02/AngVelMAE": 0.057852040976285934,
    "Bone/lowerarm_l/AngVelMagMAE": 0.5311727523803711,
    "Bone/lowerarm_l/AngVelMAE": 0.3143988698720932,
    "Bone/L_ForeTwist_01/AngVelMagMAE": 0.045144250616431236,
    "Bone/L_ForeTwist_01/AngVelMAE": 0.021986312232911587,
    "Bone/L_ForeTwist_02/AngVelMagMAE": 0.05605655908584595,
    "Bone/L_ForeTwist_02/AngVelMAE": 0.023641706444323063,
    "Bone/hand_l/AngVelMagMAE": 0.23300650715827942,
    "Bone/hand_l/AngVelMAE": 0.24132319539785385,
    "Bone/index_01_l/AngVelMagMAE": 0.30290594696998596,
    "Bone/index_01_l/AngVelMAE": 0.20140429586172104,
    "Bone/middle_01_l/AngVelMagMAE": 0.24230562895536423,
    "Bone/middle_01_l/AngVelMAE": 0.14838284254074097,
    "Bone/pinky_01_l/AngVelMagMAE": 1.277456283569336,
    "Bone/pinky_01_l/AngVelMAE": 0.972260594367981,
    "Bone/ring_01_l/AngVelMagMAE": 0.3793749362230301,
    "Bone/ring_01_l/AngVelMAE": 0.2637559771537781,
    "Bone/thumb_01_l/AngVelMagMAE": 1.711000680923462,
    "Bone/thumb_01_l/AngVelMAE": 1.073377013206482,
    "Bone/clavicle_r/AngVelMagMAE": 0.18034938722848892,
    "Bone/clavicle_r/AngVelMAE": 0.15482870489358902,
    "Bone/upperarm_r/AngVelMagMAE": 0.3395366668701172,
    "Bone/upperarm_r/AngVelMAE": 0.40487609803676605,
    "Bone/RUpArmTwist_r_01/AngVelMagMAE": 0.40628521144390106,
    "Bone/RUpArmTwist_r_01/AngVelMAE": 0.21716468036174774,
    "Bone/RUpArmTwist_r_02/AngVelMagMAE": 0.20218277722597122,
    "Bone/RUpArmTwist_r_02/AngVelMAE": 0.10749959573149681,
    "Bone/lowerarm_r/AngVelMagMAE": 0.2482035905122757,
    "Bone/lowerarm_r/AngVelMAE": 0.162373349070549,
    "Bone/R_ForeTwist_01/AngVelMagMAE": 0.0614964384585619,
    "Bone/R_ForeTwist_01/AngVelMAE": 0.03669646568596363,
    "Bone/R_ForeTwist_02/AngVelMagMAE": 0.07537432387471199,
    "Bone/R_ForeTwist_02/AngVelMAE": 0.039649976417422295,
    "Bone/hand_r/AngVelMagMAE": 0.39012928307056427,
    "Bone/hand_r/AngVelMAE": 0.3898509293794632,
    "Bone/index_01_r/AngVelMagMAE": 0.09207943454384804,
    "Bone/index_01_r/AngVelMAE": 0.07950182631611824,
    "Bone/middle_01_r/AngVelMagMAE": 0.0650584977120161,
    "Bone/middle_01_r/AngVelMAE": 0.06360143609344959,
    "Bone/pinky_01_r/AngVelMagMAE": 0.26013776659965515,
    "Bone/pinky_01_r/AngVelMAE": 0.20399511605501175,
    "Bone/ring_01_r/AngVelMagMAE": 0.09088053181767464,
    "Bone/ring_01_r/AngVelMAE": 0.08125131949782372,
    "Bone/thumb_01_r/AngVelMagMAE": 0.33832815289497375,
    "Bone/thumb_01_r/AngVelMAE": 0.30490316450595856,
    "Bone/neck_01/AngVelMagMAE": 0.18462157994508743,
    "Bone/neck_01/AngVelMAE": 0.17750702798366547,
    "Bone/head/AngVelMagMAE": 0.18406761437654495,
    "Bone/head/AngVelMAE": 0.19949357956647873,
    "Bone/thigh_l/AngVelMagMAE": 0.5890716314315796,
    "Bone/thigh_l/AngVelMAE": 0.5693567395210266,
    "Bone/calf_l/AngVelMagMAE": 0.6014507412910461,
    "Bone/calf_l/AngVelMAE": 0.30104218423366547,
    "Bone/LCalfTwist_01/AngVelMagMAE": 0.09126390516757965,
    "Bone/LCalfTwist_01/AngVelMAE": 0.05784628912806511,
    "Bone/LCalfTwist_02/AngVelMagMAE": 0.09807277098298073,
    "Bone/LCalfTwist_02/AngVelMAE": 0.06048036552965641,
    "Bone/LCalfTwist_03/AngVelMagMAE": 0.11047660559415817,
    "Bone/LCalfTwist_03/AngVelMAE": 0.06484614871442318,
    "Bone/foot_l/AngVelMagMAE": 0.5590222179889679,
    "Bone/foot_l/AngVelMAE": 0.5644742548465729,
    "Bone/ball_l/AngVelMagMAE": 0.3428371697664261,
    "Bone/ball_l/AngVelMAE": 0.2459884062409401,
    "Bone/thigh_r/AngVelMagMAE": 0.5246926546096802,
    "Bone/thigh_r/AngVelMAE": 0.5382491052150726,
    "Bone/calf_r/AngVelMagMAE": 0.6797967553138733,
    "Bone/calf_r/AngVelMAE": 0.39594683051109314,
    "Bone/RCalfTwist_01/AngVelMagMAE": 0.09491370245814323,
    "Bone/RCalfTwist_01/AngVelMAE": 0.05652555637061596,
    "Bone/RCalfTwist_02/AngVelMagMAE": 0.10134217515587807,
    "Bone/RCalfTwist_02/AngVelMAE": 0.061896782368421555,
    "Bone/RCalfTwist_03/AngVelMagMAE": 0.10505868121981621,
    "Bone/RCalfTwist_03/AngVelMAE": 0.05848637595772743,
    "Bone/foot_r/AngVelMagMAE": 0.49461546540260315,
    "Bone/foot_r/AngVelMAE": 0.5622383654117584,
    "Bone/ball_r/AngVelMagMAE": 0.5001745522022247,
    "Bone/ball_r/AngVelMAE": 0.3402233421802521,
    "KeyBone/upperarm_l/GeoDeg": 18.32269287109375,
    "KeyBone/upperarm_l/AngVelMAE": 0.4501498341560364,
    "KeyBone/upperarm_l/AngVelMagMAE": 0.4293137937784195,
    "KeyBone/upperarm_l/AngVelMagRel": 0.43329155445098877,
    "KeyBone/upperarm_l/AngVelDirDeg": 89.62237167358398,
    "KeyBone/lowerarm_l/GeoDeg": 11.099113941192627,
    "KeyBone/lowerarm_l/AngVelMAE": 0.3143988698720932,
    "KeyBone/lowerarm_l/AngVelMagMAE": 0.5311727523803711,
    "KeyBone/lowerarm_l/AngVelMagRel": 0.5226314067840576,
    "KeyBone/lowerarm_l/AngVelDirDeg": 89.76767349243164,
    "KeyBone/hand_l/GeoDeg": 12.164156913757324,
    "KeyBone/hand_l/AngVelMAE": 0.24132319539785385,
    "KeyBone/hand_l/AngVelMagMAE": 0.23300650715827942,
    "KeyBone/hand_l/AngVelMagRel": 0.3695051223039627,
    "KeyBone/hand_l/AngVelDirDeg": 89.88425827026367,
    "KeyBone/upperarm_r/GeoDeg": 17.14408254623413,
    "KeyBone/upperarm_r/AngVelMAE": 0.40487609803676605,
    "KeyBone/upperarm_r/AngVelMagMAE": 0.3395366668701172,
    "KeyBone/upperarm_r/AngVelMagRel": 0.38635948300361633,
    "KeyBone/upperarm_r/AngVelDirDeg": 89.72086715698242,
    "KeyBone/lowerarm_r/GeoDeg": 15.349968910217285,
    "KeyBone/lowerarm_r/AngVelMAE": 0.162373349070549,
    "KeyBone/lowerarm_r/AngVelMagMAE": 0.2482035905122757,
    "KeyBone/lowerarm_r/AngVelMagRel": 0.3816929906606674,
    "KeyBone/lowerarm_r/AngVelDirDeg": 92.03773880004883,
    "KeyBone/hand_r/GeoDeg": 16.864779472351074,
    "KeyBone/hand_r/AngVelMAE": 0.3898509293794632,
    "KeyBone/hand_r/AngVelMagMAE": 0.39012928307056427,
    "KeyBone/hand_r/AngVelMagRel": 0.41577859222888947,
    "KeyBone/hand_r/AngVelDirDeg": 89.40888595581055,
    "KeyBone/thigh_l/GeoDeg": 21.526555061340332,
    "KeyBone/thigh_l/AngVelMAE": 0.5693567395210266,
    "KeyBone/thigh_l/AngVelMagMAE": 0.5890716314315796,
    "KeyBone/thigh_l/AngVelMagRel": 0.4341321587562561,
    "KeyBone/thigh_l/AngVelDirDeg": 89.03483963012695,
    "KeyBone/calf_l/GeoDeg": 15.406136512756348,
    "KeyBone/calf_l/AngVelMAE": 0.30104218423366547,
    "KeyBone/calf_l/AngVelMagMAE": 0.6014507412910461,
    "KeyBone/calf_l/AngVelMagRel": 0.5693900883197784,
    "KeyBone/calf_l/AngVelDirDeg": 92.9175796508789,
    "KeyBone/foot_l/GeoDeg": 15.06389856338501,
    "KeyBone/foot_l/AngVelMAE": 0.5644742548465729,
    "KeyBone/foot_l/AngVelMagMAE": 0.5590222179889679,
    "KeyBone/foot_l/AngVelMagRel": 0.44997116923332214,
    "KeyBone/foot_l/AngVelDirDeg": 90.0272102355957,
    "KeyBone/thigh_r/GeoDeg": 17.94974994659424,