{
  "epoch": 21,
  "tag": "valfree",
  "timestamp": "2025-11-04T15:39:04",
  "metrics": {
    "YawAbsDeg": 7.634047985076904,
    "RootVelMAE": 0.13272972032427788,
    "period_abs_mean": 0.8142740428447723,
    "period_abs_std": 0.25601521134376526,
    "GeoDeg": 14.03083610534668,
    "AngVelMAE": 0.14996612071990967,
    "AngVelMagRel": 0.40159834921360016,
    "Bone/pelvis/AngVelMagMAE": 0.14355585724115372,
    "Bone/pelvis/AngVelMAE": 0.1274167224764824,
    "Bone/Bip001/AngVelMagMAE": 2.131537712557474e-06,
    "Bone/Bip001/AngVelMAE": 1.0673221026991087e-06,
    "Bone/spine_01/AngVelMagMAE": 0.08576978743076324,
    "Bone/spine_01/AngVelMAE": 0.10263009741902351,
    "Bone/spine_02/AngVelMagMAE": 0.09777803346514702,
    "Bone/spine_02/AngVelMAE": 0.09875719621777534,
    "Bone/clavicle_l/AngVelMagMAE": 0.12679368257522583,
    "Bone/clavicle_l/AngVelMAE": 0.09902339428663254,
    "Bone/upperarm_l/AngVelMagMAE": 0.21408553421497345,
    "Bone/upperarm_l/AngVelMAE": 0.24817492067813873,
    "Bone/RUpArmTwist_l_01/AngVelMagMAE": 0.0874779038131237,
    "Bone/RUpArmTwist_l_01/AngVelMAE": 0.05152491480112076,
    "Bone/RUpArmTwist_l_02/AngVelMagMAE": 0.06140083633363247,
    "Bone/RUpArmTwist_l_02/AngVelMAE": 0.03126582037657499,
    "Bone/lowerarm_l/AngVelMagMAE": 0.31202903389930725,
    "Bone/lowerarm_l/AngVelMAE": 0.17834316194057465,
    "Bone/L_ForeTwist_01/AngVelMagMAE": 0.044956838712096214,
    "Bone/L_ForeTwist_01/AngVelMAE": 0.018050916492938995,
    "Bone/L_ForeTwist_02/AngVelMagMAE": 0.052082836627960205,
    "Bone/L_ForeTwist_02/AngVelMAE": 0.01916059758514166,
    "Bone/hand_l/AngVelMagMAE": 0.15934564173221588,
    "Bone/hand_l/AngVelMAE": 0.1471039205789566,
    "Bone/index_01_l/AngVelMagMAE": 0.09754176437854767,
    "Bone/index_01_l/AngVelMAE": 0.09135288000106812,
    "Bone/middle_01_l/AngVelMagMAE": 0.08191301673650742,
    "Bone/middle_01_l/AngVelMAE": 0.06757945939898491,
    "Bone/pinky_01_l/AngVelMagMAE": 0.8065906763076782,
    "Bone/pinky_01_l/AngVelMAE": 0.6339759230613708,
    "Bone/ring_01_l/AngVelMagMAE": 0.14596998691558838,
    "Bone/ring_01_l/AngVelMAE": 0.12551701813936234,
    "Bone/thumb_01_l/AngVelMagMAE": 0.5084843635559082,
    "Bone/thumb_01_l/AngVelMAE": 0.4319300055503845,
    "Bone/clavicle_r/AngVelMagMAE": 0.07463060319423676,
    "Bone/clavicle_r/AngVelMAE": 0.07629739865660667,
    "Bone/upperarm_r/AngVelMagMAE": 0.26679928600788116,
    "Bone/upperarm_r/AngVelMAE": 0.2564694881439209,
    "Bone/RUpArmTwist_r_01/AngVelMagMAE": 0.15473870187997818,
    "Bone/RUpArmTwist_r_01/AngVelMAE": 0.09401974454522133,
    "Bone/RUpArmTwist_r_02/AngVelMagMAE": 0.08850997686386108,
    "Bone/RUpArmTwist_r_02/AngVelMAE": 0.05351209454238415,
    "Bone/lowerarm_r/AngVelMagMAE": 0.20245413482189178,
    "Bone/lowerarm_r/AngVelMAE": 0.11223840713500977,
    "Bone/R_ForeTwist_01/AngVelMagMAE": 0.04535661265254021,
    "Bone/R_ForeTwist_01/AngVelMAE": 0.02289752848446369,
    "Bone/R_ForeTwist_02/AngVelMagMAE": 0.05823805183172226,
    "Bone/R_ForeTwist_02/AngVelMAE": 0.025928284041583538,
    "Bone/hand_r/AngVelMagMAE": 0.23945559561252594,
    "Bone/hand_r/AngVelMAE": 0.2335561364889145,
    "Bone/index_01_r/AngVelMagMAE": 0.09115571156144142,
    "Bone/index_01_r/AngVelMAE": 0.059047089889645576,
    "Bone/middle_01_r/AngVelMagMAE": 0.08025624975562096,
    "Bone/middle_01_r/AngVelMAE": 0.05050035007297993,
    "Bone/pinky_01_r/AngVelMagMAE": 0.29989659786224365,
    "Bone/pinky_01_r/AngVelMAE": 0.17823398858308792,
    "Bone/ring_01_r/AngVelMagMAE": 0.10324759408831596,
    "Bone/ring_01_r/AngVelMAE": 0.06511051207780838,
    "Bone/thumb_01_r/AngVelMagMAE": 0.29866674542427063,
    "Bone/thumb_01_r/AngVelMAE": 0.21507437527179718,
    "Bone/neck_01/AngVelMagMAE": 0.08838966861367226,
    "Bone/neck_01/AngVelMAE": 0.09751991182565689,
    "Bone/head/AngVelMagMAE": 0.13558413460850716,
    "Bone/head/AngVelMAE": 0.12526876479387283,
    "Bone/thigh_l/AngVelMagMAE": 0.36725640296936035,
    "Bone/thigh_l/AngVelMAE": 0.3399488478899002,
    "Bone/calf_l/AngVelMagMAE": 0.6743905246257782,
    "Bone/calf_l/AngVelMAE": 0.2652715742588043,
    "Bone/LCalfTwist_01/AngVelMagMAE": 0.07272618263959885,
    "Bone/LCalfTwist_01/AngVelMAE": 0.0382268913090229,
    "Bone/LCalfTwist_02/AngVelMagMAE": 0.07291742414236069,
    "Bone/LCalfTwist_02/AngVelMAE": 0.039449770003557205,
    "Bone/LCalfTwist_03/AngVelMagMAE": 0.08407233655452728,
    "Bone/LCalfTwist_03/AngVelMAE": 0.041555361822247505,
    "Bone/foot_l/AngVelMagMAE": 0.5935488641262054,
    "Bone/foot_l/AngVelMAE": 0.41524893045425415,
    "Bone/ball_l/AngVelMagMAE": 0.350954070687294,
    "Bone/ball_l/AngVelMAE": 0.20022600144147873,
    "Bone/thigh_r/AngVelMagMAE": 0.41799135506153107,
    "Bone/thigh_r/AngVelMAE": 0.3538599908351898,
    "Bone/calf_r/AngVelMagMAE": 0.6366711556911469,
    "Bone/calf_r/AngVelMAE": 0.28619155287742615,
    "Bone/RCalfTwist_01/AngVelMagMAE": 0.07358880713582039,
    "Bone/RCalfTwist_01/AngVelMAE": 0.0370941236615181,
    "Bone/RCalfTwist_02/AngVelMagMAE": 0.0748785100877285,
    "Bone/RCalfTwist_02/AngVelMAE": 0.037519922479987144,
    "Bone/RCalfTwist_03/AngVelMagMAE": 0.08872710168361664,
    "Bone/RCalfTwist_03/AngVelMAE": 0.03932554833590984,
    "Bone/foot_r/AngVelMagMAE": 0.5131115913391113,
    "Bone/foot_r/AngVelMAE": 0.3965436667203903,
    "Bone/ball_r/AngVelMagMAE": 0.520175114274025,
    "Bone/ball_r/AngVelMAE": 0.2704973518848419,
    "KeyBone/upperarm_l/GeoDeg": 19.009422302246094,
    "KeyBone/upperarm_l/AngVelMAE": 0.24817492067813873,
    "KeyBone/upperarm_l/AngVelMagMAE": 0.21408553421497345,
    "KeyBone/upperarm_l/AngVelMagRel": 0.33283011615276337,
    "KeyBone/upperarm_l/AngVelDirDeg": 89.63661193847656,
    "KeyBone/lowerarm_l/GeoDeg": 11.014451503753662,
    "KeyBone/lowerarm_l/AngVelMAE": 0.17834316194057465,
    "KeyBone/lowerarm_l/AngVelMagMAE": 0.31202903389930725,
    "KeyBone/lowerarm_l/AngVelMagRel": 0.5072060972452164,
    "KeyBone/lowerarm_l/AngVelDirDeg": 91.9941291809082,
    "KeyBone/hand_l/GeoDeg": 12.974594593048096,
    "KeyBone/hand_l/AngVelMAE": 0.1471039205789566,
    "KeyBone/hand_l/AngVelMagMAE": 0.15934564173221588,
    "KeyBone/hand_l/AngVelMagRel": 0.2871364802122116,
    "KeyBone/hand_l/AngVelDirDeg": 90.82804870605469,
    "KeyBone/upperarm_r/GeoDeg": 16.75583028793335,
    "KeyBone/upperarm_r/AngVelMAE": 0.2564694881439209,
    "KeyBone/upperarm_r/AngVelMagMAE": 0.26679928600788116,
    "KeyBone/upperarm_r/AngVelMagRel": 0.37702322006225586,
    "KeyBone/upperarm_r/AngVelDirDeg": 90.80356216430664,
    "KeyBone/lowerarm_r/GeoDeg": 16.14475679397583,
    "KeyBone/lowerarm_r/AngVelMAE": 0.11223840713500977,
    "KeyBone/lowerarm_r/AngVelMagMAE": 0.20245413482189178,
    "KeyBone/lowerarm_r/AngVelMagRel": 0.43958815932273865,
    "KeyBone/lowerarm_r/AngVelDirDeg": 88.13459777832031,
    "KeyBone/hand_r/GeoDeg": 17.35470485687256,
    "KeyBone/hand_r/AngVelMAE": 0.2335561364889145,
    "KeyBone/hand_r/AngVelMagMAE": 0.23945559561252594,
    "KeyBone/hand_r/AngVelMagRel": 0.37537989020347595,
    "KeyBone/hand_r/AngVelDirDeg": 89.68878173828125,
    "KeyBone/thigh_l/GeoDeg": 21.003653526306152,
    "KeyBone/thigh_l/AngVelMAE": 0.3399488478899002,
    "KeyBone/thigh_l/AngVelMagMAE": 0.36725640296936035,
    "KeyBone/thigh_l/AngVelMagRel": 0.4141893535852432,
    "KeyBone/thigh_l/AngVelDirDeg": 90.91816711425781,
    "KeyBone/calf_l/GeoDeg": 14.727720737457275,
    "KeyBone/calf_l/AngVelMAE": 0.2652715742588043,
    "KeyBone/calf_l/AngVelMagMAE": 0.6743905246257782,
    "KeyBone/calf_l/AngVelMagRel": 0.754853218793869,
    "KeyBone/calf_l/AngVelDirDeg": 85.87244415283203,
    "KeyBone/foot_l/GeoDeg": 14.874552249908447,
    "KeyBone/foot_l/AngVelMAE": 0.41524893045425415,
    "KeyBone/foot_l/AngVelMagMAE": 0.5935488641262054,
    "KeyBone/foot_l/AngVelMagRel": 0.5843002796173096,
    "KeyBone/foot_l/AngVelDirDeg": 89.5738296508789,
    "KeyBone/thigh_r/GeoDeg": 18.411479949951172,