{
  "epoch": 37,
  "tag": "valfree",
  "timestamp": "2025-11-04T19:34:32",
  "metrics": {
    "YawAbsDeg": 10.386768341064453,
    "RootVelMAE": 0.1254349872469902,
    "period_abs_mean": 0.8208414912223816,
    "period_abs_std": 0.25461363792419434,
    "GeoDeg": 12.806422233581543,
    "AngVelMAE": 0.14036308228969574,
    "AngVelMagRel": 0.4437091052532196,
    "Bone/pelvis/AngVelMagMAE": 0.17466934770345688,
    "Bone/pelvis/AngVelMAE": 0.13122595101594925,
    "Bone/Bip001/AngVelMagMAE": 1.6832149754009151e-06,
    "Bone/Bip001/AngVelMAE": 8.381261977774557e-07,
    "Bone/spine_01/AngVelMagMAE": 0.11320050433278084,
    "Bone/spine_01/AngVelMAE": 0.10770014673471451,
    "Bone/spine_02/AngVelMagMAE": 0.1289382502436638,
    "Bone/spine_02/AngVelMAE": 0.10634803026914597,
    "Bone/clavicle_l/AngVelMagMAE": 0.1062409020960331,
    "Bone/clavicle_l/AngVelMAE": 0.08056100085377693,
    "Bone/upperarm_l/AngVelMagMAE": 0.24340952932834625,
    "Bone/upperarm_l/AngVelMAE": 0.23102924972772598,
    "Bone/RUpArmTwist_l_01/AngVelMagMAE": 0.09301722049713135,
    "Bone/RUpArmTwist_l_01/AngVelMAE": 0.05088960938155651,
    "Bone/RUpArmTwist_l_02/AngVelMagMAE": 0.06382566317915916,
    "Bone/RUpArmTwist_l_02/AngVelMAE": 0.030050004832446575,
    "Bone/lowerarm_l/AngVelMagMAE": 0.34494391083717346,
    "Bone/lowerarm_l/AngVelMAE": 0.17154449224472046,
    "Bone/L_ForeTwist_01/AngVelMagMAE": 0.03502805531024933,
    "Bone/L_ForeTwist_01/AngVelMAE": 0.013631855137646198,
    "Bone/L_ForeTwist_02/AngVelMagMAE": 0.03965490311384201,
    "Bone/L_ForeTwist_02/AngVelMAE": 0.014412760268896818,
    "Bone/hand_l/AngVelMagMAE": 0.1534413844347,
    "Bone/hand_l/AngVelMAE": 0.13225207477808,
    "Bone/index_01_l/AngVelMagMAE": 0.08712637051939964,
    "Bone/index_01_l/AngVelMAE": 0.07617620378732681,
    "Bone/middle_01_l/AngVelMagMAE": 0.07641515880823135,
    "Bone/middle_01_l/AngVelMAE": 0.05791980400681496,
    "Bone/pinky_01_l/AngVelMagMAE": 0.7497798204421997,
    "Bone/pinky_01_l/AngVelMAE": 0.5411988198757172,
    "Bone/ring_01_l/AngVelMagMAE": 0.136100672185421,
    "Bone/ring_01_l/AngVelMAE": 0.10281720384955406,
    "Bone/thumb_01_l/AngVelMagMAE": 0.4487959295511246,
    "Bone/thumb_01_l/AngVelMAE": 0.3555343449115753,
    "Bone/clavicle_r/AngVelMagMAE": 0.07518934085965157,
    "Bone/clavicle_r/AngVelMAE": 0.06799410656094551,
    "Bone/upperarm_r/AngVelMagMAE": 0.28273721039295197,
    "Bone/upperarm_r/AngVelMAE": 0.2428688257932663,
    "Bone/RUpArmTwist_r_01/AngVelMagMAE": 0.14276950061321259,
    "Bone/RUpArmTwist_r_01/AngVelMAE": 0.0844707116484642,
    "Bone/RUpArmTwist_r_02/AngVelMagMAE": 0.0836007259786129,
    "Bone/RUpArmTwist_r_02/AngVelMAE": 0.045770490542054176,
    "Bone/lowerarm_r/AngVelMagMAE": 0.2074386328458786,
    "Bone/lowerarm_r/AngVelMAE": 0.10815668851137161,
    "Bone/R_ForeTwist_01/AngVelMagMAE": 0.04150383919477463,
    "Bone/R_ForeTwist_01/AngVelMAE": 0.01945546828210354,
    "Bone/R_ForeTwist_02/AngVelMagMAE": 0.05298102647066116,
    "Bone/R_ForeTwist_02/AngVelMAE": 0.022147794254124165,
    "Bone/hand_r/AngVelMagMAE": 0.2328273430466652,
    "Bone/hand_r/AngVelMAE": 0.2086581289768219,
    "Bone/index_01_r/AngVelMagMAE": 0.09299292042851448,
    "Bone/index_01_r/AngVelMAE": 0.05456969887018204,
    "Bone/middle_01_r/AngVelMagMAE": 0.08413170650601387,
    "Bone/middle_01_r/AngVelMAE": 0.04847341030836105,
    "Bone/pinky_01_r/AngVelMagMAE": 0.2875746190547943,
    "Bone/pinky_01_r/AngVelMAE": 0.1611066684126854,
    "Bone/ring_01_r/AngVelMagMAE": 0.10313117876648903,
    "Bone/ring_01_r/AngVelMAE": 0.06035959720611572,
    "Bone/thumb_01_r/AngVelMagMAE": 0.30179718136787415,
    "Bone/thumb_01_r/AngVelMAE": 0.19527485221624374,
    "Bone/neck_01/AngVelMagMAE": 0.10549239441752434,
    "Bone/neck_01/AngVelMAE": 0.0931694358587265,
    "Bone/head/AngVelMagMAE": 0.1559445708990097,
    "Bone/head/AngVelMAE": 0.12296484783291817,
    "Bone/thigh_l/AngVelMagMAE": 0.40616367757320404,
    "Bone/thigh_l/AngVelMAE": 0.3303617537021637,
    "Bone/calf_l/AngVelMagMAE": 0.7019430696964264,
    "Bone/calf_l/AngVelMAE": 0.2687198966741562,
    "Bone/LCalfTwist_01/AngVelMagMAE": 0.07210640609264374,
    "Bone/LCalfTwist_01/AngVelMAE": 0.03434186615049839,
    "Bone/LCalfTwist_02/AngVelMagMAE": 0.06922472640872002,
    "Bone/LCalfTwist_02/AngVelMAE": 0.03608667477965355,
    "Bone/LCalfTwist_03/AngVelMagMAE": 0.08333136886358261,
    "Bone/LCalfTwist_03/AngVelMAE": 0.03753041662275791,
    "Bone/foot_l/AngVelMagMAE": 0.6300683319568634,
    "Bone/foot_l/AngVelMAE": 0.39873600006103516,
    "Bone/ball_l/AngVelMagMAE": 0.3423066586256027,
    "Bone/ball_l/AngVelMAE": 0.18971088528633118,
    "Bone/thigh_r/AngVelMagMAE": 0.43578244745731354,
    "Bone/thigh_r/AngVelMAE": 0.3486931771039963,
    "Bone/calf_r/AngVelMagMAE": 0.6482099294662476,
    "Bone/calf_r/AngVelMAE": 0.28158047795295715,
    "Bone/RCalfTwist_01/AngVelMagMAE": 0.07537443190813065,
    "Bone/RCalfTwist_01/AngVelMAE": 0.03551384620368481,
    "Bone/RCalfTwist_02/AngVelMagMAE": 0.0776280127465725,
    "Bone/RCalfTwist_02/AngVelMAE": 0.03516777604818344,
    "Bone/RCalfTwist_03/AngVelMagMAE": 0.09112049639225006,
    "Bone/RCalfTwist_03/AngVelMAE": 0.03758096881210804,
    "Bone/foot_r/AngVelMagMAE": 0.62128746509552,
    "Bone/foot_r/AngVelMAE": 0.4104555994272232,
    "Bone/ball_r/AngVelMagMAE": 0.5492483973503113,
    "Bone/ball_r/AngVelMAE": 0.2734890729188919,
    "KeyBone/upperarm_l/GeoDeg": 17.028236389160156,
    "KeyBone/upperarm_l/AngVelMAE": 0.23102924972772598,
    "KeyBone/upperarm_l/AngVelMagMAE": 0.24340952932834625,
    "KeyBone/upperarm_l/AngVelMagRel": 0.41073185205459595,
    "KeyBone/upperarm_l/AngVelDirDeg": 89.97430801391602,
    "KeyBone/lowerarm_l/GeoDeg": 11.43455457687378,
    "KeyBone/lowerarm_l/AngVelMAE": 0.17154449224472046,
    "KeyBone/lowerarm_l/AngVelMagMAE": 0.34494391083717346,
    "KeyBone/lowerarm_l/AngVelMagRel": 0.6042817831039429,
    "KeyBone/lowerarm_l/AngVelDirDeg": 90.44980239868164,
    "KeyBone/hand_l/GeoDeg": 10.78557538986206,
    "KeyBone/hand_l/AngVelMAE": 0.13225207477808,
    "KeyBone/hand_l/AngVelMagMAE": 0.1534413844347,
    "KeyBone/hand_l/AngVelMagRel": 0.2845877557992935,
    "KeyBone/hand_l/AngVelDirDeg": 89.07879257202148,
    "KeyBone/upperarm_r/GeoDeg": 17.974047660827637,
    "KeyBone/upperarm_r/AngVelMAE": 0.2428688257932663,
    "KeyBone/upperarm_r/AngVelMagMAE": 0.28273721039295197,
    "KeyBone/upperarm_r/AngVelMagRel": 0.4157861918210983,
    "KeyBone/upperarm_r/AngVelDirDeg": 90.38153457641602,
    "KeyBone/lowerarm_r/GeoDeg": 13.985962867736816,
    "KeyBone/lowerarm_r/AngVelMAE": 0.10815668851137161,
    "KeyBone/lowerarm_r/AngVelMagMAE": 0.2074386328458786,
    "KeyBone/lowerarm_r/AngVelMagRel": 0.4718514680862427,
    "KeyBone/lowerarm_r/AngVelDirDeg": 93.8077392578125,
    "KeyBone/hand_r/GeoDeg": 15.794435977935791,
    "KeyBone/hand_r/AngVelMAE": 0.2086581289768219,
    "KeyBone/hand_r/AngVelMagMAE": 0.2328273430466652,
    "KeyBone/hand_r/AngVelMagRel": 0.3871987760066986,
    "KeyBone/hand_r/AngVelDirDeg": 90.12468719482422,
    "KeyBone/thigh_l/GeoDeg": 21.12160015106201,
    "KeyBone/thigh_l/AngVelMAE": 0.3303617537021637,
    "KeyBone/thigh_l/AngVelMagMAE": 0.40616367757320404,
    "KeyBone/thigh_l/AngVelMagRel": 0.5024462342262268,
    "KeyBone/thigh_l/AngVelDirDeg": 89.2716064453125,
    "KeyBone/calf_l/GeoDeg": 14.52796745300293,
    "KeyBone/calf_l/AngVelMAE": 0.2687198966741562,
    "KeyBone/calf_l/AngVelMagMAE": 0.7019430696964264,
    "KeyBone/calf_l/AngVelMagRel": 0.808580756187439,
    "KeyBone/calf_l/AngVelDirDeg": 89.64849472045898,
    "KeyBone/foot_l/GeoDeg": 15.529406547546387,
    "KeyBone/foot_l/AngVelMAE": 0.39873600006103516,
    "KeyBone/foot_l/AngVelMagMAE": 0.6300683319568634,
    "KeyBone/foot_l/AngVelMagRel": 0.6806195974349976,
    "KeyBone/foot_l/AngVelDirDeg": 90.99164962768555,
    "KeyBone/thigh_r/GeoDeg": 18.36760711669922,