{
  "epoch": 27,
  "tag": "valfree",
  "timestamp": "2025-11-04T18:12:54",
  "metrics": {
    "YawAbsDeg": 6.7886011600494385,
    "RootVelMAE": 0.11274020001292229,
    "period_abs_mean": 0.8080491125583649,
    "period_abs_std": 0.25698544830083847,
    "GeoDeg": 12.545995712280273,
    "AngVelMAE": 0.13661270588636398,
    "AngVelMagRel": 0.4275546818971634,
    "Bone/pelvis/AngVelMagMAE": 0.17295756191015244,
    "Bone/pelvis/AngVelMAE": 0.13673613965511322,
    "Bone/Bip001/AngVelMagMAE": 1.8749291825770342e-06,
    "Bone/Bip001/AngVelMAE": 9.390174398049567e-07,
    "Bone/spine_01/AngVelMagMAE": 0.09805885329842567,
    "Bone/spine_01/AngVelMAE": 0.10465608909726143,
    "Bone/spine_02/AngVelMagMAE": 0.10195101052522659,
    "Bone/spine_02/AngVelMAE": 0.09573192149400711,
    "Bone/clavicle_l/AngVelMagMAE": 0.10109729692339897,
    "Bone/clavicle_l/AngVelMAE": 0.08107224106788635,
    "Bone/upperarm_l/AngVelMagMAE": 0.22434689104557037,
    "Bone/upperarm_l/AngVelMAE": 0.23610720038414001,
    "Bone/RUpArmTwist_l_01/AngVelMagMAE": 0.09078126400709152,
    "Bone/RUpArmTwist_l_01/AngVelMAE": 0.05113968625664711,
    "Bone/RUpArmTwist_l_02/AngVelMagMAE": 0.06300287693738937,
    "Bone/RUpArmTwist_l_02/AngVelMAE": 0.030342159792780876,
    "Bone/lowerarm_l/AngVelMagMAE": 0.3146173357963562,
    "Bone/lowerarm_l/AngVelMAE": 0.16774366050958633,
    "Bone/L_ForeTwist_01/AngVelMagMAE": 0.03400888480246067,
    "Bone/L_ForeTwist_01/AngVelMAE": 0.013358465395867825,
    "Bone/L_ForeTwist_02/AngVelMagMAE": 0.03926348686218262,
    "Bone/L_ForeTwist_02/AngVelMAE": 0.014391351956874132,
    "Bone/hand_l/AngVelMagMAE": 0.16096492856740952,
    "Bone/hand_l/AngVelMAE": 0.1378793567419052,
    "Bone/index_01_l/AngVelMagMAE": 0.10065824538469315,
    "Bone/index_01_l/AngVelMAE": 0.0777403749525547,
    "Bone/middle_01_l/AngVelMagMAE": 0.0818675309419632,
    "Bone/middle_01_l/AngVelMAE": 0.056368665769696236,
    "Bone/pinky_01_l/AngVelMagMAE": 0.741765171289444,
    "Bone/pinky_01_l/AngVelMAE": 0.5103234499692917,
    "Bone/ring_01_l/AngVelMagMAE": 0.1390475332736969,
    "Bone/ring_01_l/AngVelMAE": 0.10168635472655296,
    "Bone/thumb_01_l/AngVelMagMAE": 0.48567697405815125,
    "Bone/thumb_01_l/AngVelMAE": 0.3586035370826721,
    "Bone/clavicle_r/AngVelMagMAE": 0.0667475052177906,
    "Bone/clavicle_r/AngVelMAE": 0.06660629063844681,
    "Bone/upperarm_r/AngVelMagMAE": 0.2445509433746338,
    "Bone/upperarm_r/AngVelMAE": 0.2299712598323822,
    "Bone/RUpArmTwist_r_01/AngVelMagMAE": 0.14034533500671387,
    "Bone/RUpArmTwist_r_01/AngVelMAE": 0.08281050994992256,
    "Bone/RUpArmTwist_r_02/AngVelMagMAE": 0.08159526437520981,
    "Bone/RUpArmTwist_r_02/AngVelMAE": 0.04651598073542118,
    "Bone/lowerarm_r/AngVelMagMAE": 0.20746243000030518,
    "Bone/lowerarm_r/AngVelMAE": 0.10871857777237892,
    "Bone/R_ForeTwist_01/AngVelMagMAE": 0.03851239010691643,
    "Bone/R_ForeTwist_01/AngVelMAE": 0.018566313199698925,
    "Bone/R_ForeTwist_02/AngVelMagMAE": 0.05028713308274746,
    "Bone/R_ForeTwist_02/AngVelMAE": 0.021111762151122093,
    "Bone/hand_r/AngVelMagMAE": 0.21521226316690445,
    "Bone/hand_r/AngVelMAE": 0.2040477991104126,
    "Bone/index_01_r/AngVelMagMAE": 0.08110323175787926,
    "Bone/index_01_r/AngVelMAE": 0.04784086160361767,
    "Bone/middle_01_r/AngVelMagMAE": 0.07001645117998123,
    "Bone/middle_01_r/AngVelMAE": 0.0411865022033453,
    "Bone/pinky_01_r/AngVelMagMAE": 0.2415771633386612,
    "Bone/pinky_01_r/AngVelMAE": 0.13733376562595367,
    "Bone/ring_01_r/AngVelMagMAE": 0.08777940645813942,
    "Bone/ring_01_r/AngVelMAE": 0.05150327645242214,
    "Bone/thumb_01_r/AngVelMagMAE": 0.2691902667284012,
    "Bone/thumb_01_r/AngVelMAE": 0.17361219227313995,
    "Bone/neck_01/AngVelMagMAE": 0.08981739729642868,
    "Bone/neck_01/AngVelMAE": 0.08841878920793533,
    "Bone/head/AngVelMagMAE": 0.13586672022938728,
    "Bone/head/AngVelMAE": 0.1152370423078537,
    "Bone/thigh_l/AngVelMagMAE": 0.368209570646286,
    "Bone/thigh_l/AngVelMAE": 0.328875869512558,
    "Bone/calf_l/AngVelMagMAE": 0.6802954971790314,
    "Bone/calf_l/AngVelMAE": 0.2628193646669388,
    "Bone/LCalfTwist_01/AngVelMagMAE": 0.06758083403110504,
    "Bone/LCalfTwist_01/AngVelMAE": 0.03352787159383297,
    "Bone/LCalfTwist_02/AngVelMagMAE": 0.06369414366781712,
    "Bone/LCalfTwist_02/AngVelMAE": 0.034414779394865036,
    "Bone/LCalfTwist_03/AngVelMagMAE": 0.07965045422315598,
    "Bone/LCalfTwist_03/AngVelMAE": 0.03654063865542412,
    "Bone/foot_l/AngVelMagMAE": 0.5905351340770721,
    "Bone/foot_l/AngVelMAE": 0.3928738683462143,
    "Bone/ball_l/AngVelMagMAE": 0.328279584646225,
    "Bone/ball_l/AngVelMAE": 0.18410778045654297,
    "Bone/thigh_r/AngVelMagMAE": 0.4099469929933548,
    "Bone/thigh_r/AngVelMAE": 0.3443750888109207,
    "Bone/calf_r/AngVelMagMAE": 0.6702817678451538,
    "Bone/calf_r/AngVelMAE": 0.29737095534801483,
    "Bone/RCalfTwist_01/AngVelMagMAE": 0.06745106726884842,
    "Bone/RCalfTwist_01/AngVelMAE": 0.0330662727355957,
    "Bone/RCalfTwist_02/AngVelMagMAE": 0.06878777965903282,
    "Bone/RCalfTwist_02/AngVelMAE": 0.03335154987871647,
    "Bone/RCalfTwist_03/AngVelMagMAE": 0.08423317596316338,
    "Bone/RCalfTwist_03/AngVelMAE": 0.03640865348279476,
    "Bone/foot_r/AngVelMagMAE": 0.5658265650272369,
    "Bone/foot_r/AngVelMAE": 0.3909289836883545,
    "Bone/ball_r/AngVelMagMAE": 0.5349660813808441,
    "Bone/ball_r/AngVelMAE": 0.26816053688526154,
    "KeyBone/upperarm_l/GeoDeg": 18.231107711791992,
    "KeyBone/upperarm_l/AngVelMAE": 0.23610720038414001,
    "KeyBone/upperarm_l/AngVelMagMAE": 0.22434689104557037,
    "KeyBone/upperarm_l/AngVelMagRel": 0.36149129271507263,
    "KeyBone/upperarm_l/AngVelDirDeg": 90.69718933105469,
    "KeyBone/lowerarm_l/GeoDeg": 10.852909088134766,
    "KeyBone/lowerarm_l/AngVelMAE": 0.16774366050958633,
    "KeyBone/lowerarm_l/AngVelMagMAE": 0.3146173357963562,
    "KeyBone/lowerarm_l/AngVelMagRel": 0.5277952551841736,
    "KeyBone/lowerarm_l/AngVelDirDeg": 91.2442741394043,
    "KeyBone/hand_l/GeoDeg": 11.331682205200195,
    "KeyBone/hand_l/AngVelMAE": 0.1378793567419052,
    "KeyBone/hand_l/AngVelMagMAE": 0.16096492856740952,
    "KeyBone/hand_l/AngVelMagRel": 0.31914521753787994,
    "KeyBone/hand_l/AngVelDirDeg": 89.103515625,
    "KeyBone/upperarm_r/GeoDeg": 15.390894889831543,
    "KeyBone/upperarm_r/AngVelMAE": 0.2299712598323822,
    "KeyBone/upperarm_r/AngVelMagMAE": 0.2445509433746338,
    "KeyBone/upperarm_r/AngVelMagRel": 0.3604172617197037,
    "KeyBone/upperarm_r/AngVelDirDeg": 88.99368667602539,
    "KeyBone/lowerarm_r/GeoDeg": 14.15211820602417,
    "KeyBone/lowerarm_r/AngVelMAE": 0.10871857777237892,
    "KeyBone/lowerarm_r/AngVelMagMAE": 0.20746243000030518,
    "KeyBone/lowerarm_r/AngVelMagRel": 0.4684045910835266,
    "KeyBone/lowerarm_r/AngVelDirDeg": 89.98918533325195,
    "KeyBone/hand_r/GeoDeg": 15.451351642608643,
    "KeyBone/hand_r/AngVelMAE": 0.2040477991104126,
    "KeyBone/hand_r/AngVelMagMAE": 0.21521226316690445,
    "KeyBone/hand_r/AngVelMagRel": 0.3473973274230957,
    "KeyBone/hand_r/AngVelDirDeg": 90.93949127197266,
    "KeyBone/thigh_l/GeoDeg": 20.42222023010254,
    "KeyBone/thigh_l/AngVelMAE": 0.328875869512558,
    "KeyBone/thigh_l/AngVelMagMAE": 0.368209570646286,
    "KeyBone/thigh_l/AngVelMagRel": 0.45176267623901367,
    "KeyBone/thigh_l/AngVelDirDeg": 90.97705841064453,
    "KeyBone/calf_l/GeoDeg": 14.707014083862305,
    "KeyBone/calf_l/AngVelMAE": 0.2628193646669388,
    "KeyBone/calf_l/AngVelMagMAE": 0.6802954971790314,
    "KeyBone/calf_l/AngVelMagRel": 0.7854117453098297,
    "KeyBone/calf_l/AngVelDirDeg": 91.71100234985352,
    "KeyBone/foot_l/GeoDeg": 14.265179634094238,
    "KeyBone/foot_l/AngVelMAE": 0.3928738683462143,
    "KeyBone/foot_l/AngVelMagMAE": 0.5905351340770721,
    "KeyBone/foot_l/AngVelMagRel": 0.623798131942749,
    "KeyBone/foot_l/AngVelDirDeg": 89.69198608398438,
    "KeyBone/thigh_r/GeoDeg": 18.272393226623535,