{
  "epoch": 6,
  "tag": "valfree",
  "timestamp": "2025-11-04T13:39:59",
  "metrics": {
    "YawAbsDeg": 8.230019807815552,
    "RootVelMAE": 0.11960338801145554,
    "period_abs_mean": 0.8018265962600708,
    "period_abs_std": 0.2617107033729553,
    "GeoDeg": 11.94690990447998,
    "AngVelMAE": 0.3668898642063141,
    "AngVelMagRel": 0.5994733273983002,
    "Bone/pelvis/AngVelMagMAE": 0.4155210852622986,
    "Bone/pelvis/AngVelMAE": 0.3354394882917404,
    "Bone/Bip001/AngVelMagMAE": 1.0419750651635695e-05,
    "Bone/Bip001/AngVelMAE": 5.2120426516921725e-06,
    "Bone/spine_01/AngVelMagMAE": 0.45209652185440063,
    "Bone/spine_01/AngVelMAE": 0.3273670822381973,
    "Bone/spine_02/AngVelMagMAE": 0.3991195410490036,
    "Bone/spine_02/AngVelMAE": 0.28468380868434906,
    "Bone/clavicle_l/AngVelMagMAE": 0.33506980538368225,
    "Bone/clavicle_l/AngVelMAE": 0.23201967775821686,
    "Bone/upperarm_l/AngVelMagMAE": 1.001967340707779,
    "Bone/upperarm_l/AngVelMAE": 0.7246669232845306,
    "Bone/RUpArmTwist_l_01/AngVelMagMAE": 0.32102011144161224,
    "Bone/RUpArmTwist_l_01/AngVelMAE": 0.16070882976055145,
    "Bone/RUpArmTwist_l_02/AngVelMagMAE": 0.17922282218933105,
    "Bone/RUpArmTwist_l_02/AngVelMAE": 0.08573104813694954,
    "Bone/lowerarm_l/AngVelMagMAE": 0.992401123046875,
    "Bone/lowerarm_l/AngVelMAE": 0.49857449531555176,
    "Bone/L_ForeTwist_01/AngVelMagMAE": 0.054888391867280006,
    "Bone/L_ForeTwist_01/AngVelMAE": 0.02599198091775179,
    "Bone/L_ForeTwist_02/AngVelMagMAE": 0.06030665338039398,
    "Bone/L_ForeTwist_02/AngVelMAE": 0.026427912525832653,
    "Bone/hand_l/AngVelMagMAE": 0.4452619105577469,
    "Bone/hand_l/AngVelMAE": 0.34024520218372345,
    "Bone/index_01_l/AngVelMagMAE": 0.6050056517124176,
    "Bone/index_01_l/AngVelMAE": 0.33883075416088104,
    "Bone/middle_01_l/AngVelMagMAE": 0.4580526649951935,
    "Bone/middle_01_l/AngVelMAE": 0.238958477973938,
    "Bone/pinky_01_l/AngVelMagMAE": 2.8272950649261475,
    "Bone/pinky_01_l/AngVelMAE": 1.6827656626701355,
    "Bone/ring_01_l/AngVelMagMAE": 0.7504916489124298,
    "Bone/ring_01_l/AngVelMAE": 0.43555617332458496,
    "Bone/thumb_01_l/AngVelMagMAE": 3.228094696998596,
    "Bone/thumb_01_l/AngVelMAE": 1.7888126373291016,
    "Bone/clavicle_r/AngVelMagMAE": 0.37935978174209595,
    "Bone/clavicle_r/AngVelMAE": 0.2477356269955635,
    "Bone/upperarm_r/AngVelMagMAE": 0.7996901273727417,
    "Bone/upperarm_r/AngVelMAE": 0.632579892873764,
    "Bone/RUpArmTwist_r_01/AngVelMagMAE": 0.8048374056816101,
    "Bone/RUpArmTwist_r_01/AngVelMAE": 0.3605165481567383,
    "Bone/RUpArmTwist_r_02/AngVelMagMAE": 0.36224038898944855,
    "Bone/RUpArmTwist_r_02/AngVelMAE": 0.1669318974018097,
    "Bone/lowerarm_r/AngVelMagMAE": 0.45156730711460114,
    "Bone/lowerarm_r/AngVelMAE": 0.24510908871889114,
    "Bone/R_ForeTwist_01/AngVelMagMAE": 0.12211903557181358,
    "Bone/R_ForeTwist_01/AngVelMAE": 0.05851869285106659,
    "Bone/R_ForeTwist_02/AngVelMagMAE": 0.12358421459794044,
    "Bone/R_ForeTwist_02/AngVelMAE": 0.05701502412557602,
    "Bone/hand_r/AngVelMagMAE": 0.915429025888443,
    "Bone/hand_r/AngVelMAE": 0.6214739382266998,
    "Bone/index_01_r/AngVelMagMAE": 0.1451890468597412,
    "Bone/index_01_r/AngVelMAE": 0.10657628253102303,
    "Bone/middle_01_r/AngVelMagMAE": 0.09748422354459763,
    "Bone/middle_01_r/AngVelMAE": 0.08350187912583351,
    "Bone/pinky_01_r/AngVelMagMAE": 0.32716743648052216,
    "Bone/pinky_01_r/AngVelMAE": 0.24479331076145172,
    "Bone/ring_01_r/AngVelMagMAE": 0.1274215131998062,
    "Bone/ring_01_r/AngVelMAE": 0.10414353385567665,
    "Bone/thumb_01_r/AngVelMagMAE": 0.6376154720783234,
    "Bone/thumb_01_r/AngVelMAE": 0.43527671694755554,
    "Bone/neck_01/AngVelMagMAE": 0.41516587138175964,
    "Bone/neck_01/AngVelMAE": 0.2883590906858444,
    "Bone/head/AngVelMagMAE": 0.35848331451416016,
    "Bone/head/AngVelMAE": 0.28284822404384613,
    "Bone/thigh_l/AngVelMagMAE": 1.331272304058075,
    "Bone/thigh_l/AngVelMAE": 0.931645929813385,
    "Bone/calf_l/AngVelMagMAE": 0.6815970540046692,
    "Bone/calf_l/AngVelMAE": 0.3634077459573746,
    "Bone/LCalfTwist_01/AngVelMagMAE": 0.1607280895113945,
    "Bone/LCalfTwist_01/AngVelMAE": 0.084993164986372,
    "Bone/LCalfTwist_02/AngVelMagMAE": 0.16230403631925583,
    "Bone/LCalfTwist_02/AngVelMAE": 0.08628199994564056,
    "Bone/LCalfTwist_03/AngVelMagMAE": 0.20116477459669113,
    "Bone/LCalfTwist_03/AngVelMAE": 0.09849536418914795,
    "Bone/foot_l/AngVelMagMAE": 0.866881787776947,
    "Bone/foot_l/AngVelMAE": 0.7613473534584045,
    "Bone/ball_l/AngVelMagMAE": 0.43490447103977203,
    "Bone/ball_l/AngVelMAE": 0.3344653993844986,
    "Bone/thigh_r/AngVelMagMAE": 0.9565283060073853,
    "Bone/thigh_r/AngVelMAE": 0.7626737058162689,
    "Bone/calf_r/AngVelMagMAE": 0.9904253780841827,
    "Bone/calf_r/AngVelMAE": 0.5470383167266846,
    "Bone/RCalfTwist_01/AngVelMagMAE": 0.1545891985297203,
    "Bone/RCalfTwist_01/AngVelMAE": 0.08188891783356667,
    "Bone/RCalfTwist_02/AngVelMagMAE": 0.16855361312627792,
    "Bone/RCalfTwist_02/AngVelMAE": 0.08729139342904091,
    "Bone/RCalfTwist_03/AngVelMagMAE": 0.16362378746271133,
    "Bone/RCalfTwist_03/AngVelMAE": 0.08365441486239433,
    "Bone/foot_r/AngVelMagMAE": 0.7881565093994141,
    "Bone/foot_r/AngVelMAE": 0.7693147659301758,
    "Bone/ball_r/AngVelMagMAE": 0.5459790825843811,
    "Bone/ball_r/AngVelMAE": 0.42227211594581604,
    "KeyBone/upperarm_l/GeoDeg": 17.171441078186035,
    "KeyBone/upperarm_l/AngVelMAE": 0.7246669232845306,
    "KeyBone/upperarm_l/AngVelMagMAE": 1.001967340707779,
    "KeyBone/upperarm_l/AngVelMagRel": 0.8292095065116882,
    "KeyBone/upperarm_l/AngVelDirDeg": 89.31132507324219,
    "KeyBone/lowerarm_l/GeoDeg": 12.344282627105713,
    "KeyBone/lowerarm_l/AngVelMAE": 0.49857449531555176,
    "KeyBone/lowerarm_l/AngVelMagMAE": 0.992401123046875,
    "KeyBone/lowerarm_l/AngVelMagRel": 0.7717539966106415,
    "KeyBone/lowerarm_l/AngVelDirDeg": 91.53959655761719,
    "KeyBone/hand_l/GeoDeg": 10.54747724533081,
    "KeyBone/hand_l/AngVelMAE": 0.34024520218372345,
    "KeyBone/hand_l/AngVelMagMAE": 0.4452619105577469,
    "KeyBone/hand_l/AngVelMagRel": 0.6046145260334015,
    "KeyBone/hand_l/AngVelDirDeg": 89.81884384155273,
    "KeyBone/upperarm_r/GeoDeg": 15.965580940246582,
    "KeyBone/upperarm_r/AngVelMAE": 0.632579892873764,
    "KeyBone/upperarm_r/AngVelMagMAE": 0.7996901273727417,
    "KeyBone/upperarm_r/AngVelMagRel": 0.7390390634536743,
    "KeyBone/upperarm_r/AngVelDirDeg": 89.90236282348633,
    "KeyBone/lowerarm_r/GeoDeg": 12.568886280059814,
    "KeyBone/lowerarm_r/AngVelMAE": 0.24510908871889114,
    "KeyBone/lowerarm_r/AngVelMagMAE": 0.45156730711460114,
    "KeyBone/lowerarm_r/AngVelMagRel": 0.5336142182350159,
    "KeyBone/lowerarm_r/AngVelDirDeg": 89.91883850097656,
    "KeyBone/hand_r/GeoDeg": 15.52977180480957,
    "KeyBone/hand_r/AngVelMAE": 0.6214739382266998,
    "KeyBone/hand_r/AngVelMagMAE": 0.915429025888443,
    "KeyBone/hand_r/AngVelMagRel": 0.8638359904289246,
    "KeyBone/hand_r/AngVelDirDeg": 89.76334762573242,
    "KeyBone/thigh_l/GeoDeg": 19.008801460266113,
    "KeyBone/thigh_l/AngVelMAE": 0.931645929813385,
    "KeyBone/thigh_l/AngVelMagMAE": 1.331272304058075,
    "KeyBone/thigh_l/AngVelMagRel": 0.8136537373065948,
    "KeyBone/thigh_l/AngVelDirDeg": 90.06367492675781,
    "KeyBone/calf_l/GeoDeg": 12.872422695159912,
    "KeyBone/calf_l/AngVelMAE": 0.3634077459573746,
    "KeyBone/calf_l/AngVelMagMAE": 0.6815970540046692,
    "KeyBone/calf_l/AngVelMagRel": 0.622490257024765,
    "KeyBone/calf_l/AngVelDirDeg": 89.79996109008789,
    "KeyBone/foot_l/GeoDeg": 15.125123500823975,
    "KeyBone/foot_l/AngVelMAE": 0.7613473534584045,
    "KeyBone/foot_l/AngVelMagMAE": 0.866881787776947,
    "KeyBone/foot_l/AngVelMagRel": 0.6486755609512329,
    "KeyBone/foot_l/AngVelDirDeg": 89.75188064575195,
    "KeyBone/thigh_r/GeoDeg": 19.18497943878174,
    "KeyBone/thigh_r/AngVelMAE": 0.7626737058162689,