{
  "epoch": 45,
  "tag": "valfree",
  "timestamp": "2025-11-04T20:38:39",
  "metrics": {
    "YawAbsDeg": 10.158628463745117,
    "RootVelMAE": 0.1258295327425003,
    "period_abs_mean": 0.8167006373405457,
    "period_abs_std": 0.2558629661798477,
    "GeoDeg": 13.390035629272461,
    "AngVelMAE": 0.1404060423374176,
    "AngVelMagRel": 0.4593357890844345,
    "Bone/pelvis/AngVelMagMAE": 0.16839011758565903,
    "Bone/pelvis/AngVelMAE": 0.12684015184640884,
    "Bone/Bip001/AngVelMagMAE": 1.597574623701803e-06,
    "Bone/Bip001/AngVelMAE": 7.980152076925151e-07,
    "Bone/spine_01/AngVelMagMAE": 0.1104535423219204,
    "Bone/spine_01/AngVelMAE": 0.10234329849481583,
    "Bone/spine_02/AngVelMagMAE": 0.12223125249147415,
    "Bone/spine_02/AngVelMAE": 0.10134591907262802,
    "Bone/clavicle_l/AngVelMagMAE": 0.1163799948990345,
    "Bone/clavicle_l/AngVelMAE": 0.08404873684048653,
    "Bone/upperarm_l/AngVelMagMAE": 0.24603413045406342,
    "Bone/upperarm_l/AngVelMAE": 0.22987916320562363,
    "Bone/RUpArmTwist_l_01/AngVelMagMAE": 0.09290798008441925,
    "Bone/RUpArmTwist_l_01/AngVelMAE": 0.04954273998737335,
    "Bone/RUpArmTwist_l_02/AngVelMagMAE": 0.06267367117106915,
    "Bone/RUpArmTwist_l_02/AngVelMAE": 0.029309035278856754,
    "Bone/lowerarm_l/AngVelMagMAE": 0.34129665791988373,
    "Bone/lowerarm_l/AngVelMAE": 0.1684231236577034,
    "Bone/L_ForeTwist_01/AngVelMagMAE": 0.038168782368302345,
    "Bone/L_ForeTwist_01/AngVelMAE": 0.014594116248190403,
    "Bone/L_ForeTwist_02/AngVelMagMAE": 0.04243307560682297,
    "Bone/L_ForeTwist_02/AngVelMAE": 0.01534623233601451,
    "Bone/hand_l/AngVelMagMAE": 0.16319309920072556,
    "Bone/hand_l/AngVelMAE": 0.1357945054769516,
    "Bone/index_01_l/AngVelMagMAE": 0.0852789469063282,
    "Bone/index_01_l/AngVelMAE": 0.07725008949637413,
    "Bone/middle_01_l/AngVelMagMAE": 0.07472719997167587,
    "Bone/middle_01_l/AngVelMAE": 0.057728057727217674,
    "Bone/pinky_01_l/AngVelMagMAE": 0.7429232001304626,
    "Bone/pinky_01_l/AngVelMAE": 0.5459720492362976,
    "Bone/ring_01_l/AngVelMagMAE": 0.13360629230737686,
    "Bone/ring_01_l/AngVelMAE": 0.10298796370625496,
    "Bone/thumb_01_l/AngVelMagMAE": 0.43458184599876404,
    "Bone/thumb_01_l/AngVelMAE": 0.3586612343788147,
    "Bone/clavicle_r/AngVelMagMAE": 0.07531221210956573,
    "Bone/clavicle_r/AngVelMAE": 0.0687086246907711,
    "Bone/upperarm_r/AngVelMagMAE": 0.29014717042446136,
    "Bone/upperarm_r/AngVelMAE": 0.24668724834918976,
    "Bone/RUpArmTwist_r_01/AngVelMagMAE": 0.14112400263547897,
    "Bone/RUpArmTwist_r_01/AngVelMAE": 0.08547807484865189,
    "Bone/RUpArmTwist_r_02/AngVelMagMAE": 0.08464790880680084,
    "Bone/RUpArmTwist_r_02/AngVelMAE": 0.045849552378058434,
    "Bone/lowerarm_r/AngVelMagMAE": 0.21051713824272156,
    "Bone/lowerarm_r/AngVelMAE": 0.10870924964547157,
    "Bone/R_ForeTwist_01/AngVelMagMAE": 0.044261934235692024,
    "Bone/R_ForeTwist_01/AngVelMAE": 0.02035943977534771,
    "Bone/R_ForeTwist_02/AngVelMagMAE": 0.05302181839942932,
    "Bone/R_ForeTwist_02/AngVelMAE": 0.0228112218901515,
    "Bone/hand_r/AngVelMagMAE": 0.24327141046524048,
    "Bone/hand_r/AngVelMAE": 0.21360111981630325,
    "Bone/index_01_r/AngVelMagMAE": 0.09478705748915672,
    "Bone/index_01_r/AngVelMAE": 0.055660588666796684,
    "Bone/middle_01_r/AngVelMagMAE": 0.08475944399833679,
    "Bone/middle_01_r/AngVelMAE": 0.04860137030482292,
    "Bone/pinky_01_r/AngVelMagMAE": 0.2970985621213913,
    "Bone/pinky_01_r/AngVelMAE": 0.16672774404287338,
    "Bone/ring_01_r/AngVelMagMAE": 0.10599727928638458,
    "Bone/ring_01_r/AngVelMAE": 0.06167955882847309,
    "Bone/thumb_01_r/AngVelMagMAE": 0.30332669615745544,
    "Bone/thumb_01_r/AngVelMAE": 0.19898293912410736,
    "Bone/neck_01/AngVelMagMAE": 0.10519435629248619,
    "Bone/neck_01/AngVelMAE": 0.09170601144433022,
    "Bone/head/AngVelMagMAE": 0.15632843971252441,
    "Bone/head/AngVelMAE": 0.12207908183336258,
    "Bone/thigh_l/AngVelMagMAE": 0.40623319149017334,
    "Bone/thigh_l/AngVelMAE": 0.32865525782108307,
    "Bone/calf_l/AngVelMagMAE": 0.7173990607261658,
    "Bone/calf_l/AngVelMAE": 0.2731129676103592,
    "Bone/LCalfTwist_01/AngVelMagMAE": 0.07394001260399818,
    "Bone/LCalfTwist_01/AngVelMAE": 0.03505721688270569,
    "Bone/LCalfTwist_02/AngVelMagMAE": 0.06959681585431099,
    "Bone/LCalfTwist_02/AngVelMAE": 0.03610597550868988,
    "Bone/LCalfTwist_03/AngVelMagMAE": 0.08508158847689629,
    "Bone/LCalfTwist_03/AngVelMAE": 0.037987930700182915,
    "Bone/foot_l/AngVelMagMAE": 0.6329739093780518,
    "Bone/foot_l/AngVelMAE": 0.3964143991470337,
    "Bone/ball_l/AngVelMagMAE": 0.33645933866500854,
    "Bone/ball_l/AngVelMAE": 0.18750977516174316,
    "Bone/thigh_r/AngVelMagMAE": 0.4461697041988373,
    "Bone/thigh_r/AngVelMAE": 0.34352603554725647,
    "Bone/calf_r/AngVelMagMAE": 0.6303350329399109,
    "Bone/calf_r/AngVelMAE": 0.2739028036594391,
    "Bone/RCalfTwist_01/AngVelMagMAE": 0.07730649039149284,
    "Bone/RCalfTwist_01/AngVelMAE": 0.03612237423658371,
    "Bone/RCalfTwist_02/AngVelMagMAE": 0.07786530628800392,
    "Bone/RCalfTwist_02/AngVelMAE": 0.03613545000553131,
    "Bone/RCalfTwist_03/AngVelMagMAE": 0.09115103259682655,
    "Bone/RCalfTwist_03/AngVelMAE": 0.038531115278601646,
    "Bone/foot_r/AngVelMagMAE": 0.6174290180206299,
    "Bone/foot_r/AngVelMAE": 0.40577664971351624,
    "Bone/ball_r/AngVelMagMAE": 0.5519016087055206,
    "Bone/ball_r/AngVelMAE": 0.2721307873725891,
    "KeyBone/upperarm_l/GeoDeg": 17.66922664642334,
    "KeyBone/upperarm_l/AngVelMAE": 0.22987916320562363,
    "KeyBone/upperarm_l/AngVelMagMAE": 0.24603413045406342,
    "KeyBone/upperarm_l/AngVelMagRel": 0.42594851553440094,
    "KeyBone/upperarm_l/AngVelDirDeg": 89.3923568725586,
    "KeyBone/lowerarm_l/GeoDeg": 11.443372249603271,
    "KeyBone/lowerarm_l/AngVelMAE": 0.1684231236577034,
    "KeyBone/lowerarm_l/AngVelMagMAE": 0.34129665791988373,
    "KeyBone/lowerarm_l/AngVelMagRel": 0.6164191365242004,
    "KeyBone/lowerarm_l/AngVelDirDeg": 90.25637435913086,
    "KeyBone/hand_l/GeoDeg": 11.623733043670654,
    "KeyBone/hand_l/AngVelMAE": 0.1357945054769516,
    "KeyBone/hand_l/AngVelMagMAE": 0.16319309920072556,
    "KeyBone/hand_l/AngVelMagRel": 0.3101373761892319,
    "KeyBone/hand_l/AngVelDirDeg": 90.85803604125977,
    "KeyBone/upperarm_r/GeoDeg": 18.031679153442383,
    "KeyBone/upperarm_r/AngVelMAE": 0.24668724834918976,
    "KeyBone/upperarm_r/AngVelMagMAE": 0.29014717042446136,
    "KeyBone/upperarm_r/AngVelMagRel": 0.4605366736650467,
    "KeyBone/upperarm_r/AngVelDirDeg": 90.23216247558594,
    "KeyBone/lowerarm_r/GeoDeg": 14.748222351074219,
    "KeyBone/lowerarm_r/AngVelMAE": 0.10870924964547157,
    "KeyBone/lowerarm_r/AngVelMagMAE": 0.21051713824272156,
    "KeyBone/lowerarm_r/AngVelMagRel": 0.47685588896274567,
    "KeyBone/lowerarm_r/AngVelDirDeg": 90.05319213867188,
    "KeyBone/hand_r/GeoDeg": 16.465962409973145,
    "KeyBone/hand_r/AngVelMAE": 0.21360111981630325,
    "KeyBone/hand_r/AngVelMagMAE": 0.24327141046524048,
    "KeyBone/hand_r/AngVelMagRel": 0.4062328487634659,
    "KeyBone/hand_r/AngVelDirDeg": 90.5846939086914,
    "KeyBone/thigh_l/GeoDeg": 21.162684440612793,
    "KeyBone/thigh_l/AngVelMAE": 0.32865525782108307,
    "KeyBone/thigh_l/AngVelMagMAE": 0.40623319149017334,
    "KeyBone/thigh_l/AngVelMagRel": 0.5102051794528961,
    "KeyBone/thigh_l/AngVelDirDeg": 91.59137344360352,
    "KeyBone/calf_l/GeoDeg": 14.828974723815918,
    "KeyBone/calf_l/AngVelMAE": 0.2731129676103592,
    "KeyBone/calf_l/AngVelMagMAE": 0.7173990607261658,
    "KeyBone/calf_l/AngVelMagRel": 0.8303444981575012,
    "KeyBone/calf_l/AngVelDirDeg": 94.41323852539062,
    "KeyBone/foot_l/GeoDeg": 15.589325904846191,
    "KeyBone/foot_l/AngVelMAE": 0.3964143991470337,
    "KeyBone/foot_l/AngVelMagMAE": 0.6329739093780518,
    "KeyBone/foot_l/AngVelMagRel": 0.6888955235481262,
    "KeyBone/foot_l/AngVelDirDeg": 90.08393478393555,
    "KeyBone/thigh_r/GeoDeg": 18.32597827911377,