{
  "epoch": 8,
  "tag": "valfree",
  "timestamp": "2025-11-04T13:55:47",
  "metrics": {
    "YawAbsDeg": 9.539512634277344,
    "RootVelMAE": 0.11447734758257866,
    "period_abs_mean": 0.8017342686653137,
    "period_abs_std": 0.26177966594696045,
    "GeoDeg": 11.681663036346436,
    "AngVelMAE": 0.32186758518218994,
    "AngVelMagRel": 0.5632201731204987,
    "Bone/pelvis/AngVelMagMAE": 0.342330664396286,
    "Bone/pelvis/AngVelMAE": 0.2970540523529053,
    "Bone/Bip001/AngVelMagMAE": 9.187478099192958e-06,
    "Bone/Bip001/AngVelMAE": 4.6266491153801326e-06,
    "Bone/spine_01/AngVelMagMAE": 0.3556797355413437,
    "Bone/spine_01/AngVelMAE": 0.2821860760450363,
    "Bone/spine_02/AngVelMagMAE": 0.30494536459445953,
    "Bone/spine_02/AngVelMAE": 0.24439717829227448,
    "Bone/clavicle_l/AngVelMagMAE": 0.2675493061542511,
    "Bone/clavicle_l/AngVelMAE": 0.19629955291748047,
    "Bone/upperarm_l/AngVelMagMAE": 0.806663453578949,
    "Bone/upperarm_l/AngVelMAE": 0.6343792676925659,
    "Bone/RUpArmTwist_l_01/AngVelMagMAE": 0.2615470662713051,
    "Bone/RUpArmTwist_l_01/AngVelMAE": 0.138623908162117,
    "Bone/RUpArmTwist_l_02/AngVelMagMAE": 0.15634863823652267,
    "Bone/RUpArmTwist_l_02/AngVelMAE": 0.0771397091448307,
    "Bone/lowerarm_l/AngVelMagMAE": 0.8283684253692627,
    "Bone/lowerarm_l/AngVelMAE": 0.4300330877304077,
    "Bone/L_ForeTwist_01/AngVelMagMAE": 0.045064911246299744,
    "Bone/L_ForeTwist_01/AngVelMAE": 0.021740291267633438,
    "Bone/L_ForeTwist_02/AngVelMagMAE": 0.057030586525797844,
    "Bone/L_ForeTwist_02/AngVelMAE": 0.024341429583728313,
    "Bone/hand_l/AngVelMagMAE": 0.3772321939468384,
    "Bone/hand_l/AngVelMAE": 0.30235597491264343,
    "Bone/index_01_l/AngVelMagMAE": 0.5055238753557205,
    "Bone/index_01_l/AngVelMAE": 0.2907877415418625,
    "Bone/middle_01_l/AngVelMagMAE": 0.3874344229698181,
    "Bone/middle_01_l/AngVelMAE": 0.2089425027370453,
    "Bone/pinky_01_l/AngVelMagMAE": 2.22794508934021,
    "Bone/pinky_01_l/AngVelMAE": 1.3897607326507568,
    "Bone/ring_01_l/AngVelMagMAE": 0.6122492849826813,
    "Bone/ring_01_l/AngVelMAE": 0.3687276244163513,
    "Bone/thumb_01_l/AngVelMagMAE": 2.803812623023987,
    "Bone/thumb_01_l/AngVelMAE": 1.5691761374473572,
    "Bone/clavicle_r/AngVelMagMAE": 0.321071520447731,
    "Bone/clavicle_r/AngVelMAE": 0.2164907529950142,
    "Bone/upperarm_r/AngVelMagMAE": 0.6241004168987274,
    "Bone/upperarm_r/AngVelMAE": 0.5436802208423615,
    "Bone/RUpArmTwist_r_01/AngVelMagMAE": 0.648749977350235,
    "Bone/RUpArmTwist_r_01/AngVelMAE": 0.30212245881557465,
    "Bone/RUpArmTwist_r_02/AngVelMagMAE": 0.3083961457014084,
    "Bone/RUpArmTwist_r_02/AngVelMAE": 0.14657406508922577,
    "Bone/lowerarm_r/AngVelMagMAE": 0.3764689415693283,
    "Bone/lowerarm_r/AngVelMAE": 0.21621759980916977,
    "Bone/R_ForeTwist_01/AngVelMagMAE": 0.09964307397603989,
    "Bone/R_ForeTwist_01/AngVelMAE": 0.0496634878218174,
    "Bone/R_ForeTwist_02/AngVelMagMAE": 0.10284209623932838,
    "Bone/R_ForeTwist_02/AngVelMAE": 0.04883388802409172,
    "Bone/hand_r/AngVelMagMAE": 0.7353919148445129,
    "Bone/hand_r/AngVelMAE": 0.5408785045146942,
    "Bone/index_01_r/AngVelMagMAE": 0.119708102196455,
    "Bone/index_01_r/AngVelMAE": 0.09252240508794785,
    "Bone/middle_01_r/AngVelMagMAE": 0.08614643663167953,
    "Bone/middle_01_r/AngVelMAE": 0.07545990869402885,
    "Bone/pinky_01_r/AngVelMagMAE": 0.2864243984222412,
    "Bone/pinky_01_r/AngVelMAE": 0.220941424369812,
    "Bone/ring_01_r/AngVelMagMAE": 0.11179820820689201,
    "Bone/ring_01_r/AngVelMAE": 0.09283110499382019,
    "Bone/thumb_01_r/AngVelMagMAE": 0.5396654009819031,
    "Bone/thumb_01_r/AngVelMAE": 0.386197492480278,
    "Bone/neck_01/AngVelMagMAE": 0.33158159255981445,
    "Bone/neck_01/AngVelMAE": 0.24818477034568787,
    "Bone/head/AngVelMagMAE": 0.28028129041194916,
    "Bone/head/AngVelMAE": 0.24716413021087646,
    "Bone/thigh_l/AngVelMagMAE": 1.0835288166999817,
    "Bone/thigh_l/AngVelMAE": 0.8117931485176086,
    "Bone/calf_l/AngVelMagMAE": 0.6570557355880737,
    "Bone/calf_l/AngVelMAE": 0.3475281447172165,
    "Bone/LCalfTwist_01/AngVelMagMAE": 0.13612480461597443,
    "Bone/LCalfTwist_01/AngVelMAE": 0.0740160122513771,
    "Bone/LCalfTwist_02/AngVelMagMAE": 0.1354605108499527,
    "Bone/LCalfTwist_02/AngVelMAE": 0.07466757297515869,
    "Bone/LCalfTwist_03/AngVelMagMAE": 0.1699201837182045,
    "Bone/LCalfTwist_03/AngVelMAE": 0.08671864122152328,
    "Bone/foot_l/AngVelMagMAE": 0.7461349964141846,
    "Bone/foot_l/AngVelMAE": 0.6816401779651642,
    "Bone/ball_l/AngVelMagMAE": 0.3845101147890091,
    "Bone/ball_l/AngVelMAE": 0.300826758146286,
    "Bone/thigh_r/AngVelMagMAE": 0.8352313339710236,
    "Bone/thigh_r/AngVelMAE": 0.6911720037460327,
    "Bone/calf_r/AngVelMagMAE": 0.8855838179588318,
    "Bone/calf_r/AngVelMAE": 0.5041098296642303,
    "Bone/RCalfTwist_01/AngVelMagMAE": 0.13172034919261932,
    "Bone/RCalfTwist_01/AngVelMAE": 0.07156715914607048,
    "Bone/RCalfTwist_02/AngVelMagMAE": 0.14182720333337784,
    "Bone/RCalfTwist_02/AngVelMAE": 0.07468647509813309,
    "Bone/RCalfTwist_03/AngVelMagMAE": 0.14947567135095596,
    "Bone/RCalfTwist_03/AngVelMAE": 0.07692411541938782,
    "Bone/foot_r/AngVelMagMAE": 0.695741206407547,
    "Bone/foot_r/AngVelMAE": 0.7140652239322662,
    "Bone/ball_r/AngVelMagMAE": 0.517524391412735,
    "Bone/ball_r/AngVelMAE": 0.392482191324234,
    "KeyBone/upperarm_l/GeoDeg": 16.60530662536621,
    "KeyBone/upperarm_l/AngVelMAE": 0.6343792676925659,
    "KeyBone/upperarm_l/AngVelMagMAE": 0.806663453578949,
    "KeyBone/upperarm_l/AngVelMagRel": 0.7313523292541504,
    "KeyBone/upperarm_l/AngVelDirDeg": 90.60588836669922,
    "KeyBone/lowerarm_l/GeoDeg": 12.434447288513184,
    "KeyBone/lowerarm_l/AngVelMAE": 0.4300330877304077,
    "KeyBone/lowerarm_l/AngVelMagMAE": 0.8283684253692627,
    "KeyBone/lowerarm_l/AngVelMagRel": 0.6753542423248291,
    "KeyBone/lowerarm_l/AngVelDirDeg": 86.66841125488281,
    "KeyBone/hand_l/GeoDeg": 10.007140159606934,
    "KeyBone/hand_l/AngVelMAE": 0.30235597491264343,
    "KeyBone/hand_l/AngVelMagMAE": 0.3772321939468384,
    "KeyBone/hand_l/AngVelMagRel": 0.5429743826389313,
    "KeyBone/hand_l/AngVelDirDeg": 90.04598999023438,
    "KeyBone/upperarm_r/GeoDeg": 16.395875453948975,
    "KeyBone/upperarm_r/AngVelMAE": 0.5436802208423615,
    "KeyBone/upperarm_r/AngVelMagMAE": 0.6241004168987274,
    "KeyBone/upperarm_r/AngVelMagRel": 0.6128039360046387,
    "KeyBone/upperarm_r/AngVelDirDeg": 90.06071472167969,
    "KeyBone/lowerarm_r/GeoDeg": 11.877553939819336,
    "KeyBone/lowerarm_r/AngVelMAE": 0.21621759980916977,
    "KeyBone/lowerarm_r/AngVelMagMAE": 0.3764689415693283,
    "KeyBone/lowerarm_r/AngVelMagRel": 0.48289309442043304,
    "KeyBone/lowerarm_r/AngVelDirDeg": 90.12348175048828,
    "KeyBone/hand_r/GeoDeg": 15.254449844360352,
    "KeyBone/hand_r/AngVelMAE": 0.5408785045146942,
    "KeyBone/hand_r/AngVelMagMAE": 0.7353919148445129,
    "KeyBone/hand_r/AngVelMagRel": 0.7673072516918182,
    "KeyBone/hand_r/AngVelDirDeg": 90.16926956176758,
    "KeyBone/thigh_l/GeoDeg": 18.872170448303223,
    "KeyBone/thigh_l/AngVelMAE": 0.8117931485176086,
    "KeyBone/thigh_l/AngVelMagMAE": 1.0835288166999817,
    "KeyBone/thigh_l/AngVelMagRel": 0.6939846277236938,
    "KeyBone/thigh_l/AngVelDirDeg": 90.10731506347656,
    "KeyBone/calf_l/GeoDeg": 12.28774356842041,
    "KeyBone/calf_l/AngVelMAE": 0.3475281447172165,
    "KeyBone/calf_l/AngVelMagMAE": 0.6570557355880737,
    "KeyBone/calf_l/AngVelMagRel": 0.5855854749679565,
    "KeyBone/calf_l/AngVelDirDeg": 91.3703727722168,
    "KeyBone/foot_l/GeoDeg": 14.68125581741333,
    "KeyBone/foot_l/AngVelMAE": 0.6816401779651642,
    "KeyBone/foot_l/AngVelMagMAE": 0.7461349964141846,
    "KeyBone/foot_l/AngVelMagRel": 0.5834766626358032,
    "KeyBone/foot_l/AngVelDirDeg": 88.76480102539062,
    "KeyBone/thigh_r/GeoDeg": 19.120182037353516,
    "KeyBone/thigh_r/AngVelMAE": 0.6911720037460327,