{
  "epoch": 25,
  "tag": "valfree",
  "timestamp": "2025-11-04T16:11:00",
  "metrics": {
    "YawAbsDeg": 8.890921115875244,
    "RootVelMAE": 0.113981693983078,
    "period_abs_mean": 0.8060206770896912,
    "period_abs_std": 0.26007702946662903,
    "GeoDeg": 13.31603717803955,
    "AngVelMAE": 0.14412418007850647,
    "AngVelMagRel": 0.4138038456439972,
    "Bone/pelvis/AngVelMagMAE": 0.15322282165288925,
    "Bone/pelvis/AngVelMAE": 0.1290668323636055,
    "Bone/Bip001/AngVelMagMAE": 1.91430342511012e-06,
    "Bone/Bip001/AngVelMAE": 9.600317412150616e-07,
    "Bone/spine_01/AngVelMagMAE": 0.09370047971606255,
    "Bone/spine_01/AngVelMAE": 0.10473023727536201,
    "Bone/spine_02/AngVelMagMAE": 0.10145789012312889,
    "Bone/spine_02/AngVelMAE": 0.09806886687874794,
    "Bone/clavicle_l/AngVelMagMAE": 0.11282257735729218,
    "Bone/clavicle_l/AngVelMAE": 0.08796066790819168,
    "Bone/upperarm_l/AngVelMagMAE": 0.2283039540052414,
    "Bone/upperarm_l/AngVelMAE": 0.24075713753700256,
    "Bone/RUpArmTwist_l_01/AngVelMagMAE": 0.0888962559401989,
    "Bone/RUpArmTwist_l_01/AngVelMAE": 0.05059695430099964,
    "Bone/RUpArmTwist_l_02/AngVelMagMAE": 0.06295578554272652,
    "Bone/RUpArmTwist_l_02/AngVelMAE": 0.030619083903729916,
    "Bone/lowerarm_l/AngVelMagMAE": 0.3255710303783417,
    "Bone/lowerarm_l/AngVelMAE": 0.17379236966371536,
    "Bone/L_ForeTwist_01/AngVelMagMAE": 0.039099883288145065,
    "Bone/L_ForeTwist_01/AngVelMAE": 0.015224624890834093,
    "Bone/L_ForeTwist_02/AngVelMagMAE": 0.044461216777563095,
    "Bone/L_ForeTwist_02/AngVelMAE": 0.016333678271621466,
    "Bone/hand_l/AngVelMagMAE": 0.15977832674980164,
    "Bone/hand_l/AngVelMAE": 0.14150384068489075,
    "Bone/index_01_l/AngVelMagMAE": 0.09630263596773148,
    "Bone/index_01_l/AngVelMAE": 0.08576244488358498,
    "Bone/middle_01_l/AngVelMagMAE": 0.07942626252770424,
    "Bone/middle_01_l/AngVelMAE": 0.06186763383448124,
    "Bone/pinky_01_l/AngVelMagMAE": 0.7688224911689758,
    "Bone/pinky_01_l/AngVelMAE": 0.5716870725154877,
    "Bone/ring_01_l/AngVelMagMAE": 0.1369057521224022,
    "Bone/ring_01_l/AngVelMAE": 0.1132872961461544,
    "Bone/thumb_01_l/AngVelMagMAE": 0.4747920036315918,
    "Bone/thumb_01_l/AngVelMAE": 0.39770160615444183,
    "Bone/clavicle_r/AngVelMagMAE": 0.07229680567979813,
    "Bone/clavicle_r/AngVelMAE": 0.07216008752584457,
    "Bone/upperarm_r/AngVelMagMAE": 0.27447763085365295,
    "Bone/upperarm_r/AngVelMAE": 0.25236926227808,
    "Bone/RUpArmTwist_r_01/AngVelMagMAE": 0.14323367178440094,
    "Bone/RUpArmTwist_r_01/AngVelMAE": 0.08800419792532921,
    "Bone/RUpArmTwist_r_02/AngVelMagMAE": 0.08708250150084496,
    "Bone/RUpArmTwist_r_02/AngVelMAE": 0.050492722541093826,
    "Bone/lowerarm_r/AngVelMagMAE": 0.20170341432094574,
    "Bone/lowerarm_r/AngVelMAE": 0.10995745286345482,
    "Bone/R_ForeTwist_01/AngVelMagMAE": 0.04347449354827404,
    "Bone/R_ForeTwist_01/AngVelMAE": 0.021343981847167015,
    "Bone/R_ForeTwist_02/AngVelMagMAE": 0.055847594514489174,
    "Bone/R_ForeTwist_02/AngVelMAE": 0.023726592771708965,
    "Bone/hand_r/AngVelMagMAE": 0.24377360939979553,
    "Bone/hand_r/AngVelMAE": 0.2261222004890442,
    "Bone/index_01_r/AngVelMagMAE": 0.08899493515491486,
    "Bone/index_01_r/AngVelMAE": 0.054711589589715004,
    "Bone/middle_01_r/AngVelMagMAE": 0.07750797271728516,
    "Bone/middle_01_r/AngVelMAE": 0.04676528833806515,
    "Bone/pinky_01_r/AngVelMagMAE": 0.2872594743967056,
    "Bone/pinky_01_r/AngVelMAE": 0.16669577360153198,
    "Bone/ring_01_r/AngVelMagMAE": 0.10106400027871132,
    "Bone/ring_01_r/AngVelMAE": 0.06090133264660835,
    "Bone/thumb_01_r/AngVelMagMAE": 0.3030453622341156,
    "Bone/thumb_01_r/AngVelMAE": 0.2036651372909546,
    "Bone/neck_01/AngVelMagMAE": 0.08916796743869781,
    "Bone/neck_01/AngVelMAE": 0.09109965711832047,
    "Bone/head/AngVelMagMAE": 0.13924801349639893,
    "Bone/head/AngVelMAE": 0.12212910130620003,
    "Bone/thigh_l/AngVelMagMAE": 0.3685811012983322,
    "Bone/thigh_l/AngVelMAE": 0.3319905251264572,
    "Bone/calf_l/AngVelMagMAE": 0.6510941684246063,
    "Bone/calf_l/AngVelMAE": 0.2571832239627838,
    "Bone/LCalfTwist_01/AngVelMagMAE": 0.06883339956402779,
    "Bone/LCalfTwist_01/AngVelMAE": 0.03499704413115978,
    "Bone/LCalfTwist_02/AngVelMagMAE": 0.0677885003387928,
    "Bone/LCalfTwist_02/AngVelMAE": 0.036974404007196426,
    "Bone/LCalfTwist_03/AngVelMagMAE": 0.08394581452012062,
    "Bone/LCalfTwist_03/AngVelMAE": 0.03850713558495045,
    "Bone/foot_l/AngVelMagMAE": 0.5801272988319397,
    "Bone/foot_l/AngVelMAE": 0.3959631621837616,
    "Bone/ball_l/AngVelMagMAE": 0.32702934741973877,
    "Bone/ball_l/AngVelMAE": 0.18546396493911743,
    "Bone/thigh_r/AngVelMagMAE": 0.42810674011707306,
    "Bone/thigh_r/AngVelMAE": 0.34844501316547394,
    "Bone/calf_r/AngVelMagMAE": 0.6589469611644745,
    "Bone/calf_r/AngVelMAE": 0.29260534048080444,
    "Bone/RCalfTwist_01/AngVelMagMAE": 0.07681730762124062,
    "Bone/RCalfTwist_01/AngVelMAE": 0.036950454115867615,
    "Bone/RCalfTwist_02/AngVelMagMAE": 0.07819760590791702,
    "Bone/RCalfTwist_02/AngVelMAE": 0.03698508441448212,
    "Bone/RCalfTwist_03/AngVelMagMAE": 0.09192150086164474,
    "Bone/RCalfTwist_03/AngVelMAE": 0.03960769064724445,
    "Bone/foot_r/AngVelMagMAE": 0.5839442312717438,
    "Bone/foot_r/AngVelMAE": 0.4096226841211319,
    "Bone/ball_r/AngVelMagMAE": 0.5440932810306549,
    "Bone/ball_r/AngVelMAE": 0.2753107249736786,
    "KeyBone/upperarm_l/GeoDeg": 18.06144905090332,
    "KeyBone/upperarm_l/AngVelMAE": 0.24075713753700256,
    "KeyBone/upperarm_l/AngVelMagMAE": 0.2283039540052414,
    "KeyBone/upperarm_l/AngVelMagRel": 0.36945289373397827,
    "KeyBone/upperarm_l/AngVelDirDeg": 90.12932205200195,
    "KeyBone/lowerarm_l/GeoDeg": 11.616697311401367,
    "KeyBone/lowerarm_l/AngVelMAE": 0.17379236966371536,
    "KeyBone/lowerarm_l/AngVelMagMAE": 0.3255710303783417,
    "KeyBone/lowerarm_l/AngVelMagRel": 0.5515795648097992,
    "KeyBone/lowerarm_l/AngVelDirDeg": 89.6189193725586,
    "KeyBone/hand_l/GeoDeg": 12.02197790145874,
    "KeyBone/hand_l/AngVelMAE": 0.14150384068489075,
    "KeyBone/hand_l/AngVelMagMAE": 0.15977832674980164,
    "KeyBone/hand_l/AngVelMagRel": 0.2920083850622177,
    "KeyBone/hand_l/AngVelDirDeg": 90.80428695678711,
    "KeyBone/upperarm_r/GeoDeg": 16.584506034851074,
    "KeyBone/upperarm_r/AngVelMAE": 0.25236926227808,
    "KeyBone/upperarm_r/AngVelMagMAE": 0.27447763085365295,
    "KeyBone/upperarm_r/AngVelMagRel": 0.40563327074050903,
    "KeyBone/upperarm_r/AngVelDirDeg": 90.54441452026367,
    "KeyBone/lowerarm_r/GeoDeg": 14.61635684967041,
    "KeyBone/lowerarm_r/AngVelMAE": 0.10995745286345482,
    "KeyBone/lowerarm_r/AngVelMagMAE": 0.20170341432094574,
    "KeyBone/lowerarm_r/AngVelMagRel": 0.43374374508857727,
    "KeyBone/lowerarm_r/AngVelDirDeg": 90.56590270996094,
    "KeyBone/hand_r/GeoDeg": 16.591073036193848,
    "KeyBone/hand_r/AngVelMAE": 0.2261222004890442,
    "KeyBone/hand_r/AngVelMagMAE": 0.24377360939979553,
    "KeyBone/hand_r/AngVelMagRel": 0.3924828767776489,
    "KeyBone/hand_r/AngVelDirDeg": 90.45119857788086,
    "KeyBone/thigh_l/GeoDeg": 20.299863815307617,
    "KeyBone/thigh_l/AngVelMAE": 0.3319905251264572,
    "KeyBone/thigh_l/AngVelMagMAE": 0.3685811012983322,
    "KeyBone/thigh_l/AngVelMagRel": 0.43355201184749603,
    "KeyBone/thigh_l/AngVelDirDeg": 89.55310821533203,
    "KeyBone/calf_l/GeoDeg": 14.190857410430908,
    "KeyBone/calf_l/AngVelMAE": 0.2571832239627838,
    "KeyBone/calf_l/AngVelMagMAE": 0.6510941684246063,
    "KeyBone/calf_l/AngVelMagRel": 0.7347995936870575,
    "KeyBone/calf_l/AngVelDirDeg": 90.30810165405273,
    "KeyBone/foot_l/GeoDeg": 14.532684803009033,
    "KeyBone/foot_l/AngVelMAE": 0.3959631621837616,
    "KeyBone/foot_l/AngVelMagMAE": 0.5801272988319397,
    "KeyBone/foot_l/AngVelMagRel": 0.5950890779495239,
    "KeyBone/foot_l/AngVelDirDeg": 89.08279418945312,
    "KeyBone/thigh_r/GeoDeg": 18.296189308166504,