{
  "epoch": 33,
  "tag": "valfree",
  "timestamp": "2025-11-04T19:02:42",
  "metrics": {
    "YawAbsDeg": 7.097229242324829,
    "RootVelMAE": 0.11405997723340988,
    "period_abs_mean": 0.8007885217666626,
    "period_abs_std": 0.26232998073101044,
    "GeoDeg": 12.333896160125732,
    "AngVelMAE": 0.1352342590689659,
    "AngVelMagRel": 0.43304526805877686,
    "Bone/pelvis/AngVelMagMAE": 0.1727650687098503,
    "Bone/pelvis/AngVelMAE": 0.13321072608232498,
    "Bone/Bip001/AngVelMagMAE": 1.7791859932003717e-06,
    "Bone/Bip001/AngVelMAE": 8.900820773760643e-07,
    "Bone/spine_01/AngVelMagMAE": 0.10012096539139748,
    "Bone/spine_01/AngVelMAE": 0.10427569225430489,
    "Bone/spine_02/AngVelMagMAE": 0.10088168829679489,
    "Bone/spine_02/AngVelMAE": 0.09277473017573357,
    "Bone/clavicle_l/AngVelMagMAE": 0.0950932539999485,
    "Bone/clavicle_l/AngVelMAE": 0.07720915973186493,
    "Bone/upperarm_l/AngVelMagMAE": 0.23237355053424835,
    "Bone/upperarm_l/AngVelMAE": 0.23299115896224976,
    "Bone/RUpArmTwist_l_01/AngVelMagMAE": 0.09244335442781448,
    "Bone/RUpArmTwist_l_01/AngVelMAE": 0.050537196919322014,
    "Bone/RUpArmTwist_l_02/AngVelMagMAE": 0.06292213499546051,
    "Bone/RUpArmTwist_l_02/AngVelMAE": 0.029940509237349033,
    "Bone/lowerarm_l/AngVelMagMAE": 0.3217061758041382,
    "Bone/lowerarm_l/AngVelMAE": 0.16984126716852188,
    "Bone/L_ForeTwist_01/AngVelMagMAE": 0.032721552066504955,
    "Bone/L_ForeTwist_01/AngVelMAE": 0.012815731577575207,
    "Bone/L_ForeTwist_02/AngVelMagMAE": 0.03801131062209606,
    "Bone/L_ForeTwist_02/AngVelMAE": 0.013913922943174839,
    "Bone/hand_l/AngVelMagMAE": 0.15336645394563675,
    "Bone/hand_l/AngVelMAE": 0.13177824765443802,
    "Bone/index_01_l/AngVelMagMAE": 0.09253377839922905,
    "Bone/index_01_l/AngVelMAE": 0.07509352266788483,
    "Bone/middle_01_l/AngVelMagMAE": 0.07884358987212181,
    "Bone/middle_01_l/AngVelMAE": 0.0562980268150568,
    "Bone/pinky_01_l/AngVelMagMAE": 0.7211901247501373,
    "Bone/pinky_01_l/AngVelMAE": 0.5111190974712372,
    "Bone/ring_01_l/AngVelMagMAE": 0.13722606748342514,
    "Bone/ring_01_l/AngVelMAE": 0.10039280354976654,
    "Bone/thumb_01_l/AngVelMagMAE": 0.4555496871471405,
    "Bone/thumb_01_l/AngVelMAE": 0.3459891676902771,
    "Bone/clavicle_r/AngVelMagMAE": 0.06344841793179512,
    "Bone/clavicle_r/AngVelMAE": 0.0632780734449625,
    "Bone/upperarm_r/AngVelMagMAE": 0.25416164100170135,
    "Bone/upperarm_r/AngVelMAE": 0.23207763582468033,
    "Bone/RUpArmTwist_r_01/AngVelMagMAE": 0.13889867067337036,
    "Bone/RUpArmTwist_r_01/AngVelMAE": 0.08386950939893723,
    "Bone/RUpArmTwist_r_02/AngVelMagMAE": 0.0828021727502346,
    "Bone/RUpArmTwist_r_02/AngVelMAE": 0.046333689242601395,
    "Bone/lowerarm_r/AngVelMagMAE": 0.2006375938653946,
    "Bone/lowerarm_r/AngVelMAE": 0.10512960329651833,
    "Bone/R_ForeTwist_01/AngVelMagMAE": 0.04079141467809677,
    "Bone/R_ForeTwist_01/AngVelMAE": 0.01895466260612011,
    "Bone/R_ForeTwist_02/AngVelMagMAE": 0.05030114762485027,
    "Bone/R_ForeTwist_02/AngVelMAE": 0.02104545757174492,
    "Bone/hand_r/AngVelMagMAE": 0.22415617853403091,
    "Bone/hand_r/AngVelMAE": 0.20638934522867203,
    "Bone/index_01_r/AngVelMagMAE": 0.08211561664938927,
    "Bone/index_01_r/AngVelMAE": 0.048108140006661415,
    "Bone/middle_01_r/AngVelMagMAE": 0.07020353898406029,
    "Bone/middle_01_r/AngVelMAE": 0.04056880064308643,
    "Bone/pinky_01_r/AngVelMagMAE": 0.25069423019886017,
    "Bone/pinky_01_r/AngVelMAE": 0.14133662730455399,
    "Bone/ring_01_r/AngVelMagMAE": 0.08850663155317307,
    "Bone/ring_01_r/AngVelMAE": 0.05154619552195072,
    "Bone/thumb_01_r/AngVelMagMAE": 0.2797253578901291,
    "Bone/thumb_01_r/AngVelMAE": 0.176957905292511,
    "Bone/neck_01/AngVelMagMAE": 0.08630510047078133,
    "Bone/neck_01/AngVelMAE": 0.08517936989665031,
    "Bone/head/AngVelMagMAE": 0.1329232007265091,
    "Bone/head/AngVelMAE": 0.11338067427277565,
    "Bone/thigh_l/AngVelMagMAE": 0.37017542123794556,
    "Bone/thigh_l/AngVelMAE": 0.32139451801776886,
    "Bone/calf_l/AngVelMagMAE": 0.6262580752372742,
    "Bone/calf_l/AngVelMAE": 0.24600429087877274,
    "Bone/LCalfTwist_01/AngVelMagMAE": 0.0656709261238575,
    "Bone/LCalfTwist_01/AngVelMAE": 0.033036889508366585,
    "Bone/LCalfTwist_02/AngVelMagMAE": 0.06243281811475754,
    "Bone/LCalfTwist_02/AngVelMAE": 0.03407841734588146,
    "Bone/LCalfTwist_03/AngVelMagMAE": 0.07802540063858032,
    "Bone/LCalfTwist_03/AngVelMAE": 0.036278260871768,
    "Bone/foot_l/AngVelMagMAE": 0.5578701496124268,
    "Bone/foot_l/AngVelMAE": 0.3735773116350174,
    "Bone/ball_l/AngVelMagMAE": 0.3186469078063965,
    "Bone/ball_l/AngVelMAE": 0.17921055108308792,
    "Bone/thigh_r/AngVelMagMAE": 0.42075106501579285,
    "Bone/thigh_r/AngVelMAE": 0.348857581615448,
    "Bone/calf_r/AngVelMagMAE": 0.7030352354049683,
    "Bone/calf_r/AngVelMAE": 0.3031589537858963,
    "Bone/RCalfTwist_01/AngVelMagMAE": 0.07083836942911148,
    "Bone/RCalfTwist_01/AngVelMAE": 0.033475250005722046,
    "Bone/RCalfTwist_02/AngVelMagMAE": 0.07011552155017853,
    "Bone/RCalfTwist_02/AngVelMAE": 0.033790312707424164,
    "Bone/RCalfTwist_03/AngVelMagMAE": 0.08685397356748581,
    "Bone/RCalfTwist_03/AngVelMAE": 0.036355625838041306,
    "Bone/foot_r/AngVelMagMAE": 0.5973810851573944,
    "Bone/foot_r/AngVelMAE": 0.3979681432247162,
    "Bone/ball_r/AngVelMagMAE": 0.5405077040195465,
    "Bone/ball_r/AngVelMAE": 0.2712527960538864,
    "KeyBone/upperarm_l/GeoDeg": 17.957295417785645,
    "KeyBone/upperarm_l/AngVelMAE": 0.23299115896224976,
    "KeyBone/upperarm_l/AngVelMagMAE": 0.23237355053424835,
    "KeyBone/upperarm_l/AngVelMagRel": 0.38818517327308655,
    "KeyBone/upperarm_l/AngVelDirDeg": 90.42570877075195,
    "KeyBone/lowerarm_l/GeoDeg": 11.565842628479004,
    "KeyBone/lowerarm_l/AngVelMAE": 0.16984126716852188,
    "KeyBone/lowerarm_l/AngVelMagMAE": 0.3217061758041382,
    "KeyBone/lowerarm_l/AngVelMagRel": 0.5652104914188385,
    "KeyBone/lowerarm_l/AngVelDirDeg": 92.47458267211914,
    "KeyBone/hand_l/GeoDeg": 11.077253341674805,
    "KeyBone/hand_l/AngVelMAE": 0.13177824765443802,
    "KeyBone/hand_l/AngVelMagMAE": 0.15336645394563675,
    "KeyBone/hand_l/AngVelMagRel": 0.2963702380657196,
    "KeyBone/hand_l/AngVelDirDeg": 90.66374588012695,
    "KeyBone/upperarm_r/GeoDeg": 14.975155353546143,
    "KeyBone/upperarm_r/AngVelMAE": 0.23207763582468033,
    "KeyBone/upperarm_r/AngVelMagMAE": 0.25416164100170135,
    "KeyBone/upperarm_r/AngVelMagRel": 0.36222490668296814,
    "KeyBone/upperarm_r/AngVelDirDeg": 89.7744026184082,
    "KeyBone/lowerarm_r/GeoDeg": 13.537433624267578,
    "KeyBone/lowerarm_r/AngVelMAE": 0.10512960329651833,
    "KeyBone/lowerarm_r/AngVelMagMAE": 0.2006375938653946,
    "KeyBone/lowerarm_r/AngVelMagRel": 0.47264115512371063,
    "KeyBone/lowerarm_r/AngVelDirDeg": 92.36706161499023,
    "KeyBone/hand_r/GeoDeg": 15.660930633544922,
    "KeyBone/hand_r/AngVelMAE": 0.20638934522867203,
    "KeyBone/hand_r/AngVelMagMAE": 0.22415617853403091,
    "KeyBone/hand_r/AngVelMagRel": 0.364446222782135,
    "KeyBone/hand_r/AngVelDirDeg": 90.75375747680664,
    "KeyBone/thigh_l/GeoDeg": 19.356449127197266,
    "KeyBone/thigh_l/AngVelMAE": 0.32139451801776886,
    "KeyBone/thigh_l/AngVelMagMAE": 0.37017542123794556,
    "KeyBone/thigh_l/AngVelMagRel": 0.4552823603153229,
    "KeyBone/thigh_l/AngVelDirDeg": 90.38945770263672,
    "KeyBone/calf_l/GeoDeg": 13.04461145401001,
    "KeyBone/calf_l/AngVelMAE": 0.24600429087877274,
    "KeyBone/calf_l/AngVelMagMAE": 0.6262580752372742,
    "KeyBone/calf_l/AngVelMagRel": 0.7539665102958679,
    "KeyBone/calf_l/AngVelDirDeg": 88.0594596862793,
    "KeyBone/foot_l/GeoDeg": 13.714125156402588,
    "KeyBone/foot_l/AngVelMAE": 0.3735773116350174,
    "KeyBone/foot_l/AngVelMagMAE": 0.5578701496124268,
    "KeyBone/foot_l/AngVelMagRel": 0.585507333278656,
    "KeyBone/foot_l/AngVelDirDeg": 90.25102233886719,
    "KeyBone/thigh_r/GeoDeg": 18.803213119506836,