{
  "epoch": 42,
  "tag": "valfree",
  "timestamp": "2025-11-04T20:14:38",
  "metrics": {
    "YawAbsDeg": 11.314298629760742,
    "RootVelMAE": 0.12761379405856133,
    "period_abs_mean": 0.8245652318000793,
    "period_abs_std": 0.25351279973983765,
    "GeoDeg": 13.900585174560547,
    "AngVelMAE": 0.14359398931264877,
    "AngVelMagRel": 0.4477895498275757,
    "Bone/pelvis/AngVelMagMAE": 0.16573453694581985,
    "Bone/pelvis/AngVelMAE": 0.12399724498391151,
    "Bone/Bip001/AngVelMagMAE": 1.597076732196001e-06,
    "Bone/Bip001/AngVelMAE": 8.006562381979165e-07,
    "Bone/spine_01/AngVelMagMAE": 0.1109192781150341,
    "Bone/spine_01/AngVelMAE": 0.10431664437055588,
    "Bone/spine_02/AngVelMagMAE": 0.1261560618877411,
    "Bone/spine_02/AngVelMAE": 0.10396365448832512,
    "Bone/clavicle_l/AngVelMagMAE": 0.12659741565585136,
    "Bone/clavicle_l/AngVelMAE": 0.08795643597841263,
    "Bone/upperarm_l/AngVelMagMAE": 0.2529689371585846,
    "Bone/upperarm_l/AngVelMAE": 0.23200789093971252,
    "Bone/RUpArmTwist_l_01/AngVelMagMAE": 0.09223731979727745,
    "Bone/RUpArmTwist_l_01/AngVelMAE": 0.05053415521979332,
    "Bone/RUpArmTwist_l_02/AngVelMagMAE": 0.06359739601612091,
    "Bone/RUpArmTwist_l_02/AngVelMAE": 0.029948778450489044,
    "Bone/lowerarm_l/AngVelMagMAE": 0.3341077119112015,
    "Bone/lowerarm_l/AngVelMAE": 0.17195618897676468,
    "Bone/L_ForeTwist_01/AngVelMagMAE": 0.04030003398656845,
    "Bone/L_ForeTwist_01/AngVelMAE": 0.015529287979006767,
    "Bone/L_ForeTwist_02/AngVelMagMAE": 0.04536160081624985,
    "Bone/L_ForeTwist_02/AngVelMAE": 0.01634022733196616,
    "Bone/hand_l/AngVelMagMAE": 0.16814690828323364,
    "Bone/hand_l/AngVelMAE": 0.1372581422328949,
    "Bone/index_01_l/AngVelMagMAE": 0.0861264131963253,
    "Bone/index_01_l/AngVelMAE": 0.07944969460368156,
    "Bone/middle_01_l/AngVelMagMAE": 0.07222900539636612,
    "Bone/middle_01_l/AngVelMAE": 0.05795878730714321,
    "Bone/pinky_01_l/AngVelMagMAE": 0.7388333380222321,
    "Bone/pinky_01_l/AngVelMAE": 0.5647067427635193,
    "Bone/ring_01_l/AngVelMagMAE": 0.13229671120643616,
    "Bone/ring_01_l/AngVelMAE": 0.10636839270591736,
    "Bone/thumb_01_l/AngVelMagMAE": 0.42327144742012024,
    "Bone/thumb_01_l/AngVelMAE": 0.36213405430316925,
    "Bone/clavicle_r/AngVelMagMAE": 0.08151720091700554,
    "Bone/clavicle_r/AngVelMAE": 0.07165271788835526,
    "Bone/upperarm_r/AngVelMagMAE": 0.3037108927965164,
    "Bone/upperarm_r/AngVelMAE": 0.2546616196632385,
    "Bone/RUpArmTwist_r_01/AngVelMagMAE": 0.14552940428256989,
    "Bone/RUpArmTwist_r_01/AngVelMAE": 0.0867459699511528,
    "Bone/RUpArmTwist_r_02/AngVelMagMAE": 0.08535956963896751,
    "Bone/RUpArmTwist_r_02/AngVelMAE": 0.04743640124797821,
    "Bone/lowerarm_r/AngVelMagMAE": 0.21657856553792953,
    "Bone/lowerarm_r/AngVelMAE": 0.11177613586187363,
    "Bone/R_ForeTwist_01/AngVelMagMAE": 0.04628275893628597,
    "Bone/R_ForeTwist_01/AngVelMAE": 0.02149649988859892,
    "Bone/R_ForeTwist_02/AngVelMagMAE": 0.05644160136580467,
    "Bone/R_ForeTwist_02/AngVelMAE": 0.023600613698363304,
    "Bone/hand_r/AngVelMagMAE": 0.25103580951690674,
    "Bone/hand_r/AngVelMAE": 0.2218092828989029,
    "Bone/index_01_r/AngVelMagMAE": 0.10185334458947182,
    "Bone/index_01_r/AngVelMAE": 0.059589020907878876,
    "Bone/middle_01_r/AngVelMagMAE": 0.08873087912797928,
    "Bone/middle_01_r/AngVelMAE": 0.05190802365541458,
    "Bone/pinky_01_r/AngVelMagMAE": 0.3162892758846283,
    "Bone/pinky_01_r/AngVelMAE": 0.17898984998464584,
    "Bone/ring_01_r/AngVelMagMAE": 0.11340256035327911,
    "Bone/ring_01_r/AngVelMAE": 0.06669916212558746,
    "Bone/thumb_01_r/AngVelMagMAE": 0.3217640370130539,
    "Bone/thumb_01_r/AngVelMAE": 0.21201025694608688,
    "Bone/neck_01/AngVelMagMAE": 0.10892670601606369,
    "Bone/neck_01/AngVelMAE": 0.09411273524165154,
    "Bone/head/AngVelMagMAE": 0.16711407899856567,
    "Bone/head/AngVelMAE": 0.12725236639380455,
    "Bone/thigh_l/AngVelMagMAE": 0.40776170790195465,
    "Bone/thigh_l/AngVelMAE": 0.32996268570423126,
    "Bone/calf_l/AngVelMagMAE": 0.7331092357635498,
    "Bone/calf_l/AngVelMAE": 0.2783801257610321,
    "Bone/LCalfTwist_01/AngVelMagMAE": 0.07493170723319054,
    "Bone/LCalfTwist_01/AngVelMAE": 0.035408927127718925,
    "Bone/LCalfTwist_02/AngVelMagMAE": 0.07006368413567543,
    "Bone/LCalfTwist_02/AngVelMAE": 0.0363773126155138,
    "Bone/LCalfTwist_03/AngVelMagMAE": 0.08460741490125656,
    "Bone/LCalfTwist_03/AngVelMAE": 0.03828010708093643,
    "Bone/foot_l/AngVelMagMAE": 0.651548832654953,
    "Bone/foot_l/AngVelMAE": 0.40679629147052765,
    "Bone/ball_l/AngVelMagMAE": 0.32936549186706543,
    "Bone/ball_l/AngVelMAE": 0.1823403462767601,
    "Bone/thigh_r/AngVelMagMAE": 0.46132005751132965,
    "Bone/thigh_r/AngVelMAE": 0.35057464241981506,
    "Bone/calf_r/AngVelMagMAE": 0.6197231709957123,
    "Bone/calf_r/AngVelMAE": 0.2659524083137512,
    "Bone/RCalfTwist_01/AngVelMagMAE": 0.08137422427535057,
    "Bone/RCalfTwist_01/AngVelMAE": 0.03738211467862129,
    "Bone/RCalfTwist_02/AngVelMagMAE": 0.08383512869477272,
    "Bone/RCalfTwist_02/AngVelMAE": 0.03782734461128712,
    "Bone/RCalfTwist_03/AngVelMagMAE": 0.09493207558989525,
    "Bone/RCalfTwist_03/AngVelMAE": 0.03928508050739765,
    "Bone/foot_r/AngVelMagMAE": 0.635117769241333,
    "Bone/foot_r/AngVelMAE": 0.41221876442432404,
    "Bone/ball_r/AngVelMagMAE": 0.5641091167926788,
    "Bone/ball_r/AngVelMAE": 0.28036947548389435,
    "KeyBone/upperarm_l/GeoDeg": 17.82987117767334,
    "KeyBone/upperarm_l/AngVelMAE": 0.23200789093971252,
    "KeyBone/upperarm_l/AngVelMagMAE": 0.2529689371585846,
    "KeyBone/upperarm_l/AngVelMagRel": 0.4376562088727951,
    "KeyBone/upperarm_l/AngVelDirDeg": 90.36989212036133,
    "KeyBone/lowerarm_l/GeoDeg": 11.336053848266602,
    "KeyBone/lowerarm_l/AngVelMAE": 0.17195618897676468,
    "KeyBone/lowerarm_l/AngVelMagMAE": 0.3341077119112015,
    "KeyBone/lowerarm_l/AngVelMagRel": 0.5845597684383392,
    "KeyBone/lowerarm_l/AngVelDirDeg": 89.91051483154297,
    "KeyBone/hand_l/GeoDeg": 11.931474685668945,
    "KeyBone/hand_l/AngVelMAE": 0.1372581422328949,
    "KeyBone/hand_l/AngVelMagMAE": 0.16814690828323364,
    "KeyBone/hand_l/AngVelMagRel": 0.33540400862693787,
    "KeyBone/hand_l/AngVelDirDeg": 89.91531753540039,
    "KeyBone/upperarm_r/GeoDeg": 18.868342399597168,
    "KeyBone/upperarm_r/AngVelMAE": 0.2546616196632385,
    "KeyBone/upperarm_r/AngVelMagMAE": 0.3037108927965164,
    "KeyBone/upperarm_r/AngVelMagRel": 0.4675178676843643,
    "KeyBone/upperarm_r/AngVelDirDeg": 90.09688949584961,
    "KeyBone/lowerarm_r/GeoDeg": 15.25760793685913,
    "KeyBone/lowerarm_r/AngVelMAE": 0.11177613586187363,
    "KeyBone/lowerarm_r/AngVelMagMAE": 0.21657856553792953,
    "KeyBone/lowerarm_r/AngVelMagRel": 0.47496646642684937,
    "KeyBone/lowerarm_r/AngVelDirDeg": 92.24152374267578,
    "KeyBone/hand_r/GeoDeg": 16.843229293823242,
    "KeyBone/hand_r/AngVelMAE": 0.2218092828989029,
    "KeyBone/hand_r/AngVelMagMAE": 0.25103580951690674,
    "KeyBone/hand_r/AngVelMagRel": 0.40397128462791443,
    "KeyBone/hand_r/AngVelDirDeg": 89.84351348876953,
    "KeyBone/thigh_l/GeoDeg": 21.617305755615234,
    "KeyBone/thigh_l/AngVelMAE": 0.32996268570423126,
    "KeyBone/thigh_l/AngVelMagMAE": 0.40776170790195465,
    "KeyBone/thigh_l/AngVelMagRel": 0.5215072333812714,
    "KeyBone/thigh_l/AngVelDirDeg": 90.56298065185547,
    "KeyBone/calf_l/GeoDeg": 14.843973159790039,
    "KeyBone/calf_l/AngVelMAE": 0.2783801257610321,
    "KeyBone/calf_l/AngVelMagMAE": 0.7331092357635498,
    "KeyBone/calf_l/AngVelMagRel": 0.8437134623527527,
    "KeyBone/calf_l/AngVelDirDeg": 87.25793838500977,
    "KeyBone/foot_l/GeoDeg": 16.160641193389893,
    "KeyBone/foot_l/AngVelMAE": 0.40679629147052765,
    "KeyBone/foot_l/AngVelMagMAE": 0.651548832654953,
    "KeyBone/foot_l/AngVelMagRel": 0.7106754779815674,
    "KeyBone/foot_l/AngVelDirDeg": 90.01087188720703,
    "KeyBone/thigh_r/GeoDeg": 18.278514862060547,