{
  "epoch": 13,
  "tag": "valfree",
  "timestamp": "2025-11-04T14:35:33",
  "metrics": {
    "YawAbsDeg": 10.296456813812256,
    "RootVelMAE": 0.1326822191476822,
    "period_abs_mean": 0.8208431303501129,
    "period_abs_std": 0.2540525645017624,
    "GeoDeg": 12.740933895111084,
    "AngVelMAE": 0.2239086553454399,
    "AngVelMagRel": 0.35956521332263947,
    "Bone/pelvis/AngVelMagMAE": 0.17636779695749283,
    "Bone/pelvis/AngVelMAE": 0.20024051517248154,
    "Bone/Bip001/AngVelMagMAE": 5.6247647535201395e-06,
    "Bone/Bip001/AngVelMAE": 2.810372166095476e-06,
    "Bone/spine_01/AngVelMagMAE": 0.1889304220676422,
    "Bone/spine_01/AngVelMAE": 0.19416377693414688,
    "Bone/spine_02/AngVelMagMAE": 0.17782896757125854,
    "Bone/spine_02/AngVelMAE": 0.17369675636291504,
    "Bone/clavicle_l/AngVelMagMAE": 0.1505618765950203,
    "Bone/clavicle_l/AngVelMAE": 0.13741743564605713,
    "Bone/upperarm_l/AngVelMagMAE": 0.34970806539058685,
    "Bone/upperarm_l/AngVelMAE": 0.4069371223449707,
    "Bone/RUpArmTwist_l_01/AngVelMagMAE": 0.13999546319246292,
    "Bone/RUpArmTwist_l_01/AngVelMAE": 0.08859346061944962,
    "Bone/RUpArmTwist_l_02/AngVelMagMAE": 0.09880455210804939,
    "Bone/RUpArmTwist_l_02/AngVelMAE": 0.05228247679769993,
    "Bone/lowerarm_l/AngVelMagMAE": 0.48154057562351227,
    "Bone/lowerarm_l/AngVelMAE": 0.29562200605869293,
    "Bone/L_ForeTwist_01/AngVelMagMAE": 0.03828049264848232,
    "Bone/L_ForeTwist_01/AngVelMAE": 0.01839583646506071,
    "Bone/L_ForeTwist_02/AngVelMagMAE": 0.048915328457951546,
    "Bone/L_ForeTwist_02/AngVelMAE": 0.01970580779016018,
    "Bone/hand_l/AngVelMagMAE": 0.1961013376712799,
    "Bone/hand_l/AngVelMAE": 0.2088228017091751,
    "Bone/index_01_l/AngVelMagMAE": 0.26892155408859253,
    "Bone/index_01_l/AngVelMAE": 0.18393349647521973,
    "Bone/middle_01_l/AngVelMagMAE": 0.20964575558900833,
    "Bone/middle_01_l/AngVelMAE": 0.13218944519758224,
    "Bone/pinky_01_l/AngVelMagMAE": 1.230059802532196,
    "Bone/pinky_01_l/AngVelMAE": 0.9201944768428802,
    "Bone/ring_01_l/AngVelMagMAE": 0.3335575610399246,
    "Bone/ring_01_l/AngVelMAE": 0.2385094165802002,
    "Bone/thumb_01_l/AngVelMagMAE": 1.4339913129806519,
    "Bone/thumb_01_l/AngVelMAE": 0.918595165014267,
    "Bone/clavicle_r/AngVelMagMAE": 0.15094293653964996,
    "Bone/clavicle_r/AngVelMAE": 0.13554345816373825,
    "Bone/upperarm_r/AngVelMagMAE": 0.3146585524082184,
    "Bone/upperarm_r/AngVelMAE": 0.37096109986305237,
    "Bone/RUpArmTwist_r_01/AngVelMagMAE": 0.35856689512729645,
    "Bone/RUpArmTwist_r_01/AngVelMAE": 0.19248928874731064,
    "Bone/RUpArmTwist_r_02/AngVelMagMAE": 0.17481767386198044,
    "Bone/RUpArmTwist_r_02/AngVelMAE": 0.09490705281496048,
    "Bone/lowerarm_r/AngVelMagMAE": 0.23326969146728516,
    "Bone/lowerarm_r/AngVelMAE": 0.15196014195680618,
    "Bone/R_ForeTwist_01/AngVelMagMAE": 0.059412600472569466,
    "Bone/R_ForeTwist_01/AngVelMAE": 0.03311404027044773,
    "Bone/R_ForeTwist_02/AngVelMagMAE": 0.06982369720935822,
    "Bone/R_ForeTwist_02/AngVelMAE": 0.03530479036271572,
    "Bone/hand_r/AngVelMagMAE": 0.37339265644550323,
    "Bone/hand_r/AngVelMAE": 0.35965926945209503,
    "Bone/index_01_r/AngVelMagMAE": 0.08836863934993744,
    "Bone/index_01_r/AngVelMAE": 0.07310115173459053,
    "Bone/middle_01_r/AngVelMagMAE": 0.07232283800840378,
    "Bone/middle_01_r/AngVelMAE": 0.06278232671320438,
    "Bone/pinky_01_r/AngVelMagMAE": 0.2563651204109192,
    "Bone/pinky_01_r/AngVelMAE": 0.19208351522684097,
    "Bone/ring_01_r/AngVelMagMAE": 0.09042702615261078,
    "Bone/ring_01_r/AngVelMAE": 0.0752890482544899,
    "Bone/thumb_01_r/AngVelMagMAE": 0.3380276560783386,
    "Bone/thumb_01_r/AngVelMAE": 0.28377245366573334,
    "Bone/neck_01/AngVelMagMAE": 0.16075100004673004,
    "Bone/neck_01/AngVelMAE": 0.16604065150022507,
    "Bone/head/AngVelMagMAE": 0.15679635107517242,
    "Bone/head/AngVelMAE": 0.18235984444618225,
    "Bone/thigh_l/AngVelMagMAE": 0.5968802571296692,
    "Bone/thigh_l/AngVelMAE": 0.5632222294807434,
    "Bone/calf_l/AngVelMagMAE": 0.6594741940498352,
    "Bone/calf_l/AngVelMAE": 0.3037405163049698,
    "Bone/LCalfTwist_01/AngVelMagMAE": 0.08865206688642502,
    "Bone/LCalfTwist_01/AngVelMAE": 0.05525340512394905,
    "Bone/LCalfTwist_02/AngVelMagMAE": 0.08612411469221115,
    "Bone/LCalfTwist_02/AngVelMAE": 0.05354681983590126,
    "Bone/LCalfTwist_03/AngVelMagMAE": 0.10739027336239815,
    "Bone/LCalfTwist_03/AngVelMAE": 0.06187210790812969,
    "Bone/foot_l/AngVelMagMAE": 0.5280687510967255,
    "Bone/foot_l/AngVelMAE": 0.5196357071399689,
    "Bone/ball_l/AngVelMagMAE": 0.344144806265831,
    "Bone/ball_l/AngVelMAE": 0.24916023761034012,
    "Bone/thigh_r/AngVelMagMAE": 0.4650349020957947,
    "Bone/thigh_r/AngVelMAE": 0.49726584553718567,
    "Bone/calf_r/AngVelMagMAE": 0.683220773935318,
    "Bone/calf_r/AngVelMAE": 0.3814128637313843,
    "Bone/RCalfTwist_01/AngVelMagMAE": 0.0870584025979042,
    "Bone/RCalfTwist_01/AngVelMAE": 0.051507726311683655,
    "Bone/RCalfTwist_02/AngVelMagMAE": 0.09232661873102188,
    "Bone/RCalfTwist_02/AngVelMAE": 0.05490346811711788,
    "Bone/RCalfTwist_03/AngVelMagMAE": 0.09862726181745529,
    "Bone/RCalfTwist_03/AngVelMAE": 0.05431045964360237,
    "Bone/foot_r/AngVelMagMAE": 0.4620288908481598,
    "Bone/foot_r/AngVelMAE": 0.5355775952339172,
    "Bone/ball_r/AngVelMagMAE": 0.48138427734375,
    "Bone/ball_r/AngVelMAE": 0.3197179585695267,
    "KeyBone/upperarm_l/GeoDeg": 17.23593044281006,
    "KeyBone/upperarm_l/AngVelMAE": 0.4069371223449707,
    "KeyBone/upperarm_l/AngVelMagMAE": 0.34970806539058685,
    "KeyBone/upperarm_l/AngVelMagRel": 0.3665930926799774,
    "KeyBone/upperarm_l/AngVelDirDeg": 90.603515625,
    "KeyBone/lowerarm_l/GeoDeg": 11.59968090057373,
    "KeyBone/lowerarm_l/AngVelMAE": 0.29562200605869293,
    "KeyBone/lowerarm_l/AngVelMagMAE": 0.48154057562351227,
    "KeyBone/lowerarm_l/AngVelMagRel": 0.5040239691734314,
    "KeyBone/lowerarm_l/AngVelDirDeg": 89.30066299438477,
    "KeyBone/hand_l/GeoDeg": 10.766215801239014,
    "KeyBone/hand_l/AngVelMAE": 0.2088228017091751,
    "KeyBone/hand_l/AngVelMagMAE": 0.1961013376712799,
    "KeyBone/hand_l/AngVelMagRel": 0.31494109332561493,
    "KeyBone/hand_l/AngVelDirDeg": 90.64430236816406,
    "KeyBone/upperarm_r/GeoDeg": 17.963139533996582,
    "KeyBone/upperarm_r/AngVelMAE": 0.37096109986305237,
    "KeyBone/upperarm_r/AngVelMagMAE": 0.3146585524082184,
    "KeyBone/upperarm_r/AngVelMagRel": 0.36528104543685913,
    "KeyBone/upperarm_r/AngVelDirDeg": 89.58332824707031,
    "KeyBone/lowerarm_r/GeoDeg": 13.841891765594482,
    "KeyBone/lowerarm_r/AngVelMAE": 0.15196014195680618,
    "KeyBone/lowerarm_r/AngVelMagMAE": 0.23326969146728516,
    "KeyBone/lowerarm_r/AngVelMagRel": 0.3704734295606613,
    "KeyBone/lowerarm_r/AngVelDirDeg": 90.49009704589844,
    "KeyBone/hand_r/GeoDeg": 15.935377597808838,
    "KeyBone/hand_r/AngVelMAE": 0.35965926945209503,
    "KeyBone/hand_r/AngVelMagMAE": 0.37339265644550323,
    "KeyBone/hand_r/AngVelMagRel": 0.4246179163455963,
    "KeyBone/hand_r/AngVelDirDeg": 90.2804183959961,
    "KeyBone/thigh_l/GeoDeg": 20.676384925842285,
    "KeyBone/thigh_l/AngVelMAE": 0.5632222294807434,
    "KeyBone/thigh_l/AngVelMagMAE": 0.5968802571296692,
    "KeyBone/thigh_l/AngVelMagRel": 0.44913844764232635,
    "KeyBone/thigh_l/AngVelDirDeg": 90.21625900268555,
    "KeyBone/calf_l/GeoDeg": 13.649633884429932,
    "KeyBone/calf_l/AngVelMAE": 0.3037405163049698,
    "KeyBone/calf_l/AngVelMagMAE": 0.6594741940498352,
    "KeyBone/calf_l/AngVelMagRel": 0.6113217771053314,
    "KeyBone/calf_l/AngVelDirDeg": 92.73223495483398,
    "KeyBone/foot_l/GeoDeg": 15.684748649597168,
    "KeyBone/foot_l/AngVelMAE": 0.5196357071399689,
    "KeyBone/foot_l/AngVelMagMAE": 0.5280687510967255,
    "KeyBone/foot_l/AngVelMagRel": 0.4508230537176132,
    "KeyBone/foot_l/AngVelDirDeg": 90.21422958374023,
    "KeyBone/thigh_r/GeoDeg": 19.04104709625244,