{
  "epoch": 17,
  "tag": "valfree",
  "timestamp": "2025-11-04T15:07:18",
  "metrics": {
    "YawAbsDeg": 7.404270887374878,
    "RootVelMAE": 0.12473491206765175,
    "period_abs_mean": 0.8139689564704895,
    "period_abs_std": 0.25766877830028534,
    "GeoDeg": 12.72627067565918,
    "AngVelMAE": 0.16363982111215591,
    "AngVelMagRel": 0.3392961770296097,
    "Bone/pelvis/AngVelMagMAE": 0.14367035031318665,
    "Bone/pelvis/AngVelMAE": 0.16017749160528183,
    "Bone/Bip001/AngVelMagMAE": 3.214026264686254e-06,
    "Bone/Bip001/AngVelMAE": 1.6034823033805878e-06,
    "Bone/spine_01/AngVelMagMAE": 0.10374590381979942,
    "Bone/spine_01/AngVelMAE": 0.1342250108718872,
    "Bone/spine_02/AngVelMagMAE": 0.11983045190572739,
    "Bone/spine_02/AngVelMAE": 0.12530621513724327,
    "Bone/clavicle_l/AngVelMagMAE": 0.09344640374183655,
    "Bone/clavicle_l/AngVelMAE": 0.09215495735406876,
    "Bone/upperarm_l/AngVelMagMAE": 0.1944086030125618,
    "Bone/upperarm_l/AngVelMAE": 0.2799166887998581,
    "Bone/RUpArmTwist_l_01/AngVelMagMAE": 0.0943434126675129,
    "Bone/RUpArmTwist_l_01/AngVelMAE": 0.06261480413377285,
    "Bone/RUpArmTwist_l_02/AngVelMagMAE": 0.07211242243647575,
    "Bone/RUpArmTwist_l_02/AngVelMAE": 0.037473566830158234,
    "Bone/lowerarm_l/AngVelMagMAE": 0.3099013864994049,
    "Bone/lowerarm_l/AngVelMAE": 0.20109637081623077,
    "Bone/L_ForeTwist_01/AngVelMagMAE": 0.03116102609783411,
    "Bone/L_ForeTwist_01/AngVelMAE": 0.013740750029683113,
    "Bone/L_ForeTwist_02/AngVelMagMAE": 0.03823763132095337,
    "Bone/L_ForeTwist_02/AngVelMAE": 0.014856570865958929,
    "Bone/hand_l/AngVelMagMAE": 0.14352215081453323,
    "Bone/hand_l/AngVelMAE": 0.15427713841199875,
    "Bone/index_01_l/AngVelMagMAE": 0.1444551944732666,
    "Bone/index_01_l/AngVelMAE": 0.10856923088431358,
    "Bone/middle_01_l/AngVelMagMAE": 0.12002938985824585,
    "Bone/middle_01_l/AngVelMAE": 0.08264857158064842,
    "Bone/pinky_01_l/AngVelMagMAE": 0.9211281836032867,
    "Bone/pinky_01_l/AngVelMAE": 0.6586579978466034,
    "Bone/ring_01_l/AngVelMagMAE": 0.19687970727682114,
    "Bone/ring_01_l/AngVelMAE": 0.1471160724759102,
    "Bone/thumb_01_l/AngVelMagMAE": 0.8034738004207611,
    "Bone/thumb_01_l/AngVelMAE": 0.5509040355682373,
    "Bone/clavicle_r/AngVelMagMAE": 0.08728634566068649,
    "Bone/clavicle_r/AngVelMAE": 0.09090607613325119,
    "Bone/upperarm_r/AngVelMagMAE": 0.22299467027187347,
    "Bone/upperarm_r/AngVelMAE": 0.2734318822622299,
    "Bone/RUpArmTwist_r_01/AngVelMagMAE": 0.18542224168777466,
    "Bone/RUpArmTwist_r_01/AngVelMAE": 0.11384521797299385,
    "Bone/RUpArmTwist_r_02/AngVelMagMAE": 0.10534654185175896,
    "Bone/RUpArmTwist_r_02/AngVelMAE": 0.06159632094204426,
    "Bone/lowerarm_r/AngVelMagMAE": 0.19049154967069626,
    "Bone/lowerarm_r/AngVelMAE": 0.12212864682078362,
    "Bone/R_ForeTwist_01/AngVelMagMAE": 0.04353303276002407,
    "Bone/R_ForeTwist_01/AngVelMAE": 0.02340444177389145,
    "Bone/R_ForeTwist_02/AngVelMagMAE": 0.056115150451660156,
    "Bone/R_ForeTwist_02/AngVelMAE": 0.025867173448204994,
    "Bone/hand_r/AngVelMagMAE": 0.22223864495754242,
    "Bone/hand_r/AngVelMAE": 0.24324043095111847,
    "Bone/index_01_r/AngVelMagMAE": 0.08388309925794601,
    "Bone/index_01_r/AngVelMAE": 0.05558859743177891,
    "Bone/middle_01_r/AngVelMagMAE": 0.07291153445839882,
    "Bone/middle_01_r/AngVelMAE": 0.048306871205568314,
    "Bone/pinky_01_r/AngVelMagMAE": 0.23000353574752808,
    "Bone/pinky_01_r/AngVelMAE": 0.1460641473531723,
    "Bone/ring_01_r/AngVelMagMAE": 0.08464726433157921,
    "Bone/ring_01_r/AngVelMAE": 0.05642920359969139,
    "Bone/thumb_01_r/AngVelMagMAE": 0.2834925502538681,
    "Bone/thumb_01_r/AngVelMAE": 0.20063625276088715,
    "Bone/neck_01/AngVelMagMAE": 0.09676895290613174,
    "Bone/neck_01/AngVelMAE": 0.11466740816831589,
    "Bone/head/AngVelMagMAE": 0.12118697538971901,
    "Bone/head/AngVelMAE": 0.1350613757967949,
    "Bone/thigh_l/AngVelMagMAE": 0.3594895005226135,
    "Bone/thigh_l/AngVelMAE": 0.39576153457164764,
    "Bone/calf_l/AngVelMagMAE": 0.7200888097286224,
    "Bone/calf_l/AngVelMAE": 0.29915955662727356,
    "Bone/LCalfTwist_01/AngVelMagMAE": 0.0647725872695446,
    "Bone/LCalfTwist_01/AngVelMAE": 0.03897163085639477,
    "Bone/LCalfTwist_02/AngVelMagMAE": 0.06466756016016006,
    "Bone/LCalfTwist_02/AngVelMAE": 0.03998202458024025,
    "Bone/LCalfTwist_03/AngVelMagMAE": 0.08027028292417526,
    "Bone/LCalfTwist_03/AngVelMAE": 0.04321875050663948,
    "Bone/foot_l/AngVelMagMAE": 0.5095224678516388,
    "Bone/foot_l/AngVelMAE": 0.4315703809261322,
    "Bone/ball_l/AngVelMagMAE": 0.33780016005039215,
    "Bone/ball_l/AngVelMAE": 0.21201951056718826,
    "Bone/thigh_r/AngVelMagMAE": 0.37108689546585083,
    "Bone/thigh_r/AngVelMAE": 0.39450791478157043,
    "Bone/calf_r/AngVelMagMAE": 0.6122069358825684,
    "Bone/calf_r/AngVelMAE": 0.3098500370979309,
    "Bone/RCalfTwist_01/AngVelMagMAE": 0.0665847584605217,
    "Bone/RCalfTwist_01/AngVelMAE": 0.037392934784293175,
    "Bone/RCalfTwist_02/AngVelMagMAE": 0.06678228452801704,
    "Bone/RCalfTwist_02/AngVelMAE": 0.038272179663181305,
    "Bone/RCalfTwist_03/AngVelMagMAE": 0.08217423036694527,
    "Bone/RCalfTwist_03/AngVelMAE": 0.0419630091637373,
    "Bone/foot_r/AngVelMagMAE": 0.48864932358264923,
    "Bone/foot_r/AngVelMAE": 0.42797553539276123,
    "Bone/ball_r/AngVelMagMAE": 0.4966081380844116,
    "Bone/ball_r/AngVelMAE": 0.28187552094459534,
    "KeyBone/upperarm_l/GeoDeg": 18.36256217956543,
    "KeyBone/upperarm_l/AngVelMAE": 0.2799166887998581,
    "KeyBone/upperarm_l/AngVelMagMAE": 0.1944086030125618,
    "KeyBone/upperarm_l/AngVelMagRel": 0.2712861895561218,
    "KeyBone/upperarm_l/AngVelDirDeg": 90.69994735717773,
    "KeyBone/lowerarm_l/GeoDeg": 10.893495559692383,
    "KeyBone/lowerarm_l/AngVelMAE": 0.20109637081623077,
    "KeyBone/lowerarm_l/AngVelMagMAE": 0.3099013864994049,
    "KeyBone/lowerarm_l/AngVelMagRel": 0.42858730256557465,
    "KeyBone/lowerarm_l/AngVelDirDeg": 91.67485809326172,
    "KeyBone/hand_l/GeoDeg": 11.277560710906982,
    "KeyBone/hand_l/AngVelMAE": 0.15427713841199875,
    "KeyBone/hand_l/AngVelMagMAE": 0.14352215081453323,
    "KeyBone/hand_l/AngVelMagRel": 0.2599017322063446,
    "KeyBone/hand_l/AngVelDirDeg": 90.09007263183594,
    "KeyBone/upperarm_r/GeoDeg": 16.607879638671875,
    "KeyBone/upperarm_r/AngVelMAE": 0.2734318822622299,
    "KeyBone/upperarm_r/AngVelMagMAE": 0.22299467027187347,
    "KeyBone/upperarm_r/AngVelMagRel": 0.29761365056037903,
    "KeyBone/upperarm_r/AngVelDirDeg": 91.25312805175781,
    "KeyBone/lowerarm_r/GeoDeg": 14.091033935546875,
    "KeyBone/lowerarm_r/AngVelMAE": 0.12212864682078362,
    "KeyBone/lowerarm_r/AngVelMagMAE": 0.19049154967069626,
    "KeyBone/lowerarm_r/AngVelMagRel": 0.3618328124284744,
    "KeyBone/lowerarm_r/AngVelDirDeg": 90.36148071289062,
    "KeyBone/hand_r/GeoDeg": 15.175474643707275,
    "KeyBone/hand_r/AngVelMAE": 0.24324043095111847,
    "KeyBone/hand_r/AngVelMagMAE": 0.22223864495754242,
    "KeyBone/hand_r/AngVelMagRel": 0.3231412321329117,
    "KeyBone/hand_r/AngVelDirDeg": 89.90130996704102,
    "KeyBone/thigh_l/GeoDeg": 20.224803924560547,
    "KeyBone/thigh_l/AngVelMAE": 0.39576153457164764,
    "KeyBone/thigh_l/AngVelMagMAE": 0.3594895005226135,
    "KeyBone/thigh_l/AngVelMagRel": 0.35188573598861694,
    "KeyBone/thigh_l/AngVelDirDeg": 89.77653884887695,
    "KeyBone/calf_l/GeoDeg": 13.860837459564209,
    "KeyBone/calf_l/AngVelMAE": 0.29915955662727356,
    "KeyBone/calf_l/AngVelMagMAE": 0.7200888097286224,
    "KeyBone/calf_l/AngVelMagRel": 0.6724539697170258,
    "KeyBone/calf_l/AngVelDirDeg": 90.05380249023438,
    "KeyBone/foot_l/GeoDeg": 15.470548629760742,
    "KeyBone/foot_l/AngVelMAE": 0.4315703809261322,
    "KeyBone/foot_l/AngVelMagMAE": 0.5095224678516388,
    "KeyBone/foot_l/AngVelMagRel": 0.45819395780563354,
    "KeyBone/foot_l/AngVelDirDeg": 90.62847518920898,
    "KeyBone/thigh_r/GeoDeg": 19.00378704071045,