{
  "epoch": 41,
  "tag": "valfree",
  "timestamp": "2025-11-04T20:06:32",
  "metrics": {
    "YawAbsDeg": 8.846292495727539,
    "RootVelMAE": 0.11510417237877846,
    "period_abs_mean": 0.8071011006832123,
    "period_abs_std": 0.2600044012069702,
    "GeoDeg": 12.908556938171387,
    "AngVelMAE": 0.13790488988161087,
    "AngVelMagRel": 0.4425579905509949,
    "Bone/pelvis/AngVelMagMAE": 0.1671721413731575,
    "Bone/pelvis/AngVelMAE": 0.12763667851686478,
    "Bone/Bip001/AngVelMagMAE": 1.6650852217026113e-06,
    "Bone/Bip001/AngVelMAE": 8.320658650973201e-07,
    "Bone/spine_01/AngVelMagMAE": 0.10497765243053436,
    "Bone/spine_01/AngVelMAE": 0.10132169350981712,
    "Bone/spine_02/AngVelMagMAE": 0.10671453550457954,
    "Bone/spine_02/AngVelMAE": 0.0960301086306572,
    "Bone/clavicle_l/AngVelMagMAE": 0.11311549320816994,
    "Bone/clavicle_l/AngVelMAE": 0.08333469182252884,
    "Bone/upperarm_l/AngVelMagMAE": 0.24095892161130905,
    "Bone/upperarm_l/AngVelMAE": 0.23156549036502838,
    "Bone/RUpArmTwist_l_01/AngVelMagMAE": 0.09083935990929604,
    "Bone/RUpArmTwist_l_01/AngVelMAE": 0.04925127886235714,
    "Bone/RUpArmTwist_l_02/AngVelMagMAE": 0.06268854439258575,
    "Bone/RUpArmTwist_l_02/AngVelMAE": 0.02928687259554863,
    "Bone/lowerarm_l/AngVelMagMAE": 0.3287760317325592,
    "Bone/lowerarm_l/AngVelMAE": 0.16730193048715591,
    "Bone/L_ForeTwist_01/AngVelMagMAE": 0.037080179899930954,
    "Bone/L_ForeTwist_01/AngVelMAE": 0.014270076993852854,
    "Bone/L_ForeTwist_02/AngVelMagMAE": 0.042260248214006424,
    "Bone/L_ForeTwist_02/AngVelMAE": 0.01520476583391428,
    "Bone/hand_l/AngVelMagMAE": 0.16544368118047714,
    "Bone/hand_l/AngVelMAE": 0.13599956780672073,
    "Bone/index_01_l/AngVelMagMAE": 0.09396317228674889,
    "Bone/index_01_l/AngVelMAE": 0.07700784504413605,
    "Bone/middle_01_l/AngVelMagMAE": 0.07642769068479538,
    "Bone/middle_01_l/AngVelMAE": 0.05615782551467419,
    "Bone/pinky_01_l/AngVelMagMAE": 0.7272813022136688,
    "Bone/pinky_01_l/AngVelMAE": 0.5311244428157806,
    "Bone/ring_01_l/AngVelMagMAE": 0.133968785405159,
    "Bone/ring_01_l/AngVelMAE": 0.10158506035804749,
    "Bone/thumb_01_l/AngVelMagMAE": 0.4524781256914139,
    "Bone/thumb_01_l/AngVelMAE": 0.3551279157400131,
    "Bone/clavicle_r/AngVelMagMAE": 0.07248103618621826,
    "Bone/clavicle_r/AngVelMAE": 0.06590642780065536,
    "Bone/upperarm_r/AngVelMagMAE": 0.26895974576473236,
    "Bone/upperarm_r/AngVelMAE": 0.24000777304172516,
    "Bone/RUpArmTwist_r_01/AngVelMagMAE": 0.14076963812112808,
    "Bone/RUpArmTwist_r_01/AngVelMAE": 0.08388332650065422,
    "Bone/RUpArmTwist_r_02/AngVelMagMAE": 0.0841493047773838,
    "Bone/RUpArmTwist_r_02/AngVelMAE": 0.04725313559174538,
    "Bone/lowerarm_r/AngVelMagMAE": 0.20963342487812042,
    "Bone/lowerarm_r/AngVelMAE": 0.10762659832835197,
    "Bone/R_ForeTwist_01/AngVelMagMAE": 0.04293321445584297,
    "Bone/R_ForeTwist_01/AngVelMAE": 0.019906045868992805,
    "Bone/R_ForeTwist_02/AngVelMagMAE": 0.05415789969265461,
    "Bone/R_ForeTwist_02/AngVelMAE": 0.02222964819520712,
    "Bone/hand_r/AngVelMagMAE": 0.2417459860444069,
    "Bone/hand_r/AngVelMAE": 0.21369317919015884,
    "Bone/index_01_r/AngVelMagMAE": 0.08743153885006905,
    "Bone/index_01_r/AngVelMAE": 0.05229086056351662,
    "Bone/middle_01_r/AngVelMagMAE": 0.07667800039052963,
    "Bone/middle_01_r/AngVelMAE": 0.044826021417975426,
    "Bone/pinky_01_r/AngVelMagMAE": 0.28158701956272125,
    "Bone/pinky_01_r/AngVelMAE": 0.15731538832187653,
    "Bone/ring_01_r/AngVelMagMAE": 0.09893090277910233,
    "Bone/ring_01_r/AngVelMAE": 0.05799428001046181,
    "Bone/thumb_01_r/AngVelMagMAE": 0.2958335280418396,
    "Bone/thumb_01_r/AngVelMAE": 0.19072191417217255,
    "Bone/neck_01/AngVelMagMAE": 0.09119540080428123,
    "Bone/neck_01/AngVelMAE": 0.08726508542895317,
    "Bone/head/AngVelMagMAE": 0.1492188647389412,
    "Bone/head/AngVelMAE": 0.11833728849887848,
    "Bone/thigh_l/AngVelMagMAE": 0.3903813064098358,
    "Bone/thigh_l/AngVelMAE": 0.3202258497476578,
    "Bone/calf_l/AngVelMagMAE": 0.6576948165893555,
    "Bone/calf_l/AngVelMAE": 0.254050150513649,
    "Bone/LCalfTwist_01/AngVelMagMAE": 0.0709746703505516,
    "Bone/LCalfTwist_01/AngVelMAE": 0.03383940830826759,
    "Bone/LCalfTwist_02/AngVelMagMAE": 0.06640565395355225,
    "Bone/LCalfTwist_02/AngVelMAE": 0.03514574281871319,
    "Bone/LCalfTwist_03/AngVelMagMAE": 0.08356863260269165,
    "Bone/LCalfTwist_03/AngVelMAE": 0.03744283691048622,
    "Bone/foot_l/AngVelMagMAE": 0.6001498699188232,
    "Bone/foot_l/AngVelMAE": 0.3857039362192154,
    "Bone/ball_l/AngVelMagMAE": 0.3179854601621628,
    "Bone/ball_l/AngVelMAE": 0.17897775024175644,
    "Bone/thigh_r/AngVelMagMAE": 0.43989768624305725,
    "Bone/thigh_r/AngVelMAE": 0.34508664906024933,
    "Bone/calf_r/AngVelMagMAE": 0.6617953777313232,
    "Bone/calf_r/AngVelMAE": 0.28798815608024597,
    "Bone/RCalfTwist_01/AngVelMagMAE": 0.0753287672996521,
    "Bone/RCalfTwist_01/AngVelMAE": 0.035289447754621506,
    "Bone/RCalfTwist_02/AngVelMagMAE": 0.07623856142163277,
    "Bone/RCalfTwist_02/AngVelMAE": 0.03548803925514221,
    "Bone/RCalfTwist_03/AngVelMagMAE": 0.09045159444212914,
    "Bone/RCalfTwist_03/AngVelMAE": 0.03766053542494774,
    "Bone/foot_r/AngVelMagMAE": 0.6029150485992432,
    "Bone/foot_r/AngVelMAE": 0.4026097357273102,
    "Bone/ball_r/AngVelMagMAE": 0.5486796498298645,
    "Bone/ball_r/AngVelMAE": 0.2726525366306305,
    "KeyBone/upperarm_l/GeoDeg": 17.861170768737793,
    "KeyBone/upperarm_l/AngVelMAE": 0.23156549036502838,
    "KeyBone/upperarm_l/AngVelMagMAE": 0.24095892161130905,
    "KeyBone/upperarm_l/AngVelMagRel": 0.4032353162765503,
    "KeyBone/upperarm_l/AngVelDirDeg": 90.12526321411133,
    "KeyBone/lowerarm_l/GeoDeg": 11.434453964233398,
    "KeyBone/lowerarm_l/AngVelMAE": 0.16730193048715591,
    "KeyBone/lowerarm_l/AngVelMagMAE": 0.3287760317325592,
    "KeyBone/lowerarm_l/AngVelMagRel": 0.5736390054225922,
    "KeyBone/lowerarm_l/AngVelDirDeg": 92.62441635131836,
    "KeyBone/hand_l/GeoDeg": 11.520915508270264,
    "KeyBone/hand_l/AngVelMAE": 0.13599956780672073,
    "KeyBone/hand_l/AngVelMagMAE": 0.16544368118047714,
    "KeyBone/hand_l/AngVelMagRel": 0.33495795726776123,
    "KeyBone/hand_l/AngVelDirDeg": 90.14577102661133,
    "KeyBone/upperarm_r/GeoDeg": 16.316813468933105,
    "KeyBone/upperarm_r/AngVelMAE": 0.24000777304172516,
    "KeyBone/upperarm_r/AngVelMagMAE": 0.26895974576473236,
    "KeyBone/upperarm_r/AngVelMagRel": 0.4008583575487137,
    "KeyBone/upperarm_r/AngVelDirDeg": 89.76446151733398,
    "KeyBone/lowerarm_r/GeoDeg": 14.101893901824951,
    "KeyBone/lowerarm_r/AngVelMAE": 0.10762659832835197,
    "KeyBone/lowerarm_r/AngVelMagMAE": 0.20963342487812042,
    "KeyBone/lowerarm_r/AngVelMagRel": 0.48595838248729706,
    "KeyBone/lowerarm_r/AngVelDirDeg": 89.32614135742188,
    "KeyBone/hand_r/GeoDeg": 16.053051948547363,
    "KeyBone/hand_r/AngVelMAE": 0.21369317919015884,
    "KeyBone/hand_r/AngVelMagMAE": 0.2417459860444069,
    "KeyBone/hand_r/AngVelMagRel": 0.39801768958568573,
    "KeyBone/hand_r/AngVelDirDeg": 88.82682418823242,
    "KeyBone/thigh_l/GeoDeg": 20.124975204467773,
    "KeyBone/thigh_l/AngVelMAE": 0.3202258497476578,
    "KeyBone/thigh_l/AngVelMagMAE": 0.3903813064098358,
    "KeyBone/thigh_l/AngVelMagRel": 0.508507490158081,
    "KeyBone/thigh_l/AngVelDirDeg": 89.86328506469727,
    "KeyBone/calf_l/GeoDeg": 13.761995315551758,
    "KeyBone/calf_l/AngVelMAE": 0.254050150513649,
    "KeyBone/calf_l/AngVelMagMAE": 0.6576948165893555,
    "KeyBone/calf_l/AngVelMagRel": 0.8010047674179077,
    "KeyBone/calf_l/AngVelDirDeg": 90.15224075317383,
    "KeyBone/foot_l/GeoDeg": 14.391579627990723,
    "KeyBone/foot_l/AngVelMAE": 0.3857039362192154,
    "KeyBone/foot_l/AngVelMagMAE": 0.6001498699188232,
    "KeyBone/foot_l/AngVelMagRel": 0.6601503789424896,
    "KeyBone/foot_l/AngVelDirDeg": 90.57961654663086,
    "KeyBone/thigh_r/GeoDeg": 18.245978355407715,