{
  "epoch": 23,
  "tag": "valfree",
  "timestamp": "2025-11-04T15:54:59",
  "metrics": {
    "YawAbsDeg": 9.343558073043823,
    "RootVelMAE": 0.11974357068538666,
    "period_abs_mean": 0.8164170980453491,
    "period_abs_std": 0.2545040249824524,
    "GeoDeg": 11.990169525146484,
    "AngVelMAE": 0.14173881709575653,
    "AngVelMagRel": 0.4047180861234665,
    "Bone/pelvis/AngVelMagMAE": 0.1652282476425171,
    "Bone/pelvis/AngVelMAE": 0.14114578813314438,
    "Bone/Bip001/AngVelMagMAE": 2.047974362540117e-06,
    "Bone/Bip001/AngVelMAE": 1.0247123896078847e-06,
    "Bone/spine_01/AngVelMagMAE": 0.10643138736486435,
    "Bone/spine_01/AngVelMAE": 0.11274927109479904,
    "Bone/spine_02/AngVelMagMAE": 0.11476898565888405,
    "Bone/spine_02/AngVelMAE": 0.10652696341276169,
    "Bone/clavicle_l/AngVelMagMAE": 0.09404979273676872,
    "Bone/clavicle_l/AngVelMAE": 0.080192930996418,
    "Bone/upperarm_l/AngVelMagMAE": 0.21513650566339493,
    "Bone/upperarm_l/AngVelMAE": 0.24224307388067245,
    "Bone/RUpArmTwist_l_01/AngVelMagMAE": 0.09277068823575974,
    "Bone/RUpArmTwist_l_01/AngVelMAE": 0.05359934642910957,
    "Bone/RUpArmTwist_l_02/AngVelMagMAE": 0.06565935164690018,
    "Bone/RUpArmTwist_l_02/AngVelMAE": 0.0322021059691906,
    "Bone/lowerarm_l/AngVelMagMAE": 0.3257531523704529,
    "Bone/lowerarm_l/AngVelMAE": 0.1783408746123314,
    "Bone/L_ForeTwist_01/AngVelMagMAE": 0.03055089619010687,
    "Bone/L_ForeTwist_01/AngVelMAE": 0.01226506382226944,
    "Bone/L_ForeTwist_02/AngVelMagMAE": 0.03646867908537388,
    "Bone/L_ForeTwist_02/AngVelMAE": 0.013343611732125282,
    "Bone/hand_l/AngVelMagMAE": 0.15108542889356613,
    "Bone/hand_l/AngVelMAE": 0.13467629253864288,
    "Bone/index_01_l/AngVelMagMAE": 0.10141721740365028,
    "Bone/index_01_l/AngVelMAE": 0.08255219832062721,
    "Bone/middle_01_l/AngVelMagMAE": 0.0832696333527565,
    "Bone/middle_01_l/AngVelMAE": 0.06084594316780567,
    "Bone/pinky_01_l/AngVelMagMAE": 0.7612579166889191,
    "Bone/pinky_01_l/AngVelMAE": 0.5467539727687836,
    "Bone/ring_01_l/AngVelMagMAE": 0.13607516884803772,
    "Bone/ring_01_l/AngVelMAE": 0.1069289967417717,
    "Bone/thumb_01_l/AngVelMagMAE": 0.5129415392875671,
    "Bone/thumb_01_l/AngVelMAE": 0.3901411294937134,
    "Bone/clavicle_r/AngVelMagMAE": 0.06988195702433586,
    "Bone/clavicle_r/AngVelMAE": 0.07143500447273254,
    "Bone/upperarm_r/AngVelMagMAE": 0.24830647557973862,
    "Bone/upperarm_r/AngVelMAE": 0.23908928781747818,
    "Bone/RUpArmTwist_r_01/AngVelMagMAE": 0.14263074845075607,
    "Bone/RUpArmTwist_r_01/AngVelMAE": 0.08598653227090836,
    "Bone/RUpArmTwist_r_02/AngVelMagMAE": 0.08498523384332657,
    "Bone/RUpArmTwist_r_02/AngVelMAE": 0.048208389431238174,
    "Bone/lowerarm_r/AngVelMagMAE": 0.20201341062784195,
    "Bone/lowerarm_r/AngVelMAE": 0.10832551494240761,
    "Bone/R_ForeTwist_01/AngVelMagMAE": 0.03782869502902031,
    "Bone/R_ForeTwist_01/AngVelMAE": 0.01918298564851284,
    "Bone/R_ForeTwist_02/AngVelMagMAE": 0.05019737780094147,
    "Bone/R_ForeTwist_02/AngVelMAE": 0.021474571898579597,
    "Bone/hand_r/AngVelMagMAE": 0.20244403183460236,
    "Bone/hand_r/AngVelMAE": 0.20472070574760437,
    "Bone/index_01_r/AngVelMagMAE": 0.0860811211168766,
    "Bone/index_01_r/AngVelMAE": 0.05140417441725731,
    "Bone/middle_01_r/AngVelMagMAE": 0.07648871093988419,
    "Bone/middle_01_r/AngVelMAE": 0.04538125358521938,
    "Bone/pinky_01_r/AngVelMagMAE": 0.2507104128599167,
    "Bone/pinky_01_r/AngVelMAE": 0.14525159820914268,
    "Bone/ring_01_r/AngVelMagMAE": 0.09128431603312492,
    "Bone/ring_01_r/AngVelMAE": 0.05477358587086201,
    "Bone/thumb_01_r/AngVelMagMAE": 0.2660912871360779,
    "Bone/thumb_01_r/AngVelMAE": 0.18020956963300705,
    "Bone/neck_01/AngVelMagMAE": 0.09682850167155266,
    "Bone/neck_01/AngVelMAE": 0.0952153205871582,
    "Bone/head/AngVelMagMAE": 0.13327234238386154,
    "Bone/head/AngVelMAE": 0.11965934932231903,
    "Bone/thigh_l/AngVelMagMAE": 0.3686421066522598,
    "Bone/thigh_l/AngVelMAE": 0.33992116153240204,
    "Bone/calf_l/AngVelMagMAE": 0.6709039509296417,
    "Bone/calf_l/AngVelMAE": 0.2647489607334137,
    "Bone/LCalfTwist_01/AngVelMagMAE": 0.06431209482252598,
    "Bone/LCalfTwist_01/AngVelMAE": 0.034047191962599754,
    "Bone/LCalfTwist_02/AngVelMagMAE": 0.0637947116047144,
    "Bone/LCalfTwist_02/AngVelMAE": 0.034914981573820114,
    "Bone/LCalfTwist_03/AngVelMagMAE": 0.07822037488222122,
    "Bone/LCalfTwist_03/AngVelMAE": 0.037316856905817986,
    "Bone/foot_l/AngVelMagMAE": 0.5533166527748108,
    "Bone/foot_l/AngVelMAE": 0.38862885534763336,
    "Bone/ball_l/AngVelMagMAE": 0.32560954988002777,
    "Bone/ball_l/AngVelMAE": 0.1869073063135147,
    "Bone/thigh_r/AngVelMagMAE": 0.4086058586835861,
    "Bone/thigh_r/AngVelMAE": 0.35546134412288666,
    "Bone/calf_r/AngVelMagMAE": 0.674555629491806,
    "Bone/calf_r/AngVelMAE": 0.3005746901035309,
    "Bone/RCalfTwist_01/AngVelMagMAE": 0.07051284238696098,
    "Bone/RCalfTwist_01/AngVelMAE": 0.0342545285820961,
    "Bone/RCalfTwist_02/AngVelMagMAE": 0.07095755264163017,
    "Bone/RCalfTwist_02/AngVelMAE": 0.034350087866187096,
    "Bone/RCalfTwist_03/AngVelMagMAE": 0.08556037023663521,
    "Bone/RCalfTwist_03/AngVelMAE": 0.03751808777451515,
    "Bone/foot_r/AngVelMagMAE": 0.5852929055690765,
    "Bone/foot_r/AngVelMAE": 0.4132348895072937,
    "Bone/ball_r/AngVelMagMAE": 0.5323259830474854,
    "Bone/ball_r/AngVelMAE": 0.2732798904180527,
    "KeyBone/upperarm_l/GeoDeg": 16.555389404296875,
    "KeyBone/upperarm_l/AngVelMAE": 0.24224307388067245,
    "KeyBone/upperarm_l/AngVelMagMAE": 0.21513650566339493,
    "KeyBone/upperarm_l/AngVelMagRel": 0.3382737934589386,
    "KeyBone/upperarm_l/AngVelDirDeg": 90.12850570678711,
    "KeyBone/lowerarm_l/GeoDeg": 11.62073040008545,
    "KeyBone/lowerarm_l/AngVelMAE": 0.1783408746123314,
    "KeyBone/lowerarm_l/AngVelMagMAE": 0.3257531523704529,
    "KeyBone/lowerarm_l/AngVelMagRel": 0.5414358675479889,
    "KeyBone/lowerarm_l/AngVelDirDeg": 89.88362503051758,
    "KeyBone/hand_l/GeoDeg": 10.061533451080322,
    "KeyBone/hand_l/AngVelMAE": 0.13467629253864288,
    "KeyBone/hand_l/AngVelMagMAE": 0.15108542889356613,
    "KeyBone/hand_l/AngVelMagRel": 0.2859874814748764,
    "KeyBone/hand_l/AngVelDirDeg": 89.86093521118164,
    "KeyBone/upperarm_r/GeoDeg": 16.775497436523438,
    "KeyBone/upperarm_r/AngVelMAE": 0.23908928781747818,
    "KeyBone/upperarm_r/AngVelMagMAE": 0.24830647557973862,
    "KeyBone/upperarm_r/AngVelMagRel": 0.3658953160047531,
    "KeyBone/upperarm_r/AngVelDirDeg": 89.82205200195312,
    "KeyBone/lowerarm_r/GeoDeg": 13.082000255584717,
    "KeyBone/lowerarm_r/AngVelMAE": 0.10832551494240761,
    "KeyBone/lowerarm_r/AngVelMagMAE": 0.20201341062784195,
    "KeyBone/lowerarm_r/AngVelMagRel": 0.45129404962062836,
    "KeyBone/lowerarm_r/AngVelDirDeg": 90.72450256347656,
    "KeyBone/hand_r/GeoDeg": 15.175612449645996,
    "KeyBone/hand_r/AngVelMAE": 0.20472070574760437,
    "KeyBone/hand_r/AngVelMagMAE": 0.20244403183460236,
    "KeyBone/hand_r/AngVelMagRel": 0.32585422694683075,
    "KeyBone/hand_r/AngVelDirDeg": 89.19578170776367,
    "KeyBone/thigh_l/GeoDeg": 20.765069007873535,
    "KeyBone/thigh_l/AngVelMAE": 0.33992116153240204,
    "KeyBone/thigh_l/AngVelMagMAE": 0.3686421066522598,
    "KeyBone/thigh_l/AngVelMagRel": 0.42929302155971527,
    "KeyBone/thigh_l/AngVelDirDeg": 89.79438781738281,
    "KeyBone/calf_l/GeoDeg": 14.403486728668213,
    "KeyBone/calf_l/AngVelMAE": 0.2647489607334137,
    "KeyBone/calf_l/AngVelMagMAE": 0.6709039509296417,
    "KeyBone/calf_l/AngVelMagRel": 0.7266042828559875,
    "KeyBone/calf_l/AngVelDirDeg": 86.72762680053711,
    "KeyBone/foot_l/GeoDeg": 14.562957763671875,
    "KeyBone/foot_l/AngVelMAE": 0.38862885534763336,
    "KeyBone/foot_l/AngVelMagMAE": 0.5533166527748108,
    "KeyBone/foot_l/AngVelMagRel": 0.5421541631221771,
    "KeyBone/foot_l/AngVelDirDeg": 90.02467727661133,
    "KeyBone/thigh_r/GeoDeg": 18.36935520172119,