{
  "epoch": 32,
  "tag": "valfree",
  "timestamp": "2025-11-04T18:54:49",
  "metrics": {
    "YawAbsDeg": 8.163232803344727,
    "RootVelMAE": 0.12155002728104591,
    "period_abs_mean": 0.8100509345531464,
    "period_abs_std": 0.2581994980573654,
    "GeoDeg": 12.15263032913208,
    "AngVelMAE": 0.13725349307060242,
    "AngVelMagRel": 0.42125140130519867,
    "Bone/pelvis/AngVelMagMAE": 0.17354456335306168,
    "Bone/pelvis/AngVelMAE": 0.13624126464128494,
    "Bone/Bip001/AngVelMagMAE": 1.8391473872725328e-06,
    "Bone/Bip001/AngVelMAE": 9.173404862394818e-07,
    "Bone/spine_01/AngVelMagMAE": 0.10564204677939415,
    "Bone/spine_01/AngVelMAE": 0.10727791860699654,
    "Bone/spine_02/AngVelMagMAE": 0.11491157487034798,
    "Bone/spine_02/AngVelMAE": 0.10153324529528618,
    "Bone/clavicle_l/AngVelMagMAE": 0.09731824323534966,
    "Bone/clavicle_l/AngVelMAE": 0.07816791906952858,
    "Bone/upperarm_l/AngVelMagMAE": 0.23645448684692383,
    "Bone/upperarm_l/AngVelMAE": 0.23271958529949188,
    "Bone/RUpArmTwist_l_01/AngVelMagMAE": 0.09520849585533142,
    "Bone/RUpArmTwist_l_01/AngVelMAE": 0.051941005513072014,
    "Bone/RUpArmTwist_l_02/AngVelMagMAE": 0.06543387845158577,
    "Bone/RUpArmTwist_l_02/AngVelMAE": 0.030844916589558125,
    "Bone/lowerarm_l/AngVelMagMAE": 0.3219929337501526,
    "Bone/lowerarm_l/AngVelMAE": 0.1704399362206459,
    "Bone/L_ForeTwist_01/AngVelMagMAE": 0.030920962803065777,
    "Bone/L_ForeTwist_01/AngVelMAE": 0.012186393607407808,
    "Bone/L_ForeTwist_02/AngVelMagMAE": 0.03620988316833973,
    "Bone/L_ForeTwist_02/AngVelMAE": 0.01323239877820015,
    "Bone/hand_l/AngVelMagMAE": 0.14796767383813858,
    "Bone/hand_l/AngVelMAE": 0.1324257031083107,
    "Bone/index_01_l/AngVelMagMAE": 0.09340089187026024,
    "Bone/index_01_l/AngVelMAE": 0.07735995575785637,
    "Bone/middle_01_l/AngVelMagMAE": 0.0770307257771492,
    "Bone/middle_01_l/AngVelMAE": 0.0571136474609375,
    "Bone/pinky_01_l/AngVelMagMAE": 0.7344376742839813,
    "Bone/pinky_01_l/AngVelMAE": 0.5198410749435425,
    "Bone/ring_01_l/AngVelMagMAE": 0.1351177915930748,
    "Bone/ring_01_l/AngVelMAE": 0.10103745386004448,
    "Bone/thumb_01_l/AngVelMagMAE": 0.46841828525066376,
    "Bone/thumb_01_l/AngVelMAE": 0.36139965057373047,
    "Bone/clavicle_r/AngVelMagMAE": 0.06566470116376877,
    "Bone/clavicle_r/AngVelMAE": 0.06621407344937325,
    "Bone/upperarm_r/AngVelMagMAE": 0.2511650323867798,
    "Bone/upperarm_r/AngVelMAE": 0.23414159566164017,
    "Bone/RUpArmTwist_r_01/AngVelMagMAE": 0.1350315511226654,
    "Bone/RUpArmTwist_r_01/AngVelMAE": 0.08191202580928802,
    "Bone/RUpArmTwist_r_02/AngVelMagMAE": 0.08120949566364288,
    "Bone/RUpArmTwist_r_02/AngVelMAE": 0.04568803682923317,
    "Bone/lowerarm_r/AngVelMagMAE": 0.19889666140079498,
    "Bone/lowerarm_r/AngVelMAE": 0.10642301291227341,
    "Bone/R_ForeTwist_01/AngVelMagMAE": 0.039120323956012726,
    "Bone/R_ForeTwist_01/AngVelMAE": 0.01854296401143074,
    "Bone/R_ForeTwist_02/AngVelMagMAE": 0.050597354769706726,
    "Bone/R_ForeTwist_02/AngVelMAE": 0.02132220473140478,
    "Bone/hand_r/AngVelMagMAE": 0.21390613168478012,
    "Bone/hand_r/AngVelMAE": 0.1990351751446724,
    "Bone/index_01_r/AngVelMagMAE": 0.08574333041906357,
    "Bone/index_01_r/AngVelMAE": 0.04990195669233799,
    "Bone/middle_01_r/AngVelMagMAE": 0.07438351213932037,
    "Bone/middle_01_r/AngVelMAE": 0.0432153083384037,
    "Bone/pinky_01_r/AngVelMagMAE": 0.250029057264328,
    "Bone/pinky_01_r/AngVelMAE": 0.14180885255336761,
    "Bone/ring_01_r/AngVelMagMAE": 0.09064413979649544,
    "Bone/ring_01_r/AngVelMAE": 0.05347428657114506,
    "Bone/thumb_01_r/AngVelMagMAE": 0.2747812718153,
    "Bone/thumb_01_r/AngVelMAE": 0.17690932750701904,
    "Bone/neck_01/AngVelMagMAE": 0.09433196857571602,
    "Bone/neck_01/AngVelMAE": 0.08914156258106232,
    "Bone/head/AngVelMagMAE": 0.13754910975694656,
    "Bone/head/AngVelMAE": 0.11546718329191208,
    "Bone/thigh_l/AngVelMagMAE": 0.3831227272748947,
    "Bone/thigh_l/AngVelMAE": 0.33193865418434143,
    "Bone/calf_l/AngVelMagMAE": 0.6842380464076996,
    "Bone/calf_l/AngVelMAE": 0.26358675211668015,
    "Bone/LCalfTwist_01/AngVelMagMAE": 0.06605131551623344,
    "Bone/LCalfTwist_01/AngVelMAE": 0.032968197017908096,
    "Bone/LCalfTwist_02/AngVelMagMAE": 0.06347215548157692,
    "Bone/LCalfTwist_02/AngVelMAE": 0.033960768952965736,
    "Bone/LCalfTwist_03/AngVelMagMAE": 0.07907862588763237,
    "Bone/LCalfTwist_03/AngVelMAE": 0.03652588836848736,
    "Bone/foot_l/AngVelMagMAE": 0.5723133683204651,
    "Bone/foot_l/AngVelMAE": 0.3818187564611435,
    "Bone/ball_l/AngVelMagMAE": 0.3297434002161026,
    "Bone/ball_l/AngVelMAE": 0.18647761642932892,
    "Bone/thigh_r/AngVelMagMAE": 0.41510799527168274,
    "Bone/thigh_r/AngVelMAE": 0.34724125266075134,
    "Bone/calf_r/AngVelMagMAE": 0.6972038447856903,
    "Bone/calf_r/AngVelMAE": 0.30070661008358,
    "Bone/RCalfTwist_01/AngVelMagMAE": 0.06952833756804466,
    "Bone/RCalfTwist_01/AngVelMAE": 0.03392486833035946,
    "Bone/RCalfTwist_02/AngVelMagMAE": 0.0707029178738594,
    "Bone/RCalfTwist_02/AngVelMAE": 0.03402984142303467,
    "Bone/RCalfTwist_03/AngVelMagMAE": 0.08677103370428085,
    "Bone/RCalfTwist_03/AngVelMAE": 0.03653213381767273,
    "Bone/foot_r/AngVelMagMAE": 0.5936928987503052,
    "Bone/foot_r/AngVelMAE": 0.40069258213043213,
    "Bone/ball_r/AngVelMagMAE": 0.5286473631858826,
    "Bone/ball_r/AngVelMAE": 0.26629625260829926,
    "KeyBone/upperarm_l/GeoDeg": 17.233925819396973,
    "KeyBone/upperarm_l/AngVelMAE": 0.23271958529949188,
    "KeyBone/upperarm_l/AngVelMagMAE": 0.23645448684692383,
    "KeyBone/upperarm_l/AngVelMagRel": 0.40282949805259705,
    "KeyBone/upperarm_l/AngVelDirDeg": 89.6807861328125,
    "KeyBone/lowerarm_l/GeoDeg": 11.62748098373413,
    "KeyBone/lowerarm_l/AngVelMAE": 0.1704399362206459,
    "KeyBone/lowerarm_l/AngVelMagMAE": 0.3219929337501526,
    "KeyBone/lowerarm_l/AngVelMagRel": 0.5530987083911896,
    "KeyBone/lowerarm_l/AngVelDirDeg": 91.83983612060547,
    "KeyBone/hand_l/GeoDeg": 10.518941402435303,
    "KeyBone/hand_l/AngVelMAE": 0.1324257031083107,
    "KeyBone/hand_l/AngVelMagMAE": 0.14796767383813858,
    "KeyBone/hand_l/AngVelMagRel": 0.2735534757375717,
    "KeyBone/hand_l/AngVelDirDeg": 89.92837524414062,
    "KeyBone/upperarm_r/GeoDeg": 16.114920616149902,
    "KeyBone/upperarm_r/AngVelMAE": 0.23414159566164017,
    "KeyBone/upperarm_r/AngVelMagMAE": 0.2511650323867798,
    "KeyBone/upperarm_r/AngVelMagRel": 0.36783359944820404,
    "KeyBone/upperarm_r/AngVelDirDeg": 91.08242416381836,
    "KeyBone/lowerarm_r/GeoDeg": 13.142870426177979,
    "KeyBone/lowerarm_r/AngVelMAE": 0.10642301291227341,
    "KeyBone/lowerarm_r/AngVelMagMAE": 0.19889666140079498,
    "KeyBone/lowerarm_r/AngVelMagRel": 0.4486897140741348,
    "KeyBone/lowerarm_r/AngVelDirDeg": 86.69618225097656,
    "KeyBone/hand_r/GeoDeg": 15.340108394622803,
    "KeyBone/hand_r/AngVelMAE": 0.1990351751446724,
    "KeyBone/hand_r/AngVelMagMAE": 0.21390613168478012,
    "KeyBone/hand_r/AngVelMagRel": 0.34763041138648987,
    "KeyBone/hand_r/AngVelDirDeg": 88.59914779663086,
    "KeyBone/thigh_l/GeoDeg": 19.9332218170166,
    "KeyBone/thigh_l/AngVelMAE": 0.33193865418434143,
    "KeyBone/thigh_l/AngVelMagMAE": 0.3831227272748947,
    "KeyBone/thigh_l/AngVelMagRel": 0.4622708708047867,
    "KeyBone/thigh_l/AngVelDirDeg": 91.62709045410156,
    "KeyBone/calf_l/GeoDeg": 13.561894416809082,
    "KeyBone/calf_l/AngVelMAE": 0.26358675211668015,
    "KeyBone/calf_l/AngVelMagMAE": 0.6842380464076996,
    "KeyBone/calf_l/AngVelMagRel": 0.770234614610672,
    "KeyBone/calf_l/AngVelDirDeg": 88.9835433959961,
    "KeyBone/foot_l/GeoDeg": 14.34417200088501,
    "KeyBone/foot_l/AngVelMAE": 0.3818187564611435,
    "KeyBone/foot_l/AngVelMagMAE": 0.5723133683204651,
    "KeyBone/foot_l/AngVelMagRel": 0.6079667806625366,
    "KeyBone/foot_l/AngVelDirDeg": 90.88870239257812,
    "KeyBone/thigh_r/GeoDeg": 18.64936351776123,