{
  "epoch": 29,
  "tag": "valfree",
  "timestamp": "2025-11-04T18:29:27",
  "metrics": {
    "YawAbsDeg": 7.312415361404419,
    "RootVelMAE": 0.11216432228684425,
    "period_abs_mean": 0.8066164255142212,
    "period_abs_std": 0.2577884867787361,
    "GeoDeg": 12.276495933532715,
    "AngVelMAE": 0.1351480409502983,
    "AngVelMagRel": 0.4282950311899185,
    "Bone/pelvis/AngVelMagMAE": 0.17307240515947342,
    "Bone/pelvis/AngVelMAE": 0.13811828196048737,
    "Bone/Bip001/AngVelMagMAE": 1.8538015638114302e-06,
    "Bone/Bip001/AngVelMAE": 9.231829665168334e-07,
    "Bone/spine_01/AngVelMagMAE": 0.10392194613814354,
    "Bone/spine_01/AngVelMAE": 0.10659855604171753,
    "Bone/spine_02/AngVelMagMAE": 0.10738522931933403,
    "Bone/spine_02/AngVelMAE": 0.09788503125309944,
    "Bone/clavicle_l/AngVelMagMAE": 0.09157463535666466,
    "Bone/clavicle_l/AngVelMAE": 0.07546407729387283,
    "Bone/upperarm_l/AngVelMagMAE": 0.22657202184200287,
    "Bone/upperarm_l/AngVelMAE": 0.2323000654578209,
    "Bone/RUpArmTwist_l_01/AngVelMagMAE": 0.09268997982144356,
    "Bone/RUpArmTwist_l_01/AngVelMAE": 0.05141063407063484,
    "Bone/RUpArmTwist_l_02/AngVelMagMAE": 0.0658235102891922,
    "Bone/RUpArmTwist_l_02/AngVelMAE": 0.030926482751965523,
    "Bone/lowerarm_l/AngVelMagMAE": 0.30529989302158356,
    "Bone/lowerarm_l/AngVelMAE": 0.16537710279226303,
    "Bone/L_ForeTwist_01/AngVelMagMAE": 0.029715724289417267,
    "Bone/L_ForeTwist_01/AngVelMAE": 0.01179091539233923,
    "Bone/L_ForeTwist_02/AngVelMagMAE": 0.03446243144571781,
    "Bone/L_ForeTwist_02/AngVelMAE": 0.012716555036604404,
    "Bone/hand_l/AngVelMagMAE": 0.15326276421546936,
    "Bone/hand_l/AngVelMAE": 0.13316132873296738,
    "Bone/index_01_l/AngVelMagMAE": 0.09987235069274902,
    "Bone/index_01_l/AngVelMAE": 0.07731595635414124,
    "Bone/middle_01_l/AngVelMagMAE": 0.08256009593605995,
    "Bone/middle_01_l/AngVelMAE": 0.056273821741342545,
    "Bone/pinky_01_l/AngVelMagMAE": 0.7040959894657135,
    "Bone/pinky_01_l/AngVelMAE": 0.49343322217464447,
    "Bone/ring_01_l/AngVelMagMAE": 0.1336020678281784,
    "Bone/ring_01_l/AngVelMAE": 0.09790826961398125,
    "Bone/thumb_01_l/AngVelMagMAE": 0.5039341002702713,
    "Bone/thumb_01_l/AngVelMAE": 0.3619842380285263,
    "Bone/clavicle_r/AngVelMagMAE": 0.06404266506433487,
    "Bone/clavicle_r/AngVelMAE": 0.06491289287805557,
    "Bone/upperarm_r/AngVelMagMAE": 0.2451203614473343,
    "Bone/upperarm_r/AngVelMAE": 0.23010827600955963,
    "Bone/RUpArmTwist_r_01/AngVelMagMAE": 0.1358746886253357,
    "Bone/RUpArmTwist_r_01/AngVelMAE": 0.0823635384440422,
    "Bone/RUpArmTwist_r_02/AngVelMagMAE": 0.08219681680202484,
    "Bone/RUpArmTwist_r_02/AngVelMAE": 0.04476608708500862,
    "Bone/lowerarm_r/AngVelMagMAE": 0.19907142221927643,
    "Bone/lowerarm_r/AngVelMAE": 0.10785361379384995,
    "Bone/R_ForeTwist_01/AngVelMagMAE": 0.038125962018966675,
    "Bone/R_ForeTwist_01/AngVelMAE": 0.018136250786483288,
    "Bone/R_ForeTwist_02/AngVelMagMAE": 0.047946371138095856,
    "Bone/R_ForeTwist_02/AngVelMAE": 0.020390676334500313,
    "Bone/hand_r/AngVelMagMAE": 0.2134649008512497,
    "Bone/hand_r/AngVelMAE": 0.19853821396827698,
    "Bone/index_01_r/AngVelMagMAE": 0.08067534118890762,
    "Bone/index_01_r/AngVelMAE": 0.047264013439416885,
    "Bone/middle_01_r/AngVelMagMAE": 0.07054931670427322,
    "Bone/middle_01_r/AngVelMAE": 0.04096007160842419,
    "Bone/pinky_01_r/AngVelMagMAE": 0.23759424686431885,
    "Bone/pinky_01_r/AngVelMAE": 0.13407717272639275,
    "Bone/ring_01_r/AngVelMagMAE": 0.08537289127707481,
    "Bone/ring_01_r/AngVelMAE": 0.050259992480278015,
    "Bone/thumb_01_r/AngVelMagMAE": 0.2645905166864395,
    "Bone/thumb_01_r/AngVelMAE": 0.16910561174154282,
    "Bone/neck_01/AngVelMagMAE": 0.09006256610155106,
    "Bone/neck_01/AngVelMAE": 0.088467326015234,
    "Bone/head/AngVelMagMAE": 0.13234586641192436,
    "Bone/head/AngVelMAE": 0.1132667288184166,
    "Bone/thigh_l/AngVelMagMAE": 0.3664083331823349,
    "Bone/thigh_l/AngVelMAE": 0.3264836072921753,
    "Bone/calf_l/AngVelMagMAE": 0.6913784146308899,
    "Bone/calf_l/AngVelMAE": 0.2680652588605881,
    "Bone/LCalfTwist_01/AngVelMagMAE": 0.06290826387703419,
    "Bone/LCalfTwist_01/AngVelMAE": 0.03276633657515049,
    "Bone/LCalfTwist_02/AngVelMagMAE": 0.061307404190301895,
    "Bone/LCalfTwist_02/AngVelMAE": 0.0336407870054245,
    "Bone/LCalfTwist_03/AngVelMagMAE": 0.07780686020851135,
    "Bone/LCalfTwist_03/AngVelMAE": 0.03638247214257717,
    "Bone/foot_l/AngVelMagMAE": 0.567029744386673,
    "Bone/foot_l/AngVelMAE": 0.3817150145769119,
    "Bone/ball_l/AngVelMagMAE": 0.31792575120925903,
    "Bone/ball_l/AngVelMAE": 0.18329577147960663,
    "Bone/thigh_r/AngVelMagMAE": 0.4027395248413086,
    "Bone/thigh_r/AngVelMAE": 0.34356971085071564,
    "Bone/calf_r/AngVelMagMAE": 0.665966808795929,
    "Bone/calf_r/AngVelMAE": 0.29031112790107727,
    "Bone/RCalfTwist_01/AngVelMagMAE": 0.06721068732440472,
    "Bone/RCalfTwist_01/AngVelMAE": 0.032980234362185,
    "Bone/RCalfTwist_02/AngVelMagMAE": 0.06872555986046791,
    "Bone/RCalfTwist_02/AngVelMAE": 0.03277502954006195,
    "Bone/RCalfTwist_03/AngVelMagMAE": 0.08334106579422951,
    "Bone/RCalfTwist_03/AngVelMAE": 0.035748451948165894,
    "Bone/foot_r/AngVelMagMAE": 0.5854356288909912,
    "Bone/foot_r/AngVelMAE": 0.3972986489534378,
    "Bone/ball_r/AngVelMagMAE": 0.5308104157447815,
    "Bone/ball_r/AngVelMAE": 0.2686416506767273,
    "KeyBone/upperarm_l/GeoDeg": 17.920169830322266,
    "KeyBone/upperarm_l/AngVelMAE": 0.2323000654578209,
    "KeyBone/upperarm_l/AngVelMagMAE": 0.22657202184200287,
    "KeyBone/upperarm_l/AngVelMagRel": 0.3712383508682251,
    "KeyBone/upperarm_l/AngVelDirDeg": 90.01091003417969,
    "KeyBone/lowerarm_l/GeoDeg": 11.23844575881958,
    "KeyBone/lowerarm_l/AngVelMAE": 0.16537710279226303,
    "KeyBone/lowerarm_l/AngVelMagMAE": 0.30529989302158356,
    "KeyBone/lowerarm_l/AngVelMagRel": 0.5246610343456268,
    "KeyBone/lowerarm_l/AngVelDirDeg": 90.4709701538086,
    "KeyBone/hand_l/GeoDeg": 10.90984582901001,
    "KeyBone/hand_l/AngVelMAE": 0.13316132873296738,
    "KeyBone/hand_l/AngVelMagMAE": 0.15326276421546936,
    "KeyBone/hand_l/AngVelMagRel": 0.29501526057720184,
    "KeyBone/hand_l/AngVelDirDeg": 89.60877227783203,
    "KeyBone/upperarm_r/GeoDeg": 15.661980152130127,
    "KeyBone/upperarm_r/AngVelMAE": 0.23010827600955963,
    "KeyBone/upperarm_r/AngVelMagMAE": 0.2451203614473343,
    "KeyBone/upperarm_r/AngVelMagRel": 0.3593004494905472,
    "KeyBone/upperarm_r/AngVelDirDeg": 90.02839660644531,
    "KeyBone/lowerarm_r/GeoDeg": 13.32606315612793,
    "KeyBone/lowerarm_r/AngVelMAE": 0.10785361379384995,
    "KeyBone/lowerarm_r/AngVelMagMAE": 0.19907142221927643,
    "KeyBone/lowerarm_r/AngVelMagRel": 0.4357145130634308,
    "KeyBone/lowerarm_r/AngVelDirDeg": 89.32595443725586,
    "KeyBone/hand_r/GeoDeg": 15.069783687591553,
    "KeyBone/hand_r/AngVelMAE": 0.19853821396827698,
    "KeyBone/hand_r/AngVelMagMAE": 0.2134649008512497,
    "KeyBone/hand_r/AngVelMagRel": 0.35736969113349915,
    "KeyBone/hand_r/AngVelDirDeg": 90.67026138305664,
    "KeyBone/thigh_l/GeoDeg": 19.626781463623047,
    "KeyBone/thigh_l/AngVelMAE": 0.3264836072921753,
    "KeyBone/thigh_l/AngVelMagMAE": 0.3664083331823349,
    "KeyBone/thigh_l/AngVelMagRel": 0.4455266147851944,
    "KeyBone/thigh_l/AngVelDirDeg": 90.99814224243164,
    "KeyBone/calf_l/GeoDeg": 13.818840503692627,
    "KeyBone/calf_l/AngVelMAE": 0.2680652588605881,
    "KeyBone/calf_l/AngVelMagMAE": 0.6913784146308899,
    "KeyBone/calf_l/AngVelMagRel": 0.7484159767627716,
    "KeyBone/calf_l/AngVelDirDeg": 88.20880508422852,
    "KeyBone/foot_l/GeoDeg": 14.600096225738525,
    "KeyBone/foot_l/AngVelMAE": 0.3817150145769119,
    "KeyBone/foot_l/AngVelMagMAE": 0.567029744386673,
    "KeyBone/foot_l/AngVelMagRel": 0.579303652048111,
    "KeyBone/foot_l/AngVelDirDeg": 89.56818008422852,
    "KeyBone/thigh_r/GeoDeg": 18.65925407409668,