{
  "epoch": 10,
  "tag": "valfree",
  "timestamp": "2025-11-04T14:11:42",
  "metrics": {
    "YawAbsDeg": 8.271195650100708,
    "RootVelMAE": 0.12357011437416077,
    "period_abs_mean": 0.8156291246414185,
    "period_abs_std": 0.25528988242149353,
    "GeoDeg": 13.17737340927124,
    "AngVelMAE": 0.2801446467638016,
    "AngVelMagRel": 0.4632646143436432,
    "Bone/pelvis/AngVelMagMAE": 0.2619987279176712,
    "Bone/pelvis/AngVelMAE": 0.24735993891954422,
    "Bone/Bip001/AngVelMagMAE": 7.633389259353862e-06,
    "Bone/Bip001/AngVelMAE": 3.8005233591320575e-06,
    "Bone/spine_01/AngVelMagMAE": 0.2903025895357132,
    "Bone/spine_01/AngVelMAE": 0.2402205690741539,
    "Bone/spine_02/AngVelMagMAE": 0.25708458572626114,
    "Bone/spine_02/AngVelMAE": 0.21233822405338287,
    "Bone/clavicle_l/AngVelMagMAE": 0.20076967030763626,
    "Bone/clavicle_l/AngVelMAE": 0.177792988717556,
    "Bone/upperarm_l/AngVelMagMAE": 0.5900650024414062,
    "Bone/upperarm_l/AngVelMAE": 0.537550151348114,
    "Bone/RUpArmTwist_l_01/AngVelMagMAE": 0.2058408036828041,
    "Bone/RUpArmTwist_l_01/AngVelMAE": 0.11624288931488991,
    "Bone/RUpArmTwist_l_02/AngVelMagMAE": 0.13003341853618622,
    "Bone/RUpArmTwist_l_02/AngVelMAE": 0.0663643442094326,
    "Bone/lowerarm_l/AngVelMagMAE": 0.7070873081684113,
    "Bone/lowerarm_l/AngVelMAE": 0.38967354595661163,
    "Bone/L_ForeTwist_01/AngVelMagMAE": 0.04676417261362076,
    "Bone/L_ForeTwist_01/AngVelMAE": 0.023213387466967106,
    "Bone/L_ForeTwist_02/AngVelMagMAE": 0.05766953341662884,
    "Bone/L_ForeTwist_02/AngVelMAE": 0.02478098962455988,
    "Bone/hand_l/AngVelMagMAE": 0.27842964231967926,
    "Bone/hand_l/AngVelMAE": 0.2682991027832031,
    "Bone/index_01_l/AngVelMagMAE": 0.4008585214614868,
    "Bone/index_01_l/AngVelMAE": 0.24826469272375107,
    "Bone/middle_01_l/AngVelMagMAE": 0.3132079690694809,
    "Bone/middle_01_l/AngVelMAE": 0.17934130132198334,
    "Bone/pinky_01_l/AngVelMagMAE": 1.706433653831482,
    "Bone/pinky_01_l/AngVelMAE": 1.1567111015319824,
    "Bone/ring_01_l/AngVelMagMAE": 0.4980027675628662,
    "Bone/ring_01_l/AngVelMAE": 0.3188495934009552,
    "Bone/thumb_01_l/AngVelMagMAE": 2.1732842922210693,
    "Bone/thumb_01_l/AngVelMAE": 1.2912232875823975,
    "Bone/clavicle_r/AngVelMagMAE": 0.24147441983222961,
    "Bone/clavicle_r/AngVelMAE": 0.18566421419382095,
    "Bone/upperarm_r/AngVelMagMAE": 0.46110066771507263,
    "Bone/upperarm_r/AngVelMAE": 0.4688962399959564,
    "Bone/RUpArmTwist_r_01/AngVelMagMAE": 0.5072421878576279,
    "Bone/RUpArmTwist_r_01/AngVelMAE": 0.25287391245365143,
    "Bone/RUpArmTwist_r_02/AngVelMagMAE": 0.2535777911543846,
    "Bone/RUpArmTwist_r_02/AngVelMAE": 0.12717728316783905,
    "Bone/lowerarm_r/AngVelMagMAE": 0.31747470796108246,
    "Bone/lowerarm_r/AngVelMAE": 0.19401351362466812,
    "Bone/R_ForeTwist_01/AngVelMagMAE": 0.08027205988764763,
    "Bone/R_ForeTwist_01/AngVelMAE": 0.04328419826924801,
    "Bone/R_ForeTwist_02/AngVelMagMAE": 0.09062519669532776,
    "Bone/R_ForeTwist_02/AngVelMAE": 0.04601317085325718,
    "Bone/hand_r/AngVelMagMAE": 0.5681686401367188,
    "Bone/hand_r/AngVelMAE": 0.4695498049259186,
    "Bone/index_01_r/AngVelMagMAE": 0.10193191841244698,
    "Bone/index_01_r/AngVelMAE": 0.0879872553050518,
    "Bone/middle_01_r/AngVelMagMAE": 0.07079136744141579,
    "Bone/middle_01_r/AngVelMAE": 0.07068502530455589,
    "Bone/pinky_01_r/AngVelMagMAE": 0.2630443125963211,
    "Bone/pinky_01_r/AngVelMAE": 0.2113109678030014,
    "Bone/ring_01_r/AngVelMagMAE": 0.096495620906353,
    "Bone/ring_01_r/AngVelMAE": 0.0857233926653862,
    "Bone/thumb_01_r/AngVelMagMAE": 0.40991781651973724,
    "Bone/thumb_01_r/AngVelMAE": 0.3388497233390808,
    "Bone/neck_01/AngVelMagMAE": 0.24395142495632172,
    "Bone/neck_01/AngVelMAE": 0.20777708292007446,
    "Bone/head/AngVelMagMAE": 0.22477742284536362,
    "Bone/head/AngVelMAE": 0.22024045139551163,
    "Bone/thigh_l/AngVelMagMAE": 0.8385196030139923,
    "Bone/thigh_l/AngVelMAE": 0.7019370794296265,
    "Bone/calf_l/AngVelMagMAE": 0.6575447618961334,
    "Bone/calf_l/AngVelMAE": 0.32982227206230164,
    "Bone/LCalfTwist_01/AngVelMagMAE": 0.11474764719605446,
    "Bone/LCalfTwist_01/AngVelMAE": 0.06822902336716652,
    "Bone/LCalfTwist_02/AngVelMagMAE": 0.11325335130095482,
    "Bone/LCalfTwist_02/AngVelMAE": 0.06834179162979126,
    "Bone/LCalfTwist_03/AngVelMagMAE": 0.13670939207077026,
    "Bone/LCalfTwist_03/AngVelMAE": 0.07543488964438438,
    "Bone/foot_l/AngVelMagMAE": 0.6111383438110352,
    "Bone/foot_l/AngVelMAE": 0.6272946000099182,
    "Bone/ball_l/AngVelMagMAE": 0.38154397904872894,
    "Bone/ball_l/AngVelMAE": 0.2802731692790985,
    "Bone/thigh_r/AngVelMagMAE": 0.6540098786354065,
    "Bone/thigh_r/AngVelMAE": 0.6022683382034302,
    "Bone/calf_r/AngVelMagMAE": 0.7792435586452484,
    "Bone/calf_r/AngVelMAE": 0.4465211033821106,
    "Bone/RCalfTwist_01/AngVelMagMAE": 0.11084463447332382,
    "Bone/RCalfTwist_01/AngVelMAE": 0.06427862122654915,
    "Bone/RCalfTwist_02/AngVelMagMAE": 0.11587895825505257,
    "Bone/RCalfTwist_02/AngVelMAE": 0.06835415586829185,
    "Bone/RCalfTwist_03/AngVelMagMAE": 0.12610242888331413,
    "Bone/RCalfTwist_03/AngVelMAE": 0.06710193306207657,
    "Bone/foot_r/AngVelMagMAE": 0.5673582851886749,
    "Bone/foot_r/AngVelMAE": 0.6179634630680084,
    "Bone/ball_r/AngVelMagMAE": 0.49677424132823944,
    "Bone/ball_r/AngVelMAE": 0.3605564385652542,
    "KeyBone/upperarm_l/GeoDeg": 18.14892292022705,
    "KeyBone/upperarm_l/AngVelMAE": 0.537550151348114,
    "KeyBone/upperarm_l/AngVelMagMAE": 0.5900650024414062,
    "KeyBone/upperarm_l/AngVelMagRel": 0.5799311995506287,
    "KeyBone/upperarm_l/AngVelDirDeg": 89.72582244873047,
    "KeyBone/lowerarm_l/GeoDeg": 11.252909183502197,
    "KeyBone/lowerarm_l/AngVelMAE": 0.38967354595661163,
    "KeyBone/lowerarm_l/AngVelMagMAE": 0.7070873081684113,
    "KeyBone/lowerarm_l/AngVelMagRel": 0.6156916320323944,
    "KeyBone/lowerarm_l/AngVelDirDeg": 91.55619430541992,
    "KeyBone/hand_l/GeoDeg": 11.907353401184082,
    "KeyBone/hand_l/AngVelMAE": 0.2682991027832031,
    "KeyBone/hand_l/AngVelMagMAE": 0.27842964231967926,
    "KeyBone/hand_l/AngVelMagRel": 0.4151705950498581,
    "KeyBone/hand_l/AngVelDirDeg": 90.85473251342773,
    "KeyBone/upperarm_r/GeoDeg": 16.761325359344482,
    "KeyBone/upperarm_r/AngVelMAE": 0.4688962399959564,
    "KeyBone/upperarm_r/AngVelMagMAE": 0.46110066771507263,
    "KeyBone/upperarm_r/AngVelMagRel": 0.47249388694763184,
    "KeyBone/upperarm_r/AngVelDirDeg": 90.2620735168457,
    "KeyBone/lowerarm_r/GeoDeg": 14.837296485900879,
    "KeyBone/lowerarm_r/AngVelMAE": 0.19401351362466812,
    "KeyBone/lowerarm_r/AngVelMagMAE": 0.31747470796108246,
    "KeyBone/lowerarm_r/AngVelMagRel": 0.4054255783557892,
    "KeyBone/lowerarm_r/AngVelDirDeg": 89.7451171875,
    "KeyBone/hand_r/GeoDeg": 16.282913208007812,
    "KeyBone/hand_r/AngVelMAE": 0.4695498049259186,
    "KeyBone/hand_r/AngVelMagMAE": 0.5681686401367188,
    "KeyBone/hand_r/AngVelMagRel": 0.5966476798057556,
    "KeyBone/hand_r/AngVelDirDeg": 90.13471984863281,
    "KeyBone/thigh_l/GeoDeg": 21.1258602142334,
    "KeyBone/thigh_l/AngVelMAE": 0.7019370794296265,
    "KeyBone/thigh_l/AngVelMagMAE": 0.8385196030139923,
    "KeyBone/thigh_l/AngVelMagRel": 0.5855262279510498,
    "KeyBone/thigh_l/AngVelDirDeg": 90.16258239746094,
    "KeyBone/calf_l/GeoDeg": 14.930866718292236,
    "KeyBone/calf_l/AngVelMAE": 0.32982227206230164,
    "KeyBone/calf_l/AngVelMagMAE": 0.6575447618961334,
    "KeyBone/calf_l/AngVelMagRel": 0.5939019620418549,
    "KeyBone/calf_l/AngVelDirDeg": 90.50734329223633,
    "KeyBone/foot_l/GeoDeg": 15.131301403045654,
    "KeyBone/foot_l/AngVelMAE": 0.6272946000099182,
    "KeyBone/foot_l/AngVelMagMAE": 0.6111383438110352,
    "KeyBone/foot_l/AngVelMagRel": 0.4673261195421219,
    "KeyBone/foot_l/AngVelDirDeg": 89.48958969116211,
    "KeyBone/thigh_r/GeoDeg": 18.39685821533203,
    "KeyBone/thigh_r/AngVelMAE": 0.6022683382034302,