{
  "epoch": 14,
  "tag": "valfree",
  "timestamp": "2025-11-04T14:43:29",
  "metrics": {
    "YawAbsDeg": 10.056751251220703,
    "RootVelMAE": 0.11910086497664452,
    "period_abs_mean": 0.8094255924224854,
    "period_abs_std": 0.26148903369903564,
    "GeoDeg": 11.94542932510376,
    "AngVelMAE": 0.2034011334180832,
    "AngVelMagRel": 0.36625613272190094,
    "Bone/pelvis/AngVelMagMAE": 0.15709766000509262,
    "Bone/pelvis/AngVelMAE": 0.19007547199726105,
    "Bone/Bip001/AngVelMagMAE": 4.801345539817703e-06,
    "Bone/Bip001/AngVelMAE": 2.390471991020604e-06,
    "Bone/spine_01/AngVelMagMAE": 0.1580367088317871,
    "Bone/spine_01/AngVelMAE": 0.1789117380976677,
    "Bone/spine_02/AngVelMagMAE": 0.15471462905406952,
    "Bone/spine_02/AngVelMAE": 0.15727639943361282,
    "Bone/clavicle_l/AngVelMagMAE": 0.12961983308196068,
    "Bone/clavicle_l/AngVelMAE": 0.12023993581533432,
    "Bone/upperarm_l/AngVelMagMAE": 0.28845539689064026,
    "Bone/upperarm_l/AngVelMAE": 0.36209072172641754,
    "Bone/RUpArmTwist_l_01/AngVelMagMAE": 0.1277574524283409,
    "Bone/RUpArmTwist_l_01/AngVelMAE": 0.08343367651104927,
    "Bone/RUpArmTwist_l_02/AngVelMagMAE": 0.08895184472203255,
    "Bone/RUpArmTwist_l_02/AngVelMAE": 0.04861726611852646,
    "Bone/lowerarm_l/AngVelMagMAE": 0.4168730676174164,
    "Bone/lowerarm_l/AngVelMAE": 0.2654718905687332,
    "Bone/L_ForeTwist_01/AngVelMagMAE": 0.031805156730115414,
    "Bone/L_ForeTwist_01/AngVelMAE": 0.014896696899086237,
    "Bone/L_ForeTwist_02/AngVelMagMAE": 0.041914202272892,
    "Bone/L_ForeTwist_02/AngVelMAE": 0.016631342470645905,
    "Bone/hand_l/AngVelMagMAE": 0.1719411462545395,
    "Bone/hand_l/AngVelMAE": 0.18899227678775787,
    "Bone/index_01_l/AngVelMagMAE": 0.23425086587667465,
    "Bone/index_01_l/AngVelMAE": 0.1605721414089203,
    "Bone/middle_01_l/AngVelMagMAE": 0.18734106421470642,
    "Bone/middle_01_l/AngVelMAE": 0.117439866065979,
    "Bone/pinky_01_l/AngVelMagMAE": 1.1405407786369324,
    "Bone/pinky_01_l/AngVelMAE": 0.8153156042098999,
    "Bone/ring_01_l/AngVelMagMAE": 0.29713521897792816,
    "Bone/ring_01_l/AngVelMAE": 0.21219178289175034,
    "Bone/thumb_01_l/AngVelMagMAE": 1.2811423540115356,
    "Bone/thumb_01_l/AngVelMAE": 0.8158853054046631,
    "Bone/clavicle_r/AngVelMagMAE": 0.13581692427396774,
    "Bone/clavicle_r/AngVelMAE": 0.12329619005322456,
    "Bone/upperarm_r/AngVelMagMAE": 0.27726617455482483,
    "Bone/upperarm_r/AngVelMAE": 0.34140338003635406,
    "Bone/RUpArmTwist_r_01/AngVelMagMAE": 0.28415440022945404,
    "Bone/RUpArmTwist_r_01/AngVelMAE": 0.15715520828962326,
    "Bone/RUpArmTwist_r_02/AngVelMagMAE": 0.15084708482027054,
    "Bone/RUpArmTwist_r_02/AngVelMAE": 0.08300605416297913,
    "Bone/lowerarm_r/AngVelMagMAE": 0.2207580804824829,
    "Bone/lowerarm_r/AngVelMAE": 0.14443179219961166,
    "Bone/R_ForeTwist_01/AngVelMagMAE": 0.052564531564712524,
    "Bone/R_ForeTwist_01/AngVelMAE": 0.029508305713534355,
    "Bone/R_ForeTwist_02/AngVelMagMAE": 0.06325441226363182,
    "Bone/R_ForeTwist_02/AngVelMAE": 0.031155304983258247,
    "Bone/hand_r/AngVelMagMAE": 0.3172581344842911,
    "Bone/hand_r/AngVelMAE": 0.3186546415090561,
    "Bone/index_01_r/AngVelMagMAE": 0.09000375121831894,
    "Bone/index_01_r/AngVelMAE": 0.06737511605024338,
    "Bone/middle_01_r/AngVelMagMAE": 0.07222375273704529,
    "Bone/middle_01_r/AngVelMAE": 0.05629996582865715,
    "Bone/pinky_01_r/AngVelMagMAE": 0.2522219493985176,
    "Bone/pinky_01_r/AngVelMAE": 0.17363173514604568,
    "Bone/ring_01_r/AngVelMagMAE": 0.08957380428910255,
    "Bone/ring_01_r/AngVelMAE": 0.06752065196633339,
    "Bone/thumb_01_r/AngVelMagMAE": 0.31953392922878265,
    "Bone/thumb_01_r/AngVelMAE": 0.25527189671993256,
    "Bone/neck_01/AngVelMagMAE": 0.14689480513334274,
    "Bone/neck_01/AngVelMAE": 0.1519128680229187,
    "Bone/head/AngVelMagMAE": 0.14849182218313217,
    "Bone/head/AngVelMAE": 0.1681767702102661,
    "Bone/thigh_l/AngVelMagMAE": 0.45552897453308105,
    "Bone/thigh_l/AngVelMAE": 0.4894515573978424,
    "Bone/calf_l/AngVelMagMAE": 0.6268681287765503,
    "Bone/calf_l/AngVelMAE": 0.2928689420223236,
    "Bone/LCalfTwist_01/AngVelMagMAE": 0.07650845125317574,
    "Bone/LCalfTwist_01/AngVelMAE": 0.049240510910749435,
    "Bone/LCalfTwist_02/AngVelMagMAE": 0.07853503152728081,
    "Bone/LCalfTwist_02/AngVelMAE": 0.04827841743826866,
    "Bone/LCalfTwist_03/AngVelMagMAE": 0.09550108388066292,
    "Bone/LCalfTwist_03/AngVelMAE": 0.054252006113529205,
    "Bone/foot_l/AngVelMagMAE": 0.48360103368759155,
    "Bone/foot_l/AngVelMAE": 0.4806549847126007,
    "Bone/ball_l/AngVelMagMAE": 0.32638272643089294,
    "Bone/ball_l/AngVelMAE": 0.23164474219083786,
    "Bone/thigh_r/AngVelMagMAE": 0.4330500215291977,
    "Bone/thigh_r/AngVelMAE": 0.4706161767244339,
    "Bone/calf_r/AngVelMagMAE": 0.6354112923145294,
    "Bone/calf_r/AngVelMAE": 0.35215215384960175,
    "Bone/RCalfTwist_01/AngVelMagMAE": 0.08224198594689369,
    "Bone/RCalfTwist_01/AngVelMAE": 0.04733007587492466,
    "Bone/RCalfTwist_02/AngVelMagMAE": 0.08708538860082626,
    "Bone/RCalfTwist_02/AngVelMAE": 0.05088861659169197,
    "Bone/RCalfTwist_03/AngVelMagMAE": 0.09916986897587776,
    "Bone/RCalfTwist_03/AngVelMAE": 0.05067353695631027,
    "Bone/foot_r/AngVelMagMAE": 0.4926314204931259,
    "Bone/foot_r/AngVelMAE": 0.5078574120998383,
    "Bone/ball_r/AngVelMagMAE": 0.49557723104953766,
    "Bone/ball_r/AngVelMAE": 0.3136979043483734,
    "KeyBone/upperarm_l/GeoDeg": 16.7451810836792,
    "KeyBone/upperarm_l/AngVelMAE": 0.36209072172641754,
    "KeyBone/upperarm_l/AngVelMagMAE": 0.28845539689064026,
    "KeyBone/upperarm_l/AngVelMagRel": 0.32849453389644623,
    "KeyBone/upperarm_l/AngVelDirDeg": 88.8069076538086,
    "KeyBone/lowerarm_l/GeoDeg": 12.016070365905762,
    "KeyBone/lowerarm_l/AngVelMAE": 0.2654718905687332,
    "KeyBone/lowerarm_l/AngVelMagMAE": 0.4168730676174164,
    "KeyBone/lowerarm_l/AngVelMagRel": 0.48883186280727386,
    "KeyBone/lowerarm_l/AngVelDirDeg": 88.83787155151367,
    "KeyBone/hand_l/GeoDeg": 10.020683288574219,
    "KeyBone/hand_l/AngVelMAE": 0.18899227678775787,
    "KeyBone/hand_l/AngVelMagMAE": 0.1719411462545395,
    "KeyBone/hand_l/AngVelMagRel": 0.2959499955177307,
    "KeyBone/hand_l/AngVelDirDeg": 91.12414169311523,
    "KeyBone/upperarm_r/GeoDeg": 16.954238891601562,
    "KeyBone/upperarm_r/AngVelMAE": 0.34140338003635406,
    "KeyBone/upperarm_r/AngVelMagMAE": 0.27726617455482483,
    "KeyBone/upperarm_r/AngVelMagRel": 0.3298352211713791,
    "KeyBone/upperarm_r/AngVelDirDeg": 89.64347076416016,
    "KeyBone/lowerarm_r/GeoDeg": 12.37449836730957,
    "KeyBone/lowerarm_r/AngVelMAE": 0.14443179219961166,
    "KeyBone/lowerarm_r/AngVelMagMAE": 0.2207580804824829,
    "KeyBone/lowerarm_r/AngVelMagRel": 0.3721700459718704,
    "KeyBone/lowerarm_r/AngVelDirDeg": 90.79413604736328,
    "KeyBone/hand_r/GeoDeg": 15.160953521728516,
    "KeyBone/hand_r/AngVelMAE": 0.3186546415090561,
    "KeyBone/hand_r/AngVelMagMAE": 0.3172581344842911,
    "KeyBone/hand_r/AngVelMagRel": 0.39856207370758057,
    "KeyBone/hand_r/AngVelDirDeg": 88.91509246826172,
    "KeyBone/thigh_l/GeoDeg": 19.41609287261963,
    "KeyBone/thigh_l/AngVelMAE": 0.4894515573978424,
    "KeyBone/thigh_l/AngVelMagMAE": 0.45552897453308105,
    "KeyBone/thigh_l/AngVelMagRel": 0.38741064071655273,
    "KeyBone/thigh_l/AngVelDirDeg": 89.3487434387207,
    "KeyBone/calf_l/GeoDeg": 12.908225536346436,
    "KeyBone/calf_l/AngVelMAE": 0.2928689420223236,
    "KeyBone/calf_l/AngVelMagMAE": 0.6268681287765503,
    "KeyBone/calf_l/AngVelMagRel": 0.582176923751831,
    "KeyBone/calf_l/AngVelDirDeg": 88.95668029785156,
    "KeyBone/foot_l/GeoDeg": 14.883010864257812,
    "KeyBone/foot_l/AngVelMAE": 0.4806549847126007,
    "KeyBone/foot_l/AngVelMagMAE": 0.48360103368759155,
    "KeyBone/foot_l/AngVelMagRel": 0.4109969139099121,
    "KeyBone/foot_l/AngVelDirDeg": 89.55930709838867,
    "KeyBone/thigh_r/GeoDeg": 19.033164978027344,