{
  "epoch": 35,
  "tag": "valfree",
  "timestamp": "2025-11-04T19:18:34",
  "metrics": {
    "YawAbsDeg": 8.263574600219727,
    "RootVelMAE": 0.12185025587677956,
    "period_abs_mean": 0.8098558783531189,
    "period_abs_std": 0.25909774005413055,
    "GeoDeg": 13.512367248535156,
    "AngVelMAE": 0.1406819298863411,
    "AngVelMagRel": 0.4449569135904312,
    "Bone/pelvis/AngVelMagMAE": 0.1618800386786461,
    "Bone/pelvis/AngVelMAE": 0.12382552772760391,
    "Bone/Bip001/AngVelMagMAE": 1.687770122771326e-06,
    "Bone/Bip001/AngVelMAE": 8.390516086365096e-07,
    "Bone/spine_01/AngVelMagMAE": 0.09451630711555481,
    "Bone/spine_01/AngVelMAE": 0.09837032854557037,
    "Bone/spine_02/AngVelMagMAE": 0.10151577368378639,
    "Bone/spine_02/AngVelMAE": 0.0928662046790123,
    "Bone/clavicle_l/AngVelMagMAE": 0.12781554460525513,
    "Bone/clavicle_l/AngVelMAE": 0.09105527028441429,
    "Bone/upperarm_l/AngVelMagMAE": 0.23907199501991272,
    "Bone/upperarm_l/AngVelMAE": 0.23438512533903122,
    "Bone/RUpArmTwist_l_01/AngVelMagMAE": 0.0872051864862442,
    "Bone/RUpArmTwist_l_01/AngVelMAE": 0.047278376296162605,
    "Bone/RUpArmTwist_l_02/AngVelMagMAE": 0.06142762117087841,
    "Bone/RUpArmTwist_l_02/AngVelMAE": 0.028907878324389458,
    "Bone/lowerarm_l/AngVelMagMAE": 0.3355449438095093,
    "Bone/lowerarm_l/AngVelMAE": 0.16770487278699875,
    "Bone/L_ForeTwist_01/AngVelMagMAE": 0.042386626824736595,
    "Bone/L_ForeTwist_01/AngVelMAE": 0.016302638687193394,
    "Bone/L_ForeTwist_02/AngVelMagMAE": 0.04817027784883976,
    "Bone/L_ForeTwist_02/AngVelMAE": 0.017410180531442165,
    "Bone/hand_l/AngVelMagMAE": 0.16972660273313522,
    "Bone/hand_l/AngVelMAE": 0.14187470078468323,
    "Bone/index_01_l/AngVelMagMAE": 0.09183712303638458,
    "Bone/index_01_l/AngVelMAE": 0.0782393179833889,
    "Bone/middle_01_l/AngVelMagMAE": 0.07711805030703545,
    "Bone/middle_01_l/AngVelMAE": 0.06009971350431442,
    "Bone/pinky_01_l/AngVelMagMAE": 0.7605541050434113,
    "Bone/pinky_01_l/AngVelMAE": 0.5654548406600952,
    "Bone/ring_01_l/AngVelMagMAE": 0.1356337070465088,
    "Bone/ring_01_l/AngVelMAE": 0.10740701481699944,
    "Bone/thumb_01_l/AngVelMagMAE": 0.4424564838409424,
    "Bone/thumb_01_l/AngVelMAE": 0.3629465699195862,
    "Bone/clavicle_r/AngVelMagMAE": 0.073980163782835,
    "Bone/clavicle_r/AngVelMAE": 0.0692000649869442,
    "Bone/upperarm_r/AngVelMagMAE": 0.2850588262081146,
    "Bone/upperarm_r/AngVelMAE": 0.24439731985330582,
    "Bone/RUpArmTwist_r_01/AngVelMagMAE": 0.1520925611257553,
    "Bone/RUpArmTwist_r_01/AngVelMAE": 0.08960356563329697,
    "Bone/RUpArmTwist_r_02/AngVelMagMAE": 0.08483745157718658,
    "Bone/RUpArmTwist_r_02/AngVelMAE": 0.04833484627306461,
    "Bone/lowerarm_r/AngVelMagMAE": 0.2129446044564247,
    "Bone/lowerarm_r/AngVelMAE": 0.10931519418954849,
    "Bone/R_ForeTwist_01/AngVelMagMAE": 0.04574611037969589,
    "Bone/R_ForeTwist_01/AngVelMAE": 0.021295837126672268,
    "Bone/R_ForeTwist_02/AngVelMagMAE": 0.05587640963494778,
    "Bone/R_ForeTwist_02/AngVelMAE": 0.023653140291571617,
    "Bone/hand_r/AngVelMagMAE": 0.25355594605207443,
    "Bone/hand_r/AngVelMAE": 0.21919512003660202,
    "Bone/index_01_r/AngVelMagMAE": 0.09220947325229645,
    "Bone/index_01_r/AngVelMAE": 0.05496545322239399,
    "Bone/middle_01_r/AngVelMagMAE": 0.07955754920840263,
    "Bone/middle_01_r/AngVelMAE": 0.04682185687124729,
    "Bone/pinky_01_r/AngVelMagMAE": 0.2998836934566498,
    "Bone/pinky_01_r/AngVelMAE": 0.1677996590733528,
    "Bone/ring_01_r/AngVelMagMAE": 0.10496434569358826,
    "Bone/ring_01_r/AngVelMAE": 0.06147957406938076,
    "Bone/thumb_01_r/AngVelMagMAE": 0.3091821223497391,
    "Bone/thumb_01_r/AngVelMAE": 0.20185226202011108,
    "Bone/neck_01/AngVelMagMAE": 0.09378575533628464,
    "Bone/neck_01/AngVelMAE": 0.08846529200673103,
    "Bone/head/AngVelMagMAE": 0.14832628518342972,
    "Bone/head/AngVelMAE": 0.12033437192440033,
    "Bone/thigh_l/AngVelMagMAE": 0.3875206261873245,
    "Bone/thigh_l/AngVelMAE": 0.320404976606369,
    "Bone/calf_l/AngVelMagMAE": 0.6499140560626984,
    "Bone/calf_l/AngVelMAE": 0.2522583454847336,
    "Bone/LCalfTwist_01/AngVelMagMAE": 0.07221648842096329,
    "Bone/LCalfTwist_01/AngVelMAE": 0.034979719668626785,
    "Bone/LCalfTwist_02/AngVelMagMAE": 0.07015614584088326,
    "Bone/LCalfTwist_02/AngVelMAE": 0.036386242136359215,
    "Bone/LCalfTwist_03/AngVelMagMAE": 0.08348584547638893,
    "Bone/LCalfTwist_03/AngVelMAE": 0.03856681101024151,
    "Bone/foot_l/AngVelMagMAE": 0.6264669001102448,
    "Bone/foot_l/AngVelMAE": 0.39754272997379303,
    "Bone/ball_l/AngVelMagMAE": 0.3215530663728714,
    "Bone/ball_l/AngVelMAE": 0.18219006061553955,
    "Bone/thigh_r/AngVelMagMAE": 0.44222576916217804,
    "Bone/thigh_r/AngVelMAE": 0.3449140191078186,
    "Bone/calf_r/AngVelMagMAE": 0.6587991416454315,
    "Bone/calf_r/AngVelMAE": 0.2838871628046036,
    "Bone/RCalfTwist_01/AngVelMagMAE": 0.07578137516975403,
    "Bone/RCalfTwist_01/AngVelMAE": 0.03589595481753349,
    "Bone/RCalfTwist_02/AngVelMagMAE": 0.07862219586968422,
    "Bone/RCalfTwist_02/AngVelMAE": 0.03595972992479801,
    "Bone/RCalfTwist_03/AngVelMagMAE": 0.09078168123960495,
    "Bone/RCalfTwist_03/AngVelMAE": 0.03830394893884659,
    "Bone/foot_r/AngVelMagMAE": 0.5834968090057373,
    "Bone/foot_r/AngVelMAE": 0.3955296725034714,
    "Bone/ball_r/AngVelMagMAE": 0.5507179796695709,
    "Bone/ball_r/AngVelMAE": 0.27370668947696686,
    "KeyBone/upperarm_l/GeoDeg": 18.60554313659668,
    "KeyBone/upperarm_l/AngVelMAE": 0.23438512533903122,
    "KeyBone/upperarm_l/AngVelMagMAE": 0.23907199501991272,
    "KeyBone/upperarm_l/AngVelMagRel": 0.4119715392589569,
    "KeyBone/upperarm_l/AngVelDirDeg": 90.33416748046875,
    "KeyBone/lowerarm_l/GeoDeg": 11.120306015014648,
    "KeyBone/lowerarm_l/AngVelMAE": 0.16770487278699875,
    "KeyBone/lowerarm_l/AngVelMagMAE": 0.3355449438095093,
    "KeyBone/lowerarm_l/AngVelMagRel": 0.5925029218196869,
    "KeyBone/lowerarm_l/AngVelDirDeg": 90.57122039794922,
    "KeyBone/hand_l/GeoDeg": 12.312745571136475,
    "KeyBone/hand_l/AngVelMAE": 0.14187470078468323,
    "KeyBone/hand_l/AngVelMagMAE": 0.16972660273313522,
    "KeyBone/hand_l/AngVelMagRel": 0.33165407180786133,
    "KeyBone/hand_l/AngVelDirDeg": 90.17395401000977,
    "KeyBone/upperarm_r/GeoDeg": 16.2542405128479,
    "KeyBone/upperarm_r/AngVelMAE": 0.24439731985330582,
    "KeyBone/upperarm_r/AngVelMagMAE": 0.2850588262081146,
    "KeyBone/upperarm_r/AngVelMagRel": 0.43322816491127014,
    "KeyBone/upperarm_r/AngVelDirDeg": 89.74187088012695,
    "KeyBone/lowerarm_r/GeoDeg": 15.218501091003418,
    "KeyBone/lowerarm_r/AngVelMAE": 0.10931519418954849,
    "KeyBone/lowerarm_r/AngVelMagMAE": 0.2129446044564247,
    "KeyBone/lowerarm_r/AngVelMagRel": 0.4760831445455551,
    "KeyBone/lowerarm_r/AngVelDirDeg": 89.73025894165039,
    "KeyBone/hand_r/GeoDeg": 16.86871337890625,
    "KeyBone/hand_r/AngVelMAE": 0.21919512003660202,
    "KeyBone/hand_r/AngVelMagMAE": 0.25355594605207443,
    "KeyBone/hand_r/AngVelMagRel": 0.4014761298894882,
    "KeyBone/hand_r/AngVelDirDeg": 89.720947265625,
    "KeyBone/thigh_l/GeoDeg": 20.47241973876953,
    "KeyBone/thigh_l/AngVelMAE": 0.320404976606369,
    "KeyBone/thigh_l/AngVelMagMAE": 0.3875206261873245,
    "KeyBone/thigh_l/AngVelMagRel": 0.49367281794548035,
    "KeyBone/thigh_l/AngVelDirDeg": 89.88981628417969,
    "KeyBone/calf_l/GeoDeg": 14.396055698394775,
    "KeyBone/calf_l/AngVelMAE": 0.2522583454847336,
    "KeyBone/calf_l/AngVelMagMAE": 0.6499140560626984,
    "KeyBone/calf_l/AngVelMagRel": 0.7845720946788788,
    "KeyBone/calf_l/AngVelDirDeg": 90.93729019165039,
    "KeyBone/foot_l/GeoDeg": 14.61011028289795,
    "KeyBone/foot_l/AngVelMAE": 0.39754272997379303,
    "KeyBone/foot_l/AngVelMagMAE": 0.6264669001102448,
    "KeyBone/foot_l/AngVelMagRel": 0.656537652015686,
    "KeyBone/foot_l/AngVelDirDeg": 89.82361602783203,
    "KeyBone/thigh_r/GeoDeg": 18.34531593322754,