{
  "epoch": 24,
  "tag": "valfree",
  "timestamp": "2025-11-04T16:02:59",
  "metrics": {
    "YawAbsDeg": 9.056799173355103,
    "RootVelMAE": 0.11842199042439461,
    "period_abs_mean": 0.8129315972328186,
    "period_abs_std": 0.25819966197013855,
    "GeoDeg": 12.118733882904053,
    "AngVelMAE": 0.13952744007110596,
    "AngVelMagRel": 0.40768399834632874,
    "Bone/pelvis/AngVelMagMAE": 0.172952800989151,
    "Bone/pelvis/AngVelMAE": 0.1411333829164505,
    "Bone/Bip001/AngVelMagMAE": 1.9986184724984923e-06,
    "Bone/Bip001/AngVelMAE": 1.0031933470600052e-06,
    "Bone/spine_01/AngVelMagMAE": 0.10604235157370567,
    "Bone/spine_01/AngVelMAE": 0.11272208020091057,
    "Bone/spine_02/AngVelMagMAE": 0.11705486476421356,
    "Bone/spine_02/AngVelMAE": 0.10607194155454636,
    "Bone/clavicle_l/AngVelMagMAE": 0.0891360379755497,
    "Bone/clavicle_l/AngVelMAE": 0.07676508277654648,
    "Bone/upperarm_l/AngVelMagMAE": 0.21268341690301895,
    "Bone/upperarm_l/AngVelMAE": 0.23522280901670456,
    "Bone/RUpArmTwist_l_01/AngVelMagMAE": 0.09406612813472748,
    "Bone/RUpArmTwist_l_01/AngVelMAE": 0.05440730229020119,
    "Bone/RUpArmTwist_l_02/AngVelMagMAE": 0.06632339954376221,
    "Bone/RUpArmTwist_l_02/AngVelMAE": 0.0326189287006855,
    "Bone/lowerarm_l/AngVelMagMAE": 0.30306585133075714,
    "Bone/lowerarm_l/AngVelMAE": 0.16950737684965134,
    "Bone/L_ForeTwist_01/AngVelMagMAE": 0.028247682377696037,
    "Bone/L_ForeTwist_01/AngVelMAE": 0.011587184388190508,
    "Bone/L_ForeTwist_02/AngVelMagMAE": 0.03323308192193508,
    "Bone/L_ForeTwist_02/AngVelMAE": 0.012188754975795746,
    "Bone/hand_l/AngVelMagMAE": 0.14653240144252777,
    "Bone/hand_l/AngVelMAE": 0.13381587713956833,
    "Bone/index_01_l/AngVelMagMAE": 0.09957007318735123,
    "Bone/index_01_l/AngVelMAE": 0.07977670058608055,
    "Bone/middle_01_l/AngVelMagMAE": 0.08038349449634552,
    "Bone/middle_01_l/AngVelMAE": 0.05863623134791851,
    "Bone/pinky_01_l/AngVelMagMAE": 0.7338361740112305,
    "Bone/pinky_01_l/AngVelMAE": 0.5228222608566284,
    "Bone/ring_01_l/AngVelMagMAE": 0.13676311820745468,
    "Bone/ring_01_l/AngVelMAE": 0.10401778668165207,
    "Bone/thumb_01_l/AngVelMagMAE": 0.5009479820728302,
    "Bone/thumb_01_l/AngVelMAE": 0.3748796880245209,
    "Bone/clavicle_r/AngVelMagMAE": 0.06722868978977203,
    "Bone/clavicle_r/AngVelMAE": 0.06983307003974915,
    "Bone/upperarm_r/AngVelMagMAE": 0.2400091290473938,
    "Bone/upperarm_r/AngVelMAE": 0.23599214851856232,
    "Bone/RUpArmTwist_r_01/AngVelMagMAE": 0.14009752124547958,
    "Bone/RUpArmTwist_r_01/AngVelMAE": 0.08646466210484505,
    "Bone/RUpArmTwist_r_02/AngVelMagMAE": 0.08109750226140022,
    "Bone/RUpArmTwist_r_02/AngVelMAE": 0.04618131183087826,
    "Bone/lowerarm_r/AngVelMagMAE": 0.20035921037197113,
    "Bone/lowerarm_r/AngVelMAE": 0.10994512587785721,
    "Bone/R_ForeTwist_01/AngVelMagMAE": 0.03698607534170151,
    "Bone/R_ForeTwist_01/AngVelMAE": 0.018487424589693546,
    "Bone/R_ForeTwist_02/AngVelMagMAE": 0.04876585863530636,
    "Bone/R_ForeTwist_02/AngVelMAE": 0.020926070399582386,
    "Bone/hand_r/AngVelMagMAE": 0.2052597925066948,
    "Bone/hand_r/AngVelMAE": 0.2043590098619461,
    "Bone/index_01_r/AngVelMagMAE": 0.08383698016405106,
    "Bone/index_01_r/AngVelMAE": 0.04966508410871029,
    "Bone/middle_01_r/AngVelMagMAE": 0.0738726370036602,
    "Bone/middle_01_r/AngVelMAE": 0.04356791824102402,
    "Bone/pinky_01_r/AngVelMagMAE": 0.23648161441087723,
    "Bone/pinky_01_r/AngVelMAE": 0.13682037219405174,
    "Bone/ring_01_r/AngVelMagMAE": 0.08902659267187119,
    "Bone/ring_01_r/AngVelMAE": 0.0528206005692482,
    "Bone/thumb_01_r/AngVelMagMAE": 0.27193886786699295,
    "Bone/thumb_01_r/AngVelMAE": 0.17451780289411545,
    "Bone/neck_01/AngVelMagMAE": 0.09511927142739296,
    "Bone/neck_01/AngVelMAE": 0.0934770405292511,
    "Bone/head/AngVelMagMAE": 0.13104116916656494,
    "Bone/head/AngVelMAE": 0.11819134652614594,
    "Bone/thigh_l/AngVelMagMAE": 0.3590109795331955,
    "Bone/thigh_l/AngVelMAE": 0.34221673011779785,
    "Bone/calf_l/AngVelMagMAE": 0.7133387625217438,
    "Bone/calf_l/AngVelMAE": 0.27749429643154144,
    "Bone/LCalfTwist_01/AngVelMagMAE": 0.062399886548519135,
    "Bone/LCalfTwist_01/AngVelMAE": 0.032902748323976994,
    "Bone/LCalfTwist_02/AngVelMagMAE": 0.060843417420983315,
    "Bone/LCalfTwist_02/AngVelMAE": 0.03427736461162567,
    "Bone/LCalfTwist_03/AngVelMagMAE": 0.07783389836549759,
    "Bone/LCalfTwist_03/AngVelMAE": 0.03705828823149204,
    "Bone/foot_l/AngVelMagMAE": 0.557031124830246,
    "Bone/foot_l/AngVelMAE": 0.39078080654144287,
    "Bone/ball_l/AngVelMagMAE": 0.32343773543834686,
    "Bone/ball_l/AngVelMAE": 0.18776553869247437,
    "Bone/thigh_r/AngVelMagMAE": 0.4038827568292618,
    "Bone/thigh_r/AngVelMAE": 0.3588704615831375,
    "Bone/calf_r/AngVelMagMAE": 0.6429674625396729,
    "Bone/calf_r/AngVelMAE": 0.28582172095775604,
    "Bone/RCalfTwist_01/AngVelMagMAE": 0.06757235340774059,
    "Bone/RCalfTwist_01/AngVelMAE": 0.03410437237471342,
    "Bone/RCalfTwist_02/AngVelMagMAE": 0.0697595402598381,
    "Bone/RCalfTwist_02/AngVelMAE": 0.03377415519207716,
    "Bone/RCalfTwist_03/AngVelMagMAE": 0.08545250073075294,
    "Bone/RCalfTwist_03/AngVelMAE": 0.03654005005955696,
    "Bone/foot_r/AngVelMagMAE": 0.5840390622615814,
    "Bone/foot_r/AngVelMAE": 0.4083160161972046,
    "Bone/ball_r/AngVelMagMAE": 0.5267472267150879,
    "Bone/ball_r/AngVelMAE": 0.270917147397995,
    "KeyBone/upperarm_l/GeoDeg": 17.270692348480225,
    "KeyBone/upperarm_l/AngVelMAE": 0.23522280901670456,
    "KeyBone/upperarm_l/AngVelMagMAE": 0.21268341690301895,
    "KeyBone/upperarm_l/AngVelMagRel": 0.3435840904712677,
    "KeyBone/upperarm_l/AngVelDirDeg": 90.92300415039062,
    "KeyBone/lowerarm_l/GeoDeg": 11.359039783477783,
    "KeyBone/lowerarm_l/AngVelMAE": 0.16950737684965134,
    "KeyBone/lowerarm_l/AngVelMagMAE": 0.30306585133075714,
    "KeyBone/lowerarm_l/AngVelMagRel": 0.5039282292127609,
    "KeyBone/lowerarm_l/AngVelDirDeg": 90.34346771240234,
    "KeyBone/hand_l/GeoDeg": 10.375522136688232,
    "KeyBone/hand_l/AngVelMAE": 0.13381587713956833,
    "KeyBone/hand_l/AngVelMagMAE": 0.14653240144252777,
    "KeyBone/hand_l/AngVelMagRel": 0.2705211043357849,
    "KeyBone/hand_l/AngVelDirDeg": 90.37139129638672,
    "KeyBone/upperarm_r/GeoDeg": 16.860673904418945,
    "KeyBone/upperarm_r/AngVelMAE": 0.23599214851856232,
    "KeyBone/upperarm_r/AngVelMagMAE": 0.2400091290473938,
    "KeyBone/upperarm_r/AngVelMagRel": 0.3463335335254669,
    "KeyBone/upperarm_r/AngVelDirDeg": 89.71044158935547,
    "KeyBone/lowerarm_r/GeoDeg": 13.046078205108643,
    "KeyBone/lowerarm_r/AngVelMAE": 0.10994512587785721,
    "KeyBone/lowerarm_r/AngVelMagMAE": 0.20035921037197113,
    "KeyBone/lowerarm_r/AngVelMagRel": 0.43947385251522064,
    "KeyBone/lowerarm_r/AngVelDirDeg": 88.04457473754883,
    "KeyBone/hand_r/GeoDeg": 15.076097965240479,
    "KeyBone/hand_r/AngVelMAE": 0.2043590098619461,
    "KeyBone/hand_r/AngVelMagMAE": 0.2052597925066948,
    "KeyBone/hand_r/AngVelMagRel": 0.3298546373844147,
    "KeyBone/hand_r/AngVelDirDeg": 90.49040985107422,
    "KeyBone/thigh_l/GeoDeg": 20.11339569091797,
    "KeyBone/thigh_l/AngVelMAE": 0.34221673011779785,
    "KeyBone/thigh_l/AngVelMagMAE": 0.3590109795331955,
    "KeyBone/thigh_l/AngVelMagRel": 0.4128982275724411,
    "KeyBone/thigh_l/AngVelDirDeg": 91.71452331542969,
    "KeyBone/calf_l/GeoDeg": 14.18855905532837,
    "KeyBone/calf_l/AngVelMAE": 0.27749429643154144,
    "KeyBone/calf_l/AngVelMagMAE": 0.7133387625217438,
    "KeyBone/calf_l/AngVelMagRel": 0.7653660774230957,
    "KeyBone/calf_l/AngVelDirDeg": 88.4342269897461,
    "KeyBone/foot_l/GeoDeg": 15.154162406921387,
    "KeyBone/foot_l/AngVelMAE": 0.39078080654144287,
    "KeyBone/foot_l/AngVelMagMAE": 0.557031124830246,
    "KeyBone/foot_l/AngVelMagRel": 0.5549170970916748,
    "KeyBone/foot_l/AngVelDirDeg": 90.03710174560547,
    "KeyBone/thigh_r/GeoDeg": 18.60260581970215,