{
  "epoch": 11,
  "tag": "valfree",
  "timestamp": "2025-11-04T14:19:40",
  "metrics": {
    "YawAbsDeg": 8.522275924682617,
    "RootVelMAE": 0.1270858608186245,
    "period_abs_mean": 0.8109132349491119,
    "period_abs_std": 0.2575903981924057,
    "GeoDeg": 13.561996936798096,
    "AngVelMAE": 0.2618650943040848,
    "AngVelMagRel": 0.4356399327516556,
    "Bone/pelvis/AngVelMagMAE": 0.22932112216949463,
    "Bone/pelvis/AngVelMAE": 0.22993022948503494,
    "Bone/Bip001/AngVelMagMAE": 6.9719937982881675e-06,
    "Bone/Bip001/AngVelMAE": 3.4781859312715824e-06,
    "Bone/spine_01/AngVelMagMAE": 0.2746279686689377,
    "Bone/spine_01/AngVelMAE": 0.22900475561618805,
    "Bone/spine_02/AngVelMagMAE": 0.2272281050682068,
    "Bone/spine_02/AngVelMAE": 0.19343017786741257,
    "Bone/clavicle_l/AngVelMagMAE": 0.17748739570379257,
    "Bone/clavicle_l/AngVelMAE": 0.16757111996412277,
    "Bone/upperarm_l/AngVelMagMAE": 0.4796498864889145,
    "Bone/upperarm_l/AngVelMAE": 0.48355212807655334,
    "Bone/RUpArmTwist_l_01/AngVelMagMAE": 0.1909511461853981,
    "Bone/RUpArmTwist_l_01/AngVelMAE": 0.10904332995414734,
    "Bone/RUpArmTwist_l_02/AngVelMagMAE": 0.11389309912919998,
    "Bone/RUpArmTwist_l_02/AngVelMAE": 0.059074047952890396,
    "Bone/lowerarm_l/AngVelMagMAE": 0.5990576148033142,
    "Bone/lowerarm_l/AngVelMAE": 0.3465653955936432,
    "Bone/L_ForeTwist_01/AngVelMagMAE": 0.04494744911789894,
    "Bone/L_ForeTwist_01/AngVelMAE": 0.022984027862548828,
    "Bone/L_ForeTwist_02/AngVelMagMAE": 0.059595877304673195,
    "Bone/L_ForeTwist_02/AngVelMAE": 0.024918179027736187,
    "Bone/hand_l/AngVelMagMAE": 0.24941667914390564,
    "Bone/hand_l/AngVelMAE": 0.25109434127807617,
    "Bone/index_01_l/AngVelMagMAE": 0.3465794026851654,
    "Bone/index_01_l/AngVelMAE": 0.22898725420236588,
    "Bone/middle_01_l/AngVelMagMAE": 0.2670041471719742,
    "Bone/middle_01_l/AngVelMAE": 0.16241693496704102,
    "Bone/pinky_01_l/AngVelMagMAE": 1.5146388411521912,
    "Bone/pinky_01_l/AngVelMAE": 1.1214561462402344,
    "Bone/ring_01_l/AngVelMagMAE": 0.4232107698917389,
    "Bone/ring_01_l/AngVelMAE": 0.29353080689907074,
    "Bone/thumb_01_l/AngVelMagMAE": 1.8560540676116943,
    "Bone/thumb_01_l/AngVelMAE": 1.166628658771515,
    "Bone/clavicle_r/AngVelMagMAE": 0.21176744252443314,
    "Bone/clavicle_r/AngVelMAE": 0.1713256984949112,
    "Bone/upperarm_r/AngVelMagMAE": 0.3956681340932846,
    "Bone/upperarm_r/AngVelMAE": 0.44357679784297943,
    "Bone/RUpArmTwist_r_01/AngVelMagMAE": 0.46572597324848175,
    "Bone/RUpArmTwist_r_01/AngVelMAE": 0.23881692439317703,
    "Bone/RUpArmTwist_r_02/AngVelMagMAE": 0.221395343542099,
    "Bone/RUpArmTwist_r_02/AngVelMAE": 0.11645971238613129,
    "Bone/lowerarm_r/AngVelMagMAE": 0.2808753550052643,
    "Bone/lowerarm_r/AngVelMAE": 0.1760696992278099,
    "Bone/R_ForeTwist_01/AngVelMagMAE": 0.0745275542140007,
    "Bone/R_ForeTwist_01/AngVelMAE": 0.04242895543575287,
    "Bone/R_ForeTwist_02/AngVelMagMAE": 0.08428198844194412,
    "Bone/R_ForeTwist_02/AngVelMAE": 0.04271056689321995,
    "Bone/hand_r/AngVelMagMAE": 0.46892836689949036,
    "Bone/hand_r/AngVelMAE": 0.43450434505939484,
    "Bone/index_01_r/AngVelMagMAE": 0.09629584848880768,
    "Bone/index_01_r/AngVelMAE": 0.08500140905380249,
    "Bone/middle_01_r/AngVelMagMAE": 0.06709367409348488,
    "Bone/middle_01_r/AngVelMAE": 0.06796631962060928,
    "Bone/pinky_01_r/AngVelMagMAE": 0.26227959990501404,
    "Bone/pinky_01_r/AngVelMAE": 0.21501626819372177,
    "Bone/ring_01_r/AngVelMagMAE": 0.08679697290062904,
    "Bone/ring_01_r/AngVelMAE": 0.08226709812879562,
    "Bone/thumb_01_r/AngVelMagMAE": 0.36279401183128357,
    "Bone/thumb_01_r/AngVelMAE": 0.32879234850406647,
    "Bone/neck_01/AngVelMagMAE": 0.21670404821634293,
    "Bone/neck_01/AngVelMAE": 0.19491064548492432,
    "Bone/head/AngVelMagMAE": 0.19989071041345596,
    "Bone/head/AngVelMAE": 0.20709259808063507,
    "Bone/thigh_l/AngVelMagMAE": 0.7367812395095825,
    "Bone/thigh_l/AngVelMAE": 0.6321367919445038,
    "Bone/calf_l/AngVelMagMAE": 0.5980553030967712,
    "Bone/calf_l/AngVelMAE": 0.29947854578495026,
    "Bone/LCalfTwist_01/AngVelMagMAE": 0.10319780185818672,
    "Bone/LCalfTwist_01/AngVelMAE": 0.06351286545395851,
    "Bone/LCalfTwist_02/AngVelMagMAE": 0.09884901717305183,
    "Bone/LCalfTwist_02/AngVelMAE": 0.06323287449777126,
    "Bone/LCalfTwist_03/AngVelMagMAE": 0.12715190649032593,
    "Bone/LCalfTwist_03/AngVelMAE": 0.07293624803423882,
    "Bone/foot_l/AngVelMagMAE": 0.5725716948509216,
    "Bone/foot_l/AngVelMAE": 0.5871208906173706,
    "Bone/ball_l/AngVelMagMAE": 0.36262525618076324,
    "Bone/ball_l/AngVelMAE": 0.27202534675598145,
    "Bone/thigh_r/AngVelMagMAE": 0.5669635236263275,
    "Bone/thigh_r/AngVelMAE": 0.5579777956008911,
    "Bone/calf_r/AngVelMagMAE": 0.7404699921607971,
    "Bone/calf_r/AngVelMAE": 0.4227774888277054,
    "Bone/RCalfTwist_01/AngVelMagMAE": 0.10450780764222145,
    "Bone/RCalfTwist_01/AngVelMAE": 0.06217201054096222,
    "Bone/RCalfTwist_02/AngVelMagMAE": 0.11268573626875877,
    "Bone/RCalfTwist_02/AngVelMAE": 0.066506527364254,
    "Bone/RCalfTwist_03/AngVelMagMAE": 0.11559444665908813,
    "Bone/RCalfTwist_03/AngVelMAE": 0.06542196124792099,
    "Bone/foot_r/AngVelMagMAE": 0.5382474064826965,
    "Bone/foot_r/AngVelMAE": 0.5921039581298828,
    "Bone/ball_r/AngVelMagMAE": 0.48751598596572876,
    "Bone/ball_r/AngVelMAE": 0.351260781288147,
    "KeyBone/upperarm_l/GeoDeg": 18.28780174255371,
    "KeyBone/upperarm_l/AngVelMAE": 0.48355212807655334,
    "KeyBone/upperarm_l/AngVelMagMAE": 0.4796498864889145,
    "KeyBone/upperarm_l/AngVelMagRel": 0.47547541558742523,
    "KeyBone/upperarm_l/AngVelDirDeg": 90.158447265625,
    "KeyBone/lowerarm_l/GeoDeg": 11.682779312133789,
    "KeyBone/lowerarm_l/AngVelMAE": 0.3465653955936432,
    "KeyBone/lowerarm_l/AngVelMagMAE": 0.5990576148033142,
    "KeyBone/lowerarm_l/AngVelMagRel": 0.5544306039810181,
    "KeyBone/lowerarm_l/AngVelDirDeg": 88.66260528564453,
    "KeyBone/hand_l/GeoDeg": 12.232267379760742,
    "KeyBone/hand_l/AngVelMAE": 0.25109434127807617,
    "KeyBone/hand_l/AngVelMagMAE": 0.24941667914390564,
    "KeyBone/hand_l/AngVelMagRel": 0.3707231879234314,
    "KeyBone/hand_l/AngVelDirDeg": 90.22015762329102,
    "KeyBone/upperarm_r/GeoDeg": 16.901010036468506,
    "KeyBone/upperarm_r/AngVelMAE": 0.44357679784297943,
    "KeyBone/upperarm_r/AngVelMagMAE": 0.3956681340932846,
    "KeyBone/upperarm_r/AngVelMagRel": 0.41049477458000183,
    "KeyBone/upperarm_r/AngVelDirDeg": 90.7623062133789,
    "KeyBone/lowerarm_r/GeoDeg": 15.294448852539062,
    "KeyBone/lowerarm_r/AngVelMAE": 0.1760696992278099,
    "KeyBone/lowerarm_r/AngVelMagMAE": 0.2808753550052643,
    "KeyBone/lowerarm_r/AngVelMagRel": 0.40497760474681854,
    "KeyBone/lowerarm_r/AngVelDirDeg": 91.08553695678711,
    "KeyBone/hand_r/GeoDeg": 17.201132774353027,
    "KeyBone/hand_r/AngVelMAE": 0.43450434505939484,
    "KeyBone/hand_r/AngVelMagMAE": 0.46892836689949036,
    "KeyBone/hand_r/AngVelMagRel": 0.48532040417194366,
    "KeyBone/hand_r/AngVelDirDeg": 90.51531982421875,
    "KeyBone/thigh_l/GeoDeg": 20.878463745117188,
    "KeyBone/thigh_l/AngVelMAE": 0.6321367919445038,
    "KeyBone/thigh_l/AngVelMagMAE": 0.7367812395095825,
    "KeyBone/thigh_l/AngVelMagRel": 0.5200127363204956,
    "KeyBone/thigh_l/AngVelDirDeg": 89.6036605834961,
    "KeyBone/calf_l/GeoDeg": 14.556257247924805,
    "KeyBone/calf_l/AngVelMAE": 0.29947854578495026,
    "KeyBone/calf_l/AngVelMagMAE": 0.5980553030967712,
    "KeyBone/calf_l/AngVelMagRel": 0.5699895024299622,
    "KeyBone/calf_l/AngVelDirDeg": 88.82114791870117,
    "KeyBone/foot_l/GeoDeg": 15.02342939376831,
    "KeyBone/foot_l/AngVelMAE": 0.5871208906173706,
    "KeyBone/foot_l/AngVelMagMAE": 0.5725716948509216,
    "KeyBone/foot_l/AngVelMagRel": 0.43688708543777466,
    "KeyBone/foot_l/AngVelDirDeg": 88.51676177978516,
    "KeyBone/thigh_r/GeoDeg": 18.56419849395752,