{
  "epoch": 20,
  "tag": "valfree",
  "timestamp": "2025-11-04T15:31:07",
  "metrics": {
    "YawAbsDeg": 7.772834777832031,
    "RootVelMAE": 0.11939232051372528,
    "period_abs_mean": 0.8150144219398499,
    "period_abs_std": 0.25568097829818726,
    "GeoDeg": 13.568464756011963,
    "AngVelMAE": 0.1498626321554184,
    "AngVelMagRel": 0.3901062160730362,
    "Bone/pelvis/AngVelMagMAE": 0.14688420295715332,
    "Bone/pelvis/AngVelMAE": 0.13536665588617325,
    "Bone/Bip001/AngVelMagMAE": 2.3071330588209094e-06,
    "Bone/Bip001/AngVelMAE": 1.1504396297823405e-06,
    "Bone/spine_01/AngVelMagMAE": 0.08844463527202606,
    "Bone/spine_01/AngVelMAE": 0.10941878333687782,
    "Bone/spine_02/AngVelMagMAE": 0.09657652676105499,
    "Bone/spine_02/AngVelMAE": 0.10160384327173233,
    "Bone/clavicle_l/AngVelMagMAE": 0.1213303804397583,
    "Bone/clavicle_l/AngVelMAE": 0.09699901938438416,
    "Bone/upperarm_l/AngVelMagMAE": 0.20553851872682571,
    "Bone/upperarm_l/AngVelMAE": 0.25429049134254456,
    "Bone/RUpArmTwist_l_01/AngVelMagMAE": 0.08822310715913773,
    "Bone/RUpArmTwist_l_01/AngVelMAE": 0.05371766537427902,
    "Bone/RUpArmTwist_l_02/AngVelMagMAE": 0.06316554918885231,
    "Bone/RUpArmTwist_l_02/AngVelMAE": 0.031905582174658775,
    "Bone/lowerarm_l/AngVelMagMAE": 0.3046369105577469,
    "Bone/lowerarm_l/AngVelMAE": 0.17679593712091446,
    "Bone/L_ForeTwist_01/AngVelMagMAE": 0.041574882343411446,
    "Bone/L_ForeTwist_01/AngVelMAE": 0.016644065733999014,
    "Bone/L_ForeTwist_02/AngVelMagMAE": 0.047944312915205956,
    "Bone/L_ForeTwist_02/AngVelMAE": 0.017825613729655743,
    "Bone/hand_l/AngVelMagMAE": 0.16446245461702347,
    "Bone/hand_l/AngVelMAE": 0.15129725635051727,
    "Bone/index_01_l/AngVelMagMAE": 0.10878506675362587,
    "Bone/index_01_l/AngVelMAE": 0.09157147631049156,
    "Bone/middle_01_l/AngVelMagMAE": 0.0890575647354126,
    "Bone/middle_01_l/AngVelMAE": 0.06749012693762779,
    "Bone/pinky_01_l/AngVelMagMAE": 0.784019410610199,
    "Bone/pinky_01_l/AngVelMAE": 0.6007095277309418,
    "Bone/ring_01_l/AngVelMagMAE": 0.1494443714618683,
    "Bone/ring_01_l/AngVelMAE": 0.12298312410712242,
    "Bone/thumb_01_l/AngVelMagMAE": 0.5455815196037292,
    "Bone/thumb_01_l/AngVelMAE": 0.434395968914032,
    "Bone/clavicle_r/AngVelMagMAE": 0.07928328216075897,
    "Bone/clavicle_r/AngVelMAE": 0.07892131060361862,
    "Bone/upperarm_r/AngVelMagMAE": 0.24657636135816574,
    "Bone/upperarm_r/AngVelMAE": 0.2556344270706177,
    "Bone/RUpArmTwist_r_01/AngVelMagMAE": 0.15018673986196518,
    "Bone/RUpArmTwist_r_01/AngVelMAE": 0.09277795627713203,
    "Bone/RUpArmTwist_r_02/AngVelMagMAE": 0.09003451466560364,
    "Bone/RUpArmTwist_r_02/AngVelMAE": 0.053146447986364365,
    "Bone/lowerarm_r/AngVelMagMAE": 0.20638944953680038,
    "Bone/lowerarm_r/AngVelMAE": 0.1160353273153305,
    "Bone/R_ForeTwist_01/AngVelMagMAE": 0.04094989039003849,
    "Bone/R_ForeTwist_01/AngVelMAE": 0.02155351545661688,
    "Bone/R_ForeTwist_02/AngVelMagMAE": 0.05626007914543152,
    "Bone/R_ForeTwist_02/AngVelMAE": 0.024392930790781975,
    "Bone/hand_r/AngVelMagMAE": 0.22789941728115082,
    "Bone/hand_r/AngVelMAE": 0.23169148713350296,
    "Bone/index_01_r/AngVelMagMAE": 0.08815060928463936,
    "Bone/index_01_r/AngVelMAE": 0.056420059874653816,
    "Bone/middle_01_r/AngVelMagMAE": 0.07554959878325462,
    "Bone/middle_01_r/AngVelMAE": 0.04771033115684986,
    "Bone/pinky_01_r/AngVelMagMAE": 0.27050378918647766,
    "Bone/pinky_01_r/AngVelMAE": 0.16258307546377182,
    "Bone/ring_01_r/AngVelMagMAE": 0.09708545356988907,
    "Bone/ring_01_r/AngVelMAE": 0.061242708936333656,
    "Bone/thumb_01_r/AngVelMagMAE": 0.28632374107837677,
    "Bone/thumb_01_r/AngVelMAE": 0.20180673152208328,
    "Bone/neck_01/AngVelMagMAE": 0.08740276843309402,
    "Bone/neck_01/AngVelMAE": 0.09897509962320328,
    "Bone/head/AngVelMagMAE": 0.1359163448214531,
    "Bone/head/AngVelMAE": 0.1276387795805931,
    "Bone/thigh_l/AngVelMagMAE": 0.3662136644124985,
    "Bone/thigh_l/AngVelMAE": 0.35240180790424347,
    "Bone/calf_l/AngVelMagMAE": 0.6926212012767792,
    "Bone/calf_l/AngVelMAE": 0.2767660617828369,
    "Bone/LCalfTwist_01/AngVelMagMAE": 0.06917515024542809,
    "Bone/LCalfTwist_01/AngVelMAE": 0.03658142499625683,
    "Bone/LCalfTwist_02/AngVelMagMAE": 0.06522871926426888,
    "Bone/LCalfTwist_02/AngVelMAE": 0.037228044122457504,
    "Bone/LCalfTwist_03/AngVelMagMAE": 0.0811467133462429,
    "Bone/LCalfTwist_03/AngVelMAE": 0.040624843910336494,
    "Bone/foot_l/AngVelMagMAE": 0.5844289660453796,
    "Bone/foot_l/AngVelMAE": 0.416769340634346,
    "Bone/ball_l/AngVelMagMAE": 0.3298743665218353,
    "Bone/ball_l/AngVelMAE": 0.19279007613658905,
    "Bone/thigh_r/AngVelMagMAE": 0.40782591700553894,
    "Bone/thigh_r/AngVelMAE": 0.36286959052085876,
    "Bone/calf_r/AngVelMagMAE": 0.6199524700641632,
    "Bone/calf_r/AngVelMAE": 0.28917478024959564,
    "Bone/RCalfTwist_01/AngVelMagMAE": 0.07183090224862099,
    "Bone/RCalfTwist_01/AngVelMAE": 0.0371798612177372,
    "Bone/RCalfTwist_02/AngVelMagMAE": 0.07079274952411652,
    "Bone/RCalfTwist_02/AngVelMAE": 0.03715421259403229,
    "Bone/RCalfTwist_03/AngVelMagMAE": 0.08699661865830421,
    "Bone/RCalfTwist_03/AngVelMAE": 0.03975621983408928,
    "Bone/foot_r/AngVelMagMAE": 0.520312175154686,
    "Bone/foot_r/AngVelMAE": 0.4025033563375473,
    "Bone/ball_r/AngVelMagMAE": 0.5354137420654297,
    "Bone/ball_r/AngVelMAE": 0.2783348113298416,
    "KeyBone/upperarm_l/GeoDeg": 18.810355186462402,
    "KeyBone/upperarm_l/AngVelMAE": 0.25429049134254456,
    "KeyBone/upperarm_l/AngVelMagMAE": 0.20553851872682571,
    "KeyBone/upperarm_l/AngVelMagRel": 0.3072735220193863,
    "KeyBone/upperarm_l/AngVelDirDeg": 90.55939483642578,
    "KeyBone/lowerarm_l/GeoDeg": 10.602743148803711,
    "KeyBone/lowerarm_l/AngVelMAE": 0.17679593712091446,
    "KeyBone/lowerarm_l/AngVelMagMAE": 0.3046369105577469,
    "KeyBone/lowerarm_l/AngVelMagRel": 0.4870475083589554,
    "KeyBone/lowerarm_l/AngVelDirDeg": 88.81547927856445,
    "KeyBone/hand_l/GeoDeg": 12.399135112762451,
    "KeyBone/hand_l/AngVelMAE": 0.15129725635051727,
    "KeyBone/hand_l/AngVelMagMAE": 0.16446245461702347,
    "KeyBone/hand_l/AngVelMagRel": 0.2949685901403427,
    "KeyBone/hand_l/AngVelDirDeg": 90.2947006225586,
    "KeyBone/upperarm_r/GeoDeg": 16.453804969787598,
    "KeyBone/upperarm_r/AngVelMAE": 0.2556344270706177,
    "KeyBone/upperarm_r/AngVelMagMAE": 0.24657636135816574,
    "KeyBone/upperarm_r/AngVelMagRel": 0.336506649851799,
    "KeyBone/upperarm_r/AngVelDirDeg": 90.1876106262207,
    "KeyBone/lowerarm_r/GeoDeg": 15.480728149414062,
    "KeyBone/lowerarm_r/AngVelMAE": 0.1160353273153305,
    "KeyBone/lowerarm_r/AngVelMagMAE": 0.20638944953680038,
    "KeyBone/lowerarm_r/AngVelMagRel": 0.4264872074127197,
    "KeyBone/lowerarm_r/AngVelDirDeg": 91.14594268798828,
    "KeyBone/hand_r/GeoDeg": 16.418774604797363,
    "KeyBone/hand_r/AngVelMAE": 0.23169148713350296,
    "KeyBone/hand_r/AngVelMagMAE": 0.22789941728115082,
    "KeyBone/hand_r/AngVelMagRel": 0.3513043522834778,
    "KeyBone/hand_r/AngVelDirDeg": 89.74025344848633,
    "KeyBone/thigh_l/GeoDeg": 21.04801082611084,
    "KeyBone/thigh_l/AngVelMAE": 0.35240180790424347,
    "KeyBone/thigh_l/AngVelMagMAE": 0.3662136644124985,
    "KeyBone/thigh_l/AngVelMagRel": 0.4167339354753494,
    "KeyBone/thigh_l/AngVelDirDeg": 90.5550651550293,
    "KeyBone/calf_l/GeoDeg": 15.147873878479004,
    "KeyBone/calf_l/AngVelMAE": 0.2767660617828369,
    "KeyBone/calf_l/AngVelMagMAE": 0.6926212012767792,
    "KeyBone/calf_l/AngVelMagRel": 0.7519727945327759,
    "KeyBone/calf_l/AngVelDirDeg": 86.89429473876953,
    "KeyBone/foot_l/GeoDeg": 14.977802276611328,
    "KeyBone/foot_l/AngVelMAE": 0.416769340634346,
    "KeyBone/foot_l/AngVelMagMAE": 0.5844289660453796,
    "KeyBone/foot_l/AngVelMagRel": 0.5496806502342224,
    "KeyBone/foot_l/AngVelDirDeg": 89.13835525512695,
    "KeyBone/thigh_r/GeoDeg": 18.146162033081055,