{
  "epoch": 47,
  "tag": "valfree",
  "timestamp": "2025-11-04T20:54:52",
  "metrics": {
    "YawAbsDeg": 11.786808967590332,
    "RootVelMAE": 0.1183830089867115,
    "period_abs_mean": 0.8233757317066193,
    "period_abs_std": 0.25424957275390625,
    "GeoDeg": 12.697613716125488,
    "AngVelMAE": 0.13838842511177063,
    "AngVelMagRel": 0.4552987962961197,
    "Bone/pelvis/AngVelMagMAE": 0.1778806522488594,
    "Bone/pelvis/AngVelMAE": 0.1337900012731552,
    "Bone/Bip001/AngVelMagMAE": 1.6242538549704477e-06,
    "Bone/Bip001/AngVelMAE": 8.138282794334373e-07,
    "Bone/spine_01/AngVelMagMAE": 0.12191620841622353,
    "Bone/spine_01/AngVelMAE": 0.10894409194588661,
    "Bone/spine_02/AngVelMagMAE": 0.13477405905723572,
    "Bone/spine_02/AngVelMAE": 0.10734188556671143,
    "Bone/clavicle_l/AngVelMagMAE": 0.10125237330794334,
    "Bone/clavicle_l/AngVelMAE": 0.0760284960269928,
    "Bone/upperarm_l/AngVelMagMAE": 0.2395208403468132,
    "Bone/upperarm_l/AngVelMAE": 0.22575772553682327,
    "Bone/RUpArmTwist_l_01/AngVelMagMAE": 0.0970892682671547,
    "Bone/RUpArmTwist_l_01/AngVelMAE": 0.05183316767215729,
    "Bone/RUpArmTwist_l_02/AngVelMagMAE": 0.0656382329761982,
    "Bone/RUpArmTwist_l_02/AngVelMAE": 0.030008843168616295,
    "Bone/lowerarm_l/AngVelMagMAE": 0.3291887938976288,
    "Bone/lowerarm_l/AngVelMAE": 0.16805126518011093,
    "Bone/L_ForeTwist_01/AngVelMagMAE": 0.03200995363295078,
    "Bone/L_ForeTwist_01/AngVelMAE": 0.012455352582037449,
    "Bone/L_ForeTwist_02/AngVelMagMAE": 0.0363847566768527,
    "Bone/L_ForeTwist_02/AngVelMAE": 0.013208437245339155,
    "Bone/hand_l/AngVelMagMAE": 0.15620967745780945,
    "Bone/hand_l/AngVelMAE": 0.13199137151241302,
    "Bone/index_01_l/AngVelMagMAE": 0.0852830596268177,
    "Bone/index_01_l/AngVelMAE": 0.07376251369714737,
    "Bone/middle_01_l/AngVelMagMAE": 0.07445134595036507,
    "Bone/middle_01_l/AngVelMAE": 0.05494120717048645,
    "Bone/pinky_01_l/AngVelMagMAE": 0.6953287720680237,
    "Bone/pinky_01_l/AngVelMAE": 0.5086397230625153,
    "Bone/ring_01_l/AngVelMagMAE": 0.1257481463253498,
    "Bone/ring_01_l/AngVelMAE": 0.09578181803226471,
    "Bone/thumb_01_l/AngVelMagMAE": 0.41942569613456726,
    "Bone/thumb_01_l/AngVelMAE": 0.3352319300174713,
    "Bone/clavicle_r/AngVelMagMAE": 0.0772736482322216,
    "Bone/clavicle_r/AngVelMAE": 0.06848397850990295,
    "Bone/upperarm_r/AngVelMagMAE": 0.2903081178665161,
    "Bone/upperarm_r/AngVelMAE": 0.24033205956220627,
    "Bone/RUpArmTwist_r_01/AngVelMagMAE": 0.13722031563520432,
    "Bone/RUpArmTwist_r_01/AngVelMAE": 0.08019299060106277,
    "Bone/RUpArmTwist_r_02/AngVelMagMAE": 0.08106868714094162,
    "Bone/RUpArmTwist_r_02/AngVelMAE": 0.044331930577754974,
    "Bone/lowerarm_r/AngVelMagMAE": 0.21524100750684738,
    "Bone/lowerarm_r/AngVelMAE": 0.10946982353925705,
    "Bone/R_ForeTwist_01/AngVelMagMAE": 0.041128452867269516,
    "Bone/R_ForeTwist_01/AngVelMAE": 0.019070330075919628,
    "Bone/R_ForeTwist_02/AngVelMagMAE": 0.05165746621787548,
    "Bone/R_ForeTwist_02/AngVelMAE": 0.02142861019819975,
    "Bone/hand_r/AngVelMagMAE": 0.2276514619588852,
    "Bone/hand_r/AngVelMAE": 0.2044779360294342,
    "Bone/index_01_r/AngVelMagMAE": 0.0943855382502079,
    "Bone/index_01_r/AngVelMAE": 0.05333399027585983,
    "Bone/middle_01_r/AngVelMagMAE": 0.08288553729653358,
    "Bone/middle_01_r/AngVelMAE": 0.047886328771710396,
    "Bone/pinky_01_r/AngVelMagMAE": 0.2762492895126343,
    "Bone/pinky_01_r/AngVelMAE": 0.1546097993850708,
    "Bone/ring_01_r/AngVelMagMAE": 0.10134534537792206,
    "Bone/ring_01_r/AngVelMAE": 0.05907178856432438,
    "Bone/thumb_01_r/AngVelMagMAE": 0.29455795884132385,
    "Bone/thumb_01_r/AngVelMAE": 0.18874850124120712,
    "Bone/neck_01/AngVelMagMAE": 0.10930019244551659,
    "Bone/neck_01/AngVelMAE": 0.09316274523735046,
    "Bone/head/AngVelMagMAE": 0.16054321080446243,
    "Bone/head/AngVelMAE": 0.12309923395514488,
    "Bone/thigh_l/AngVelMagMAE": 0.4158928543329239,
    "Bone/thigh_l/AngVelMAE": 0.33889012038707733,
    "Bone/calf_l/AngVelMagMAE": 0.7415381073951721,
    "Bone/calf_l/AngVelMAE": 0.28434179723262787,
    "Bone/LCalfTwist_01/AngVelMagMAE": 0.06958511844277382,
    "Bone/LCalfTwist_01/AngVelMAE": 0.03352777659893036,
    "Bone/LCalfTwist_02/AngVelMagMAE": 0.0658034235239029,
    "Bone/LCalfTwist_02/AngVelMAE": 0.03435041382908821,
    "Bone/LCalfTwist_03/AngVelMagMAE": 0.08142867311835289,
    "Bone/LCalfTwist_03/AngVelMAE": 0.036730341613292694,
    "Bone/foot_l/AngVelMagMAE": 0.6219242811203003,
    "Bone/foot_l/AngVelMAE": 0.39688341319561005,
    "Bone/ball_l/AngVelMagMAE": 0.32133713364601135,
    "Bone/ball_l/AngVelMAE": 0.17999598383903503,
    "Bone/thigh_r/AngVelMagMAE": 0.4509759694337845,
    "Bone/thigh_r/AngVelMAE": 0.35153624415397644,
    "Bone/calf_r/AngVelMagMAE": 0.6271558701992035,
    "Bone/calf_r/AngVelMAE": 0.2712442874908447,
    "Bone/RCalfTwist_01/AngVelMagMAE": 0.07689565792679787,
    "Bone/RCalfTwist_01/AngVelMAE": 0.0358030591160059,
    "Bone/RCalfTwist_02/AngVelMagMAE": 0.07621479406952858,
    "Bone/RCalfTwist_02/AngVelMAE": 0.03566524013876915,
    "Bone/RCalfTwist_03/AngVelMagMAE": 0.09226877242326736,
    "Bone/RCalfTwist_03/AngVelMAE": 0.03826851211488247,
    "Bone/foot_r/AngVelMagMAE": 0.6489305198192596,
    "Bone/foot_r/AngVelMAE": 0.41556307673454285,
    "Bone/ball_r/AngVelMagMAE": 0.5600066781044006,
    "Bone/ball_r/AngVelMAE": 0.27759870886802673,
    "KeyBone/upperarm_l/GeoDeg": 16.738320350646973,
    "KeyBone/upperarm_l/AngVelMAE": 0.22575772553682327,
    "KeyBone/upperarm_l/AngVelMagMAE": 0.2395208403468132,
    "KeyBone/upperarm_l/AngVelMagRel": 0.40898971259593964,
    "KeyBone/upperarm_l/AngVelDirDeg": 90.4890022277832,
    "KeyBone/lowerarm_l/GeoDeg": 11.447628498077393,
    "KeyBone/lowerarm_l/AngVelMAE": 0.16805126518011093,
    "KeyBone/lowerarm_l/AngVelMagMAE": 0.3291887938976288,
    "KeyBone/lowerarm_l/AngVelMagRel": 0.584458976984024,
    "KeyBone/lowerarm_l/AngVelDirDeg": 92.61247634887695,
    "KeyBone/hand_l/GeoDeg": 10.508489608764648,
    "KeyBone/hand_l/AngVelMAE": 0.13199137151241302,
    "KeyBone/hand_l/AngVelMagMAE": 0.15620967745780945,
    "KeyBone/hand_l/AngVelMagRel": 0.28668293356895447,
    "KeyBone/hand_l/AngVelDirDeg": 89.9268684387207,
    "KeyBone/upperarm_r/GeoDeg": 18.579977989196777,
    "KeyBone/upperarm_r/AngVelMAE": 0.24033205956220627,
    "KeyBone/upperarm_r/AngVelMagMAE": 0.2903081178665161,
    "KeyBone/upperarm_r/AngVelMagRel": 0.44740907847881317,
    "KeyBone/upperarm_r/AngVelDirDeg": 89.09930038452148,
    "KeyBone/lowerarm_r/GeoDeg": 13.526465892791748,
    "KeyBone/lowerarm_r/AngVelMAE": 0.10946982353925705,
    "KeyBone/lowerarm_r/AngVelMagMAE": 0.21524100750684738,
    "KeyBone/lowerarm_r/AngVelMagRel": 0.4844646751880646,
    "KeyBone/lowerarm_r/AngVelDirDeg": 91.41801452636719,
    "KeyBone/hand_r/GeoDeg": 15.368484020233154,
    "KeyBone/hand_r/AngVelMAE": 0.2044779360294342,
    "KeyBone/hand_r/AngVelMagMAE": 0.2276514619588852,
    "KeyBone/hand_r/AngVelMagRel": 0.3900878578424454,
    "KeyBone/hand_r/AngVelDirDeg": 90.53243637084961,
    "KeyBone/thigh_l/GeoDeg": 21.13213348388672,
    "KeyBone/thigh_l/AngVelMAE": 0.33889012038707733,
    "KeyBone/thigh_l/AngVelMagMAE": 0.4158928543329239,
    "KeyBone/thigh_l/AngVelMagRel": 0.5214266180992126,
    "KeyBone/thigh_l/AngVelDirDeg": 90.60539627075195,
    "KeyBone/calf_l/GeoDeg": 14.441046237945557,
    "KeyBone/calf_l/AngVelMAE": 0.28434179723262787,
    "KeyBone/calf_l/AngVelMagMAE": 0.7415381073951721,
    "KeyBone/calf_l/AngVelMagRel": 0.8260529339313507,
    "KeyBone/calf_l/AngVelDirDeg": 88.60638046264648,
    "KeyBone/foot_l/GeoDeg": 15.94876766204834,
    "KeyBone/foot_l/AngVelMAE": 0.39688341319561005,
    "KeyBone/foot_l/AngVelMagMAE": 0.6219242811203003,
    "KeyBone/foot_l/AngVelMagRel": 0.6587237119674683,
    "KeyBone/foot_l/AngVelDirDeg": 88.79753875732422,
    "KeyBone/thigh_r/GeoDeg": 18.346219062805176,