{
  "epoch": 39,
  "tag": "valfree",
  "timestamp": "2025-11-04T19:50:33",
  "metrics": {
    "YawAbsDeg": 9.592878818511963,
    "RootVelMAE": 0.11534136533737183,
    "period_abs_mean": 0.8096683919429779,
    "period_abs_std": 0.25988274812698364,
    "GeoDeg": 12.794224739074707,
    "AngVelMAE": 0.1385713815689087,
    "AngVelMagRel": 0.43957459926605225,
    "Bone/pelvis/AngVelMagMAE": 0.1742914542555809,
    "Bone/pelvis/AngVelMAE": 0.13335387408733368,
    "Bone/Bip001/AngVelMagMAE": 1.7187441585519991e-06,
    "Bone/Bip001/AngVelMAE": 8.653610450437554e-07,
    "Bone/spine_01/AngVelMagMAE": 0.11235274374485016,
    "Bone/spine_01/AngVelMAE": 0.10638203099370003,
    "Bone/spine_02/AngVelMagMAE": 0.12071811407804489,
    "Bone/spine_02/AngVelMAE": 0.1012616828083992,
    "Bone/clavicle_l/AngVelMagMAE": 0.09247793257236481,
    "Bone/clavicle_l/AngVelMAE": 0.07396478578448296,
    "Bone/upperarm_l/AngVelMagMAE": 0.23821714520454407,
    "Bone/upperarm_l/AngVelMAE": 0.22770914435386658,
    "Bone/RUpArmTwist_l_01/AngVelMagMAE": 0.09246588498353958,
    "Bone/RUpArmTwist_l_01/AngVelMAE": 0.05066276714205742,
    "Bone/RUpArmTwist_l_02/AngVelMagMAE": 0.06301717460155487,
    "Bone/RUpArmTwist_l_02/AngVelMAE": 0.02978058997541666,
    "Bone/lowerarm_l/AngVelMagMAE": 0.3374078720808029,
    "Bone/lowerarm_l/AngVelMAE": 0.17179225385189056,
    "Bone/L_ForeTwist_01/AngVelMagMAE": 0.03258002735674381,
    "Bone/L_ForeTwist_01/AngVelMAE": 0.012707442045211792,
    "Bone/L_ForeTwist_02/AngVelMagMAE": 0.037219343706965446,
    "Bone/L_ForeTwist_02/AngVelMAE": 0.013496938161551952,
    "Bone/hand_l/AngVelMagMAE": 0.15263516455888748,
    "Bone/hand_l/AngVelMAE": 0.13082627952098846,
    "Bone/index_01_l/AngVelMagMAE": 0.09294881671667099,
    "Bone/index_01_l/AngVelMAE": 0.07746731862425804,
    "Bone/middle_01_l/AngVelMagMAE": 0.07759883254766464,
    "Bone/middle_01_l/AngVelMAE": 0.0558717530220747,
    "Bone/pinky_01_l/AngVelMagMAE": 0.7460784614086151,
    "Bone/pinky_01_l/AngVelMAE": 0.53249791264534,
    "Bone/ring_01_l/AngVelMagMAE": 0.13585179299116135,
    "Bone/ring_01_l/AngVelMAE": 0.10167417302727699,
    "Bone/thumb_01_l/AngVelMagMAE": 0.45314717292785645,
    "Bone/thumb_01_l/AngVelMAE": 0.3555877208709717,
    "Bone/clavicle_r/AngVelMagMAE": 0.06578991562128067,
    "Bone/clavicle_r/AngVelMAE": 0.06528727523982525,
    "Bone/upperarm_r/AngVelMagMAE": 0.2795500010251999,
    "Bone/upperarm_r/AngVelMAE": 0.2419579029083252,
    "Bone/RUpArmTwist_r_01/AngVelMagMAE": 0.1382059082388878,
    "Bone/RUpArmTwist_r_01/AngVelMAE": 0.08502953499555588,
    "Bone/RUpArmTwist_r_02/AngVelMagMAE": 0.08513263985514641,
    "Bone/RUpArmTwist_r_02/AngVelMAE": 0.04868912510573864,
    "Bone/lowerarm_r/AngVelMagMAE": 0.20183265209197998,
    "Bone/lowerarm_r/AngVelMAE": 0.10492684692144394,
    "Bone/R_ForeTwist_01/AngVelMagMAE": 0.04332921840250492,
    "Bone/R_ForeTwist_01/AngVelMAE": 0.02017233520746231,
    "Bone/R_ForeTwist_02/AngVelMagMAE": 0.054226238280534744,
    "Bone/R_ForeTwist_02/AngVelMAE": 0.022555755451321602,
    "Bone/hand_r/AngVelMagMAE": 0.23340419679880142,
    "Bone/hand_r/AngVelMAE": 0.21225456148386002,
    "Bone/index_01_r/AngVelMagMAE": 0.09037383645772934,
    "Bone/index_01_r/AngVelMAE": 0.052455516532063484,
    "Bone/middle_01_r/AngVelMagMAE": 0.07772427797317505,
    "Bone/middle_01_r/AngVelMAE": 0.044818026944994926,
    "Bone/pinky_01_r/AngVelMagMAE": 0.2774539217352867,
    "Bone/pinky_01_r/AngVelMAE": 0.15548620373010635,
    "Bone/ring_01_r/AngVelMagMAE": 0.09781121835112572,
    "Bone/ring_01_r/AngVelMAE": 0.05671854317188263,
    "Bone/thumb_01_r/AngVelMagMAE": 0.2957478314638138,
    "Bone/thumb_01_r/AngVelMAE": 0.1889977604150772,
    "Bone/neck_01/AngVelMagMAE": 0.09698476269841194,
    "Bone/neck_01/AngVelMAE": 0.08980878815054893,
    "Bone/head/AngVelMagMAE": 0.14972086250782013,
    "Bone/head/AngVelMAE": 0.11984887346625328,
    "Bone/thigh_l/AngVelMagMAE": 0.3788750320672989,
    "Bone/thigh_l/AngVelMAE": 0.32327282428741455,
    "Bone/calf_l/AngVelMagMAE": 0.6616894900798798,
    "Bone/calf_l/AngVelMAE": 0.2576850727200508,
    "Bone/LCalfTwist_01/AngVelMagMAE": 0.06886621564626694,
    "Bone/LCalfTwist_01/AngVelMAE": 0.03348436951637268,
    "Bone/LCalfTwist_02/AngVelMagMAE": 0.06663347408175468,
    "Bone/LCalfTwist_02/AngVelMAE": 0.034575240686535835,
    "Bone/LCalfTwist_03/AngVelMagMAE": 0.08265625312924385,
    "Bone/LCalfTwist_03/AngVelMAE": 0.03641192242503166,
    "Bone/foot_l/AngVelMagMAE": 0.5836012661457062,
    "Bone/foot_l/AngVelMAE": 0.38057054579257965,
    "Bone/ball_l/AngVelMagMAE": 0.3357541859149933,
    "Bone/ball_l/AngVelMAE": 0.1859513595700264,
    "Bone/thigh_r/AngVelMagMAE": 0.4342007040977478,
    "Bone/thigh_r/AngVelMAE": 0.34768687188625336,
    "Bone/calf_r/AngVelMagMAE": 0.6746688187122345,
    "Bone/calf_r/AngVelMAE": 0.2915829122066498,
    "Bone/RCalfTwist_01/AngVelMagMAE": 0.07509904354810715,
    "Bone/RCalfTwist_01/AngVelMAE": 0.035283176228404045,
    "Bone/RCalfTwist_02/AngVelMagMAE": 0.07638783752918243,
    "Bone/RCalfTwist_02/AngVelMAE": 0.035956770181655884,
    "Bone/RCalfTwist_03/AngVelMagMAE": 0.0898190550506115,
    "Bone/RCalfTwist_03/AngVelMAE": 0.03828010335564613,
    "Bone/foot_r/AngVelMagMAE": 0.6308504045009613,
    "Bone/foot_r/AngVelMAE": 0.4129573404788971,
    "Bone/ball_r/AngVelMagMAE": 0.557830423116684,
    "Bone/ball_r/AngVelMAE": 0.27654029428958893,
    "KeyBone/upperarm_l/GeoDeg": 17.400169372558594,
    "KeyBone/upperarm_l/AngVelMAE": 0.22770914435386658,
    "KeyBone/upperarm_l/AngVelMagMAE": 0.23821714520454407,
    "KeyBone/upperarm_l/AngVelMagRel": 0.40837329626083374,
    "KeyBone/upperarm_l/AngVelDirDeg": 90.31306457519531,
    "KeyBone/lowerarm_l/GeoDeg": 11.783290386199951,
    "KeyBone/lowerarm_l/AngVelMAE": 0.17179225385189056,
    "KeyBone/lowerarm_l/AngVelMagMAE": 0.3374078720808029,
    "KeyBone/lowerarm_l/AngVelMagRel": 0.5803533792495728,
    "KeyBone/lowerarm_l/AngVelDirDeg": 89.4646987915039,
    "KeyBone/hand_l/GeoDeg": 10.91083812713623,
    "KeyBone/hand_l/AngVelMAE": 0.13082627952098846,
    "KeyBone/hand_l/AngVelMagMAE": 0.15263516455888748,
    "KeyBone/hand_l/AngVelMagRel": 0.2887793332338333,
    "KeyBone/hand_l/AngVelDirDeg": 90.58244323730469,
    "KeyBone/upperarm_r/GeoDeg": 17.05958652496338,
    "KeyBone/upperarm_r/AngVelMAE": 0.2419579029083252,
    "KeyBone/upperarm_r/AngVelMagMAE": 0.2795500010251999,
    "KeyBone/upperarm_r/AngVelMagRel": 0.43067140877246857,
    "KeyBone/upperarm_r/AngVelDirDeg": 89.46837997436523,
    "KeyBone/lowerarm_r/GeoDeg": 13.888598918914795,
    "KeyBone/lowerarm_r/AngVelMAE": 0.10492684692144394,
    "KeyBone/lowerarm_r/AngVelMagMAE": 0.20183265209197998,
    "KeyBone/lowerarm_r/AngVelMagRel": 0.4604495167732239,
    "KeyBone/lowerarm_r/AngVelDirDeg": 91.8924674987793,
    "KeyBone/hand_r/GeoDeg": 15.914420127868652,
    "KeyBone/hand_r/AngVelMAE": 0.21225456148386002,
    "KeyBone/hand_r/AngVelMagMAE": 0.23340419679880142,
    "KeyBone/hand_r/AngVelMagRel": 0.3901379853487015,
    "KeyBone/hand_r/AngVelDirDeg": 90.9127311706543,
    "KeyBone/thigh_l/GeoDeg": 20.436464309692383,
    "KeyBone/thigh_l/AngVelMAE": 0.32327282428741455,
    "KeyBone/thigh_l/AngVelMagMAE": 0.3788750320672989,
    "KeyBone/thigh_l/AngVelMagRel": 0.4701254516839981,
    "KeyBone/thigh_l/AngVelDirDeg": 89.85342788696289,
    "KeyBone/calf_l/GeoDeg": 13.721123695373535,
    "KeyBone/calf_l/AngVelMAE": 0.2576850727200508,
    "KeyBone/calf_l/AngVelMagMAE": 0.6616894900798798,
    "KeyBone/calf_l/AngVelMagRel": 0.7552117109298706,
    "KeyBone/calf_l/AngVelDirDeg": 89.08512878417969,
    "KeyBone/foot_l/GeoDeg": 14.842687606811523,
    "KeyBone/foot_l/AngVelMAE": 0.38057054579257965,
    "KeyBone/foot_l/AngVelMagMAE": 0.5836012661457062,
    "KeyBone/foot_l/AngVelMagRel": 0.612015575170517,
    "KeyBone/foot_l/AngVelDirDeg": 89.64027786254883,
    "KeyBone/thigh_r/GeoDeg": 18.6707763671875,