{
  "epoch": 7,
  "tag": "valfree",
  "timestamp": "2025-11-04T13:47:49",
  "metrics": {
    "YawAbsDeg": 7.160531044006348,
    "RootVelMAE": 0.12731676921248436,
    "period_abs_mean": 0.814875990152359,
    "period_abs_std": 0.2569753974676132,
    "GeoDeg": 13.594306945800781,
    "AngVelMAE": 0.34452053904533386,
    "AngVelMagRel": 0.5670070648193359,
    "Bone/pelvis/AngVelMagMAE": 0.39546263217926025,
    "Bone/pelvis/AngVelMAE": 0.3149414658546448,
    "Bone/Bip001/AngVelMagMAE": 9.910599146678578e-06,
    "Bone/Bip001/AngVelMAE": 4.93900483888865e-06,
    "Bone/spine_01/AngVelMagMAE": 0.4408698081970215,
    "Bone/spine_01/AngVelMAE": 0.31348665058612823,
    "Bone/spine_02/AngVelMagMAE": 0.368178054690361,
    "Bone/spine_02/AngVelMAE": 0.2643943876028061,
    "Bone/clavicle_l/AngVelMagMAE": 0.2830515503883362,
    "Bone/clavicle_l/AngVelMAE": 0.2231614738702774,
    "Bone/upperarm_l/AngVelMagMAE": 0.8875240087509155,
    "Bone/upperarm_l/AngVelMAE": 0.6779986917972565,
    "Bone/RUpArmTwist_l_01/AngVelMagMAE": 0.2870245426893234,
    "Bone/RUpArmTwist_l_01/AngVelMAE": 0.14953961223363876,
    "Bone/RUpArmTwist_l_02/AngVelMagMAE": 0.16524451225996017,
    "Bone/RUpArmTwist_l_02/AngVelMAE": 0.08131136745214462,
    "Bone/lowerarm_l/AngVelMagMAE": 0.8958714306354523,
    "Bone/lowerarm_l/AngVelMAE": 0.45022474229335785,
    "Bone/L_ForeTwist_01/AngVelMagMAE": 0.05172905884683132,
    "Bone/L_ForeTwist_01/AngVelMAE": 0.027273488231003284,
    "Bone/L_ForeTwist_02/AngVelMagMAE": 0.06443500518798828,
    "Bone/L_ForeTwist_02/AngVelMAE": 0.028515850193798542,
    "Bone/hand_l/AngVelMagMAE": 0.38426966965198517,
    "Bone/hand_l/AngVelMAE": 0.3293866068124771,
    "Bone/index_01_l/AngVelMagMAE": 0.5442649722099304,
    "Bone/index_01_l/AngVelMAE": 0.31850652396678925,
    "Bone/middle_01_l/AngVelMagMAE": 0.43015673756599426,
    "Bone/middle_01_l/AngVelMAE": 0.23217631876468658,
    "Bone/pinky_01_l/AngVelMagMAE": 2.4099096059799194,
    "Bone/pinky_01_l/AngVelMAE": 1.5008959770202637,
    "Bone/ring_01_l/AngVelMagMAE": 0.6484082639217377,
    "Bone/ring_01_l/AngVelMAE": 0.39607974886894226,
    "Bone/thumb_01_l/AngVelMagMAE": 2.807004451751709,
    "Bone/thumb_01_l/AngVelMAE": 1.6159573197364807,
    "Bone/clavicle_r/AngVelMagMAE": 0.35081253945827484,
    "Bone/clavicle_r/AngVelMAE": 0.2389618307352066,
    "Bone/upperarm_r/AngVelMagMAE": 0.7317725718021393,
    "Bone/upperarm_r/AngVelMAE": 0.6096058785915375,
    "Bone/RUpArmTwist_r_01/AngVelMagMAE": 0.7161330282688141,
    "Bone/RUpArmTwist_r_01/AngVelMAE": 0.3383905291557312,
    "Bone/RUpArmTwist_r_02/AngVelMagMAE": 0.3234528452157974,
    "Bone/RUpArmTwist_r_02/AngVelMAE": 0.15384088456630707,
    "Bone/lowerarm_r/AngVelMagMAE": 0.4057707041501999,
    "Bone/lowerarm_r/AngVelMAE": 0.23476041853427887,
    "Bone/R_ForeTwist_01/AngVelMagMAE": 0.10398288443684578,
    "Bone/R_ForeTwist_01/AngVelMAE": 0.05384035222232342,
    "Bone/R_ForeTwist_02/AngVelMagMAE": 0.11349460110068321,
    "Bone/R_ForeTwist_02/AngVelMAE": 0.0560962725430727,
    "Bone/hand_r/AngVelMagMAE": 0.7933823764324188,
    "Bone/hand_r/AngVelMAE": 0.5795323848724365,
    "Bone/index_01_r/AngVelMagMAE": 0.12790996581315994,
    "Bone/index_01_r/AngVelMAE": 0.1032959446310997,
    "Bone/middle_01_r/AngVelMagMAE": 0.0846816934645176,
    "Bone/middle_01_r/AngVelMAE": 0.08200252801179886,
    "Bone/pinky_01_r/AngVelMagMAE": 0.27882184088230133,
    "Bone/pinky_01_r/AngVelMAE": 0.23543570190668106,
    "Bone/ring_01_r/AngVelMagMAE": 0.10412637516856194,
    "Bone/ring_01_r/AngVelMAE": 0.09556479007005692,
    "Bone/thumb_01_r/AngVelMagMAE": 0.5404148101806641,
    "Bone/thumb_01_r/AngVelMAE": 0.40557876229286194,
    "Bone/neck_01/AngVelMagMAE": 0.37506911158561707,
    "Bone/neck_01/AngVelMAE": 0.2743199020624161,
    "Bone/head/AngVelMagMAE": 0.3168618381023407,
    "Bone/head/AngVelMAE": 0.26703421771526337,
    "Bone/thigh_l/AngVelMagMAE": 1.2814247012138367,
    "Bone/thigh_l/AngVelMAE": 0.8959132134914398,
    "Bone/calf_l/AngVelMagMAE": 0.7070782780647278,
    "Bone/calf_l/AngVelMAE": 0.3712628036737442,
    "Bone/LCalfTwist_01/AngVelMagMAE": 0.15423034876585007,
    "Bone/LCalfTwist_01/AngVelMAE": 0.0860920138657093,
    "Bone/LCalfTwist_02/AngVelMagMAE": 0.14888279885053635,
    "Bone/LCalfTwist_02/AngVelMAE": 0.08520782366394997,
    "Bone/LCalfTwist_03/AngVelMagMAE": 0.17701764404773712,
    "Bone/LCalfTwist_03/AngVelMAE": 0.09291542321443558,
    "Bone/foot_l/AngVelMagMAE": 0.7827649712562561,
    "Bone/foot_l/AngVelMAE": 0.7564501762390137,
    "Bone/ball_l/AngVelMagMAE": 0.42358633875846863,
    "Bone/ball_l/AngVelMAE": 0.32348068058490753,
    "Bone/thigh_r/AngVelMagMAE": 0.8953564167022705,
    "Bone/thigh_r/AngVelMAE": 0.7370419800281525,
    "Bone/calf_r/AngVelMagMAE": 0.8705844581127167,
    "Bone/calf_r/AngVelMAE": 0.48556745052337646,
    "Bone/RCalfTwist_01/AngVelMagMAE": 0.13534463942050934,
    "Bone/RCalfTwist_01/AngVelMAE": 0.07697300985455513,
    "Bone/RCalfTwist_02/AngVelMagMAE": 0.15023840218782425,
    "Bone/RCalfTwist_02/AngVelMAE": 0.08271976560354233,
    "Bone/RCalfTwist_03/AngVelMagMAE": 0.1559297889471054,
    "Bone/RCalfTwist_03/AngVelMAE": 0.08263137564063072,
    "Bone/foot_r/AngVelMagMAE": 0.7477785348892212,
    "Bone/foot_r/AngVelMAE": 0.7266862392425537,
    "Bone/ball_r/AngVelMagMAE": 0.5210185647010803,
    "Bone/ball_r/AngVelMAE": 0.3928874433040619,
    "KeyBone/upperarm_l/GeoDeg": 19.1141939163208,
    "KeyBone/upperarm_l/AngVelMAE": 0.6779986917972565,
    "KeyBone/upperarm_l/AngVelMagMAE": 0.8875240087509155,
    "KeyBone/upperarm_l/AngVelMagRel": 0.7679952681064606,
    "KeyBone/upperarm_l/AngVelDirDeg": 90.38825988769531,
    "KeyBone/lowerarm_l/GeoDeg": 10.750191688537598,
    "KeyBone/lowerarm_l/AngVelMAE": 0.45022474229335785,
    "KeyBone/lowerarm_l/AngVelMagMAE": 0.8958714306354523,
    "KeyBone/lowerarm_l/AngVelMagRel": 0.713678777217865,
    "KeyBone/lowerarm_l/AngVelDirDeg": 87.44997787475586,
    "KeyBone/hand_l/GeoDeg": 12.6367769241333,
    "KeyBone/hand_l/AngVelMAE": 0.3293866068124771,
    "KeyBone/hand_l/AngVelMagMAE": 0.38426966965198517,
    "KeyBone/hand_l/AngVelMagRel": 0.5173553824424744,
    "KeyBone/hand_l/AngVelDirDeg": 90.36948013305664,
    "KeyBone/upperarm_r/GeoDeg": 16.36769199371338,
    "KeyBone/upperarm_r/AngVelMAE": 0.6096058785915375,
    "KeyBone/upperarm_r/AngVelMagMAE": 0.7317725718021393,
    "KeyBone/upperarm_r/AngVelMagRel": 0.6785859167575836,
    "KeyBone/upperarm_r/AngVelDirDeg": 90.40323638916016,
    "KeyBone/lowerarm_r/GeoDeg": 15.697433948516846,
    "KeyBone/lowerarm_r/AngVelMAE": 0.23476041853427887,
    "KeyBone/lowerarm_r/AngVelMagMAE": 0.4057707041501999,
    "KeyBone/lowerarm_r/AngVelMagRel": 0.4743989557027817,
    "KeyBone/lowerarm_r/AngVelDirDeg": 88.13912200927734,
    "KeyBone/hand_r/GeoDeg": 16.671299934387207,
    "KeyBone/hand_r/AngVelMAE": 0.5795323848724365,
    "KeyBone/hand_r/AngVelMagMAE": 0.7933823764324188,
    "KeyBone/hand_r/AngVelMagRel": 0.765431672334671,
    "KeyBone/hand_r/AngVelDirDeg": 89.93680953979492,
    "KeyBone/thigh_l/GeoDeg": 21.29398250579834,
    "KeyBone/thigh_l/AngVelMAE": 0.8959132134914398,
    "KeyBone/thigh_l/AngVelMagMAE": 1.2814247012138367,
    "KeyBone/thigh_l/AngVelMagRel": 0.7875544428825378,
    "KeyBone/thigh_l/AngVelDirDeg": 89.38019561767578,
    "KeyBone/calf_l/GeoDeg": 15.004517078399658,
    "KeyBone/calf_l/AngVelMAE": 0.3712628036737442,
    "KeyBone/calf_l/AngVelMagMAE": 0.7070782780647278,
    "KeyBone/calf_l/AngVelMagRel": 0.6255958378314972,
    "KeyBone/calf_l/AngVelDirDeg": 87.15893173217773,
    "KeyBone/foot_l/GeoDeg": 16.06096839904785,
    "KeyBone/foot_l/AngVelMAE": 0.7564501762390137,
    "KeyBone/foot_l/AngVelMagMAE": 0.7827649712562561,
    "KeyBone/foot_l/AngVelMagRel": 0.5516464710235596,
    "KeyBone/foot_l/AngVelDirDeg": 89.61077880859375,
    "KeyBone/thigh_r/GeoDeg": 18.514968872070312,
    "KeyBone/thigh_r/AngVelMAE": 0.7370419800281525,