{
  "epoch": 16,
  "tag": "valfree",
  "timestamp": "2025-11-04T14:59:24",
  "metrics": {
    "YawAbsDeg": 8.672616958618164,
    "RootVelMAE": 0.12840561196208,
    "period_abs_mean": 0.8168700635433197,
    "period_abs_std": 0.2567690908908844,
    "GeoDeg": 13.131439685821533,
    "AngVelMAE": 0.17785675823688507,
    "AngVelMagRel": 0.32714322209358215,
    "Bone/pelvis/AngVelMagMAE": 0.1408311128616333,
    "Bone/pelvis/AngVelMAE": 0.15969257056713104,
    "Bone/Bip001/AngVelMagMAE": 3.7248984199322877e-06,
    "Bone/Bip001/AngVelMAE": 1.8628020939104317e-06,
    "Bone/spine_01/AngVelMagMAE": 0.11968884617090225,
    "Bone/spine_01/AngVelMAE": 0.14453210681676865,
    "Bone/spine_02/AngVelMagMAE": 0.12594425678253174,
    "Bone/spine_02/AngVelMAE": 0.13352075964212418,
    "Bone/clavicle_l/AngVelMagMAE": 0.10890265181660652,
    "Bone/clavicle_l/AngVelMAE": 0.10822349414229393,
    "Bone/upperarm_l/AngVelMagMAE": 0.1945192888379097,
    "Bone/upperarm_l/AngVelMAE": 0.3077448010444641,
    "Bone/RUpArmTwist_l_01/AngVelMagMAE": 0.1039998047053814,
    "Bone/RUpArmTwist_l_01/AngVelMAE": 0.0695001408457756,
    "Bone/RUpArmTwist_l_02/AngVelMagMAE": 0.07341716066002846,
    "Bone/RUpArmTwist_l_02/AngVelMAE": 0.04012495279312134,
    "Bone/lowerarm_l/AngVelMagMAE": 0.3303951025009155,
    "Bone/lowerarm_l/AngVelMAE": 0.2150316685438156,
    "Bone/L_ForeTwist_01/AngVelMagMAE": 0.0378417894244194,
    "Bone/L_ForeTwist_01/AngVelMAE": 0.016649738885462284,
    "Bone/L_ForeTwist_02/AngVelMagMAE": 0.04688257910311222,
    "Bone/L_ForeTwist_02/AngVelMAE": 0.01824772171676159,
    "Bone/hand_l/AngVelMagMAE": 0.15269498527050018,
    "Bone/hand_l/AngVelMAE": 0.17163599282503128,
    "Bone/index_01_l/AngVelMagMAE": 0.15852370113134384,
    "Bone/index_01_l/AngVelMAE": 0.12571222707629204,
    "Bone/middle_01_l/AngVelMagMAE": 0.128717839717865,
    "Bone/middle_01_l/AngVelMAE": 0.09190860018134117,
    "Bone/pinky_01_l/AngVelMagMAE": 0.9384503364562988,
    "Bone/pinky_01_l/AngVelMAE": 0.7311938107013702,
    "Bone/ring_01_l/AngVelMagMAE": 0.20906475186347961,
    "Bone/ring_01_l/AngVelMAE": 0.16716547310352325,
    "Bone/thumb_01_l/AngVelMagMAE": 0.8811547756195068,
    "Bone/thumb_01_l/AngVelMAE": 0.628790408372879,
    "Bone/clavicle_r/AngVelMagMAE": 0.0984329953789711,
    "Bone/clavicle_r/AngVelMAE": 0.10370588302612305,
    "Bone/upperarm_r/AngVelMagMAE": 0.23278995603322983,
    "Bone/upperarm_r/AngVelMAE": 0.3013216406106949,
    "Bone/RUpArmTwist_r_01/AngVelMagMAE": 0.21363994479179382,
    "Bone/RUpArmTwist_r_01/AngVelMAE": 0.13147416710853577,
    "Bone/RUpArmTwist_r_02/AngVelMagMAE": 0.1166478656232357,
    "Bone/RUpArmTwist_r_02/AngVelMAE": 0.06843716278672218,
    "Bone/lowerarm_r/AngVelMagMAE": 0.19304577261209488,
    "Bone/lowerarm_r/AngVelMAE": 0.12876195460557938,
    "Bone/R_ForeTwist_01/AngVelMagMAE": 0.04600677639245987,
    "Bone/R_ForeTwist_01/AngVelMAE": 0.026509370654821396,
    "Bone/R_ForeTwist_02/AngVelMagMAE": 0.05920353718101978,
    "Bone/R_ForeTwist_02/AngVelMAE": 0.028477761894464493,
    "Bone/hand_r/AngVelMagMAE": 0.24915290623903275,
    "Bone/hand_r/AngVelMAE": 0.27758634090423584,
    "Bone/index_01_r/AngVelMagMAE": 0.08369157835841179,
    "Bone/index_01_r/AngVelMAE": 0.062251659110188484,
    "Bone/middle_01_r/AngVelMagMAE": 0.07064559683203697,
    "Bone/middle_01_r/AngVelMAE": 0.053217148408293724,
    "Bone/pinky_01_r/AngVelMagMAE": 0.2579333484172821,
    "Bone/pinky_01_r/AngVelMAE": 0.17191333323717117,
    "Bone/ring_01_r/AngVelMagMAE": 0.09065599367022514,
    "Bone/ring_01_r/AngVelMAE": 0.06567560508847237,
    "Bone/thumb_01_r/AngVelMagMAE": 0.28722505271434784,
    "Bone/thumb_01_r/AngVelMAE": 0.23105858266353607,
    "Bone/neck_01/AngVelMagMAE": 0.10516887530684471,
    "Bone/neck_01/AngVelMAE": 0.1250503733754158,
    "Bone/head/AngVelMagMAE": 0.12543244287371635,
    "Bone/head/AngVelMAE": 0.148348830640316,
    "Bone/thigh_l/AngVelMagMAE": 0.3943779319524765,
    "Bone/thigh_l/AngVelMAE": 0.42665645480155945,
    "Bone/calf_l/AngVelMagMAE": 0.6554361283779144,
    "Bone/calf_l/AngVelMAE": 0.28342556953430176,
    "Bone/LCalfTwist_01/AngVelMagMAE": 0.06859973818063736,
    "Bone/LCalfTwist_01/AngVelMAE": 0.043096305802464485,
    "Bone/LCalfTwist_02/AngVelMagMAE": 0.07079369947314262,
    "Bone/LCalfTwist_02/AngVelMAE": 0.04370526596903801,
    "Bone/LCalfTwist_03/AngVelMagMAE": 0.08362626284360886,
    "Bone/LCalfTwist_03/AngVelMAE": 0.048853229731321335,
    "Bone/foot_l/AngVelMagMAE": 0.5099511295557022,
    "Bone/foot_l/AngVelMAE": 0.44793616235256195,
    "Bone/ball_l/AngVelMagMAE": 0.32700446248054504,
    "Bone/ball_l/AngVelMAE": 0.21637371182441711,
    "Bone/thigh_r/AngVelMagMAE": 0.3925519734621048,
    "Bone/thigh_r/AngVelMAE": 0.4085371196269989,
    "Bone/calf_r/AngVelMagMAE": 0.636467844247818,
    "Bone/calf_r/AngVelMAE": 0.331397220492363,
    "Bone/RCalfTwist_01/AngVelMagMAE": 0.07436513900756836,
    "Bone/RCalfTwist_01/AngVelMAE": 0.04272354207932949,
    "Bone/RCalfTwist_02/AngVelMagMAE": 0.07603061571717262,
    "Bone/RCalfTwist_02/AngVelMAE": 0.04457804374396801,
    "Bone/RCalfTwist_03/AngVelMagMAE": 0.09148300066590309,
    "Bone/RCalfTwist_03/AngVelMAE": 0.045877356082201004,
    "Bone/foot_r/AngVelMagMAE": 0.45628680288791656,
    "Bone/foot_r/AngVelMAE": 0.4504145681858063,
    "Bone/ball_r/AngVelMagMAE": 0.504068449139595,
    "Bone/ball_r/AngVelMAE": 0.2943698614835739,
    "KeyBone/upperarm_l/GeoDeg": 17.926640510559082,
    "KeyBone/upperarm_l/AngVelMAE": 0.3077448010444641,
    "KeyBone/upperarm_l/AngVelMagMAE": 0.1945192888379097,
    "KeyBone/upperarm_l/AngVelMagRel": 0.23750799894332886,
    "KeyBone/upperarm_l/AngVelDirDeg": 90.11373901367188,
    "KeyBone/lowerarm_l/GeoDeg": 11.14924144744873,
    "KeyBone/lowerarm_l/AngVelMAE": 0.2150316685438156,
    "KeyBone/lowerarm_l/AngVelMagMAE": 0.3303951025009155,
    "KeyBone/lowerarm_l/AngVelMagRel": 0.43419264256954193,
    "KeyBone/lowerarm_l/AngVelDirDeg": 89.85564804077148,
    "KeyBone/hand_l/GeoDeg": 11.500430583953857,
    "KeyBone/hand_l/AngVelMAE": 0.17163599282503128,
    "KeyBone/hand_l/AngVelMagMAE": 0.15269498527050018,
    "KeyBone/hand_l/AngVelMagRel": 0.27235984802246094,
    "KeyBone/hand_l/AngVelDirDeg": 91.24731826782227,
    "KeyBone/upperarm_r/GeoDeg": 17.22712993621826,
    "KeyBone/upperarm_r/AngVelMAE": 0.3013216406106949,
    "KeyBone/upperarm_r/AngVelMagMAE": 0.23278995603322983,
    "KeyBone/upperarm_r/AngVelMagRel": 0.30255070328712463,
    "KeyBone/upperarm_r/AngVelDirDeg": 90.60586929321289,
    "KeyBone/lowerarm_r/GeoDeg": 14.829995155334473,
    "KeyBone/lowerarm_r/AngVelMAE": 0.12876195460557938,
    "KeyBone/lowerarm_r/AngVelMagMAE": 0.19304577261209488,
    "KeyBone/lowerarm_r/AngVelMagRel": 0.363325759768486,
    "KeyBone/lowerarm_r/AngVelDirDeg": 89.38406753540039,
    "KeyBone/hand_r/GeoDeg": 16.24077796936035,
    "KeyBone/hand_r/AngVelMAE": 0.27758634090423584,
    "KeyBone/hand_r/AngVelMagMAE": 0.24915290623903275,
    "KeyBone/hand_r/AngVelMagRel": 0.3387789875268936,
    "KeyBone/hand_r/AngVelDirDeg": 90.44887161254883,
    "KeyBone/thigh_l/GeoDeg": 21.012423515319824,
    "KeyBone/thigh_l/AngVelMAE": 0.42665645480155945,
    "KeyBone/thigh_l/AngVelMagMAE": 0.3943779319524765,
    "KeyBone/thigh_l/AngVelMagRel": 0.3821604996919632,
    "KeyBone/thigh_l/AngVelDirDeg": 89.53163146972656,
    "KeyBone/calf_l/GeoDeg": 14.30711030960083,
    "KeyBone/calf_l/AngVelMAE": 0.28342556953430176,
    "KeyBone/calf_l/AngVelMagMAE": 0.6554361283779144,
    "KeyBone/calf_l/AngVelMagRel": 0.6314974725246429,
    "KeyBone/calf_l/AngVelDirDeg": 85.22001266479492,
    "KeyBone/foot_l/GeoDeg": 15.25376272201538,
    "KeyBone/foot_l/AngVelMAE": 0.44793616235256195,
    "KeyBone/foot_l/AngVelMagMAE": 0.5099511295557022,
    "KeyBone/foot_l/AngVelMagRel": 0.41412782669067383,
    "KeyBone/foot_l/AngVelDirDeg": 89.99869537353516,
    "KeyBone/thigh_r/GeoDeg": 18.55459976196289,