{
  "epoch": 36,
  "tag": "valfree",
  "timestamp": "2025-11-04T19:26:34",
  "metrics": {
    "YawAbsDeg": 7.318835020065308,
    "RootVelMAE": 0.09932304546236992,
    "period_abs_mean": 0.80611252784729,
    "period_abs_std": 0.2574010044336319,
    "GeoDeg": 12.945984363555908,
    "AngVelMAE": 0.13730835169553757,
    "AngVelMagRel": 0.4483201205730438,
    "Bone/pelvis/AngVelMagMAE": 0.16742504388093948,
    "Bone/pelvis/AngVelMAE": 0.127155601978302,
    "Bone/Bip001/AngVelMagMAE": 1.6828586240080767e-06,
    "Bone/Bip001/AngVelMAE": 8.406769325119967e-07,
    "Bone/spine_01/AngVelMagMAE": 0.09076937660574913,
    "Bone/spine_01/AngVelMAE": 0.09702607244253159,
    "Bone/spine_02/AngVelMagMAE": 0.09185510501265526,
    "Bone/spine_02/AngVelMAE": 0.0867287889122963,
    "Bone/clavicle_l/AngVelMagMAE": 0.12977046892046928,
    "Bone/clavicle_l/AngVelMAE": 0.09100345149636269,
    "Bone/upperarm_l/AngVelMagMAE": 0.24737856537103653,
    "Bone/upperarm_l/AngVelMAE": 0.2366427332162857,
    "Bone/RUpArmTwist_l_01/AngVelMagMAE": 0.0890563502907753,
    "Bone/RUpArmTwist_l_01/AngVelMAE": 0.04870912805199623,
    "Bone/RUpArmTwist_l_02/AngVelMagMAE": 0.061882417649030685,
    "Bone/RUpArmTwist_l_02/AngVelMAE": 0.02875985950231552,
    "Bone/lowerarm_l/AngVelMagMAE": 0.3146873265504837,
    "Bone/lowerarm_l/AngVelMAE": 0.16502713412046432,
    "Bone/L_ForeTwist_01/AngVelMagMAE": 0.04241948761045933,
    "Bone/L_ForeTwist_01/AngVelMAE": 0.01613602414727211,
    "Bone/L_ForeTwist_02/AngVelMagMAE": 0.04771088622510433,
    "Bone/L_ForeTwist_02/AngVelMAE": 0.01722412183880806,
    "Bone/hand_l/AngVelMagMAE": 0.18213161081075668,
    "Bone/hand_l/AngVelMAE": 0.14713643491268158,
    "Bone/index_01_l/AngVelMagMAE": 0.0953138992190361,
    "Bone/index_01_l/AngVelMAE": 0.0757531076669693,
    "Bone/middle_01_l/AngVelMagMAE": 0.07691112160682678,
    "Bone/middle_01_l/AngVelMAE": 0.05494662560522556,
    "Bone/pinky_01_l/AngVelMagMAE": 0.7442862391471863,
    "Bone/pinky_01_l/AngVelMAE": 0.5283288061618805,
    "Bone/ring_01_l/AngVelMagMAE": 0.13569478690624237,
    "Bone/ring_01_l/AngVelMAE": 0.1011645570397377,
    "Bone/thumb_01_l/AngVelMagMAE": 0.44900499284267426,
    "Bone/thumb_01_l/AngVelMAE": 0.34702977538108826,
    "Bone/clavicle_r/AngVelMagMAE": 0.0775294080376625,
    "Bone/clavicle_r/AngVelMAE": 0.07116937264800072,
    "Bone/upperarm_r/AngVelMagMAE": 0.2747957110404968,
    "Bone/upperarm_r/AngVelMAE": 0.2376452311873436,
    "Bone/RUpArmTwist_r_01/AngVelMagMAE": 0.14062727987766266,
    "Bone/RUpArmTwist_r_01/AngVelMAE": 0.08433914929628372,
    "Bone/RUpArmTwist_r_02/AngVelMagMAE": 0.08403007686138153,
    "Bone/RUpArmTwist_r_02/AngVelMAE": 0.04740967974066734,
    "Bone/lowerarm_r/AngVelMagMAE": 0.21441564708948135,
    "Bone/lowerarm_r/AngVelMAE": 0.10984726250171661,
    "Bone/R_ForeTwist_01/AngVelMagMAE": 0.041317882016301155,
    "Bone/R_ForeTwist_01/AngVelMAE": 0.019676542840898037,
    "Bone/R_ForeTwist_02/AngVelMagMAE": 0.05251631140708923,
    "Bone/R_ForeTwist_02/AngVelMAE": 0.02188550867140293,
    "Bone/hand_r/AngVelMagMAE": 0.24395807087421417,
    "Bone/hand_r/AngVelMAE": 0.21390843391418457,
    "Bone/index_01_r/AngVelMagMAE": 0.08599693328142166,
    "Bone/index_01_r/AngVelMAE": 0.05022181756794453,
    "Bone/middle_01_r/AngVelMagMAE": 0.07188514620065689,
    "Bone/middle_01_r/AngVelMAE": 0.042308393865823746,
    "Bone/pinky_01_r/AngVelMagMAE": 0.27383555471897125,
    "Bone/pinky_01_r/AngVelMAE": 0.15359430760145187,
    "Bone/ring_01_r/AngVelMagMAE": 0.09677847474813461,
    "Bone/ring_01_r/AngVelMAE": 0.05677829310297966,
    "Bone/thumb_01_r/AngVelMagMAE": 0.28610771894454956,
    "Bone/thumb_01_r/AngVelMAE": 0.18543479591608047,
    "Bone/neck_01/AngVelMagMAE": 0.0834091529250145,
    "Bone/neck_01/AngVelMAE": 0.08329672366380692,
    "Bone/head/AngVelMagMAE": 0.15151245146989822,
    "Bone/head/AngVelMAE": 0.12002058327198029,
    "Bone/thigh_l/AngVelMagMAE": 0.37296219170093536,
    "Bone/thigh_l/AngVelMAE": 0.321482852101326,
    "Bone/calf_l/AngVelMagMAE": 0.6073987185955048,
    "Bone/calf_l/AngVelMAE": 0.24008093774318695,
    "Bone/LCalfTwist_01/AngVelMagMAE": 0.06973271071910858,
    "Bone/LCalfTwist_01/AngVelMAE": 0.03388028033077717,
    "Bone/LCalfTwist_02/AngVelMagMAE": 0.06747957319021225,
    "Bone/LCalfTwist_02/AngVelMAE": 0.03536347113549709,
    "Bone/LCalfTwist_03/AngVelMagMAE": 0.0827518180012703,
    "Bone/LCalfTwist_03/AngVelMAE": 0.037580206990242004,
    "Bone/foot_l/AngVelMagMAE": 0.6151478588581085,
    "Bone/foot_l/AngVelMAE": 0.39649155735969543,
    "Bone/ball_l/AngVelMagMAE": 0.29688912630081177,
    "Bone/ball_l/AngVelMAE": 0.16687363386154175,
    "Bone/thigh_r/AngVelMagMAE": 0.4357816278934479,
    "Bone/thigh_r/AngVelMAE": 0.34203381836414337,
    "Bone/calf_r/AngVelMagMAE": 0.7051926553249359,
    "Bone/calf_r/AngVelMAE": 0.30078116059303284,
    "Bone/RCalfTwist_01/AngVelMagMAE": 0.07343603670597076,
    "Bone/RCalfTwist_01/AngVelMAE": 0.03532943315804005,
    "Bone/RCalfTwist_02/AngVelMagMAE": 0.07527041435241699,
    "Bone/RCalfTwist_02/AngVelMAE": 0.035363977774977684,
    "Bone/RCalfTwist_03/AngVelMagMAE": 0.08868284150958061,
    "Bone/RCalfTwist_03/AngVelMAE": 0.037761228159070015,
    "Bone/foot_r/AngVelMagMAE": 0.5804014503955841,
    "Bone/foot_r/AngVelMAE": 0.39084887504577637,
    "Bone/ball_r/AngVelMagMAE": 0.5571673810482025,
    "Bone/ball_r/AngVelMAE": 0.2760036438703537,
    "KeyBone/upperarm_l/GeoDeg": 18.43821144104004,
    "KeyBone/upperarm_l/AngVelMAE": 0.2366427332162857,
    "KeyBone/upperarm_l/AngVelMagMAE": 0.24737856537103653,
    "KeyBone/upperarm_l/AngVelMagRel": 0.4206010699272156,
    "KeyBone/upperarm_l/AngVelDirDeg": 89.96786117553711,
    "KeyBone/lowerarm_l/GeoDeg": 10.657436847686768,
    "KeyBone/lowerarm_l/AngVelMAE": 0.16502713412046432,
    "KeyBone/lowerarm_l/AngVelMagMAE": 0.3146873265504837,
    "KeyBone/lowerarm_l/AngVelMagRel": 0.5456192195415497,
    "KeyBone/lowerarm_l/AngVelDirDeg": 89.50308990478516,
    "KeyBone/hand_l/GeoDeg": 11.959257125854492,
    "KeyBone/hand_l/AngVelMAE": 0.14713643491268158,
    "KeyBone/hand_l/AngVelMagMAE": 0.18213161081075668,
    "KeyBone/hand_l/AngVelMagRel": 0.36509518325328827,
    "KeyBone/hand_l/AngVelDirDeg": 89.84885025024414,
    "KeyBone/upperarm_r/GeoDeg": 14.865224838256836,
    "KeyBone/upperarm_r/AngVelMAE": 0.2376452311873436,
    "KeyBone/upperarm_r/AngVelMagMAE": 0.2747957110404968,
    "KeyBone/upperarm_r/AngVelMagRel": 0.4129341244697571,
    "KeyBone/upperarm_r/AngVelDirDeg": 90.26031875610352,
    "KeyBone/lowerarm_r/GeoDeg": 14.850974082946777,
    "KeyBone/lowerarm_r/AngVelMAE": 0.10984726250171661,
    "KeyBone/lowerarm_r/AngVelMagMAE": 0.21441564708948135,
    "KeyBone/lowerarm_r/AngVelMagRel": 0.4795024245977402,
    "KeyBone/lowerarm_r/AngVelDirDeg": 89.1056022644043,
    "KeyBone/hand_r/GeoDeg": 16.213932037353516,
    "KeyBone/hand_r/AngVelMAE": 0.21390843391418457,
    "KeyBone/hand_r/AngVelMagMAE": 0.24395807087421417,
    "KeyBone/hand_r/AngVelMagRel": 0.3987828642129898,
    "KeyBone/hand_r/AngVelDirDeg": 90.07460021972656,
    "KeyBone/thigh_l/GeoDeg": 20.980466842651367,
    "KeyBone/thigh_l/AngVelMAE": 0.321482852101326,
    "KeyBone/thigh_l/AngVelMagMAE": 0.37296219170093536,
    "KeyBone/thigh_l/AngVelMagRel": 0.47539374232292175,
    "KeyBone/thigh_l/AngVelDirDeg": 89.40422439575195,
    "KeyBone/calf_l/GeoDeg": 15.553640842437744,
    "KeyBone/calf_l/AngVelMAE": 0.24008093774318695,
    "KeyBone/calf_l/AngVelMagMAE": 0.6073987185955048,
    "KeyBone/calf_l/AngVelMagRel": 0.7719695866107941,
    "KeyBone/calf_l/AngVelDirDeg": 90.8813705444336,
    "KeyBone/foot_l/GeoDeg": 13.404714584350586,
    "KeyBone/foot_l/AngVelMAE": 0.39649155735969543,
    "KeyBone/foot_l/AngVelMagMAE": 0.6151478588581085,
    "KeyBone/foot_l/AngVelMagRel": 0.6520885527133942,
    "KeyBone/foot_l/AngVelDirDeg": 90.33905792236328,
    "KeyBone/thigh_r/GeoDeg": 17.34657382965088,