{
  "epoch": 31,
  "tag": "valfree",
  "timestamp": "2025-11-04T18:46:35",
  "metrics": {
    "YawAbsDeg": 10.825594902038574,
    "RootVelMAE": 0.13230756297707558,
    "period_abs_mean": 0.8138435184955597,
    "period_abs_std": 0.25927233695983887,
    "GeoDeg": 12.901036262512207,
    "AngVelMAE": 0.1429673209786415,
    "AngVelMagRel": 0.4193856567144394,
    "Bone/pelvis/AngVelMagMAE": 0.16472002863883972,
    "Bone/pelvis/AngVelMAE": 0.1310318261384964,
    "Bone/Bip001/AngVelMagMAE": 1.7773347735783318e-06,
    "Bone/Bip001/AngVelMAE": 8.952050052357663e-07,
    "Bone/spine_01/AngVelMagMAE": 0.11310838535428047,
    "Bone/spine_01/AngVelMAE": 0.1106794960796833,
    "Bone/spine_02/AngVelMagMAE": 0.12825537472963333,
    "Bone/spine_02/AngVelMAE": 0.10859649255871773,
    "Bone/clavicle_l/AngVelMagMAE": 0.09661279246211052,
    "Bone/clavicle_l/AngVelMAE": 0.07888538017868996,
    "Bone/upperarm_l/AngVelMagMAE": 0.2322278544306755,
    "Bone/upperarm_l/AngVelMAE": 0.23273302614688873,
    "Bone/RUpArmTwist_l_01/AngVelMagMAE": 0.09198286756873131,
    "Bone/RUpArmTwist_l_01/AngVelMAE": 0.050770753994584084,
    "Bone/RUpArmTwist_l_02/AngVelMagMAE": 0.06358141452074051,
    "Bone/RUpArmTwist_l_02/AngVelMAE": 0.03003130853176117,
    "Bone/lowerarm_l/AngVelMagMAE": 0.3467324823141098,
    "Bone/lowerarm_l/AngVelMAE": 0.1781429648399353,
    "Bone/L_ForeTwist_01/AngVelMagMAE": 0.03284229524433613,
    "Bone/L_ForeTwist_01/AngVelMAE": 0.012957555707544088,
    "Bone/L_ForeTwist_02/AngVelMagMAE": 0.037910519167780876,
    "Bone/L_ForeTwist_02/AngVelMAE": 0.013777421321719885,
    "Bone/hand_l/AngVelMagMAE": 0.13873030245304108,
    "Bone/hand_l/AngVelMAE": 0.12794460356235504,
    "Bone/index_01_l/AngVelMagMAE": 0.08683496341109276,
    "Bone/index_01_l/AngVelMAE": 0.08180814236402512,
    "Bone/middle_01_l/AngVelMagMAE": 0.07730510458350182,
    "Bone/middle_01_l/AngVelMAE": 0.06122184917330742,
    "Bone/pinky_01_l/AngVelMagMAE": 0.7644518315792084,
    "Bone/pinky_01_l/AngVelMAE": 0.5678753852844238,
    "Bone/ring_01_l/AngVelMagMAE": 0.13434480875730515,
    "Bone/ring_01_l/AngVelMAE": 0.11033222451806068,
    "Bone/thumb_01_l/AngVelMagMAE": 0.4440198242664337,
    "Bone/thumb_01_l/AngVelMAE": 0.3739246428012848,
    "Bone/clavicle_r/AngVelMagMAE": 0.06790213659405708,
    "Bone/clavicle_r/AngVelMAE": 0.06819520518183708,
    "Bone/upperarm_r/AngVelMagMAE": 0.28171731531620026,
    "Bone/upperarm_r/AngVelMAE": 0.25098276138305664,
    "Bone/RUpArmTwist_r_01/AngVelMagMAE": 0.14752251654863358,
    "Bone/RUpArmTwist_r_01/AngVelMAE": 0.08737074583768845,
    "Bone/RUpArmTwist_r_02/AngVelMagMAE": 0.08362965285778046,
    "Bone/RUpArmTwist_r_02/AngVelMAE": 0.048934122547507286,
    "Bone/lowerarm_r/AngVelMagMAE": 0.1946996971964836,
    "Bone/lowerarm_r/AngVelMAE": 0.106490109115839,
    "Bone/R_ForeTwist_01/AngVelMagMAE": 0.04436300881206989,
    "Bone/R_ForeTwist_01/AngVelMAE": 0.020965286530554295,
    "Bone/R_ForeTwist_02/AngVelMagMAE": 0.05572458542883396,
    "Bone/R_ForeTwist_02/AngVelMAE": 0.023415235802531242,
    "Bone/hand_r/AngVelMagMAE": 0.23007778078317642,
    "Bone/hand_r/AngVelMAE": 0.2165038213133812,
    "Bone/index_01_r/AngVelMagMAE": 0.09428742527961731,
    "Bone/index_01_r/AngVelMAE": 0.057184310629963875,
    "Bone/middle_01_r/AngVelMagMAE": 0.08419090136885643,
    "Bone/middle_01_r/AngVelMAE": 0.04966321401298046,
    "Bone/pinky_01_r/AngVelMagMAE": 0.2946532517671585,
    "Bone/pinky_01_r/AngVelMAE": 0.1685831993818283,
    "Bone/ring_01_r/AngVelMagMAE": 0.1057189553976059,
    "Bone/ring_01_r/AngVelMAE": 0.06195459142327309,
    "Bone/thumb_01_r/AngVelMagMAE": 0.31104230880737305,
    "Bone/thumb_01_r/AngVelMAE": 0.2040671780705452,
    "Bone/neck_01/AngVelMagMAE": 0.10411018133163452,
    "Bone/neck_01/AngVelMAE": 0.0952407456934452,
    "Bone/head/AngVelMagMAE": 0.146073117852211,
    "Bone/head/AngVelMAE": 0.12047421559691429,
    "Bone/thigh_l/AngVelMagMAE": 0.389549121260643,
    "Bone/thigh_l/AngVelMAE": 0.3304424434900284,
    "Bone/calf_l/AngVelMagMAE": 0.6932339370250702,
    "Bone/calf_l/AngVelMAE": 0.2663649767637253,
    "Bone/LCalfTwist_01/AngVelMagMAE": 0.06859675422310829,
    "Bone/LCalfTwist_01/AngVelMAE": 0.03451772965490818,
    "Bone/LCalfTwist_02/AngVelMagMAE": 0.06651917845010757,
    "Bone/LCalfTwist_02/AngVelMAE": 0.03548156097531319,
    "Bone/LCalfTwist_03/AngVelMagMAE": 0.080681711435318,
    "Bone/LCalfTwist_03/AngVelMAE": 0.037889085710048676,
    "Bone/foot_l/AngVelMagMAE": 0.5784853398799896,
    "Bone/foot_l/AngVelMAE": 0.38166430592536926,
    "Bone/ball_l/AngVelMagMAE": 0.35889066755771637,
    "Bone/ball_l/AngVelMAE": 0.1981348693370819,
    "Bone/thigh_r/AngVelMagMAE": 0.4379899203777313,
    "Bone/thigh_r/AngVelMAE": 0.35422417521476746,
    "Bone/calf_r/AngVelMagMAE": 0.6459406018257141,
    "Bone/calf_r/AngVelMAE": 0.28371289372444153,
    "Bone/RCalfTwist_01/AngVelMagMAE": 0.07581480965018272,
    "Bone/RCalfTwist_01/AngVelMAE": 0.036353182047605515,
    "Bone/RCalfTwist_02/AngVelMagMAE": 0.0780508816242218,
    "Bone/RCalfTwist_02/AngVelMAE": 0.036585379391908646,
    "Bone/RCalfTwist_03/AngVelMagMAE": 0.09258920326828957,
    "Bone/RCalfTwist_03/AngVelMAE": 0.03881382569670677,
    "Bone/foot_r/AngVelMagMAE": 0.6203941106796265,
    "Bone/foot_r/AngVelMAE": 0.41798530519008636,
    "Bone/ball_r/AngVelMagMAE": 0.542826771736145,
    "Bone/ball_r/AngVelMAE": 0.27358831465244293,
    "KeyBone/upperarm_l/GeoDeg": 16.976123809814453,
    "KeyBone/upperarm_l/AngVelMAE": 0.23273302614688873,
    "KeyBone/upperarm_l/AngVelMagMAE": 0.2322278544306755,
    "KeyBone/upperarm_l/AngVelMagRel": 0.3869134485721588,
    "KeyBone/upperarm_l/AngVelDirDeg": 90.08828353881836,
    "KeyBone/lowerarm_l/GeoDeg": 12.287375450134277,
    "KeyBone/lowerarm_l/AngVelMAE": 0.1781429648399353,
    "KeyBone/lowerarm_l/AngVelMagMAE": 0.3467324823141098,
    "KeyBone/lowerarm_l/AngVelMagRel": 0.5938427746295929,
    "KeyBone/lowerarm_l/AngVelDirDeg": 89.7914810180664,
    "KeyBone/hand_l/GeoDeg": 10.820735454559326,
    "KeyBone/hand_l/AngVelMAE": 0.12794460356235504,
    "KeyBone/hand_l/AngVelMagMAE": 0.13873030245304108,
    "KeyBone/hand_l/AngVelMagRel": 0.25826507061719894,
    "KeyBone/hand_l/AngVelDirDeg": 90.00382995605469,
    "KeyBone/upperarm_r/GeoDeg": 18.17448329925537,
    "KeyBone/upperarm_r/AngVelMAE": 0.25098276138305664,
    "KeyBone/upperarm_r/AngVelMagMAE": 0.28171731531620026,
    "KeyBone/upperarm_r/AngVelMagRel": 0.43729420006275177,
    "KeyBone/upperarm_r/AngVelDirDeg": 90.69152069091797,
    "KeyBone/lowerarm_r/GeoDeg": 13.542428493499756,
    "KeyBone/lowerarm_r/AngVelMAE": 0.106490109115839,
    "KeyBone/lowerarm_r/AngVelMagMAE": 0.1946996971964836,
    "KeyBone/lowerarm_r/AngVelMagRel": 0.4293226897716522,
    "KeyBone/lowerarm_r/AngVelDirDeg": 89.38153839111328,
    "KeyBone/hand_r/GeoDeg": 16.18995475769043,
    "KeyBone/hand_r/AngVelMAE": 0.2165038213133812,
    "KeyBone/hand_r/AngVelMagMAE": 0.23007778078317642,
    "KeyBone/hand_r/AngVelMagRel": 0.3675888925790787,
    "KeyBone/hand_r/AngVelDirDeg": 89.8685417175293,
    "KeyBone/thigh_l/GeoDeg": 19.944515228271484,
    "KeyBone/thigh_l/AngVelMAE": 0.3304424434900284,
    "KeyBone/thigh_l/AngVelMagMAE": 0.389549121260643,
    "KeyBone/thigh_l/AngVelMagRel": 0.473564550280571,
    "KeyBone/thigh_l/AngVelDirDeg": 91.10956954956055,
    "KeyBone/calf_l/GeoDeg": 12.670104026794434,
    "KeyBone/calf_l/AngVelMAE": 0.2663649767637253,
    "KeyBone/calf_l/AngVelMagMAE": 0.6932339370250702,
    "KeyBone/calf_l/AngVelMagRel": 0.765784502029419,
    "KeyBone/calf_l/AngVelDirDeg": 88.88810348510742,
    "KeyBone/foot_l/GeoDeg": 15.381548404693604,
    "KeyBone/foot_l/AngVelMAE": 0.38166430592536926,
    "KeyBone/foot_l/AngVelMagMAE": 0.5784853398799896,
    "KeyBone/foot_l/AngVelMagRel": 0.6062533855438232,
    "KeyBone/foot_l/AngVelDirDeg": 89.86670684814453,
    "KeyBone/thigh_r/GeoDeg": 19.199893951416016,