{
  "epoch": 19,
  "tag": "valfree",
  "timestamp": "2025-11-04T15:23:11",
  "metrics": {
    "YawAbsDeg": 8.111078262329102,
    "RootVelMAE": 0.1122688427567482,
    "period_abs_mean": 0.8027481436729431,
    "period_abs_std": 0.26146289706230164,
    "GeoDeg": 12.313486099243164,
    "AngVelMAE": 0.15144192427396774,
    "AngVelMagRel": 0.3800438344478607,
    "Bone/pelvis/AngVelMagMAE": 0.14838536828756332,
    "Bone/pelvis/AngVelMAE": 0.14588961005210876,
    "Bone/Bip001/AngVelMagMAE": 2.573064307398454e-06,
    "Bone/Bip001/AngVelMAE": 1.2865090184277506e-06,
    "Bone/spine_01/AngVelMagMAE": 0.09741107374429703,
    "Bone/spine_01/AngVelMAE": 0.11927786469459534,
    "Bone/spine_02/AngVelMagMAE": 0.10448461771011353,
    "Bone/spine_02/AngVelMAE": 0.10941096767783165,
    "Bone/clavicle_l/AngVelMagMAE": 0.09453589469194412,
    "Bone/clavicle_l/AngVelMAE": 0.08721250295639038,
    "Bone/upperarm_l/AngVelMagMAE": 0.19315526634454727,
    "Bone/upperarm_l/AngVelMAE": 0.2611939609050751,
    "Bone/RUpArmTwist_l_01/AngVelMagMAE": 0.0909777320921421,
    "Bone/RUpArmTwist_l_01/AngVelMAE": 0.0572845246642828,
    "Bone/RUpArmTwist_l_02/AngVelMagMAE": 0.06467128172516823,
    "Bone/RUpArmTwist_l_02/AngVelMAE": 0.03340657614171505,
    "Bone/lowerarm_l/AngVelMagMAE": 0.311613067984581,
    "Bone/lowerarm_l/AngVelMAE": 0.18925651162862778,
    "Bone/L_ForeTwist_01/AngVelMagMAE": 0.03264468442648649,
    "Bone/L_ForeTwist_01/AngVelMAE": 0.014017470646649599,
    "Bone/L_ForeTwist_02/AngVelMagMAE": 0.03985557332634926,
    "Bone/L_ForeTwist_02/AngVelMAE": 0.01491852616891265,
    "Bone/hand_l/AngVelMagMAE": 0.14336483925580978,
    "Bone/hand_l/AngVelMAE": 0.14459159225225449,
    "Bone/index_01_l/AngVelMagMAE": 0.11534364521503448,
    "Bone/index_01_l/AngVelMAE": 0.09491576626896858,
    "Bone/middle_01_l/AngVelMagMAE": 0.09840346872806549,
    "Bone/middle_01_l/AngVelMAE": 0.07084377855062485,
    "Bone/pinky_01_l/AngVelMagMAE": 0.8289570212364197,
    "Bone/pinky_01_l/AngVelMAE": 0.6047214865684509,
    "Bone/ring_01_l/AngVelMagMAE": 0.16093915700912476,
    "Bone/ring_01_l/AngVelMAE": 0.12924540415406227,
    "Bone/thumb_01_l/AngVelMagMAE": 0.6046749651432037,
    "Bone/thumb_01_l/AngVelMAE": 0.4631802886724472,
    "Bone/clavicle_r/AngVelMagMAE": 0.0716596320271492,
    "Bone/clavicle_r/AngVelMAE": 0.08017463237047195,
    "Bone/upperarm_r/AngVelMagMAE": 0.23473825305700302,
    "Bone/upperarm_r/AngVelMAE": 0.2585945650935173,
    "Bone/RUpArmTwist_r_01/AngVelMagMAE": 0.16212479025125504,
    "Bone/RUpArmTwist_r_01/AngVelMAE": 0.09981070831418037,
    "Bone/RUpArmTwist_r_02/AngVelMagMAE": 0.09363271668553352,
    "Bone/RUpArmTwist_r_02/AngVelMAE": 0.05549280717968941,
    "Bone/lowerarm_r/AngVelMagMAE": 0.1856750100851059,
    "Bone/lowerarm_r/AngVelMAE": 0.10922607779502869,
    "Bone/R_ForeTwist_01/AngVelMagMAE": 0.04290345497429371,
    "Bone/R_ForeTwist_01/AngVelMAE": 0.021735495887696743,
    "Bone/R_ForeTwist_02/AngVelMagMAE": 0.05550156161189079,
    "Bone/R_ForeTwist_02/AngVelMAE": 0.024629611521959305,
    "Bone/hand_r/AngVelMagMAE": 0.22901540249586105,
    "Bone/hand_r/AngVelMAE": 0.23102183640003204,
    "Bone/index_01_r/AngVelMagMAE": 0.08430609479546547,
    "Bone/index_01_r/AngVelMAE": 0.05406772345304489,
    "Bone/middle_01_r/AngVelMagMAE": 0.07160213589668274,
    "Bone/middle_01_r/AngVelMAE": 0.045269669964909554,
    "Bone/pinky_01_r/AngVelMagMAE": 0.2557978183031082,
    "Bone/pinky_01_r/AngVelMAE": 0.15374357253313065,
    "Bone/ring_01_r/AngVelMagMAE": 0.09120934456586838,
    "Bone/ring_01_r/AngVelMAE": 0.05693162977695465,
    "Bone/thumb_01_r/AngVelMagMAE": 0.2886033058166504,
    "Bone/thumb_01_r/AngVelMAE": 0.19905228912830353,
    "Bone/neck_01/AngVelMagMAE": 0.08657774329185486,
    "Bone/neck_01/AngVelMAE": 0.10067782923579216,
    "Bone/head/AngVelMagMAE": 0.12237774208188057,
    "Bone/head/AngVelMAE": 0.12526897713541985,
    "Bone/thigh_l/AngVelMagMAE": 0.3505839407444,
    "Bone/thigh_l/AngVelMAE": 0.35323789715766907,
    "Bone/calf_l/AngVelMagMAE": 0.601998507976532,
    "Bone/calf_l/AngVelMAE": 0.24846907705068588,
    "Bone/LCalfTwist_01/AngVelMagMAE": 0.06288300082087517,
    "Bone/LCalfTwist_01/AngVelMAE": 0.03544307313859463,
    "Bone/LCalfTwist_02/AngVelMagMAE": 0.06214103102684021,
    "Bone/LCalfTwist_02/AngVelMAE": 0.03664249926805496,
    "Bone/LCalfTwist_03/AngVelMagMAE": 0.0785418450832367,
    "Bone/LCalfTwist_03/AngVelMAE": 0.03957054205238819,
    "Bone/foot_l/AngVelMagMAE": 0.5057545602321625,
    "Bone/foot_l/AngVelMAE": 0.39090506732463837,
    "Bone/ball_l/AngVelMagMAE": 0.3144420385360718,
    "Bone/ball_l/AngVelMAE": 0.19334013015031815,
    "Bone/thigh_r/AngVelMagMAE": 0.3856532722711563,
    "Bone/thigh_r/AngVelMAE": 0.3701697289943695,
    "Bone/calf_r/AngVelMagMAE": 0.6792636811733246,
    "Bone/calf_r/AngVelMAE": 0.3225221335887909,
    "Bone/RCalfTwist_01/AngVelMagMAE": 0.0727585069835186,
    "Bone/RCalfTwist_01/AngVelMAE": 0.03751540370285511,
    "Bone/RCalfTwist_02/AngVelMagMAE": 0.07176652550697327,
    "Bone/RCalfTwist_02/AngVelMAE": 0.03774143010377884,
    "Bone/RCalfTwist_03/AngVelMagMAE": 0.08921566605567932,
    "Bone/RCalfTwist_03/AngVelMAE": 0.039833325892686844,
    "Bone/foot_r/AngVelMagMAE": 0.5414726436138153,
    "Bone/foot_r/AngVelMAE": 0.4231783449649811,
    "Bone/ball_r/AngVelMagMAE": 0.529369443655014,
    "Bone/ball_r/AngVelMAE": 0.2826947122812271,
    "KeyBone/upperarm_l/GeoDeg": 17.42943000793457,
    "KeyBone/upperarm_l/AngVelMAE": 0.2611939609050751,
    "KeyBone/upperarm_l/AngVelMagMAE": 0.19315526634454727,
    "KeyBone/upperarm_l/AngVelMagRel": 0.2833264023065567,
    "KeyBone/upperarm_l/AngVelDirDeg": 89.35356903076172,
    "KeyBone/lowerarm_l/GeoDeg": 11.798725128173828,
    "KeyBone/lowerarm_l/AngVelMAE": 0.18925651162862778,
    "KeyBone/lowerarm_l/AngVelMagMAE": 0.311613067984581,
    "KeyBone/lowerarm_l/AngVelMagRel": 0.47228825092315674,
    "KeyBone/lowerarm_l/AngVelDirDeg": 89.1662368774414,
    "KeyBone/hand_l/GeoDeg": 10.80424165725708,
    "KeyBone/hand_l/AngVelMAE": 0.14459159225225449,
    "KeyBone/hand_l/AngVelMagMAE": 0.14336483925580978,
    "KeyBone/hand_l/AngVelMagRel": 0.25942501425743103,
    "KeyBone/hand_l/AngVelDirDeg": 89.97905731201172,
    "KeyBone/upperarm_r/GeoDeg": 15.53472900390625,
    "KeyBone/upperarm_r/AngVelMAE": 0.2585945650935173,
    "KeyBone/upperarm_r/AngVelMagMAE": 0.23473825305700302,
    "KeyBone/upperarm_r/AngVelMagRel": 0.3209090679883957,
    "KeyBone/upperarm_r/AngVelDirDeg": 90.45677185058594,
    "KeyBone/lowerarm_r/GeoDeg": 13.461513042449951,
    "KeyBone/lowerarm_r/AngVelMAE": 0.10922607779502869,
    "KeyBone/lowerarm_r/AngVelMagMAE": 0.1856750100851059,
    "KeyBone/lowerarm_r/AngVelMagRel": 0.38510194420814514,
    "KeyBone/lowerarm_r/AngVelDirDeg": 89.82356262207031,
    "KeyBone/hand_r/GeoDeg": 15.80227279663086,
    "KeyBone/hand_r/AngVelMAE": 0.23102183640003204,
    "KeyBone/hand_r/AngVelMagMAE": 0.22901540249586105,
    "KeyBone/hand_r/AngVelMagRel": 0.35654260218143463,
    "KeyBone/hand_r/AngVelDirDeg": 89.84333801269531,
    "KeyBone/thigh_l/GeoDeg": 19.68161964416504,
    "KeyBone/thigh_l/AngVelMAE": 0.35323789715766907,
    "KeyBone/thigh_l/AngVelMagMAE": 0.3505839407444,
    "KeyBone/thigh_l/AngVelMagRel": 0.3824787735939026,
    "KeyBone/thigh_l/AngVelDirDeg": 90.8386116027832,
    "KeyBone/calf_l/GeoDeg": 13.57993745803833,
    "KeyBone/calf_l/AngVelMAE": 0.24846907705068588,
    "KeyBone/calf_l/AngVelMagMAE": 0.601998507976532,
    "KeyBone/calf_l/AngVelMagRel": 0.6812601387500763,
    "KeyBone/calf_l/AngVelDirDeg": 90.72687911987305,
    "KeyBone/foot_l/GeoDeg": 13.841028690338135,
    "KeyBone/foot_l/AngVelMAE": 0.39090506732463837,
    "KeyBone/foot_l/AngVelMagMAE": 0.5057545602321625,
    "KeyBone/foot_l/AngVelMagRel": 0.4784975051879883,
    "KeyBone/foot_l/AngVelDirDeg": 89.11016082763672,
    "KeyBone/thigh_r/GeoDeg": 18.669285774230957,