{
  "epoch": 49,
  "tag": "valfree",
  "timestamp": "2025-11-04T21:11:19",
  "metrics": {
    "YawAbsDeg": 8.565599203109741,
    "RootVelMAE": 0.13126709312200546,
    "period_abs_mean": 0.8203415274620056,
    "period_abs_std": 0.2533544674515724,
    "GeoDeg": 13.727316856384277,
    "AngVelMAE": 0.1392466202378273,
    "AngVelMagRel": 0.4580206423997879,
    "Bone/pelvis/AngVelMagMAE": 0.1729089841246605,
    "Bone/pelvis/AngVelMAE": 0.12701009958982468,
    "Bone/Bip001/AngVelMagMAE": 1.5539769719907781e-06,
    "Bone/Bip001/AngVelMAE": 7.801051253863989e-07,
    "Bone/spine_01/AngVelMagMAE": 0.10335515066981316,
    "Bone/spine_01/AngVelMAE": 0.09920278564095497,
    "Bone/spine_02/AngVelMagMAE": 0.11765440925955772,
    "Bone/spine_02/AngVelMAE": 0.0976717583835125,
    "Bone/clavicle_l/AngVelMagMAE": 0.12218693643808365,
    "Bone/clavicle_l/AngVelMAE": 0.0857960470020771,
    "Bone/upperarm_l/AngVelMagMAE": 0.24982570111751556,
    "Bone/upperarm_l/AngVelMAE": 0.22950249165296555,
    "Bone/RUpArmTwist_l_01/AngVelMagMAE": 0.09098406136035919,
    "Bone/RUpArmTwist_l_01/AngVelMAE": 0.04901832342147827,
    "Bone/RUpArmTwist_l_02/AngVelMagMAE": 0.0629400759935379,
    "Bone/RUpArmTwist_l_02/AngVelMAE": 0.029235513880848885,
    "Bone/lowerarm_l/AngVelMagMAE": 0.33540312945842743,
    "Bone/lowerarm_l/AngVelMAE": 0.1666318103671074,
    "Bone/L_ForeTwist_01/AngVelMagMAE": 0.039691705256700516,
    "Bone/L_ForeTwist_01/AngVelMAE": 0.015092156827449799,
    "Bone/L_ForeTwist_02/AngVelMagMAE": 0.04481658525764942,
    "Bone/L_ForeTwist_02/AngVelMAE": 0.016139383893460035,
    "Bone/hand_l/AngVelMagMAE": 0.1657465621829033,
    "Bone/hand_l/AngVelMAE": 0.1368304267525673,
    "Bone/index_01_l/AngVelMagMAE": 0.0862620398402214,
    "Bone/index_01_l/AngVelMAE": 0.077264454215765,
    "Bone/middle_01_l/AngVelMagMAE": 0.07388709485530853,
    "Bone/middle_01_l/AngVelMAE": 0.05679933540523052,
    "Bone/pinky_01_l/AngVelMagMAE": 0.7558552324771881,
    "Bone/pinky_01_l/AngVelMAE": 0.5474392175674438,
    "Bone/ring_01_l/AngVelMagMAE": 0.13103889673948288,
    "Bone/ring_01_l/AngVelMAE": 0.10063228011131287,
    "Bone/thumb_01_l/AngVelMagMAE": 0.42329244315624237,
    "Bone/thumb_01_l/AngVelMAE": 0.3477041721343994,
    "Bone/clavicle_r/AngVelMagMAE": 0.07628756389021873,
    "Bone/clavicle_r/AngVelMAE": 0.06599856540560722,
    "Bone/upperarm_r/AngVelMagMAE": 0.28569167852401733,
    "Bone/upperarm_r/AngVelMAE": 0.24009571969509125,
    "Bone/RUpArmTwist_r_01/AngVelMagMAE": 0.14282942563295364,
    "Bone/RUpArmTwist_r_01/AngVelMAE": 0.08438291400671005,
    "Bone/RUpArmTwist_r_02/AngVelMagMAE": 0.08288457617163658,
    "Bone/RUpArmTwist_r_02/AngVelMAE": 0.04564240947365761,
    "Bone/lowerarm_r/AngVelMagMAE": 0.2148595228791237,
    "Bone/lowerarm_r/AngVelMAE": 0.10973552986979485,
    "Bone/R_ForeTwist_01/AngVelMagMAE": 0.043150126934051514,
    "Bone/R_ForeTwist_01/AngVelMAE": 0.01995148044079542,
    "Bone/R_ForeTwist_02/AngVelMagMAE": 0.05519012175500393,
    "Bone/R_ForeTwist_02/AngVelMAE": 0.022856622003018856,
    "Bone/hand_r/AngVelMagMAE": 0.24307986348867416,
    "Bone/hand_r/AngVelMAE": 0.21008405834436417,
    "Bone/index_01_r/AngVelMagMAE": 0.09424864500761032,
    "Bone/index_01_r/AngVelMAE": 0.055044326931238174,
    "Bone/middle_01_r/AngVelMagMAE": 0.08359423279762268,
    "Bone/middle_01_r/AngVelMAE": 0.04801856726408005,
    "Bone/pinky_01_r/AngVelMagMAE": 0.28671741485595703,
    "Bone/pinky_01_r/AngVelMAE": 0.16039568185806274,
    "Bone/ring_01_r/AngVelMagMAE": 0.10370080173015594,
    "Bone/ring_01_r/AngVelMAE": 0.06043756753206253,
    "Bone/thumb_01_r/AngVelMagMAE": 0.2965334504842758,
    "Bone/thumb_01_r/AngVelMAE": 0.19320861250162125,
    "Bone/neck_01/AngVelMagMAE": 0.10444557294249535,
    "Bone/neck_01/AngVelMAE": 0.09144572541117668,
    "Bone/head/AngVelMagMAE": 0.15415046364068985,
    "Bone/head/AngVelMAE": 0.11927023530006409,
    "Bone/thigh_l/AngVelMagMAE": 0.4044559895992279,
    "Bone/thigh_l/AngVelMAE": 0.32172900438308716,
    "Bone/calf_l/AngVelMagMAE": 0.7536212503910065,
    "Bone/calf_l/AngVelMAE": 0.2846192568540573,
    "Bone/LCalfTwist_01/AngVelMagMAE": 0.07358646765351295,
    "Bone/LCalfTwist_01/AngVelMAE": 0.03501228801906109,
    "Bone/LCalfTwist_02/AngVelMagMAE": 0.07079678773880005,
    "Bone/LCalfTwist_02/AngVelMAE": 0.036032313480973244,
    "Bone/LCalfTwist_03/AngVelMagMAE": 0.08497068658471107,
    "Bone/LCalfTwist_03/AngVelMAE": 0.03833789937198162,
    "Bone/foot_l/AngVelMagMAE": 0.6522669494152069,
    "Bone/foot_l/AngVelMAE": 0.4056212157011032,
    "Bone/ball_l/AngVelMagMAE": 0.35708604753017426,
    "Bone/ball_l/AngVelMAE": 0.193989135324955,
    "Bone/thigh_r/AngVelMagMAE": 0.4472366124391556,
    "Bone/thigh_r/AngVelMAE": 0.34302838146686554,
    "Bone/calf_r/AngVelMagMAE": 0.6293551325798035,
    "Bone/calf_r/AngVelMAE": 0.2709433361887932,
    "Bone/RCalfTwist_01/AngVelMagMAE": 0.07388776540756226,
    "Bone/RCalfTwist_01/AngVelMAE": 0.03462083823978901,
    "Bone/RCalfTwist_02/AngVelMagMAE": 0.07344328239560127,
    "Bone/RCalfTwist_02/AngVelMAE": 0.03444402851164341,
    "Bone/RCalfTwist_03/AngVelMagMAE": 0.08874530717730522,
    "Bone/RCalfTwist_03/AngVelMAE": 0.03678962588310242,
    "Bone/foot_r/AngVelMagMAE": 0.5912227928638458,
    "Bone/foot_r/AngVelMAE": 0.39169660210609436,
    "Bone/ball_r/AngVelMagMAE": 0.5396413803100586,
    "Bone/ball_r/AngVelMAE": 0.26994185149669647,
    "KeyBone/upperarm_l/GeoDeg": 18.59496784210205,
    "KeyBone/upperarm_l/AngVelMAE": 0.22950249165296555,
    "KeyBone/upperarm_l/AngVelMagMAE": 0.24982570111751556,
    "KeyBone/upperarm_l/AngVelMagRel": 0.441916361451149,
    "KeyBone/upperarm_l/AngVelDirDeg": 89.95473861694336,
    "KeyBone/lowerarm_l/GeoDeg": 10.877283573150635,
    "KeyBone/lowerarm_l/AngVelMAE": 0.1666318103671074,
    "KeyBone/lowerarm_l/AngVelMagMAE": 0.33540312945842743,
    "KeyBone/lowerarm_l/AngVelMagRel": 0.6140609383583069,
    "KeyBone/lowerarm_l/AngVelDirDeg": 90.60469436645508,
    "KeyBone/hand_l/GeoDeg": 12.259555339813232,
    "KeyBone/hand_l/AngVelMAE": 0.1368304267525673,
    "KeyBone/hand_l/AngVelMagMAE": 0.1657465621829033,
    "KeyBone/hand_l/AngVelMagRel": 0.3287406414747238,
    "KeyBone/hand_l/AngVelDirDeg": 90.54273223876953,
    "KeyBone/upperarm_r/GeoDeg": 17.498076915740967,
    "KeyBone/upperarm_r/AngVelMAE": 0.24009571969509125,
    "KeyBone/upperarm_r/AngVelMagMAE": 0.28569167852401733,
    "KeyBone/upperarm_r/AngVelMagRel": 0.43354029953479767,
    "KeyBone/upperarm_r/AngVelDirDeg": 89.63717651367188,
    "KeyBone/lowerarm_r/GeoDeg": 15.479262351989746,
    "KeyBone/lowerarm_r/AngVelMAE": 0.10973552986979485,
    "KeyBone/lowerarm_r/AngVelMagMAE": 0.2148595228791237,
    "KeyBone/lowerarm_r/AngVelMagRel": 0.4849923551082611,
    "KeyBone/lowerarm_r/AngVelDirDeg": 90.38976669311523,
    "KeyBone/hand_r/GeoDeg": 16.439262866973877,
    "KeyBone/hand_r/AngVelMAE": 0.21008405834436417,
    "KeyBone/hand_r/AngVelMagMAE": 0.24307986348867416,
    "KeyBone/hand_r/AngVelMagRel": 0.4032743126153946,
    "KeyBone/hand_r/AngVelDirDeg": 89.44317626953125,
    "KeyBone/thigh_l/GeoDeg": 21.29363250732422,
    "KeyBone/thigh_l/AngVelMAE": 0.32172900438308716,
    "KeyBone/thigh_l/AngVelMagMAE": 0.4044559895992279,
    "KeyBone/thigh_l/AngVelMagRel": 0.5225374698638916,
    "KeyBone/thigh_l/AngVelDirDeg": 88.8504409790039,
    "KeyBone/calf_l/GeoDeg": 14.621147155761719,
    "KeyBone/calf_l/AngVelMAE": 0.2846192568540573,
    "KeyBone/calf_l/AngVelMagMAE": 0.7536212503910065,
    "KeyBone/calf_l/AngVelMagRel": 0.8743093907833099,
    "KeyBone/calf_l/AngVelDirDeg": 93.13074111938477,
    "KeyBone/foot_l/GeoDeg": 15.649687767028809,
    "KeyBone/foot_l/AngVelMAE": 0.4056212157011032,
    "KeyBone/foot_l/AngVelMagMAE": 0.6522669494152069,
    "KeyBone/foot_l/AngVelMagRel": 0.7112370431423187,
    "KeyBone/foot_l/AngVelDirDeg": 89.15494155883789,
    "KeyBone/thigh_r/GeoDeg": 18.625965118408203,