{
  "epoch": 48,
  "tag": "valfree",
  "timestamp": "2025-11-04T21:03:07",
  "metrics": {
    "YawAbsDeg": 7.666224002838135,
    "RootVelMAE": 0.10906194895505905,
    "period_abs_mean": 0.8116133809089661,
    "period_abs_std": 0.25705890357494354,
    "GeoDeg": 12.104496955871582,
    "AngVelMAE": 0.1320430412888527,
    "AngVelMagRel": 0.4368898868560791,
    "Bone/pelvis/AngVelMagMAE": 0.18277283757925034,
    "Bone/pelvis/AngVelMAE": 0.13648297637701035,
    "Bone/Bip001/AngVelMagMAE": 1.6639327213852084e-06,
    "Bone/Bip001/AngVelMAE": 8.35412976130101e-07,
    "Bone/spine_01/AngVelMagMAE": 0.10805576294660568,
    "Bone/spine_01/AngVelMAE": 0.10413473099470139,
    "Bone/spine_02/AngVelMagMAE": 0.10875825956463814,
    "Bone/spine_02/AngVelMAE": 0.09466041997075081,
    "Bone/clavicle_l/AngVelMagMAE": 0.09479065611958504,
    "Bone/clavicle_l/AngVelMAE": 0.07421327754855156,
    "Bone/upperarm_l/AngVelMagMAE": 0.23765457421541214,
    "Bone/upperarm_l/AngVelMAE": 0.2267240434885025,
    "Bone/RUpArmTwist_l_01/AngVelMagMAE": 0.0948115773499012,
    "Bone/RUpArmTwist_l_01/AngVelMAE": 0.05082855559885502,
    "Bone/RUpArmTwist_l_02/AngVelMagMAE": 0.06513258069753647,
    "Bone/RUpArmTwist_l_02/AngVelMAE": 0.03042823914438486,
    "Bone/lowerarm_l/AngVelMagMAE": 0.33059731125831604,
    "Bone/lowerarm_l/AngVelMAE": 0.164669007062912,
    "Bone/L_ForeTwist_01/AngVelMagMAE": 0.030540436506271362,
    "Bone/L_ForeTwist_01/AngVelMAE": 0.011990289203822613,
    "Bone/L_ForeTwist_02/AngVelMagMAE": 0.035280984826385975,
    "Bone/L_ForeTwist_02/AngVelMAE": 0.012968440540134907,
    "Bone/hand_l/AngVelMagMAE": 0.1562032550573349,
    "Bone/hand_l/AngVelMAE": 0.13169333338737488,
    "Bone/index_01_l/AngVelMagMAE": 0.090975571423769,
    "Bone/index_01_l/AngVelMAE": 0.07131045311689377,
    "Bone/middle_01_l/AngVelMagMAE": 0.07789938896894455,
    "Bone/middle_01_l/AngVelMAE": 0.052070535719394684,
    "Bone/pinky_01_l/AngVelMagMAE": 0.6925539374351501,
    "Bone/pinky_01_l/AngVelMAE": 0.47890178859233856,
    "Bone/ring_01_l/AngVelMagMAE": 0.12604785710573196,
    "Bone/ring_01_l/AngVelMAE": 0.08948258683085442,
    "Bone/thumb_01_l/AngVelMagMAE": 0.42646028101444244,
    "Bone/thumb_01_l/AngVelMAE": 0.31889741122722626,
    "Bone/clavicle_r/AngVelMagMAE": 0.06605521775782108,
    "Bone/clavicle_r/AngVelMAE": 0.06335263513028622,
    "Bone/upperarm_r/AngVelMagMAE": 0.24947749078273773,
    "Bone/upperarm_r/AngVelMAE": 0.22379673272371292,
    "Bone/RUpArmTwist_r_01/AngVelMagMAE": 0.13264937698841095,
    "Bone/RUpArmTwist_r_01/AngVelMAE": 0.07837684825062752,
    "Bone/RUpArmTwist_r_02/AngVelMagMAE": 0.07973747327923775,
    "Bone/RUpArmTwist_r_02/AngVelMAE": 0.0435154028236866,
    "Bone/lowerarm_r/AngVelMagMAE": 0.20625362545251846,
    "Bone/lowerarm_r/AngVelMAE": 0.10707376152276993,
    "Bone/R_ForeTwist_01/AngVelMagMAE": 0.03798508830368519,
    "Bone/R_ForeTwist_01/AngVelMAE": 0.01776955183595419,
    "Bone/R_ForeTwist_02/AngVelMagMAE": 0.048366278409957886,
    "Bone/R_ForeTwist_02/AngVelMAE": 0.019635368138551712,
    "Bone/hand_r/AngVelMagMAE": 0.21089130640029907,
    "Bone/hand_r/AngVelMAE": 0.19103427231311798,
    "Bone/index_01_r/AngVelMagMAE": 0.08279349654912949,
    "Bone/index_01_r/AngVelMAE": 0.04639684595167637,
    "Bone/middle_01_r/AngVelMagMAE": 0.07029075548052788,
    "Bone/middle_01_r/AngVelMAE": 0.040062788873910904,
    "Bone/pinky_01_r/AngVelMagMAE": 0.23220549523830414,
    "Bone/pinky_01_r/AngVelMAE": 0.12936963886022568,
    "Bone/ring_01_r/AngVelMagMAE": 0.08464470878243446,
    "Bone/ring_01_r/AngVelMAE": 0.04888983443379402,
    "Bone/thumb_01_r/AngVelMagMAE": 0.25841377675533295,
    "Bone/thumb_01_r/AngVelMAE": 0.16320806741714478,
    "Bone/neck_01/AngVelMagMAE": 0.09683140739798546,
    "Bone/neck_01/AngVelMAE": 0.0858638733625412,
    "Bone/head/AngVelMagMAE": 0.14132137596607208,
    "Bone/head/AngVelMAE": 0.1133330650627613,
    "Bone/thigh_l/AngVelMagMAE": 0.38456864655017853,
    "Bone/thigh_l/AngVelMAE": 0.32066769897937775,
    "Bone/calf_l/AngVelMagMAE": 0.6915179193019867,
    "Bone/calf_l/AngVelMAE": 0.2647974342107773,
    "Bone/LCalfTwist_01/AngVelMagMAE": 0.06473606824874878,
    "Bone/LCalfTwist_01/AngVelMAE": 0.03209257870912552,
    "Bone/LCalfTwist_02/AngVelMagMAE": 0.06169508211314678,
    "Bone/LCalfTwist_02/AngVelMAE": 0.033099567517638206,
    "Bone/LCalfTwist_03/AngVelMagMAE": 0.07713990658521652,
    "Bone/LCalfTwist_03/AngVelMAE": 0.035609930753707886,
    "Bone/foot_l/AngVelMagMAE": 0.5881266891956329,
    "Bone/foot_l/AngVelMAE": 0.3841862380504608,
    "Bone/ball_l/AngVelMagMAE": 0.31962014734745026,
    "Bone/ball_l/AngVelMAE": 0.17771004885435104,
    "Bone/thigh_r/AngVelMagMAE": 0.4286671131849289,
    "Bone/thigh_r/AngVelMAE": 0.34663648903369904,
    "Bone/calf_r/AngVelMagMAE": 0.6802648901939392,
    "Bone/calf_r/AngVelMAE": 0.29470808804035187,
    "Bone/RCalfTwist_01/AngVelMagMAE": 0.06784357503056526,
    "Bone/RCalfTwist_01/AngVelMAE": 0.03250281140208244,
    "Bone/RCalfTwist_02/AngVelMagMAE": 0.07053010910749435,
    "Bone/RCalfTwist_02/AngVelMAE": 0.032581279054284096,
    "Bone/RCalfTwist_03/AngVelMagMAE": 0.08419447764754295,
    "Bone/RCalfTwist_03/AngVelMAE": 0.035504551604390144,
    "Bone/foot_r/AngVelMagMAE": 0.6034598648548126,
    "Bone/foot_r/AngVelMAE": 0.39450959861278534,
    "Bone/ball_r/AngVelMagMAE": 0.5435789823532104,
    "Bone/ball_r/AngVelMAE": 0.26823775470256805,
    "KeyBone/upperarm_l/GeoDeg": 17.75379180908203,
    "KeyBone/upperarm_l/AngVelMAE": 0.2267240434885025,
    "KeyBone/upperarm_l/AngVelMagMAE": 0.23765457421541214,
    "KeyBone/upperarm_l/AngVelMagRel": 0.39943383634090424,
    "KeyBone/upperarm_l/AngVelDirDeg": 89.6062126159668,
    "KeyBone/lowerarm_l/GeoDeg": 10.934725284576416,
    "KeyBone/lowerarm_l/AngVelMAE": 0.164669007062912,
    "KeyBone/lowerarm_l/AngVelMagMAE": 0.33059731125831604,
    "KeyBone/lowerarm_l/AngVelMagRel": 0.5872493088245392,
    "KeyBone/lowerarm_l/AngVelDirDeg": 89.49947357177734,
    "KeyBone/hand_l/GeoDeg": 10.68529987335205,
    "KeyBone/hand_l/AngVelMAE": 0.13169333338737488,
    "KeyBone/hand_l/AngVelMagMAE": 0.1562032550573349,
    "KeyBone/hand_l/AngVelMagRel": 0.3111332356929779,
    "KeyBone/hand_l/AngVelDirDeg": 90.1117172241211,
    "KeyBone/upperarm_r/GeoDeg": 15.693817138671875,
    "KeyBone/upperarm_r/AngVelMAE": 0.22379673272371292,
    "KeyBone/upperarm_r/AngVelMagMAE": 0.24947749078273773,
    "KeyBone/upperarm_r/AngVelMagRel": 0.36826835572719574,
    "KeyBone/upperarm_r/AngVelDirDeg": 90.3557243347168,
    "KeyBone/lowerarm_r/GeoDeg": 13.44266653060913,
    "KeyBone/lowerarm_r/AngVelMAE": 0.10707376152276993,
    "KeyBone/lowerarm_r/AngVelMagMAE": 0.20625362545251846,
    "KeyBone/lowerarm_r/AngVelMagRel": 0.4722479432821274,
    "KeyBone/lowerarm_r/AngVelDirDeg": 90.36094665527344,
    "KeyBone/hand_r/GeoDeg": 15.029058933258057,
    "KeyBone/hand_r/AngVelMAE": 0.19103427231311798,
    "KeyBone/hand_r/AngVelMagMAE": 0.21089130640029907,
    "KeyBone/hand_r/AngVelMagRel": 0.3590831011533737,
    "KeyBone/hand_r/AngVelDirDeg": 89.87921142578125,
    "KeyBone/thigh_l/GeoDeg": 20.218158721923828,
    "KeyBone/thigh_l/AngVelMAE": 0.32066769897937775,
    "KeyBone/thigh_l/AngVelMagMAE": 0.38456864655017853,
    "KeyBone/thigh_l/AngVelMagRel": 0.4774506986141205,
    "KeyBone/thigh_l/AngVelDirDeg": 88.97130966186523,
    "KeyBone/calf_l/GeoDeg": 13.873594760894775,
    "KeyBone/calf_l/AngVelMAE": 0.2647974342107773,
    "KeyBone/calf_l/AngVelMagMAE": 0.6915179193019867,
    "KeyBone/calf_l/AngVelMagRel": 0.7916227579116821,
    "KeyBone/calf_l/AngVelDirDeg": 86.64337158203125,
    "KeyBone/foot_l/GeoDeg": 14.147586822509766,
    "KeyBone/foot_l/AngVelMAE": 0.3841862380504608,
    "KeyBone/foot_l/AngVelMagMAE": 0.5881266891956329,
    "KeyBone/foot_l/AngVelMagRel": 0.6190525889396667,
    "KeyBone/foot_l/AngVelDirDeg": 89.61135482788086,
    "KeyBone/thigh_r/GeoDeg": 18.32927894592285,