{
  "epoch": 9,
  "tag": "valfree",
  "timestamp": "2025-11-04T14:03:49",
  "metrics": {
    "YawAbsDeg": 10.004323720932007,
    "RootVelMAE": 0.14188095182180405,
    "period_abs_mean": 0.8230372667312622,
    "period_abs_std": 0.25379061698913574,
    "GeoDeg": 13.614099979400635,
    "AngVelMAE": 0.30119284987449646,
    "AngVelMagRel": 0.498610258102417,
    "Bone/pelvis/AngVelMagMAE": 0.28874537348747253,
    "Bone/pelvis/AngVelMAE": 0.2660752683877945,
    "Bone/Bip001/AngVelMagMAE": 8.109111149678938e-06,
    "Bone/Bip001/AngVelMAE": 4.041405190946534e-06,
    "Bone/spine_01/AngVelMagMAE": 0.33207112550735474,
    "Bone/spine_01/AngVelMAE": 0.26651644706726074,
    "Bone/spine_02/AngVelMagMAE": 0.2688105031847954,
    "Bone/spine_02/AngVelMAE": 0.2290211319923401,
    "Bone/clavicle_l/AngVelMagMAE": 0.23268817365169525,
    "Bone/clavicle_l/AngVelMAE": 0.19076499342918396,
    "Bone/upperarm_l/AngVelMagMAE": 0.6655100882053375,
    "Bone/upperarm_l/AngVelMAE": 0.5670104622840881,
    "Bone/RUpArmTwist_l_01/AngVelMagMAE": 0.2319520190358162,
    "Bone/RUpArmTwist_l_01/AngVelMAE": 0.12732481583952904,
    "Bone/RUpArmTwist_l_02/AngVelMagMAE": 0.1388387680053711,
    "Bone/RUpArmTwist_l_02/AngVelMAE": 0.07156708464026451,
    "Bone/lowerarm_l/AngVelMagMAE": 0.7614582479000092,
    "Bone/lowerarm_l/AngVelMAE": 0.4137271046638489,
    "Bone/L_ForeTwist_01/AngVelMagMAE": 0.04463408701121807,
    "Bone/L_ForeTwist_01/AngVelMAE": 0.023100617341697216,
    "Bone/L_ForeTwist_02/AngVelMagMAE": 0.05472881719470024,
    "Bone/L_ForeTwist_02/AngVelMAE": 0.024412364698946476,
    "Bone/hand_l/AngVelMagMAE": 0.31838563084602356,
    "Bone/hand_l/AngVelMAE": 0.2824566513299942,
    "Bone/index_01_l/AngVelMagMAE": 0.44426576793193817,
    "Bone/index_01_l/AngVelMAE": 0.27470357716083527,
    "Bone/middle_01_l/AngVelMagMAE": 0.3248547911643982,
    "Bone/middle_01_l/AngVelMAE": 0.19009439647197723,
    "Bone/pinky_01_l/AngVelMagMAE": 1.8597267270088196,
    "Bone/pinky_01_l/AngVelMAE": 1.2943941354751587,
    "Bone/ring_01_l/AngVelMagMAE": 0.5259230732917786,
    "Bone/ring_01_l/AngVelMAE": 0.3434138745069504,
    "Bone/thumb_01_l/AngVelMagMAE": 2.3150192499160767,
    "Bone/thumb_01_l/AngVelMAE": 1.3971715569496155,
    "Bone/clavicle_r/AngVelMagMAE": 0.26529526710510254,
    "Bone/clavicle_r/AngVelMAE": 0.19549234956502914,
    "Bone/upperarm_r/AngVelMagMAE": 0.5182332694530487,
    "Bone/upperarm_r/AngVelMAE": 0.5099813640117645,
    "Bone/RUpArmTwist_r_01/AngVelMagMAE": 0.5694926083087921,
    "Bone/RUpArmTwist_r_01/AngVelMAE": 0.2797203063964844,
    "Bone/RUpArmTwist_r_02/AngVelMagMAE": 0.2640656530857086,
    "Bone/RUpArmTwist_r_02/AngVelMAE": 0.13100990280508995,
    "Bone/lowerarm_r/AngVelMagMAE": 0.3460578918457031,
    "Bone/lowerarm_r/AngVelMAE": 0.2057754248380661,
    "Bone/R_ForeTwist_01/AngVelMagMAE": 0.09103212878108025,
    "Bone/R_ForeTwist_01/AngVelMAE": 0.04852801188826561,
    "Bone/R_ForeTwist_02/AngVelMagMAE": 0.09384496137499809,
    "Bone/R_ForeTwist_02/AngVelMAE": 0.047703783959150314,
    "Bone/hand_r/AngVelMagMAE": 0.6174083948135376,
    "Bone/hand_r/AngVelMAE": 0.4920576363801956,
    "Bone/index_01_r/AngVelMagMAE": 0.09808053448796272,
    "Bone/index_01_r/AngVelMAE": 0.09123222157359123,
    "Bone/middle_01_r/AngVelMagMAE": 0.07061630859971046,
    "Bone/middle_01_r/AngVelMAE": 0.07798115164041519,
    "Bone/pinky_01_r/AngVelMagMAE": 0.271842896938324,
    "Bone/pinky_01_r/AngVelMAE": 0.22261494398117065,
    "Bone/ring_01_r/AngVelMagMAE": 0.09453001245856285,
    "Bone/ring_01_r/AngVelMAE": 0.09118857234716415,
    "Bone/thumb_01_r/AngVelMagMAE": 0.42019809782505035,
    "Bone/thumb_01_r/AngVelMAE": 0.35565589368343353,
    "Bone/neck_01/AngVelMagMAE": 0.2688814848661423,
    "Bone/neck_01/AngVelMAE": 0.22907805442810059,
    "Bone/head/AngVelMagMAE": 0.2521021068096161,
    "Bone/head/AngVelMAE": 0.2371603399515152,
    "Bone/thigh_l/AngVelMagMAE": 0.9677587151527405,
    "Bone/thigh_l/AngVelMAE": 0.7661356925964355,
    "Bone/calf_l/AngVelMagMAE": 0.7147082686424255,
    "Bone/calf_l/AngVelMAE": 0.3603404611349106,
    "Bone/LCalfTwist_01/AngVelMagMAE": 0.12151182815432549,
    "Bone/LCalfTwist_01/AngVelMAE": 0.07140720635652542,
    "Bone/LCalfTwist_02/AngVelMagMAE": 0.12258918210864067,
    "Bone/LCalfTwist_02/AngVelMAE": 0.07297820970416069,
    "Bone/LCalfTwist_03/AngVelMagMAE": 0.14949773997068405,
    "Bone/LCalfTwist_03/AngVelMAE": 0.08367035910487175,
    "Bone/foot_l/AngVelMagMAE": 0.6663366556167603,
    "Bone/foot_l/AngVelMAE": 0.6747868061065674,
    "Bone/ball_l/AngVelMagMAE": 0.4175063222646713,
    "Bone/ball_l/AngVelMAE": 0.31304168701171875,
    "Bone/thigh_r/AngVelMagMAE": 0.7280784845352173,
    "Bone/thigh_r/AngVelMAE": 0.6450383067131042,
    "Bone/calf_r/AngVelMagMAE": 0.8154615759849548,
    "Bone/calf_r/AngVelMAE": 0.4497203081846237,
    "Bone/RCalfTwist_01/AngVelMagMAE": 0.11520211398601532,
    "Bone/RCalfTwist_01/AngVelMAE": 0.0679687112569809,
    "Bone/RCalfTwist_02/AngVelMagMAE": 0.12584928795695305,
    "Bone/RCalfTwist_02/AngVelMAE": 0.07316693663597107,
    "Bone/RCalfTwist_03/AngVelMagMAE": 0.12812988460063934,
    "Bone/RCalfTwist_03/AngVelMAE": 0.0712781585752964,
    "Bone/foot_r/AngVelMagMAE": 0.6048412024974823,
    "Bone/foot_r/AngVelMAE": 0.6600856482982635,
    "Bone/ball_r/AngVelMagMAE": 0.48629507422447205,
    "Bone/ball_r/AngVelMAE": 0.3683141618967056,
    "KeyBone/upperarm_l/GeoDeg": 17.836159706115723,
    "KeyBone/upperarm_l/AngVelMAE": 0.5670104622840881,
    "KeyBone/upperarm_l/AngVelMagMAE": 0.6655100882053375,
    "KeyBone/upperarm_l/AngVelMagRel": 0.612298995256424,
    "KeyBone/upperarm_l/AngVelDirDeg": 90.18014526367188,
    "KeyBone/lowerarm_l/GeoDeg": 11.76329231262207,
    "KeyBone/lowerarm_l/AngVelMAE": 0.4137271046638489,
    "KeyBone/lowerarm_l/AngVelMagMAE": 0.7614582479000092,
    "KeyBone/lowerarm_l/AngVelMagRel": 0.6382820308208466,
    "KeyBone/lowerarm_l/AngVelDirDeg": 90.86303329467773,
    "KeyBone/hand_l/GeoDeg": 11.793076038360596,
    "KeyBone/hand_l/AngVelMAE": 0.2824566513299942,
    "KeyBone/hand_l/AngVelMagMAE": 0.31838563084602356,
    "KeyBone/hand_l/AngVelMagRel": 0.4601059705018997,
    "KeyBone/hand_l/AngVelDirDeg": 90.33235931396484,
    "KeyBone/upperarm_r/GeoDeg": 19.075599193572998,
    "KeyBone/upperarm_r/AngVelMAE": 0.5099813640117645,
    "KeyBone/upperarm_r/AngVelMagMAE": 0.5182332694530487,
    "KeyBone/upperarm_r/AngVelMagRel": 0.5020507574081421,
    "KeyBone/upperarm_r/AngVelDirDeg": 90.36507797241211,
    "KeyBone/lowerarm_r/GeoDeg": 14.826483249664307,
    "KeyBone/lowerarm_r/AngVelMAE": 0.2057754248380661,
    "KeyBone/lowerarm_r/AngVelMagMAE": 0.3460578918457031,
    "KeyBone/lowerarm_r/AngVelMagRel": 0.4541315883398056,
    "KeyBone/lowerarm_r/AngVelDirDeg": 90.4023666381836,
    "KeyBone/hand_r/GeoDeg": 16.48886775970459,
    "KeyBone/hand_r/AngVelMAE": 0.4920576363801956,
    "KeyBone/hand_r/AngVelMagMAE": 0.6174083948135376,
    "KeyBone/hand_r/AngVelMagRel": 0.6405213177204132,
    "KeyBone/hand_r/AngVelDirDeg": 89.42012786865234,
    "KeyBone/thigh_l/GeoDeg": 21.16958999633789,
    "KeyBone/thigh_l/AngVelMAE": 0.7661356925964355,
    "KeyBone/thigh_l/AngVelMagMAE": 0.9677587151527405,
    "KeyBone/thigh_l/AngVelMagRel": 0.6350675523281097,
    "KeyBone/thigh_l/AngVelDirDeg": 90.54010009765625,
    "KeyBone/calf_l/GeoDeg": 14.327231407165527,
    "KeyBone/calf_l/AngVelMAE": 0.3603404611349106,
    "KeyBone/calf_l/AngVelMagMAE": 0.7147082686424255,
    "KeyBone/calf_l/AngVelMagRel": 0.6124289333820343,
    "KeyBone/calf_l/AngVelDirDeg": 90.22430038452148,
    "KeyBone/foot_l/GeoDeg": 17.09799575805664,
    "KeyBone/foot_l/AngVelMAE": 0.6747868061065674,
    "KeyBone/foot_l/AngVelMagMAE": 0.6663366556167603,
    "KeyBone/foot_l/AngVelMagRel": 0.4988689124584198,
    "KeyBone/foot_l/AngVelDirDeg": 90.86585998535156,
    "KeyBone/thigh_r/GeoDeg": 19.49435520172119,
    "KeyBone/thigh_r/AngVelMAE": 0.6450383067131042,