{
  "epoch": 40,
  "tag": "valfree",
  "timestamp": "2025-11-04T19:58:35",
  "metrics": {
    "YawAbsDeg": 7.239640235900879,
    "RootVelMAE": 0.12047699466347694,
    "period_abs_mean": 0.7971158921718597,
    "period_abs_std": 0.26313550770282745,
    "GeoDeg": 12.311625957489014,
    "AngVelMAE": 0.1344171240925789,
    "AngVelMagRel": 0.4422011524438858,
    "Bone/pelvis/AngVelMagMAE": 0.1701427474617958,
    "Bone/pelvis/AngVelMAE": 0.13044600188732147,
    "Bone/Bip001/AngVelMagMAE": 1.6667497106936935e-06,
    "Bone/Bip001/AngVelMAE": 8.361311358839885e-07,
    "Bone/spine_01/AngVelMagMAE": 0.10237149894237518,
    "Bone/spine_01/AngVelMAE": 0.10170992836356163,
    "Bone/spine_02/AngVelMagMAE": 0.10183079540729523,
    "Bone/spine_02/AngVelMAE": 0.09171167761087418,
    "Bone/clavicle_l/AngVelMagMAE": 0.09886366501450539,
    "Bone/clavicle_l/AngVelMAE": 0.07823868095874786,
    "Bone/upperarm_l/AngVelMagMAE": 0.24300680309534073,
    "Bone/upperarm_l/AngVelMAE": 0.2279968485236168,
    "Bone/RUpArmTwist_l_01/AngVelMagMAE": 0.09187934175133705,
    "Bone/RUpArmTwist_l_01/AngVelMAE": 0.04914734326303005,
    "Bone/RUpArmTwist_l_02/AngVelMagMAE": 0.06174918822944164,
    "Bone/RUpArmTwist_l_02/AngVelMAE": 0.028671550564467907,
    "Bone/lowerarm_l/AngVelMagMAE": 0.32805393636226654,
    "Bone/lowerarm_l/AngVelMAE": 0.16715840995311737,
    "Bone/L_ForeTwist_01/AngVelMagMAE": 0.032829863019287586,
    "Bone/L_ForeTwist_01/AngVelMAE": 0.012750983703881502,
    "Bone/L_ForeTwist_02/AngVelMagMAE": 0.03802853636443615,
    "Bone/L_ForeTwist_02/AngVelMAE": 0.01374977407976985,
    "Bone/hand_l/AngVelMagMAE": 0.1512836515903473,
    "Bone/hand_l/AngVelMAE": 0.12967659533023834,
    "Bone/index_01_l/AngVelMagMAE": 0.09350096061825752,
    "Bone/index_01_l/AngVelMAE": 0.07637802883982658,
    "Bone/middle_01_l/AngVelMagMAE": 0.07874030247330666,
    "Bone/middle_01_l/AngVelMAE": 0.056148843839764595,
    "Bone/pinky_01_l/AngVelMagMAE": 0.7459626793861389,
    "Bone/pinky_01_l/AngVelMAE": 0.5217302441596985,
    "Bone/ring_01_l/AngVelMagMAE": 0.1383124589920044,
    "Bone/ring_01_l/AngVelMAE": 0.10172872990369797,
    "Bone/thumb_01_l/AngVelMagMAE": 0.44675689935684204,
    "Bone/thumb_01_l/AngVelMAE": 0.34789571166038513,
    "Bone/clavicle_r/AngVelMagMAE": 0.06226767413318157,
    "Bone/clavicle_r/AngVelMAE": 0.06209586560726166,
    "Bone/upperarm_r/AngVelMagMAE": 0.25636156648397446,
    "Bone/upperarm_r/AngVelMAE": 0.23198966681957245,
    "Bone/RUpArmTwist_r_01/AngVelMagMAE": 0.13945820182561874,
    "Bone/RUpArmTwist_r_01/AngVelMAE": 0.08334065973758698,
    "Bone/RUpArmTwist_r_02/AngVelMagMAE": 0.08342106267809868,
    "Bone/RUpArmTwist_r_02/AngVelMAE": 0.0456203818321228,
    "Bone/lowerarm_r/AngVelMagMAE": 0.1985311061143875,
    "Bone/lowerarm_r/AngVelMAE": 0.10420123115181923,
    "Bone/R_ForeTwist_01/AngVelMagMAE": 0.04067392461001873,
    "Bone/R_ForeTwist_01/AngVelMAE": 0.018801409751176834,
    "Bone/R_ForeTwist_02/AngVelMagMAE": 0.05142375826835632,
    "Bone/R_ForeTwist_02/AngVelMAE": 0.021004166454076767,
    "Bone/hand_r/AngVelMagMAE": 0.23309805989265442,
    "Bone/hand_r/AngVelMAE": 0.2060038223862648,
    "Bone/index_01_r/AngVelMagMAE": 0.08188323304057121,
    "Bone/index_01_r/AngVelMAE": 0.04854787513613701,
    "Bone/middle_01_r/AngVelMagMAE": 0.07198997773230076,
    "Bone/middle_01_r/AngVelMAE": 0.041431745514273643,
    "Bone/pinky_01_r/AngVelMagMAE": 0.2549295425415039,
    "Bone/pinky_01_r/AngVelMAE": 0.14354025572538376,
    "Bone/ring_01_r/AngVelMagMAE": 0.09047557413578033,
    "Bone/ring_01_r/AngVelMAE": 0.05251578986644745,
    "Bone/thumb_01_r/AngVelMagMAE": 0.28171081840991974,
    "Bone/thumb_01_r/AngVelMAE": 0.1789812296628952,
    "Bone/neck_01/AngVelMagMAE": 0.08879232034087181,
    "Bone/neck_01/AngVelMAE": 0.08456781506538391,
    "Bone/head/AngVelMagMAE": 0.13088441267609596,
    "Bone/head/AngVelMAE": 0.11068855598568916,
    "Bone/thigh_l/AngVelMagMAE": 0.36960913240909576,
    "Bone/thigh_l/AngVelMAE": 0.31424762308597565,
    "Bone/calf_l/AngVelMagMAE": 0.6562381386756897,
    "Bone/calf_l/AngVelMAE": 0.25346002727746964,
    "Bone/LCalfTwist_01/AngVelMagMAE": 0.06639087200164795,
    "Bone/LCalfTwist_01/AngVelMAE": 0.032873162999749184,
    "Bone/LCalfTwist_02/AngVelMagMAE": 0.06354858353734016,
    "Bone/LCalfTwist_02/AngVelMAE": 0.03367164917290211,
    "Bone/LCalfTwist_03/AngVelMagMAE": 0.07859532907605171,
    "Bone/LCalfTwist_03/AngVelMAE": 0.03603507578372955,
    "Bone/foot_l/AngVelMagMAE": 0.5675594806671143,
    "Bone/foot_l/AngVelMAE": 0.36808350682258606,
    "Bone/ball_l/AngVelMagMAE": 0.32482384145259857,
    "Bone/ball_l/AngVelMAE": 0.18064715713262558,
    "Bone/thigh_r/AngVelMagMAE": 0.42272117733955383,
    "Bone/thigh_r/AngVelMAE": 0.33774736523628235,
    "Bone/calf_r/AngVelMagMAE": 0.6930799186229706,
    "Bone/calf_r/AngVelMAE": 0.29868829250335693,
    "Bone/RCalfTwist_01/AngVelMagMAE": 0.07011058554053307,
    "Bone/RCalfTwist_01/AngVelMAE": 0.03321567736566067,
    "Bone/RCalfTwist_02/AngVelMagMAE": 0.0710429809987545,
    "Bone/RCalfTwist_02/AngVelMAE": 0.0337278638035059,
    "Bone/RCalfTwist_03/AngVelMagMAE": 0.0862426720559597,
    "Bone/RCalfTwist_03/AngVelMAE": 0.036650435999035835,
    "Bone/foot_r/AngVelMagMAE": 0.5919743776321411,
    "Bone/foot_r/AngVelMAE": 0.39285869896411896,
    "Bone/ball_r/AngVelMagMAE": 0.5322892665863037,
    "Bone/ball_r/AngVelMAE": 0.2628105729818344,
    "KeyBone/upperarm_l/GeoDeg": 17.964134216308594,
    "KeyBone/upperarm_l/AngVelMAE": 0.2279968485236168,
    "KeyBone/upperarm_l/AngVelMagMAE": 0.24300680309534073,
    "KeyBone/upperarm_l/AngVelMagRel": 0.4169840067625046,
    "KeyBone/upperarm_l/AngVelDirDeg": 90.67238235473633,
    "KeyBone/lowerarm_l/GeoDeg": 11.890766143798828,
    "KeyBone/lowerarm_l/AngVelMAE": 0.16715840995311737,
    "KeyBone/lowerarm_l/AngVelMagMAE": 0.32805393636226654,
    "KeyBone/lowerarm_l/AngVelMagRel": 0.5678720474243164,
    "KeyBone/lowerarm_l/AngVelDirDeg": 90.16606903076172,
    "KeyBone/hand_l/GeoDeg": 11.226178646087646,
    "KeyBone/hand_l/AngVelMAE": 0.12967659533023834,
    "KeyBone/hand_l/AngVelMagMAE": 0.1512836515903473,
    "KeyBone/hand_l/AngVelMagRel": 0.3096839487552643,
    "KeyBone/hand_l/AngVelDirDeg": 89.80082321166992,
    "KeyBone/upperarm_r/GeoDeg": 15.062718391418457,
    "KeyBone/upperarm_r/AngVelMAE": 0.23198966681957245,
    "KeyBone/upperarm_r/AngVelMagMAE": 0.25636156648397446,
    "KeyBone/upperarm_r/AngVelMagRel": 0.3811139464378357,
    "KeyBone/upperarm_r/AngVelDirDeg": 89.94010162353516,
    "KeyBone/lowerarm_r/GeoDeg": 13.217662334442139,
    "KeyBone/lowerarm_r/AngVelMAE": 0.10420123115181923,
    "KeyBone/lowerarm_r/AngVelMagMAE": 0.1985311061143875,
    "KeyBone/lowerarm_r/AngVelMagRel": 0.44928066432476044,
    "KeyBone/lowerarm_r/AngVelDirDeg": 90.35699081420898,
    "KeyBone/hand_r/GeoDeg": 15.849695205688477,
    "KeyBone/hand_r/AngVelMAE": 0.2060038223862648,
    "KeyBone/hand_r/AngVelMagMAE": 0.23309805989265442,
    "KeyBone/hand_r/AngVelMagRel": 0.39040607213974,
    "KeyBone/hand_r/AngVelDirDeg": 90.49041748046875,
    "KeyBone/thigh_l/GeoDeg": 18.605801582336426,
    "KeyBone/thigh_l/AngVelMAE": 0.31424762308597565,
    "KeyBone/thigh_l/AngVelMagMAE": 0.36960913240909576,
    "KeyBone/thigh_l/AngVelMagRel": 0.4536048471927643,
    "KeyBone/thigh_l/AngVelDirDeg": 89.8747444152832,
    "KeyBone/calf_l/GeoDeg": 12.244678497314453,
    "KeyBone/calf_l/AngVelMAE": 0.25346002727746964,
    "KeyBone/calf_l/AngVelMagMAE": 0.6562381386756897,
    "KeyBone/calf_l/AngVelMagRel": 0.7792154550552368,
    "KeyBone/calf_l/AngVelDirDeg": 88.81912994384766,
    "KeyBone/foot_l/GeoDeg": 13.694611072540283,
    "KeyBone/foot_l/AngVelMAE": 0.36808350682258606,
    "KeyBone/foot_l/AngVelMagMAE": 0.5675594806671143,
    "KeyBone/foot_l/AngVelMagRel": 0.6200336217880249,
    "KeyBone/foot_l/AngVelDirDeg": 89.89237976074219,
    "KeyBone/thigh_r/GeoDeg": 19.034887313842773,