{
  "epoch": 15,
  "tag": "valfree",
  "timestamp": "2025-11-04T14:51:27",
  "metrics": {
    "YawAbsDeg": 12.347374439239502,
    "RootVelMAE": 0.13690269738435745,
    "period_abs_mean": 0.8307373821735382,
    "period_abs_std": 0.24977267533540726,
    "GeoDeg": 12.64211893081665,
    "AngVelMAE": 0.19337176531553268,
    "AngVelMagRel": 0.3441022038459778,
    "Bone/pelvis/AngVelMagMAE": 0.1489095836877823,
    "Bone/pelvis/AngVelMAE": 0.1789799928665161,
    "Bone/Bip001/AngVelMagMAE": 4.32294996244309e-06,
    "Bone/Bip001/AngVelMAE": 2.168229570997937e-06,
    "Bone/spine_01/AngVelMagMAE": 0.14192502200603485,
    "Bone/spine_01/AngVelMAE": 0.16688763350248337,
    "Bone/spine_02/AngVelMagMAE": 0.1399439424276352,
    "Bone/spine_02/AngVelMAE": 0.1529095247387886,
    "Bone/clavicle_l/AngVelMagMAE": 0.11341181769967079,
    "Bone/clavicle_l/AngVelMAE": 0.10954080522060394,
    "Bone/upperarm_l/AngVelMagMAE": 0.2290809601545334,
    "Bone/upperarm_l/AngVelMAE": 0.33483119308948517,
    "Bone/RUpArmTwist_l_01/AngVelMagMAE": 0.11011626571416855,
    "Bone/RUpArmTwist_l_01/AngVelMAE": 0.0751187801361084,
    "Bone/RUpArmTwist_l_02/AngVelMagMAE": 0.07873988151550293,
    "Bone/RUpArmTwist_l_02/AngVelMAE": 0.04335750639438629,
    "Bone/lowerarm_l/AngVelMagMAE": 0.3575397729873657,
    "Bone/lowerarm_l/AngVelMAE": 0.24100203067064285,
    "Bone/L_ForeTwist_01/AngVelMagMAE": 0.03503715619444847,
    "Bone/L_ForeTwist_01/AngVelMAE": 0.015747261699289083,
    "Bone/L_ForeTwist_02/AngVelMagMAE": 0.04294537752866745,
    "Bone/L_ForeTwist_02/AngVelMAE": 0.017048458568751812,
    "Bone/hand_l/AngVelMagMAE": 0.15980271995067596,
    "Bone/hand_l/AngVelMAE": 0.1763979271054268,
    "Bone/index_01_l/AngVelMagMAE": 0.18713079392910004,
    "Bone/index_01_l/AngVelMAE": 0.14476299285888672,
    "Bone/middle_01_l/AngVelMagMAE": 0.14910054206848145,
    "Bone/middle_01_l/AngVelMAE": 0.1063162088394165,
    "Bone/pinky_01_l/AngVelMagMAE": 1.0142523646354675,
    "Bone/pinky_01_l/AngVelMAE": 0.8019007444381714,
    "Bone/ring_01_l/AngVelMagMAE": 0.24807991832494736,
    "Bone/ring_01_l/AngVelMAE": 0.19520609080791473,
    "Bone/thumb_01_l/AngVelMagMAE": 1.070841670036316,
    "Bone/thumb_01_l/AngVelMAE": 0.7380672991275787,
    "Bone/clavicle_r/AngVelMagMAE": 0.10851418599486351,
    "Bone/clavicle_r/AngVelMAE": 0.11209769174456596,
    "Bone/upperarm_r/AngVelMagMAE": 0.24862484633922577,
    "Bone/upperarm_r/AngVelMAE": 0.32253552973270416,
    "Bone/RUpArmTwist_r_01/AngVelMagMAE": 0.24843671172857285,
    "Bone/RUpArmTwist_r_01/AngVelMAE": 0.14249081909656525,
    "Bone/RUpArmTwist_r_02/AngVelMagMAE": 0.12992750108242035,
    "Bone/RUpArmTwist_r_02/AngVelMAE": 0.07458331808447838,
    "Bone/lowerarm_r/AngVelMagMAE": 0.2005062773823738,
    "Bone/lowerarm_r/AngVelMAE": 0.13011115044355392,
    "Bone/R_ForeTwist_01/AngVelMagMAE": 0.048421358689665794,
    "Bone/R_ForeTwist_01/AngVelMAE": 0.028291909955441952,
    "Bone/R_ForeTwist_02/AngVelMagMAE": 0.06025798059999943,
    "Bone/R_ForeTwist_02/AngVelMAE": 0.03028029575943947,
    "Bone/hand_r/AngVelMagMAE": 0.26229411363601685,
    "Bone/hand_r/AngVelMAE": 0.2949751913547516,
    "Bone/index_01_r/AngVelMagMAE": 0.08765799924731255,
    "Bone/index_01_r/AngVelMAE": 0.06794305145740509,
    "Bone/middle_01_r/AngVelMagMAE": 0.07660124450922012,
    "Bone/middle_01_r/AngVelMAE": 0.06011475250124931,
    "Bone/pinky_01_r/AngVelMagMAE": 0.2648126035928726,
    "Bone/pinky_01_r/AngVelMAE": 0.18615774810314178,
    "Bone/ring_01_r/AngVelMagMAE": 0.09370782598853111,
    "Bone/ring_01_r/AngVelMAE": 0.07141310721635818,
    "Bone/thumb_01_r/AngVelMagMAE": 0.30931438505649567,
    "Bone/thumb_01_r/AngVelMAE": 0.25464393198490143,
    "Bone/neck_01/AngVelMagMAE": 0.12089665234088898,
    "Bone/neck_01/AngVelMAE": 0.14240992814302444,
    "Bone/head/AngVelMagMAE": 0.13265050202608109,
    "Bone/head/AngVelMAE": 0.16052323579788208,
    "Bone/thigh_l/AngVelMagMAE": 0.420605793595314,
    "Bone/thigh_l/AngVelMAE": 0.4587757885456085,
    "Bone/calf_l/AngVelMagMAE": 0.6442961692810059,
    "Bone/calf_l/AngVelMAE": 0.2893361300230026,
    "Bone/LCalfTwist_01/AngVelMagMAE": 0.07435859367251396,
    "Bone/LCalfTwist_01/AngVelMAE": 0.0450398214161396,
    "Bone/LCalfTwist_02/AngVelMagMAE": 0.0726521909236908,
    "Bone/LCalfTwist_02/AngVelMAE": 0.046416910365223885,
    "Bone/LCalfTwist_03/AngVelMagMAE": 0.08864640444517136,
    "Bone/LCalfTwist_03/AngVelMAE": 0.05042993277311325,
    "Bone/foot_l/AngVelMagMAE": 0.4977719485759735,
    "Bone/foot_l/AngVelMAE": 0.465200275182724,
    "Bone/ball_l/AngVelMagMAE": 0.34916019439697266,
    "Bone/ball_l/AngVelMAE": 0.234663188457489,
    "Bone/thigh_r/AngVelMagMAE": 0.40203191339969635,
    "Bone/thigh_r/AngVelMAE": 0.4469245672225952,
    "Bone/calf_r/AngVelMagMAE": 0.6231143176555634,
    "Bone/calf_r/AngVelMAE": 0.33178867399692535,
    "Bone/RCalfTwist_01/AngVelMagMAE": 0.07962231710553169,
    "Bone/RCalfTwist_01/AngVelMAE": 0.04555497504770756,
    "Bone/RCalfTwist_02/AngVelMagMAE": 0.08237702772021294,
    "Bone/RCalfTwist_02/AngVelMAE": 0.047552840784192085,
    "Bone/RCalfTwist_03/AngVelMagMAE": 0.09658569097518921,
    "Bone/RCalfTwist_03/AngVelMAE": 0.049234503880143166,
    "Bone/foot_r/AngVelMagMAE": 0.4883970022201538,
    "Bone/foot_r/AngVelMAE": 0.4986906200647354,
    "Bone/ball_r/AngVelMagMAE": 0.49554315209388733,
    "Bone/ball_r/AngVelMAE": 0.3088449686765671,
    "KeyBone/upperarm_l/GeoDeg": 16.158589839935303,
    "KeyBone/upperarm_l/AngVelMAE": 0.33483119308948517,
    "KeyBone/upperarm_l/AngVelMagMAE": 0.2290809601545334,
    "KeyBone/upperarm_l/AngVelMagRel": 0.270212322473526,
    "KeyBone/upperarm_l/AngVelDirDeg": 89.92570114135742,
    "KeyBone/lowerarm_l/GeoDeg": 11.84452772140503,
    "KeyBone/lowerarm_l/AngVelMAE": 0.24100203067064285,
    "KeyBone/lowerarm_l/AngVelMagMAE": 0.3575397729873657,
    "KeyBone/lowerarm_l/AngVelMagRel": 0.41843511164188385,
    "KeyBone/lowerarm_l/AngVelDirDeg": 87.66328811645508,
    "KeyBone/hand_l/GeoDeg": 9.867337226867676,
    "KeyBone/hand_l/AngVelMAE": 0.1763979271054268,
    "KeyBone/hand_l/AngVelMagMAE": 0.15980271995067596,
    "KeyBone/hand_l/AngVelMagRel": 0.26985226571559906,
    "KeyBone/hand_l/AngVelDirDeg": 89.42557144165039,
    "KeyBone/upperarm_r/GeoDeg": 19.32441806793213,
    "KeyBone/upperarm_r/AngVelMAE": 0.32253552973270416,
    "KeyBone/upperarm_r/AngVelMagMAE": 0.24862484633922577,
    "KeyBone/upperarm_r/AngVelMagRel": 0.3147456496953964,
    "KeyBone/upperarm_r/AngVelDirDeg": 90.82550811767578,
    "KeyBone/lowerarm_r/GeoDeg": 13.619297504425049,
    "KeyBone/lowerarm_r/AngVelMAE": 0.13011115044355392,
    "KeyBone/lowerarm_r/AngVelMagMAE": 0.2005062773823738,
    "KeyBone/lowerarm_r/AngVelMagRel": 0.3517741858959198,
    "KeyBone/lowerarm_r/AngVelDirDeg": 89.14413070678711,
    "KeyBone/hand_r/GeoDeg": 15.728676795959473,
    "KeyBone/hand_r/AngVelMAE": 0.2949751913547516,
    "KeyBone/hand_r/AngVelMagMAE": 0.26229411363601685,
    "KeyBone/hand_r/AngVelMagRel": 0.34001508355140686,
    "KeyBone/hand_r/AngVelDirDeg": 89.70092391967773,
    "KeyBone/thigh_l/GeoDeg": 21.45515727996826,
    "KeyBone/thigh_l/AngVelMAE": 0.4587757885456085,
    "KeyBone/thigh_l/AngVelMagMAE": 0.420605793595314,
    "KeyBone/thigh_l/AngVelMagRel": 0.35426387190818787,
    "KeyBone/thigh_l/AngVelDirDeg": 89.43684005737305,
    "KeyBone/calf_l/GeoDeg": 13.493815422058105,
    "KeyBone/calf_l/AngVelMAE": 0.2893361300230026,
    "KeyBone/calf_l/AngVelMagMAE": 0.6442961692810059,
    "KeyBone/calf_l/AngVelMagRel": 0.5975662767887115,
    "KeyBone/calf_l/AngVelDirDeg": 93.16360473632812,
    "KeyBone/foot_l/GeoDeg": 16.180977821350098,
    "KeyBone/foot_l/AngVelMAE": 0.465200275182724,
    "KeyBone/foot_l/AngVelMagMAE": 0.4977719485759735,
    "KeyBone/foot_l/AngVelMagRel": 0.4096663147211075,
    "KeyBone/foot_l/AngVelDirDeg": 89.3216438293457,
    "KeyBone/thigh_r/GeoDeg": 19.20204448699951,