{
  "epoch": 44,
  "tag": "valfree",
  "timestamp": "2025-11-04T20:30:38",
  "metrics": {
    "YawAbsDeg": 8.685652017593384,
    "RootVelMAE": 0.12068232521414757,
    "period_abs_mean": 0.8117397725582123,
    "period_abs_std": 0.2586124539375305,
    "GeoDeg": 12.812686443328857,
    "AngVelMAE": 0.1362256407737732,
    "AngVelMagRel": 0.44756220281124115,
    "Bone/pelvis/AngVelMagMAE": 0.17519007623195648,
    "Bone/pelvis/AngVelMAE": 0.13233162462711334,
    "Bone/Bip001/AngVelMagMAE": 1.642435677240428e-06,
    "Bone/Bip001/AngVelMAE": 8.173178684955928e-07,
    "Bone/spine_01/AngVelMagMAE": 0.10978403314948082,
    "Bone/spine_01/AngVelMAE": 0.10378982126712799,
    "Bone/spine_02/AngVelMagMAE": 0.11451839283108711,
    "Bone/spine_02/AngVelMAE": 0.0982082262635231,
    "Bone/clavicle_l/AngVelMagMAE": 0.10194685310125351,
    "Bone/clavicle_l/AngVelMAE": 0.07887449115514755,
    "Bone/upperarm_l/AngVelMagMAE": 0.23793506622314453,
    "Bone/upperarm_l/AngVelMAE": 0.22802331298589706,
    "Bone/RUpArmTwist_l_01/AngVelMagMAE": 0.09491225332021713,
    "Bone/RUpArmTwist_l_01/AngVelMAE": 0.05019882693886757,
    "Bone/RUpArmTwist_l_02/AngVelMagMAE": 0.06312408857047558,
    "Bone/RUpArmTwist_l_02/AngVelMAE": 0.029470850713551044,
    "Bone/lowerarm_l/AngVelMagMAE": 0.3290347456932068,
    "Bone/lowerarm_l/AngVelMAE": 0.16646704822778702,
    "Bone/L_ForeTwist_01/AngVelMagMAE": 0.03335794806480408,
    "Bone/L_ForeTwist_01/AngVelMAE": 0.012902420479804277,
    "Bone/L_ForeTwist_02/AngVelMagMAE": 0.03791664354503155,
    "Bone/L_ForeTwist_02/AngVelMAE": 0.013672232162207365,
    "Bone/hand_l/AngVelMagMAE": 0.15623313933610916,
    "Bone/hand_l/AngVelMAE": 0.13237012177705765,
    "Bone/index_01_l/AngVelMagMAE": 0.08933756500482559,
    "Bone/index_01_l/AngVelMAE": 0.07450294494628906,
    "Bone/middle_01_l/AngVelMagMAE": 0.07491542398929596,
    "Bone/middle_01_l/AngVelMAE": 0.05476051941514015,
    "Bone/pinky_01_l/AngVelMagMAE": 0.7356875240802765,
    "Bone/pinky_01_l/AngVelMAE": 0.5270852446556091,
    "Bone/ring_01_l/AngVelMagMAE": 0.13273423165082932,
    "Bone/ring_01_l/AngVelMAE": 0.097792599350214,
    "Bone/thumb_01_l/AngVelMagMAE": 0.42996396124362946,
    "Bone/thumb_01_l/AngVelMAE": 0.3370903432369232,
    "Bone/clavicle_r/AngVelMagMAE": 0.0699610635638237,
    "Bone/clavicle_r/AngVelMAE": 0.0642949566245079,
    "Bone/upperarm_r/AngVelMagMAE": 0.27044135332107544,
    "Bone/upperarm_r/AngVelMAE": 0.23427197337150574,
    "Bone/RUpArmTwist_r_01/AngVelMagMAE": 0.14046232402324677,
    "Bone/RUpArmTwist_r_01/AngVelMAE": 0.0813705362379551,
    "Bone/RUpArmTwist_r_02/AngVelMagMAE": 0.08461983501911163,
    "Bone/RUpArmTwist_r_02/AngVelMAE": 0.04641665145754814,
    "Bone/lowerarm_r/AngVelMagMAE": 0.20538807660341263,
    "Bone/lowerarm_r/AngVelMAE": 0.10729220137000084,
    "Bone/R_ForeTwist_01/AngVelMagMAE": 0.04151412472128868,
    "Bone/R_ForeTwist_01/AngVelMAE": 0.01924080401659012,
    "Bone/R_ForeTwist_02/AngVelMagMAE": 0.05148857273161411,
    "Bone/R_ForeTwist_02/AngVelMAE": 0.02151705976575613,
    "Bone/hand_r/AngVelMagMAE": 0.22673695534467697,
    "Bone/hand_r/AngVelMAE": 0.20445777475833893,
    "Bone/index_01_r/AngVelMagMAE": 0.08914153650403023,
    "Bone/index_01_r/AngVelMAE": 0.051280297338962555,
    "Bone/middle_01_r/AngVelMagMAE": 0.07739906758069992,
    "Bone/middle_01_r/AngVelMAE": 0.04419805854558945,
    "Bone/pinky_01_r/AngVelMagMAE": 0.26561321318149567,
    "Bone/pinky_01_r/AngVelMAE": 0.14835061132907867,
    "Bone/ring_01_r/AngVelMagMAE": 0.09449880942702293,
    "Bone/ring_01_r/AngVelMAE": 0.055079421028494835,
    "Bone/thumb_01_r/AngVelMagMAE": 0.28356412053108215,
    "Bone/thumb_01_r/AngVelMAE": 0.18229280412197113,
    "Bone/neck_01/AngVelMagMAE": 0.10004149004817009,
    "Bone/neck_01/AngVelMAE": 0.0878073051571846,
    "Bone/head/AngVelMagMAE": 0.1449844166636467,
    "Bone/head/AngVelMAE": 0.11567781865596771,
    "Bone/thigh_l/AngVelMagMAE": 0.3831334263086319,
    "Bone/thigh_l/AngVelMAE": 0.3233501613140106,
    "Bone/calf_l/AngVelMagMAE": 0.7008170783519745,
    "Bone/calf_l/AngVelMAE": 0.26847128570079803,
    "Bone/LCalfTwist_01/AngVelMagMAE": 0.06843895092606544,
    "Bone/LCalfTwist_01/AngVelMAE": 0.033117854967713356,
    "Bone/LCalfTwist_02/AngVelMagMAE": 0.06504428386688232,
    "Bone/LCalfTwist_02/AngVelMAE": 0.03441998176276684,
    "Bone/LCalfTwist_03/AngVelMagMAE": 0.07997564971446991,
    "Bone/LCalfTwist_03/AngVelMAE": 0.0366058312356472,
    "Bone/foot_l/AngVelMagMAE": 0.6054473519325256,
    "Bone/foot_l/AngVelMAE": 0.3856068104505539,
    "Bone/ball_l/AngVelMagMAE": 0.3341473489999771,
    "Bone/ball_l/AngVelMAE": 0.1861400455236435,
    "Bone/thigh_r/AngVelMagMAE": 0.43255212903022766,
    "Bone/thigh_r/AngVelMAE": 0.34298259019851685,
    "Bone/calf_r/AngVelMagMAE": 0.6611868739128113,
    "Bone/calf_r/AngVelMAE": 0.28261300921440125,
    "Bone/RCalfTwist_01/AngVelMagMAE": 0.07257094234228134,
    "Bone/RCalfTwist_01/AngVelMAE": 0.033846812322735786,
    "Bone/RCalfTwist_02/AngVelMagMAE": 0.07381061464548111,
    "Bone/RCalfTwist_02/AngVelMAE": 0.03392845578491688,
    "Bone/RCalfTwist_03/AngVelMagMAE": 0.08752673864364624,
    "Bone/RCalfTwist_03/AngVelMAE": 0.03667115606367588,
    "Bone/foot_r/AngVelMagMAE": 0.6013821959495544,
    "Bone/foot_r/AngVelMAE": 0.39802534878253937,
    "Bone/ball_r/AngVelMagMAE": 0.5408353507518768,
    "Bone/ball_r/AngVelMAE": 0.2695107161998749,
    "KeyBone/upperarm_l/GeoDeg": 17.94172191619873,
    "KeyBone/upperarm_l/AngVelMAE": 0.22802331298589706,
    "KeyBone/upperarm_l/AngVelMagMAE": 0.23793506622314453,
    "KeyBone/upperarm_l/AngVelMagRel": 0.41234101355075836,
    "KeyBone/upperarm_l/AngVelDirDeg": 90.16367721557617,
    "KeyBone/lowerarm_l/GeoDeg": 11.354020595550537,
    "KeyBone/lowerarm_l/AngVelMAE": 0.16646704822778702,
    "KeyBone/lowerarm_l/AngVelMagMAE": 0.3290347456932068,
    "KeyBone/lowerarm_l/AngVelMagRel": 0.5887507796287537,
    "KeyBone/lowerarm_l/AngVelDirDeg": 90.40652084350586,
    "KeyBone/hand_l/GeoDeg": 11.257644176483154,
    "KeyBone/hand_l/AngVelMAE": 0.13237012177705765,
    "KeyBone/hand_l/AngVelMagMAE": 0.15623313933610916,
    "KeyBone/hand_l/AngVelMagRel": 0.3255157023668289,
    "KeyBone/hand_l/AngVelDirDeg": 90.19313430786133,
    "KeyBone/upperarm_r/GeoDeg": 16.675872325897217,
    "KeyBone/upperarm_r/AngVelMAE": 0.23427197337150574,
    "KeyBone/upperarm_r/AngVelMagMAE": 0.27044135332107544,
    "KeyBone/upperarm_r/AngVelMagRel": 0.42193497717380524,
    "KeyBone/upperarm_r/AngVelDirDeg": 91.09416198730469,
    "KeyBone/lowerarm_r/GeoDeg": 14.034454345703125,
    "KeyBone/lowerarm_r/AngVelMAE": 0.10729220137000084,
    "KeyBone/lowerarm_r/AngVelMagMAE": 0.20538807660341263,
    "KeyBone/lowerarm_r/AngVelMagRel": 0.46298207342624664,
    "KeyBone/lowerarm_r/AngVelDirDeg": 89.26638793945312,
    "KeyBone/hand_r/GeoDeg": 15.843791007995605,
    "KeyBone/hand_r/AngVelMAE": 0.20445777475833893,
    "KeyBone/hand_r/AngVelMagMAE": 0.22673695534467697,
    "KeyBone/hand_r/AngVelMagRel": 0.3626961261034012,
    "KeyBone/hand_r/AngVelDirDeg": 90.42882919311523,
    "KeyBone/thigh_l/GeoDeg": 20.151634216308594,
    "KeyBone/thigh_l/AngVelMAE": 0.3233501613140106,
    "KeyBone/thigh_l/AngVelMagMAE": 0.3831334263086319,
    "KeyBone/thigh_l/AngVelMagRel": 0.4658765494823456,
    "KeyBone/thigh_l/AngVelDirDeg": 89.9238510131836,
    "KeyBone/calf_l/GeoDeg": 13.83791446685791,
    "KeyBone/calf_l/AngVelMAE": 0.26847128570079803,
    "KeyBone/calf_l/AngVelMagMAE": 0.7008170783519745,
    "KeyBone/calf_l/AngVelMagRel": 0.7879070937633514,
    "KeyBone/calf_l/AngVelDirDeg": 89.48047637939453,
    "KeyBone/foot_l/GeoDeg": 14.942451000213623,
    "KeyBone/foot_l/AngVelMAE": 0.3856068104505539,
    "KeyBone/foot_l/AngVelMagMAE": 0.6054473519325256,
    "KeyBone/foot_l/AngVelMagRel": 0.6510826051235199,
    "KeyBone/foot_l/AngVelDirDeg": 89.82717514038086,
    "KeyBone/thigh_r/GeoDeg": 18.707923889160156,