{
  "epoch": 18,
  "tag": "valfree",
  "timestamp": "2025-11-04T15:15:15",
  "metrics": {
    "YawAbsDeg": 7.4777631759643555,
    "RootVelMAE": 0.1164713092148304,
    "period_abs_mean": 0.8040308058261871,
    "period_abs_std": 0.2593759149312973,
    "GeoDeg": 12.502487182617188,
    "AngVelMAE": 0.15590400248765945,
    "AngVelMagRel": 0.35865288972854614,
    "Bone/pelvis/AngVelMagMAE": 0.1459125354886055,
    "Bone/pelvis/AngVelMAE": 0.143947996199131,
    "Bone/Bip001/AngVelMagMAE": 2.730495339164918e-06,
    "Bone/Bip001/AngVelMAE": 1.3613365013043222e-06,
    "Bone/spine_01/AngVelMagMAE": 0.09324806556105614,
    "Bone/spine_01/AngVelMAE": 0.12100189179182053,
    "Bone/spine_02/AngVelMagMAE": 0.10188960283994675,
    "Bone/spine_02/AngVelMAE": 0.1106954775750637,
    "Bone/clavicle_l/AngVelMagMAE": 0.10730678215622902,
    "Bone/clavicle_l/AngVelMAE": 0.09550528600811958,
    "Bone/upperarm_l/AngVelMagMAE": 0.19276578724384308,
    "Bone/upperarm_l/AngVelMAE": 0.27152886986732483,
    "Bone/RUpArmTwist_l_01/AngVelMagMAE": 0.09434864297509193,
    "Bone/RUpArmTwist_l_01/AngVelMAE": 0.05952742137014866,
    "Bone/RUpArmTwist_l_02/AngVelMagMAE": 0.068844024091959,
    "Bone/RUpArmTwist_l_02/AngVelMAE": 0.035409171134233475,
    "Bone/lowerarm_l/AngVelMagMAE": 0.3001420944929123,
    "Bone/lowerarm_l/AngVelMAE": 0.19001223146915436,
    "Bone/L_ForeTwist_01/AngVelMagMAE": 0.03614852577447891,
    "Bone/L_ForeTwist_01/AngVelMAE": 0.015144582837820053,
    "Bone/L_ForeTwist_02/AngVelMagMAE": 0.044312139973044395,
    "Bone/L_ForeTwist_02/AngVelMAE": 0.016418621875345707,
    "Bone/hand_l/AngVelMagMAE": 0.15022355318069458,
    "Bone/hand_l/AngVelMAE": 0.1516629382967949,
    "Bone/index_01_l/AngVelMagMAE": 0.12358840927481651,
    "Bone/index_01_l/AngVelMAE": 0.10054843872785568,
    "Bone/middle_01_l/AngVelMagMAE": 0.10421960055828094,
    "Bone/middle_01_l/AngVelMAE": 0.0757199376821518,
    "Bone/pinky_01_l/AngVelMagMAE": 0.8465287089347839,
    "Bone/pinky_01_l/AngVelMAE": 0.6277143359184265,
    "Bone/ring_01_l/AngVelMagMAE": 0.17368707805871964,
    "Bone/ring_01_l/AngVelMAE": 0.1361805573105812,
    "Bone/thumb_01_l/AngVelMagMAE": 0.6702128350734711,
    "Bone/thumb_01_l/AngVelMAE": 0.5045439749956131,
    "Bone/clavicle_r/AngVelMagMAE": 0.07727038860321045,
    "Bone/clavicle_r/AngVelMAE": 0.08459144458174706,
    "Bone/upperarm_r/AngVelMagMAE": 0.2312096729874611,
    "Bone/upperarm_r/AngVelMAE": 0.26291723549366,
    "Bone/RUpArmTwist_r_01/AngVelMagMAE": 0.16565830260515213,
    "Bone/RUpArmTwist_r_01/AngVelMAE": 0.10247744619846344,
    "Bone/RUpArmTwist_r_02/AngVelMagMAE": 0.10028955340385437,
    "Bone/RUpArmTwist_r_02/AngVelMAE": 0.05953386798501015,
    "Bone/lowerarm_r/AngVelMagMAE": 0.19070902466773987,
    "Bone/lowerarm_r/AngVelMAE": 0.11625855416059494,
    "Bone/R_ForeTwist_01/AngVelMagMAE": 0.04184933938086033,
    "Bone/R_ForeTwist_01/AngVelMAE": 0.022304322570562363,
    "Bone/R_ForeTwist_02/AngVelMagMAE": 0.05571342632174492,
    "Bone/R_ForeTwist_02/AngVelMAE": 0.025384861044585705,
    "Bone/hand_r/AngVelMagMAE": 0.22432493418455124,
    "Bone/hand_r/AngVelMAE": 0.23996207118034363,
    "Bone/index_01_r/AngVelMagMAE": 0.0818006582558155,
    "Bone/index_01_r/AngVelMAE": 0.0549620408564806,
    "Bone/middle_01_r/AngVelMagMAE": 0.07014448195695877,
    "Bone/middle_01_r/AngVelMAE": 0.046785932034254074,
    "Bone/pinky_01_r/AngVelMagMAE": 0.2582497224211693,
    "Bone/pinky_01_r/AngVelMAE": 0.15962007641792297,
    "Bone/ring_01_r/AngVelMagMAE": 0.09100339561700821,
    "Bone/ring_01_r/AngVelMAE": 0.05935125984251499,
    "Bone/thumb_01_r/AngVelMagMAE": 0.2844213545322418,
    "Bone/thumb_01_r/AngVelMAE": 0.20461107790470123,
    "Bone/neck_01/AngVelMagMAE": 0.08414425328373909,
    "Bone/neck_01/AngVelMAE": 0.10186921432614326,
    "Bone/head/AngVelMagMAE": 0.1221107728779316,
    "Bone/head/AngVelMAE": 0.1283871866762638,
    "Bone/thigh_l/AngVelMagMAE": 0.3514794111251831,
    "Bone/thigh_l/AngVelMAE": 0.36518046259880066,
    "Bone/calf_l/AngVelMagMAE": 0.6278049349784851,
    "Bone/calf_l/AngVelMAE": 0.25882910192012787,
    "Bone/LCalfTwist_01/AngVelMagMAE": 0.06699854508042336,
    "Bone/LCalfTwist_01/AngVelMAE": 0.037625012919306755,
    "Bone/LCalfTwist_02/AngVelMagMAE": 0.06271446496248245,
    "Bone/LCalfTwist_02/AngVelMAE": 0.03817113675177097,
    "Bone/LCalfTwist_03/AngVelMagMAE": 0.07889116927981377,
    "Bone/LCalfTwist_03/AngVelMAE": 0.0417261216789484,
    "Bone/foot_l/AngVelMagMAE": 0.5092450678348541,
    "Bone/foot_l/AngVelMAE": 0.4109271466732025,
    "Bone/ball_l/AngVelMagMAE": 0.31889505684375763,
    "Bone/ball_l/AngVelMAE": 0.19428005814552307,
    "Bone/thigh_r/AngVelMagMAE": 0.36900031566619873,
    "Bone/thigh_r/AngVelMAE": 0.37169449031352997,
    "Bone/calf_r/AngVelMagMAE": 0.6471239626407623,
    "Bone/calf_r/AngVelMAE": 0.3154991865158081,
    "Bone/RCalfTwist_01/AngVelMagMAE": 0.0713166780769825,
    "Bone/RCalfTwist_01/AngVelMAE": 0.037688955664634705,
    "Bone/RCalfTwist_02/AngVelMagMAE": 0.07001869007945061,
    "Bone/RCalfTwist_02/AngVelMAE": 0.03832430578768253,
    "Bone/RCalfTwist_03/AngVelMagMAE": 0.08818734437227249,
    "Bone/RCalfTwist_03/AngVelMAE": 0.041791077703237534,
    "Bone/foot_r/AngVelMagMAE": 0.5106557309627533,
    "Bone/foot_r/AngVelMAE": 0.418390229344368,
    "Bone/ball_r/AngVelMagMAE": 0.5077088922262192,
    "Bone/ball_r/AngVelMAE": 0.2768772840499878,
    "KeyBone/upperarm_l/GeoDeg": 17.863048553466797,
    "KeyBone/upperarm_l/AngVelMAE": 0.27152886986732483,
    "KeyBone/upperarm_l/AngVelMagMAE": 0.19276578724384308,
    "KeyBone/upperarm_l/AngVelMagRel": 0.277417927980423,
    "KeyBone/upperarm_l/AngVelDirDeg": 90.32846069335938,
    "KeyBone/lowerarm_l/GeoDeg": 11.495017051696777,
    "KeyBone/lowerarm_l/AngVelMAE": 0.19001223146915436,
    "KeyBone/lowerarm_l/AngVelMagMAE": 0.3001420944929123,
    "KeyBone/lowerarm_l/AngVelMagRel": 0.4484538733959198,
    "KeyBone/lowerarm_l/AngVelDirDeg": 90.84749984741211,
    "KeyBone/hand_l/GeoDeg": 11.363016605377197,
    "KeyBone/hand_l/AngVelMAE": 0.1516629382967949,
    "KeyBone/hand_l/AngVelMagMAE": 0.15022355318069458,
    "KeyBone/hand_l/AngVelMagRel": 0.2671792805194855,
    "KeyBone/hand_l/AngVelDirDeg": 89.06073379516602,
    "KeyBone/upperarm_r/GeoDeg": 15.38534688949585,
    "KeyBone/upperarm_r/AngVelMAE": 0.26291723549366,
    "KeyBone/upperarm_r/AngVelMagMAE": 0.2312096729874611,
    "KeyBone/upperarm_r/AngVelMagRel": 0.32144129276275635,
    "KeyBone/upperarm_r/AngVelDirDeg": 91.42860794067383,
    "KeyBone/lowerarm_r/GeoDeg": 13.766368389129639,
    "KeyBone/lowerarm_r/AngVelMAE": 0.11625855416059494,
    "KeyBone/lowerarm_r/AngVelMagMAE": 0.19070902466773987,
    "KeyBone/lowerarm_r/AngVelMagRel": 0.3819020539522171,
    "KeyBone/lowerarm_r/AngVelDirDeg": 92.89553833007812,
    "KeyBone/hand_r/GeoDeg": 15.884809017181396,
    "KeyBone/hand_r/AngVelMAE": 0.23996207118034363,
    "KeyBone/hand_r/AngVelMagMAE": 0.22432493418455124,
    "KeyBone/hand_r/AngVelMagRel": 0.34808385372161865,
    "KeyBone/hand_r/AngVelDirDeg": 90.4759407043457,
    "KeyBone/thigh_l/GeoDeg": 19.79208278656006,
    "KeyBone/thigh_l/AngVelMAE": 0.36518046259880066,
    "KeyBone/thigh_l/AngVelMagMAE": 0.3514794111251831,
    "KeyBone/thigh_l/AngVelMagRel": 0.37361909449100494,
    "KeyBone/thigh_l/AngVelDirDeg": 89.68573379516602,
    "KeyBone/calf_l/GeoDeg": 14.003854274749756,
    "KeyBone/calf_l/AngVelMAE": 0.25882910192012787,
    "KeyBone/calf_l/AngVelMagMAE": 0.6278049349784851,
    "KeyBone/calf_l/AngVelMagRel": 0.6774213016033173,
    "KeyBone/calf_l/AngVelDirDeg": 87.36338424682617,
    "KeyBone/foot_l/GeoDeg": 13.867546081542969,
    "KeyBone/foot_l/AngVelMAE": 0.4109271466732025,
    "KeyBone/foot_l/AngVelMagMAE": 0.5092450678348541,
    "KeyBone/foot_l/AngVelMagRel": 0.46501798927783966,
    "KeyBone/foot_l/AngVelDirDeg": 89.98786544799805,
    "KeyBone/thigh_r/GeoDeg": 18.3743839263916,