{
  "epoch": 50,
  "tag": "valfree",
  "timestamp": "2025-11-04T21:20:06",
  "metrics": {
    "YawAbsDeg": 8.0772225856781,
    "RootVelMAE": 0.11711424216628075,
    "period_abs_mean": 0.7997382581233978,
    "period_abs_std": 0.2630245238542557,
    "GeoDeg": 12.357442855834961,
    "AngVelMAE": 0.1340746209025383,
    "AngVelMagRel": 0.45720626413822174,
    "Bone/pelvis/AngVelMagMAE": 0.17568256705999374,
    "Bone/pelvis/AngVelMAE": 0.1316888965666294,
    "Bone/Bip001/AngVelMagMAE": 1.6159393680936773e-06,
    "Bone/Bip001/AngVelMAE": 8.118189782635454e-07,
    "Bone/spine_01/AngVelMagMAE": 0.10507505759596825,
    "Bone/spine_01/AngVelMAE": 0.1030658558011055,
    "Bone/spine_02/AngVelMagMAE": 0.11028457060456276,
    "Bone/spine_02/AngVelMAE": 0.09394874051213264,
    "Bone/clavicle_l/AngVelMagMAE": 0.10155174322426319,
    "Bone/clavicle_l/AngVelMAE": 0.07726328819990158,
    "Bone/upperarm_l/AngVelMagMAE": 0.24611255526542664,
    "Bone/upperarm_l/AngVelMAE": 0.22736409306526184,
    "Bone/RUpArmTwist_l_01/AngVelMagMAE": 0.0928981564939022,
    "Bone/RUpArmTwist_l_01/AngVelMAE": 0.049322646111249924,
    "Bone/RUpArmTwist_l_02/AngVelMagMAE": 0.06231709010899067,
    "Bone/RUpArmTwist_l_02/AngVelMAE": 0.028862519189715385,
    "Bone/lowerarm_l/AngVelMagMAE": 0.3288648873567581,
    "Bone/lowerarm_l/AngVelMAE": 0.16314825415611267,
    "Bone/L_ForeTwist_01/AngVelMagMAE": 0.03128648828715086,
    "Bone/L_ForeTwist_01/AngVelMAE": 0.012141983956098557,
    "Bone/L_ForeTwist_02/AngVelMagMAE": 0.03575610090047121,
    "Bone/L_ForeTwist_02/AngVelMAE": 0.01305747451260686,
    "Bone/hand_l/AngVelMagMAE": 0.1510729044675827,
    "Bone/hand_l/AngVelMAE": 0.13104146346449852,
    "Bone/index_01_l/AngVelMagMAE": 0.09039190039038658,
    "Bone/index_01_l/AngVelMAE": 0.07445072755217552,
    "Bone/middle_01_l/AngVelMagMAE": 0.07779975980520248,
    "Bone/middle_01_l/AngVelMAE": 0.055783504620194435,
    "Bone/pinky_01_l/AngVelMagMAE": 0.7317676544189453,
    "Bone/pinky_01_l/AngVelMAE": 0.5147751569747925,
    "Bone/ring_01_l/AngVelMagMAE": 0.13644137978553772,
    "Bone/ring_01_l/AngVelMAE": 0.09973116591572762,
    "Bone/thumb_01_l/AngVelMagMAE": 0.43894779682159424,
    "Bone/thumb_01_l/AngVelMAE": 0.3366078585386276,
    "Bone/clavicle_r/AngVelMagMAE": 0.0681938249617815,
    "Bone/clavicle_r/AngVelMAE": 0.06315977685153484,
    "Bone/upperarm_r/AngVelMagMAE": 0.2657076418399811,
    "Bone/upperarm_r/AngVelMAE": 0.23185650259256363,
    "Bone/RUpArmTwist_r_01/AngVelMagMAE": 0.14271094650030136,
    "Bone/RUpArmTwist_r_01/AngVelMAE": 0.08231731504201889,
    "Bone/RUpArmTwist_r_02/AngVelMagMAE": 0.0803370326757431,
    "Bone/RUpArmTwist_r_02/AngVelMAE": 0.0453373808413744,
    "Bone/lowerarm_r/AngVelMagMAE": 0.2048742100596428,
    "Bone/lowerarm_r/AngVelMAE": 0.10550015419721603,
    "Bone/R_ForeTwist_01/AngVelMagMAE": 0.040212562307715416,
    "Bone/R_ForeTwist_01/AngVelMAE": 0.01862963754683733,
    "Bone/R_ForeTwist_02/AngVelMagMAE": 0.05056890472769737,
    "Bone/R_ForeTwist_02/AngVelMAE": 0.02118402160704136,
    "Bone/hand_r/AngVelMagMAE": 0.23070688545703888,
    "Bone/hand_r/AngVelMAE": 0.20023076981306076,
    "Bone/index_01_r/AngVelMagMAE": 0.08402904495596886,
    "Bone/index_01_r/AngVelMAE": 0.04866294376552105,
    "Bone/middle_01_r/AngVelMagMAE": 0.07292935624718666,
    "Bone/middle_01_r/AngVelMAE": 0.04190218821167946,
    "Bone/pinky_01_r/AngVelMagMAE": 0.25415077805519104,
    "Bone/pinky_01_r/AngVelMAE": 0.1423942707479,
    "Bone/ring_01_r/AngVelMagMAE": 0.0919804498553276,
    "Bone/ring_01_r/AngVelMAE": 0.05292411521077156,
    "Bone/thumb_01_r/AngVelMagMAE": 0.27832794189453125,
    "Bone/thumb_01_r/AngVelMAE": 0.1768975928425789,
    "Bone/neck_01/AngVelMagMAE": 0.09089760109782219,
    "Bone/neck_01/AngVelMAE": 0.08578704670071602,
    "Bone/head/AngVelMagMAE": 0.1359245777130127,
    "Bone/head/AngVelMAE": 0.10983416438102722,
    "Bone/thigh_l/AngVelMagMAE": 0.38298502564430237,
    "Bone/thigh_l/AngVelMAE": 0.31644168496131897,
    "Bone/calf_l/AngVelMagMAE": 0.6748889684677124,
    "Bone/calf_l/AngVelMAE": 0.260125532746315,
    "Bone/LCalfTwist_01/AngVelMagMAE": 0.06490910425782204,
    "Bone/LCalfTwist_01/AngVelMAE": 0.03175008296966553,
    "Bone/LCalfTwist_02/AngVelMagMAE": 0.0614973958581686,
    "Bone/LCalfTwist_02/AngVelMAE": 0.032668448984622955,
    "Bone/LCalfTwist_03/AngVelMagMAE": 0.0769328698515892,
    "Bone/LCalfTwist_03/AngVelMAE": 0.03584796190261841,
    "Bone/foot_l/AngVelMagMAE": 0.5752919316291809,
    "Bone/foot_l/AngVelMAE": 0.372770756483078,
    "Bone/ball_l/AngVelMagMAE": 0.3243226408958435,
    "Bone/ball_l/AngVelMAE": 0.18050257116556168,
    "Bone/thigh_r/AngVelMagMAE": 0.4271026849746704,
    "Bone/thigh_r/AngVelMAE": 0.33888162672519684,
    "Bone/calf_r/AngVelMagMAE": 0.6814093589782715,
    "Bone/calf_r/AngVelMAE": 0.29249927401542664,
    "Bone/RCalfTwist_01/AngVelMagMAE": 0.07077768072485924,
    "Bone/RCalfTwist_01/AngVelMAE": 0.03329412918537855,
    "Bone/RCalfTwist_02/AngVelMagMAE": 0.07264960557222366,
    "Bone/RCalfTwist_02/AngVelMAE": 0.03366696089506149,
    "Bone/RCalfTwist_03/AngVelMagMAE": 0.0862886793911457,
    "Bone/RCalfTwist_03/AngVelMAE": 0.036234475672245026,
    "Bone/foot_r/AngVelMagMAE": 0.6106351315975189,
    "Bone/foot_r/AngVelMAE": 0.3975507616996765,
    "Bone/ball_r/AngVelMagMAE": 0.5350785255432129,
    "Bone/ball_r/AngVelMAE": 0.26632606983184814,
    "KeyBone/upperarm_l/GeoDeg": 17.63847064971924,
    "KeyBone/upperarm_l/AngVelMAE": 0.22736409306526184,
    "KeyBone/upperarm_l/AngVelMagMAE": 0.24611255526542664,
    "KeyBone/upperarm_l/AngVelMagRel": 0.42926453053951263,
    "KeyBone/upperarm_l/AngVelDirDeg": 90.2585334777832,
    "KeyBone/lowerarm_l/GeoDeg": 11.886908531188965,
    "KeyBone/lowerarm_l/AngVelMAE": 0.16314825415611267,
    "KeyBone/lowerarm_l/AngVelMagMAE": 0.3288648873567581,
    "KeyBone/lowerarm_l/AngVelMagRel": 0.5830105841159821,
    "KeyBone/lowerarm_l/AngVelDirDeg": 89.35539245605469,
    "KeyBone/hand_l/GeoDeg": 11.082522869110107,
    "KeyBone/hand_l/AngVelMAE": 0.13104146346449852,
    "KeyBone/hand_l/AngVelMagMAE": 0.1510729044675827,
    "KeyBone/hand_l/AngVelMagRel": 0.2962017208337784,
    "KeyBone/hand_l/AngVelDirDeg": 90.14462280273438,
    "KeyBone/upperarm_r/GeoDeg": 15.698593616485596,
    "KeyBone/upperarm_r/AngVelMAE": 0.23185650259256363,
    "KeyBone/upperarm_r/AngVelMagMAE": 0.2657076418399811,
    "KeyBone/upperarm_r/AngVelMagRel": 0.405920147895813,
    "KeyBone/upperarm_r/AngVelDirDeg": 90.33496475219727,
    "KeyBone/lowerarm_r/GeoDeg": 13.111212253570557,
    "KeyBone/lowerarm_r/AngVelMAE": 0.10550015419721603,
    "KeyBone/lowerarm_r/AngVelMagMAE": 0.2048742100596428,
    "KeyBone/lowerarm_r/AngVelMagRel": 0.4788583964109421,
    "KeyBone/lowerarm_r/AngVelDirDeg": 88.35663986206055,
    "KeyBone/hand_r/GeoDeg": 15.686498165130615,
    "KeyBone/hand_r/AngVelMAE": 0.20023076981306076,
    "KeyBone/hand_r/AngVelMagMAE": 0.23070688545703888,
    "KeyBone/hand_r/AngVelMagRel": 0.3817048668861389,
    "KeyBone/hand_r/AngVelDirDeg": 88.68685913085938,
    "KeyBone/thigh_l/GeoDeg": 19.018199920654297,
    "KeyBone/thigh_l/AngVelMAE": 0.31644168496131897,
    "KeyBone/thigh_l/AngVelMagMAE": 0.38298502564430237,
    "KeyBone/thigh_l/AngVelMagRel": 0.49174492061138153,
    "KeyBone/thigh_l/AngVelDirDeg": 90.06338119506836,
    "KeyBone/calf_l/GeoDeg": 13.172321319580078,
    "KeyBone/calf_l/AngVelMAE": 0.260125532746315,
    "KeyBone/calf_l/AngVelMagMAE": 0.6748889684677124,
    "KeyBone/calf_l/AngVelMagRel": 0.7902992963790894,
    "KeyBone/calf_l/AngVelDirDeg": 90.49258804321289,
    "KeyBone/foot_l/GeoDeg": 14.17064094543457,
    "KeyBone/foot_l/AngVelMAE": 0.372770756483078,
    "KeyBone/foot_l/AngVelMagMAE": 0.5752919316291809,
    "KeyBone/foot_l/AngVelMagRel": 0.6325101852416992,
    "KeyBone/foot_l/AngVelDirDeg": 90.18732452392578,
    "KeyBone/thigh_r/GeoDeg": 18.900734901428223,